y_true,probability,prediction
1,0.6413958331731114,1
0,0.06101268060627572,0
0,0.06960255039413714,0
0,0.2844030794455656,0
1,0.8556329994180728,1
1,0.6998302853198655,1
0,0.021441901864576608,0
0,0.1301383064400539,0
0,0.14641029461236602,0
1,0.9849991546803142,1
1,0.9939987501373932,1
1,0.4974070327036669,0
0,0.04842194409060759,0
1,0.9941612862497271,1
0,0.07730199029740722,0
0,0.5689467046147801,1
0,0.011045143073583499,0
0,0.11783286222624456,0
1,0.5405326697664917,1
0,0.1628492432529994,0
0,0.61098640283815,1
1,0.6514774988144285,1
0,0.8679380400810398,1
1,0.5431514431502493,1
1,0.5329541944478886,1
0,0.5867778337308414,1
0,0.006260786624566956,0
1,0.9677303606088977,1
0,0.45699197313984663,0
0,0.7345493341583881,1
1,0.8818840197232125,1
0,0.04061029539828476,0
0,0.454203736846476,0
0,0.4835216156668143,0
0,0.1846488245623293,0
0,0.411382975646293,0
0,0.047027216690956275,0
1,0.7100274752545475,1
0,0.16549911044398746,0
0,0.5603417322398282,1
0,0.0005496533044477354,0
0,0.04523435721840092,0
0,0.34638134994272124,0
1,0.9846704905213501,1
0,0.027271115375059884,0
0,0.637486794750733,1
0,0.0717408347665697,0
0,0.0016444857703881227,0
0,0.053821641266412215,0
0,0.2599206828766148,0
0,0.2592582574472741,0
1,0.6446414338380974,1
0,0.021993109632331496,0
0,0.39537380678385325,0
1,0.8448525627911183,1
0,0.08325564537460335,0
0,0.09277531870043741,0
1,0.8511963549399638,1
0,0.45037517500855234,0
0,0.10226321110204406,0
0,0.4147581723236891,0
1,0.5723685206451669,1
1,0.9494967432045313,1
0,0.003907481277439941,0
0,0.048843125055162966,0
0,0.35602724701219174,0
0,0.15609747248257516,0
1,0.7643244721561182,1
0,0.2588666170792702,0
0,0.11333703073235753,0
1,0.1009253221267402,0
0,0.17840073479752774,0
0,0.6974916197780692,1
0,0.21285055012377174,0
0,0.30924280935190485,0
1,0.8914737901140184,1
0,0.3719168282669258,0
0,0.0005289422674947187,0
1,0.9774930655089356,1
1,0.4405009069201238,0
0,0.06103877652568349,0
0,0.06868799168546577,0
0,0.22348077261677446,0
0,0.35502275597278404,0
0,0.10668872239017829,0
0,0.05857064334584866,0
0,0.5038599096863483,1
0,0.07712774396315038,0
0,0.012729521029732486,0
0,0.5928024838050753,1
0,0.841985940888216,1
0,0.010932408873681658,0
0,0.5481426111858417,1
0,0.4133790089820949,0
0,0.008398851186199955,0
1,0.9916051753271635,1
1,0.6715159609478953,1
1,0.6359045203021247,1
0,0.6878946103190354,1
1,0.9922442629222704,1
0,0.5439424011369512,1
0,0.43412647438713786,0
1,0.9002727634014578,1
0,0.00593345331659968,0
1,0.9236863037930079,1
0,0.009730336394888623,0
1,0.9749798626356257,1
1,0.9384628241349537,1
1,0.3060197919406606,0
0,0.7347397580525867,1
1,0.8917176250964484,1
0,0.031328369354770694,0
0,0.00037591521860500394,0
0,0.14721654212964283,0
0,0.0067616378836307675,0
1,0.06296116991270934,0
1,0.8495913812506644,1
0,0.0009918700921668145,0
0,0.0006421659030131815,0
0,0.017682167879004663,0
0,0.24921455314276797,0
0,0.1968899477656855,0
1,0.7039996497190699,1
0,0.5630920389860733,1
0,0.5919855377838805,1
0,0.010585173962208691,0
0,0.3151764534988635,0
0,0.036028703335345344,0
0,0.1386626904565869,0
0,0.5503031049190525,1
0,0.0039821724225884755,0
1,0.8927692787866451,1
0,0.03467156805733403,0
0,0.30935118326366456,0
1,0.3274466152868287,0
0,0.04272535975983978,0
0,0.7166483402586098,1
0,0.22463259746012273,0
0,0.0015963459226157946,0
0,0.24269507377205127,0
0,0.14134311023522114,0
0,0.3623089957740561,0
0,0.1466346926530526,0
0,0.7052742680894089,1
1,0.6912336319875445,1
0,0.01388359120957736,0
1,0.15239035131620535,0
0,0.008675033908222236,0
0,0.10245883045691905,0
0,0.01375688729719289,0
0,0.3800717898199116,0
0,0.02228960144939927,0
0,0.5926754319555934,1
1,0.873905431033611,1
0,0.262968145217753,0
0,0.7471407473364562,1
0,0.6894318082580483,1
1,0.8722707063914548,1
0,0.41161948727381686,0
0,0.0005252481564280649,0
1,0.780266003897371,1
0,0.7762404835352031,1
0,0.00011208545097150723,0
0,0.5453887107415926,1
0,0.25093415606233205,0
0,0.042935312630640654,0
0,0.026699445337916117,0
1,0.949721389817089,1
0,0.012719239508579849,0
0,0.22870985672061092,0
0,0.34285630736833933,0
0,0.07532245247896409,0
0,0.01903410212117722,0
1,0.7442004535249901,1
1,0.850241927299264,1
1,0.9753864286471181,1
0,0.017882344040507217,0
0,0.018221441906484285,0
0,0.02869883432844442,0
0,0.16501209015349574,0
0,0.6273606491294003,1
0,0.008341242036999713,0
0,0.6003318881896565,1
0,0.4572450007711686,0
1,0.9201613076091786,1
1,0.6979537152512285,1
0,0.00019076709969029982,0
0,0.04200411897162688,0
0,0.011597504303200083,0
0,0.06803014316470743,0
0,0.5412273927619422,1
1,0.7743080774153331,1
0,0.06063563494256652,0
0,0.23973574655479524,0
0,0.00027213932342078014,0
1,0.973362525344514,1
0,0.03658332625452182,0
1,0.7062899843716034,1
0,0.18816278374470494,0
0,0.0861652378552458,0
1,0.3028391559282296,0
0,0.5848353534711206,1
0,0.23703389861029966,0
0,0.7802436616674702,1
0,0.5804509804316783,1
0,0.08909634057455089,0
0,0.4504144616099748,0
0,0.08483188977621488,0
0,0.01993612006493804,0
0,0.06727345177084637,0
0,0.0013155233963956924,0
0,0.5475962703947859,1
1,0.5167622989731205,1
1,0.4522182002483534,0
0,0.14318895798953615,0
0,0.15891317659966356,0
0,0.5108077450160319,1
1,0.9901960663475088,1
0,0.7450739075956995,1
0,0.40860251558532845,0
0,0.44071934816607267,0
0,0.03208124591770962,0
1,0.4269363964959347,0
1,0.827646894614351,1
0,0.05091513047750735,0
0,0.505511946978024,1
1,0.9216248614629613,1
0,0.1454592388638253,0
0,0.010865278246843928,0
1,0.7832989103126161,1
1,0.6352912606280665,1
0,0.6619487068498169,1
0,0.0006987881710023882,0
1,0.3430382670807354,0
0,0.11168380183631031,0
0,0.21270597322764065,0
0,0.036689082173584776,0
0,0.37344874170452136,0
0,0.24363091269744222,0
1,0.8887013154176141,1
0,0.21074858140644254,0
0,0.6047479464803528,1
0,0.25352751694754044,0
0,0.029910491074763474,0
0,0.30671165600173134,0
1,0.7983361725150385,1
0,0.6698881084529794,1
0,0.012779178036320888,0
0,0.42519652274454006,0
0,0.013884478119141654,0
0,0.005961952979429122,0
0,0.01468115703558337,0
0,0.399391415694704,0
1,0.6685103522888728,1
0,0.49255501986480654,0
1,0.6242597010813672,1
1,0.9952744757269403,1
0,0.4106198230553406,0
1,0.8584381522903247,1
0,0.05055970844133892,0
0,0.36701933504671885,0
1,0.780731118630786,1
0,0.0003414189267840142,0
0,0.017826704127246233,0
1,0.6948344169462719,1
1,0.9835627867876396,1
0,0.24703997898640423,0
1,0.9325570597504973,1
0,0.7107491720979603,1
1,0.42670364723985094,0
1,0.8209728821837,1
0,0.06525537061885306,0
0,0.38843482668717544,0
0,0.009804324510492155,0
0,0.002336087740908252,0
0,0.21492219702648607,0
0,0.5665175124959587,1
0,0.48556883258959516,0
0,0.07620114474631351,0
1,0.7767354597951627,1
0,0.20884988989091302,0
0,0.0040246992304635585,0
1,0.8832235264995298,1
0,0.09679585072580438,0
0,0.015189737243113611,0
0,0.36613777235790773,0
1,0.9827251732784498,1
0,0.6499754933745042,1
0,0.0922680311924684,0
0,0.3928422011479238,0
0,0.025959779141594863,0
0,0.10164121990195477,0
1,0.9800902445496484,1
1,0.9844351135115077,1
1,0.46363347929146337,0
0,0.21843319542193876,0
0,0.024023042467169936,0
0,0.14176613968312302,0
0,0.009878589638797142,0
0,0.33210679185302094,0
0,0.11073264890470952,0
0,0.3024563231479681,0
0,0.08566080846228331,0
0,0.21315510524808018,0
0,0.056887779231358473,0
0,0.20485780359489988,0
0,0.000809090290398301,0
0,0.009312638910358047,0
1,0.9907086289876416,1
0,0.04301982650539177,0
0,0.48331775739376126,0
1,0.9905237391295486,1
0,0.007556489289170902,0
0,0.06975036432523028,0
1,0.8698414043547056,1
1,0.49429014098383106,0
0,0.47008945225797355,0
1,0.8436786512901683,1
0,0.33620735678956476,0
0,0.6301065551580985,1
0,0.4038466124495075,0
1,0.7888576809734897,1
0,0.21686956715487313,0
1,0.5499298854990007,1
0,0.16797567727293267,0
0,0.0045733196466043345,0
0,0.013347632402582178,0
0,0.021535338928495816,0
0,0.2755749912692102,0
0,0.0228424121063156,0
0,0.10142711765156395,0
1,0.9940674367618398,1
0,0.042435735172704124,0
0,0.40838534516376457,0
0,0.0011259399827086426,0
0,0.34253225871869686,0
0,0.5522001395060963,1
0,0.00016453170056588947,0
0,0.4952708050547313,0
0,0.08011710297074258,0
0,0.7481821735942495,1
0,0.507964811000312,1
0,0.03597189971143235,0
0,0.03096930602104391,0
0,0.4985092002313187,0
0,0.12897835308118596,0
1,0.7154382352750285,1
1,0.24969975609338207,0
0,0.005724008785528985,0
1,0.40122742852597376,0
0,0.3566039142013177,0
0,0.6191502092175636,1
0,0.19467454094011905,0
0,0.466838160165571,0
0,0.06758180884395193,0
0,0.07330600712820035,0
1,0.9322543659051443,1
0,0.11768407322531442,0
0,0.2940113708039714,0
1,0.10351192272721636,0
0,0.17349133423147794,0
0,0.14503245271301712,0
0,0.07223063348011807,0
0,0.015907705211098237,0
0,0.005357182562167088,0
0,0.3332983039787899,0
1,0.7971366633457376,1
1,0.9956428744587363,1
1,0.9483984371042637,1
0,0.2619595321196924,0
0,0.037067203111483746,0
0,0.3027349823532898,0
1,0.6470580983594028,1
0,0.01033204609956455,0
0,0.86119702858693,1
0,0.6096279778518342,1
0,0.019678036697581253,0
1,0.86241231150843,1
0,0.16627420399926715,0
0,0.021173671595265557,0
0,0.07305033433575056,0
0,0.006207251994905711,0
0,0.4099329967230239,0
0,0.12527413017204117,0
0,0.38790688934247136,0
0,0.04338018099405637,0
0,0.4070608823992909,0
0,0.041820154531752356,0
0,0.6191250982981448,1
0,0.7548633244762887,1
0,0.25802619912623087,0
0,0.008061766625898826,0
0,0.728343239711617,1
0,0.010177746205423275,0
0,0.015504734672726311,0
1,0.8239985498203282,1
0,0.006696530685304053,0
0,0.010389202571756607,0
0,0.4646370832287385,0
1,0.9935843479916044,1
0,0.02377337084240787,0
0,0.8739055506409739,1
0,0.7912403069045196,1
0,0.10998632448082275,0
0,0.6349086180487581,1
0,0.014124499386661,0
1,0.8369416803850587,1
0,0.0005759012133918932,0
0,0.011783336233495428,0
1,0.7270329311739084,1
0,0.014508344108115061,0
1,0.9387509064487675,1
1,0.5228608999821222,1
0,0.034051729317900126,0
0,0.8156249496911979,1
1,0.638258450027393,1
0,0.12266196299725256,0
0,0.016708512055062685,0
0,0.577661593199846,1
0,0.0019557163007959386,0
0,0.26154715859152605,0
0,0.6689054507801686,1
0,0.12913767830644735,0
1,0.9781025501019985,1
0,0.016550653132704665,0
0,0.29929566278714587,0
1,0.7077118746385683,1
0,0.007205111475735896,0
0,0.11254119134929837,0
0,0.030428134963642037,0
0,0.011373393679224575,0
1,0.9840770871264861,1
1,0.2563774087940382,0
0,0.2899753104586867,0
0,0.013964540605451268,0
1,0.6371771883153838,1
0,0.048244874279142015,0
0,0.00027213932342078014,0
0,0.1579804693161029,0
0,0.7794233728157882,1
0,0.03630928665920241,0
0,0.007360125118491137,0
0,0.533136195894147,1
0,0.00668369955918822,0
1,0.27489945070493255,0
0,0.011356319668939118,0
0,0.3486548962131016,0
0,0.15465582411113674,0
1,0.9841864368979052,1
0,0.4247191794278991,0
1,0.6197020338354837,1
0,0.13595908573074383,0
0,0.016643037037245095,0
1,0.9033369182098994,1
0,0.2570335569073007,0
0,0.270673658489542,0
0,0.2396397047905222,0
0,0.0031291620566575285,0
0,0.22880716624594405,0
0,0.03613598842772534,0
0,0.046599510851722495,0
1,0.8791064295084858,1
0,0.03216294578313159,0
0,0.29778459819595887,0
0,0.1657576055567923,0
0,0.09231851062696846,0
0,0.17235727105836776,0
0,0.3429409883869879,0
0,0.5230173034892747,1
0,0.0029611515975635247,0
0,0.35190158489335716,0
0,0.34100786563546837,0
0,0.004616077100198901,0
0,0.1258709874182744,0
0,0.16172763611577398,0
0,0.07706407317582227,0
0,0.7186454023188467,1
1,0.8774805575830255,1
0,0.6987020593983164,1
1,0.6097029089230019,1
0,0.46540165415643553,0
0,0.15125620501972578,0
0,0.5313253532478456,1
1,0.9788244577291365,1
0,0.305432247722277,0
1,0.9786387075723895,1
0,0.5552015008032554,1
0,0.09027649240386944,0
0,0.022751879802455983,0
0,0.20019985834113002,0
0,0.20404782421715148,0
0,0.5768195315527886,1
0,0.015076110785588365,0
1,0.6391714775380495,1
0,0.30999140362646316,0
0,0.02756550778424539,0
0,0.02008159570843601,0
0,0.5660125450461899,1
0,0.010279155682569093,0
0,0.11404744118884994,0
0,0.08758923675066602,0
0,0.7143105277130181,1
1,0.34799397191098713,0
0,0.3304228287871807,0
0,0.023763119749621173,0
0,0.47071245104382875,0
0,0.0055251261378287155,0
0,0.3841264899615757,0
1,0.9909724774439913,1
0,0.017920545793343134,0
0,0.03970797847467282,0
0,0.27348442260368466,0
1,0.7438589292375394,1
0,0.18581154108717843,0
0,0.012121746665466782,0
0,0.7667834312950976,1
0,0.1638074956910991,0
0,0.6930350086557343,1
0,0.0036940219418453084,0
1,0.10513787880297513,0
0,0.09002203999091367,0
0,0.47560351956397606,0
0,0.7748853235423371,1
1,0.9951811674953048,1
1,0.6154947499974671,1
0,0.00029916157560717086,0
1,0.8643739360392417,1
0,0.7785828294993056,1
0,0.18338092700488245,0
0,0.07951578710280068,0
0,0.01655106114221143,0
0,0.07717092201190491,0
1,0.8496994073562449,1
0,0.26026003306697165,0
0,0.009384957452293093,0
1,0.7510022190614133,1
0,0.8524210289335944,1
1,0.6315631702650665,1
0,0.5047109227257223,1
0,0.088987008405739,0
0,0.15104190063065503,0
0,0.25061422828515023,0
0,0.011290450070358855,0
1,0.759781103039224,1
0,0.0018466194747923182,0
0,0.10723361400494087,0
0,0.5452931750383779,1
0,0.10371148897518442,0
0,0.6167685986790792,1
0,0.23433968142358366,0
0,0.675814106015849,1
0,0.34465540312918985,0
1,0.9085800282574806,1
1,0.10963754345709305,0
1,0.5893523346077022,1
0,0.007419402931795709,0
1,0.7689454101117348,1
0,0.5309282505075316,1
0,0.23992407400240742,0
0,0.17329374688996735,0
0,0.49675589950239574,0
1,0.9251533442093082,1
0,0.01006742301864274,0
0,0.4486788047970046,0
0,0.033664027947798505,0
0,0.5469574190559467,1
1,0.7998929242249156,1
0,0.14227184753020045,0
1,0.5875817631248531,1
0,0.026675424922968732,0
0,0.6699174696548532,1
0,0.01354030587267674,0
1,0.3689330887962995,0
0,0.40751400303267926,0
1,0.8770506584184974,1
0,0.033522007770522035,0
0,0.023355778719962583,0
0,0.06412952571251741,0
1,0.8670048825528158,1
0,0.034037618539713856,0
0,0.4619634882226878,0
0,0.05127124532366016,0
0,0.507324241491121,1
0,0.0013671438137071402,0
0,0.0614729347982466,0
0,0.3060426453235584,0
0,0.14459607752028372,0
0,0.015467171723056606,0
0,0.006380209149090211,0
0,0.2952526540446402,0
0,0.47418191998522263,0
1,0.7772942003451846,1
0,0.18085249537299178,0
0,0.10958898318474977,0
0,0.05869472480282801,0
0,0.04912752786061972,0
0,0.17788509662161694,0
0,0.009663250074703249,0
1,0.81545518530157,1
0,0.0038007560931011867,0
1,0.7438080460847718,1
0,0.3598940164284274,0
1,0.8317121011771323,1
0,0.6838842856082656,1
0,0.17877122454122804,0
1,0.5131359098528493,1
0,0.002516530481448268,0
0,0.6546097805909067,1
0,0.008848552442040443,0
0,0.011163299648675356,0
0,0.6233743489959304,1
0,0.012815998795430574,0
1,0.9615888017981736,1
0,0.35382306816121484,0
0,0.04664169774626391,0
0,0.49241481147814387,0
1,0.9190828463369074,1
0,0.40808080801456054,0
0,0.17929970525513791,0
0,0.001920692090892389,0
1,0.722144825861097,1
0,0.014374249667298718,0
0,0.7716143708955864,1
1,0.19838670837555678,0
0,0.33222053918488487,0
0,0.1698086469448454,0
1,0.9724367754818678,1
1,0.8518169095734538,1
0,0.10463559574476967,0
0,0.06172164718682491,0
0,0.1299194719933534,0
0,0.251448193717045,0
0,0.17955290510825253,0
1,0.19264132402828119,0
1,0.5389218761797477,1
0,0.10965943379013474,0
0,0.3692671666288955,0
0,0.7880690039432844,1
0,0.11256745865521793,0
0,0.2611831359033236,0
0,0.1577837198560077,0
0,0.0006603454974283015,0
1,0.7422582720322333,1
1,0.20354543759173005,0
0,0.005499792403419373,0
0,0.0024829533465490937,0
0,0.5746000332569617,1
0,0.1280550514564427,0
0,0.18620716860414419,0
0,0.21539112013777692,0
0,0.0005693827022632486,0
0,0.1393697179544376,0
1,0.7773833260604388,1
1,0.9169085303351392,1
0,0.00012720446103947514,0
0,0.0028052410045943566,0
0,0.020740796091869823,0
0,0.0009992718259102665,0
1,0.699808722337891,1
0,0.21315893553212406,0
1,0.994169219364612,1
0,0.13825128344417856,0
0,0.20072933930108483,0
1,0.9056169284312671,1
0,0.3797846940919821,0
0,0.009072163683498568,0
1,0.8701771447529733,1
0,0.0166382445920549,0
1,0.7570364400573362,1
0,0.10764926024584463,0
0,0.4968587020655942,0
1,0.6707392542476939,1
1,0.9638659631914239,1
0,0.0008134539418970361,0
1,0.7474882653164379,1
0,0.0012545373851534298,0
0,0.26367784900547725,0
1,0.8200120733599748,1
0,0.005470582598405404,0
0,0.5341269427118941,1
0,0.7472485182589144,1
0,0.05654236687464684,0
0,0.021525032638351836,0
0,0.09539425073877003,0
0,0.05365602479640059,0
0,0.3609456040597387,0
1,0.9706582909917006,1
0,0.03270859895497105,0
1,0.9000424314158352,1
1,0.64564055750039,1
0,0.13670280675013374,0
1,0.5268263503270841,1
0,0.5566711144921932,1
0,0.019737355611865365,0
0,0.4861724267530595,0
0,0.11364489016402565,0
0,0.1897831518716227,0
0,0.2669530291207235,0
0,0.08164882353843585,0
1,0.8360149667691151,1
0,0.7618841423751233,1
1,0.9171668982525386,1
0,0.21163507247689267,0
1,0.7942386632132646,1
0,0.7337390581030964,1
1,0.9485001837762401,1
0,0.07023091421413886,0
0,0.012849012696530823,0
1,0.7057584091165416,1
1,0.9261873779760411,1
0,0.0003256797382290171,0
1,0.8926475467339022,1
1,0.8598642022297033,1
0,9.267420907120254e-05,0
0,0.18089499789488847,0
0,0.19544567629591764,0
0,0.0004507796476919675,0
1,0.9750546914360269,1
0,0.04746504929976409,0
0,0.009129539036309206,0
1,0.8837823974869056,1
0,0.14595150574540763,0
0,0.14952343921887545,0
0,0.15318064430087192,0
0,0.18427610120285767,0
0,0.04614767598287344,0
0,0.3669741571864108,0
0,0.257566693921014,0
0,0.0005544548432446244,0
0,0.8040402624129921,1
1,0.8942562767936194,1
0,0.566938044440286,1
0,0.0705078467592392,0
0,0.05282052172292735,0
1,0.5899742354054405,1
0,0.16266963411338506,0
0,0.06419982970140647,0
0,0.03916137857273281,0
0,0.018575701484416167,0
0,0.43245454516830184,0
1,0.7931828953500539,1
0,0.048803051424587934,0
0,0.05591053789469355,0
0,0.04632309410699482,0
1,0.8866539435132332,1
0,0.7326297200901647,1
0,0.12735327955091758,0
0,0.023150062291258558,0
0,0.3298038104576699,0
0,0.49055588471671396,0
0,0.0023888809393151234,0
0,0.06787758908248043,0
0,0.6614119940671809,1
0,0.20106054111753932,0
0,0.002866492551228415,0
1,0.5309429451159415,1
0,0.49627687832274003,0
0,0.15468427902196244,0
1,0.8420019226441535,1
0,0.3820857925251327,0
0,0.044617074496596035,0
0,0.6410438419056693,1
0,0.0026598819421910975,0
0,0.09348535827356352,0
0,0.4801673814805436,0
0,0.02258632418614388,0
0,0.19943901997589722,0
0,0.11095035254932743,0
0,0.6103577296041446,1
0,0.46242548431241765,0
0,0.02751493490447986,0
1,0.9375730895511861,1
0,0.13475045294515003,0
1,0.7931208067025758,1
0,0.20634885162582794,0
1,0.5998402198078122,1
0,0.39657391269806613,0
0,0.5866735981042223,1
0,0.043990509380659557,0
1,0.6270723585075139,1
0,0.12206556178710268,0
0,0.004508841683918787,0
1,0.9895231452554767,1
0,0.7782766414836138,1
0,0.14288042935530978,0
0,0.10315137191701103,0
0,0.1075827843847699,0
1,0.9657049072571842,1
0,0.6419567650072822,1
0,0.6406062112352751,1
1,0.6897330831349912,1
0,0.012579458926129857,0
0,0.9221288098344669,1
0,0.10136642828023736,0
1,0.8713392045248368,1
0,0.6333690726887161,1
0,0.3696411440817193,0
0,0.15077143463722817,0
0,0.0007029868474530078,0
0,0.6378512373186368,1
0,0.017802453040090167,0
0,0.013400505874206164,0
0,0.06278064822987274,0
0,0.027272813857390124,0
0,0.7654286256312681,1
0,0.9016945642743991,1
0,0.04432729408496587,0
0,0.07622451855108733,0
1,0.4403501372964329,0
1,0.9155707090851022,1
0,0.7011078123010315,1
0,0.014108960038761349,0
0,0.07848443033346479,0
0,0.9313023569107969,1
0,0.03692874652245676,0
0,0.062000875164611245,0
0,0.4300639477199249,0
1,0.9721471497692998,1
0,0.1019894850567174,0
0,0.035445043894897894,0
0,0.26038953764224826,0
1,0.7557545082086176,1
1,0.7058738810335528,1
0,0.07278549848265227,0
0,0.07550669647337437,0
0,0.012966476982086177,0
0,0.00013854557386762782,0
0,0.012357099556553291,0
0,0.002100918290509736,0
0,0.383114761054802,0
0,0.1274615476938267,0
0,0.41342250897314176,0
0,0.29982567776396785,0
0,0.008041145833867573,0
0,0.11057298996356306,0
0,0.15478783957356257,0
1,0.9400479212858079,1
1,0.5169701530063657,1
0,0.06572281021707346,0
0,0.5639911105600552,1
0,0.0006403735948682241,0
0,0.5201415687375014,1
0,0.0019030038796332095,0
1,0.35707337909133374,0
0,0.12316088771382522,0
0,0.8059031613876162,1
1,0.9105573436099267,1
1,0.9879860906682771,1
0,0.1827651788538113,0
0,0.3766634934484981,0
0,0.0022086908606990174,0
1,0.4890963208487315,0
0,0.019555985854520726,0
0,0.058643700484087444,0
0,0.8004051725800567,1
0,0.005206481817520619,0
0,0.28943206181762077,0
0,0.04019344496197159,0
0,0.08170777214516,0
1,0.8954233260745635,1
0,0.11104377446221982,0
0,0.10246151090106624,0
1,0.9793478044683074,1
0,0.006261331649977893,0
0,0.018352715687581275,0
0,0.16348006514770863,0
0,0.021228253112242804,0
0,0.19240311897766327,0
0,0.5622925198016454,1
1,0.4187346713048351,0
0,0.1454812242180049,0
0,0.21091075991575964,0
1,0.8467346179673577,1
1,0.6650769095641069,1
0,0.015635242660635897,0
0,0.07609669181584304,0
0,0.5122376013346327,1
1,0.8951267980881262,1
0,0.6294437668885444,1
0,0.4098806741591421,0
0,0.8513903758312555,1
0,0.16176053881306954,0
0,0.251343460944914,0
0,0.012352848294392543,0
1,0.09322321653898391,0
0,0.5185906461450924,1
0,0.08665133531952618,0
0,0.004471500460361654,0
0,0.0012708948934163106,0
0,0.49071714716217285,0
0,0.012635620186160056,0
0,0.3912716939917739,0
0,0.6616541047798463,1
0,0.16825344024489536,0
0,0.007363245899752619,0
0,0.0313535620872275,0
1,0.6875794764932684,1
0,0.03575817568652762,0
1,0.5569445925521451,1
1,0.7837943150802628,1
1,0.9439972097466273,1
0,0.0021807665201503926,0
0,0.08437232269985488,0
0,0.3952603632156026,0
1,0.8283845796062275,1
0,0.05536400829852884,0
1,0.4707244594726055,0
0,0.04285763514883616,0
1,0.6736984434066831,1
1,0.7736637253792085,1
1,0.3847896859930238,0
1,0.7769887678039715,1
0,0.007098903876528331,0
1,0.7991405289751845,1
0,0.13484454835393234,0
1,0.4274406981687699,0
0,0.1801812083143689,0
0,0.651364551089206,1
0,0.01537169414054989,0
0,0.8636745297108428,1
0,0.023526396975464083,0
0,0.6518505551600573,1
0,0.19237722121684883,0
0,0.5929470518113461,1
1,0.7869779321935237,1
0,0.06466493402872613,0
0,0.009805574127363678,0
0,0.1349918960431328,0
0,0.939845945903063,1
0,0.5023034254895496,1
0,0.18585419757556476,0
0,0.007747936077463285,0
1,0.9698065560407692,1
0,0.026012215738446153,0
0,0.17688549068211096,0
0,0.02018251125611134,0
0,0.46769269742709807,0
1,0.975928700080424,1
0,0.49274182895146085,0
0,0.19734411036051994,0
1,0.9620535843973753,1
0,0.5503910291080497,1
0,0.8138290861912265,1
0,0.0012098527400325322,0
0,0.002039933891433504,0
0,0.5420236048031655,1
0,0.0015358125222590339,0
1,0.731544206066088,1
0,0.26993013185509007,0
0,0.018425874930421707,0
0,0.11944183598982783,0
1,0.8757810343401695,1
0,0.15296236532032098,0
0,0.12013512538029705,0
1,0.859663090111373,1
0,0.09754559811998598,0
0,0.044875593802341,0
0,0.002300376568905991,0
0,0.07244709820322359,0
1,0.6562807631538722,1
0,0.11397110123820076,0
0,0.0059474283181257,0
1,0.9066414509223101,1
1,0.8195758903942699,1
0,0.023981129747325934,0
1,0.8966722568640216,1
0,0.32116113868719953,0
1,0.4500463239788096,0
0,0.09043391693823558,0
0,0.34637803031531145,0
0,0.5249927791459108,1
0,0.5370176858408401,1
0,0.49138056828192284,0
0,0.5688639234024215,1
0,0.0015185734515064742,0
1,0.9794783897941944,1
0,0.0025573205358405205,0
0,0.09464816067464847,0
0,0.8183495901482875,1
0,0.046634545918823815,0
1,0.3000867216537753,0
0,0.048082104393292614,0
1,0.2990639769313054,0
0,9.267420907120254e-05,0
0,0.13098416485962414,0
0,0.313604773062918,0
0,0.0914223493272086,0
0,0.008662269682683736,0
0,0.43570777238379493,0
0,0.0012465745564705663,0
1,0.7826301292091766,1
0,0.3292442979259771,0
0,0.18385515745138414,0
0,0.41170666874323,0
1,0.878401047328849,1
1,0.9073377224623497,1
0,0.00014500834628200328,0
1,0.9954774126752282,1
0,0.1427929564297718,0
1,0.8238225047831204,1
1,0.8680376884157052,1
0,0.002799089919201456,0
0,0.2156450545448528,0
0,0.043103023944318315,0
0,0.6621386112618792,1
0,0.02139289478246772,0
1,0.7771759472821919,1
0,0.49626740391976276,0
1,0.5883010418130095,1
1,0.7959604631133609,1
0,0.2852008592400743,0
1,0.6408507922118297,1
0,0.004100684843492055,0
0,0.6536977974702556,1
0,0.19917306214155184,0
0,0.8237709453859772,1
1,0.6937414769603152,1
0,0.10221360975668088,0
0,0.00838142546693693,0
1,0.865399827246952,1
0,0.011119223062372782,0
1,0.42523840068008906,0
0,0.5821866076165501,1
1,0.9914662776341652,1
0,0.003082317657322073,0
1,0.9077870969377603,1
0,0.05069342206171833,0
0,0.014670852338075312,0
0,0.029710769706858625,0
0,0.4526571570772871,0
1,0.6543216128627098,1
0,0.34481999753641146,0
0,0.003920903063391004,0
0,0.003172162682624596,0
0,0.001474347859533789,0
1,0.74298453030152,1
0,0.007614590561762288,0
0,0.01913914279410115,0
0,0.005594377584089278,0
0,0.001936819557940684,0
0,0.5684950209842637,1
1,0.4116447506436094,0
0,0.04663757124037065,0
0,0.02938485767166531,0
0,0.5849156682984176,1
0,0.5600939718487472,1
0,0.09400492732819511,0
0,0.0010482634641977696,0
0,0.15586368455287355,0
1,0.8633857403005091,1
0,0.21072852608458922,0
0,0.07927115079115998,0
0,0.009528737266491007,0
1,0.7985528485338154,1
0,0.3517925385109134,0
0,0.00028943678651188325,0
0,0.3240711126291346,0
0,0.00023039740421438188,0
0,0.19268723572287824,0
1,0.6295007716187478,1
1,0.9491118566730542,1
0,0.5738807148702831,1
0,0.883451243581911,1
1,0.9848092915274428,1
0,0.029099794249852155,0
0,0.00012206993693301601,0
1,0.6320164760336919,1
0,0.14542632804499428,0
0,0.004083302433631947,0
1,0.938474550081082,1
0,0.34265149488661345,0
0,0.00891326485236059,0
1,0.5356433256576605,1
0,0.07622652333911369,0
0,0.02804251032326387,0
1,0.9574046889563917,1
0,0.01169667973853234,0
0,0.014958993955629062,0
0,0.0041172263422639905,0
0,0.04568261246409088,0
0,0.017130187184244666,0
1,0.9155461964460097,1
0,0.016930194839945262,0
0,0.001779512628664944,0
1,0.9398990348814686,1
0,0.031548724860582876,0
0,0.11009848219304769,0
0,0.534386303048642,1
0,0.010676063492670694,0
0,0.4252344769195123,0
0,0.004284438580461534,0
0,0.0022405779525277174,0
0,0.4793468928072421,0
0,0.042125769944895225,0
1,0.9853385504252423,1
0,0.07178210814860612,0
0,0.6942736479260481,1
0,0.2873039654430679,0
0,0.35493713397562665,0
0,0.6696194724948857,1
1,0.7479633134549022,1
0,0.048114885442229326,0
1,0.6870671827375496,1
0,0.3665354871359559,0
1,0.8219315342966081,1
0,0.11328382035818514,0
0,0.007514098416941096,0
0,0.1610837508086595,0
0,0.27331411981108533,0
0,0.038404008934573027,0
0,0.21409200621744182,0
0,0.31164552691450725,0
0,0.8871446334739991,1
1,0.7005740441917535,1
0,0.5717388747361615,1
1,0.8956619846110329,1
0,0.030885268769785826,0
0,0.1725346346126266,0
0,0.0848191042663056,0
0,0.14644390669506976,0
0,0.5229169118117748,1
0,0.05644309786293781,0
0,0.6930288152863927,1
0,0.38605975881761023,0
0,0.06536950966323453,0
0,0.2344250628484519,0
0,0.004469478038003811,0
0,0.014126595905541918,0
0,0.022393911800266328,0
0,0.408524865145169,0
0,0.6071867737165988,1
0,0.6949222047061763,1
0,0.00014470085676887863,0
0,0.5396728093370753,1
0,0.011833118269600809,0
1,0.6473705246774907,1
1,0.814955179393309,1
1,0.9510575331626906,1
1,0.8716856248283885,1
0,0.10452802163021231,0
0,0.15739775917586699,0
1,0.45812036558743907,0
0,0.49956890965428397,0
0,0.03740050763465592,0
0,0.1747649007127329,0
0,0.48897981520305867,0
0,0.7176665973105937,1
0,0.11939390704813253,0
0,0.04515110952616061,0
0,0.8867811284169016,1
0,0.027092236846319964,0
0,0.3441438696114995,0
1,0.6369044540030028,1
0,0.0013106359081026821,0
0,0.008128594365057109,0
0,0.38981851947596086,0
1,0.849077507662831,1
0,0.1250672607759181,0
1,0.5601772735466549,1
0,0.7700203257379669,1
0,0.005157528735551142,0
0,0.012093528475190778,0
0,0.239000221369317,0
1,0.4838026154071013,0
0,0.0020790728997994255,0
0,0.2993749956734816,0
0,0.20106177535208772,0
1,0.7185807099989843,1
0,0.05618974214390927,0
0,0.351517557645354,0
0,0.48498074732159957,0
0,0.6225344924569478,1
0,0.14073581680697664,0
0,0.09171367422462752,0
1,0.9753008582469563,1
0,0.09600758400445304,0
1,0.6192476088952102,1
1,0.8479014485773618,1
0,0.42448816580858506,0
1,0.9569638378499027,1
0,0.0006102707220778411,0
0,0.11049713996709601,0
1,0.5462358227360135,1
0,0.11572364273218305,0
0,0.517155342426299,1
0,0.2017052155177971,0
0,0.09119511635169356,0
0,0.6552041584477855,1
0,0.008039216924300522,0
0,0.30989300547037457,0
0,0.814734623447826,1
0,0.12475584248833665,0
0,0.05814998525801304,0
0,0.04662907764037275,0
1,0.9899925723776942,1
0,0.3932177935867274,0
1,0.777214420100993,1
1,0.9689901766259577,1
1,0.8093987527933786,1
0,0.7358570763715682,1
0,0.6143488166114487,1
0,0.02190185452801875,0
0,0.7049398591749054,1
1,0.30884599253408884,0
0,0.07693386284056165,0
1,0.861993181086076,1
0,0.6509687045477399,1
1,0.8543080921877576,1
0,0.07437992395784698,0
0,0.0014928040368195155,0
1,0.8337633018343829,1
0,0.08804223188200057,0
0,0.8292637264554,1
0,0.1594752974104698,0
0,0.12049512368613999,0
0,0.02201667330874533,0
0,0.04646960316288794,0
0,0.616608206158329,1
0,0.670802493021355,1
0,0.5787860839838187,1
0,0.2400701846292607,0
0,0.7582261053838425,1
0,0.8245642257050612,1
0,0.039395112936215476,0
1,0.7393004243115232,1
1,0.016064858851878087,0
1,0.9933434371367392,1
0,0.4888077163633123,0
0,0.04055938544622002,0
1,0.898898504302705,1
0,0.1899695307728677,0
0,0.41675122448944796,0
0,0.8151178682670486,1
0,0.0028119307127102357,0
1,0.7898710693879342,1
0,0.28942878207925693,0
0,0.04572804576949479,0
0,0.20891984782330952,0
0,0.007490047350955145,0
0,0.0172352616607483,0
0,0.79772502377819,1
0,0.16460574669558098,0
1,0.6156949512478255,1
0,0.07400238818973097,0
0,0.0315548265823832,0
1,0.7915522206284761,1
0,0.3945654684731968,0
0,0.006783444866150439,0
1,0.509036094359651,1
0,0.09331806711260673,0
0,0.021774555923149766,0
0,0.46403700566598804,0
1,0.8561925725061588,1
0,0.03058142099683239,0
0,0.02060748078834215,0
0,0.08829924889564626,0
0,0.4733603723757762,0
0,0.01063564067541823,0
0,0.01623516871622858,0
0,0.10396526523504002,0
0,0.02410223468278665,0
1,0.8420876438307043,1
0,0.0007179254255299662,0
0,0.008729793140098169,0
1,0.805124182049049,1
0,0.050528619929776676,0
1,0.7799720063877282,1
0,0.04440115753248584,0
0,0.0060056132687690755,0
1,0.785486993091626,1
1,0.8785245894498721,1
0,0.011410801858589273,0
1,0.5651134322176957,1
1,0.5613882876702935,1
0,0.14526656974767935,0
0,0.007607957058795809,0
0,0.24645911341442495,0
0,0.08032687195354629,0
0,0.002790677300958304,0
0,0.12548063308183027,0
0,0.005363848752366959,0
0,0.013929873473769122,0
1,0.9858011091269109,1
0,0.014350745070701677,0
0,0.42474897172463144,0
1,0.6191266583880805,1
0,0.00031689689010272026,0
0,0.20082257136062479,0
0,0.2837296072311057,0
0,0.2172084431892499,0
0,0.4582809496124773,0
0,0.014369022717273656,0
0,0.21974554390082773,0
0,0.900906803282741,1
0,0.25759026038383404,0
0,0.23130488028880705,0
0,0.4786837073671,0
0,0.11369524135131785,0
0,0.044741325144149996,0
0,0.4738564117658613,0
1,0.17646868496867815,0
0,0.021529985468906703,0
0,0.1053207663361924,0
1,0.7029839137693374,1
1,0.9343657643749329,1
0,0.03631193540035243,0
0,0.43302236953053685,0
0,0.394444707087797,0
0,0.06486805573567807,0
0,0.12651445970578212,0
1,0.6028210049620537,1
0,0.03660930022920713,0
0,0.00029916157560717086,0
0,0.8197056595411728,1
0,0.5408578913918305,1
1,0.6401406144690637,1
0,0.021869435020624807,0
0,0.43712876084846786,0
0,0.2178475199289755,0
1,0.45936634310985,0
0,0.10830749942267669,0
0,0.3169376708031224,0
0,0.11007581640646191,0
0,0.27036087752158355,0
0,0.00047721705613740397,0
1,0.9437391271317985,1
0,0.6148909497104906,1
1,0.9917149776210581,1
1,0.6576724664366054,1
0,0.060163504697089726,0
0,0.29449653788309554,0
0,0.26488216740202436,0
0,0.042561061596868,0
0,0.004340263604336676,0
0,0.0368842543904534,0
0,0.0127650340611299,0
0,0.004397072372386636,0
0,0.6417841401242438,1
0,0.020054656678326156,0
1,0.2888682116997454,0
0,0.015394802788881086,0
0,0.0025051195492299142,0
0,0.0069056367676630865,0
0,0.7826359163718234,1
1,0.64051587693309,1
0,0.16544922050757951,0
0,0.005878196729374096,0
0,0.1387587322396009,0
0,0.007818111617313423,0
1,0.8697898769608188,1
0,0.16759141247943543,0
0,0.8442074132154638,1
0,0.04420769265863902,0
0,0.5668039360530738,1
0,0.1741746306730308,0
0,0.7822402947824048,1
1,0.995610728962566,1
1,0.6942081023935122,1
0,0.01084374945325364,0
0,0.557257593927294,1
1,0.6462729237925553,1
0,0.028816413119753505,0
0,0.019420563543060015,0
1,0.985601705090588,1
1,0.9001715154649831,1
0,0.014988332932697803,0
1,0.9924087580738742,1
1,0.6853009451437907,1
0,0.007029481291135562,0
0,0.07131764601737228,0
1,0.8810262429170866,1
0,0.036590461659949815,0
0,0.0011129035763518087,0
0,0.054508444594073314,0
0,0.6339905838562306,1
0,0.04218093098336335,0
0,0.38254982414481314,0
0,0.8415795657323131,1
0,0.4998473768959395,0
0,0.001607836243217749,0
0,0.8473789600823423,1
1,0.8783158732961677,1
1,0.7144942195335148,1
0,0.6633062747097808,1
0,0.14932604859089013,0
0,0.23007706077521586,0
0,0.05976427862479305,0
0,0.474901726282741,0
1,0.7129779738554096,1
0,0.08522924286767714,0
0,0.021680565916245047,0
0,0.41600748958518563,0
0,0.5738174033677771,1
0,0.0003745573688617613,0
0,0.019435431637463117,0
0,0.16485206698711985,0
0,0.33618683399665067,0
0,0.8280857663418243,1
1,0.7597257006441548,1
0,0.65654827288752,1
1,0.8161109826138537,1
0,0.4035209719138737,0
0,0.6718335546226372,1
0,0.004044624018818528,0
0,0.23735027864630737,0
1,0.928653535492309,1
1,0.5883883600187538,1
0,0.18768668626157242,0
0,0.12045310150645155,0
0,0.05697895142414655,0
1,0.5388150030376954,1
0,0.2788193283735014,0
0,0.08804593558466652,0
1,0.8975384613746337,1
0,0.665399285704772,1
0,0.0165565824318638,0
0,0.5100646611140056,1
1,0.7518609605361599,1
0,0.016719929835955463,0
0,0.19766780476753196,0
0,0.07374145696823181,0
0,0.026474620772954514,0
1,0.6381746281816292,1
0,0.6201670131521164,1
0,0.0016601168334727065,0
1,0.8696600287917954,1
1,0.28925798427112925,0
0,0.004131422827285113,0
0,0.5361966887399506,1
0,0.1072044321209952,0
0,0.018082877511465253,0
0,0.12084780443395249,0
0,0.18742772860889237,0
0,0.0650488536437167,0
0,0.005625698393799701,0
1,0.6133736115001371,1
0,0.012613586768846836,0
0,0.263117673220622,0
0,0.8100844041923349,1
0,0.16134151817392953,0
0,0.010483149832452418,0
1,0.36870977492267504,0
1,0.7807753311922868,1
0,0.12874914868063547,0
0,0.4362442290727737,0
1,0.8687162848612601,1
0,0.01615605125430911,0
0,0.6758070580052542,1
0,0.7519127658804304,1
0,0.4407285947513544,0
0,0.016222764082032323,0
1,0.17048431787920285,0
0,0.45665870085506666,0
0,0.33692053934997596,0
0,0.012172053973509251,0
0,0.11730059781393341,0
0,0.007634551809629908,0
1,0.938723482747609,1
1,0.6596174176245602,1
0,0.5786564189790121,1
0,0.006958107117877789,0
0,0.0006721573927652726,0
1,0.5745445505170127,1
0,0.2618016229467226,0
0,0.22223296878831847,0
0,0.00593444656797331,0
0,0.49213877037388387,0
0,0.026453287824334728,0
0,0.3115985632611105,0
0,0.05576255105130188,0
1,0.66696664116319,1
0,0.19406206304282672,0
0,0.20078711500972077,0
0,0.1465597982412599,0
0,0.6704462287414764,1
0,0.5763471558864262,1
0,0.001078693387153843,0
0,0.035754753849229916,0
1,0.7647551368157878,1
0,0.22361249910657088,0
0,0.6066405260751937,1
1,0.7727696049404649,1
0,0.2099095890242147,0
0,0.05666998616923511,0
1,0.8340971977272001,1
0,0.34547442531364503,0
0,0.5427011913774294,1
0,0.36644785483659137,0
0,0.034294701799867905,0
1,0.6566748923277361,1
0,0.3612586271957193,0
0,0.11098294137750216,0
1,0.7786468579816168,1
0,0.009078236798175385,0
0,0.24583931737770526,0
1,0.9890135460226471,1
1,0.4643087290393222,0
0,0.5617245062615304,1
0,0.3023343323832426,0
0,0.0004666200433133786,0
0,0.503324464845672,1
0,0.7088921607438184,1
0,0.837529778590601,1
0,0.17681657957202662,0
0,0.043487666977415934,0
0,0.0021240223640256405,0
0,0.09038976845850992,0
0,0.008982487066496405,0
0,0.0013062045028968954,0
0,0.685553919304845,1
1,0.9727695746835453,1
0,0.01954335469297869,0
1,0.8227912802452588,1
1,0.8995338686461692,1
0,0.7446541918202502,1
0,0.6046547089171367,1
0,0.6238153544129417,1
1,0.8682206802866572,1
0,0.43138450654359267,0
1,0.8615874568424047,1
0,0.5497489385035909,1
1,0.7193259082423672,1
0,0.09587368727181174,0
0,0.0029610419233680046,0
0,0.09544729099173223,0
0,0.6237926167511111,1
1,0.8694542737162027,1
1,0.7919779242389128,1
0,0.013946522676096453,0
1,0.5657764913211846,1
0,0.07570053272316239,0
0,0.013420947411950082,0
0,0.6365139100548121,1
1,0.643605190990952,1
1,0.49916785855828577,0
0,0.06482689978932192,0
1,0.6220214592614223,1
0,0.05831684815714355,0
0,0.1833599295889522,0
0,0.12034131513327506,0
0,0.1779421278651036,0
0,0.00624877149712804,0
0,0.002030429771005743,0
0,0.3781393341637,0
0,0.7074593529768624,1
0,0.3590229995966944,0
0,0.13391418962677223,0
0,0.2865029243340159,0
0,0.20108336905037333,0
0,0.22001764166120766,0
0,0.5508217493786542,1
0,0.12705094400332623,0
0,0.018494086375431974,0
0,0.5512195410154612,1
0,0.003359476474475245,0
0,0.7999474133208995,1
0,0.0023904209533469707,0
1,0.8926254536543494,1
0,0.19361341939183271,0
0,0.06251231209538136,0
1,0.6174995946034776,1
0,0.6338128046968066,1
0,0.04267606254469111,0
1,0.7599261881012664,1
0,0.42022797331484635,0
1,0.8777674443879961,1
0,0.1584745004049093,0
0,0.7341950434702837,1
0,0.0009826174426824932,0
0,0.027586270534419696,0
0,0.6612555945802318,1
1,0.5202266378916659,1
0,0.04021939628685966,0
0,0.014887821404407631,0
0,0.09722654606893663,0
0,0.017978803225649338,0
0,0.004573085117006066,0
1,0.9067211565840334,1
1,0.8238382114902487,1
0,0.08565114560797488,0
0,0.42860747694731943,0
1,0.8303730614131859,1
0,0.18261001494116932,0
0,0.34392812219499624,0
0,0.3052827984203955,0
0,0.01037149982789327,0
0,0.0016693220050474765,0
0,0.06222323907068617,0
1,0.6382824462145114,1
0,0.15940697148123667,0
0,0.00357628307365688,0
0,0.00038583577046890917,0
0,0.7406538629326008,1
0,0.5907549737899939,1
0,0.017726786689826936,0
0,0.007770138819900435,0
0,0.01300691226993999,0
0,0.3273271292278908,0
1,0.9812930681532975,1
0,0.2642715726758387,0
0,0.002660414536835959,0
0,0.0076025557039649545,0
1,0.7825183568808065,1
0,0.3551482318995766,0
0,9.267420907120254e-05,0
1,0.7277041794419249,1
1,0.595547105251575,1
0,0.7109974169105523,1
1,0.7462065585471823,1
0,0.014717124752884848,0
1,0.7502109109748782,1
0,0.3535172005272804,0
0,0.2487075105215003,0
0,0.08038846962421917,0
1,0.29970888237065924,0
0,0.8491929518629059,1
0,0.004076443287438984,0
0,0.303994609683472,0
0,0.4228920652101851,0
1,0.7853695609019392,1
1,0.9097600367320642,1
1,0.8978975383012564,1
0,0.395295062798241,0
0,0.7629593144119476,1
1,0.6295308977795837,1
0,0.06777540251755435,0
0,0.06733988240805759,0
0,0.33715401749221874,0
0,0.003910696807084869,0
0,0.7292326995511266,1
0,0.20604818178479725,0
0,0.5794585210371013,1
0,0.2844929915829393,0
1,0.8768376209246329,1
0,0.020016567983496502,0
0,0.16867717564442428,0
0,0.015708460229929146,0
0,0.6416655097839034,1
0,0.6945689040671611,1
0,0.0004860417739657536,0
0,0.011349994723486963,0
1,0.9744521881299361,1
0,0.26836434148538063,0
0,0.06248691212783946,0
0,0.42743275077192283,0
0,0.767926196377685,1
0,0.0877419138490052,0
1,0.7654686307274338,1
0,0.019963931779480477,0
0,0.26308306915583984,0
0,0.31430264186386797,0
0,0.7593513922677266,1
0,0.2573059146791379,0
0,0.8909558888477873,1
0,0.057517157816020646,0
1,0.9928538302085843,1
0,0.13001030489827725,0
0,0.048888840481556416,0
1,0.46024544185140864,0
0,0.29649537720694547,0
1,0.7495997979539765,1
1,0.7643535483275549,1
0,0.2011117541645385,0
0,0.019764514646948277,0
0,0.10904603165480696,0
0,0.009771125661316535,0
0,0.533280813875413,1
0,0.15802182434885678,0
0,0.5078586520584908,1
1,0.9950253025063044,1
1,0.5647076270867738,1
1,0.19332901305818215,0
0,0.03633807885749027,0
0,0.0653895720562189,0
0,0.6625441837896878,1
0,0.5545213784349774,1
1,0.5214826560525708,1
0,0.006564760781714643,0
0,0.07639495428055568,0
0,0.8169270705635779,1
0,0.27940653418923606,0
1,0.979135998469047,1
0,0.05670903789915465,0
0,0.36166627742331775,0
0,0.865194655607178,1
0,0.04707224017559035,0
0,0.007248558625703149,0
1,0.9050944820087548,1
0,0.5096506978235528,1
0,0.025323591367026804,0
0,0.12315706265080614,0
1,0.8703861893285644,1
0,0.0035981556403837356,0
0,0.26441824149605403,0
0,0.006770123499242476,0
0,0.58610145436264,1
0,0.2940171952855811,0
0,0.21064413566243054,0
1,0.8917526919501755,1
0,0.018909454504149693,0
1,0.9160980847067919,1
0,0.0020473226092412446,0
1,0.9371246328807251,1
0,0.012471209449931443,0
0,0.4798777447335716,0
1,0.8517916910276313,1
0,0.01094156643492813,0
0,0.20594206146417568,0
0,0.16436375964513777,0
0,0.08692343180147388,0
0,0.3889131982154462,0
0,0.43094059219119346,0
0,0.37773124742984154,0
0,5.9638395578921074e-05,0
0,0.2560130853170597,0
0,0.3421780028087836,0
0,0.02227706996813644,0
1,0.6341118074471285,1
0,0.5159803852606889,1
0,0.501840437096195,1
0,0.058954861559200086,0
1,0.5992845263478317,1
0,0.3148648501612162,0
1,0.9115203619960491,1
1,0.983425445887911,1
0,0.2231476573633527,0
0,0.0016019833231284255,0
0,0.3909965886330422,0
0,0.020809380075968484,0
0,0.2648392409396076,0
1,0.919488020148532,1
0,0.0002491558380383981,0
0,0.04851484498298902,0
1,0.5773127769959476,1
0,0.4769618277423893,0
0,0.05378680102487235,0
0,0.0020441065718055846,0
0,0.030232463416805522,0
0,0.022893388649372775,0
1,0.8202760945719857,1
0,0.20330466211106699,0
0,0.393898433002837,0
1,0.19335608119521075,0
0,0.24790971012201132,0
0,0.3138379110719681,0
1,0.9914447364071169,1
0,0.44140251517753076,0
0,0.6941946674013109,1
0,0.329544199208405,0
0,0.8633350700184256,1
0,0.35597808528040426,0
1,0.7551952803001182,1
0,0.395126889395968,0
0,0.9050025588498872,1
0,0.19058191674654693,0
0,0.41141934410994907,0
0,0.19870888969580713,0
0,0.09515272439264592,0
0,0.024322503151645032,0
0,0.00011355240411170126,0
0,0.4535189362601336,0
1,0.9925246748934251,1
0,0.009139985728164197,0
1,0.9871871213602914,1
0,0.8389969371369074,1
0,0.2769562523295191,0
0,0.006237071222531635,0
1,0.9531073809988347,1
0,0.04313782231292295,0
0,0.07394698607017712,0
0,0.44557242030448596,0
0,0.025989630171692108,0
0,0.011729475132916986,0
0,0.22739292296044405,0
1,0.919671667182958,1
1,0.9172071784278559,1
0,0.5876366476278148,1
0,0.027636093143991403,0
0,0.379648823466347,0
0,0.5425671751789701,1
0,0.41080134345343366,0
0,0.0008151647455023631,0
0,0.6606383691495725,1
0,0.010204370030617537,0
0,0.0003745573688617613,0
0,0.02191235811095764,0
0,0.5634733871336035,1
0,0.04282281312296091,0
0,0.5935863630654518,1
0,0.26670038857952816,0
0,0.6688868784764512,1
0,0.0004872534880158207,0
1,0.9413038208744757,1
0,0.8194646697088028,1
0,0.00921398217253564,0
0,0.03465840775656414,0
0,0.24051349695087557,0
0,0.019815506454302693,0
0,0.21968459863652376,0
1,0.5774710888355492,1
0,0.04973703192902939,0
0,0.03796997348584979,0
1,0.3736924166970434,0
0,0.8701494939846479,1
0,0.0013429335296968206,0
0,0.2517805200851734,0
1,0.7697254169903257,1
1,0.9034789034486241,1
0,0.3279956255062384,0
0,0.3092768900966219,0
0,0.24115132219989907,0
0,0.35886230419924164,0
0,0.4428523924053161,0
0,0.24715419188516127,0
0,0.0188984961736993,0
0,0.349899009882801,0
0,0.2075875590532265,0
0,0.03710989469160327,0
0,0.0037279145000966765,0
1,0.8962341124067531,1
0,0.013546064720029356,0
0,0.5393618990064472,1
1,0.9404160465752873,1
0,0.631311531622298,1
0,0.31111131630581884,0
0,0.6434852903741511,1
0,0.40436123155946724,0
0,0.3594937124586629,0
0,0.28249391106220983,0
0,0.022179106753011258,0
0,0.34374333090432796,0
1,0.6128503748833093,1
0,0.8053276261694782,1
0,0.07949240849274772,0
0,0.10330140133282605,0
0,0.001286116443673842,0
1,0.9310786647477568,1
0,0.013416609984228934,0
0,0.007335781243407152,0
0,0.17200451513523116,0
1,0.9523946631054353,1
1,0.872142689965803,1
1,0.6638005185092478,1
0,0.012919343614739258,0
0,0.023353636150085472,0
0,0.010266664460334392,0
1,0.7525182249845326,1
0,0.42783653083482004,0
0,0.03593286804782928,0
1,0.8542794846261451,1
1,0.9843250828246084,1
0,0.002128172010845362,0
0,0.679279251021714,1
0,0.10341808215015254,0
1,0.7398669415753238,1
0,0.002447283519256674,0
0,0.20945534472969124,0
0,0.2740442337145235,0
0,0.8496441966146396,1
1,0.9421104269453794,1
1,0.3913993253003616,0
0,0.024433797096491662,0
1,0.7286420617271155,1
0,0.02281059047098124,0
1,0.8601795995160127,1
1,0.8417745660668238,1
0,0.010820833109634312,0
0,0.13859196101943702,0
1,0.9827897057346435,1
0,0.0202564374860261,0
0,0.6531136582947317,1
0,0.2879794451682243,0
0,0.5267357387893374,1
0,0.6900482677979769,1
0,0.04238126517564695,0
1,0.7930025153597957,1
0,0.05489441171386015,0
0,0.16071424889603605,0
1,0.14162359840011665,0
0,0.0034127292417142794,0
0,0.09438424453020952,0
1,0.9820664688371232,1
1,0.9074327162313701,1
0,0.49660127655998726,0
0,0.8425475260918863,1
0,0.762326153986879,1
0,0.8618721258317545,1
0,0.0259438866319456,0
0,0.004293221030174464,0
0,0.6333703029788695,1
0,0.07393912018882881,0
0,0.5294483444719235,1
0,0.04719648943995229,0
0,0.3558057729588048,0
0,0.41112954771739463,0
0,0.8311664773056505,1
0,0.6986010649684554,1
0,0.007168674653718851,0
0,0.36355770316348995,0
0,0.29914251942046927,0
0,0.5223862263987218,1
0,0.6715071568085503,1
0,0.03266420410951299,0
0,0.14902793072499557,0
0,0.032230504954712684,0
0,0.017637891704267713,0
0,0.5324520886571683,1
0,0.4915080055607657,0
0,0.8204911514640657,1
0,0.005214372608828172,0
0,0.2713168149465759,0
0,0.1595651530969997,0
0,0.00038027910614898356,0
0,0.8432852179739815,1
0,0.7108175376853071,1
0,0.054281815824755136,0
0,0.6950257797825738,1
1,0.779165197685703,1
0,0.3175520149219751,0
0,0.008856892319273125,0
1,0.9688206024834206,1
1,0.534710132065442,1
0,0.15313461440907472,0
0,0.29541237762906614,0
0,0.009283730175867392,0
1,0.7940045546332898,1
0,0.14653836487897182,0
0,0.6102021250983106,1
0,0.6973910676496979,1
1,0.8798147541735686,1
1,0.8907468489628921,1
0,0.13737511376834205,0
0,0.437608794416878,0
0,0.004316233727663616,0
0,0.0005675915243337382,0
0,0.10405852761389488,0
0,0.8433394613252851,1
0,0.18300188504822443,0
0,0.6872692753455001,1
0,0.09173710693847849,0
1,0.02228696929518454,0
0,0.20229513418115921,0
0,0.0014867955625002035,0
0,0.5364983483040129,1
0,0.10044841896890543,0
0,0.014472889616173547,0
0,0.5334329747067554,1
1,0.23966622085754907,0
0,0.00847014168329781,0
0,0.01439207564441365,0
0,0.16118625617670715,0
0,0.555977703322004,1
0,0.700442071999495,1
0,0.002966111565370384,0
0,0.737772904231588,1
1,0.7070874528543606,1
1,0.8847557939138363,1
0,0.0025906102616050294,0
0,0.13046076063957043,0
0,0.022497104553348364,0
0,0.0778931724168831,0
0,0.09194784821059276,0
1,0.7301554978147107,1
0,0.05726114499641194,0
1,0.9045574570032153,1
0,0.07257076712773622,0
0,0.46012321231257886,0
1,0.24235743423918327,0
0,0.7209700099673108,1
0,0.283754639146926,0
0,0.3201887273038677,0
1,0.8209871412214385,1
1,0.09446962048196905,0
1,0.9715354354798627,1
1,0.23686441828568827,0
0,0.12830457967468933,0
1,0.7846852943686355,1
0,0.5920873213511239,1
0,0.8490645495140188,1
0,0.5270488397193465,1
0,0.04246518358584589,0
0,0.5071816301232919,1
0,0.3275914125689445,0
0,0.34490333068623114,0
1,0.8556596755461584,1
0,0.14771901684841393,0
0,0.20292183794400506,0
0,0.005609551007145444,0
0,0.07093196825593083,0
0,0.5552416225040228,1
0,0.0004848673422618141,0
0,0.0017771933178024823,0
0,0.9183938251571074,1
0,0.41609122753808137,0
1,0.7138855584132867,1
0,0.3174000550465263,0
0,0.6894650401652727,1
0,0.34207269857707145,0
0,0.02570936484376285,0
0,0.032137014688174065,0
0,0.7668107690515575,1
0,0.20279383491774783,0
1,0.4859713915868821,0
0,0.6189528817026948,1
1,0.8150011086388681,1
1,0.5337225768861251,1
1,0.8100578827221666,1
0,0.004339398118758765,0
0,0.031251066725540344,0
0,0.0014888936757419561,0
1,0.4728652860806372,0
1,0.9181393817807303,1
0,0.11621018680022864,0
0,0.13537615477462364,0
0,0.02443576833181637,0
1,0.6664139301403643,1
0,0.4339321314965006,0
1,0.8549874525153812,1
0,0.2636579948383636,0
0,0.25674157252024193,0
0,0.0038522715413022938,0
1,0.444879471643056,0
0,0.303450392890095,0
0,0.18647245591390582,0
1,0.7205684491458672,1
0,0.09247768144968842,0
1,0.9216207454165222,1
1,0.8269166209210308,1
0,0.23201773802631198,0
0,0.0002466869728959291,0
0,0.13086842654894015,0
0,0.09517925085817379,0
0,0.17627508356612112,0
0,0.058521646538186485,0
0,0.6740498518110929,1
0,0.5822336321165165,1
0,0.04571536763402259,0
1,0.7364965059152204,1
1,0.8300014529433056,1
0,0.3976717812125773,0
0,0.03392121432047212,0
0,0.422397608840863,0
1,0.4733553129288105,0
0,0.4002028969314541,0
0,0.08542736903856497,0
0,0.13759137181759934,0
1,0.6848958704418872,1
0,0.4414095762533239,0
1,0.9752285109628699,1
0,0.2301377503558368,0
1,0.9510219168145867,1
1,0.6580056451795908,1
1,0.8627116621771135,1
0,0.3579878925570442,0
0,0.013622212017323762,0
0,0.30549827324351686,0
0,0.0016144974599916432,0
0,0.18331508333448196,0
0,0.22357970820022088,0
0,0.01528398001435043,0
0,0.00041599055329686864,0
1,0.7009462690131835,1
0,0.47690653547084483,0
0,0.750258336927558,1
0,0.010396791924171487,0
1,0.9641537050714165,1
0,0.8727966341164669,1
1,0.7846840996678998,1
0,0.23103915955809928,0
0,0.5658282802152573,1
0,0.3041628112087131,0
0,0.005817064740341587,0
0,0.13951739022678333,0
0,0.06624873882088082,0
0,0.38137649288204695,0
0,0.009331398926098926,0
1,0.76572094523328,1
0,0.26357849361080715,0
0,0.09181683694840638,0
0,0.004759079947103335,0
0,0.30382690496355025,0
0,0.026094501134245884,0
0,0.039554269712737955,0
0,0.19582550778443167,0
0,0.5441324965171155,1
0,0.10985342405617028,0
0,0.0035436807835661373,0
1,0.8530258884086409,1
0,0.4065241864833915,0
0,0.004468722382273696,0
1,0.7278582520211293,1
0,0.0013662977787539977,0
1,0.8037020518853943,1
0,0.011501395594449702,0
0,0.00047688630910142185,0
0,0.0033145588298118594,0
0,0.15435257860386203,0
0,0.2904006812893645,0
0,0.0025593410457634717,0
1,0.9093330189523283,1
0,0.03368968867516594,0
0,0.21949380790374362,0
1,0.8748028504599216,1
1,0.7979953326396011,1
0,0.1951014036683242,0
0,0.3766926567863571,0
0,0.16346960898531035,0
0,0.6195260633479075,1
0,0.8490055617401967,1
0,0.05275405353165948,0
1,0.9645053626010703,1
0,0.02647360188016066,0
0,0.04271023148381001,0
1,0.7244548402590354,1
0,0.0007888199342803537,0
0,0.005911895350268377,0
0,0.4434497750196453,0
0,0.00022192226023409571,0
0,0.0457628565368897,0
0,0.02889833383572372,0
1,0.6697073261615278,1
0,0.16859041159217392,0
0,0.0012097055752018904,0
0,0.04926939048285648,0
0,0.060588595652469705,0
0,0.0013116582210259313,0
0,0.4095718192491695,0
0,0.0015261137604030942,0
0,0.4561103448137309,0
0,0.03961329829466978,0
0,0.00012503505424099167,0
0,0.5953112919732946,1
0,0.03497990310757727,0
0,0.15260267832568394,0
0,0.5066508761354777,1
0,0.03223301692728765,0
1,0.7387291703030298,1
0,0.025738269869271704,0
0,0.4093487030063322,0
1,0.9848744867042349,1
1,0.9065521804577262,1
0,0.13756449324041234,0
0,0.0777831769018138,0
0,0.05858945939049287,0
0,0.03538871676977575,0
1,0.5878608108790497,1
0,0.0013462748347712846,0
0,0.4939463935460833,0
0,0.7080126346843245,1
0,0.08316279960692144,0
0,0.49161775095024185,0
1,0.8201800268104428,1
0,0.11222807261649405,0
0,0.7447866232553769,1
0,0.8103574222366545,1
1,0.7716676260247878,1
0,0.5711274480513033,1
1,0.7942281001253229,1
0,0.08298485905731783,0
0,0.017564436108077394,0
1,0.6112245343078159,1
1,0.2110086844621233,0
1,0.9924048156429349,1
0,0.5085127590282227,1
0,0.8139196534972498,1
0,0.03289143626439031,0
1,0.6424633849516322,1
1,0.9819654164062102,1
0,0.04932494402209043,0
0,0.021594310470632292,0
0,0.007677475790551386,0
0,0.004477971308010115,0
0,0.3221543760274629,0
0,0.20317452666865526,0
0,0.06658386615877503,0
1,0.5665137772936695,1
1,0.7877459042544217,1
0,0.1934594897733891,0
0,0.09207525803249107,0
0,0.5738198843079778,1
0,0.06983676367041833,0
0,0.7104798829276547,1
0,0.015309299776970178,0
0,0.15735147208745268,0
1,0.8230987070994893,1
0,0.019293521355518338,0
0,0.005771281791879619,0
1,0.7727268328391838,1
0,0.16416957052701936,0
0,0.055106505813202734,0
0,0.7050895066591847,1
1,0.7664211445277207,1
0,0.152340737728923,0
0,0.37945929061902367,0
0,0.15155975856146045,0
0,0.3759246873637037,0
0,0.17329667869122162,0
0,0.01630828215808992,0
0,0.030986263016235326,0
1,0.8465499092767188,1
1,0.48298619542760196,0
0,0.27724409097856595,0
0,0.0007782991586448294,0
0,0.2984051119012369,0
1,0.6992001891283638,1
0,0.20457713657422474,0
0,0.007992751810862023,0
0,0.6055608734278651,1
0,0.0016401206614089963,0
0,0.03447581475030724,0
0,0.4989106931123074,0
1,0.40169311922004186,0
0,0.36813890736788984,0
0,0.0031809493243113505,0
0,0.039873988865995164,0
1,0.5598862882548165,1
0,0.20314199997946875,0
1,0.9938523636522709,1
0,0.24966771932683415,0
0,0.04912734711710146,0
0,0.006653039685474136,0
0,0.020784767644053678,0
0,0.13020059040884358,0
0,0.6962721408157617,1
0,0.11969813428848357,0
0,0.13463173366132503,0
1,0.5799222361263399,1
0,0.480760804997909,0
0,0.004980844344217344,0
1,0.8633873384522117,1
0,0.3882834818795903,0
0,0.030232124361762043,0
0,0.011228141627096727,0
1,0.8612378482942146,1
0,0.6091836720392476,1
0,0.39260856380852394,0
0,0.2586130595438307,0
1,0.7187476996405345,1
1,0.6443764455932395,1
0,0.035558732456272696,0
0,0.1809435592121271,0
0,0.39709275183229936,0
0,0.18334292701630112,0
0,0.6216531989004334,1
0,0.23391935790540966,0
0,0.13436237631785933,0
0,0.09914340171778369,0
1,0.08010519198173713,0
0,0.20459081150850172,0
0,0.170591614326239,0
0,0.3102471218468951,0
0,0.253084472915826,0
1,0.7385898815032654,1
1,0.7761644942801411,1
0,0.02926613287762022,0
0,0.018470164904971716,0
0,0.00887951701062602,0
0,0.39636478870660224,0
0,0.31790878702687647,0
0,0.6268715588934448,1
1,0.601154232533179,1
0,0.11691253440173197,0
0,0.041715857983516784,0
0,0.06069152843269152,0
0,0.737132029311046,1
0,0.077174302580655,0
0,0.19377393947834493,0
1,0.9426490575274286,1
1,0.7705651452295633,1
0,0.016792207173221295,0
1,0.8904232022469682,1
0,0.6712509236625571,1
0,0.2879332757377465,0
0,0.06760999193981705,0
0,0.039912405801419415,0
0,0.39856072965054473,0
0,0.5292506496344364,1
0,0.18453078608577872,0
1,0.8873877305891323,1
0,0.3634150146106498,0
0,0.043903896817195295,0
0,0.31768243543894886,0
0,0.25491501352122625,0
0,0.004398062941284294,0
0,0.04249743223235549,0
0,0.05912538367552423,0
1,0.6688057689559753,1
0,0.39901534122835985,0
0,0.6831723715848651,1
1,0.8455715265369528,1
0,0.2344359699651115,0
1,0.834905469657965,1
0,0.3668049200860311,0
0,0.03525335256099269,0
1,0.7527991485662875,1
0,0.47329080727703804,0
0,0.25772241930967305,0
0,0.08096401854018936,0
0,0.013715365774727862,0
0,0.01034203495976084,0
0,0.06418334701306268,0
0,0.7931636775620962,1
0,0.7876150741912729,1
0,0.8943553229632606,1
0,0.3474797842852606,0
0,0.016108763793862016,0
1,0.8545314887996437,1
1,0.8674547464465435,1
0,0.014712608301851239,0
0,0.3007423126412804,0
1,0.610808472261627,1
0,0.009037473352962204,0
0,0.12476534846688049,0
0,0.022191503725940354,0
0,0.19321983679578525,0
0,0.022999304531935934,0
0,0.47582663651051216,0
1,0.7480090393608615,1
1,0.6993536287030269,1
1,0.6159923472709047,1
0,0.3716648156254999,0
0,0.2714246235501835,0
0,0.00840654164033651,0
0,9.267420907120254e-05,0
1,0.9332794362486069,1
0,0.010864914694440685,0
0,0.5964752592807994,1
0,0.016285895834055535,0
1,0.6231924566294441,1
0,0.5003207194108293,1
0,0.02452941639694292,0
0,0.005723234683864115,0
0,0.10882368421229496,0
0,0.331566967188925,0
0,0.38266847666210757,0
0,0.20463837195999962,0
0,0.047554919680661875,0
0,0.033342152596967656,0
0,0.15397447789748916,0
0,0.02366572177639922,0
0,0.2783753726118673,0
0,0.4428523250343964,0
0,0.8636518725622582,1
1,0.8219576661961274,1
0,0.08670473607125213,0
0,0.2727696727053515,0
1,0.8912935878573169,1
1,0.7163882104573159,1
0,0.03778476702568127,0
0,0.012356635303444767,0
0,0.2673205057261823,0
0,0.0004163714428482745,0
0,0.2986119749864532,0
0,0.6373383080017347,1
0,0.0021413616116354173,0
0,0.788431463705871,1
0,0.0005278072046332148,0
1,0.9198603352670812,1
0,0.049243683929531115,0
0,0.0211489084103778,0
0,0.4966333874228484,0
0,0.012832966327676294,0
1,0.5428990534221879,1
1,0.22058141084912392,0
0,0.39558074479019417,0
0,0.012774917935047491,0
1,0.7580159268073946,1
1,0.8737818108201971,1
1,0.9858674962579429,1
1,0.986889749635269,1
0,0.00019135739245888233,0
0,0.011502305807694698,0
1,0.8277199164291618,1
0,0.0011995853904867505,0
0,0.5046580267203756,1
0,0.49527989874409123,0
0,0.0026068231622356306,0
0,0.34307559484114314,0
0,0.0007354416706469517,0
1,0.38030897955089055,0
0,0.06233200885434635,0
1,0.9474460447954245,1
0,0.023551154802952272,0
0,0.47238666477838553,0
0,0.42288442012336847,0
1,0.4167771468728269,0
1,0.38790433626359666,0
0,0.006768851150271482,0
0,0.006974721789697156,0
1,0.7288794060100827,1
1,0.9782397101478313,1
0,0.10124475517726793,0
0,0.1731539800777454,0
0,0.23931438324417548,0
0,0.38037214236126377,0
0,0.06498023914232554,0
0,0.003685449074179346,0
0,0.002851224786841799,0
0,0.7426837727930728,1
0,0.25612556290067157,0
0,0.16970136677588352,0
0,0.4616461804099001,0
0,0.20737807211003106,0
0,0.3012038257876909,0
0,0.0023823826240604406,0
0,0.013284536786534048,0
0,0.6594579389320379,1
0,0.11996341285974194,0
0,0.30096637059658904,0
0,0.18344502899983128,0
1,0.8506381384385208,1
1,0.38556485925871764,0
0,0.03077752008907897,0
0,0.03587392037227854,0
0,0.054343889921897016,0
1,0.7541638420593642,1
0,0.278027356743135,0
0,0.20190580744129358,0
0,0.019020770598448627,0
0,0.000587427635426371,0
0,0.7297477531688191,1
0,0.7247663818441413,1
1,0.9179594978247633,1
0,0.40374058170396654,0
1,0.9736142849994356,1
1,0.9122440169323268,1
0,0.4753360603233956,0
0,0.20704221902117667,0
0,0.1039165985393058,0
0,0.07530262119683077,0
0,0.6690962340844293,1
0,0.004712681791977952,0
0,0.3338521628603344,0
0,0.545102290556227,1
0,0.5193523528916224,1
0,0.2295033393583581,0
1,0.3761360738779144,0
0,0.0028545216825526056,0
0,0.1495740206349468,0
0,0.205101139543151,0
0,0.03658002177347396,0
0,0.04398981159325044,0
1,0.49564985862104616,0
0,0.8156509516824823,1
1,0.5093018739258625,1
0,0.08182862552576899,0
0,0.039610795190738575,0
0,0.012776798764842707,0
0,0.14035199523286893,0
1,0.8555086250280916,1
0,0.0711270409734206,0
0,0.008744313479545766,0
0,0.004506900754710602,0
1,0.9093621198354777,1
1,0.7831453714999188,1
0,0.07163970531039204,0
0,0.22096245816442167,0
0,0.15966330123049988,0
0,0.0003745573688617613,0
0,0.7213201248114455,1
1,0.5277488337343749,1
0,0.04142411529205124,0
0,0.4645201410286092,0
0,0.011455823415204125,0
0,0.0006654846999631884,0
0,0.4028330554468612,0
1,0.8101840768391193,1
0,0.016398570742954185,0
0,0.36509148423514454,0
0,0.0801733968235682,0
0,0.38605761278489453,0
1,0.44467985143094957,0
0,0.535558304330721,1
0,0.4497086335916498,0
1,0.37632292535975154,0
0,0.2561224144456274,0
1,0.5581409930662404,1
1,0.31090408535534964,0
0,0.09218884562964642,0
1,0.5635864261310953,1
0,0.7460797560404238,1
1,0.8356445252152116,1
0,0.22465000653116865,0
0,0.7435054702320508,1
0,0.000908759343052085,0
0,0.4889425705643411,0
1,0.4002408401596557,0
1,0.6313298570933239,1
0,0.7481257406721659,1
0,0.003695255624956993,0
0,0.1652945637845135,0
1,0.8724096188436647,1
0,0.06583650973367146,0
0,0.000155793573053999,0
0,0.022419382178283015,0
1,0.9169872512126838,1
1,0.23955704569837086,0
0,0.7096403862374915,1
0,0.0006581222472602715,0
0,0.03533084603913562,0
1,0.9957154856191491,1
0,0.049103551447599626,0
0,0.1813858542162626,0
1,0.8696363355741602,1
0,0.23036185636285064,0
1,0.8767073971367932,1
0,0.02326047154993724,0
0,0.001530175889395257,0
0,0.23578360784041844,0
0,0.013412879869386319,0
0,0.024114149484630826,0
0,0.17704782439540023,0
1,0.5307690260613349,1
0,0.10428904033596804,0
1,0.28329143070563184,0
0,0.18520562021969508,0
0,0.021522226086712455,0
0,0.003831570960762062,0
0,0.0002411190972090905,0
1,0.9738568929359221,1
0,0.002206891511390207,0
0,0.16701002170334572,0
0,0.0011222728215118688,0
0,0.23210489751551308,0
0,0.7860904578993416,1
0,0.27587596744293735,0
0,0.15487586614432433,0
0,0.49821949258879417,0
0,0.041741381258177376,0
0,0.0642890636695732,0
0,0.03894033250498642,0
0,0.5335367920335913,1
1,0.8321284782772832,1
0,0.21244853284914939,0
0,0.2658585880200567,0
0,0.11830215836650299,0
0,0.5698108932612138,1
0,0.0030923034333051338,0
0,0.2870263732048792,0
1,0.8960980500075273,1
1,0.6388718402823041,1
0,0.027626840133926227,0
0,0.00024132159328961854,0
0,0.006806868615855484,0
0,0.011580892222417838,0
1,0.8728257706601844,1
0,0.13369174152791477,0
1,0.6594497260921974,1
0,0.007384531836183035,0
0,0.2442334898538204,0
0,0.020588747586704852,0
0,0.05899571579822472,0
0,0.14377159071263604,0
0,0.09399347947607763,0
0,0.006159837165735899,0
1,0.9335088618369899,1
0,0.016685404110501664,0
0,0.10618678068448195,0
0,0.34243581609995083,0
0,0.18927087574900997,0
0,0.4695108634333666,0
0,0.5684933105964045,1
0,0.4261234684377799,0
1,0.7831433456948262,1
1,0.8217097996812998,1
1,0.4629608073766051,0
0,0.04518912074572164,0
0,0.030039030358472257,0
0,0.3421898206400977,0
0,0.062388022266877424,0
0,0.4654824720166755,0
0,0.24632191825912547,0
0,0.38592100919870254,0
0,0.1843059414801325,0
0,0.20916732771770727,0
0,0.031233404733067634,0
1,0.8659723452206888,1
1,0.9885168721846234,1
1,0.7050805269430017,1
0,0.09175174429493865,0
0,0.41042807221756866,0
0,0.5966980167927038,1
0,0.04398970979418386,0
0,0.1067500291635193,0
1,0.8907126618619132,1
1,0.557269498054964,1
0,0.029175129077718905,0
0,0.0666160527766753,0
1,0.9862823694651822,1
0,0.15004928158391784,0
1,0.4964659900903555,0
0,0.003078347382692691,0
0,0.11240648180707816,0
0,0.28527780916998646,0
0,0.06710646089490786,0
0,0.501058046972855,1
0,0.8104143419771216,1
1,0.763409234184472,1
0,0.007684700776970028,0
0,0.06069295741771644,0
0,0.4554172581696247,0
1,0.8046365752667268,1
0,0.04784772582701783,0
0,0.001322124874659293,0
0,0.8802597560401962,1
1,0.6815227799957043,1
0,0.028392703733198812,0
0,0.07516841554577658,0
0,0.005852920026509733,0
0,0.794955472087179,1
0,0.10574894335646977,0
0,0.07652924782261795,0
0,0.07691293098823197,0
0,0.008914097110093342,0
0,0.3221245126074958,0
1,0.9214836413818264,1
1,0.9330163643320064,1
0,0.12213464730755996,0
1,0.9235555411732711,1
0,0.8409680272965623,1
0,0.13944819964393756,0
0,0.12785322825836984,0
0,0.0006820170234295044,0
1,0.6251286019560964,1
1,0.8620375285067905,1
1,0.9443820017163184,1
0,0.06324227399179845,0
0,0.07003653762552751,0
0,0.32517928042599537,0
1,0.520249458057019,1
0,0.6516443058217575,1
0,0.04929216694164301,0
1,0.8498596942165605,1
0,0.002205963684716778,0
0,0.0002465323508184615,0
1,0.3607696977717159,0
1,0.4866114780572338,0
0,0.11128281722213602,0
0,0.3044612408025378,0
0,0.0003302152872757601,0
0,0.08613210994761493,0
0,0.25676746556896274,0
0,0.001259043132644147,0
0,0.2593691007265264,0
1,0.9641700888195479,1
1,0.7031353990802053,1
0,0.2889165624814535,0
0,0.3070586496840878,0
0,0.09351679656110684,0
0,0.5733244443592838,1
0,0.002907008872026835,0
1,0.9946570643542405,1
0,0.06959464689739289,0
0,0.08961207535856212,0
0,0.49531414065289614,0
0,0.000841313597276336,0
1,0.7446509645642972,1
1,0.987291097174688,1
0,0.5054665516549556,1
0,0.25321472149159646,0
1,0.9887106299005934,1
0,0.13761292311494974,0
0,0.5085292851030234,1
0,0.5969451054307849,1
0,0.0010990833502474858,0
0,0.0006302657295155728,0
0,0.08182997216320081,0
1,0.13895890855110773,0
0,0.20918348404613962,0
0,0.12503887209405837,0
0,0.176033793974211,0
0,0.12285132974139348,0
0,0.5095371481658457,1
0,0.02360818038335168,0
0,0.000155793573053999,0
0,0.11744533329687122,0
0,0.004971761103663577,0
1,0.12111792150481494,0
0,0.001033204563859578,0
0,0.020045995605517047,0
1,0.9443368698807326,1
0,0.37161566546084057,0
0,0.29315174228712515,0
0,0.02974434922698614,0
0,0.411746904215296,0
0,0.10684617660223893,0
0,0.5327026138398817,1
1,0.5295099126552744,1
0,0.01224124765499954,0
0,0.7530464983368778,1
0,0.6908288664893935,1
0,0.15606034561497853,0
0,0.005957103187616802,0
0,0.05190034182993934,0
1,0.9762968078195374,1
0,0.00514283141076724,0
1,0.8986701474466272,1
1,0.9428749029083083,1
0,0.39731700669300146,0
0,0.024925276907507364,0
0,0.038975939077515086,0
0,0.4328188803164755,0
0,0.012614001314500124,0
0,0.010093455357830756,0
1,0.8767436512978923,1
0,0.056612937918423326,0
0,0.5549331667773573,1
0,0.01834197774639695,0
0,0.23573168891083152,0
0,0.5227439878046004,1
0,0.14470289285277912,0
0,0.770838467113114,1
0,0.34792244022125385,0
1,0.9723266184198489,1
1,0.2722614046159909,0
1,0.5322093260891189,1
0,0.039595460934516075,0
1,0.3237104744531182,0
0,0.050059865355911726,0
0,0.4460027756582074,0
0,0.18331861989624396,0
1,0.8612445438099072,1
0,0.6541382969126364,1
0,0.5143549413646498,1
1,0.7460133522842436,1
0,0.00035801603780879994,0
0,0.69668693893983,1
1,0.4644930734917361,0
1,0.9153003609567312,1
0,0.0359757407843463,0
1,0.12390981654347694,0
1,0.9056466294086986,1
0,0.04510429436984433,0
0,0.01581624654898847,0
0,0.06270960156976697,0
0,0.026514064262776856,0
1,0.9567538465704327,1
0,0.007379566841607134,0
1,0.8537940058406633,1
0,0.006640316137252837,0
1,0.17500468963336252,0
0,0.7938132453600388,1
1,0.976009754410325,1
0,0.03802390537751917,0
0,0.4461518805967878,0
0,0.5150033672228025,1
0,0.35329732418064697,0
1,0.5073164498939422,1
0,0.5767486829705196,1
1,0.8286273471739819,1
0,0.4416322401092258,0
0,0.01934851351183456,0
0,0.516121613729149,1
1,0.6649176668912844,1
0,0.015221210063230706,0
1,0.8521260249559353,1
0,0.004696462949787419,0
0,0.06978574930280171,0
1,0.8138671947387554,1
0,0.07858813921845692,0
0,0.5313571453942831,1
0,0.07249301618545577,0
0,0.15400305246920604,0
0,0.14578449020674192,0
0,0.0015403630725439755,0
0,0.19130065921595912,0
0,0.3743881050234313,0
0,0.3821716514509492,0
1,0.7017537472606307,1
0,0.029401533556420674,0
0,0.029956384527352154,0
0,0.03602611201125852,0
0,0.33960210245283073,0
0,0.40204565302529915,0
0,0.002333213849786946,0
0,0.08365183136926459,0
0,0.1955946800802221,0
1,0.6786280560030236,1
0,0.0585812461056894,0
1,0.8473080728567952,1
0,0.06972380095163758,0
0,0.1514746905871248,0
0,0.09563729412395576,0
1,0.9656781970942117,1
0,0.6059237397293223,1
0,0.0024166544999872637,0
0,0.2434112943600942,0
1,0.91680552230192,1
0,0.01826699954325101,0
0,0.1859486476954546,0
1,0.6231644970423981,1
0,0.16797684729550838,0
0,0.09250764816550132,0
0,0.1000805580086115,0
0,0.016299007531198346,0
0,0.005383844478802337,0
0,0.1509722765598409,0
0,0.4093683486581304,0
0,0.33807127788367314,0
0,0.004277103105264673,0
0,0.7937445459339043,1
0,0.25348462544945266,0
0,0.02428061370731193,0
1,0.5218807465010208,1
0,0.24018573839801277,0
1,0.5580133717899924,1
1,0.7265370306729388,1
1,0.7584931798312146,1
0,0.27964630797880846,0
0,0.17413947222713935,0
0,0.404740847492732,0
0,0.08720599894126663,0
0,0.09784526763186958,0
0,0.05304790294288606,0
0,0.18682410053829226,0
0,0.5379387449115804,1
0,0.1444393263703795,0
0,0.9048845888383973,1
0,0.008417837219009091,0
1,0.24426264790579855,0
0,0.17397280229112458,0
0,0.514616736929568,1
1,0.8692495358691695,1
0,0.0013358615930101638,0
1,0.9207818508978117,1
0,0.2627566324432566,0
0,0.4457872024671279,0
0,0.8520575826210944,1
0,0.3342015160616768,0
0,0.7390561699970494,1
0,0.4071099028876162,0
1,0.5645634834912566,1
0,0.28135131988243495,0
0,0.007161530006400321,0
0,0.42873016849796947,0
1,0.3430471269763374,0
0,0.19648397411709298,0
1,0.8570775054661497,1
0,0.6382680297895184,1
0,0.004003962687082164,0
0,0.017457140106025264,0
1,0.8886959515930283,1
0,0.28973215722218953,0
0,0.338295970705568,0
1,0.9011230762908773,1
0,0.4375231756236437,0
0,0.03384077728651487,0
0,0.6184345648168302,1
0,0.8691270148234692,1
0,0.00959779513455994,0
1,0.9267690515626935,1
0,0.644234379291939,1
0,0.9188193382445003,1
0,0.003682100106258535,0
0,0.04686370335806626,0
1,0.7919305590979128,1
0,0.07035381034435559,0
0,0.25669443802256564,0
0,0.4108563556060515,0
0,0.10941767743698802,0
0,0.0645299714174457,0
1,0.871752783793875,1
0,0.2927826891793422,0
0,0.002637035338315276,0
0,0.03921220964263381,0
0,0.014111964663309839,0
0,0.4436335782526325,0
0,0.02932550695134097,0
1,0.6384659409395083,1
0,0.04738431425214245,0
1,0.8144837405333498,1
0,0.14197631359182472,0
0,0.021509649793731645,0
0,0.1981187435476179,0
0,0.05364326769737051,0
0,0.13349367466267661,0
0,0.0006497244394649117,0
0,0.2758165998661166,0
0,0.02391529439511715,0
0,0.09017100417694004,0
0,0.2655523344939905,0
0,0.5022917091031386,1
0,0.6361364311231236,1
0,0.028121092302933814,0
1,0.6875761127878879,1
0,0.004170728861090468,0
0,0.05351066461225962,0
0,0.12212056566644186,0
1,0.555364692794519,1
0,0.000609847343133214,0
0,0.16492292824446667,0
1,0.8991750755054518,1
0,0.07740236179396846,0
0,0.3089948717432944,0
0,0.2772762714956589,0
1,0.9943891523409265,1
1,0.6900724085191973,1
0,0.05094234893790419,0
0,0.5228715178068959,1
0,0.22613011231534827,0
0,0.3151390632796173,0
0,0.5408580282806654,1
0,0.49087693494715307,0
0,0.020649983970570142,0
0,0.8055789877576065,1
1,0.8047295593192217,1
1,0.8443062631163565,1
0,0.12186209681599837,0
1,0.6532025430515697,1
0,0.46649670265804644,0
0,0.2304179850838094,0
0,0.0037378136645793377,0
0,0.013966244007840778,0
0,0.002262663727064093,0
1,0.5887332928650092,1
0,0.05392811676536651,0
0,0.029088867111255048,0
1,0.65348110081529,1
1,0.8281576920005297,1
0,0.6375797326390268,1
0,0.22245979053013684,0
0,0.0184860580067313,0
1,0.8339637618076022,1
1,0.9942641431957934,1
0,0.028218928292815318,0
0,0.06642479687132405,0
0,0.1277708956337931,0
0,0.30830551119720606,0
1,0.2887946674880132,0
0,0.0460634451242124,0
0,0.16841124112057126,0
0,0.2918491656054926,0
0,0.40669002215073746,0
0,0.00039275261957306344,0
0,0.4543063943845245,0
0,0.08420872899351557,0
0,0.1937287674241461,0
0,0.6032716033731549,1
0,0.615173869378699,1
1,0.5636836238846332,1
0,0.009573876189450577,0
0,0.0011880867800678906,0
0,0.13674751796506676,0
1,0.9111939793178329,1
0,0.011126345921130036,0
0,0.15514017454114168,0
0,0.004860136881293036,0
0,0.04786988318931775,0
1,0.6006807374481011,1
0,0.015316474196019059,0
0,0.20574613981668077,0
0,0.8599565056685541,1
0,0.001172160518084488,0
0,0.002109811184982486,0
0,0.08087590454638292,0
0,0.0026143253534147456,0
0,0.6123892723650558,1
1,0.9812546898137189,1
0,0.002255717479130073,0
1,0.8693024237810953,1
0,0.17896872360400137,0
0,0.3376692467696257,0
1,0.7680325458765669,1
0,0.006443236924251976,0
0,0.6011500470154392,1
1,0.7231565706176478,1
0,0.19692738155749473,0
0,0.00594014102689707,0
0,0.007203405319798608,0
0,0.029748626241213792,0
1,0.8514805656480499,1
0,0.3638557176133448,0
1,0.9865594392961532,1
0,0.6835292518627012,1
1,0.9023407541021254,1
0,0.00022727573099562447,0
0,0.30956420753440644,0
1,0.7280086109077627,1
1,0.6262118329473252,1
0,0.8482459234443411,1
0,0.0016990275323113843,0
1,0.6954419313552173,1
0,0.23519788992397528,0
0,0.22284453922403935,0
0,0.027484696273125053,0
1,0.7446786084295675,1
0,0.7861830341364514,1
0,0.3695734222938197,0
1,0.48705841698322055,0
0,0.0817242460756791,0
0,0.0031117005048851504,0
0,0.09734107272375249,0
0,0.3606146581449511,0
0,0.033957449777763535,0
0,0.13544765546424303,0
0,0.3946461562599615,0
0,0.6903271907495891,1
0,0.022289335672242512,0
1,0.6888468811273556,1
0,0.7179879159527539,1
0,0.08509231998641098,0
0,0.5039835121177827,1
0,0.003354252612827883,0
0,0.3466022682651358,0
0,0.00522412330220711,0
0,0.7519663880104334,1
0,0.0780422829821729,0
1,0.6396052397621763,1
1,0.6919435820895028,1
0,0.016891143492936918,0
0,0.007511053244676468,0
0,0.12739822330240116,0
0,0.001439611721056819,0
0,0.006810521568216624,0
0,0.01831186721838837,0
0,0.0945114881742788,0
1,0.9013505578835431,1
0,0.42444059484945046,0
1,0.8275860024441213,1
0,0.048588259212753275,0
1,0.6600991167827024,1
0,0.26955126213668557,0
0,0.39900754294123925,0
0,0.6047651395517035,1
0,0.03129362655899249,0
0,0.08144012433924172,0
0,0.04146256913937375,0
1,0.6858023159117737,1
1,0.9790664139283223,1
0,0.7360313742890406,1
0,0.037228558045850665,0
0,0.014410344035245656,0
0,0.0022151115083995174,0
0,0.004815394219464428,0
1,0.6879508475059314,1
0,0.8122121521943664,1
0,0.020764067834374338,0
0,0.2681245056091109,0
0,0.001500714301290997,0
0,0.038728059717405804,0
1,0.7948692654322023,1
1,0.9916993624347621,1
1,0.5715355812972363,1
0,0.5508863328698527,1
0,0.28585585269671093,0
0,0.06211264212134735,0
1,0.614652836760382,1
0,0.25296581337307517,0
0,0.37707829420202366,0
0,0.22550375711624657,0
0,0.49991156228660116,0
0,0.3146213121674214,0
0,0.3437235562604698,0
0,0.7231256236081796,1
0,0.3024392935156065,0
0,0.015609084534415531,0
0,0.048424638408245645,0
0,0.002720992354943235,0
1,0.15760831735432754,0
0,0.031341139889278995,0
0,0.5281457325467407,1
0,0.5482708090784908,1
0,0.007105339156317002,0
0,0.5562283322874887,1
0,0.07045695710891343,0
0,0.047157412018949275,0
0,0.011621937197368733,0
1,0.8142302836863388,1
0,0.0038322851038605737,0
0,0.016661577154035226,0
0,0.8694883685095279,1
0,0.01007839078817695,0
1,0.6207988118817345,1
0,0.8762265375718259,1
0,0.060991389087777875,0
1,0.8704209096891147,1
0,0.14648971512226447,0
0,0.35587561041382343,0
0,0.5249776044607893,1
0,0.5719447886629354,1
0,0.009553078494821928,0
0,0.04518825353941999,0
1,0.9301028598556712,1
0,0.16672302265611955,0
0,0.001631826106122249,0
0,0.3039039807871198,0
0,0.4350177962755719,0
0,0.02040580386173964,0
1,0.13708632751725058,0
0,0.06803580015261658,0
0,0.33799478409836714,0
0,0.3459416582322082,0
0,0.034308333773440364,0
1,0.9814008335898053,1
1,0.7337811478288425,1
1,0.8596819884361732,1
1,0.6947440227420858,1
0,0.001515102409931454,0
0,0.1294195121986998,0
0,0.03444183328414146,0
1,0.5249366758088891,1
1,0.7468331933062512,1
0,0.011378500823697409,0
0,0.2265941779906495,0
0,0.3538050927878378,0
1,0.9369454530830876,1
1,0.5246345461937539,1
1,0.8246593465620452,1
0,0.2653844676187072,0
0,0.26623158719857154,0
0,0.5337490399832039,1
0,0.011490240208386066,0
0,0.10356955774175634,0
0,0.4610004326757808,0
0,0.5541314542438205,1
0,0.1932110342570342,0
0,0.6965366105182385,1
0,0.25838834035903496,0
0,0.0046693277183811705,0
0,0.37244215940125,0
0,0.5515556889791728,1
0,0.2872746150620188,0
1,0.7395583378847098,1
0,0.02997728171425786,0
0,0.4213145391044103,0
0,0.021827094141594467,0
1,0.6686141596897691,1
0,0.06192744205231052,0
1,0.9409374894730581,1
0,0.6820838069493027,1
1,0.7577360052092859,1
0,0.0297089464297674,0
0,0.22571789940092368,0
0,0.06563828186870518,0
1,0.8453422011911569,1
0,0.0021077778666850175,0
0,0.4988162488280136,0
0,0.052601104327891716,0
0,0.0016520986959832824,0
0,0.7771342280748222,1
1,0.2703908491276593,0
0,0.014870390280706853,0
0,0.0008228114815905864,0
0,0.3868253689040918,0
0,0.2546025112180559,0
0,0.0030210248225968264,0
0,0.004704172029630639,0
1,0.8934319662045194,1
0,0.021287070768453462,0
0,0.33841583947669657,0
0,0.01415428450463047,0
0,0.01786432861138163,0
0,0.020547163540311553,0
0,0.17175008639019015,0
0,0.23782936003110544,0
0,0.008652822131167566,0
0,0.8070822837505732,1
0,0.10882011362902712,0
0,0.01155861555162847,0
1,0.9020954858084493,1
0,0.06235569585492598,0
0,0.06800228933765026,0
0,0.17902313058130306,0
0,0.743303360754538,1
0,0.6790700272631629,1
0,0.00801604078560453,0
0,0.007454874017529554,0
0,0.0009207018115610105,0
0,0.13410937506093382,0
0,0.5582095672723572,1
0,0.13740636471749862,0
0,0.5079590043990712,1
1,0.9592840417858334,1
0,0.026400759591598145,0
1,0.5724739778527028,1
1,0.3545044850343794,0
0,0.5463260785646422,1
0,0.5914127420796653,1
0,0.006611444254309268,0
0,0.07768024862289416,0
0,0.00017880685769110005,0
0,0.010532306076949364,0
1,0.9237998816532342,1
0,0.03265207810845726,0
0,0.388319291166238,0
0,0.10424421592211583,0
0,0.09145848877060003,0
0,0.8376067944370722,1
0,0.08133601761292067,0
1,0.6665642867358351,1
0,0.005880256752192816,0
0,0.07578502637278042,0
0,0.005488239807918461,0
0,0.4117711796415496,0
0,0.07249258304726762,0
0,0.006120396389426539,0
1,0.9505519393079969,1
0,0.13062080896277511,0
0,0.12334373352693151,0
0,0.1306426850797659,0
0,0.1447445414848667,0
0,0.8464159005006013,1
0,0.5739866936332174,1
1,0.8570411390388096,1
1,0.760079593412558,1
0,0.04726020668170264,0
1,0.21110600236472948,0
1,0.7720332705934335,1
0,0.2027054133195213,0
0,0.9282912039300337,1
0,0.5783226241004156,1
1,0.24184647709421356,0
0,0.08378368562179773,0
0,0.6623053678232754,1
0,0.9115790049603962,1
0,0.016881644877936405,0
0,0.08792718339069383,0
1,0.9069362165201307,1
1,0.8140133603245457,1
0,0.00587712629052274,0
0,0.3622478760971394,0
0,0.02479243136800967,0
0,0.12489174124803458,0
0,0.6680221742585367,1
1,0.9580807439746672,1
1,0.9676638650693815,1
0,0.844709244708816,1
0,0.2536753115378326,0
0,0.008371466222291339,0
0,0.02093234863204842,0
0,0.012640249770397988,0
0,1.1870435497536958e-05,0
0,0.4972842090463404,0
0,0.5150204773945374,1
0,0.001575774137412752,0
0,0.009266742919676392,0
0,0.4563832940982699,0
0,0.6269384692944494,1
0,0.0970276405149951,0
0,0.6432872715267777,1
0,0.04350751818887254,0
1,0.5800085498319445,1
1,0.7676570069501083,1
1,0.8166865559681019,1
0,0.05927406644965546,0
0,0.12088001253018954,0
0,0.6350594617056672,1
0,0.5729295808003139,1
0,0.00040153268809871637,0
0,0.6039176599086044,1
1,0.4781013579492476,0
0,0.008414229198338993,0
0,0.4602880737541737,0
0,0.6027031515828465,1
0,0.002269417778402395,0
0,0.6477079219669817,1
0,0.00720422382396071,0
0,0.019350611117554057,0
0,0.019554498851269034,0
1,0.5819757324146978,1
0,0.38691425076778496,0
0,0.001977518464348961,0
0,0.14973032233517905,0
1,0.9934884759407271,1
0,0.825067214523351,1
0,0.005268449208818916,0
0,0.1058946236254663,0
1,0.6247073931196649,1
0,0.11321073875810349,0
1,0.7652880615049261,1
0,0.0019700490709719854,0
1,0.8758176180653203,1
0,0.15316584008300527,0
0,0.03695774682756602,0
0,0.3229192663705692,0
0,0.6293100111088503,1
0,0.06367426137830638,0
0,0.6149448625588311,1
0,0.3080854921342359,0
0,0.03152035576582959,0
0,0.013474702542967778,0
0,0.6128372916032819,1
0,0.44429706656356366,0
0,0.27871300709839636,0
1,0.37817033608008066,0
0,0.6651457415706196,1
0,0.6851336995730798,1
0,0.0015097789936067533,0
0,0.034613129400915044,0
0,0.018918301113640377,0
0,0.5139692052416962,1
1,0.7449971410614553,1
0,0.017410308612123174,0
0,0.007705148896240323,0
0,0.2573339802052499,0
0,0.3738924828167345,0
1,0.9864588819972668,1
0,0.005340211697071568,0
1,0.8308294924182945,1
0,0.5633230806861482,1
0,0.002525090404348187,0
0,0.40901396098910914,0
0,0.4043883487665104,0
1,0.7547061889203013,1
0,0.0029876045238804317,0
0,0.27370521917879814,0
0,0.6400569695127852,1
1,0.8968888928191758,1
0,0.05627172271575311,0
0,0.03778158911504168,0
0,0.29416134076799655,0
0,0.647790264421841,1
0,0.12982683903758338,0
0,0.007453657519761375,0
0,0.34591651712404814,0
0,0.5538617920527118,1
0,0.007997652565496515,0
0,0.5257500639465696,1
1,0.9889571181474052,1
0,0.14113538081172586,0
1,0.8249768241432307,1
0,0.23413514184893544,0
0,0.7695857064529193,1
0,0.2312855915014645,0
0,0.12545289235394602,0
1,0.5518028796786528,1
0,0.019737886760648044,0
1,0.7522078647597376,1
0,0.5994620005579602,1
0,0.6259488413228347,1
1,0.9700650033044612,1
0,0.3237482292657341,0
0,0.022297579505707273,0
0,0.17950237407524636,0
1,0.6273131983067407,1
0,0.5131619343737762,1
1,0.7398129116561448,1
1,0.8350507782932571,1
0,0.6071868278245609,1
0,0.027365669132462713,0
0,0.03543268185225791,0
0,0.11942780668104905,0
0,0.05721588264886305,0
1,0.7764303496088139,1
0,0.5857651788324428,1
0,0.0012811194367670859,0
0,0.10134362444014604,0
0,0.4184639545723575,0
1,0.972340741292953,1
0,0.010582635132130801,0
1,0.8889950422966674,1
1,0.6252753647753633,1
1,0.7326480640879909,1
1,0.8308940181895924,1
0,0.011099863908608218,0
0,0.13680673859119322,0
1,0.542635696418527,1
1,0.6068873891028294,1
0,0.26599152219681055,0
0,0.6635405316506712,1
0,0.0007088470134898905,0
0,0.008634161321846684,0
1,0.5894437719756874,1
0,0.034325347514865504,0
0,0.07588372333628665,0
0,0.005626231475760043,0
0,0.009081840815816922,0
0,0.021596511527058652,0
0,0.2152128096983877,0
0,0.19946252276881413,0
1,0.8849222378915705,1
0,0.0084833780854324,0
0,0.06908934421304772,0
0,0.5358914764456402,1
0,0.22248277718923054,0
0,0.009960696459588775,0
0,0.032648787321503385,0
1,0.7857249368232728,1
0,0.15537151304010768,0
0,0.46854542314974823,0
0,0.03601074589734324,0
0,0.1807994338596246,0
0,0.07668466347439842,0
0,0.6930821286640085,1
0,0.18485889592802154,0
0,0.13627139231993135,0
1,0.6853568323859865,1
1,0.5949264977584122,1
0,0.16628131654360886,0
0,0.07075129513592053,0
1,0.9301684933767179,1
0,0.8444075822848397,1
0,0.3378472409592125,0
0,0.4976684481533855,0
0,0.11613481886115863,0
0,0.06114302094705981,0
0,0.6169042188138495,1
0,0.21212069566712688,0
0,0.004124604728820949,0
1,0.896370089176685,1
0,0.25366580757269913,0
0,0.0012324069874182204,0
0,0.08296355849937377,0
0,0.30939044259824666,0
1,0.9430537500603347,1
0,0.02255020985765962,0
0,0.5218366864781789,1
0,0.2995046585354885,0
1,0.209796853118103,0
0,0.0783735563027028,0
0,0.06683996663587684,0
0,0.0035915735481346967,0
0,0.6167215175694465,1
0,0.0005233890589400758,0
0,0.012949652688113818,0
0,0.26918725652350345,0
0,0.0011689930522293104,0
0,0.02262603326391329,0
1,0.9175153984199385,1
0,0.6976378163806619,1
0,0.5564202987634123,1
1,0.6501278701378853,1
0,0.0055658238287618405,0
0,0.2827763984868338,0
0,0.706414546494468,1
0,0.00546680372142744,0
0,0.13481921472900923,0
0,0.0721862756449111,0
0,0.2256726541192344,0
0,9.267420907120254e-05,0
0,0.01923712109395665,0
0,0.4829341084365127,0
0,0.24294575515291061,0
0,0.13976686427079735,0
0,0.10109361737058009,0
0,0.01055367955219393,0
0,0.0029441185576863423,0
0,0.06306651606663799,0
0,0.7690230428581344,1
0,0.4004853043418951,0
0,0.010897144425660331,0
1,0.6766754462189494,1
0,0.04164130925878829,0
1,0.8709924912579622,1
0,0.04019426459064916,0
1,0.732330102395447,1
0,0.27765733318959607,0
0,0.040220709684862195,0
0,0.014363427161467482,0
0,0.07838332143564453,0
0,0.2317201371584649,0
0,0.2643312258054381,0
1,0.4854302861570469,0
0,0.04419150077150498,0
0,0.6492118986740916,1
0,0.0016924579885722849,0
1,0.8801512084465217,1
0,0.027908203719050076,0
0,0.02488230250202539,0
1,0.6615883254681026,1
0,0.048853934970347235,0
0,0.4839286999376638,0
1,0.8919559616905853,1
1,0.5084811985963759,1
0,0.17743741154429757,0
1,0.42585512847385376,0
1,0.6476491104833423,1
0,0.12142786622079373,0
1,0.6265492267465157,1
0,0.10814093822858725,0
0,0.6509364665889805,1
0,0.006544230538701786,0
0,0.0036287308487858586,0
1,0.908936267159041,1
0,0.001485657608783287,0
0,0.22364344841440711,0
0,0.0005397349990707038,0
0,0.011874243687690305,0
0,0.005529878921035541,0
0,0.006961209913227523,0
0,0.026815405262376656,0
1,0.6295577621753621,1
1,0.9947219302491167,1
0,0.22659322882515417,0
0,0.08150799270379944,0
0,0.21063221780853897,0
0,0.1102631057443012,0
0,0.5930440341910325,1
0,0.0009373277264853466,0
0,0.24899232021445025,0
0,0.0032584441734580766,0
0,0.8707484879385411,1
0,0.00010363245534098706,0
0,0.06179361546136226,0
0,0.20640861480133624,0
0,0.025186316725905145,0
0,0.019883385255325646,0
0,0.011615355352672073,0
0,0.005513925766191317,0
0,0.430609006004112,0
0,0.004279358063539895,0
0,0.0037819197930416015,0
0,0.3592217322006738,0
0,0.04058808120313334,0
0,0.3666492399750493,0
1,0.7812397990189688,1
1,0.23597676906890697,0
0,0.23825638698024762,0
0,0.006695422115919845,0
0,0.02091514146027723,0
1,0.6731142018388941,1
1,0.7290641538757627,1
0,0.7003742078060781,1
0,0.00031689689010272026,0
0,0.21124585150738484,0
0,0.7492071953288266,1
0,0.0018510610821247963,0
0,0.5017133141383944,1
0,0.0252931958598918,0
1,0.8983395820761905,1
1,0.1823530508326714,0
0,0.1933321761253093,0
0,0.0022230366875165674,0
1,0.530659622960643,1
0,0.17292216717625716,0
0,0.06257956067182187,0
0,0.6344054298156743,1
0,0.02949836902257805,0
0,0.007316184159263924,0
1,0.5278345821328877,1
0,0.021871385942596674,0
0,0.2984455720631542,0
0,0.00037272710772782357,0
1,0.05847657063351264,0
0,0.02521623795646212,0
0,0.009975135759221503,0
1,0.9008211505761438,1
0,0.706023243143382,1
0,0.5179927390049317,1
0,0.680822931514671,1
0,0.2880272400002712,0
0,0.18287715715877326,0
0,0.9187806195986885,1
0,0.03569953675134516,0
0,0.5184954025058809,1
0,0.5641706407742744,1
0,0.7357706890490033,1
1,0.08292621474092762,0
1,0.991301131638603,1
0,0.25458707132257774,0
0,0.041631512591338446,0
0,0.06518309653224366,0
0,0.3507291745074752,0
1,0.9920433013071834,1
0,0.23875852630185856,0
1,0.6020991944273071,1
1,0.6307112848084971,1
1,0.6165328193626552,1
0,0.002596861124837221,0
0,0.06169348655440212,0
0,0.14717322045620024,0
0,0.0004468527211903084,0
1,0.9390206171311195,1
1,0.8117929011672925,1
0,0.4448010903974145,0
1,0.6343107545389003,1
0,0.3376597252312735,0
0,0.552929489206395,1
0,0.10284526495107639,0
0,0.13611392397852734,0
0,0.015465160527506079,0
0,0.02310157456937521,0
0,0.007027019385288206,0
0,0.17296715774967897,0
0,0.28328996377560617,0
0,0.658875771932335,1
0,0.009288371238680784,0
0,0.01685851220536415,0
0,0.034530379989695645,0
1,0.5553882540972873,1
0,0.03982406772900118,0
0,0.0265609142253443,0
0,0.03705149815831272,0
0,0.0010569121741860193,0
0,0.0023369125324260278,0
1,0.6760417034717828,1
0,0.5312757010574424,1
1,0.19869031738848522,0
0,0.13985064981936668,0
0,0.2220308720780283,0
0,0.0011578302120246367,0
1,0.9322712658407051,1
0,0.030990576636128527,0
1,0.3970522595704992,0
1,0.9110923130536941,1
0,0.06456736423969142,0
0,0.8570970272901968,1
1,0.7690681335048531,1
0,0.0044975023151783925,0
1,0.8693702647707805,1
0,0.05382169071171976,0
0,0.05461234630718725,0
0,0.11572542918109276,0
0,0.08770945688754961,0
1,0.8537591180339771,1
0,0.02556508591961251,0
0,0.07380573384826349,0
0,0.267023216715239,0
0,0.010985510127764952,0
0,0.08262217989554686,0
1,0.5735467147313369,1
0,0.20562584622030916,0
0,0.0053061141201353355,0
0,0.09047435880144337,0
0,0.2896351732960287,0
0,0.1283293333193999,0
0,0.03732164641940881,0
0,0.4082793830494866,0
1,0.396141632348202,0
0,0.012197279633293045,0
0,0.03890520553579202,0
0,0.3316746886190188,0
0,0.12390186617500047,0
0,0.002914953860783264,0
1,0.924348500085467,1
1,0.7764499847672781,1
0,0.13809571792133074,0
0,0.02694117927250914,0
1,0.6747748984780211,1
0,0.15153612048374898,0
0,0.2926424921439769,0
0,0.03186266492978105,0
0,0.30787305903933276,0
0,0.21671314201905376,0
0,0.015054382768233617,0
0,0.04647124848739129,0
0,8.986735054727035e-05,0
0,0.007868406226152737,0
1,0.7262153035751184,1
0,0.7854625285218948,1
0,0.2588945765332175,0
0,0.13516521052758187,0
1,0.8913332552851936,1
1,0.9855491955228407,1
1,0.16956125498136732,0
0,0.2814495244364001,0
0,0.1096032666320627,0
1,0.8860801547943188,1
0,0.00555759308957801,0
0,0.21424045195241898,0
0,0.07086060687735253,0
0,0.004362144439115973,0
1,0.7198396588898196,1
0,0.593793779684381,1
0,0.004334839529985744,0
1,0.4145325829269272,0
0,0.017963948186687707,0
0,9.267420907120254e-05,0
0,0.13707864695098787,0
0,0.016705494902690923,0
0,0.017666600722727542,0
0,0.2897466225058885,0
0,0.0017982479391544686,0
0,0.4646306352808994,0
0,0.27117067312208204,0
0,0.0007841267418794829,0
0,0.22108028209691166,0
1,0.8604847885089252,1
0,0.1003814705159065,0
0,0.06765433527859525,0
0,0.6285012662523125,1
0,0.004353935323078058,0
1,0.30695491020116633,0
0,0.06391296188316115,0
0,0.5001521177652745,1
1,0.9616981827969462,1
0,0.8585857749352976,1
1,0.08217151116575958,0
0,0.5732291566174701,1
1,0.9840935693000722,1
0,0.208436670226494,0
0,0.8249982445571935,1
0,0.21280782943013055,0
0,0.004178629443389956,0
0,0.002989403211897987,0
0,0.10520874556303887,0
0,0.1356679641954829,0
1,0.5813836683896009,1
1,0.9218738571615813,1
0,0.2219039356424826,0
0,0.36422849014970526,0
0,0.035298068088923586,0
1,0.9594647432418765,1
0,0.01785097801563585,0
1,0.8781648378783234,1
0,0.03508636098248109,0
1,0.9887483376880165,1
0,0.4550331998118628,0
1,0.9717196980357674,1
0,0.15156039888010228,0
0,0.13362649707465699,0
1,0.9103549702603423,1
0,0.564075477785235,1
0,0.7870144524659891,1
1,0.9735169199686641,1
1,0.4546945154294869,0
0,0.8254773536668957,1
0,0.5217496428125208,1
0,0.517581453555794,1
0,0.21495397615432754,0
0,0.06199264148499078,0
0,0.7204955354351223,1
0,0.05907166034027046,0
1,0.8716272162070692,1
0,0.45170008240591186,0
0,0.11232073817053125,0
1,0.9664716673077951,1
1,0.5482577438129888,1
0,0.22001097521020838,0
0,0.006395702301316262,0
0,0.006252379857875769,0
0,0.3700168798708489,0
0,0.2856866515554743,0
0,0.44033193063208964,0
0,0.5589946794913687,1
0,0.6012828072603756,1
0,0.011061638330739771,0
0,0.24164001873331392,0
0,0.02940488922625443,0
0,0.6148130112539786,1
0,0.01110327642782704,0
0,0.02081430364780776,0
0,0.09835997137536327,0
1,0.9228720645616079,1
0,0.059505530089475706,0
0,0.6237403160561745,1
1,0.8722546636855043,1
0,0.24697765202167887,0
1,0.8696656825156223,1
1,0.8222199081094653,1
0,8.639134494938235e-05,0
0,0.0101238362997159,0
0,0.3421111629912571,0
0,0.14971011861185435,0
0,0.6215276845443823,1
0,0.0593281993512778,0
0,0.6355301718035438,1
0,0.7666411761271217,1
0,0.7909153729549531,1
1,0.746156431617116,1
0,0.6157701584788522,1
0,0.16510517519681037,0
1,0.546379827838977,1
0,0.02480604722170866,0
1,0.41787930902490855,0
0,0.14267308022048,0
0,0.010207765820070248,0
1,0.11882779306178584,0
0,0.1709638251265286,0
0,0.5147466339537299,1
0,0.3411646954278084,0
0,0.001239076139055213,0
0,0.17979616806408574,0
0,0.005122526852341211,0
0,0.34382475628264925,0
0,0.4071666303983766,0
0,0.006087570413038218,0
0,0.7825135271242089,1
0,0.4579226657431557,0
0,0.004246206724548258,0
1,0.4737108101095322,0
0,0.0042045697579519105,0
0,0.1386573635333071,0
0,0.22192456332452268,0
0,0.010712551270128521,0
0,0.4690187256259916,0
0,0.3405526473098531,0
0,0.554350306798376,1
0,0.11396634156037627,0
0,0.16159843074687716,0
1,0.6109286969686777,1
1,0.8979035539136737,1
1,0.7823476849588143,1
1,0.9076166368285284,1
0,0.002118827606096283,0
0,0.5400996000874364,1
0,0.0019484396640905048,0
0,0.001439611721056819,0
1,0.2569495362238789,0
0,0.06874323025087202,0
0,0.6047902873100348,1
1,0.8643599930832114,1
0,0.234513126923548,0
0,0.11298329678960918,0
1,0.8472948549164688,1
0,0.0027095675446694683,0
0,0.01628065309596447,0
0,0.002135303837836373,0
0,0.0005233890589400758,0
0,0.46710607935100257,0
1,0.6487609654459555,1
1,0.9366015015949878,1
0,0.01221568202350001,0
1,0.7687375486109169,1
0,0.0006189883145587331,0
0,0.1295353166842131,0
1,0.8329817193080131,1
0,0.4201803728923904,0
1,0.46174298855173146,0
0,0.45566579315949884,0
1,0.873462855611048,1
0,0.3322427634914697,0
0,0.10953189918571861,0
1,0.8560043695487409,1
1,0.8484495398943301,1
0,0.5929407055897115,1
0,0.015441551375015204,0
0,0.3874745312886036,0
0,0.07325801555555894,0
0,0.3514544349663174,0
0,0.3415885810873864,0
0,0.00037591521860500394,0
0,0.661586242846281,1
0,0.07974225840759872,0
0,0.002660603484781316,0
0,0.8363188590196589,1
0,0.0002465323508184615,0
0,0.019469500457513243,0
1,0.6281908354953513,1
0,0.3481793121461907,0
0,0.30947912023840357,0
0,0.3575307042366696,0
1,0.08586063170778692,0
0,0.22294761389787263,0
0,0.1853300157183322,0
1,0.7460340690762013,1
0,0.01848293676349529,0
0,0.4146713081987575,0
0,0.09854470625275707,0
0,0.011560932319534513,0
1,0.36264661485283134,0
0,0.7034985025537976,1
0,0.2709862210250991,0
0,0.017252871003040685,0
0,0.008587447991815345,0
1,0.6350501702691134,1
0,0.013621697605242554,0
0,0.007381691476447564,0
0,0.05005492684795987,0
0,0.12091138021546259,0
0,0.0006593626876046975,0
0,0.0025652854681913334,0
0,0.03174039945665634,0
0,0.4197572584671839,0
0,0.06648049890012295,0
0,0.7012401105853371,1
1,0.7790272423373827,1
0,0.14110274233835965,0
0,0.02619735838783158,0
1,0.855189827105814,1
0,0.01949997982358017,0
1,0.36239452610857964,0
0,0.0006381325031954953,0
0,0.4599355719439487,0
1,0.7686732593883483,1
0,0.5547783957286441,1
0,0.5641165162822764,1
1,0.265016920428787,0
0,0.03260986027402609,0
0,0.6657551926814992,1
0,0.004604430572324845,0
0,0.05154439585112287,0
0,0.7554792667406266,1
1,0.8692135246312213,1
0,0.4528603651193523,0
1,0.9002456482152998,1
1,0.9931724285547612,1
0,0.000890970144997684,0
1,0.8368374596866492,1
1,0.9753244874752737,1
0,0.23656582543449337,0
0,0.03941504579302435,0
0,0.02491622510689855,0
0,0.1582499845941074,0
0,0.62653759330947,1
0,0.08101880411991613,0
1,0.9950158393136731,1
0,0.6796470695902989,1
0,0.007711172985526019,0
0,0.011498618041510051,0
0,0.3045243356736115,0
0,0.8663125505820559,1
0,0.961041933404518,1
1,0.5075128979270419,1
1,0.8696187229854762,1
0,0.13425042111479837,0
0,0.004305971267107313,0
0,0.07728825859742791,0
0,0.0012580497111443355,0
0,0.01405782631731323,0
0,0.7547065701409064,1
0,0.005532716026291542,0
1,0.9158727668399589,1
1,0.2399945511036535,0
0,0.7929440604736604,1
0,0.3680443875567458,0
0,0.05144554983487925,0
0,0.0004736558630007632,0
0,0.1075252398565174,0
1,0.8956871357910122,1
0,0.011687770242784808,0
0,0.1835042068114274,0
0,0.011279443191110662,0
0,0.12738614082311575,0
1,0.3172939022253333,0
0,0.80177058119745,1
0,0.0008726671018735258,0
0,0.30252536948607306,0
0,0.24110286450680082,0
0,0.2519993709945885,0
0,0.2426529365798406,0
0,0.4460393841258491,0
0,0.10944984126685561,0
0,0.006101761370630459,0
0,0.019606094399037412,0
0,0.1646104780206271,0
0,0.08852950686966213,0
1,0.8983663138106799,1
0,0.0039944848803076215,0
0,0.002122297773411787,0
0,0.060607614305188365,0
0,0.20364872783197618,0
0,0.0046899944515861386,0
1,0.969312856324635,1
0,0.031669730904270485,0
0,0.12114617539399725,0
0,0.7249678707323023,1
0,0.022818802160895334,0
0,0.21817550086551066,0
0,0.3978971693905013,0
0,0.013761310573467448,0
0,0.7801056741502768,1
0,0.11965850740060906,0
0,0.263986604330909,0
0,0.061523825599928375,0
0,0.0008182651167459938,0
0,0.19510115577600126,0
0,0.8824028959797731,1
0,0.0022689078501478823,0
0,0.5330428302738223,1
0,0.01451226900617761,0
0,0.034323328347527216,0
0,0.11920199494376514,0
0,0.03814722271121261,0
0,0.3277794402878076,0
0,0.0004736558630007632,0
0,0.043567654711480386,0
1,0.6461933893246228,1
0,0.8353227533335198,1
0,0.26915846057395815,0
0,0.08823377794157494,0
1,0.6848405899710844,1
0,0.022026037040554218,0
0,0.0004617124781206321,0
0,0.6943283684806898,1
0,0.5200115877292255,1
1,0.7220690942172111,1
0,0.16455090581226653,0
1,0.377560141165472,0
0,0.3610350953493053,0
0,0.3462259397406979,0
0,0.0499911100373961,0
0,0.6056195115295089,1
0,0.0032796643074612126,0
0,0.015349191315810647,0
1,0.13208883063710947,0
0,0.07386589497397547,0
0,0.8569507425767389,1
1,0.9380253120184504,1
0,0.002611283299152671,0
0,0.005403805442126902,0
0,0.5003757010481493,1
0,0.003129437371318409,0
0,0.5367582219174938,1
0,0.006329019573808336,0
1,0.7884346911868628,1
0,0.14556365492095513,0
0,0.015129129153707819,0
0,0.6645164123161177,1
0,0.3428799469918317,0
0,0.027415074481280974,0
0,0.12802436357839317,0
0,0.011161767922560526,0
0,0.09619095586501836,0
0,0.11303762823364685,0
1,0.6169250094072128,1
0,0.27880049308371313,0
0,0.03800980084719331,0
0,0.018119868820555603,0
0,0.014936961515424962,0
0,0.8856602455681307,1
0,0.0018394542081505254,0
0,0.02997918447379361,0
0,0.714555930220024,1
1,0.8613413601678982,1
0,0.10935893426518545,0
0,0.05601193067693824,0
1,0.4825769009293572,0
0,0.011355416697858702,0
1,0.7650495316558312,1
0,0.05076725502079861,0
0,0.01640635737994568,0
0,0.01812014657692711,0
0,0.00470338234317188,0
0,0.13962498831311232,0
0,0.8715973739996223,1
1,0.8298343556473643,1
0,0.5490452222880757,1
0,0.009285476963483892,0
1,0.11080942520223123,0
0,0.0729534276284324,0
1,0.921970295990898,1
0,0.06421344371897371,0
0,0.1629902531531601,0
0,0.5437148306416961,1
0,0.3650530796005674,0
1,0.5303620013681307,1
0,0.5214829265641013,1
0,0.0046182245098985684,0
0,0.14243968296598666,0
0,0.061898251801681375,0
1,0.8406419827145157,1
1,0.8323963188752683,1
1,0.5149073694863688,1
0,0.0004044816220021421,0
1,0.8324586802218283,1
0,0.0018624722001895036,0
0,0.015926103722540448,0
0,0.2924602308455452,0
1,0.7411309268258014,1
0,0.10441897372689854,0
0,0.0182535065898732,0
0,0.001367486684926592,0
0,0.026096920393044187,0
1,0.22379828688301287,0
0,0.0007728548630489033,0
0,0.005591766504452863,0
1,0.6409825617469008,1
0,0.00011447567589660884,0
0,0.06213560624694143,0
0,0.48377664577904755,0
0,0.5138309738855007,1
1,0.9110831506445852,1
0,0.01152151040741534,0
0,0.6651995299609096,1
0,0.09176386537692052,0
0,0.027242233957160807,0
0,0.00013854557386762782,0
1,0.8820602918031515,1
0,0.005943599140355665,0
1,0.9717660276510626,1
1,0.7268382948463386,1
0,0.26422589484817877,0
0,0.6842395639724399,1
1,0.8754357147368059,1
0,0.2762434554233142,0
0,0.39658317247552716,0
0,0.026645307177906172,0
0,0.7591913979063527,1
1,0.8609399293390074,1
0,0.0489721614365673,0
0,0.00332249804300212,0
0,0.19820487225377492,0
1,0.4528053001422554,0
0,0.0891301217112916,0
1,0.7707086602519487,1
1,0.7217456486753867,1
0,0.10078803581222755,0
0,0.030552327740505168,0
0,0.1462289903511159,0
1,0.6081304285269825,1
0,0.1830566636687594,0
0,0.0020025070006839214,0
1,0.415016397858425,0
0,0.6329431743253795,1
0,0.03224351969593518,0
0,0.794412269315168,1
0,0.03272508356907167,0
0,0.1393704681949365,0
0,0.002910900239003721,0
0,0.07561586360877667,0
1,0.6620508761493366,1
0,0.42325144751276045,0
1,0.8581756952207342,1
0,0.004016846536925748,0
0,0.04107865915085292,0
1,0.31187643317679736,0
0,0.449759971008842,0
0,0.4871073245588308,0
0,0.005386452319088064,0
0,0.5307332208919123,1
1,0.767258408435152,1
1,0.8790301597494312,1
1,0.649394064902994,1
0,0.13561381875671705,0
0,0.019028032787437678,0
0,0.8695585899103602,1
0,0.5437709994847868,1
0,0.674862661068514,1
1,0.5812648280807021,1
1,0.9062788854701891,1
0,0.23134427980296454,0
0,0.357300846079968,0
0,0.20240430442875473,0
0,0.016193611207701852,0
0,0.020536110617204565,0
1,0.790464782841714,1
0,0.46627716158024346,0
0,0.6410460489296171,1
0,0.47984423791742936,0
1,0.9121997122486944,1
0,0.02207113514432784,0
1,0.8188293725185113,1
0,0.7794452685429714,1
0,0.502854047790174,1
0,0.622662738395278,1
0,0.41088442930681857,0
0,0.10461855273277645,0
0,0.12383000272371475,0
1,0.6541835229360197,1
0,0.6971774575769671,1
0,0.9337167105129409,1
0,0.8930592228068416,1
0,0.567892693004838,1
0,0.1137500018728945,0
0,0.1735175730493319,0
0,0.19618778872994333,0
0,0.10412066718801544,0
0,0.0006721573927652726,0
0,0.0699211213140171,0
0,0.0019004267939420395,0
0,0.5383106944796626,1
0,0.8999595127395509,1
0,0.09678150864518305,0
0,0.8654045703015474,1
1,0.5283116407039653,1
0,0.03604665202360366,0
0,0.5171783516586242,1
0,0.6196043628749565,1
0,0.5484531615101537,1
0,0.5016394609472291,1
0,0.00954746376167102,0
0,0.07195880036409656,0
0,0.359642861564831,0
1,0.7942750131462162,1
0,0.7945512744065145,1
0,0.007603600317849128,0
0,0.07186834608632507,0
0,0.2077530912811632,0
1,0.5675053546810706,1
1,0.9674890981893389,1
0,0.4825518764541443,0
0,0.7996096054203568,1
1,0.88490824040804,1
1,0.6790628683882899,1
1,0.8534312458709,1
0,0.14110621700233944,0
0,0.42268376668668156,0
0,0.8333916130491993,1
0,0.3390448269178061,0
1,0.7888584220836959,1
0,0.033465660163550515,0
0,0.05282861774769304,0
0,0.6384734554893329,1
0,0.2449424779259256,0
0,0.14129456126937576,0
1,0.9825137694107636,1
0,0.038605983619220186,0
0,0.016931250117955793,0
0,0.3704839955863467,0
0,0.11045324136866536,0
0,0.04207720329557914,0
0,0.004791690699222041,0
0,0.10833958038799375,0
0,0.4363130251052267,0
0,0.02690611373778702,0
0,0.43930047455124255,0
0,0.8687473085644268,1
1,0.8780907531131108,1
1,0.9533040236433644,1
0,0.12292412653731168,0
0,0.01398079424805625,0
0,0.02540418012320629,0
1,0.9889132228757853,1
0,0.8070090609797272,1
0,0.015836443606470216,0
0,0.6563156283958799,1
0,0.16550355982556236,0
1,0.7353938347482806,1
0,0.6444741613915744,1
0,0.3440255496043485,0
0,0.06079621794445333,0
0,0.1637885544729333,0
1,0.7937144263044482,1
0,0.003916720060027922,0
0,0.061456286662098576,0
1,0.8735598981289561,1
1,0.9920756171554581,1
0,0.0026424275598984815,0
0,0.7271414043217427,1
0,0.1914117763208557,0
0,0.004944719086656276,0
0,0.052311082539881155,0
0,0.09736319876722303,0
0,0.1959381615413203,0
1,0.8704929400779228,1
0,0.0206256901732664,0
1,0.6657719548464361,1
0,0.0048915903228228565,0
0,0.20721093525154255,0
0,0.012151102983359969,0
0,0.32910961086206747,0
0,0.0006442867091235931,0
0,0.07030403910318145,0
0,0.004903039684337235,0
0,0.011018235664993138,0
0,0.12799259316465797,0
0,0.3044174057619822,0
0,0.19303360065295141,0
0,0.846492316910849,1
0,0.7496312997237131,1
1,0.749984343876516,1
0,0.16096738878980502,0
0,0.6376477169130346,1
1,0.1863037996240995,0
0,0.027096039071197814,0
0,0.247730957426581,0
0,0.029133527526060223,0
0,0.32992398870451595,0
0,0.0065441897900007685,0
0,0.017399975536683366,0
0,0.05745321307672255,0
1,0.9226043641043494,1
1,0.6548937144757061,1
1,0.7374831790566283,1
0,0.05245604361968548,0
0,0.6621484556881975,1
1,0.5101157462615851,1
0,0.3723724063506945,0
0,0.047073520804206806,0
1,0.41892767476716275,0
0,0.41068556089967473,0
1,0.9311462831086572,1
0,0.2193140939140323,0
0,0.13716232814972243,0
0,0.5171383489438665,1
1,0.8315228380482456,1
0,0.044848418558975735,0
0,0.5444945691181418,1
0,0.40220225368684787,0
1,0.48864149724889766,0
1,0.6158709707131078,1
0,0.5241608005525454,1
0,0.518212395931816,1
0,0.08119813907986151,0
0,0.003118649855160112,0
0,0.2214709129877633,0
1,0.6035254226074709,1
0,0.1987282588675411,0
0,0.5639254703636241,1
1,0.5047638724128586,1
0,0.16767239328320094,0
0,0.8084539753859419,1
0,0.20812067023200398,0
0,0.38635339006114416,0
0,0.01563428774108572,0
0,0.05198555587286058,0
0,0.44293286920437425,0
0,0.5134116029521113,1
0,0.03201904905969518,0
1,0.91672537029817,1
1,0.9289249129788762,1
1,0.6601762795852264,1
0,0.25535675604746916,0
0,0.0009430958269680029,0
1,0.6238088713936405,1
0,0.009220466014606379,0
0,0.03232426318934642,0
0,0.7225245357347679,1
0,0.09531997365445241,0
0,0.3596564818733795,0
0,0.7424766437444277,1
0,0.002198148481430629,0
0,0.22324978158030045,0
0,0.10375810572157208,0
0,0.08707534842367387,0
1,0.9362084858254666,1
0,0.4579638849112311,0
0,0.9195418560972201,1
0,0.2396379562609628,0
0,0.003142245798389172,0
1,0.7626382265195019,1
0,0.09703556914972972,0
0,0.46488405557128915,0
1,0.19687992498223736,0
0,0.002291887657787843,0
1,0.5198118759763776,1
0,0.0027637954231325246,0
1,0.7287024293526626,1
0,0.607961432825768,1
1,0.7298446705523252,1
0,0.7790754763133337,1
1,0.7940395586230306,1
1,0.9011811638369346,1
0,0.021006228451214498,0
0,0.7341683945278448,1
0,0.36443775842829434,0
0,0.2623742344404307,0
0,0.5815383928501893,1
1,0.7529548179999462,1
1,0.7672260829965759,1
0,0.22908135288768652,0
1,0.8806527136715468,1
1,0.7248624211562423,1
0,0.9165454102243434,1
0,0.07151478995099449,0
0,0.22654431935854116,0
0,0.0010127932164082653,0
0,0.01111823831882423,0
1,0.9820306357332775,1
0,0.24902005120123719,0
1,0.8751800296946666,1
0,0.12378821203982646,0
0,0.8187297496454327,1
0,0.2396265291384323,0
0,0.06595744370338164,0
1,0.9070849608226701,1
1,0.6558568283816635,1
0,0.016929807738545046,0
1,0.3387693412926478,0
0,0.22619448265587694,0
0,0.1742524499250536,0
0,0.03222536402316366,0
0,0.8895302903925206,1
0,0.33404196853279045,0
0,0.6124888612299787,1
1,0.6274734132299075,1
1,0.7254437765944082,1
1,0.8768788288805823,1
0,0.14215589214487953,0
0,0.021353008803899152,0
0,0.26047096257773567,0
0,0.8236832593664692,1
0,0.11161718490700594,0
0,0.628063212002912,1
0,0.8598229497054791,1
0,0.058659248415600634,0
0,0.0007172235582654144,0
0,0.35839363293230375,0
1,0.6660272546634655,1
0,0.023877066854253462,0
0,0.5193822871666066,1
1,0.8906419498752005,1
0,0.0671197493625048,0
0,0.37433611678819273,0
0,0.005740241078790593,0
1,0.794561594820597,1
0,0.00095278710722262,0
1,0.8860396912913691,1
0,0.8368340178511786,1
0,0.6215222593090901,1
0,0.06437404119357018,0
1,0.9826028152294617,1
0,0.042971522233421315,0
0,0.5452696407369455,1
0,0.012394483065384324,0
1,0.9907972307443267,1
0,0.32124189414754084,0
0,0.3527658016172737,0
1,0.7834605848794874,1
0,0.44470284745761535,0
0,0.02008783110892057,0
0,0.6205257283955112,1
0,0.45821905425283205,0
0,0.7129475167808844,1
1,0.9924987833229684,1
0,0.47023917288986933,0
1,0.6790500173890616,1
0,0.12824857053816405,0
1,0.10993224873008839,0
1,0.5098296940428195,1
0,0.20838992089889188,0
0,0.07660314163120789,0
0,0.6167110972872563,1
1,0.8650620363584179,1
0,0.09464302152159197,0
1,0.6787887035926513,1
1,0.730185701186671,1
0,0.06047563300914244,0
0,0.4075339090139689,0
1,0.9820581184772437,1
0,0.22103962599731247,0
0,0.6503428489633524,1
1,0.08912276070750809,0
0,0.038787989124061895,0
0,0.0030386696822544902,0
1,0.7729840893406804,1
0,0.06312208247857366,0
0,0.5259057457456261,1
1,0.8917759380858784,1
1,0.8033207825917743,1
0,0.15235471380073434,0
0,0.21569195887381767,0
0,0.6456845555535649,1
0,0.5569625317167838,1
0,0.04684199079102711,0
0,0.03857304073011915,0
0,0.18087404112381159,0
0,0.25695062628378734,0
0,0.1453227797638137,0
0,0.010005991233940133,0
0,0.030324930223709287,0
0,0.5763254086000897,1
0,0.22423565014429583,0
0,0.0867948937213995,0
0,0.0010812498968363166,0
0,0.8225289617464377,1
0,0.12393808632170242,0
0,0.14284443211557848,0
0,0.5647908428946146,1
1,0.9091650292020609,1
0,0.3060154354560788,0
0,0.5224056567614419,1
1,0.4822415057125334,0
0,0.025521141578323542,0
0,0.703075405289282,1
1,0.3397212343397052,0
1,0.18208438604147686,0
1,0.9784604622439349,1
1,0.14378032617842793,0
1,0.9260325837823467,1
0,0.21394210631504615,0
0,0.028077579611029524,0
0,0.11809865533873075,0
0,0.27847677110265767,0
0,0.2754133289539232,0
0,0.47502476287996787,0
0,0.04189388557628173,0
0,0.01162334003273855,0
0,0.5555025186822393,1
0,0.2653808742957104,0
1,0.7143939921498736,1
0,0.0011613503518683045,0
1,0.9412007013368379,1
0,0.30064265181827116,0
1,0.8488040544824558,1
1,0.7909986308063254,1
0,0.04596608307832135,0
0,0.16156310488968478,0
0,0.5179825707663723,1
0,0.04141568531827574,0
0,0.33675320991882945,0
1,0.5593930507182927,1
1,0.3027207299058792,0
0,0.12644347393215602,0
1,0.5587545754146502,1
0,0.044199388010530964,0
0,0.029540546519997542,0
0,0.05610669276949207,0
0,0.1929283981748982,0
0,0.04756098178598468,0
0,0.01681576616889294,0
0,0.43420446442339766,0
0,0.16169391033794037,0
0,0.8531935389639609,1
0,0.008785683699112212,0
0,0.6395687625578501,1
1,0.8268077452469924,1
0,0.05265831726096775,0
1,0.8515974062192261,1
0,0.5207053788301428,1
0,0.06169437285274015,0
0,0.24730187681505175,0
0,0.07440968248742492,0
0,0.22397006440345843,0
0,0.8342476654306137,1
1,0.1725140818086097,0
0,0.009877538131655494,0
1,0.4665270357261668,0
1,0.8638539647093398,1
1,0.3402087623403986,0
0,0.2049727594051065,0
0,0.18194122454057207,0
0,0.06128111522086809,0
0,0.5763497875546323,1
1,0.6725576351508042,1
0,0.257443617070023,0
0,0.026948817266847502,0
0,0.5154402942509599,1
0,0.0011688544688869807,0
1,0.936481368254836,1
0,0.3722272444785478,0
0,0.26549541714264363,0
1,0.6153378521424911,1
0,0.001247294929372457,0
0,0.1475611140532763,0
0,0.1668494631036923,0
0,0.06171249203603647,0
0,0.3773094286952774,0
0,0.004445746131626259,0
1,0.9667867505665254,1
0,0.017992632946551883,0
0,0.08793823170462889,0
0,0.5111646302427284,1
0,0.6871390104356953,1
0,0.3258484353009729,0
0,0.006977031311551761,0
0,0.0054143000551227,0
0,0.7427226918847435,1
0,0.0624366458618949,0
1,0.6711116859143014,1
0,0.3261259782856903,0
1,0.923459614269608,1
1,0.8747619923855533,1
0,0.018921801276089032,0
0,0.42290320735198395,0
0,0.024647200502599862,0
0,0.05857050163402634,0
0,0.16266051303687798,0
0,0.7382907321210572,1
0,0.2269231315969835,0
1,0.508716365262826,1
0,0.7259256083427705,1
0,0.0024249542898070898,0
1,0.44811817984107394,0
1,0.6943669902145709,1
0,0.41196818286851206,0
0,0.05742495992396151,0
0,0.00027213932342078014,0
0,0.40104264535671885,0
0,0.006945060272464164,0
0,0.5789888974994647,1
0,0.0008742189958791998,0
0,0.14860774952702058,0
1,0.49124095171464177,0
1,0.36355153172950505,0
0,0.14325597557907424,0
1,0.8220468220037426,1
0,0.03878140657112892,0
1,0.4607267820305721,0
1,0.33589385229800084,0
0,0.10611950630191333,0
0,0.14037066037050883,0
1,0.7583054893283657,1
0,0.5921017921272285,1
1,0.7596523223891066,1
0,0.02969961840489562,0
0,0.530058377874823,1
0,0.20986738846792993,0
0,0.3345299052224826,0
0,0.1012280369274274,0
0,0.053006323816558724,0
0,0.025404604486882785,0
0,0.5991417210766019,1
0,0.3414849257407771,0
0,0.1457190049498037,0
0,0.40185532687506365,0
1,0.8859341867682281,1
0,0.2719785357551074,0
1,0.6883260426170703,1
0,0.6269604628602176,1
0,0.18404438416999858,0
0,0.13318097266284867,0
0,0.8324282489124488,1
1,0.5661662407476798,1
0,0.07733374618575409,0
0,0.03186651402858031,0
0,0.448800231419398,0
0,0.03290715976653574,0
0,0.04941063931041266,0
1,0.22963845737852187,0
0,0.6875496462615416,1
0,0.7027993504498474,1
0,0.44463751797304735,0
0,0.15854198625111457,0
0,0.025326940405810527,0
0,0.03800594129597504,0
1,0.9947932525291883,1
0,0.35218610290929,0
0,0.5513686462650503,1
0,0.8984056692405264,1
0,0.4637270897590128,0
1,0.7598672635294798,1
0,0.07034484661710297,0
1,0.5281998318933505,1
0,0.4096846972005636,0
0,0.2316688313638852,0
0,0.12681220534865537,0
0,0.5514462096004713,1
1,0.18107797171830542,0
0,0.0006008989398905538,0
0,0.0006773787947448015,0
0,0.10117906591677232,0
0,0.42164381668050216,0
0,0.06963437328317992,0
0,0.03423180691393117,0
1,0.9478641997088291,1
0,0.08680859540563943,0
0,0.03908925454750241,0
1,0.5696107674580921,1
0,0.0003338522260660714,0
1,0.855124293007085,1
1,0.23706074026554466,0
0,0.5001468141568244,1
0,0.014960532717117534,0
0,0.010448113419559299,0
0,0.0017570938872425441,0
1,0.8605806609774947,1
0,0.08213993201813194,0
1,0.6826511294239976,1
0,0.055985361857890915,0
0,0.7929739073959169,1
0,0.015395309270000924,0
1,0.9303166924053948,1
0,0.5510074344734395,1
0,0.08589062183723765,0
0,0.03307014332116107,0
0,0.000670338244018166,0
1,0.908560472778697,1
0,0.12409354665884233,0
1,0.875910674732174,1
1,0.9916165738925169,1
0,0.19348669103903496,0
0,0.0024578272313771398,0
0,0.749230508537015,1
0,0.00720422382396071,0
0,0.7316930222787404,1
0,0.08536025847738414,0
1,0.84332098569279,1
0,0.032119194901924386,0
0,0.0010300789097365752,0
0,0.21636340186943537,0
0,0.0036254234202759907,0
0,0.09227734702147458,0
0,0.005842544333192186,0
0,0.046848934177181334,0
0,0.022596877867926947,0
0,0.1112793393520357,0
0,0.06922584123668421,0
0,0.22087302580408372,0
1,0.8905208491415103,1
0,0.056339082575446175,0
0,0.3984937336961124,0
1,0.7915544819309182,1
0,0.059617690513865076,0
0,0.028909370177636243,0
1,0.7781685613555401,1
0,0.4288730807940151,0
0,0.00041983790845073765,0
1,0.19941756114449422,0
1,0.5471304342026577,1
0,0.11949757327232227,0
0,0.007238747474445907,0
1,0.9097925651364295,1
0,0.005225228990275732,0
0,0.07203364389983592,0
0,0.6736961617991868,1
0,0.002241863841201827,0
1,0.7588095015544458,1
0,0.21271844781677968,0
1,0.8378417832248977,1
0,0.0384096387463235,0
0,0.056331558764202,0
0,0.006892015071567153,0
0,0.10611067050831184,0
0,0.4243965102583752,0
1,0.5460167252516541,1
1,0.9485652930968155,1
1,0.5667927326698943,1
0,0.7530127382032894,1
0,0.000855046566617926,0
0,0.14299548372511411,0
0,0.05361308479055737,0
0,0.06222582550869176,0
0,0.21179352189143744,0
0,0.216241242266274,0
0,9.267420907120254e-05,0
0,0.12181983221044859,0
0,0.03819947226584441,0
0,0.37997008877855554,0
0,0.05278199401300054,0
0,0.03328037853564075,0
1,0.9794175040802632,1
1,0.8677203694451752,1
1,0.7239817109634687,1
0,0.233941612821391,0
1,0.9305746759442114,1
1,0.821663254422011,1
0,0.8185119422638876,1
0,0.5708591133602902,1
1,0.1250521775016199,0
0,0.4243259517349222,0
1,0.7821527367928157,1
1,0.8940353618828635,1
0,0.32712942559298297,0
0,0.00399667757710907,0
1,0.8704681906457598,1
0,0.5888922949391564,1
0,0.8749407289477706,1
1,0.9056389738517434,1
0,0.29421287056999657,0
1,0.9745040518304361,1
0,0.12023966292990301,0
0,0.0027501494441709027,0
1,0.82121904572861,1
1,0.39864551924651803,0
0,0.12906090166291084,0
0,0.6680297359138477,1
0,0.4290329402837649,0
0,0.02868542978396927,0
1,0.9061462918449441,1
0,0.012386570114229233,0
1,0.7893647567525662,1
0,0.4250915301177939,0
0,0.04992942363705279,0
0,0.006969878405318474,0
1,0.6091858367270178,1
0,0.049704197245822396,0
0,0.026842532058089688,0
0,8.639134494938235e-05,0
0,0.008486610125766004,0
0,0.03671950344269869,0
0,0.009996103831134204,0
1,0.42303031268305974,0
0,0.2577826881859404,0
0,0.02304649557150949,0
0,0.45038633600325595,0
0,0.09718786411067025,0
0,0.11900943341795682,0
0,0.5805553300656033,1
1,0.6480401988397766,1
0,0.059758416788056816,0
0,0.5394483388755251,1
0,0.5576739942531364,1
0,0.7198366802280133,1
0,0.6973038644013129,1
1,0.686211570021262,1
1,0.37251981454513833,0
1,0.9091645350025082,1
0,0.3868112394788205,0
0,0.0012669184726755098,0
0,0.7263788511287272,1
0,0.016981722456509956,0
0,0.5974057367617258,1
0,0.026714603632100414,0
0,0.44057337174287775,0
0,0.07818654398843408,0
0,0.014738049141897483,0
0,0.16773565905970172,0
1,0.7767232994774541,1
0,0.5963001911273825,1
0,0.15720500570145568,0
0,0.8150383427116357,1
0,0.8623646296955013,1
1,0.8865724825702835,1
0,0.12985475555937942,0
1,0.7437170869073977,1
1,0.7156918358120221,1
0,0.28638868719893534,0
1,0.7210373614768847,1
0,0.7613464378872058,1
1,0.861340355944179,1
0,0.17068265387106396,0
0,0.10047232097834122,0
1,0.8295744600169194,1
0,0.627370008447803,1
0,0.0821990752218254,0
0,0.015067418066410406,0
0,0.39631771431786444,0
0,0.015018234260709147,0
1,0.9805464397473566,1
0,0.07150407914274484,0
0,0.3704345832149313,0
0,0.608630745996204,1
0,0.1304610324312959,0
0,0.5777445316018156,1
0,0.021389757950397506,0
1,0.4155252352907306,0
1,0.46482536968271204,0
0,0.483899745393158,0
1,0.8973668820539704,1
0,0.0028176226466274617,0
0,0.6403858127932672,1
0,0.019770994059597712,0
0,0.6452534617337177,1
1,0.8488752626279338,1
0,0.029610523125508544,0
1,0.7318190013779734,1
1,0.943681325131848,1
0,0.04909779815000501,0
0,0.1882255281477761,0
1,0.8543159934233557,1
0,0.8328004066117536,1
0,0.2583363889687649,0
0,0.24804282045214124,0
0,0.282727497103312,0
0,0.3567682167723985,0
0,0.07805717160735035,0
0,0.0015701692499585633,0
0,0.005169913358581723,0
0,0.021591528848633235,0
0,0.130336925697794,0
1,0.5457829621614781,1
1,0.4405998663024377,0
0,0.045478163956898195,0
0,0.37218655459052385,0
0,0.18386904421341532,0
0,0.3897812900662017,0
0,0.04002680583461792,0
1,0.824348905245865,1
0,0.7505958377974468,1
1,0.12083781117483307,0
0,0.6394301539125242,1
0,0.012001016092879364,0
0,0.059949805791732064,0
1,0.9891751337368118,1
0,0.06493694183482782,0
0,0.032828588898579154,0
0,0.0019776397815156623,0
0,0.34153669536922004,0
0,0.2052644085146415,0
0,0.025737649340506433,0
0,0.32996095469762676,0
0,0.8198984414190819,1
0,0.5458999918543135,1
1,0.5623788045331701,1
0,0.044765163036877796,0
0,0.4859534490210711,0
0,0.0002998341908824824,0
0,0.6701164407327078,1
0,0.4654208151555345,0
0,0.01028674969585726,0
0,0.002352851252174421,0
0,0.17673356876261706,0
0,0.013872480877225667,0
1,0.9005304914291213,1
0,0.030634607525465363,0
0,0.11993759624655631,0
0,0.1915864460202579,0
0,0.03868659038010006,0
0,0.10918272960374892,0
0,0.1447753097153756,0
0,0.6540860454881077,1
0,0.6090178855976437,1
1,0.9802990962423082,1
1,0.8190479739790607,1
0,0.0009149152374949018,0
0,0.006289180121710047,0
1,0.8921751509809923,1
0,0.05562569864776996,0
0,0.06555301914550507,0
0,0.2889919727109731,0
0,0.02174369747309052,0
0,0.14883744456825798,0
0,0.5727058589531917,1
1,0.8947414429294224,1
0,0.00018801224780669516,0
1,0.8566502428939626,1
0,0.5596507642173024,1
1,0.8677056840506113,1
0,0.8022250360786538,1
1,0.9316828502454861,1
0,0.786817143247448,1
1,0.7726234865569418,1
0,0.14988263345367464,0
0,0.4717035803377215,0
1,0.8530646484658044,1
0,0.1294417911580289,0
0,0.4840567802672098,0
0,0.0074812442248479985,0
0,0.35124049394293827,0
0,0.21682101934949627,0
1,0.19789736097751034,0
0,0.8971947069860476,1
0,0.010541023756437605,0
0,0.6792942301562854,1
1,0.7084463634561238,1
0,0.33006757902181066,0
1,0.26581371483070804,0
0,0.0002411190972090905,0
0,0.060008383943813234,0
0,0.5696184832913471,1
0,0.0635668092876291,0
0,0.004140970238221438,0
0,0.007664331164628765,0
1,0.31736076000078833,0
0,0.12110606002016189,0
0,0.31984299284176043,0
0,0.17541880291798279,0
1,0.8808346782646911,1
0,0.001680976638724625,0
0,0.12225309408414825,0
0,0.6301374726179775,1
0,0.06003205122679975,0
0,0.0012551387813168494,0
0,0.3983009793613558,0
0,0.162747497593766,0
0,0.13612220706686984,0
1,0.868156172038367,1
0,0.030411836338574753,0
1,0.8676199405909597,1
0,0.5383434884903051,1
0,0.6376274795261655,1
1,0.8921443239852211,1
0,0.030204212237959827,0
1,0.9685891041901812,1
0,0.11888794720117031,0
0,0.33581675684454243,0
0,0.0033310227584953125,0
0,0.23990294566907225,0
0,0.4351936762615521,0
0,0.6954466140615415,1
1,0.6843393003567474,1
0,0.03919649995723544,0
0,0.13997252480274827,0
0,0.0870484539440524,0
0,0.0709999726361702,0
0,0.03690489864576305,0
0,0.13711091644701365,0
1,0.8703693772023001,1
0,0.12074551937116314,0
0,0.3484517463646874,0
1,0.8128528846392004,1
0,0.03379084508595006,0
0,0.043751812941968886,0
0,0.3841122652554893,0
0,0.14170932531946964,0
0,0.6102914490879758,1
1,0.9761702847334061,1
1,0.668057359705653,1
0,0.018695634583927433,0
0,0.046736458934797005,0
0,0.006769903955551963,0
0,0.8258673943882827,1
0,0.614899629726913,1
0,0.5894719339449929,1
0,0.04424354258298034,0
0,0.05617756908347366,0
1,0.7363766072632907,1
0,0.02268882155903986,0
0,0.1955863893857074,0
0,0.039884241733506395,0
0,0.14293093438510832,0
0,0.4541030309546161,0
0,0.0007927497625793851,0
0,0.17120411181763118,0
0,0.7474719503043917,1
0,0.003367886269310243,0
0,0.19139341912573032,0
0,0.2584253512202961,0
1,0.9152877774632833,1
0,0.6158900729881895,1
0,0.09799739683986365,0
0,0.4941992900438584,0
0,0.1008738543397345,0
0,0.742842034804736,1
0,0.008878933499688126,0
1,0.6050775355115315,1
0,0.2647489960941011,0
0,0.21197604986083213,0
0,0.02198377010846064,0
0,0.428192036003446,0
0,0.007917656478228433,0
0,0.19402863337784212,0
0,0.26360619585447215,0
0,0.019522128284282014,0
1,0.46891808034966415,0
0,0.10700708786821603,0
0,0.05702497498160819,0
0,0.05607161271241002,0
0,0.0047472152779344835,0
0,0.6570165884454301,1
0,0.42294981448056823,0
0,0.5477735794656446,1
0,0.03300729383961714,0
0,0.004820864357806387,0
0,0.00042523869965392636,0
0,0.22239375796542377,0
0,0.01931083477088134,0
0,0.016326800037608433,0
0,0.01333635152115673,0
0,0.03501536837494115,0
0,0.0005458017620593569,0
1,0.33009611005734435,0
0,0.21275174517955958,0
0,0.5290017557842746,1
0,0.8721606628966557,1
0,0.6778618664482939,1
1,0.5116814247314488,1
1,0.8740056787796457,1
0,0.10071603388746725,0
0,0.1789625982387651,0
1,0.9729287698037706,1
0,0.9379154571529363,1
0,0.002128020462571819,0
1,0.9830720467066457,1
0,0.8722544277250441,1
0,0.4153191382318577,0
0,0.671617744033708,1
0,0.09830531032806876,0
0,0.2940782271533565,0
0,0.003671157373952694,0
1,0.6112270442316018,1
0,0.6587659717769584,1
0,0.03267327142776181,0
0,0.4390881113133251,0
0,0.018284300192124986,0
1,0.5370176452938361,1
1,0.966036848547025,1
0,0.4873218325243932,0
0,0.4036198551953803,0
0,0.03604777486303587,0
1,0.8918021715739278,1
0,0.22275423241464248,0
0,0.8665671669377133,1
0,0.380358315321827,0
1,0.3268022728882139,0
0,0.027664029037916014,0
0,0.01884022601314159,0
0,0.04287685520405424,0
0,0.28797001829365815,0
1,0.7381919829255102,1
0,0.05372139703004419,0
1,0.5067340667165424,1
0,8.639134494938235e-05,0
0,0.12928925887825327,0
1,0.914183393458203,1
0,0.16985770730765035,0
1,0.983251778811278,1
1,0.42737874668448134,0
1,0.6945165155788121,1
0,0.0027610662484451112,0
0,0.014414491838189498,0
1,0.7069332641314425,1
0,0.7631657783725487,1
0,0.7242018095139741,1
0,0.6159823521395118,1
0,0.5734395348763989,1
0,0.024538338173530325,0
0,0.29445657469630365,0
1,0.778794099909255,1
0,0.7651725216384644,1
0,0.9285604401721264,1
0,0.010245532719609178,0
0,0.7473725013243375,1
0,0.4507104767822333,0
1,0.951448497565438,1
0,0.031999754666091396,0
0,0.11423472322537921,0
0,0.03769387809682789,0
0,0.39428231799711666,0
0,0.022684453103029665,0
0,0.18070185507950465,0
0,0.11358361919037506,0
0,0.03811957426336131,0
1,0.7731905744359104,1
0,0.0025642302466779565,0
1,0.6092012493883916,1
1,0.9417199866294732,1
0,0.0023203754134917647,0
0,0.013114853282413288,0
0,0.32470773719616886,0
0,0.1255074466504494,0
0,0.40150294959376487,0
1,0.669637412933334,1
0,0.00307433989862819,0
0,0.29380894591202705,0
0,0.0034917042219863065,0
0,0.026302717994377885,0
0,0.12357587493268136,0
0,0.04858921896978956,0
0,0.28188719694283443,0
0,0.043037964863128206,0
0,0.1768283969242015,0
0,0.042908935474675565,0
1,0.7797372044163027,1
0,0.35442945908015316,0
0,0.06208944974991446,0
1,0.9356010280732715,1
0,0.4598900061860439,0
1,0.5240228813233411,1
0,0.08956938818761218,0
0,0.1596369359814217,0
0,0.4663818821439198,0
0,0.006688118419353638,0
0,0.08832842693211708,0
1,0.862405307017843,1
1,0.8807919294239636,1
0,0.009632792932564117,0
0,0.04115619459912757,0
0,0.17308779492544565,0
1,0.8829567888395299,1
0,0.3981035258761363,0
0,0.015310506061970298,0
1,0.2219629629246621,0
0,0.0917279018956428,0
0,0.13513787262911645,0
0,0.4977633831154994,0
0,0.025154962493790397,0
1,0.9915021538240234,1
1,0.7312267764867196,1
0,0.07386461591913927,0
1,0.3695660539018574,0
0,0.09441935654215268,0
1,0.7616862034845798,1
0,0.104925532396278,0
1,0.6209263429650371,1
0,0.014874907503520083,0
1,0.4951450202299675,0
1,0.6186119380385345,1
0,0.4132079102896603,0
0,0.01051790515903701,0
0,0.4487466901727584,0
1,0.8614495291763093,1
0,0.034786057631115946,0
0,0.6146833642506995,1
0,0.0034630671823629223,0
0,0.2541047470690954,0
0,0.4621049515527423,0
0,0.029140216495307972,0
0,0.02071005690718306,0
0,0.17791389184789055,0
1,0.8325751215607575,1
0,0.13310146194241146,0
1,0.6910194730934466,1
0,0.2575706564682349,0
1,0.6145826950907224,1
0,0.0039800585454751085,0
0,0.03992133932739991,0
0,0.3408318522948994,0
0,0.0010150612035958644,0
0,0.001963976432633395,0
1,0.49175230664631386,0
0,0.11269346815765277,0
0,0.06242341418342408,0
1,0.7191974923696709,1
0,0.021891932320797627,0
0,0.0480876038106458,0
0,0.0035138119400322534,0
0,0.03655045745709228,0
0,0.39417081282705607,0
1,0.6209853376810571,1
0,0.125403285999872,0
0,0.012052093949246626,0
0,0.4649702542018851,0
0,0.5167560266335524,1
0,0.00036299745744528054,0
0,0.025227768504012454,0
0,0.15996357595128277,0
0,0.05695418809024334,0
1,0.7588861291924179,1
1,0.9785577900909068,1
0,0.28500225987338457,0
1,0.967295344100246,1
0,0.147906123101522,0
0,0.00447504512527781,0
1,0.5954290784377801,1
1,0.36816383492449234,0
0,0.0010831934644553246,0
0,0.572039736207093,1
0,0.04653948921758474,0
0,0.18798828547102092,0
0,0.143791479790736,0
0,0.019414123044738926,0
0,0.25842340787871326,0
0,0.22507345388955324,0
0,0.018162690135114422,0
1,0.6209476991256608,1
0,0.11856850898660433,0
0,0.033552274092301305,0
0,0.10444816770826332,0
0,0.016118736909397132,0
0,0.25370059871025724,0
0,0.6687109929873267,1
0,0.0012191971985452475,0
0,0.34922626039062304,0
0,0.6553872350982068,1
0,0.8352042981770834,1
0,0.17266492133542016,0
1,0.9433098338994319,1
0,0.5146009592920183,1
0,0.0015223693224532494,0
0,0.00015681147520456214,0
0,0.0034720978657839852,0
0,0.016588574028892383,0
0,0.019478561200813725,0
0,0.48487178381718804,0
0,0.4251154168087941,0
0,0.5964722066433495,1
0,0.11030464466661734,0
0,0.0350719640629897,0
0,0.03052347643610559,0
1,0.9055036204992368,1
0,0.3168703669059278,0
0,0.6257908261957036,1
1,0.9768056719826762,1
0,0.7686307078932676,1
0,0.5125714287404916,1
0,0.0004736558630007632,0
0,0.0008110748320742964,0
0,0.0005145147773368289,0
0,0.7797389224496839,1
1,0.9543681584556073,1
0,0.0013552560740538804,0
0,0.3851699719099561,0
0,0.061800865034076495,0
0,0.25251903852267193,0
1,0.9744597859948997,1
0,0.02307987425374005,0
0,0.007927764306229889,0
1,0.16505939432296157,0
0,0.5118115849986505,1
0,0.014730427166383534,0
0,0.12747297318738168,0
0,0.769683944401875,1
0,0.0008182651167459938,0
0,0.30260805389300144,0
0,0.001987944508308353,0
0,0.044246915875642744,0
1,0.6225450449722253,1
0,0.059549541651313556,0
0,0.7199178862129416,1
1,0.7760651803991159,1
0,0.6610711659449093,1
0,0.0014428160941961712,0
0,0.22148145861842322,0
0,0.02256303987227961,0
0,0.1944103075413184,0
0,0.0017310970479693232,0
1,0.6891457057355218,1
0,0.02422948600803988,0
1,0.9088708219410911,1
0,0.30495047609592085,0
0,0.36026033326030255,0
0,0.0024034570407248552,0
0,0.0013636184214592074,0
0,0.044643658224570094,0
0,0.5330122710297597,1
0,0.13428390276506263,0
0,0.3577886751412631,0
0,0.34079437142938185,0
0,0.08977060021582085,0
0,0.019246838576602972,0
0,0.04282164880595603,0
0,0.4672106779758833,0
0,0.03332730123813202,0
0,0.09864421441402604,0
0,0.14357160873190475,0
0,0.046629420338026,0
0,0.12954731785450482,0
0,0.8682467746260193,1
0,0.14862931324715484,0
0,0.4047047116740539,0
0,0.260481210050116,0
0,0.01875335518615744,0
0,0.6039756530165512,1
0,0.1509765698196587,0
0,0.7067866061791004,1
0,0.01834408419558259,0
0,0.2859578417318217,0
0,0.42270491317959286,0
0,0.037767620525392766,0
0,0.012548982561823224,0
0,0.6626789274354895,1
0,0.13619069213147908,0
0,0.21623271967052762,0
0,0.11892957919378631,0
0,0.026409463665078587,0
0,0.325160849135611,0
0,0.050418009549876824,0
0,0.007884221854670904,0
0,0.1579863004532195,0
0,0.15643178390018084,0
0,0.006744971482701738,0
0,0.033172528917288925,0
0,0.028126266937342534,0
1,0.9798678663171265,1
0,0.1606417830286752,0
0,0.5070136219378848,1
0,0.0134851080655929,0
1,0.9781776668155688,1
0,0.5951643538722832,1
1,0.6495485427243267,1
0,0.034524999623981444,0
0,0.150853347558198,0
0,0.10847063715972949,0
1,0.841410173175556,1
0,0.37843075122616254,0
0,0.5426719824743981,1
0,0.005201511863981012,0
1,0.7771008074215586,1
0,8.452170698944206e-05,0
0,0.16959161536443149,0
1,0.9854114947539866,1
0,0.24426329050690512,0
0,0.1629975250216423,0
0,0.6974615010587221,1
0,0.031177370253348536,0
0,0.06660225294878645,0
1,0.9764884535925284,1
0,0.4406403677126007,0
0,0.4205050337329492,0
0,0.7409379315735042,1
0,0.32525200986335817,0
0,0.004547189590849943,0
0,0.09886148472826813,0
0,0.26485267846693245,0
0,0.3574612787011742,0
0,0.15534429624000082,0
0,0.4309063930982448,0
0,0.028978521035952377,0
0,0.2584535548190948,0
1,0.8805524563309971,1
1,0.9800493363597408,1
0,0.1939762231167367,0
0,0.0043234911480719874,0
0,0.059093061119940365,0
0,0.504398797925462,1
0,0.004788658826374799,0
1,0.9484567324896412,1
1,0.9931055433551025,1
0,0.10578403471773723,0
0,0.5341684672735536,1
1,0.09840824009993766,0
1,0.707736284551223,1
0,0.05691544076481597,0
1,0.908771317118815,1
0,0.030984769126208875,0
1,0.8104630271706549,1
0,0.8850502149795912,1
0,0.48008465428814495,0
0,0.4457354307995753,0
0,0.06866208050998462,0
0,0.646903974219894,1
0,0.0027411047244609616,0
0,0.09389830721812166,0
0,0.17535941242104344,0
0,0.011192100420993431,0
0,0.0027861790668254694,0
0,0.5545875813054173,1
1,0.5892623373584873,1
0,0.11863580720741378,0
0,0.5391237124296607,1
0,0.15550167747154106,0
0,0.2725675418582099,0
0,8.452170698944206e-05,0
0,0.2983634814144015,0
0,0.0021921513708106884,0
0,0.12114094441533302,0
1,0.6818930144894311,1
0,0.15851624832958242,0
0,0.011752528465604843,0
0,0.5196424353643808,1
0,0.21038794556533852,0
0,0.2051233646196135,0
1,0.6138678392328512,1
0,0.4815928474798714,0
0,0.029671259632394354,0
0,0.028200493427471537,0
0,0.4536110397124403,0
0,0.5510390239799998,1
1,0.9755339601758215,1
1,0.9163605155686796,1
0,0.06337290324907627,0
0,0.00012206993693301601,0
1,0.7231240035705213,1
0,0.6978840928518114,1
0,0.31956609852313905,0
0,0.16370017706234738,0
0,0.12068109853596685,0
1,0.7317624995639453,1
0,0.8208927087548497,1
1,0.7612973105049418,1
0,0.07519793949131469,0
1,0.3598178700652763,0
0,0.6035604948557891,1
0,0.018482510497731287,0
1,0.5381170516211159,1
1,0.6911262441054212,1
0,0.31494931534908766,0
0,0.008417442523155976,0
0,0.08801562713517942,0
0,0.019409630742776435,0
0,0.008790891253672314,0
0,0.2575398391000194,0
0,0.23874569680216529,0
0,0.0014208641814063524,0
0,0.027996882472175997,0
0,0.04665220300138037,0
1,0.6138328691759524,1
1,0.804879295700246,1
0,0.1614913751766882,0
0,0.0003213409949375604,0
0,2.1609911021391907e-05,0
0,0.33664501765624905,0
0,0.14502206224613728,0
0,0.4759489300798231,0
0,0.11970196514186303,0
1,0.9431984720865707,1
0,0.864043184438968,1
1,0.8969607648780336,1
0,0.004565784402161813,0
0,0.02066781567247022,0
0,0.006133668559745239,0
0,0.4278645677796208,0
0,0.02343735154863816,0
0,0.29531121295883533,0
1,0.8286795531396978,1
0,0.009047963525236463,0
0,0.39736631087879476,0
1,0.4815956275115946,0
1,0.7648834403175897,1
0,0.03867539715458611,0
0,0.029977007555907587,0
0,0.11998262145240214,0
0,0.04311470397368932,0
0,0.0061529229055213045,0
1,0.8893371971985075,1
0,0.11736327559755942,0
0,0.0006335485573786513,0
1,0.6594919110504225,1
0,0.1662755425018184,0
0,0.7614887079633562,1
0,0.001439611721056819,0
0,0.04749323800156539,0
0,0.43903713338256606,0
0,0.029496311706526827,0
0,0.00012151128131757718,0
0,0.02475543463506303,0
0,0.0006748133070182175,0
0,0.05372467860475791,0
1,0.6781474042416059,1
0,0.00031425871832088843,0
0,0.5302767503003069,1
0,0.00040531637866473186,0
0,0.13725564182942,0
0,0.6281188765194748,1
0,0.06446266979442512,0
0,0.019169987432907973,0
0,0.0005530987337147821,0
0,0.5896077615077523,1
0,0.46365028414841875,0
0,0.0018900363509796589,0
1,0.986226415123654,1
0,0.004193530834899257,0
0,0.6741645425262871,1
0,0.622433964275096,1
1,0.7247199564624611,1
0,0.2513846051123584,0
0,0.20418721528307707,0
0,0.022835548035079815,0
0,0.004171090746829724,0
0,0.0681860287192501,0
0,0.5715336268048832,1
0,0.2739626785784317,0
0,0.734799380877931,1
0,0.6408472524121593,1
0,0.40597029157393655,0
0,0.010003430397619008,0
0,0.024851979645777164,0
1,0.94658117608153,1
0,0.30123292704954757,0
0,0.08628780208491758,0
1,0.8339221013167708,1
0,0.22442833130568782,0
0,0.1906174227896683,0
1,0.9139724924172878,1
0,0.011487986247587728,0
0,0.24217958010918708,0
0,0.035724882286548805,0
1,0.8216233934695902,1
0,0.07110190817979456,0
0,0.014063355324467744,0
1,0.9253530178349799,1
0,0.07167484293300758,0
0,0.2244475355829032,0
0,0.007082591628656953,0
0,0.0038019719459840744,0
0,0.8302823505309102,1
0,0.015371523919115206,0
1,0.3229798489672986,0
0,0.0911547595332599,0
1,0.8253141309899101,1
0,0.47323305576320224,0
1,0.9848595310103849,1
1,0.9181959912698354,1
1,0.6257729288941898,1
1,0.9657605685968544,1
0,0.7836776608002856,1
1,0.8455289066958227,1
0,0.12356649189946588,0
1,0.511239969107754,1
0,0.9005559666668383,1
0,0.27844601538734,0
0,0.0006549684750530669,0
0,0.048138866548760234,0
0,0.9139085282928412,1
1,0.651348470429909,1
1,0.8300315605747267,1
0,0.5955019264630904,1
1,0.35408879351099043,0
0,0.4968872935112349,0
0,0.6828399819050083,1
1,0.9863911526837754,1
1,0.786039524569153,1
0,0.27533002168835435,0
0,0.7626316298249712,1
1,0.6639707091275252,1
0,0.21177521479839978,0
0,0.1291535829221221,0
0,0.6456339435983,1
1,0.4269679158579519,0
0,0.25954857433869777,0
0,0.0010690248918319221,0
1,0.5663022773433509,1
1,0.9895939616532966,1
0,0.5830767360798838,1
0,0.4281979914393397,0
0,0.3406181549129302,0
0,0.0026494584688967018,0
1,0.9057855247038948,1
0,0.0024045557347978012,0
1,0.9834444343035865,1
0,0.18960246751641505,0
0,0.05714525962197439,0
1,0.8776597191731799,1
1,0.7527426932558893,1
0,0.19417787363916136,0
1,0.8595096596531899,1
1,0.9836766153017694,1
1,0.815871706769934,1
0,0.00047717588663675516,0
0,0.5403120715077665,1
1,0.2804467664633913,0
0,0.2215562069947597,0
0,0.539507989600419,1
0,0.0035764438197388193,0
0,0.03874374889339798,0
0,0.009459346302712513,0
0,0.02820175401572667,0
0,0.0015841499070294624,0
0,0.4315892859494104,0
0,0.2925799961728553,0
0,0.8761103531643473,1
0,0.24039028499055243,0
0,0.04043745473147707,0
1,0.8025095725377189,1
1,0.5518850627030815,1
1,0.5936143102422355,1
0,0.04286790746377613,0
1,0.7629950914795214,1
0,0.19772379427111128,0
0,0.7435472521979304,1
0,0.668310212657987,1
0,0.043509115607571376,0
0,0.017903918000322566,0
0,0.011239262150961651,0
0,0.012386805070599338,0
1,0.8844384679340982,1
1,0.9208731256219272,1
0,0.014642303841211573,0
0,0.003370911150109328,0
0,0.26331147796608395,0
0,0.585035663103077,1
1,0.6937684541858513,1
0,0.574588400694324,1
0,0.4586355523508119,0
0,0.010378189990495279,0
0,0.05231366359639623,0
0,0.17430015362664575,0
1,0.8080791320925693,1
0,0.23345999403644266,0
0,0.3927988752912247,0
0,0.022761937324378204,0
1,0.9729497324422535,1
1,0.6359204996831513,1
0,0.06771916162442732,0
0,0.006772355007576321,0
0,0.08369749358973808,0
0,0.6440329868208206,1
0,0.2707610880884049,0
1,0.6741410835056929,1
0,0.05756394859420917,0
1,0.9762080044839532,1
0,0.0029074518029967413,0
0,0.0494819693563189,0
0,0.4642318239047177,0
0,0.6310889690602017,1
0,0.006912366169482255,0
0,0.015088751553908637,0
0,0.0029117945314692858,0
0,0.2554165500922247,0
1,0.9838616649890514,1
0,0.2829835953097473,0
0,0.6038116842790421,1
0,0.15135566657502453,0
0,0.8531194154121843,1
0,0.3936454266524991,0
0,0.01177250693283286,0
0,0.0024312772175718424,0
0,0.40938077100853104,0
0,0.6141483607223605,1
0,0.037935404417329094,0
0,0.08780882440525295,0
0,0.6363170557402686,1
1,0.8843214697344073,1
1,0.45100517580627164,0
0,0.5944490212492235,1
1,0.8522456743104941,1
0,0.49679051416617964,0
0,0.10640791899543284,0
0,0.5729614492041025,1
0,0.5070620141277651,1
0,0.09421855634467283,0
0,0.09245745074079405,0
1,0.788889433197741,1
0,0.11801152229430147,0
0,0.26554098249355135,0
0,0.02607561032709488,0
1,0.49191727656817297,0
0,0.004127911494759632,0
0,0.20741940218121183,0
0,0.13776377466283252,0
0,0.29313274712603593,0
1,0.9931619443133334,1
0,0.02656178989877287,0
1,0.24717390826428998,0
0,0.22856927030489327,0
0,0.0700623089370263,0
0,0.657401016341549,1
0,0.002358682427899236,0
0,0.006055558129668633,0
0,0.7316463498224403,1
0,0.5912812164516377,1
0,0.24736000907325031,0
0,0.29770284367301625,0
0,0.10107760185331935,0
0,0.00583630614809605,0
0,0.07163961012702796,0
0,0.003364074488447774,0
0,0.08496781743060135,0
0,0.3432577113623438,0
0,0.8155245066298006,1
0,0.012676423324044832,0
0,0.3740992032052837,0
0,0.14408133854997882,0
0,0.007163461332192546,0
0,0.04076776269764692,0
0,0.639387535155233,1
0,0.025454946164514568,0
0,0.40432236623547124,0
0,0.7640696083744266,1
1,0.6390620965606167,1
0,0.006654583093786269,0
0,0.45718439901335167,0
0,0.029079077888995143,0
1,0.6172201451653894,1
0,0.22247675486695026,0
1,0.2894458520287383,0
0,0.009305481966589218,0
0,0.033898570643917665,0
0,0.23136363264543439,0
0,0.5167509093413004,1
0,0.03829833771592573,0
0,0.6291773198739006,1
1,0.6819880603028288,1
0,0.2729618946140704,0
0,0.006093323915871158,0
0,0.0023828087155200297,0
0,0.8621056895733848,1
0,0.08011371529533749,0
0,0.16543166275391002,0
0,0.5068677267227376,1
0,0.01426119147309401,0
0,0.6563910370826294,1
0,0.23283609408460837,0
0,0.4237775098134697,0
1,0.6823201684564619,1
0,0.0036283038900967314,0
0,0.30722108853888275,0
0,0.18141188268778785,0
1,0.7774950126287318,1
1,0.4481484488654109,0
0,0.33287384545115184,0
0,0.1196429320541492,0
0,0.008987419279826528,0
0,0.020218762710343993,0
0,0.013081267629496244,0
0,0.016955476844199485,0
0,0.5914679499175393,1
0,0.6222184725728406,1
0,0.264931012558234,0
0,0.027155592617691723,0
0,0.234283098763181,0
0,0.025579702032613172,0
0,0.21587311943502668,0
0,0.005176096119001545,0
0,0.006113974539270966,0
0,0.05648696814151935,0
0,0.015126120548068715,0
1,0.6521142382100686,1
1,0.9079896858547497,1
0,0.025616354802510816,0
1,0.2130790474618912,0
0,0.02126349330323071,0
0,0.01614492675392851,0
1,0.9778388109336741,1
0,0.055874170505907705,0
0,0.05695753617032299,0
0,0.23321724253502912,0
1,0.575043148279681,1
0,0.12328183653861968,0
0,0.7173385960828623,1
0,0.39394983572980097,0
1,0.7597108394344014,1
0,0.3780067441370403,0
0,0.12248748368698142,0
1,0.9035208441933641,1
1,0.7221386619445388,1
0,0.8762565944601405,1
0,0.21464885947787224,0
0,0.022882227725964502,0
0,0.06004083056840493,0
1,0.6181245640002084,1
0,0.040583918145812185,0
0,0.010846602750645591,0
0,0.002669637058611037,0
0,0.232849422125395,0
0,0.5630262265708456,1
0,0.013136659565575382,0
0,0.002898731593046559,0
0,0.028081025887788894,0
0,0.4870697620961509,0
0,0.06727685096751747,0
0,0.25797284443824203,0
0,0.4997802897443017,0
0,0.7512573616040865,1
0,0.2214282934519426,0
0,0.49331804726614836,0
0,0.01988215838356124,0
1,0.7475567146909459,1
1,0.7392299669354072,1
0,0.18588836504225215,0
0,0.057727382602409255,0
1,0.9579138356750536,1
1,0.17881272979304974,0
1,0.9858208807141854,1
1,0.4414346746595871,0
0,0.0006497244394649117,0
1,0.8865521682963304,1
0,0.0642022260088603,0
1,0.921833326199409,1
0,0.11625884971913335,0
0,0.03495687484911706,0
0,0.02606041148774023,0
0,0.002959704733924199,0
0,0.555043900166304,1
0,0.10684947038334765,0
0,0.3739699142030968,0
0,0.01595337545478824,0
0,0.14902533335868276,0
1,0.21941495438978245,0
0,0.4175109776332082,0
1,0.5199942778858386,1
1,0.6090503336112534,1
0,0.024970799256586903,0
0,0.09804597878715592,0
0,0.006386379637150619,0
0,0.43815065724249425,0
0,0.6274701013002915,1
1,0.5155189003833162,1
0,0.03748544050476334,0
0,0.22602666738362706,0
0,8.294042733971546e-06,0
0,0.37575721055108136,0
0,0.5461292516078665,1
1,0.6579753012828988,1
0,0.10887971029655621,0
0,0.02278190674623258,0
1,0.7327930470851136,1
0,0.03629035595677314,0
1,0.6570456205609437,1
0,0.030917409024509044,0
0,0.6223140564693407,1
0,0.01075693097558777,0
1,0.7212107457115667,1
0,0.6937485127746086,1
0,0.2715320085878093,0
0,0.017161081580304372,0
0,0.8251448552747619,1
1,0.7790922662570331,1
0,0.012189290283405489,0
1,0.42600768959032986,0
0,0.7582262212633061,1
0,0.17626103120228115,0
1,0.5525395502964655,1
0,0.009159513248422482,0
0,0.582180063061322,1
0,0.38403007745550755,0
0,0.002947880168350296,0
0,0.03537223296208484,0
1,0.3267046906740507,0
0,0.5607525778629364,1
0,0.16794847010559197,0
0,0.01649479491038012,0
0,0.00426701877543786,0
0,0.5240694095319275,1
0,0.7892267837374461,1
0,0.001504853589047766,0
0,0.07357574242412,0
0,0.007837129131334492,0
0,0.0019552824519198917,0
1,0.7479476139914631,1
1,0.5412610119199295,1
0,0.04174424859319286,0
0,0.34354406909302215,0
0,0.06958373978402282,0
0,0.35776919398779955,0
0,0.5420525317864741,1
0,0.06554494616400781,0
0,0.02418601645503383,0
0,0.004647316783330866,0
1,0.8897211628948722,1
0,0.093312849894597,0
0,0.4151204793698897,0
0,0.03898995389724667,0
0,0.23100982732241845,0
1,0.5519367886377786,1
1,0.9752899228390975,1
0,0.045367280840583224,0
1,0.5999401290797902,1
0,0.11721214830533659,0
0,0.6377320347222141,1
0,0.37069662724418573,0
0,0.47120995114424385,0
0,0.00403288170268042,0
0,0.2297602655546453,0
1,0.9342047611916092,1
0,0.6260094930219957,1
1,0.909176079370776,1
0,0.4198747297662362,0
0,0.01580565748940212,0
1,0.9807934853685297,1
0,0.1628528878347933,0
0,0.11031214615265801,0
0,0.05258334526593598,0
0,0.23468028510650124,0
0,0.7707686300031277,1
1,0.8411788326071564,1
0,0.0706697955347699,0
0,0.3045009713382104,0
0,0.05173654886812284,0
0,0.3748782396183339,0
0,0.0013116582210259313,0
0,0.2740553804314924,0
0,0.004129567974488826,0
0,0.5059199038815825,1
0,0.003657184224214735,0
0,0.5722442764140322,1
0,0.38622969566866894,0
0,0.04795447150644574,0
0,0.16728921543536845,0
0,0.4531813557455671,0
0,0.7404177318168749,1
1,0.819053645428043,1
0,0.09659592016783886,0
0,0.16679421603735645,0
1,0.6285722437335459,1
0,0.38359697403339105,0
0,0.3944228390784705,0
0,0.10170095608424855,0
0,0.16299620204162849,0
1,0.9061681632965961,1
0,0.7538223636343591,1
0,0.022600243843592646,0
1,0.9781329883194584,1
0,0.26975874678820494,0
0,0.048740354712507254,0
0,0.3547112489130247,0
0,0.18225743239704464,0
0,0.41701987737776025,0
0,0.011092573789944367,0
0,0.01288387396768252,0
1,0.7768954479590852,1
0,0.004200746735159953,0
0,0.7880024723621365,1
0,0.6411249879402889,1
0,0.6421262007934317,1
0,0.23822875238468835,0
1,0.9791602509934015,1
0,0.13033700596687606,0
0,0.025551601084456855,0
0,0.049420936328256546,0
0,0.05373480598918685,0
1,0.8761003635244223,1
0,0.03925723432098867,0
0,0.07781709436181551,0
0,0.18321080506606197,0
0,0.004371974440711435,0
1,0.9944245497368522,1
0,0.0806284984031597,0
0,0.06241034614834092,0
0,0.1965894650934152,0
1,0.8132913957437005,1
0,0.004834100781259025,0
0,0.0014292004224623885,0
1,0.9913744243833222,1
0,0.3430551937566093,0
0,0.4245290077145349,0
1,0.6431275264086579,1
1,0.3999617484355585,0
0,0.0005693827022632486,0
0,0.10949081487071616,0
1,0.3290907944653202,0
0,0.0024773218414332575,0
1,0.05021096402443121,0
0,0.021308067589421532,0
0,0.12460633263667067,0
0,0.1136210262965691,0
0,0.7971706132404482,1
1,0.4527717492257313,0
0,0.007476121495799964,0
0,0.2480602062213169,0
0,0.2434128564479081,0
0,0.08973369311797481,0
0,0.5452092377149155,1
0,0.4961777250094811,0
1,0.4054538286737702,0
0,0.04455735307198952,0
0,0.65331576871775,1
0,0.01349302606238778,0
0,0.06046968285030178,0
0,0.0028305021485778075,0
0,0.06128180168829914,0
0,0.17502250855869242,0
0,0.03000418500214249,0
1,0.9836188209746869,1
0,0.18352172370972702,0
0,8.244761134150564e-05,0
1,0.8259328741167441,1
0,0.30998926221255824,0
0,0.151135930881201,0
0,0.5848319665073004,1
0,0.30776332961180697,0
0,0.3146736670935654,0
0,0.29530041016283365,0
0,0.03245533927867297,0
0,0.18474348063299223,0
0,0.1494551313849644,0
0,0.010189557736340293,0
1,0.891693626562693,1
0,0.057702791604613946,0
0,0.33293134166029154,0
0,0.026549990879011866,0
0,0.515486577634129,1
1,0.9480032658546887,1
0,0.014401078593868221,0
0,0.23637231739492587,0
0,0.0023300812488210878,0
0,0.1314260342695343,0
0,0.3411913862797181,0
1,0.5200604044869774,1
0,0.0018825607435932713,0
0,0.02160747703319282,0
1,0.5963047426539365,1
1,0.8155090892973752,1
0,0.011176640084506882,0
0,0.0031344234174248715,0
0,0.12551817138040677,0
1,0.6551871872676208,1
0,0.3070504771913082,0
0,0.4857719279219258,0
0,0.06821214632142919,0
1,0.9093808245044447,1
0,0.0009675082619697989,0
1,0.6765685539100459,1
0,0.15447759258894464,0
1,0.8859350768506287,1
0,0.0036866720045330616,0
0,0.2980091883324085,0
0,0.41091261538429025,0
0,0.06317365719730343,0
0,0.6155670195537459,1
0,0.00037591521860500394,0
0,0.03355728059751622,0
0,0.08519381716627997,0
1,0.9780025921928424,1
0,0.11664440816506152,0
1,0.9791066430546183,1
0,0.029499211298132356,0
0,0.06304248543734742,0
0,0.014432227046076272,0
0,0.7347656345119226,1
1,0.974771457309819,1
0,0.44077639895393467,0
0,0.04288470772452398,0
0,0.020596321843758,0
0,0.5152188760564258,1
0,0.4710156266920841,0
0,0.016727970410077828,0
0,0.23432060630047977,0
0,0.00715259378929887,0
1,0.9891347270766401,1
0,0.38655283040524646,0
0,0.05426100539187692,0
0,0.19567075373029327,0
1,0.9047770507928535,1
0,0.11242589428008341,0
1,0.8915213459370426,1
0,0.26519176940458866,0
1,0.46422738614294273,0
0,0.03080510329042737,0
0,0.0009156112164967456,0
0,0.5802223213526274,1
0,0.13377768914966298,0
0,0.45701123936216437,0
0,0.17938960082071656,0
1,0.7533157362715772,1
0,0.01847148823441402,0
1,0.7475030004731109,1
1,0.7051766504287751,1
0,0.03541617056081372,0
0,0.1567871087411389,0
0,0.042532707221315635,0
0,0.36897305827799104,0
0,0.7186878362739801,1
0,0.0009203142923892974,0
1,0.9201596645667306,1
0,0.5181031185247836,1
0,0.8874838174164357,1
1,0.5894659405855426,1
0,0.009755314444711049,0
0,0.1614036826797309,0
0,0.021589453922053973,0
0,0.11192256566855567,0
1,0.41150843141741383,0
0,0.5966778778646159,1
0,0.16144794879894797,0
1,0.7942604032679609,1
0,0.0626174921312939,0
0,0.539928045816753,1
0,0.00786117828441033,0
1,0.9598661420818867,1
0,0.01569911511576706,0
0,0.28984123731079514,0
0,0.02496017724315592,0
0,0.0003983886473857548,0
0,0.11190383295432321,0
0,0.05151944073770893,0
0,0.0364329943693871,0
0,0.04609532492540055,0
0,0.22745761481092888,0
0,0.1553048277337001,0
1,0.6156500636877067,1
0,0.10487325031502037,0
0,0.3854149841949761,0
0,0.10051275922898112,0
0,0.36112822922108945,0
0,0.01717019604031181,0
0,0.02000518277649933,0
0,0.00027213932342078014,0
0,0.0040637914761038575,0
0,0.09338809284510109,0
1,0.9946221607155631,1
0,0.023269370063876516,0
0,0.0658173022420154,0
0,0.6430245682873984,1
0,0.6325965395838817,1
0,0.752317244687483,1
0,0.032103419169309005,0
1,0.7940563733675566,1
0,0.036616645707692574,0
0,0.051681510796559166,0
0,0.20846396467076653,0
0,0.21236876604799051,0
0,0.015151081822709427,0
0,0.05042371925973366,0
0,0.6052115776929741,1
0,0.0017513505458156564,0
0,0.18145541438959284,0
1,0.9075891127592649,1
0,0.05538260439144963,0
0,0.0078025606475900285,0
0,0.7898870815348575,1
0,0.2623683942750602,0
0,0.331051063196698,0
0,0.762070131388136,1
0,0.012982366582031241,0
1,0.9921488419134876,1
1,0.6044094974920693,1
1,0.8016184385978078,1
0,0.00981587718056144,0
0,0.7944911712003327,1
0,0.5832010357899908,1
1,0.2126063095773665,0
0,0.11960482380706997,0
1,0.8971808466294063,1
0,0.00020171343642929728,0
1,0.5277830231226984,1
0,0.256698886899962,0
0,0.09392545661638596,0
0,0.7329434162009408,1
0,0.7011900484506975,1
0,0.021135782086502217,0
0,0.004095799885432577,0
0,0.19604010311673495,0
0,0.09857909543405725,0
0,0.03670693911001457,0
0,0.7503329098426486,1
0,0.24177310237431265,0
0,0.27983061612644033,0
0,0.051183719613703965,0
0,0.3699738238198586,0
0,0.5899354823712949,1
0,0.5719340384652252,1
0,0.004332425393484226,0
1,0.3598399803342588,0
1,0.35795654723453224,0
1,0.24579405622838152,0
0,0.3629331525316504,0
0,0.0027454717980141055,0
1,0.9699520868535918,1
0,0.6853575339216517,1
0,0.000248212913897387,0
1,0.915999069011451,1
1,0.6510201391864767,1
0,0.05658451628955296,0
0,0.6206583631521922,1
1,0.5262162128592037,1
0,0.6255730187403158,1
0,0.4471030239119912,0
0,0.17470277759696862,0
0,0.6492429917224881,1
0,0.0013847433156262403,0
0,0.5247331717887349,1
1,0.7245977020881209,1
0,0.031013076403930542,0
0,0.34916290194716815,0
0,0.187354403151077,0
0,0.008088991002047874,0
0,0.04786889770767743,0
1,0.16506834032330378,0
1,0.6249187337152475,1
1,0.8224875664297747,1
0,0.0020487827691813504,0
0,0.004397025269192018,0
0,0.22810127948405542,0
1,0.9156613915716192,1
1,0.9059782333555042,1
0,0.15514636086686193,0
0,0.01079091411927374,0
1,0.99237334513103,1
0,0.1567834476940084,0
1,0.9749595458520783,1
0,0.14428394887434967,0
0,0.4385422622397716,0
0,0.2872300109787866,0
0,0.011704877787477978,0
0,0.018368600192928866,0
0,0.4908948422544304,0
0,0.31576117997601844,0
1,0.9893310364471148,1
0,0.1317363195531079,0
0,0.579396829096438,1
0,0.7083176933902111,1
0,0.21335218437054593,0
0,0.4022572254596459,0
0,0.4264851334556193,0
0,0.004036690635038777,0
0,0.0014359032900335795,0
0,0.0018522134100212825,0
1,0.976258810577517,1
0,0.5325715395257634,1
0,0.14846195587075445,0
0,0.0005191091926591515,0
1,0.810039400074753,1
0,0.005391109580515227,0
0,0.02708086160934954,0
1,0.9686867513105248,1
0,0.833710475896544,1
0,0.00038917311341792147,0
0,0.22115380822806524,0
1,0.20358660088611563,0
1,0.529853604508371,1
0,0.17640832768087347,0
0,0.6536964194503114,1
0,0.003188702576581229,0
0,0.03766910270911377,0
0,0.0005059413313752413,0
0,0.2976734155136802,0
1,0.7848033326908956,1
0,0.16679837858593263,0
0,0.005290195158870607,0
0,0.07856178175505527,0
0,0.04366176857076853,0
1,0.8533588206634384,1
1,0.9931751984051946,1
0,0.26833504684373705,0
0,0.002776051424033411,0
1,0.9045127299955855,1
0,0.084014652612386,0
0,0.027990918051340977,0
0,0.09299223178228357,0
1,0.8414349582384072,1
1,0.7682678818019824,1
0,0.024444718906461656,0
0,0.6403832421193053,1
0,0.11762879973675927,0
1,0.7669687259046928,1
0,0.06810207850310197,0
0,0.004533978509539245,0
0,0.04132951638635361,0
0,0.3645656284634278,0
0,0.11034935687901921,0
0,0.013608085586640941,0
0,0.01381178425819968,0
0,0.08536050512463866,0
0,0.08356849266393027,0
0,0.0066865951846602064,0
0,0.15023368419252006,0
1,0.6338580036948938,1
0,0.5749883788424782,1
0,0.19296189993162302,0
0,0.6531167645840709,1
0,0.5017409884090432,1
0,0.15589691817536444,0
0,0.09404130558098237,0
0,0.5375205640701666,1
1,0.774070604262788,1
0,0.7453206607342217,1
0,0.31697133712696096,0
0,0.5501634632319603,1
0,0.06253616671535166,0
0,0.002350245413917139,0
0,0.030652641853146066,0
0,0.002159895806403916,0
0,0.036497286838783546,0
0,0.29786397144724497,0
0,0.4261114423945322,0
0,0.07113869088555927,0
0,0.04901428019875036,0
0,0.00149103272472813,0
1,0.9301068745372366,1
0,0.0027548612897934153,0
0,0.030433286989504347,0
0,0.2959050233758387,0
0,0.014355581294185859,0
0,0.13036830224782378,0
1,0.09067960097583802,0
0,0.06113347512589578,0
0,0.0019076998999039462,0
1,0.9923032861916887,1
0,0.20241418778438217,0
0,0.6099306474760328,1
0,0.019119220891455624,0
0,0.7167732083655127,1
0,0.0007624010497691417,0
0,0.5206389219100716,1
0,0.4923521296337316,0
0,0.35969791282144714,0
0,0.5285002840490095,1
1,0.8482807465541174,1
0,0.29526563861687644,0
0,0.2821171298571234,0
0,0.3222328481242412,0
0,0.5560749939806784,1
0,0.020851700225012846,0
0,0.02919377617669842,0
1,0.9139226131184046,1
0,0.08364602945802768,0
0,0.5208758073946856,1
1,0.6630374449777463,1
0,0.5399823598940242,1
0,0.5692177513950994,1
0,0.6760922999454764,1
0,0.7108129639239792,1
0,0.7989957946121999,1
0,0.021360653989858557,0
0,0.7485421580072312,1
0,0.13599128643873495,0
0,0.008570645573830957,0
1,0.8507072208441178,1
0,0.0065148674456405094,0
0,0.6043109825054473,1
0,0.4890013933831736,0
1,0.6580143940732907,1
0,0.0016832438758808536,0
0,0.029352352427735404,0
1,0.7383041906529716,1
0,0.00025899851593643304,0
0,0.09302840997826602,0
0,0.1850715572143523,0
0,0.032674785578076064,0
0,0.11730845448891074,0
0,0.07973115609479109,0
0,0.04285909045838214,0
0,0.062363600167949236,0
0,0.41209195051262526,0
0,0.017967725434475237,0
0,0.012846952886473546,0
0,0.06700277547524947,0
0,0.005873694504945958,0
0,0.09889980332774202,0
1,0.8967796379609191,1
0,0.6189139965168237,1
1,0.8588957767817385,1
0,0.16001112117277239,0
0,0.5431046061715654,1
0,0.10173106954655856,0
0,0.2603284795452584,0
0,0.11473997344928966,0
0,0.6153279558690685,1
0,0.00658455544612166,0
0,0.05308366546566272,0
0,0.01062294273333008,0
1,0.7638677376151243,1
0,0.5544618930262271,1
1,0.8321643421786366,1
0,0.1490950795757219,0
0,0.20695987773564353,0
0,0.0818908786995582,0
0,0.024673566244183872,0
0,0.35436483819230336,0
0,0.48721064230702354,0
0,0.13546372041679722,0
1,0.7779298793538446,1
0,0.4312971969556,0
0,0.00105926313577354,0
0,0.3278146569618352,0
0,0.07150931383683334,0
0,0.5327670367546097,1
0,0.029282595818536733,0
0,0.009070356966681185,0
1,0.5621873242316282,1
1,0.6012738133235148,1
0,0.0006820170234295044,0
0,0.5027601858725288,1
1,0.6332274783620834,1
0,0.07235178034563317,0
0,0.2783960272919475,0
1,0.7441836253166914,1
1,0.8853655238793133,1
0,0.05292913168049129,0
0,0.1106970806890275,0
0,0.00035573229213917905,0
0,0.41939535532797595,0
0,0.19577716890754643,0
0,0.008040340646294263,0
0,0.1893673764906667,0
0,0.15736868910366536,0
0,0.2293944697630135,0
1,0.6129780522911026,1
1,0.896095375933484,1
0,0.0029490607336461116,0
0,0.00896396510222092,0
0,0.11042684454734837,0
0,0.46673062786359226,0
0,0.04026796977551041,0
0,0.3256645530228802,0
0,0.19271081739534765,0
1,0.9692443686509065,1
0,0.04493056710048633,0
1,0.7889437112081237,1
1,0.6977265618970037,1
0,0.011289591088912138,0
0,0.4681010228763457,0
1,0.794266061972156,1
0,0.057691641240907074,0
0,0.00026215477226992266,0
0,0.6710652630364993,1
0,0.13769417090096686,0
0,0.013131115239911766,0
1,0.6423516810050022,1
0,0.3985683188942884,0
0,0.013475994088767769,0
0,0.09281281225308098,0
1,0.5829105333406901,1
0,0.4864449218771392,0
0,0.07380676374766137,0
0,0.4560985626981123,0
0,0.8050127000453667,1
0,0.028042680347393708,0
0,0.29927994492479154,0
0,0.34566268661237304,0
1,0.9705985638500366,1
1,0.6566676327760931,1
0,0.06896693986739587,0
0,0.5625874704743596,1
0,0.002796364226976712,0
0,0.022280265897097695,0
1,0.14237702749157546,0
0,0.3994308424974613,0
0,0.045050894164564766,0
0,0.000247749350801,0
1,0.2504759210928564,0
1,0.5059712032821367,1
0,0.4815423106007182,0
0,0.055024452138352456,0
0,0.13073870164934026,0
1,0.979584491256155,1
0,0.42659474057078933,0
1,0.38454507595630216,0
0,0.007288410893704616,0
0,0.5728059483437802,1
0,0.24951765641587295,0
0,0.09589635303213882,0
0,0.00040539309944562127,0
1,0.863449792188699,1
0,0.4344117662212666,0
0,0.5485689035928497,1
0,0.024469747076960438,0
1,0.8860789467112572,1
1,0.8834693491788448,1
0,0.3559142200133516,0
0,0.4012812529766887,0
1,0.8172440875968899,1
1,0.8681865259599884,1
0,0.6713383582850463,1
0,0.7009763017793985,1
0,0.4581891692188779,0
0,0.4507348489911727,0
1,0.6770543577678865,1
0,0.6370926533980749,1
0,0.016116326499505604,0
1,0.9888350523005898,1
0,0.2997096765507558,0
0,0.19816505402214937,0
0,0.07833914055844042,0
0,0.2056303107135485,0
0,0.3745083055446753,0
0,0.5576936658477956,1
0,0.1008596359403685,0
0,0.0009265711852436799,0
0,0.1259191260881016,0
0,0.0531852423375392,0
0,0.5095399496769578,1
0,0.005444384773787,0
0,0.002149252494088277,0
0,0.6359827305249062,1
1,0.8445118513923018,1
0,0.007480759341252776,0
0,0.0034051875861009656,0
1,0.9748948976761805,1
0,0.44406931122878385,0
0,0.29733721220631487,0
0,0.0010682862817388784,0
0,0.7795720415104074,1
1,0.7798253778045316,1
0,0.04701352378476102,0
1,0.9868054811113535,1
1,0.6628681889398222,1
0,0.0004967521560208159,0
0,0.43177411943656474,0
0,0.6313776817686005,1
0,0.09015181274046322,0
0,0.03598883549605633,0
0,0.8136458870374403,1
1,0.82404890845746,1
0,0.11839162014450688,0
0,0.0007569627223052455,0
0,0.11816454873821934,0
1,0.7658536512265963,1
0,0.025416205696368873,0
0,0.18065498661772583,0
1,0.022024759706772017,0
0,0.048992536744882915,0
1,0.911443016556395,1
0,0.0010445356944505182,0
0,0.06653881349475553,0
1,0.6244972511333259,1
0,0.5956899474163624,1
0,0.024851149218879296,0
0,0.48830873359250965,0
0,0.0023331994362437176,0
1,0.7121708148145717,1
0,0.6091211284181127,1
0,0.01663948238621625,0
0,0.36100777611637774,0
1,0.8872769662328398,1
1,0.4720310268310158,0
0,0.16046136332530808,0
0,0.015954535423623958,0
0,0.12201054662186574,0
0,0.055267900750684995,0
0,0.028810752956412996,0
1,0.26916800791176443,0
0,0.16134252037935115,0
0,0.026883587936947825,0
1,0.4022740737724443,0
0,0.008255061229970273,0
0,0.05880285896595133,0
0,0.2339222911023677,0
0,0.0278677733797905,0
1,0.7579003517516743,1
0,0.743123469580579,1
0,0.1633285186021129,0
0,0.004088279119339462,0
0,0.041229950134649564,0
1,0.8271368477456811,1
1,0.6992773541544659,1
0,0.2151156178285295,0
0,0.23878515391561442,0
0,0.22265645637063217,0
1,0.9821009787324501,1
0,0.4509274372823553,0
0,0.004136972166990662,0
0,0.02674238768771871,0
0,0.1672140537039679,0
0,0.12103801841511033,0
0,0.3504134380995398,0
0,0.23902215562466272,0
0,0.40089430314723196,0
0,0.17159171354435027,0
0,0.0010039743439815736,0
1,0.319594974422324,0
0,0.25290637803125593,0
0,0.01359744700513465,0
1,0.8773860929181176,1
0,0.08348950689779476,0
0,0.028890300363660523,0
0,0.6786670994186228,1
0,0.06843820255821133,0
0,0.07067670274040862,0
0,0.02987313235700658,0
0,0.6719551714584779,1
1,0.8185933913725619,1
0,0.15244338827339296,0
1,0.8997159554657461,1
0,0.5801619495158431,1
0,0.07225091804733076,0
1,0.8121495239364236,1
0,0.03184516132406688,0
1,0.7484567678597634,1
0,0.24611794547452182,0
0,0.20765442425657338,0
0,0.021831047285084386,0
0,0.0014565869079418304,0
0,0.01830100793467094,0
0,0.007602285030431831,0
0,0.9067216865221348,1
0,0.01838483536850449,0
1,0.7179356388883545,1
0,0.5983939995247999,1
0,0.0019135482312001328,0
0,0.027707692279385517,0
1,0.9937261815254593,1
0,0.05034367032204736,0
0,0.028750566789958836,0
0,0.4673350338264793,0
1,0.893633079092708,1
0,0.17746667354841597,0
0,0.017831670688545895,0
1,0.9434873268628161,1
0,0.004289996171917514,0
1,0.9750634571591458,1
0,0.4433373290316978,0
1,0.5994571439325905,1
0,0.0007506794537052638,0
0,0.012400940354705691,0
1,0.649202181757719,1
0,0.12448899589347219,0
0,0.466046282951806,0
0,0.07138568065909978,0
1,0.6780256670342312,1
0,0.4771248079084766,0
0,0.10879212028294757,0
1,0.9014889834497444,1
0,0.6576272422121657,1
1,0.9760606719080446,1
0,0.22931977644749235,0
0,0.5317783054258546,1
0,0.03971542174320756,0
0,0.017530150791414716,0
0,0.028090350683794486,0
0,0.007683294505845482,0
0,0.792791096505658,1
0,0.047169743117851194,0
0,0.012256912038565845,0
0,0.368483885470534,0
0,0.2398029081518269,0
1,0.8703553202183012,1
0,0.20140404738702716,0
0,0.43312531885363786,0
0,0.3405485133409714,0
0,0.47804632833180494,0
1,0.9603735336097994,1
0,0.8791130394819561,1
0,0.04423766866267365,0
0,0.01818818690367666,0
0,0.0058643060459401646,0
0,0.2595129133504779,0
0,0.6978953833880012,1
0,0.20815680417392954,0
0,0.008943657308594038,0
1,0.9025845712025572,1
0,0.8369041807458892,1
1,0.8533497031647984,1
0,0.10627899670096833,0
1,0.6477766502441996,1
0,0.19717066422115026,0
1,0.6152888804649275,1
1,0.9532508313638794,1
0,0.45708884601726957,0
0,0.703743988716365,1
0,0.3379950904767602,0
0,0.30467839196962115,0
1,0.9722834051109726,1
0,0.0008388638040818307,0
0,0.0007927497625793851,0
0,0.004969360128541558,0
0,0.22326440900123676,0
1,0.5093748622033929,1
0,0.03299514153051349,0
0,0.829786799539975,1
0,0.02938215988116975,0
0,0.0005655671825145762,0
0,0.1234324020373043,0
0,0.025419172038114498,0
1,0.8042969717834816,1
1,0.8469068477846826,1
0,0.009283962805297448,0
0,0.009101558593595264,0
0,0.6082437456817078,1
1,0.5621841065887662,1
1,0.8504154327225616,1
1,0.8621964888836842,1
1,0.9795375858300711,1
1,0.6476598394973698,1
0,0.28440092921609744,0
1,0.8324770122807377,1
0,0.008115213500381057,0
0,0.039213498991663036,0
0,0.6306581993134276,1
1,0.4962559055381863,0
0,0.40846901696215804,0
0,0.03482182182685963,0
0,0.039561924877264065,0
0,0.004275165779155752,0
0,0.0661422199930608,0
0,0.03972328116666404,0
0,0.012979564152948745,0
0,0.33559478061079556,0
0,0.0044189555355180895,0
0,0.005954929374508121,0
1,0.7014007675817261,1
0,0.023181163452199543,0
0,0.7755461728170888,1
0,0.2963885594441444,0
0,0.16305692783436587,0
0,0.35782478545235397,0
0,0.3187795915847917,0
0,0.1408615623745108,0
0,0.40751275855835273,0
0,0.4906957623323641,0
0,0.005202233151259399,0
0,0.018696049185746185,0
1,0.2022698883021277,0
0,0.017241972114591674,0
0,0.2736628984249191,0
0,0.6936603107753744,1
0,0.398487670554923,0
0,0.6768760329023297,1
1,0.8149781595477005,1
0,0.04107537354562214,0
0,0.09411489016272648,0
0,0.5033105773281783,1
0,0.16634794126854516,0
1,0.8564711067620321,1
0,0.19794288567564658,0
0,0.6219832333559824,1
1,0.8080469494728547,1
0,0.49339167562182773,0
1,0.7294636143007697,1
0,0.003896279948455111,0
0,0.04328470589965208,0
0,0.5883038989513059,1
0,0.2651680918528736,0
0,0.0004423102469227825,0
0,0.5434075477678313,1
0,0.007805398567216442,0
0,0.3025729222043159,0
0,0.01361836764996984,0
0,0.03961191911702778,0
0,0.010448447006824426,0
0,0.18482951103026365,0
0,0.17888134531043057,0
0,0.112034982151724,0
0,0.11826396715952169,0
0,0.8260162446173424,1
0,0.5639491750990644,1
0,0.06436778932814607,0
0,0.2642556065040452,0
0,0.021205569667180044,0
0,0.3404377920668507,0
0,0.5119576742677723,1
0,0.015802850871594033,0
0,0.05756319205494595,0
0,0.0005239409176844423,0
0,0.45031864902377433,0
1,0.4862953940399652,0
1,0.9467946528444854,1
0,0.02428071330518359,0
0,0.1416148900613945,0
0,0.0871564507312363,0
0,0.008989222961958704,0
0,0.1963602901984536,0
1,0.5223855570326473,1
0,0.010554334253005466,0
0,0.00633213144114135,0
0,0.21392168928694716,0
0,0.28263837634800726,0
0,0.7527204950432939,1
0,0.045090412547504496,0
0,0.5627939810959622,1
1,0.04214977403891704,0
0,0.005431046000430284,0
0,0.34417101434399566,0
0,0.00034399573503911246,0
0,0.6579935679186225,1
0,0.02745021685937724,0
0,0.003916154451082564,0
0,0.5552709888290951,1
0,0.28424324998809125,0
0,0.7726080033667645,1
0,0.0061184330828094775,0
0,0.3223077151622312,0
0,0.13465330329495726,0
0,0.091562785648425,0
0,0.012012631110563374,0
0,0.06223184620923517,0
0,0.013841472788347077,0
0,0.0045509248004963095,0
0,0.2359022776936855,0
0,0.6437691653381331,1
0,0.014744288473477756,0
0,0.5020355449191473,1
0,0.003932972809314723,0
0,0.6341304380435886,1
0,0.009316813684782675,0
1,0.7941109489426516,1
1,0.9261545142275539,1
0,0.4207643486139102,0
0,0.0042999706436553705,0
0,0.7569038003543663,1
1,0.6895213206835767,1
1,0.9136273027525394,1
0,0.1405222374807736,0
0,0.2535164490364422,0
1,0.663871953862772,1
1,0.692238516911221,1
0,0.12476796896569081,0
0,0.006146518141613925,0
0,0.010169441358420196,0
0,0.03612182167139385,0
0,0.14007686153375876,0
0,0.05329895286713103,0
0,0.008560800597925607,0
0,0.3753750171153367,0
0,0.02158842067210056,0
0,0.041863160467763685,0
1,0.7977227047063057,1
1,0.8055830716857587,1
1,0.3821046840422991,0
0,0.425041782137807,0
1,0.6939907008728279,1
0,0.0016330808870844045,0
0,0.06638204965163,0
0,0.6671471356194458,1
0,0.46773809962972623,0
1,0.4698953032788605,0
1,0.559535301845109,1
1,0.984646598251223,1
0,0.11441977665027264,0
0,0.47917196598543105,0
1,0.7496057749667355,1
0,0.012193865127613713,0
0,0.34208007026816933,0
1,0.9804783683298026,1
0,0.023906126965587273,0
0,0.030942111932269107,0
0,0.5052525085626098,1
1,0.18010393839557012,0
0,0.18072983734200365,0
1,0.6772827607246961,1
0,0.23426091038127766,0
1,0.8369289728602197,1
0,0.0011454889244496371,0
0,0.18436587453593425,0
0,0.06548169009583157,0
0,0.017891107588806705,0
0,0.24654187462673988,0
0,0.4927974663376267,0
1,0.6830468177435102,1
0,0.17718019863525863,0
1,0.3134304159702941,0
1,0.9218638308334103,1
0,0.25121700797648633,0
1,0.8989503166541931,1
1,0.6594133446941102,1
1,0.9017664145217824,1
0,0.034409137603945546,0
0,0.10760997356133821,0
1,0.7980062887605882,1
0,0.7364281245729485,1
1,0.6172592681190988,1
0,0.716330663689202,1
0,0.03191669949677113,0
1,0.9888219447996356,1
0,0.9368281807601028,1
0,0.15487359659411593,0
0,0.003751481778411013,0
1,0.9900932476075612,1
0,0.8170369700335323,1
0,0.01219833307467466,0
0,0.21111701208611064,0
0,0.00026156544441616555,0
1,0.7883544452015444,1
0,0.035491724737190214,0
0,0.013783900685191834,0
0,0.8036315531325755,1
1,0.8801182095104637,1
0,0.904752802269392,1
0,0.009544575256893421,0
0,0.6680107149456346,1
1,0.8643790443884819,1
0,0.5961703609955764,1
0,0.4720804973991598,0
0,0.01017921557636889,0
0,0.11085223269754087,0
0,0.041217763667240476,0
0,0.6983240052563473,1
0,0.05036206041119113,0
0,0.08544274343101012,0
1,0.21338361732028194,0
0,0.04224088291862085,0
1,0.8049512452058551,1
0,0.29222688237140687,0
0,0.4906711413425434,0
0,0.3808555697099007,0
0,0.012079289207088886,0
0,0.5124172712954107,1
0,0.6761345694530535,1
0,0.0035527887558031083,0
0,0.6804630125195348,1
0,0.06848380618138705,0
1,0.599488129460825,1
0,0.33922467949092333,0
0,0.07332333374946624,0
0,0.8889683394018482,1
0,0.004649670330609229,0
0,0.12713616464941238,0
0,0.3254926057567717,0
0,8.639134494938235e-05,0
1,0.9477892066589656,1
0,0.06717268504286994,0
0,0.006134587937554154,0
0,0.06344151517427292,0
0,0.0253652904635084,0
0,0.5463573806771207,1
0,0.5478687082418233,1
1,0.8874984752866181,1
0,0.1394987148879205,0
1,0.9390294144438184,1
0,0.5168421514266485,1
0,0.2508448812851217,0
1,0.23341681301926676,0
0,0.6522535960152538,1
0,0.09201263515507713,0
0,0.32837159727246423,0
0,0.5002166495929884,1
0,0.2741403238494405,0
0,0.8625837452718306,1
0,0.3764720730953295,0
0,0.35569782457577115,0
0,0.0022588875530065743,0
1,0.9207898909108778,1
1,0.9313999850166446,1
0,0.1883914474765591,0
0,0.43245963642434937,0
0,0.0009655211704014478,0
1,0.8340605100891373,1
0,0.35762748512996656,0
0,0.03326725837595704,0
0,0.6573660709350679,1
1,0.7479884420135057,1
0,0.0012073190405695016,0
1,0.5717934330924549,1
1,0.5174353858151112,1
0,0.0053987466261997945,0
0,0.007671471164417754,0
0,0.0045245517465108305,0
0,0.009640279380731379,0
0,0.009245300326962474,0
0,0.00012206993693301601,0
0,0.020884940969207764,0
0,0.008585702585033817,0
0,0.21391283260004154,0
0,0.06801827620593233,0
1,0.7627729186646167,1
1,0.631598597198486,1
0,0.5752817401733159,1
1,0.6495054139324707,1
1,0.5609846424059948,1
0,0.18013620634981112,0
0,0.0010330056539030264,0
0,0.18524183448312045,0
0,0.31526892306996424,0
0,0.6329967808733568,1
0,0.0017680386016084885,0
0,0.838123132547848,1
0,0.022418145807901253,0
0,0.343083559143408,0
0,0.01543504997156828,0
0,0.7576304939795655,1
1,0.8751405406528295,1
0,0.36897140689949753,0
0,0.03077240984805502,0
1,0.5517627708335093,1
0,0.061156327223955954,0
0,0.6079098001408632,1
0,0.5575112427563563,1
0,0.2114429990373713,0
0,0.06221276461812863,0
0,0.011970653067528016,0
1,0.36755788477817253,0
0,0.2423535509186482,0
1,0.47439113358988494,0
0,0.46802051660859206,0
0,0.010763571384279528,0
0,0.006599777399126671,0
0,0.8436123639945604,1
0,0.001971116121797566,0
1,0.853183421365245,1
0,0.01603164894706606,0
0,0.2423407548170484,0
1,0.7029879848730701,1
0,0.00012206993693301601,0
1,0.9360476619535865,1
1,0.8619384438830908,1
1,0.8009882220697342,1
0,0.1454502240937085,0
0,0.8194768241025066,1
0,0.06749026167418397,0
0,0.009927923900029348,0
1,0.9638708827144903,1
0,0.28565343160044265,0
0,0.021051693495027186,0
1,0.8948756751884046,1
1,0.9522003388897678,1
0,0.0018099879347963951,0
0,0.4492207682490163,0
0,0.17397479652920522,0
0,0.5623741428024147,1
0,0.18500789697698375,0
0,0.1808913269725515,0
0,0.03725105458020563,0
0,0.2534048272613764,0
0,0.38994078325720233,0
0,0.5181477759411078,1
0,0.08170184716365407,0
0,0.5360922271385208,1
0,0.0037283160282257028,0
0,0.14238369400344197,0
0,0.09103449301833838,0
1,0.9228667644379113,1
1,0.9700257931043528,1
0,0.1684045518199906,0
0,0.03898572080422231,0
1,0.18210011809771462,0
0,0.512452733122921,1
0,0.4206936629731347,0
0,0.5346829002947646,1
1,0.1276755409187945,0
0,0.05265180945692979,0
1,0.9822054757507827,1
1,0.9933312852027666,1
0,0.2068906470663729,0
0,0.12609612262969982,0
1,0.6132661978924899,1
1,0.9340874547341204,1
0,0.24131912040044404,0
0,0.0011344763772798431,0
0,0.0888855907529402,0
0,0.15996888365388692,0
0,0.08668925094622372,0
0,0.1650129223129021,0
0,0.481791399723919,0
1,0.7890068113719124,1
0,0.7692127721498592,1
1,0.9737116158027688,1
0,0.2382360554928218,0
0,0.6705978121877639,1
0,0.00018375748438665697,0
0,0.05074919898346428,0
0,0.038419505691380765,0
0,0.14543418312924378,0
0,0.3703672908753205,0
0,0.28684825937025665,0
0,0.0003436055031337053,0
0,0.027373347970527834,0
0,0.004498238070403492,0
0,0.023042786666310315,0
0,0.5269379323214058,1
0,0.5079685136993947,1
0,0.19266670515023623,0
1,0.8176383674587369,1
0,0.7702039852011964,1
0,0.005025601428715858,0
1,0.9074027506662693,1
0,0.004060900690978639,0
1,0.8580754781967694,1
1,0.385968879558069,0
0,0.027183040993462755,0
0,0.11026691326110867,0
0,0.045675676959876774,0
0,0.07225915347290103,0
1,0.5131617402741585,1
0,0.7709932829761478,1
0,0.047427030707680236,0
0,0.01363795527023063,0
0,0.006183433907873889,0
0,0.08313578838354771,0
0,0.38544085084866464,0
0,0.023267782714784177,0
1,0.9026258952342171,1
0,0.009645728187045732,0
0,0.14408347296099513,0
0,0.5714122817450846,1
0,0.6991916005177052,1
0,0.13368576720990508,0
0,0.10606093671200474,0
0,0.17992963196646256,0
0,0.00275358973035877,0
0,0.24530501143527,0
1,0.8685597401641783,1
0,0.0962888038897677,0
0,0.641938351534412,1
1,0.65097631371342,1
0,0.20241242740695337,0
0,0.08004053594322817,0
0,0.010219575391506757,0
0,0.003449221129970946,0
0,0.02258180567515993,0
1,0.9791870514501151,1
0,0.02244421996774977,0
0,0.5743328318319919,1
0,0.1419732293447836,0
1,0.723826379854019,1
1,0.7848100163607452,1
0,0.18018424901115684,0
1,0.43086516651115875,0
0,0.007146697719771137,0
1,0.6832416195740604,1
0,0.0005458017620593569,0
0,0.020830395865682107,0
0,0.0713083928969281,0
0,0.45166940693956614,0
0,0.7316887858391113,1
1,0.8591687026933416,1
0,0.48071277459311046,0
0,0.18170592871144656,0
0,0.7387195021573455,1
0,0.039351161412400325,0
0,0.00208579262182209,0
0,0.02385151202202023,0
0,0.41324201698098423,0
0,0.033821149948979765,0
0,0.2771107519873124,0
0,0.0012588525922151911,0
1,0.6524042707522416,1
1,0.5980358426898811,1
0,0.17848537220632169,0
1,0.5175715576654579,1
1,0.9707221550857563,1
0,0.2536773069239632,0
0,0.021568988815172323,0
0,0.0023664558753339567,0
0,0.0008334045407490792,0
0,0.3154572329755672,0
0,0.22361596644507187,0
0,0.7999500262953794,1
0,0.787945045035584,1
0,0.6790306313487476,1
1,0.9442645252870864,1
0,0.04643625562190386,0
0,0.013929032030714307,0
0,0.017898978268556524,0
0,0.06008864985816935,0
0,0.07162477049642169,0
1,0.35721834218730186,0
0,0.003232440502099196,0
0,0.08193050527348532,0
0,0.03655644137166553,0
1,0.42663534920771234,0
1,0.8203045663695695,1
1,0.9828501125585912,1
0,0.5417712686329459,1
0,0.015877808156722233,0
0,0.23981921400775452,0
0,0.7825735704849821,1
0,0.026871360055746963,0
0,0.5525297313430728,1
1,0.8587304338201246,1
0,0.3161050846129561,0
0,0.1881036817722835,0
0,0.10253805241759478,0
0,0.027453737927529673,0
0,0.25078394837189033,0
0,0.03112547827327647,0
0,0.006794054231222419,0
1,0.9155830009007582,1
0,0.013347134658769457,0
0,0.12302570423832793,0
0,0.037099328558557486,0
0,0.149923210544813,0
0,0.18036496932852203,0
0,0.40175840503432825,0
0,0.02390115411234653,0
0,0.11913274609216977,0
0,0.6388185792276271,1
0,0.31082408193950173,0
0,0.5089285470699371,1
0,0.09053392205109863,0
0,0.5683719525958307,1
0,0.001000128749911374,0
0,0.028702281794288045,0
1,0.6002729551060512,1
0,0.5346292255472989,1
0,0.06532477813909454,0
0,0.24080766419302885,0
0,0.5741256754464279,1
0,0.17698223187800005,0
1,0.6517810737859204,1
0,0.1158039128094343,0
0,0.7697195199174652,1
0,0.08715191683983264,0
0,0.1987669866432824,0
0,0.09223025555126152,0
1,0.7754714897646096,1
0,0.14283658685074135,0
0,0.5129586703358726,1
0,0.17401454729848898,0
0,0.10119304095055985,0
1,0.9001273281850585,1
0,0.6013529383489803,1
0,0.08202318007669626,0
0,0.1026237035007107,0
1,0.584262646587148,1
0,0.2260550874130699,0
0,0.6178521050404775,1
1,0.665225974327891,1
0,0.11065629567920586,0
0,0.17626313034384916,0
0,0.4324442100372182,0
0,0.4544804033531588,0
0,0.07952691906160267,0
0,0.6053709864768672,1
0,0.08127660326598181,0
0,0.3453675564554933,0
0,0.5444501856896627,1
0,0.01188819345494311,0
0,0.10303581597566329,0
1,0.8600100546261075,1
0,0.02300724454025828,0
0,0.04599881621601495,0
0,0.3367847135818779,0
0,0.03039262385109879,0
0,0.47943302771161295,0
0,0.008310721587596007,0
0,0.3618997809857746,0
0,0.0925811286149094,0
0,0.003544891962711234,0
0,0.8550749613129506,1
1,0.9816550835995062,1
0,0.10651248196428634,0
1,0.8814492012463389,1
0,0.0891035890855514,0
0,0.005176270805279166,0
0,0.05029234924162546,0
0,0.269611494546994,0
1,0.9864132327163702,1
0,0.00449449716988188,0
0,0.37972987776514616,0
1,0.47469698184037895,0
1,0.46938125177485335,0
0,0.6397832133619581,1
0,0.2526815782186343,0
0,0.4116055867975666,0
1,0.7902099393283734,1
1,0.9033197320464614,1
1,0.06271546129336095,0
1,0.7693059423663304,1
0,0.003320051123569727,0
0,0.11543733719210687,0
0,0.01714242883105132,0
1,0.8054440027178256,1
1,0.30592169285331805,0
0,0.1684007367377083,0
0,0.09939046237399801,0
1,0.33262481394003063,0
0,0.8383911240548712,1
0,0.1686714143336378,0
0,0.9067761593848919,1
0,0.024433817786246943,0
1,0.6693694816135125,1
0,0.003673840912427922,0
0,0.00032288673267162447,0
0,0.0183804281994683,0
0,0.23414389245758657,0
0,0.39144808177444596,0
0,0.10445972355963402,0
0,0.0005123094400152726,0
0,0.62362266005661,1
0,0.6161447036493585,1
1,0.93681665407581,1
0,0.8324970390876972,1
1,0.786024965358731,1
0,0.1082180241216998,0
0,0.10658483930568394,0
0,0.7581954738530235,1
0,0.0027089691719742875,0
1,0.9005778558376853,1
0,0.009625417553188584,0
0,0.02483407836412374,0
0,0.6332141396920378,1
0,0.01968120947510519,0
0,0.16280431503054585,0
0,0.09616496150957435,0
0,0.09831547046867066,0
0,0.4258395583162,0
0,0.07215023332882381,0
1,0.5574628855675274,1
0,0.06180581123366455,0
1,0.2814680890254948,0
0,0.0016337616999582574,0
0,0.459699901895592,0
1,0.8909931294283618,1
1,0.8345145965410621,1
1,0.9785462304924674,1
0,0.49754569034112267,0
1,0.981432431209317,1
0,0.48820973180033916,0
0,0.03209908479389351,0
0,0.5520952773275384,1
1,0.89802033076483,1
1,0.9447379678807475,1
0,0.12703145167403165,0
1,0.85789852721823,1
0,0.010789001907620811,0
0,0.03487454590443585,0
0,0.010385432684230608,0
1,0.8523455394257472,1
0,0.22548786738226273,0
0,0.5269604305141449,1
0,0.0032050170211945853,0
0,0.02764879151485052,0
0,0.0019675069848330996,0
0,0.5928544258511822,1
0,0.014136343712869565,0
1,0.8901175327928299,1
0,0.007848755219694853,0
1,0.7957282309792555,1
0,0.7150232639525248,1
0,0.3836455633079979,0
0,0.17452803957842944,0
0,0.5918502160590883,1
0,0.18994954375363163,0
1,0.9795885173985497,1
1,0.9846701671546831,1
0,0.440212347242316,0
0,0.40168241519660236,0
0,0.5770378869530273,1
0,0.02183417051743459,0
0,0.3569433233738572,0
0,0.152736861166899,0
1,0.555161584133573,1
0,0.6580813803534443,1
1,0.9775329308030885,1
0,0.007195935615726574,0
0,0.038978262095108,0
0,0.023390257656459093,0
1,0.5585373957468253,1
1,0.9942203936164005,1
0,0.00012206993693301601,0
0,0.2951775412764102,0
0,0.2055730790080823,0
1,0.9106093618444737,1
0,0.02768751660071048,0
1,0.6314636407040729,1
1,0.5386333424192241,1
0,0.9358515286383958,1
0,0.08722201482491376,0
0,0.00959832590690162,0
0,0.1560509057564866,0
1,0.966940541668859,1
0,0.1703015279775672,0
0,0.04551007261517506,0
0,0.39579473283147304,0
1,0.8436815427749605,1
0,0.41864374130079246,0
0,8.244761134150564e-05,0
0,0.07012981131562512,0
0,0.02273392886495734,0
1,0.8486028452159637,1
0,0.19110556546831736,0
1,0.8709068574964349,1
0,0.22251840102588916,0
1,0.9297993092348255,1
0,0.035540606509112144,0
0,0.06856720175507469,0
0,0.01510867228531312,0
1,0.9885417438996233,1
1,0.9090416808814274,1
1,0.848237214493056,1
0,0.3046159322521328,0
0,0.13457153539457753,0
0,0.16469058803268968,0
1,0.3395469559054487,0
0,0.4271246057751463,0
0,0.3527731051012696,0
0,0.1413970281566258,0
0,0.5592699933318461,1
1,0.7573768275134715,1
0,0.6778824630850391,1
0,0.2355572945850227,0
0,0.2702214716372925,0
0,0.28714970020493297,0
1,0.21597974478431595,0
0,0.2773105502053795,0
0,0.03389088258914066,0
0,0.0014127812371277743,0
0,0.29066385075308965,0
0,0.3568770483094386,0
1,0.9920160758553626,1
0,0.10831285171685474,0
1,0.8877794352236136,1
0,0.039341641438468564,0
0,0.32168111472028826,0
0,0.06106938218332484,0
0,0.8565488365531172,1
0,0.6320688308292197,1
0,0.3562321929640725,0
0,0.05040187380542161,0
0,0.10361257354680166,0
1,0.7718751767958513,1
0,0.0913733632958387,0
0,0.2669746882616646,0
0,0.44585946367485585,0
0,0.049090606922784615,0
0,0.0037283160282257028,0
1,0.786201458119718,1
0,0.03958751162991561,0
0,0.44805611108296955,0
0,0.04875216963748642,0
0,0.003124929269729231,0
0,0.18752931909512816,0
0,0.44473823786864536,0
0,0.1402803564664477,0
1,0.7732479453260355,1
0,0.04852808542320844,0
0,0.03726543647184578,0
0,0.0035032029768997204,0
1,0.6272207882679944,1
0,0.8865174875935217,1
1,0.07835328652280787,0
1,0.669616869870091,1
0,0.699910872694685,1
0,0.07910129415759423,0
0,0.17287887489086173,0
0,0.0032241154018164396,0
0,0.040125476204329186,0
0,0.36590659277905446,0
1,0.8513702078088639,1
1,0.7001221602136569,1
0,0.0010670060825875324,0
0,0.630226602290874,1
0,0.01205482589066657,0
0,0.07111870458458446,0
0,0.286821778396156,0
0,0.010544827359592376,0
1,0.986060726225422,1
0,0.6289155769876964,1
0,0.08365537065602467,0
0,0.38710513910952266,0
0,0.6714718526240675,1
0,0.9271296307403143,1
0,0.7139982283357121,1
1,0.730207834040237,1
0,0.5502616609823383,1
0,0.0037622521504425415,0
0,0.12092250103972634,0
0,0.12961648822080943,0
0,0.22189122800679048,0
0,0.018275204822616346,0
1,0.5101627987747548,1
0,0.46448173678707644,0
0,0.1255296306656246,0
0,0.49970193529148427,0
0,0.0013973646846190332,0
0,0.03472054501259736,0
0,0.008266983695581065,0
1,0.9881044148684404,1
0,0.04006922460722598,0
0,0.028358271381670203,0
0,0.05108218197618969,0
0,0.5534631894440529,1
1,0.8578106610575827,1
0,0.2063874073941095,0
1,0.8661329885222616,1
0,0.00020007917876518525,0
0,0.3142608640446497,0
0,0.002909915250200548,0
0,0.008197946692408734,0
1,0.872744113957618,1
0,0.058840511883343265,0
0,0.4666674799793044,0
1,0.7968895420614388,1
0,0.055366192051192226,0
0,0.3557113839964409,0
0,0.6699082918926618,1
0,0.05533286302094493,0
1,0.239758653320465,0
0,0.21963792010754649,0
0,0.05763308645958419,0
1,0.8646141590561588,1
0,0.5206359733530048,1
0,0.0015044015513911294,0
1,0.674882924982761,1
0,0.30429553102445134,0
0,0.2196314728569142,0
0,0.34937915420543203,0
0,0.6861837423779841,1
1,0.649638584393798,1
0,0.20496172194056592,0
0,0.025397646502099677,0
0,0.7937156973929209,1
0,0.040428529253418,0
0,0.3690336406174472,0
1,0.8875909684932537,1
1,0.8256873629199609,1
0,0.10754849575126371,0
1,0.9904160402026324,1
1,0.14751388259994333,0
0,0.8936809485004871,1
0,0.5253305871819375,1
0,0.021295091410433828,0
0,0.07564721517573361,0
0,0.03222651580727277,0
0,0.7186922380287626,1
0,0.11209448520816212,0
1,0.8791360496112212,1
1,0.6391280139409372,1
0,0.0010878006089167168,0
0,0.48557977862415935,0
0,0.02727210574742939,0
0,0.020263296589698446,0
0,0.03802372847624943,0
0,0.04021311185909508,0
0,0.6421667668759405,1
1,0.9191672263293496,1
0,0.5215129569642017,1
0,0.017318262396969247,0
0,0.6246355240915312,1
1,0.43410023630812106,0
0,0.010486534542634545,0
0,0.08232055105182436,0
0,0.32218053314344614,0
1,0.5602860396313437,1
0,8.986735054727035e-05,0
1,0.5082162271653536,1
1,0.45066110406210497,0
1,0.27000143860151693,0
0,0.5456620877302029,1
0,0.5130022286905668,1
1,0.2813924134583707,0
0,0.0003694190846338783,0
1,0.5554976207792673,1
0,0.8195215522035348,1
0,0.46619909991814484,0
0,0.06388182973838105,0
1,0.29959979053127084,0
0,0.031685257060834776,0
1,0.3110411219420858,0
0,0.26867947439094925,0
1,0.6318043842272943,1
1,0.8266647356868774,1
0,0.02333867228945865,0
0,0.033976009722050504,0
0,0.022801557932751522,0
0,0.015543105712688146,0
0,0.003636446945495362,0
0,0.4394927010854646,0
0,0.037319658503698463,0
0,0.08071593521595163,0
0,0.002095410221891882,0
1,0.8245050001066327,1
1,0.7915474073324689,1
0,0.06221819771377,0
1,0.6023572783513353,1
0,0.0014953991386079137,0
1,0.9857292743368775,1
0,0.12371677503439682,0
0,0.015507405417249834,0
0,0.5454549228707873,1
0,0.5172957542960863,1
0,0.03674499155466992,0
1,0.8271481529186547,1
0,0.44017836961983176,0
0,0.5818218828085036,1
0,0.5030154175009116,1
0,0.041106961686996936,0
0,0.3393291884249984,0
0,0.2278320964296204,0
0,0.5472532019032861,1
1,0.993508590818791,1
0,0.09880526817382534,0
0,0.018835006826268805,0
1,0.3327434738244966,0
0,0.011983988709343911,0
0,0.14089312667713483,0
0,0.4810356256843596,0
0,0.032459998557698294,0
1,0.9886924539155393,1
1,0.24914624274848413,0
0,0.9279580825592632,1
0,0.009642745399790103,0
1,0.9906752567478628,1
0,0.0206160077316504,0
0,0.19232415097598252,0
0,0.005425632123933543,0
0,0.0013157172360024215,0
0,0.7813165509645514,1
0,0.0006625757939256932,0
0,0.6088806822739651,1
0,0.054240081866188825,0
1,0.7945632003720476,1
0,0.20328376118201513,0
0,0.08749947796574165,0
1,0.9787946913509112,1
0,0.004390879052532495,0
0,0.34563764624486754,0
0,0.1516239650718428,0
1,0.6425560111871907,1
0,0.3572124170014715,0
0,0.005548732803478504,0
0,0.6414389206710289,1
0,0.017003831345569726,0
0,0.05567765889755835,0
1,0.7894871677753267,1
0,0.02686418546585104,0
1,0.8486752723300324,1
0,0.623723139450313,1
0,0.04332246903985771,0
1,0.6206829256738409,1
0,0.23324171776851738,0
0,0.13176650295970435,0
0,0.2067215316292703,0
1,0.9942886510022836,1
0,0.030857165555903426,0
0,0.05215612353504369,0
0,0.05589602217520511,0
0,0.0003139533974072933,0
0,0.37902004403212614,0
1,0.9902144858835394,1
0,0.05914950266890615,0
0,0.16400497552307491,0
1,0.8112575402678371,1
0,0.4292115734821772,0
0,0.4652126994787296,0
1,0.8728374978575482,1
0,0.004242949238327562,0
0,0.11987178916392423,0
0,0.6679245170600241,1
0,0.005368739464401186,0
0,0.009447325445305174,0
0,0.07025730378693618,0
0,0.3166512976422913,0
0,0.4905297991524814,0
0,0.358721152465244,0
0,0.09651149024928217,0
0,0.435790956340628,0
0,0.05433828725693777,0
1,0.7902003925228491,1
0,0.016022675013809485,0
0,0.17565188402673027,0
0,0.07132407156597725,0
0,0.14235901139050794,0
0,0.10859313918868868,0
0,0.5491015352495855,1
1,0.4233561269730045,0
0,0.010635558612142012,0
0,0.0006127930261409787,0
0,0.5932061399986963,1
0,0.004510363352428505,0
0,0.5547194761321321,1
1,0.6847676262364754,1
0,0.011689750750360895,0
0,0.0027345860250128796,0
1,0.5565505555322461,1
1,0.8789612754610364,1
0,0.8247053689655055,1
0,0.00568181460367403,0
0,0.08258427793182266,0
1,0.4111780934135979,0
0,0.1205558290258084,0
0,0.5050061423135018,1
0,0.5731120053223089,1
0,0.6414693028806603,1
0,0.8139619942677038,1
0,0.07441291389955286,0
0,0.4809702886062024,0
0,0.01963525709710394,0
0,0.02578741050359433,0
1,0.8932142236913492,1
0,0.5030765832857665,1
0,0.034742095754492205,0
0,0.3412765224011546,0
0,0.06583320398216447,0
1,0.8773759326406163,1
0,0.05629876229455963,0
0,0.032805557432238404,0
0,0.003273201182465645,0
0,0.007791188901486299,0
1,0.7148884818847404,1
0,0.14145902856985132,0
0,0.3134257683895066,0
0,0.15028549215985829,0
1,0.7578116969301472,1
0,0.23274459410675893,0
0,0.14702376154407162,0
1,0.8405802002532237,1
1,0.748874597806618,1
0,0.01472950865837651,0
0,0.6854954617523723,1
0,0.04255762823894798,0
1,0.8115140311901108,1
0,0.4504438001734446,0
0,0.0515053147409023,0
0,0.486850709030082,0
0,0.10608363672632659,0
1,0.8845611927817371,1
0,0.5769092239424498,1
1,0.8325591265039511,1
0,0.6129766884568167,1
0,0.302743000483899,0
0,0.006854293277403925,0
1,0.8957417120920621,1
1,0.26036681234330705,0
0,0.05453514755517069,0
0,0.7904166927628552,1
1,0.15043695450414604,0
0,0.02677681791861274,0
1,0.4977290416111555,0
0,0.07624758994826464,0
0,0.19158880078499563,0
0,0.01275492739910139,0
1,0.6626476912556476,1
0,0.018524696951388586,0
1,0.9340011541814947,1
0,0.6886172537099658,1
0,0.18578976503211617,0
0,0.23290986079853687,0
0,0.0012787702449093621,0
0,0.0018813139086537656,0
0,0.19500393560988702,0
0,0.019395868749429546,0
1,0.5073286862916827,1
0,0.012192165994272289,0
1,0.9901739677911352,1
0,0.0937700095433563,0
1,0.974195100757401,1
0,0.07538169543949526,0
1,0.9394427749892037,1
0,0.0005675915243337382,0
0,0.036163429530039246,0
0,0.07574957553713398,0
0,0.01209202112373056,0
0,0.04878096556538436,0
0,0.04833091531563889,0
0,0.7752916405869178,1
1,0.8902034819102327,1
0,0.5008627453991027,1
0,0.4716282877501296,0
0,0.8970239045142611,1
0,0.2241116583177428,0
0,0.1799778419439656,0
0,0.4759024889007856,0
0,0.04740455473945961,0
0,0.18095456235468424,0
0,0.3486628047761267,0
0,0.10592024471150585,0
0,0.4861350708255743,0
0,0.3226810946144013,0
0,0.610687052160506,1
0,0.0013142221085343116,0
1,0.18443417747343452,0
0,0.8101225017625371,1
0,0.20183627693211922,0
0,0.028336323141126895,0
0,0.07977058693336173,0
0,0.006021187559921171,0
0,0.01781967282884718,0
0,0.4295399473276112,0
0,0.34381652473947216,0
0,0.7691475752148135,1
0,0.36232117482649495,0
1,0.3681135895462526,0
0,0.2725651643896697,0
1,0.8790112836380625,1
0,0.15344939246067443,0
1,0.7809839781190194,1
0,0.7287118580759572,1
0,0.17307938616017254,0
1,0.36696497125979133,0
1,0.9378480040532984,1
1,0.9398194455720701,1
0,0.4113497317018576,0
0,0.29798890902203595,0
0,0.2677825631188793,0
0,0.053366365143995176,0
0,0.44293488209234105,0
0,0.41075010721260885,0
0,0.00393592233480394,0
0,0.10495769843745983,0
1,0.5522377614704483,1
0,0.575386595993822,1
0,0.47157042863549764,0
0,0.11376486570465386,0
0,0.2722143356204434,0
0,0.041982228695616505,0
0,0.4067097750505964,0
1,0.9195687101445911,1
1,0.8971682512107776,1
0,0.1553259328224067,0
0,0.08338051919486943,0
0,0.1916639022223577,0
1,0.3145272558400689,0
0,0.01895801783593762,0
0,0.30912987197298997,0
0,0.008602454410874472,0
1,0.8334430042363455,1
0,0.3856877410598903,0
1,0.5990607088226817,1
0,0.04544601123628142,0
0,0.0330833000131678,0
0,0.015526213840188315,0
0,0.5344234013789889,1
1,0.9856688062720089,1
1,0.6905934649947032,1
0,0.6619742349133533,1
0,0.4513944535434728,0
0,0.021713351345686447,0
0,0.5571645225514228,1
0,0.03892814781054057,0
1,0.9933003400182605,1
1,0.8709349509657511,1
1,0.5966482518921923,1
0,0.03970032688583659,0
1,0.8410637420971189,1
0,0.0464139285387299,0
0,0.022401985692251894,0
0,0.1318979239836291,0
0,0.27807611660595216,0
1,0.15623541478412598,0
0,0.2806120596935335,0
0,0.00020785585136852143,0
0,0.8260128740199472,1
0,0.00026156544441616555,0
1,0.47772882341857154,0
0,0.05427222282324742,0
0,0.6465761461122284,1
1,0.471981097126869,0
0,0.052994196349561866,0
0,0.023128610770243634,0
0,0.5863828120768715,1
0,0.2071934364159963,0
0,0.6163231992880839,1
0,0.29240102324714756,0
0,0.7109353081961852,1
0,0.16287301716983285,0
0,0.03768842781111508,0
0,0.006919635815915358,0
1,0.924858455931318,1
1,0.5434268226329005,1
1,0.9956721397489978,1
0,0.005678767844353056,0
0,0.09509537809615172,0
0,0.6302504858759267,1
0,0.6490187043173483,1
0,0.6036167468581539,1
0,0.046613295450134005,0
0,0.07782370832339698,0
0,0.15662129541399333,0
1,0.9233387038889056,1
0,0.0193009913165906,0
0,0.023194450146444792,0
0,0.0013812390803755541,0
0,0.006101876956131321,0
0,0.42792436348176427,0
1,0.7590966919125369,1
0,0.10118035570202079,0
0,0.37197186597205834,0
0,0.4478633695764064,0
1,0.6970738307633947,1
0,0.0022538107346703556,0
0,0.0031565413209665404,0
0,0.06535684411526814,0
1,0.9155267273249268,1
0,0.013055937870198476,0
0,0.6981742917609978,1
0,0.04951976303600609,0
0,0.5793811529729117,1
1,0.5546887838878259,1
1,0.7581647902742805,1
0,0.7316751743570981,1
0,0.03265165979198235,0
0,0.7155465793919311,1
0,0.015170075498948747,0
1,0.4695839270046191,0
0,0.052973299128988904,0
0,0.09938084599312243,0
1,0.8333260934592391,1
0,0.05233743425800124,0
0,0.0013460905749586374,0
0,0.017143099066720787,0
0,0.2475237019297351,0
0,0.013081741064599039,0
0,0.006759222868834829,0
1,0.8413193453323111,1
0,0.0037811805286865983,0
0,0.6913118457558154,1
0,0.06373925127729729,0
0,0.033001716554828205,0
0,0.00314420961409791,0
0,0.7430045845174071,1
1,0.8558867753057203,1
0,0.21524175788254804,0
1,0.598661821599831,1
0,0.002378002563099572,0
1,0.8274087490597218,1
0,0.02506532885222188,0
0,0.020422833200241804,0
0,0.24335854116482541,0
0,0.0022473736998313196,0
0,0.42313346974140453,0
0,0.01965672206383239,0
0,0.09934719523906221,0
0,0.7140889711551789,1
0,0.5688553521644726,1
1,0.8294785237261246,1
0,0.010063736886004496,0
1,0.5826334879736411,1
0,0.5955402099782541,1
0,0.002959475707779083,0
0,0.5776346465571556,1
0,0.47071257360221247,0
1,0.31050206894558746,0
1,0.722570769976825,1
0,0.07669023369899668,0
0,0.47866435282103853,0
0,0.06907033788093767,0
0,0.04101202696062885,0
0,0.4135996198679018,0
0,0.481615037619823,0
0,0.022515774472506737,0
0,0.12764252980608706,0
0,0.01711721370333711,0
0,0.010786199752118175,0
0,0.0010649174277831681,0
0,0.08880481716060941,0
0,0.005736952272111044,0
0,0.8816756825235179,1
0,0.37392165240237346,0
0,0.0003330094054570519,0
0,0.14763132611940655,0
0,0.35411936903757496,0
1,0.7186595903324912,1
0,0.03169749982206477,0
0,0.39644242274638597,0
0,0.11342280589388944,0
0,0.028938920263730614,0
0,0.00040871653950377065,0
0,0.1262961890874582,0
1,0.21778679674768087,0
1,0.34405781870203583,0
1,0.4242255751931118,0
1,0.7423703203635182,1
0,0.0042926882862620195,0
0,0.3160011026836135,0
0,0.014040889040026651,0
0,0.004205149110904083,0
0,0.00011208545097150723,0
0,0.5548767015913639,1
0,0.13623624504476303,0
1,0.8551772569688251,1
0,0.10808225554831687,0
0,0.726283225034871,1
0,0.6182866889351207,1
1,0.8497464039492557,1
1,0.8609943969033221,1
1,0.5802763189104942,1
0,0.18662169067793685,0
0,0.5157756140931394,1
1,0.7217306256310618,1
1,0.44297780090284133,0
0,0.016538413514691045,0
0,0.08381551658614217,0
0,0.00011355240411170126,0
1,0.32519049291698,0
0,0.021320530043296784,0
0,0.0638433399004779,0
0,0.2986261634130736,0
0,0.0008182651167459938,0
0,0.005781324466634138,0
0,0.7615792443957005,1
0,0.8245178246722615,1
0,0.7477569476089968,1
1,0.9537912222488956,1
0,0.6608196419723237,1
0,0.009620697328810815,0
0,0.22980506102233592,0
0,0.022565957685696653,0
1,0.6112633649253036,1
0,0.2787259882033916,0
0,0.3066158154865163,0
1,0.9454666778276082,1
0,0.11867169319484996,0
1,0.9880301160339333,1
0,0.03187588122362947,0
0,0.028847606932204818,0
0,0.016971440193750662,0
0,0.0732095595227365,0
1,0.4036854495727203,0
1,0.8972682036223578,1
0,0.05912260109030553,0
1,0.7850806167855822,1
0,0.1911447300489854,0
0,0.008275209500427212,0
0,0.32321354314240297,0
0,0.3121545577577888,0
0,0.0009849264389439779,0
1,0.13960179694655508,0
1,0.65600544710218,1
0,0.32540899582454014,0
1,0.7858119532868768,1
0,0.010769191118502658,0
0,0.16183736910192237,0
0,0.01134326595462078,0
0,0.020654379051554553,0
0,0.011456319117847306,0
0,0.08397781760745615,0
1,0.7588892363650408,1
0,0.05978412438949833,0
0,0.10090620700251593,0
1,0.8957200855228498,1
1,0.6219762293228434,1
0,0.46990479437997845,0
0,0.4077718408306906,0
0,0.0035263396504713854,0
0,0.028584745302066915,0
0,0.03331998120677924,0
0,0.00012047609589903478,0
0,0.46201724346367273,0
0,0.23563266957277929,0
1,0.6290066237769185,1
0,0.8147571896154969,1
0,0.7664675276692337,1
0,0.0018937231977385698,0
0,0.011237398165470237,0
0,0.022598488626053168,0
0,0.41477196028544283,0
0,0.5295246370312165,1
1,0.04745110546866316,0
0,0.2254251974072131,0
0,0.28459002974075265,0
0,0.09788124602137128,0
0,0.043867852269786164,0
0,0.001246555767342644,0
0,0.8863484914230785,1
1,0.611492605204974,1
1,0.5689753329515915,1
0,0.28694955863871124,0
1,0.626225495588064,1
0,0.0065039068738348355,0
0,0.046225982956990395,0
0,0.7376700357377737,1
0,0.015768738452924015,0
0,0.047905457530970794,0
0,0.0465564947865449,0
1,0.8385833202862365,1
0,0.38397252415268884,0
0,0.02215268837053966,0
1,0.5652011267044477,1
0,0.3736189567305454,0
0,0.6600990595638527,1
1,0.8941629263980204,1
1,0.7996314209532245,1
0,0.00011305726401039089,0
0,0.6396160973810655,1
0,0.12072948016979784,0
0,0.3014745807743054,0
0,0.0008553932238354621,0
1,0.9866187609966078,1
1,0.8751680286412824,1
0,0.01601379921428545,0
0,0.03197470892088238,0
0,0.3182669419285399,0
0,0.24385551136971126,0
0,0.17266581780832918,0
1,0.7560227981471136,1
0,0.026192716741108367,0
1,0.8903517366285569,1
0,0.8020219402366799,1
0,0.6169480685378462,1
1,0.7397995460648935,1
0,0.33592116853273746,0
0,0.24311239420082217,0
0,0.04610196913557826,0
0,0.1590102843723062,0
0,0.07927873267189858,0
0,0.1116003757364096,0
0,0.7654041408609635,1
0,0.04249455709275694,0
0,0.0008553932238354621,0
0,0.6935139438358333,1
0,0.82211468771747,1
1,0.8583891820466234,1
0,0.257294134349069,0
1,0.9405408863168693,1
0,0.2503516770897383,0
0,0.017184941459925617,0
0,0.002322241376932583,0
0,0.03167433408887172,0
1,0.7815841392046622,1
1,0.9680651451472704,1
0,0.4203744099113775,0
1,0.7226443319835554,1
0,0.004380694826152385,0
1,0.8436198076018999,1
0,0.07801406689866458,0
0,0.3920761798376643,0
0,0.6227459423160459,1
1,0.4920415431610392,0
0,0.7698750069549823,1
0,0.03971872662989993,0
0,0.06842649990650208,0
0,0.10601864020081059,0
0,0.3122827072892761,0
1,0.6644331038198554,1
0,0.6350568071813314,1
0,0.45147673329768623,0
0,0.01519082983313638,0
0,0.3161809281205092,0
0,0.2375840637551981,0
0,0.1589978335890851,0
0,0.5330242732873436,1
0,0.8699572460981284,1
1,0.7813083881671254,1
0,0.22399886222770585,0
1,0.9569503761727352,1
0,0.019524797900868234,0
1,0.3887494044702714,0
0,0.3178378023028499,0
0,0.22124105110246015,0
0,0.33490769021753036,0
0,0.8951536229621488,1
1,0.7898448933439064,1
0,0.03171843496921878,0
0,0.5723982024718796,1
1,0.963288380040684,1
0,0.06597862600271362,0
0,0.582488770299882,1
0,0.3771745431410529,0
0,0.5666672884726064,1
0,0.0004735596600832844,0
0,0.1331314271666831,0
1,0.531060679874247,1
0,0.004783808439040593,0
0,0.009790403587485952,0
1,0.6368956690781148,1
0,0.41394225729993184,0
0,0.16353396236226214,0
0,0.045340254409077074,0
0,0.1273965266428451,0
0,0.1779205599034909,0
0,0.023662888093002626,0
0,0.0003302152872757601,0
0,0.016017320561151016,0
1,0.4572876622831434,0
1,0.9930035051798797,1
0,0.3550279171100808,0
0,0.009502838518464132,0
0,0.29762780421458207,0
0,0.13597937908017863,0
0,0.011220632765405676,0
0,0.00027213932342078014,0
1,0.8831021416738097,1
0,0.18946864439790145,0
0,0.2551806714604912,0
0,0.4254047734903354,0
0,0.0007550893391738104,0
0,0.054134453781006675,0
0,0.05555570251242234,0
0,0.1016784393434961,0
1,0.6836232113020047,1
0,0.13623962957969973,0
0,0.14912908587750603,0
1,0.9800450273936657,1
0,0.6476549957296764,1
1,0.28468916280047785,0
1,0.9300623994989725,1
0,0.2953002195828191,0
1,0.88016186525295,1
1,0.97512185775699,1
1,0.5903320480415488,1
1,0.659851498542591,1
1,0.7447534435331474,1
0,0.2535837021736118,0
0,0.40220856433820856,0
0,0.001953137215561097,0
0,0.04654272264447734,0
0,0.08127594210717075,0
0,0.21406470218629012,0
0,0.0013631920441400255,0
1,0.847918657572803,1
1,0.8752563499139399,1
1,0.6383675961935974,1
0,0.1877700570186915,0
0,0.030995587826242097,0
0,0.0001908262403769815,0
0,0.7243177097309095,1
1,0.9268332958269334,1
0,0.006619847616007636,0
0,0.1944234209333338,0
0,0.024466622877265164,0
1,0.5947940559592662,1
0,0.012611521337377262,0
0,0.14956259449292672,0
0,0.5336111033726934,1
0,0.18498452732390927,0
0,0.007758053591420134,0
1,0.8425298206399154,1
0,0.9156365509918412,1
0,0.04290866916863122,0
0,0.009544100885596879,0
0,0.13470209104717693,0
0,0.23610573543136104,0
1,0.8616988372857387,1
1,0.9912502173591391,1
0,0.0314721050148196,0
0,0.017083618690033078,0
1,0.9957961048918941,1
0,0.15492599505967425,0
0,0.021823366308387233,0
0,0.004629780727937946,0
0,0.249985069033971,0
1,0.903545156523701,1
1,0.4332654563618859,0
0,0.14479781335895436,0
1,0.8991795615421887,1
1,0.993432000706492,1
0,0.047907135014158136,0
0,0.11574245910670157,0
0,0.616776188295907,1
0,0.3064806299830091,0
0,0.2510269476446391,0
1,0.9165812482913848,1
1,0.3679306792607597,0
1,0.7624223994375611,1
0,0.00495283199611802,0
1,0.9801553703903333,1
0,0.08585082828532954,0
0,0.04801891370136595,0
0,0.448918436621076,0
0,0.06394668885549788,0
0,0.6886807253527748,1
0,0.007225243676155972,0
0,0.006506446746495483,0
0,0.1776621890444785,0
0,0.6532112359213217,1
0,0.5641583063126533,1
0,0.48038667731145673,0
0,0.24470838088099556,0
0,0.6632085155509354,1
0,0.039823894780700524,0
0,0.06078713481755653,0
0,0.5949370773246213,1
1,0.7917039346550703,1
0,0.062216008170460885,0
0,0.5235394759772897,1
0,0.6516826658150833,1
0,0.24977835553602135,0
0,0.00020007917876518525,0
1,0.7092237917216418,1
0,0.0002591608756777386,0
1,0.8406232163786503,1
0,0.37016979732300653,0
0,0.01747473109470919,0
0,0.0020429207926573665,0
0,0.582996186398466,1
0,0.29909867535812534,0
0,0.01618638484162308,0
0,0.8199982264440894,1
1,0.987328047099463,1
0,0.21208455005286858,0
1,0.9310318213595942,1
0,0.28495836765850385,0
0,0.5419119699487848,1
1,0.8721909896656126,1
1,0.5621374184212431,1
1,0.2966460979079413,0
0,0.049982798732263675,0
0,0.01707204721794022,0
0,9.267420907120254e-05,0
0,0.2948828297972022,0
0,0.7372081381057679,1
0,0.014297766811184297,0
0,0.34298629999580565,0
0,0.18858480573607153,0
1,0.9115957813803829,1
1,0.8264429669927874,1
0,0.0006553774029317329,0
0,0.19030701106779807,0
0,0.3336270188666911,0
0,0.12047199447777451,0
0,0.19414703364667252,0
0,0.4387357025104239,0
0,0.48258151808260863,0
0,0.09058510676171186,0
0,0.36083553823413284,0
0,0.20811836192998176,0
0,0.020368773582523297,0
0,0.012828865631537276,0
1,0.5650755714955793,1
0,0.002183841031769633,0
1,0.8594929612068434,1
0,0.17110785157105993,0
0,0.02532871169869552,0
1,0.6204768781028754,1
1,0.8788448436479882,1
0,0.6116734854339865,1
0,0.0846209225695658,0
0,0.05570831068474581,0
0,0.15922641042328983,0
0,0.25963400417746735,0
0,0.02731909125415798,0
0,0.33539182047673133,0
0,0.020495035846242227,0
0,0.006349707008215258,0
0,0.10669523119938283,0
0,0.49358066163542397,0
0,0.7392698129095026,1
0,0.0031074350509327103,0
1,0.8757303431910128,1
1,0.8150281866266856,1
1,0.9921516759116163,1
0,0.7755132000548475,1
0,0.5720965554921988,1
1,0.7916401745930565,1
0,0.00014500834628200328,0
0,0.0318502423338178,0
0,0.24813989067222555,0
0,0.00041983790845073765,0
1,0.8914387681312776,1
0,0.23549857372199645,0
0,0.5569630941338221,1
1,0.6115896462971335,1
0,0.39689980720463053,0
0,0.007174012165678011,0
0,0.6021535640968668,1
0,0.023706431378962202,0
0,0.01585518017984874,0
1,0.7582638659374085,1
0,0.4560141215589607,0
1,0.5744195746730107,1
0,0.5264650298039493,1
0,0.08202859821986308,0
0,0.17968200853813396,0
0,0.26642817525419743,0
0,0.1346484856845808,0
0,0.05018706381054794,0
0,0.09380759162357453,0
0,0.04355356992622121,0
0,0.008994307356825488,0
0,0.012137296099008396,0
0,0.01575573385147529,0
0,0.1517610995949832,0
0,0.044742597519077346,0
0,0.16877193995802006,0
0,0.11640642326128521,0
1,0.9882921466925586,1
0,0.4783748772994919,0
0,0.07676693854502892,0
1,0.9302348493147915,1
1,0.9414433841402744,1
0,0.002920347852687129,0
0,0.15892218679745107,0
0,0.011578359578888357,0
1,0.835971183884918,1
0,0.00966766022659958,0
0,0.33606551248955635,0
0,0.03490294429635346,0
0,0.782525501979796,1
0,0.5743739200833573,1
0,0.4506382072531651,0
0,0.026151154630142996,0
0,0.004589762300503112,0
0,0.19283430846823732,0
0,0.04840217512656067,0
0,0.03603222510955055,0
0,0.10127663968428623,0
1,0.8613566701812636,1
0,0.8674088333256941,1
1,0.9904018303799665,1
0,0.007487210642152002,0
0,0.28106318088044197,0
1,0.9620958904514667,1
0,0.10886000859760181,0
0,0.0006893954300472221,0
1,0.9500309247579133,1
0,0.35891498736530897,0
1,0.7186511948432818,1
0,0.2974833162214576,0
1,0.9011186284675009,1
0,0.7448914996580254,1
0,0.11668718166594336,0
0,0.6217112852219757,1
0,0.16922397572754133,0
0,0.0001325587211697463,0
0,0.016514540679389025,0
0,0.8817150078816595,1
1,0.9489870927452027,1
1,0.0383444040863601,0
0,0.30890139950055767,0
1,0.9784623798096403,1
0,0.2594582401827306,0
0,0.12350353991937926,0
0,0.04428086535271798,0
0,0.0032960536797693534,0
0,0.6117017332410154,1
0,0.700854695704701,1
0,0.043445697481053376,0
0,0.0013076090123248008,0
0,0.40613304945582396,0
1,0.5968660318210435,1
0,0.03306448624154495,0
0,0.33466087743590783,0
0,0.012654060765074073,0
1,0.794009339131003,1
0,0.021157193407742046,0
0,0.01648381800099715,0
0,0.2118555984356043,0
0,0.00710619150758354,0
0,0.020873457353401688,0
0,0.13373958774312333,0
0,0.34524145117636346,0
1,0.8509698083912085,1
0,0.0022877773296925796,0
0,0.5074764343784248,1
0,0.061989458926802674,0
1,0.47095897729175307,0
0,0.044797486379539425,0
0,0.022693396189350856,0
0,0.0008841878006464791,0
0,0.0031033877673827806,0
0,0.08612775508639164,0
0,0.7749364586466971,1
0,0.8778999392499207,1
0,0.017025056272190687,0
0,0.09081244135390666,0
0,0.25646675735940777,0
0,0.10444678525753952,0
0,0.3196701872868437,0
0,0.5270372891187528,1
0,0.04978967513594397,0
0,0.8026202776269329,1
0,0.7235581968969093,1
0,0.022783290843546442,0
0,0.594074827745554,1
0,0.006724395155653512,0
0,0.21340664774593274,0
0,0.46450313202420435,0
0,0.16871261114727557,0
0,0.19284056383430606,0
0,0.0651525567809492,0
0,0.11901845682216385,0
1,0.7526669266920543,1
0,0.0017354305762801688,0
1,0.9311861027936863,1
0,0.09313658557298433,0
0,0.03246908766804628,0
1,0.9947225901939356,1
1,0.9882361172145077,1
0,0.6709511213906628,1
1,0.9316504881966735,1
0,0.6088020771365763,1
1,0.6539177888993393,1
0,0.002426800271127271,0
0,0.4011732208366983,0
0,0.23937379138128273,0
0,0.014632265822559653,0
1,0.8350053167729125,1
0,0.44099404836232814,0
0,0.06822287291805568,0
0,0.7005211721368351,1
0,0.03329412802252519,0
0,0.2693935525674911,0
0,0.34585647613005804,0
1,0.9947098209638253,1
0,0.629518596518929,1
0,0.03580829738405657,0
0,0.0033340612432912766,0
0,0.8486442383282737,1
0,0.2541554232509397,0
1,0.7831091229563863,1
0,0.23039963394275223,0
0,0.06354649540109786,0
1,0.10035557314437347,0
1,0.5435268533292514,1
0,0.08571205068013496,0
0,0.6210525923864547,1
0,0.800247761240636,1
1,0.5494105314033781,1
0,0.050449789935373426,0
0,0.41649654331705444,0
0,0.0008553932238354621,0
0,0.3079523892544078,0
0,0.24524510499166885,0
0,0.12883743438200496,0
1,0.9724400760360435,1
1,0.7937875939086411,1
1,0.9710379874134046,1
0,0.08840896876047637,0
0,0.22592646322447782,0
1,0.7721765647130935,1
0,0.8843889915069442,1
0,0.2957626735003286,0
0,0.11807491979333636,0
0,0.1949871243958608,0
0,0.43110009946440203,0
0,0.013855434386811236,0
0,0.009753501146606976,0
1,0.6383830122928827,1
0,0.0020524364888909186,0
0,0.6863628178497444,1
0,0.5376620095407446,1
1,0.6750019155692775,1
0,0.12734696305922302,0
1,0.964903532924332,1
0,0.03226723891050697,0
0,0.030851490597322815,0
0,0.007288198196331715,0
0,0.006671243309205824,0
1,0.7018101604527607,1
0,0.15983244268623997,0
1,0.5385069111072416,1
0,0.38843426747517423,0
0,0.02924640300280973,0
0,0.013287819076828154,0
0,0.31418138980499444,0
0,0.054756112238427024,0
0,0.06453704411579181,0
0,0.11723821504427444,0
0,0.6013886323726686,1
0,0.5581808601302501,1
0,0.0009886610818354653,0
0,0.023199755168589953,0
0,0.09404521563057515,0
0,0.01574515973320728,0
0,0.20485847022191192,0
1,0.8274650871260806,1
0,0.00028581948501922285,0
0,0.00025021090223283294,0
0,0.7003657205256737,1
1,0.807755625964655,1
1,0.5315547893488726,1
0,0.7222491884683913,1
1,0.9392031264628404,1
0,0.4938478616027869,0
0,0.8340896203776085,1
1,0.9861499413215777,1
0,0.8666308770113585,1
0,0.028687777257060596,0
0,0.42970189034571926,0
1,0.38133396461192687,0
0,0.08069867455172373,0
0,0.01985039593212631,0
1,0.9022501782419986,1
0,0.0008747383675173715,0
0,0.39688191541042256,0
0,0.6485445173188829,1
0,0.5564448023860515,1
0,0.03725935993986474,0
0,0.029881385130917242,0
0,0.36287098402380297,0
0,0.03825452880340855,0
0,0.08278191480201884,0
0,0.6568625510037736,1
0,0.011800754528026222,0
0,0.20673744032996197,0
0,0.5275782779698244,1
0,0.05075003688946654,0
0,0.1383311731522631,0
0,0.4000255949045414,0
0,0.004793366926144052,0
1,0.7052636929952392,1
1,0.5437853474126024,1
1,0.966598217681064,1
0,0.08136093433168193,0
0,0.16907201344297054,0
0,0.0034631550733589915,0
0,0.04119669049735252,0
0,0.06606764636950946,0
1,0.2731644255436961,0
0,0.4461908327676436,0
0,0.11801451900452962,0
0,0.21005338130131224,0
0,0.11832657470623782,0
1,0.7138579855543395,1
1,0.8209648370093833,1
0,0.22678386998235614,0
0,0.09121543356518647,0
0,0.0005638433748203582,0
0,0.26244483012449965,0
0,0.6797829218685159,1
0,0.08018893084242161,0
0,0.4921651540436137,0
0,0.20829755974815933,0
0,0.08713226886202535,0
1,0.8908693480788924,1
0,0.0010025140646579866,0
0,0.2941208237689759,0
1,0.7370753272506189,1
0,0.5523131521530815,1
0,0.03037984026659787,0
0,0.6268935160061098,1
1,0.6175542215872717,1
0,0.049570147134942594,0
1,0.6680124548085089,1
0,0.26369005549189806,0
0,0.7238310176902809,1
0,0.6140854072293055,1
1,0.6032713434010059,1
1,0.4301684564115397,0
0,0.29401814360273826,0
0,0.14994965606955563,0
1,0.6593850963888673,1
0,0.06215122953943849,0
0,0.04597764732414012,0
0,0.8423924768277277,1
1,0.7041811819194765,1
0,0.1995831467894044,0
0,0.05839025046062168,0
0,0.005981806245526821,0
1,0.9321780453716264,1
0,0.39672692495739703,0
0,0.000966823712620416,0
0,0.012985083580756224,0
1,0.8927312325032482,1
0,0.03922141653247161,0
0,0.30012107853224396,0
0,0.10409175046313608,0
0,0.00788558752335299,0
0,0.005560658861917764,0
0,0.4648933103913357,0
1,0.9064565030987141,1
0,0.14994356023936783,0
0,0.012876320110657351,0
0,0.8629608517207379,1
1,0.9592325180205258,1
0,0.010937992091929544,0
0,0.4454772188720067,0
0,0.5620727427999411,1
0,0.18639328723137114,0
0,0.40212262162615076,0
0,0.5096019770423276,1
0,0.0005723094339039887,0
0,0.11443622429895262,0
0,0.04296671531147771,0
0,0.36246925319657913,0
0,0.00014470085676887863,0
0,0.16780347301754758,0
1,0.7519019004510777,1
1,0.8428271664418966,1
1,0.5886186493541925,1
0,0.01795361267306415,0
0,0.3920471294933946,0
0,0.0006905074496831368,0
0,0.10342450695627878,0
0,0.02316269339025301,0
0,0.017982719925053486,0
0,0.05569301351883401,0
0,0.572945595575452,1
0,0.02321507160392129,0
0,0.26312413981388766,0
0,0.522734041565161,1
1,0.7203834520810619,1
0,0.2232495596939961,0
1,0.9808342929947024,1
0,0.1898352338160489,0
0,0.0550687587316251,0
0,0.061866064679452264,0
0,0.07694599888167707,0
0,0.00789038226447818,0
0,0.0048285803937754695,0
1,0.7341125213694607,1
0,0.01040560110811683,0
1,0.806886575901137,1
0,0.3041472046352096,0
0,0.01005797063831436,0
0,0.05107347320536083,0
0,0.21757339879983462,0
0,0.019764514646948277,0
1,0.7165137706491175,1
1,0.11362183327247924,0
0,0.6251006585320497,1
0,0.26793326732598377,0
0,0.2743166915734719,0
0,0.01695181545375644,0
0,0.04066103633010636,0
0,0.04800628313061566,0
0,0.29691668982382924,0
0,0.596753416616116,1
0,0.14830703364236145,0
0,0.010231696099060073,0
1,0.35184615642668754,0
0,0.08180038335290202,0
0,0.23705991577874685,0
0,0.005166036761514417,0
0,0.008288714845068233,0
0,0.0032820958561776887,0
0,0.3438266794368573,0
0,0.15514644810639844,0
0,0.13962060063125675,0
1,0.8289910851376788,1
0,0.00024319738646417797,0
1,0.6206135259607095,1
0,0.4375984649034725,0
0,0.048566332591985666,0
1,0.8282641890450007,1
1,0.915109668486895,1
0,0.006345361654749463,0
0,0.5338052591922606,1
1,0.9240716427083314,1
1,0.7118447205014691,1
0,0.3904511429363799,0
1,0.7045544254418249,1
1,0.9127426440500541,1
0,0.22838102930525644,0
0,0.12841343759561183,0
0,0.06515731116952692,0
1,0.8624841313141988,1
0,0.6746353205592602,1
0,0.01390891473780325,0
0,0.07075430611868595,0
0,0.8344326166489797,1
0,0.5306588758471265,1
0,0.051024507563270864,0
0,0.021092829151858887,0
0,0.3481219096794186,0
0,0.22186558569307682,0
0,0.07715630708734966,0
1,0.9238470419973345,1
1,0.9782825713664304,1
0,0.22245053409793286,0
0,0.009460381979598342,0
0,0.33019162317079753,0
1,0.8646037560971862,1
0,0.011002299036565646,0
1,0.9777188130448258,1
0,0.026905707468004653,0
0,0.18708573410615426,0
0,0.032529387381092345,0
1,0.6296203991654176,1
1,0.27548272132054735,0
0,0.061565851474311456,0
0,0.22892254773137352,0
0,0.031020172669042504,0
1,0.34535882765733206,0
0,0.7377665587952217,1
1,0.8863880822557545,1
0,0.342944691704506,0
0,0.8259054457756868,1
0,0.2874327928008294,0
0,0.10977107075037608,0
1,0.5771887109219999,1
0,0.010447649046083734,0
0,0.1054605696649361,0
0,0.02193476815001714,0
0,0.2078308473587712,0
0,0.18019641916284476,0
0,0.01746587083134632,0
0,0.6257727703798476,1
0,0.46027014364065794,0
1,0.7779973218733066,1
1,0.6181245774277263,1
0,0.019029954143566518,0
0,0.01281211537496444,0
1,0.4726449371554105,0
0,0.005788992657075836,0
0,0.11551895090918501,0
0,0.014267740403690174,0
1,0.5651632099625302,1
0,0.03156048408140245,0
1,0.7518279847599557,1
0,0.3058006378842291,0
1,0.2651864060416013,0
0,0.2520323915960123,0
0,0.5493817453395332,1
1,0.8934802975935106,1
0,0.08068736674405007,0
0,0.05033888039767603,0
0,0.001161569345623096,0
1,0.6528465413217832,1
0,0.02950316362928239,0
0,0.06300568996624904,0
0,0.6436242366157731,1
0,0.012991798279007325,0
1,0.6329010792481033,1
0,0.14998492230926816,0
0,0.5035844584429876,1
0,0.6658908340056174,1
0,0.0228289439205198,0
0,0.6202401861235946,1
0,0.7343258851284845,1
0,0.35202748521392524,0
0,0.48411135448147347,0
0,0.49068283415171693,0
0,0.5855401330193466,1
0,0.004742708058754299,0
0,0.06319252787127437,0
0,0.4389238615064075,0
0,0.007085998933677504,0
0,0.0024091819907617745,0
0,0.004429506878602719,0
0,0.040785189410277645,0
0,0.6371986543526045,1
0,0.023182828522699317,0
0,0.4934887150544657,0
1,0.7523483497681253,1
0,0.01722243307501197,0
0,0.1877852918641998,0
0,0.12825232284015692,0
0,0.40026374669732095,0
0,0.0003624490428207805,0
0,0.6013662481338636,1
1,0.556153206210966,1
0,0.2557143930364224,0
0,0.6645307406218756,1
0,0.6684354056727603,1
0,0.29315338573088345,0
0,0.006982500170817214,0
0,0.5806935539674513,1
0,0.3989039281820285,0
0,0.04266559032453134,0
0,0.5725022770700605,1
1,0.5568410649917683,1
1,0.2609355920447358,0
0,0.5309676789073271,1
0,0.8147797421784262,1
0,0.048768735186649356,0
1,0.7588335527616688,1
0,0.0010924245907432358,0
0,0.2636282007465549,0
0,0.0005099336438798503,0
0,0.16882764951391313,0
0,0.0028952564919861824,0
1,0.6288356138939746,1
0,0.21920879155053158,0
0,0.00037927362098875636,0
0,0.29657709230815027,0
0,0.500047096051825,1
0,0.5832875662941464,1
1,0.5055923550232332,1
1,0.69831303669831,1
0,0.5222993241822422,1
1,0.24847623712370273,0
0,0.188799459828455,0
0,0.03742335747568506,0
1,0.651473335112433,1
0,0.12649420448353146,0
0,0.10449673394375675,0
1,0.636465851815857,1
0,0.0027581903123078486,0
0,0.16930569308072094,0
0,0.10804425730645785,0
0,0.2348345380850098,0
0,0.4815904209635111,0
0,0.003960507780505976,0
1,0.8633223470042939,1
0,0.006901147649561564,0
0,0.16464077886468392,0
0,0.05903853753084948,0
0,0.45951236076136903,0
0,0.139873375580859,0
0,0.0028574954203171967,0
0,0.8657626504779352,1
0,0.00037741966935239414,0
0,0.845121883343361,1
0,0.10147184888099439,0
1,0.7608025495332469,1
0,0.11460247918450389,0
0,0.1521273772552993,0
0,0.6477735046516188,1
0,0.5242703717225936,1
0,0.0004164367580236116,0
0,0.01156317881433012,0
0,0.6995387328191757,1
0,0.21021444026051633,0
0,0.20034082679659637,0
0,0.006029067519282078,0
0,0.08848975879973885,0
0,0.02110818527565501,0
1,0.881488347899159,1
0,0.007717771630756342,0
1,0.9304349046049941,1
0,0.30178308951310034,0
0,0.15199735789243563,0
0,0.3714196176929429,0
1,0.9111881933311943,1
0,0.579071624862681,1
0,0.1331545884105793,0
0,0.0832223962478519,0
0,0.8117744718812965,1
0,0.7419003478070468,1
1,0.8711285377961673,1
0,0.059491189724031696,0
0,0.01791809058682894,0
0,0.059545711570547916,0
0,0.02249068882463923,0
0,0.0003700181564535972,0
1,0.5930369041832162,1
1,0.9718885282335871,1
0,0.012454265781273113,0
1,0.4718685475202586,0
0,0.010644020284443214,0
1,0.9661042418994892,1
0,0.14105666316224857,0
0,0.6991656018934337,1
0,0.1947456391215579,0
1,0.8292967627165627,1
0,0.018291532674151293,0
0,0.0016433664733180883,0
1,0.9030964325510237,1
0,0.09531515990391581,0
0,0.23476444448289788,0
1,0.8780121189187408,1
0,0.040244234316888956,0
1,0.8595260255927633,1
0,0.04669153047769034,0
0,0.14132962418489003,0
0,0.18964963769060308,0
0,0.15506929983924805,0
0,0.5305653299265894,1
0,0.28053432923268884,0
0,0.002402130356440946,0
1,0.913191595941454,1
0,0.3332731420640521,0
0,0.022766331255609167,0
0,0.040038206441421115,0
0,0.4044299828370881,0
1,0.9129050047360168,1
0,0.06836351759096841,0
0,0.027138944232502325,0
0,0.6132023772353035,1
1,0.9498170458099549,1
1,0.4983433829012981,0
0,0.08122160793728753,0
0,0.005080597784447749,0
1,0.6169463232967494,1
0,0.22935806890938382,0
0,0.0006966272658903974,0
0,0.026400899686446756,0
0,0.28187931636266644,0
1,0.983398100775299,1
0,0.00039702551612330687,0
0,0.6714160046607431,1
0,0.5967414522641028,1
1,0.0619856122936831,0
0,0.06035958193236496,0
1,0.08300637475320384,0
0,0.3774667919633148,0
0,0.0531673485985738,0
0,0.12902281996426937,0
0,0.03759603199915058,0
1,0.24636678123582076,0
1,0.17127372936505075,0
0,0.6585611818376506,1
0,0.1706434439994215,0
0,0.48046885015660307,0
1,0.42675195753900286,0
1,0.5235139924976866,1
0,0.6234715071162447,1
1,0.511563878045412,1
1,0.6980355040928375,1
1,0.8743751245842026,1
0,0.07740683427549329,0
0,0.05586743260730234,0
0,0.8006440648765636,1
1,0.8189412430281516,1
0,0.11011114383467704,0
1,0.9812964794757156,1
0,0.0032053117364740156,0
0,0.01141690639224111,0
0,0.04602962178053484,0
0,0.17117134621098046,0
0,0.7540828247173117,1
0,0.014696101550079242,0
0,0.8061681045070239,1
0,0.15069687353868955,0
0,0.06616854370463342,0
0,0.09061049925700974,0
0,0.006558574842733694,0
0,0.1225157889876591,0
0,0.4480263400356489,0
0,0.03336137516696958,0
1,0.9096939968877986,1
0,0.03730965161251787,0
0,0.8376326119627688,1
0,0.0037483645516870577,0
0,0.5914841142469002,1
0,0.0028583040003193577,0
1,0.7948459070465882,1
0,0.00017087124726903658,0
0,0.014003196736831786,0
0,0.004036781132832752,0
1,0.7156556137099829,1
0,0.09067210620415839,0
1,0.09395508369896674,0
0,0.7839173084885855,1
1,0.9872176959037643,1
1,0.8677419902894676,1
0,0.0123838461481719,0
0,0.4223630234084308,0
1,0.8206128671182022,1
0,0.08718003038879907,0
0,0.21035742462936768,0
0,0.26451700355837604,0
0,0.40196214533641705,0
1,0.8251851270661351,1
1,0.8637003785759265,1
0,0.03530487746197539,0
0,0.007897611934059856,0
1,0.8444419724224165,1
0,0.01734083985204397,0
0,0.01555172729382395,0
0,0.2628591061860886,0
0,0.08734004747693103,0
0,0.0022782375571194194,0
0,0.016980043125407056,0
0,0.19966434253996798,0
0,0.00975531311894356,0
1,0.5911461610031025,1
0,0.23385149778208955,0
0,0.2062132435451077,0
1,0.9323275790995348,1
0,0.025681159366552898,0
0,0.09150322556672062,0
1,0.7440784612949916,1
0,0.5707995239862599,1
0,0.04532615394759676,0
1,0.6922175936192314,1
0,0.00605121210300494,0
1,0.2980951561353631,0
0,0.025492783215152477,0
0,0.01346926443681293,0
1,0.6923732829930629,1
0,0.058818628436765566,0
0,0.0018646071618747232,0
0,0.020092290198258936,0
1,0.601187287239088,1
0,0.055677432278236176,0
0,0.003086002690829583,0
0,0.14149537410397264,0
0,0.055718296345523194,0
0,0.10868397806842064,0
0,0.27692177025124964,0
0,0.0035014447689068703,0
0,0.5498963384234324,1
1,0.5422773016595106,1
0,0.1299681960728843,0
1,0.890989373915963,1
0,0.7940407957998435,1
0,0.06896803600520159,0
0,0.0038175471904831784,0
0,0.21590821423220305,0
1,0.9769234148603009,1
1,0.6448872677482921,1
0,0.001357215585415756,0
0,0.20051642007964876,0
1,0.4309981452557872,0
1,0.9689232906759486,1
0,0.037419517106468625,0
0,0.25785844258776497,0
1,0.6655556634902468,1
0,0.08259196910943344,0
0,0.1554523959943894,0
0,0.018622916446035837,0
0,0.7255504350513884,1
0,0.07586266317748917,0
0,0.26933373224122065,0
0,0.42420762802278084,0
1,0.9686338632046148,1
0,0.42490341157384265,0
0,0.15546861680917556,0
0,0.04743575784553636,0
0,0.5196887554025142,1
0,0.0029563108204651617,0
0,0.00329808499526637,0
1,0.061053537714746114,0
0,0.4774100916532624,0
0,0.9203861142360455,1
0,0.2100026509287482,0
1,0.6030013886837634,1
0,0.009638825618484718,0
0,0.8941855931462428,1
0,0.2647724110765372,0
0,0.5500266359898792,1
1,0.9223711753179143,1
1,0.8817644599840797,1
0,0.2651863212982557,0
0,0.4710048716151655,0
0,0.027915699906531852,0
0,0.007136575736950058,0
0,0.006279287693228836,0
0,0.22555518703586255,0
0,0.9349798460099968,1
1,0.715674915384507,1
0,0.07122267309175627,0
0,0.6499676630943767,1
0,0.8746648873031911,1
0,0.45999278562700247,0
1,0.6575633277974495,1
1,0.7580306427764311,1
1,0.2923550961018886,0
0,0.07360323979490703,0
0,0.6087446827393375,1
0,0.760045638486158,1
0,0.028127183201309632,0
0,0.015575907306455467,0
0,0.19224209158155445,0
1,0.7460580121630632,1
0,0.011311225413725982,0
0,0.8580369108047938,1
1,0.9928745035820985,1
0,0.6370804059656714,1
0,0.6310979063287392,1
0,0.03647315866841235,0
0,0.3823486650795446,0
1,0.43741293915749896,0
0,0.29986110531528404,0
0,0.19285052203471625,0
1,0.6676676145897368,1
0,0.4537881734397436,0
0,0.16169363144354443,0
0,0.23732911230742326,0
0,0.17306646873123194,0
0,0.058596523084498614,0
0,0.0005742596882188274,0
1,0.9939415203611794,1
0,0.20527639272754697,0
1,0.8738430634974723,1
0,0.25871850923229645,0
0,0.21842028744151348,0
1,0.958342605994927,1
1,0.27670477545509775,0
0,0.7490548519510433,1
1,0.6645243790448254,1
0,0.13685879161746528,0
0,0.6106912524623022,1
0,0.6971728524573998,1
1,0.9061234376768857,1
0,0.2513237314576707,0
0,0.01982921576813618,0
1,0.8194591633727729,1
1,0.08978336413342153,0
1,0.7245424715909476,1
0,0.6457907326596204,1
0,0.6048684236133256,1
0,0.021510020877153705,0
0,0.10630790485807366,0
0,0.002150263088805985,0
0,0.5418539076626895,1
0,0.00032504903211763125,0
0,0.01340966367271542,0
0,0.17757844553310523,0
1,0.6269687242785962,1
0,0.7742578682973132,1
0,0.0005437034945214371,0
0,0.4444807846506406,0
0,0.2201965822623275,0
0,0.0016122635483034088,0
0,0.007639737661625413,0
0,0.50407399949107,1
0,0.000810344725701141,0
0,0.022463144447532047,0
0,0.009001271934276524,0
1,0.34549504296599326,0
0,0.0774765866416886,0
0,0.037335212752594826,0
0,0.22294615314183996,0
0,0.039960917668072936,0
1,0.9938924819104744,1
1,0.9464564462249238,1
0,0.028543962801741984,0
0,0.08262264931463464,0
0,0.6599805033346103,1
0,0.004348468976385315,0
0,0.21494187851308083,0
1,0.725477763382034,1
0,0.09890453937876831,0
0,0.007316335934886859,0
0,0.07907430992354715,0
0,0.15326262952722317,0
0,0.4681321172066874,0
0,0.010651312760578978,0
0,0.8660984407192845,1
0,0.2568910242325032,0
0,0.37876051324012117,0
0,0.7933522810945018,1
1,0.7605279751389692,1
1,0.9835264825148827,1
0,0.08292518643038156,0
0,0.22983066843191868,0
0,0.00028323226700717203,0
0,0.2145393920066202,0
0,0.01238924943716998,0
1,0.9866632018043746,1
1,0.7523094204061723,1
0,0.16542092489536075,0
0,0.0006272050169321305,0
0,0.005559675211062449,0
0,0.5285856382224046,1
0,0.6230809052355257,1
1,0.8134803464611491,1
1,0.568295493272508,1
0,0.3637588042547049,0
1,0.6730090835145416,1
0,0.21386554766347468,0
0,0.004001401921836344,0
1,0.8536188634910421,1
1,0.9841573227320507,1
0,0.9054123188091308,1
0,0.13657752168054507,0
1,0.7767732041379765,1
0,0.3102447396353926,0
1,0.8587480897169064,1
0,0.7742219386963013,1
0,0.2661968055933699,0
0,0.6902659188364505,1
0,0.630261544159309,1
0,0.35162360838945894,0
1,0.8666520114853339,1
1,0.952984484695908,1
1,0.854491801590313,1
0,0.67657730565939,1
0,0.7632834462153784,1
0,0.06570439522468988,0
0,0.45073203999980593,0
0,0.40847881490932647,0
1,0.9233875244435796,1
0,0.6227993998983303,1
0,0.1830860084481333,0
0,0.015981883944821813,0
0,0.21632463305347077,0
0,0.08713903221488264,0
0,0.33695439647106046,0
1,0.5581956517166003,1
0,0.026668609031124533,0
1,0.9826345594892374,1
0,0.07134996183280498,0
0,0.02841509098260189,0
0,0.08454356736408267,0
0,0.025719587744589597,0
0,0.1712830049408124,0
0,0.8138684692015777,1
0,0.31412245764135754,0
0,0.020118766881426553,0
1,0.8960041838095575,1
0,0.053488863759327154,0
0,0.08707914083124323,0
1,0.4734882408176505,0
0,0.06053927246160582,0
0,0.02755278518581574,0
0,0.08848058533008746,0
1,0.915779095659352,1
1,0.6655872656659867,1
0,0.002879747607561213,0
0,0.042761143965525696,0
0,0.449254760676506,0
1,0.7312991392489364,1
0,0.11337756543647998,0
0,0.0043861317490657995,0
0,0.015180420564042297,0
1,0.8583953778781191,1
0,0.5925032483974798,1
0,0.024038691606437512,0
0,0.5728727416072661,1
0,0.0011475341287537418,0
1,0.9883477326913144,1
0,0.12072487930980846,0
0,0.0014303124517535855,0
1,0.778391776952543,1
0,0.05756274985818104,0
0,0.013795868661540167,0
0,0.08289470116800941,0
0,0.22134994182216416,0
0,0.0055861203643594965,0
0,0.02408020399173627,0
0,0.1354337227616533,0
0,0.1430191176003121,0
0,0.47349327832754295,0
0,0.8636618438306188,1
0,0.12989463808522644,0
0,0.015870337785429366,0
1,0.9761234868820139,1
0,0.13915027001872382,0
0,0.5267595845508969,1
0,0.2865238656375026,0
0,0.6710953996132843,1
0,0.46384896298122813,0
0,0.3248212712805423,0
0,0.2653916151425644,0
0,0.664819755799966,1
0,0.08207768869751621,0
0,0.2318448852372401,0
0,0.18335375924832364,0
0,0.0786013464143143,0
0,0.5953400684709116,1
1,0.899464048564822,1
0,0.07257235642583491,0
1,0.8977594778553889,1
0,0.34278526313238056,0
1,0.3520284651754146,0
0,0.055285494121491086,0
0,0.17514885731243002,0
0,0.2845708014342498,0
0,0.3246338469679291,0
1,0.8565613298722202,1
0,0.3050527475751433,0
0,0.1033992483341504,0
0,0.45255675651071653,0
1,0.8543022095475603,1
0,0.0016688694790230622,0
1,0.683652880363065,1
0,0.004256624119728228,0
1,0.7830436630743727,1
0,0.6948331388695275,1
1,0.7792471177263561,1
0,0.0029957668641775095,0
0,0.07397691121831099,0
0,0.17513092939266858,0
0,0.24570471239920047,0
0,0.6052334009469237,1
0,0.7203157638834654,1
1,0.994997442067962,1
0,0.0028952484653886872,0
0,0.1353194379163388,0
0,0.034462312084981975,0
0,0.43098776085072066,0
0,0.03945184961734595,0
0,0.024881491630932052,0
0,0.0018900363509796589,0
1,0.9014585942853836,1
0,0.47934237638550675,0
0,0.10623920382716205,0
0,0.018158422245221458,0
0,0.3189442843802053,0
0,0.5999339604519686,1
1,0.9771920870455493,1
0,0.01733092279453614,0
0,0.033786069924599364,0
0,0.02168853919012125,0
0,0.5003051609348395,1
0,0.2275500692919125,0
0,0.23224721328244405,0
0,0.36978243666015476,0
1,0.8339001781201983,1
0,0.00653904174983034,0
1,0.5388286832838217,1
0,0.3017359835886215,0
0,0.03296608951727573,0
0,0.30573057315605573,0
0,0.013953547877810581,0
0,0.41488141800920936,0
0,0.45353897904028967,0
0,0.004449368661327503,0
1,0.42868898328835836,0
0,0.7819553100351904,1
0,0.2901110215392637,0
1,0.6320232909250199,1
0,0.08367311148051991,0
0,0.01240178395337525,0
0,0.4003434603001526,0
0,0.0006085247854529797,0
0,0.10893835936592902,0
0,0.1539011258521882,0
1,0.8396236213454402,1
0,0.2682644767938932,0
1,0.8293097040908254,1
0,0.47309161216928736,0
1,0.399442216296646,0
0,0.006703399280473543,0
1,0.7909187432013245,1
0,0.4536608912540614,0
1,0.8370700260771257,1
0,0.020192816034181094,0
0,0.36512413265883586,0
1,0.5448637448591407,1
1,0.8844018704496286,1
0,0.009188945441523284,0
0,0.07630328180668466,0
0,0.0013154307237085564,0
0,0.7900582006639283,1
1,0.7787286693756934,1
0,0.14687972259232368,0
0,0.12863137442073058,0
0,0.01564432144928515,0
1,0.8408617896881937,1
0,0.0008238145110711053,0
0,0.201345939191484,0
0,0.4661560334264743,0
0,0.3515807220886417,0
0,0.12227317371596513,0
1,0.9948141313437993,1
1,0.7211972256937119,1
0,0.005205019065083091,0
0,0.6323170388530202,1
0,0.4556078393634626,0
0,0.09964577654038721,0
0,0.6145744540698568,1
0,0.01849780445217318,0
0,0.24313837380628547,0
0,0.7946050636422612,1
1,0.9548824972205489,1
0,0.10576798314733378,0
0,0.3435689163643602,0
0,0.6499873348561815,1
0,0.13827266643610317,0
0,0.0382911388916685,0
0,0.27535424406076175,0
0,0.005195932270909333,0
0,0.07216492190953595,0
0,0.30921678657513896,0
0,0.5102341971335937,1
1,0.7868229969691425,1
0,0.32322542829476075,0
1,0.865855780584305,1
0,0.05744353804973064,0
0,0.6714020466501616,1
0,0.22473321062516652,0
0,0.08082517140984119,0
0,0.657923541618545,1
0,0.13844535660628954,0
0,0.15166025123891022,0
0,0.09699783689350375,0
0,0.580922961693789,1
0,0.525882918330817,1
1,0.7569577128276994,1
0,0.4570316789406624,0
0,0.003417232227284987,0
0,0.12392555044361811,0
0,0.04045435157972835,0
0,0.3455818681935774,0
0,0.07389810745250218,0
1,0.6364953735753387,1
0,0.00022192226023409571,0
1,0.31456277221397,0
0,0.5302641559083635,1
1,0.5155266998720371,1
0,0.46297539630246914,0
0,0.30336485264000873,0
0,0.015758776822497655,0
0,0.021996151565640207,0
0,0.22599239356587802,0
0,0.020105379287946607,0
0,0.5340308254161356,1
0,0.01777306951269476,0
0,0.19787433123767503,0
0,0.012631809111948052,0
1,0.6184382828443377,1
1,0.9706855329693919,1
0,0.4526879771422756,0
0,0.10954892305191134,0
0,0.06153183325229954,0
0,0.003501980989738685,0
0,0.1414750323647174,0
0,0.005505798328407694,0
0,0.34738084742049274,0
1,0.65653037803574,1
0,0.022496039917035422,0
0,0.8608206596079743,1
0,0.07446763052459676,0
0,0.15117462496106615,0
1,0.7665936754789641,1
0,0.017448384698913705,0
1,0.7556441480065363,1
1,0.7699978016206067,1
0,0.4630324040494719,0
1,0.6288332564038646,1
0,0.5481896953918036,1
0,0.03658203483123568,0
1,0.9806593381830514,1
0,0.015683515617796018,0
0,0.23350355101404888,0
1,0.07621013596524429,0
0,0.3963861654843741,0
0,0.0004962619447914811,0
0,0.6950851002269561,1
0,0.00029916157560717086,0
1,0.17906923229401617,0
0,0.2618276567817606,0
1,0.9894680138082093,1
0,0.49239133174420346,0
0,0.5941038678414486,1
0,0.26925667373389883,0
1,0.7151869656325207,1
0,0.01864714283399577,0
0,0.01919384780357879,0
0,0.050152313836861105,0
0,0.050096709877438646,0
0,0.1158296905222785,0
0,0.020129619945381587,0
0,0.0348604121900296,0
0,0.0843925801101431,0
1,0.9838271646181587,1
0,8.452170698944206e-05,0
0,0.19302276478513766,0
0,0.02547848830972465,0
1,0.9816579099841387,1
0,0.6004591889913016,1
0,0.007791186552138849,0
0,0.4342077633395884,0
0,0.40851527790242675,0
0,0.03321248535620115,0
0,0.05316084031393131,0
0,0.002526236684480847,0
0,0.549670443449626,1
0,0.7332022937156628,1
1,0.7569078133107657,1
0,0.07608091139169239,0
1,0.12911747684664612,0
0,0.0020982059416466605,0
0,0.002079592904177983,0
1,0.9718301840646768,1
1,0.78693191430418,1
1,0.9927248318295447,1
0,0.033187980923892385,0
1,0.7689388346235478,1
0,0.10838351419158544,0
0,0.41110227703858543,0
0,0.0016270137158601171,0
0,0.12417582716068772,0
0,0.3157488168049416,0
0,0.04857982887383741,0
0,0.8314299594189972,1
0,0.02173712746161006,0
0,0.015476302693579929,0
0,0.003667933005796718,0
1,0.5757158583682688,1
0,0.4658939097989456,0
0,8.244761134150564e-05,0
1,0.529020011259999,1
0,0.22928922467374604,0
0,0.3577967648125031,0
0,0.016846910894193264,0
1,0.34392701598396963,0
1,0.8120068810674494,1
0,0.0026325379633815,0
0,0.332551634501455,0
1,0.6960169449104812,1
0,0.4037356041520221,0
0,0.02115541151987505,0
0,0.16394309962986864,0
0,0.005323691782661854,0
0,0.6676772472010635,1
1,0.2972856091148742,0
0,0.29687944955792755,0
1,0.8947667957723521,1
0,0.46438225638574976,0
0,0.2538745068109369,0
0,0.05136669613286537,0
1,0.8040948796671201,1
0,0.5995412304178314,1
0,0.12677784440724657,0
0,0.2510836366044112,0
0,0.6034416808881741,1
0,0.20976742142740026,0
0,0.37380528619617515,0
0,0.42600600393879046,0
0,0.11762662198110524,0
0,0.26793690380878005,0
0,0.04735366675282564,0
0,0.35939105982244307,0
0,0.05496521958087919,0
0,0.42517088331663755,0
1,0.5364195775666688,1
0,0.00069481013321998,0
0,0.08023104499586546,0
0,0.05159384757577187,0
0,0.19243164125054135,0
1,0.6086986241541692,1
1,0.5863389599031112,1
1,0.12087254783410634,0
1,0.9002027021513735,1
0,0.17389684866036842,0
0,0.21812563928970713,0
0,0.4784231865675121,0
0,0.0012331908589145188,0
0,0.49659166001543636,0
0,0.009788337346004134,0
0,0.09560353821764654,0
1,0.6352493023130295,1
0,0.0744926612223203,0
1,0.8802112473771063,1
0,0.23878278076553408,0
0,0.03514540675051069,0
0,0.02217299321180177,0
0,0.376369885261459,0
0,0.40456600391015013,0
0,0.008381305394345734,0
0,0.13282873995234232,0
0,0.4020250397800753,0
0,0.008394597310206486,0
0,0.45908920933436614,0
0,0.5961599744708754,1
1,0.8608402901445015,1
0,0.03395019793593544,0
1,0.976815848024454,1
0,0.6813728790636145,1
0,0.0392136305048324,0
0,0.004008314089441096,0
0,0.019958161239221436,0
0,0.16246335903259498,0
1,0.5269641091989228,1
0,0.0596669692962487,0
0,0.4198692311004802,0
0,0.4515691683919426,0
1,0.31388689983779045,0
0,0.24887513091417232,0
1,0.6058381033348622,1
0,0.05291854071451684,0
0,0.005675367836105375,0
0,0.036917792043578784,0
0,0.1456364934518058,0
0,0.0030289773693709045,0
1,0.988564370200482,1
0,0.02437244376748663,0
0,0.1104580899381473,0
0,0.11722914947359084,0
0,0.1206122349815522,0
0,0.2716868034174302,0
0,0.7380286926528297,1
1,0.9848711662981859,1
0,0.1591165530455009,0
1,0.9563264914589579,1
0,0.11408706228670451,0
1,0.6175222855994563,1
1,0.5536541172393531,1
0,0.002963750963976301,0
0,0.21905012415853928,0
0,0.28604879266046673,0
0,0.2000929561845304,0
1,0.5638010389356447,1
0,0.05480348958772075,0
1,0.3306093015901709,0
0,0.34248911692850514,0
1,0.5728788759647473,1
1,0.3428357551368186,0
0,0.38116433383369935,0
0,0.9277604193464261,1
0,0.598343231071819,1
0,0.028869448294586278,0
0,0.023354608785641898,0
1,0.96808621119879,1
0,0.2606399277521532,0
1,0.7363975029751628,1
1,0.7285887217279122,1
1,0.9878845204916388,1
0,0.44760422417240137,0
1,0.67721566293761,1
1,0.8482211192449993,1
0,0.6613077338683471,1
0,0.8934851100346759,1
0,0.006686051319357193,0
0,0.010321768236622638,0
0,0.3898159613781325,0
1,0.9868811391149773,1
0,0.023965497468266133,0
1,0.8239167349617729,1
0,0.5366330135759395,1
1,0.6444073108803804,1
0,0.0164181094461959,0
1,0.6230762514066674,1
1,0.6148341803501448,1
0,0.009752922587718498,0
0,0.2551430441565558,0
0,0.6081192688568063,1
0,0.10214181266264502,0
1,0.9041475517980706,1
1,0.8258278596557297,1
0,0.07272438257565192,0
0,0.6992538741967342,1
0,0.44880983445199796,0
0,0.04635201470319909,0
0,0.010214999831547073,0
0,0.0021458790995889055,0
0,0.35485638780908635,0
1,0.9778572227404811,1
0,0.7542382039238456,1
0,0.6521159386371262,1
0,0.5232741175977333,1
0,0.0016193724834190311,0
0,0.26509727762691765,0
0,0.010675313459056965,0
0,0.07465677582004974,0
0,0.36294706790693815,0
1,0.9546799972787229,1
0,0.0070028593941283334,0
1,0.8473956377099393,1
0,0.0558782161202868,0
0,0.013512480862418989,0
0,0.5184707013171079,1
1,0.966527247232764,1
0,0.012387067530822216,0
0,0.0021158702453377342,0
0,0.016914978770413307,0
0,0.05640865662777649,0
0,0.12110042724388037,0
0,0.14360303002670521,0
0,0.06690066821265664,0
0,0.19017975721491448,0
0,0.0039176105790280835,0
0,0.09344079040178037,0
0,0.059332704364176626,0
0,0.005263360466548867,0
0,0.007426397567488796,0
0,0.0497938830922186,0
0,0.15169616183147208,0
0,0.07045046072828343,0
0,0.07780052669964298,0
0,0.20772125192459018,0
0,0.7505594435551322,1
1,0.8817249461741739,1
1,0.7386137626160255,1
1,0.7222466857697434,1
1,0.9866054619415202,1
1,0.8311051615957105,1
0,0.08969523103982395,0
1,0.9192686715982571,1
0,0.17566689751951065,0
0,0.0531946652024351,0
0,0.023616085209412763,0
1,0.848853612282742,1
0,0.21401542953013125,0
0,0.20474930120786478,0
0,0.05527726679272457,0
0,0.10298418695836077,0
0,0.08718872126303981,0
0,0.0026448823532577923,0
0,0.008970531174283378,0
0,0.7406737932223941,1
1,0.8607064747973115,1
0,0.055683727356424795,0
0,0.22826203148946717,0
0,0.0006185469384354878,0
0,0.9112790678762084,1
0,0.02829880045325177,0
0,0.0038517754990511116,0
0,0.020894684641241276,0
1,0.6894914396803953,1
0,0.040808980478007184,0
0,0.18968353883279004,0
1,0.5889765457104292,1
0,0.284046977262995,0
0,0.507851994568525,1
1,0.704258688208683,1
0,0.6661912618841989,1
1,0.8487064522820172,1
0,0.0009391511203665942,0
1,0.8417462351874715,1
0,0.10190847931476722,0
0,0.03447162047427816,0
0,0.39393675593816124,0
0,0.05178396834918329,0
0,0.0031571433025834126,0
0,0.7009256197572328,1
0,0.0016974597220343571,0
0,0.012327613719838032,0
0,6.633692475825373e-05,0
0,0.00039275261957306344,0
0,0.00011693566284623591,0
0,0.00901848092360627,0
0,0.0022416736377524065,0
1,0.34712295595228987,0
0,0.006421620454177925,0
1,0.7131375970456844,1
1,0.9288483664330596,1
1,0.7882742391567022,1
0,0.10794837334103846,0
0,0.16461677986362244,0
0,0.4234337373899521,0
1,0.8207978867062025,1
0,0.03358512830930544,0
0,0.1916168424324133,0
0,0.33232677251495324,0
0,0.00522344199217548,0
0,0.5451285539291821,1
0,0.7352474619495366,1
1,0.733862096516021,1
1,0.9927061412469025,1
0,0.055796732572945124,0
0,0.12026752661011514,0
0,0.22037083073672123,0
1,0.4173921141187308,0
1,0.9279521141114899,1
0,0.0852368541726602,0
1,0.5192179323864013,1
1,0.9011214392213702,1
1,0.6662206189668439,1
0,0.1164776489742407,0
0,0.21393880878134577,0
0,0.39598486192027776,0
1,0.8769867160360841,1
1,0.6215223974840514,1
0,0.0022298408118117735,0
0,0.14432163402134376,0
0,0.3850166947941959,0
1,0.48977931562835714,0
0,0.1351014983318251,0
0,0.028931750941384612,0
1,0.3018682139908652,0
1,0.9414837563562969,1
0,0.844741184528768,1
0,0.010828029533029058,0
0,0.0001896247233430648,0
1,0.8560586203337561,1
0,0.13475127617332017,0
0,0.08284997106462397,0
0,0.0006408379220939345,0
1,0.32401613800367884,0
0,0.00021709361088827008,0
0,0.6401210135244904,1
0,0.1046485550632045,0
0,0.15080312422646122,0
0,0.48706279975874234,0
0,0.63962779625937,1
0,0.6036968334853896,1
1,0.896361550033561,1
0,0.04040790215250764,0
0,0.23348272062166553,0
0,0.2853037464380426,0
0,0.2564318632466004,0
0,0.2886686453216799,0
0,0.7065779897496753,1
0,0.06853467409905485,0
0,0.0011159638133853573,0
0,0.04290252771623184,0
0,0.007494077825904124,0
1,0.7466819373045543,1
0,0.41524839054362206,0
0,0.1750225664368856,0
0,0.01892200090261885,0
0,0.20196937940561352,0
1,0.8836197025636446,1
0,0.6418109829921924,1
1,0.8401352482284627,1
0,0.7309424395143055,1
0,0.10797617775101113,0
0,0.00646123327678913,0
0,0.03669012519043951,0
1,0.7698722275994208,1
0,0.14413250737197636,0
0,0.0015198830512891937,0
0,0.2423179300575765,0
1,0.8050279645220524,1
0,0.17335246765565213,0
1,0.3901606460131326,0
1,0.669611179658168,1
1,0.8462732316102556,1
1,0.3584854033417585,0
0,0.5699667091557653,1
0,0.5468371294929817,1
0,0.21249129527589833,0
0,0.83138961582983,1
1,0.5227617001516186,1
0,0.010493452779119585,0
0,0.018016437327318464,0
0,0.537116037131964,1
0,0.27885998973626086,0
1,0.6832120841455341,1
0,0.7383682127096233,1
1,0.8024421834527035,1
1,0.7318201958367181,1
0,0.0006292585850335186,0
0,0.23341917424236078,0
1,0.7395637418313299,1
0,0.5118141948051209,1
0,0.10499653786469096,0
1,0.5706119014960703,1
0,9.600004000169715e-06,0
0,0.15274671185974634,0
0,0.01407166022391571,0
0,0.011400765914815716,0
0,0.11849152365982164,0
0,0.7753027383339254,1
0,0.030668486475936375,0
1,0.9565320665602004,1
0,0.11120382411966055,0
0,0.08442197266502,0
0,0.1920180184544645,0
0,0.10374283822233268,0
0,0.11004528123404181,0
1,0.78647177676432,1
1,0.6851067015524424,1
0,9.600004000169715e-06,0
1,0.6564636680674967,1
1,0.9157593352030285,1
0,0.5504283794200937,1
0,0.35572736961151125,0
0,0.48174925659772505,0
0,0.0010612609809126446,0
1,0.908131901498333,1
0,0.6373206151340308,1
0,0.15057805248062744,0
1,0.9224206344467746,1
0,0.28867282421031826,0
1,0.9369243872412086,1
0,0.5792770800151613,1
0,0.5260713923795868,1
0,0.11997960482091699,0
0,0.035646423703119205,0
1,0.5937198491137522,1
0,0.03498658923998939,0
1,0.8978296371929774,1
0,0.24270428625933912,0
1,0.4039543140310344,0
0,0.0036917160631816724,0
0,0.030663620166233887,0
0,0.02650739872515692,0
0,0.7505407944308903,1
0,0.5160309360973822,1
1,0.476743567028187,0
1,0.764920638016813,1
1,0.857262751106199,1
0,0.7889316297718376,1
0,0.23246197261519982,0
0,0.14646465898660943,0
1,0.08841577437641059,0
0,0.05228286994883075,0
0,0.149563012936515,0
0,0.3024049266206398,0
1,0.8943899421421323,1
0,0.10608714296976293,0
0,0.736898128798495,1
0,0.585074568459147,1
0,0.3708553579039036,0
1,0.503783968532688,1
0,0.2636919387069549,0
0,0.00512428314912119,0
0,0.02662586570460229,0
1,0.8315110978004787,1
1,0.6181957677683811,1
0,0.7295544872790642,1
0,0.29999001932713476,0
0,0.03075952148593487,0
0,0.09220545476557264,0
0,0.001432044414689986,0
0,0.08987423257892255,0
0,0.005104247522475348,0
0,0.7468878495577901,1
1,0.889114714818695,1
0,0.5570587097324058,1
0,0.4724621991852025,0
0,0.28127658175306025,0
1,0.9729881257776314,1
1,0.6708545745698271,1
0,0.005575380524195767,0
0,0.017675646238529612,0
0,0.48415989851499575,0
0,0.06692733759082811,0
0,0.005602708170805895,0
0,0.12696049947742996,0
0,0.19286093600207455,0
0,0.4621661937548526,0
0,0.29939931636430783,0
0,0.3751863609974293,0
0,0.8734431236440018,1
0,0.4439674736406932,0
1,0.543514727573329,1
0,0.10426048183422532,0
0,0.1491978752222306,0
0,0.5377705141026674,1
0,0.12245070298983947,0
0,0.803298758438411,1
0,0.17018757328566514,0
1,0.7533148688326138,1
0,0.24905501927024445,0
0,0.2961261296429022,0
0,0.9014740655181573,1
1,0.8226919943595881,1
1,0.44597314105356883,0
0,0.48362830556561004,0
0,0.025720973092187245,0
0,0.04596342702315768,0
0,0.06814511531894443,0
0,0.735761656529222,1
0,0.32057603145957575,0
0,0.015618151713323506,0
1,0.8763525714440067,1
0,0.7013985034321298,1
0,0.021796603998750348,0
0,0.07656754186807477,0
0,0.027653262494802273,0
0,0.38669411615049437,0
0,0.0396152181603003,0
0,9.267420907120254e-05,0
0,0.01797824093311989,0
0,0.5473672188596153,1
0,0.04510521563627858,0
0,0.02175553813815624,0
0,0.143349559341273,0
0,0.02811727716394179,0
1,0.7153482411788088,1
0,0.10246012804248697,0
0,0.0013223981040418834,0
0,0.013627221219931866,0
1,0.43063414807837075,0
0,0.7100367149994015,1
0,0.017188345742519158,0
0,0.07071587574538779,0
0,0.7742904300256884,1
0,0.03963332921640186,0
0,0.6929586796423862,1
0,0.5967294684587764,1
0,0.6225594950403512,1
0,0.8726388487983813,1
0,0.22236263896242894,0
0,0.0005655734859530844,0
0,0.02248256783426521,0
0,0.8121498255156023,1
0,0.0032469169660847806,0
0,0.8021474502903142,1
0,0.0009087187662209535,0
0,0.3640799426589861,0
0,0.06956733276947297,0
0,0.38522110826693995,0
0,0.08853278350301481,0
1,0.778075533345473,1
0,0.06841726253585573,0
0,0.9073128466248745,1
0,0.03655876534235043,0
0,0.6957420457356569,1
0,0.3871598560623045,0
0,0.01703882963242486,0
0,0.8603155282645207,1
0,0.05718385989707938,0
0,0.7296204876749122,1
0,0.20732705011502006,0
0,0.22931814179419102,0
0,0.29068862104469534,0
1,0.8975592436727927,1
1,0.9735388834974568,1
0,0.717344554267554,1
1,0.7477351913650547,1
0,0.18487505320779346,0
1,0.37365199159640444,0
0,0.6505537860663646,1
1,0.10685826731070018,0
0,0.0014791160749501391,0
0,0.044610374217105446,0
0,0.25555541179347185,0
0,0.027419067461704045,0
0,0.04377747693400945,0
0,0.006445081474670722,0
0,0.0040522728854833065,0
1,0.9731598895227475,1
0,0.379674326950803,0
0,0.05153050997539979,0
0,0.4573659218118275,0
0,0.011959719374599703,0
0,0.13090089284836265,0
0,0.5149417243459922,1
0,0.006250590176376727,0
0,0.6185812315729967,1
0,0.36507360698277447,0
0,0.04874655754378775,0
1,0.8516903732274564,1
1,0.7530623123928205,1
0,0.35809504971991707,0
0,0.4993063412209853,0
0,0.3935290167308996,0
1,0.9133718094343256,1
1,0.871829189201657,1
0,0.02043271038517394,0
0,0.3506198723614429,0
0,0.4453720847779309,0
0,0.3748952959823505,0
0,0.009845389232108136,0
0,0.40673526849406794,0
0,0.64506017735744,1
1,0.3830629465601065,0
1,0.8948976123994666,1
0,0.0009402076351040323,0
0,0.001985805530721528,0
0,0.005752894646935811,0
0,0.7121482929528842,1
0,0.33203288995724306,0
0,0.42528309223790167,0
1,0.9703559136839719,1
0,0.43832196427754544,0
0,0.010738649150426717,0
1,0.5697383999108205,1
1,0.880561316953832,1
1,0.6228324948043948,1
1,0.9224613761762289,1
0,0.3910147444447336,0
0,0.04697066429662177,0
0,0.10463414165055532,0
0,0.3962663877469529,0
0,0.056664514789909595,0
0,0.02195604257460345,0
0,0.0014841621689496464,0
0,0.0055094708664406725,0
1,0.5342735089227113,1
0,0.8822911874329058,1
0,0.06796420650571974,0
0,0.7896959395918715,1
0,0.008222693304312498,0
0,0.10938096760754204,0
1,0.7659181136302932,1
0,0.13269973437044144,0
0,0.10479299966808307,0
0,0.0002132680317366499,0
1,0.7721075137229644,1
0,0.01866282398654093,0
0,0.5909516373333367,1
0,0.7886071562673734,1
0,0.25294785929569363,0
0,0.38471242611339285,0
0,0.33389225505158787,0
0,0.05766731436345462,0
0,0.006152679800056877,0
0,0.34528805853230615,0
0,0.3192155208165619,0
0,0.016641611617998486,0
0,0.003969916080001823,0
1,0.38894041785380384,0
0,0.028930017406216712,0
0,0.002446160091030918,0
1,0.8431053518768677,1
0,0.002071089476160347,0
0,0.779103807589976,1
0,0.24429864958234376,0
0,0.02599934036977588,0
0,0.04897212985563275,0
0,0.7076994733814356,1
1,0.9895460596205781,1
1,0.9789378652239729,1
0,0.06158593500975514,0
1,0.08083418422964782,0
0,0.14416262744228162,0
1,0.6195317756929144,1
0,0.24366141956222065,0
0,0.03504262830777641,0
0,0.1765755280536176,0
0,0.0005573061920212252,0
1,0.3761407408419859,0
1,0.9648893110930599,1
0,0.5756199100417253,1
0,0.11601344019511453,0
0,0.39140781557574555,0
0,0.09169854275948901,0
0,0.1806990432382344,0
0,0.2057238908715737,0
0,0.003870574440670789,0
0,0.6101993707863862,1
0,0.594961717417819,1
0,0.7200566874231838,1
0,0.5190238137705354,1
0,0.014439689834270908,0
0,0.001078693387153843,0
0,0.07903279599455239,0
0,0.6172876903498407,1
0,0.045825262313668645,0
0,0.510504054472032,1
0,0.06654093711639318,0
1,0.6278304821113203,1
0,0.04336416240897971,0
0,0.6279125698612108,1
1,0.4377800410666316,0
0,0.42578845860444675,0
0,0.10680236008853285,0
0,0.6720526252614273,1
0,0.8660862022993151,1
1,0.3841816041929949,0
1,0.6573658030043614,1
0,0.1433241802020634,0
0,0.03989041290538615,0
0,0.7583646249578558,1
1,0.7946637100919419,1
1,0.9744096189748097,1
1,0.8683246381445061,1
0,0.24734258234358633,0
1,0.9582763312319169,1
0,0.6856131886302013,1
1,0.46841042716417064,0
1,0.6922764388247594,1
0,0.03268435151283287,0
1,0.9646968240302827,1
0,0.5227749756790591,1
0,0.13297068951410773,0
0,0.014411142737601442,0
1,0.7905752944949199,1
0,0.008617925203317932,0
0,0.03168937085138766,0
1,0.7710935439220166,1
0,0.07960305323822015,0
0,0.09527577981773541,0
0,0.2590853273320033,0
0,0.08129615062137317,0
0,0.6141012566643307,1
0,0.01638967260340047,0
1,0.9680129252446843,1
0,0.06837930100680356,0
1,0.7691897593427329,1
0,0.5236555611031435,1
0,0.5347807485179534,1
0,0.07142834850501144,0
0,0.7189175066832217,1
0,0.14850984465300995,0
0,0.44038630727554334,0
0,0.8476142906012626,1
0,0.12980033218962878,0
0,0.08593986524238013,0
0,0.2855330628333665,0
0,0.271040675346022,0
1,0.880498795418816,1
0,0.8530542470987539,1
1,0.9698397450536305,1
0,0.035753492927446145,0
0,0.005258590013520928,0
1,0.9470465967748777,1
0,0.011304181978575295,0
0,0.8091143848897294,1
0,0.21143622793095343,0
1,0.77397299806269,1
1,0.8471365046806916,1
1,0.760856357096412,1
0,0.0076847598028612915,0
0,0.02771770180187574,0
1,0.7735518691358503,1
0,0.008654483275402731,0
0,0.31142646359792014,0
0,0.2560524786252351,0
0,0.0008784766571371905,0
0,0.2859080435544378,0
0,0.31119623945803965,0
0,0.02331872213456433,0
0,0.036229663807047396,0
0,0.12412075832215422,0
0,0.06931401274937005,0
0,0.27687658673243964,0
0,0.6551608233575902,1
0,0.20848314508016835,0
0,0.021650378442838028,0
0,0.4156135710061771,0
0,0.009530735577200484,0
0,0.006609619588256305,0
0,0.20879686614206291,0
0,0.6729779412178583,1
0,0.01606308035821741,0
0,0.043396645200859875,0
0,0.0034760198130435902,0
0,0.0026221461246277934,0
0,0.2949397646684177,0
1,0.865142894767118,1
1,0.9938088483326942,1
0,0.0030654758431510726,0
0,0.15660906742250955,0
0,0.005094976993884794,0
1,0.7455621211909309,1
0,0.25946286420686365,0
1,0.9715301149714971,1
0,0.029528772322053143,0
1,0.7608443778370394,1
0,0.0017143225047165714,0
1,0.8795784953466631,1
0,0.0007138483994386216,0
0,0.269737632982307,0
0,0.21708646986502117,0
0,0.37146688792853927,0
0,0.36269297781153126,0
0,0.018563212095170332,0
1,0.8290351556048476,1
0,0.6272186623056425,1
0,0.1612290869884849,0
0,0.010056645810576208,0
1,0.9144787856146562,1
0,0.0026954980587401804,0
0,0.0028330844650691863,0
0,0.4650352265952334,0
0,0.23936050337236534,0
1,0.8016825310215481,1
1,0.9362446130042134,1
1,0.7827910695384646,1
0,0.09660940447148045,0
1,0.9729047192532315,1
1,0.9949420317276876,1
0,0.24604140144255482,0
0,0.025345263094986022,0
0,0.4208835626976591,0
0,0.7803947003363914,1
0,0.016504454836931907,0
0,0.003920002574562099,0
0,0.3937562019122617,0
0,0.02928452968191901,0
0,0.5254285395637109,1
0,0.007962322881958223,0
1,0.747874148057277,1
0,0.42359068189952137,0
0,0.14020189315518675,0
0,0.41339418713165804,0
0,0.015395554106036583,0
1,0.6262600451644994,1
0,0.35548724627993483,0
0,0.009968398296266378,0
1,0.988424584813339,1
0,0.019251709616010776,0
1,0.8100333925660043,1
0,0.6989143438299442,1
0,0.3206718224615899,0
0,0.012482829248098641,0
1,0.6558856645504916,1
0,0.04409524385058656,0
0,0.43755553426436145,0
1,0.7957912703128333,1
0,0.029935753893518154,0
0,0.6367153378960354,1
0,0.006976569700688659,0
0,0.07337844246920894,0
0,0.0030165922277982644,0
0,0.24658132946309053,0
0,0.03753327871640107,0
1,0.7344202656109524,1
1,0.6238287141098582,1
0,0.001679690845343819,0
0,0.04607260656519707,0
0,0.018722540535183733,0
0,0.7534392350998549,1
0,0.37920943076980973,0
0,0.6467390137455247,1
1,0.8322874297672301,1
0,0.08445133598971603,0
0,0.008463062350199566,0
0,0.6313378334718899,1
1,0.6729827168403727,1
1,0.8081912996321521,1
0,0.10136833836814226,0
1,0.07765275473139853,0
0,0.045445058942653445,0
0,0.7629474168753745,1
0,0.1457350608377765,0
0,0.09305791032066914,0
1,0.2590741053892948,0
0,0.2436430643708097,0
0,0.5320322128315301,1
0,0.014326598595449595,0
0,0.016588115832525653,0
0,0.4981479117144387,0
0,0.08556516620644347,0
0,0.13633023189179158,0
0,0.3461096519878856,0
0,0.0026569859453640186,0
1,0.7159608280565866,1
0,0.004518522228851576,0
0,0.4479661723974681,0
0,0.02117314479883501,0
0,0.5912975621701048,1
0,0.18646129039071507,0
0,0.07619986799271228,0
1,0.378259235061385,0
1,0.7882399540932564,1
0,0.009469904496873629,0
0,0.04523482468059199,0
1,0.9401431669751775,1
0,0.05276199977384008,0
0,0.28507134075921464,0
0,0.8100414880978988,1
0,0.009096849882927851,0
0,0.7244980898101377,1
0,0.011018269820127541,0
0,0.09163970336164327,0
0,0.7656157896581719,1
0,0.6463208963461574,1
0,0.022156983231672138,0
0,0.4547200236185151,0
0,0.00022657667483781698,0
0,0.02750505501638006,0
0,0.012020439425594488,0
0,0.006483365847206538,0
0,0.5238994004719312,1
0,0.061199955622750914,0
0,0.05850794461743096,0
0,0.09859431744852655,0
0,0.3986290570461,0
0,7.890717828870675e-05,0
0,0.2673201100115178,0
0,0.015062773446380181,0
0,0.1067891187196516,0
0,0.30152830450464113,0
0,0.5181888717296588,1
1,0.9451726822396752,1
0,0.027128323483046668,0
0,0.5830805501014529,1
0,0.23297239136822848,0
0,0.0036994039523483495,0
1,0.6019987948820755,1
0,0.3967190125132679,0
1,0.5144752552344428,1
0,0.10023822445546858,0
0,0.405951219392449,0
0,0.0025283625134153178,0
0,0.0005292139407345066,0
1,0.8451501527039302,1
0,0.022706994891378496,0
1,0.3182555287346768,0
1,0.8450148383315216,1
0,0.021703096486669866,0
0,0.29557712932908653,0
0,0.3449358457779338,0
0,0.4498150600693671,0
0,0.09439081283120154,0
1,0.8078148036758985,1
1,0.8095440722711855,1
0,0.02129174041682597,0
0,0.812413116181379,1
0,0.22576459786515096,0
0,0.0011732678299123385,0
0,0.829824490163834,1
0,0.3025140297431142,0
0,0.029517202422413718,0
1,0.899253714711719,1
0,0.38511338360962727,0
0,0.0017310970479693232,0
0,0.00425996408584907,0
0,0.03789256751113961,0
0,0.6819463131202672,1
0,0.16845650427399814,0
0,0.8529215566870674,1
1,0.5922879444143035,1
0,0.0892993421091747,0
1,0.6280707384252743,1
1,0.690782424273226,1
0,0.03657368396082821,0
1,0.8093677254608136,1
0,0.12967895733483448,0
1,0.7741595357361871,1
1,0.5974139112381655,1
0,0.1683631265652473,0
0,0.3723727621937793,0
1,0.9891345726781043,1
0,0.026347094942859042,0
0,0.15556635105044328,0
0,0.3508724951551524,0
0,0.3165616723300991,0
0,0.47853640873267883,0
0,0.20599049512437403,0
0,0.08203728977494454,0
0,0.5750097447223907,1
0,0.02043611199856086,0
1,0.8820651640242556,1
0,0.014333502056051304,0
0,0.49981362249244077,0
0,0.059211771287546046,0
1,0.9747267220068704,1
0,0.02018214880887823,0
0,0.0042811255777301166,0
0,0.11505008930864821,0
0,0.12950549944049933,0
0,0.0846473841055798,0
0,0.3586891037662935,0
0,0.5045558746075443,1
0,0.09402508516419146,0
1,0.24419704177466148,0
0,0.008100263278430917,0
0,0.14721739943523376,0
1,0.8405223049252862,1
0,0.11017154296043698,0
0,0.010935005630206334,0
0,0.37266349779092733,0
0,0.00030104375461008397,0
0,0.06209229555126241,0
1,0.24170386645319128,0
0,0.2506932776507004,0
1,0.9151395642573512,1
0,0.008001909297420102,0
0,0.13516179860176492,0
0,0.6562761482718813,1
0,0.0032919606721855863,0
0,0.03823711140192596,0
0,0.2469361610674342,0
0,0.011710928433379484,0
0,0.19365165898311612,0
0,0.04580527980376205,0
0,0.7488593172865513,1
1,0.9797931224401187,1
0,0.6825197527950505,1
0,0.009383720868709741,0
0,0.0001493554568721994,0
0,0.6239339949797814,1
1,0.9411139116827678,1
1,0.8474903064889099,1
0,0.35195862523985777,0
0,0.022875471728198433,0
0,0.00036322649191005915,0
0,0.6967519291619713,1
0,0.11180492550082079,0
0,0.0582250112610623,0
0,0.0027149317595822195,0
0,0.5466353998781702,1
0,0.36680495146596026,0
0,0.6718234863249851,1
1,0.9705722022965987,1
1,0.8576779662382743,1
1,0.7839419885840316,1
0,0.09144060605115921,0
0,0.18300931352877858,0
1,0.9917008210863484,1
0,0.06669095907777155,0
0,0.5645917203078735,1
0,0.08752043574288586,0
0,0.017096432959175484,0
1,0.6915784612277267,1
1,0.7567103448039991,1
0,0.5872042973770794,1
1,0.8363557060467417,1
1,0.7906960556682179,1
0,0.36108667718274573,0
0,0.21123906385186306,0
0,0.10392090893667763,0
0,0.017883671184045765,0
1,0.8248791037631635,1
0,0.04701120196026652,0
0,0.8840869360702628,1
0,0.0027758157024368245,0
0,0.011554458989772854,0
1,0.6292695925813582,1
0,0.7079388192270434,1
1,0.9120294244134967,1
1,0.987114114471537,1
0,0.04112899047172278,0
0,0.33506686165677263,0
0,0.18017553186391802,0
0,0.26712212774909294,0
1,0.6816486453200219,1
0,0.10049343435105748,0
0,0.10278500361253401,0
0,0.8263068741181749,1
1,0.9472341175203667,1
1,0.4137343100595108,0
0,0.6308900074467401,1
1,0.8782692004780762,1
0,0.04271100901031858,0
0,0.05175036936690339,0
0,0.05764266851637981,0
0,0.11787216523836105,0
0,0.17603369320798945,0
0,0.1862795986002499,0
0,0.3825741235370538,0
1,0.868629269629037,1
0,0.3111131560984249,0
1,0.9803839965941228,1
0,0.009361221900971273,0
0,0.05210920657319329,0
0,0.1652438692882375,0
1,0.9011111317937862,1
0,0.13443503939506915,0
0,0.21079760024485053,0
1,0.0539793363491016,0
1,0.7912723032358425,1
0,0.011695018674005419,0
0,0.0006057457339710599,0
1,0.7609781129225716,1
1,0.7869425654207156,1
1,0.9933991209796761,1
0,0.3546889313207163,0
0,0.013210697461217386,0
0,0.12252311031356673,0
0,0.5938445156053931,1
1,0.9767620274231691,1
1,0.9823512138408623,1
0,0.3335000924730576,0
1,0.6736726124774141,1
0,0.005746539975755035,0
0,0.2990708890759695,0
1,0.9464943426278607,1
1,0.8379553455163286,1
0,0.012633637563781315,0
0,0.4788182142146393,0
1,0.9034850578375697,1
0,0.0834229219037828,0
0,0.013621652098844944,0
0,0.875061394006716,1
0,0.00982580346458821,0
0,0.03420145661184089,0
0,0.8237293789059404,1
0,0.056977189862521566,0
1,0.973973191317063,1
1,0.7869401243628811,1
0,0.025049542500007127,0
0,0.7961256877007884,1
0,0.14542433285590883,0
1,0.5386911651541396,1
0,0.0013656062035404132,0
0,0.007876765616881939,0
1,0.8353123958607757,1
1,0.49293634810462306,0
0,0.07428500403504373,0
0,0.31915183971720557,0
0,0.011253772776222854,0
0,0.0006035645797613361,0
1,0.690618204750786,1
0,0.07172406060195834,0
1,0.9074227862924565,1
0,0.025444994767153766,0
0,0.5252521172390731,1
0,0.00025817220426859876,0
0,0.24421556078929976,0
1,0.38511173045604663,0
0,0.08049438220654916,0
1,0.8696451792650972,1
0,0.44508922527451983,0
0,0.024368178761641223,0
0,0.7945645061549036,1
1,0.6884164011493569,1
0,0.23859260148000055,0
0,0.4408690485026046,0
1,0.4785521914344101,0
1,0.7809626408048836,1
0,0.38263083357115873,0
0,0.5566689812263181,1
0,0.1258122061580389,0
0,0.14328868026850455,0
0,0.2363284932560002,0
0,0.7200932377228044,1
0,0.000155793573053999,0
0,0.1911434825089811,0
1,0.38263275101377253,0
0,0.014281933602814136,0
0,0.221994191502809,0
0,0.34768599001926404,0
0,0.024517793808745896,0
0,0.6782754486348559,1
1,0.7362506133344525,1
0,0.06849294401543862,0
0,0.012503063849917897,0
1,0.5764926373875662,1
0,0.1112211084046343,0
0,0.3218153123679391,0
1,0.7256876329538711,1
1,0.8825398740417705,1
1,0.49589420574414483,0
0,0.010905053470102115,0
0,0.1359155074654258,0
0,0.005105758023161072,0
0,0.33621467643254327,0
0,0.49670256328486107,0
1,0.7345073916989289,1
0,0.7292496282478997,1
0,0.026629601994801046,0
1,0.644422232433834,1
0,0.008640410539008629,0
0,0.016095855662005432,0
0,0.004324546035429726,0
0,0.17530958571440464,0
0,0.6668151069249589,1
1,0.9080895959708507,1
0,0.056831181697542435,0
0,0.13420746605199413,0
1,0.6306311495839306,1
1,0.31273981893466396,0
1,0.8406956809577321,1
0,0.14865104856877415,0
0,0.013227970144585263,0
0,0.006229714978984748,0
0,0.04255055573250678,0
1,0.9100613796078649,1
0,0.28211357180692315,0
0,0.05180464533445663,0
1,0.28846419460154693,0
1,0.8617094259193214,1
0,0.009646331723432176,0
0,0.0029983359686964225,0
0,0.2723591258994423,0
1,0.9631326983438389,1
0,0.19172342612858742,0
0,0.0016693220050474765,0
0,0.0918111457051848,0
0,0.007125858048053787,0
0,0.19529322431759777,0
0,0.6122265999275076,1
0,0.019164171126608058,0
0,0.363180453863372,0
0,0.7324051043687502,1
0,0.005111119659148354,0
0,0.1194949831868834,0
1,0.5538282564424628,1
0,0.11510976204010094,0
0,0.07251341124499824,0
0,0.12622566758347892,0
0,0.8490893765346543,1
0,0.009764928503287812,0
1,0.5393859509745705,1
0,0.0036919712366538394,0
0,0.2014504390530359,0
0,0.7096529495156603,1
0,0.06959340046380164,0
0,0.6598967454375712,1
1,0.9892488978141565,1
1,0.8772772855151034,1
0,0.05434722424590827,0
0,0.7543165522212891,1
0,0.5444270659586091,1
0,0.0889188055702703,0
0,0.38537919947758703,0
1,0.8768376283982788,1
0,0.65374074893519,1
1,0.9139113176378004,1
1,0.37570899811745884,0
1,0.9964325094756336,1
0,0.05145095908490312,0
0,0.5527898409761043,1
0,0.5598027143251285,1
0,0.002697305976171344,0
0,0.37015852432189666,0
0,0.13847784596930068,0
0,0.12117805745535394,0
0,0.3695941374523578,0
0,0.01710609029091354,0
0,0.04632675076330573,0
0,0.03138054158630156,0
0,0.04008412787997873,0
0,0.006608987491299937,0
1,0.8080271338100321,1
0,0.038432134602555394,0
0,0.05778125562412256,0
1,0.875338558889278,1
1,0.834760589098047,1
0,0.5995785345354845,1
0,0.2523982518133165,0
0,0.05346979847016561,0
0,0.007803468698781843,0
0,0.6135535186345668,1
0,0.33451536252471803,0
0,0.010110704343545862,0
0,0.09096690604905598,0
0,0.013725832479569421,0
0,0.02189290014687296,0
0,0.7606314594248003,1
1,0.8607251366029061,1
0,0.18123937693992867,0
0,0.1285031997638254,0
0,0.030089464117763386,0
0,0.0037391314212087924,0
0,0.057374749009828155,0
1,0.3311105744662844,0
0,0.4824650502265814,0
0,0.8456914179691313,1
0,0.000278868653810117,0
0,0.00025355771802795183,0
0,0.008599111358548826,0
0,0.04438664872521514,0
0,0.5075474461536977,1
1,0.7530079277149724,1
1,0.2533361663331125,0
0,0.02487764759725888,0
0,0.0018811233719420795,0
0,0.028792810119229094,0
0,0.0025866457177084004,0
1,0.9948837014682665,1
0,0.025061032192060344,0
1,0.9591835184118296,1
0,0.6344852931622936,1
1,0.6491005711684243,1
1,0.457464723548323,0
0,0.10621921802320083,0
1,0.9457688421273832,1
1,0.8824694299010175,1
0,0.0014427503573742324,0
0,0.8062219339109021,1
0,0.003511852768606475,0
1,0.6807977214215747,1
0,0.14220728068140526,0
0,0.17547168103069175,0
0,0.38895135980631435,0
0,0.04502214860784337,0
0,0.07673598030695014,0
0,0.1351698709976491,0
0,0.6604525148949054,1
0,0.004592606844809366,0
1,0.9279716935408683,1
0,0.05825761244172885,0
0,0.018831580627067662,0
0,0.14349199780099806,0
0,0.6497323726768421,1
0,0.3704068008289361,0
1,0.93347157708954,1
0,0.0037883514583797995,0
0,0.1246020703692623,0
0,0.04226823338138402,0
0,0.19378054343816117,0
1,0.7608435870710395,1
1,0.8470127402783769,1
1,0.9252795997674025,1
0,0.3155371838760414,0
1,0.9875120578579949,1
0,0.03006090604950254,0
0,0.6892682053587592,1
0,0.3718163108808779,0
0,0.20368894767594214,0
0,0.05996774780443182,0
1,0.8464839508137357,1
0,0.583177707155355,1
0,0.015316097598876945,0
0,0.000735468063708591,0
0,0.606309013655213,1
1,0.7876992773180507,1
0,0.29590035871526915,0
0,0.0006622779958882481,0
0,0.005793119317813052,0
1,0.4574435609464274,0
1,0.6540290393005682,1
0,0.7428082043750338,1
0,0.03281531728313578,0
0,0.1833070275966151,0
1,0.6782170876696364,1
1,0.7163988469697341,1
0,0.02701977014739499,0
1,0.8586216077888986,1
1,0.5259161081060881,1
1,0.615931935648674,1
0,0.48835007247657247,0
0,0.5617583228920464,1
0,0.14152105070227167,0
1,0.8850007870136547,1
1,0.9887618877031799,1
0,0.6115097906526731,1
0,0.5343980355445723,1
0,0.2559273432153913,0
0,0.010225319160603584,0
0,0.0173554188742447,0
0,0.38810147306805426,0
1,0.8645105019029586,1
0,0.01481106580234261,0
0,0.18614905298622367,0
0,0.5851732403864208,1
0,0.727389375707337,1
0,0.5718851659266925,1
0,0.6917144346789492,1
1,0.8233347982798307,1
0,0.15521709126045502,0
0,0.1186650860150636,0
0,0.4763680789500635,0
0,0.3957192841114171,0
0,0.05636323204270241,0
0,0.47909533792579273,0
0,0.7797733882647703,1
0,0.11045324635151867,0
0,0.0017244725183947227,0
0,0.0014744608447642548,0
0,0.04002895891883373,0
0,0.10139360838379281,0
0,0.001583422051736869,0
0,0.672879581304572,1
0,0.02335114296089563,0
0,0.014704291730018424,0
0,0.19964824604543446,0
0,0.4768401596186043,0
0,0.0382247373676763,0
1,0.6609982998842934,1
0,0.441560704542509,0
0,0.001545650803015709,0
0,0.15580037019073623,0
0,0.3801140461743596,0
1,0.9938485818537803,1
1,0.962734964389918,1
0,0.03809736908713308,0
0,0.10294174283594998,0
0,0.015249893566187946,0
0,0.11732614077640102,0
0,0.014526958066910314,0
0,0.6025379822043951,1
0,0.11145034941413366,0
0,0.08291837614966173,0
1,0.9927092190783852,1
0,0.3768888697306204,0
0,0.3853596623911121,0
0,0.046708956564753934,0
1,0.5085987554022561,1
0,0.004834391095538011,0
0,0.8883330431631742,1
0,0.03726275209445673,0
1,0.9081307729479251,1
0,0.010529935193891242,0
0,0.6278482096255985,1
0,0.035090984093644716,0
1,0.7220727681476073,1
0,0.21911529167432575,0
0,0.019587685054184886,0
0,0.21933015612865173,0
1,0.8827608329512617,1
0,0.025934316108515404,0
0,0.01273699748081193,0
1,0.8840678080215267,1
0,0.004891498271232419,0
0,0.022756377844233375,0
0,0.03747154359999509,0
0,0.08784434119496783,0
0,0.19337212999085296,0
0,0.08145425771965328,0
1,0.8844551447269724,1
0,0.3046502698200234,0
0,0.0008788203224352718,0
0,0.10378266024409787,0
0,0.5350287651419962,1
0,0.0007916325733913664,0
0,0.24011799318807325,0
0,0.2751258685194659,0
0,0.0625696815192004,0
0,0.2460272737455544,0
0,0.7967822262607618,1
1,0.6618667939531235,1
0,0.8389417262629506,1
0,0.3052104583092728,0
0,0.914003497129562,1
0,0.22248370427565944,0
0,0.09782903959459721,0
0,0.09093488696828392,0
0,0.19459697811618956,0
0,0.007112136346484523,0
1,0.9783544582415247,1
0,0.06809612540397404,0
0,0.0715254946237745,0
1,0.8016042454944043,1
0,0.18528000459347496,0
0,0.4720078214060633,0
0,0.6530123624191384,1
0,0.1542143257401466,0
0,0.3063484644903591,0
0,0.06611913100136187,0
0,0.6581124220382094,1
0,0.3571179438356939,0
0,0.2622360950474337,0
0,0.0005388337274898783,0
0,0.6291968110312233,1
0,0.02409744831531209,0
0,0.7650413120238834,1
1,0.8792528914106841,1
0,0.3538313290319463,0
0,0.47521953607072154,0
0,0.013005923022417602,0
0,0.002083579790489238,0
1,0.5961933338122226,1
0,0.005084566401908785,0
0,0.011907513351711127,0
0,0.01877127354186744,0
0,0.02903609917294181,0
0,0.13424419281038089,0
1,0.6959959501154704,1
0,0.05797242142536088,0
0,0.4707716370164848,0
0,0.192211504560317,0
1,0.5079319969791833,1
0,0.022102202338076707,0
0,0.3914977384517595,0
0,0.2631867880944155,0
0,0.06055925142710745,0
0,0.6312469528344216,1
0,0.08566092803554835,0
1,0.8756771379286745,1
1,0.8723481713835417,1
0,0.11850097641407532,0
0,0.08285592855294667,0
1,0.6148697384802612,1
0,0.0049129255182218815,0
0,0.019253998931534778,0
0,0.39259880745776526,0
1,0.834995469911592,1
0,0.0003302152872757601,0
1,0.5027600003465973,1
0,0.42057126190834393,0
0,0.433715794995817,0
1,0.29707779523218575,0
0,0.22225038852582724,0
0,0.020994627891696805,0
0,0.0004691086580766683,0
0,0.15026791051961672,0
0,0.07399710363859277,0
0,0.5936364150559155,1
0,0.11326862067606747,0
1,0.9174958679236636,1
0,0.7230070422799229,1
0,0.00017087124726903658,0
0,0.37257915912249784,0
1,0.7661121776749363,1
0,0.2410354352158493,0
0,0.08841539679532975,0
0,0.002505289080231761,0
0,0.20186930912844997,0
0,0.13693097843317686,0
0,0.15219495579256828,0
0,0.683468184428163,1
0,0.6459994792636768,1
0,0.004572835880950624,0
0,0.5324969348630897,1
0,0.45433061763875354,0
0,0.600926105203177,1
1,0.8328181325287449,1
0,0.03486959101571197,0
0,0.14061209344866776,0
0,0.41489571250484464,0
0,0.009832356932581159,0
1,0.9132152122094772,1
1,0.9779160606167617,1
1,0.830929281510853,1
0,0.6626903026667464,1
0,0.2522107910379565,0
0,0.12129940661152856,0
0,0.03837367696584005,0
0,0.02437835736181654,0
0,0.2529059811702502,0
0,0.09585784845118435,0
0,0.03326715756843872,0
0,0.001382898205145805,0
0,0.4935874487028093,0
1,0.9540747884834831,1
0,0.6797928237777583,1
0,0.0003302152872757601,0
1,0.5634510867293653,1
0,0.005973360323077733,0
0,0.027590678801353383,0
0,0.9105338884205558,1
0,0.056792994115265616,0
1,0.8146680342797175,1
1,0.7685075439556761,1
0,0.40789156704331964,0
0,0.4351578634560919,0
0,0.004525914143951748,0
0,0.11652018496924631,0
0,0.0024249542898070898,0
0,0.002899973726564976,0
0,0.08128368923430146,0
0,0.002361733088075492,0
0,0.139298380294455,0
0,0.4770356276097143,0
0,0.4517109934022959,0
1,0.7996868975298832,1
1,0.8163683951531134,1
1,0.868151474097045,1
0,0.20022559644834256,0
1,0.9612967439006184,1
0,0.3910738399553438,0
0,0.0032010372480253077,0
0,0.4484708962061733,0
0,0.5328519236514381,1
0,0.7658216719600343,1
0,0.0264258642925342,0
0,0.005768876716831371,0
1,0.7185153857925562,1
1,0.8876384468367555,1
0,0.11721464905094237,0
0,0.17686807711147287,0
0,0.04775765269698677,0
0,0.1658581819633932,0
1,0.7804685027900526,1
1,0.9891126711726957,1
0,0.007950195623576833,0
0,0.006218251535782045,0
0,0.02078610051245158,0
0,0.2572434576465932,0
0,0.3745750489889683,0
1,0.31829627390522175,0
1,0.8027725604767184,1
0,0.8222763391109528,1
0,0.531787028202446,1
1,0.8258635594094446,1
0,0.2808647780026664,0
0,0.23218349995146756,0
0,0.3674481051345538,0
0,0.341263728767009,0
1,0.8565967855075415,1
0,0.5487764536309157,1
0,0.03407735845583616,0
1,0.5437825987913667,1
0,0.4941738439661877,0
0,0.03851238079190953,0
0,0.2054757534041734,0
0,0.22019190134059594,0
1,0.9953827570581986,1
0,0.08676290867075416,0
0,0.007446231127648805,0
0,0.12523939899963737,0
0,0.35837096726549594,0
1,0.5656577156515915,1
0,0.008621121984547444,0
0,0.003640837872722716,0
0,0.4408106187102134,0
0,0.33503321011810916,0
0,0.23053501938213083,0
0,0.21721814761270528,0
0,0.017045405523931023,0
1,0.5435653567643566,1
1,0.40193304781441674,0
1,0.7920797814724679,1
0,0.2236875612328212,0
0,0.04266818672958303,0
0,0.1551803875526764,0
0,0.1983110160342832,0
0,0.376342520980913,0
0,0.0207073110628669,0
1,0.7076053559014797,1
0,0.17913665257573458,0
0,0.15286395385918589,0
0,0.9084838274348115,1
1,0.7562273026421101,1
1,0.37695451642492317,0
1,0.542426599465198,1
0,0.1723329543478242,0
0,0.18136473475525935,0
0,0.0012978585506400935,0
0,0.005814881943070199,0
0,0.31300717983271775,0
0,0.25369448234347675,0
1,0.8026460089150038,1
1,0.5921952085174115,1
1,0.894128297968455,1
0,0.005281877335203127,0
1,0.9714214145601382,1
0,0.027130256162929946,0
1,0.3130140929104013,0
1,0.2816142949403322,0
0,0.09961302520517391,0
1,0.7723742506958357,1
0,0.31810210917708975,0
1,0.9045046073288571,1
1,0.8770937235544823,1
0,0.0017193426001761447,0
0,0.482575524101107,0
0,0.6832435074620131,1
1,0.8090038072714153,1
0,0.008042748531601687,0
1,0.8293197690736648,1
0,0.018276856061560445,0
1,0.7976561887026876,1
0,0.13685406378341267,0
1,0.9104313259141152,1
0,0.108051834010161,0
0,0.02533398063804453,0
0,0.047764590710557935,0
1,0.6072858291163887,1
0,0.0004759333951327654,0
0,0.12551532232669638,0
1,0.9926844254756465,1
0,0.48383379034161567,0
1,0.06302236287696643,0
0,0.004944413919057149,0
0,0.45016225734634846,0
1,0.6304307531402908,1
1,0.7855758177946304,1
1,0.7332558672796647,1
0,0.30296217501141465,0
0,0.3265905374490195,0
1,0.7474044807355168,1
0,0.06394657805801271,0
0,0.0979669888951498,0
1,0.7386984590630329,1
0,0.0010396256705418835,0
0,0.03735702793842791,0
0,0.04192763665643765,0
1,0.644970664370517,1
0,0.009776203466095992,0
0,0.12799513303998578,0
0,0.3635793489429126,0
1,0.9654776926630307,1
0,0.0008921340189019465,0
0,0.008837904727993787,0
0,0.22518122466805252,0
0,0.09943808528426891,0
0,0.08461845521746726,0
0,0.2390806303864389,0
0,0.017754357316255895,0
1,0.9948125650312994,1
0,0.000536123208484028,0
0,0.17454856227170243,0
0,0.06442562563427788,0
1,0.5197195519707168,1
0,0.3922860203482504,0
0,0.00025062927578555627,0
0,0.14141837625146758,0
0,0.01976393213178648,0
0,0.4787881068901612,0
0,0.0019039940045828662,0
0,0.21698512778418458,0
0,0.00428412331279186,0
0,0.1338775289053458,0
0,0.032083089579783085,0
0,0.41081972654061094,0
0,0.05286977304697837,0
0,0.10598754038368033,0
0,0.11536853471174034,0
1,0.9322545442528326,1
0,0.44291743907722614,0
0,0.5266785517732532,1
0,0.838073705185269,1
0,0.4910251495096801,0
0,0.007575710465325519,0
0,0.04509169800812999,0
1,0.39994528472635343,0
0,0.6543702051757946,1
1,0.8635358519043005,1
0,0.4469703109971433,0
0,0.2565919326814109,0
0,0.36570521219335567,0
1,0.9034374956641782,1
0,0.11654470518229859,0
0,0.03352568658666154,0
0,0.0980668867332315,0
0,0.019590001075200168,0
1,0.7280036016325121,1
0,0.001723943028653097,0
0,0.25358432630668354,0
0,0.030241192779416205,0
0,0.057983773669307216,0
0,0.1187319620636278,0
0,0.914406122418942,1
0,0.5399210174393596,1
1,0.5929962039061191,1
1,0.914312240638384,1
1,0.6010243397855256,1
0,0.10420923331408856,0
1,0.87347645490354,1
0,0.7952033644351015,1
0,0.0028768924745554195,0
0,0.8588309292601699,1
0,0.09166871302802565,0
0,0.09401885642490157,0
0,0.058208142534106624,0
0,0.023787887306419894,0
0,0.5465760537270985,1
1,0.6928356871014045,1
0,0.019690092927074212,0
0,0.18294311026944846,0
0,0.4052795464379665,0
0,0.07973792527602315,0
0,0.03668156732347999,0
1,0.7216897255648869,1
0,0.41936112659372454,0
0,0.5583137588378984,1
0,0.17643496075397969,0
1,0.9824679477647703,1
0,0.07793912153393037,0
0,0.0025684503772306472,0
0,0.8545244075582197,1
1,0.9066964308101939,1
1,0.9698653481520667,1
1,0.6175050103740545,1
1,0.8856057135179367,1
0,0.7322854087212805,1
0,0.107224456576525,0
0,0.022452786396295107,0
0,0.372358919493185,0
0,0.002094395559864505,0
0,0.0028958249178946184,0
0,0.15590503629090638,0
0,0.24003639081336345,0
0,0.5831560955267032,1
1,0.5770132299414567,1
0,0.9128810368630511,1
0,0.05960607523057997,0
0,0.6555680235799869,1
1,0.6166898107625978,1
0,0.010234090362009006,0
0,0.12485779426751302,0
0,0.1576057805382414,0
1,0.8726862189998686,1
1,0.49481307387666446,0
0,0.05657107380898335,0
1,0.9666568531307187,1
1,0.9885175076193491,1
1,0.9103426155247601,1
0,0.04499104791624065,0
0,0.015629565674219314,0
0,0.8409029019397662,1
1,0.54942374769135,1
0,0.07028817576965013,0
1,0.78711137087403,1
0,0.00654856696608501,0
0,0.0246544823253797,0
1,0.5146377437420736,1
1,0.8942967385072939,1
0,0.004164852743655702,0
1,0.746087939193148,1
1,0.8940041177396637,1
1,0.5699861191531493,1
0,0.6272500050060132,1
0,0.004618371190124555,0
0,0.0016230975155733514,0
0,0.4038119356856722,0
1,0.6890443397198606,1
1,0.6246551672609696,1
0,0.2683885941904687,0
0,0.8267989711367598,1
1,0.7386564280715374,1
1,0.8933369274034262,1
1,0.6490355783802938,1
0,0.25063047479092426,0
1,0.6995797772702954,1
0,0.15520468439277535,0
0,0.04216721447189645,0
0,0.026110975841807705,0
1,0.4632697748900843,0
1,0.7414164661567727,1
1,0.42263325361741566,0
1,0.8711951330304197,1
1,0.5754311499624603,1
1,0.856959323337151,1
0,0.13555125839794174,0
0,0.17321837253015968,0
0,0.07675108133535337,0
1,0.7772934499864302,1
1,0.9470131426207073,1
0,0.12206695568500946,0
0,0.009446987835772235,0
1,0.8998814558486323,1
1,0.9172555389880419,1
0,0.6321881406304648,1
0,0.2140652966513631,0
0,0.1131915094139251,0
0,0.4473317146340717,0
0,0.5239939616353899,1
0,0.07363583424181952,0
0,0.0896277566931053,0
1,0.20837134079494768,0
0,0.7685903731581681,1
1,0.5411907467439296,1
1,0.876957676899583,1
0,0.10536184132336794,0
0,0.3218223843539628,0
0,0.18204601770402648,0
0,0.26933338811025714,0
1,0.5734003800152215,1
1,0.28234301733251765,0
1,0.2201554927470221,0
0,0.638463611799943,1
0,0.14506276532676743,0
1,0.7265833176965723,1
0,0.0004164367580236116,0
0,0.6602208581250825,1
0,0.17731178944726703,0
0,0.39337157039913523,0
0,0.08545412477601315,0
0,0.006194295914385386,0
0,0.008500181692128583,0
0,0.5897942972462987,1
0,0.18386305131580094,0
0,0.1454770993285309,0
0,0.01805743361514859,0
1,0.47116256827033776,0
0,0.0153647162486462,0
0,0.0003302152872757601,0
0,0.743417890444769,1
1,0.8688145614593696,1
0,0.12436264125152509,0
0,0.6334847172944164,1
1,0.8773467150629176,1
1,0.8655326907150966,1
0,0.06082432436542189,0
0,0.7024619633058239,1
0,0.15872456912728575,0
1,0.8771873846388284,1
0,0.027926619015299307,0
0,0.1328160089911699,0
1,0.9703088692197597,1
1,0.7389220764812802,1
0,0.39820060900271254,0
1,0.5450857764874842,1
0,0.003498791488095674,0
0,0.01717956170430748,0
0,0.3265691329032468,0
0,0.6091896959360367,1
1,0.9664427380237903,1
1,0.2365040144095667,0
0,0.11820198090336083,0
0,0.8442508494486166,1
0,0.6385294062367775,1
0,0.631689198906781,1
0,0.0023983721536595137,0
0,0.048278641364274906,0
1,0.9865543287982144,1
1,0.9755781245269753,1
0,0.016953365104886122,0
0,0.007771523877137345,0
0,0.7422530872358551,1
0,0.1754225280716389,0
1,0.908353038558785,1
0,0.02366386487267602,0
0,0.39827418248810936,0
0,0.0987427896108415,0
1,0.12057844234466593,0
0,0.35034513680704127,0
0,0.7026314753300509,1
0,0.11570572922027045,0
0,0.003494306288291294,0
0,0.1606770496334724,0
0,0.4568958941152974,0
0,0.04681247456452386,0
0,0.0228377352970657,0
1,0.824283018609806,1
0,0.26756713423592715,0
1,0.11020877718948675,0
0,0.02327364851025155,0
0,0.1051858374664648,0
0,0.24706087935589102,0
0,0.3763093507344438,0
0,0.138361666654012,0
0,0.004694881894223206,0
0,0.061551786831436923,0
0,0.7609427642963164,1
0,0.05433064303352727,0
0,0.09048279564941863,0
0,0.011125098751270528,0
0,0.008888816602098993,0
0,0.014355475088666287,0
1,0.882178457235889,1
0,0.021136304997792992,0
1,0.4477125618949682,0
0,0.03318572937861169,0
0,0.42308952273700456,0
0,0.030768562100428335,0
0,0.003398648907386913,0
0,0.23422952340418438,0
0,0.011918116990718458,0
0,0.01556570623003779,0
1,0.9420741772395587,1
0,0.06462282349791756,0
0,6.0598209922097376e-05,0
0,0.4800842999852704,0
0,0.669590414791771,1
1,0.8703529652360366,1
1,0.9946777633692566,1
0,0.6474396623406097,1
0,0.0026241202295862135,0
0,0.05898118012209475,0
0,0.4076751821627453,0
0,0.24443823055545194,0
1,0.9745731841156346,1
1,0.9175586829418368,1
0,0.07262576960784928,0
1,0.941987941351046,1
0,0.21550392379286412,0
0,0.003027543158904686,0
0,0.26135242905192185,0
0,0.0010434781832731918,0
0,0.35394293523470527,0
0,0.05270687425442526,0
0,0.060125862464192395,0
0,0.1609660620131294,0
0,0.6844319701359839,1
0,0.1745564031710506,0
0,0.4945765997171457,0
0,0.03794552370749957,0
1,0.963247339502711,1
0,0.0010533437722966203,0
0,0.17204999282736758,0
0,0.07964658794061415,0
0,0.15782828933757562,0
0,0.042181711906689276,0
0,0.463973903787929,0
0,0.10382716808508553,0
0,0.2757298204976619,0
0,0.04013680852957979,0
0,0.11189176981866533,0
1,0.7398819535166206,1
0,0.14206464813115835,0
1,0.41711720001035285,0
0,0.0022139361588936726,0
1,0.8737907158794013,1
0,0.09765409617535491,0
0,0.4464145892682121,0
0,0.10356949085563956,0
0,0.1534488975329323,0
0,0.12569641264674247,0
0,0.3025756546917622,0
0,0.5108015958923522,1
0,0.041316063971107875,0
0,0.09447091110416199,0
0,0.3926279730178398,0
0,0.0019406174812039575,0
1,0.9864253344341645,1
0,0.004695240800381427,0
0,0.32021608104835575,0
0,0.5677143942979936,1
0,0.007224442966584264,0
0,0.7125257862454045,1
0,0.20221289552495347,0
0,0.6069411196594262,1
1,0.4071734801394754,0
1,0.528850576684618,1
0,0.2953083551109022,0
1,0.1279123057895884,0
0,0.005600711566623395,0
1,0.347677315172074,0
0,0.35478602617661253,0
0,0.8495774242743704,1
0,0.005879997295549613,0
0,0.5205907155350615,1
0,0.15368755140261833,0
0,0.5004662718213683,1
1,0.8708095782751498,1
0,0.0008568280610750643,0
0,0.02796776040438879,0
0,0.1289999963441359,0
0,0.08095963137205912,0
0,0.08677616526521288,0
0,0.04202310399190333,0
1,0.42112292175296406,0
0,0.0012701348749891118,0
1,0.2741546567696416,0
0,0.24511967030188936,0
1,0.362167561678789,0
0,0.0006905074496831368,0
0,0.01760522531309069,0
0,0.17556526049586366,0
0,0.07543023839974156,0
0,0.02579237799738756,0
0,0.0026864036584464995,0
0,0.03192793059334458,0
0,0.18738867088457592,0
1,0.6690114952453198,1
1,0.37430376564658613,0
0,0.02208103507048068,0
0,0.5916075086369939,1
1,0.7871277589042539,1
0,0.0050369194281460255,0
0,0.002853208347626407,0
0,0.029568597311522542,0
0,0.07155840571903124,0
0,0.002489707233176701,0
0,0.4353031391890688,0
0,0.6028858233074085,1
1,0.9228398867928426,1
0,0.17659801789910687,0
0,0.0016458741997127247,0
0,0.0527168530107797,0
0,0.0009603789276229417,0
0,0.0905601223583604,0
0,0.021646370325203036,0
0,0.17364165650528757,0
1,0.6725205008304879,1
0,0.27062792425565485,0
0,0.059449480081119395,0
0,0.7541795302408805,1
0,0.8221225956017443,1
0,0.6781593588472664,1
0,0.03554687580827545,0
0,0.00855757924755661,0
0,0.2574044658130317,0
1,0.8244229928028797,1
1,0.5840826350606554,1
0,0.007525778294779594,0
0,0.020992955733861982,0
0,0.05351233947960107,0
0,0.15423258378224872,0
0,0.4084556505389554,0
0,0.3032137331744102,0
0,0.16673412623811287,0
0,0.5480919436640029,1
0,0.0019552824519198917,0
0,0.006116506353795528,0
0,0.017175130296381014,0
1,0.8857997718125487,1
1,0.9846101270149381,1
1,0.9812954381469728,1
0,0.03622679628579441,0
1,0.8473679068141183,1
0,0.23154052865196406,0
0,0.20525595489361212,0
0,0.005408521417400041,0
0,0.5560939413478996,1
0,0.8568168266339758,1
0,0.010314371515906523,0
0,0.7532143884009724,1
0,0.09040226371625648,0
0,0.5171340506252005,1
0,0.2776844516394822,0
0,0.51322854840124,1
0,0.0006905074496831368,0
0,0.030584268244384236,0
0,0.08607511434500692,0
0,0.0485176317202442,0
0,0.7123109901762028,1
0,0.11942840086407211,0
0,0.0838470902364058,0
0,0.020627690584127868,0
0,0.2291738491802381,0
1,0.8499570840255303,1
1,0.7705746430801305,1
0,0.4468410278667012,0
1,0.9340805042641523,1
0,0.632183621796358,1
0,0.8221631388733027,1
0,0.03166211475039375,0
0,0.026724215998544326,0
1,0.8828673220455634,1
0,0.09449396560117343,0
0,0.06840052116816323,0
0,0.4845830081103178,0
0,0.04645231763467428,0
0,0.6499757579593197,1
0,0.04400731811337914,0
0,0.04442254548126638,0
0,0.10567761554857974,0
0,0.2645984632135028,0
0,0.1014819225822134,0
0,0.1853454562011789,0
0,0.00288900561887792,0
0,0.8101151555527275,1
0,0.24387076501083305,0
0,0.01544452587890178,0
1,0.827690763049922,1
0,0.0010864183678777207,0
0,0.32709362603183734,0
1,0.5026262739820972,1
0,0.009266103468695393,0
0,0.005731389371741633,0
0,0.2095886177161811,0
0,0.042206032367690986,0
0,0.00022113239112020946,0
0,0.04097418380430841,0
0,0.7744266494247498,1
0,0.46255917053110146,0
1,0.9204427120468546,1
0,0.02073849781976209,0
0,0.0986481427661021,0
1,0.769588055115907,1
1,0.831891362210824,1
0,0.0004712308842643679,0
1,0.4715595528544992,0
0,0.0013457807397956225,0
0,0.0016826646691038161,0
0,0.010911041991347278,0
1,0.7991523730794153,1
1,0.3200782605855085,0
0,0.5306566995987777,1
0,0.42914883360719236,0
1,0.8631834264043434,1
1,0.5543154314308641,1
0,0.07337480966353294,0
0,0.055303655876010265,0
1,0.7828824273633869,1
0,0.6805354048874265,1
1,0.2335221425755072,0
0,0.15548010621947395,0
0,0.6315097826675067,1
0,0.24734801404262824,0
1,0.6378398728766571,1
0,0.03503331746766311,0
0,0.0013086387495496675,0
0,0.2158378500371901,0
0,0.45929138312570605,0
0,0.03744815624103109,0
1,0.17706970685043044,0
0,0.5690328107364035,1
0,0.00011355240411170126,0
0,0.06171052852397378,0
0,0.17122888893137758,0
0,0.011722170811523543,0
1,0.6041586892262253,1
1,0.8365110113923131,1
0,0.3753654580567515,0
1,0.5756939310878476,1
0,0.2869012057715787,0
0,0.02329943293569762,0
1,0.6135299953956199,1
1,0.7635589043804191,1
0,0.025927398443186384,0
0,0.013509249576092126,0
1,0.8753922903907752,1
1,0.8070269447490037,1
0,0.00364247549581263,0
0,0.15025559029349106,0
0,0.18216354069416058,0
0,0.07523982529661759,0
0,0.022521062501210127,0
0,0.001633630064541875,0
0,0.009745974595738125,0
0,0.4669315809280959,0
1,0.9288922725655332,1
0,0.2503691148751944,0
1,0.3840452785298885,0
0,0.037628904045786914,0
1,0.6102944234364442,1
0,0.2829957267441463,0
1,0.4815113486247437,0
0,0.24446264202488563,0
1,0.5686572689027044,1
0,0.032940134725913804,0
0,0.548416468837485,1
0,0.09354924756554459,0
0,0.3646580163138063,0
0,0.016018658927192436,0
0,0.09561139217483738,0
0,0.3028320057781884,0
0,0.08665465568907119,0
0,0.24446364088062922,0
0,0.1650443438831664,0
1,0.885967033184916,1
1,0.9951659364517931,1
0,0.011033357117317457,0
0,0.01350091443550592,0
1,0.840206599797581,1
1,0.897022850336326,1
0,0.02453289403142587,0
0,0.24710864946194444,0
0,0.02383747544498085,0
0,0.6604301842577418,1
0,0.09374479563075906,0
1,0.8903044107664881,1
1,0.8425430771207257,1
0,0.008093147735578315,0
0,0.0031164317563237946,0
0,0.20013627432818548,0
1,0.32885510398981477,0
0,0.04271722963829934,0
0,0.5804416750362811,1
1,0.9032879988144382,1
0,0.04324050480038791,0
0,0.005311836860588198,0
0,0.09551460165580478,0
0,0.18635172895832075,0
0,0.19698208543754356,0
0,0.7531115405124175,1
1,0.026937657245935352,0
0,0.013857764285584884,0
0,0.22826984526810185,0
0,0.0024404985804174395,0
0,0.10188437923542802,0
0,0.026138520226865993,0
0,0.42155962985980483,0
1,0.3565685841566913,0
0,0.033692071894555004,0
0,0.04123373345953547,0
0,0.581852877899872,1
0,0.3930711175677209,0
0,0.7729559772832885,1
0,0.34161228350696793,0
0,0.010560596731182002,0
0,0.6371301366109242,1
0,0.5260072091318281,1
1,0.788951778909317,1
0,0.005356203015695441,0
0,0.05914648963312684,0
0,0.1720756462083809,0
1,0.9842946671353097,1
0,0.029885221350574424,0
0,0.022039772343914618,0
0,0.002466763609809238,0
0,0.014882913972441554,0
0,0.008212218600830316,0
0,0.7080205701256936,1
1,0.6678937839085939,1
0,0.06097583354884635,0
1,0.9180413327086772,1
0,0.3806835953126926,0
1,0.8954826011064777,1
0,0.11389304053034659,0
0,0.02328025056368264,0
0,0.07961610171312682,0
0,0.8486718039944121,1
1,0.8531120223025378,1
1,0.5024302010173638,1
0,0.05695915293703365,0
0,0.2728856987678455,0
0,0.0023020878568437713,0
0,0.047086659637350876,0
1,0.9828194843628978,1
1,0.9047528789639923,1
1,0.8385206929530677,1
0,0.0008947801245633852,0
0,0.3830050268524366,0
1,0.7827981435410518,1
1,0.8863180652364747,1
0,0.7914236057554362,1
0,0.12080647537075606,0
1,0.8402608592074341,1
0,0.03863608432754385,0
1,0.38536452925960657,0
0,0.4105409850197001,0
0,0.37920424748875897,0
0,0.15578659512463464,0
1,0.8170176725158278,1
0,0.014515704565703074,0
0,0.020162404276633423,0
1,0.9800879213732747,1
0,0.3375904478990067,0
0,0.001510291910573487,0
0,0.2296554894232996,0
0,0.041017505147061144,0
0,0.05136550375415771,0
0,0.0010825396253033924,0
0,0.11793561957829754,0
0,0.0642558388790416,0
0,0.0035445029622672365,0
0,0.5913818427206775,1
0,0.03563255730517881,0
0,0.3298957649141549,0
1,0.8985708967087955,1
0,0.2653205960941953,0
1,0.5670889156262856,1
0,0.27804549062536044,0
0,0.04467894382975715,0
0,0.0012289741793935084,0
0,0.03749591762330822,0
0,0.7377910194103394,1
0,0.7939615544003688,1
0,0.005821218825733787,0
0,0.7945426564010607,1
1,0.9827565338742543,1
0,0.521497822779668,1
1,0.4930088333339545,0
0,0.8234716130411095,1
0,0.002606344528963137,0
1,0.9878132392677252,1
0,0.8437519200941391,1
0,0.000841313597276336,0
1,0.8888878265875773,1
0,0.047753824058549575,0
0,0.555656002358298,1
0,0.6637233909088885,1
1,0.858947453946512,1
0,0.6243581683655817,1
0,0.31589907634358727,0
0,0.012424233809277681,0
0,0.0010191093520012765,0
0,0.5317709553841052,1
0,0.019328869426033814,0
0,0.3938805371109878,0
0,0.20833772005558684,0
0,0.11345675684371877,0
0,0.024441166216850482,0
0,0.12023325665452911,0
0,0.1261369546301196,0
0,0.22805405030845155,0
1,0.7692484653183712,1
1,0.9074372950460651,1
0,0.10314445632386937,0
0,0.7142553880504268,1
0,0.0062206874962624,0
1,0.9151509956565023,1
1,0.9319555306902555,1
0,0.002802651022688799,0
0,0.020407455985447118,0
0,0.050020183618214406,0
0,0.022765099875752072,0
1,0.7517110732740905,1
1,0.8903756825958656,1
1,0.3867690493765472,0
0,0.016941147871957128,0
0,0.4195465106517672,0
0,0.025862008607352355,0
0,0.5925647487108108,1
0,0.2725619386510356,0
0,0.02009169896111052,0
0,0.3278984104406832,0
0,0.06578007136576478,0
0,0.35732766468438837,0
0,0.5869809726453589,1
0,0.5140420936760589,1
0,0.22244335687853123,0
0,0.21236355690200914,0
0,0.031670956397510365,0
1,0.45971308360666996,0
1,0.8441919425048127,1
0,0.8937800894799109,1
0,0.3146130189768612,0
1,0.7076607943567317,1
0,0.0020330128701119524,0
0,0.8366560897410689,1
0,0.26779239086322293,0
0,0.008753280082427633,0
0,0.025859661016387536,0
0,0.17695762996469272,0
0,0.06731708906150378,0
0,0.10586674549214938,0
1,0.3632334119695168,0
0,0.38176766797125117,0
0,0.014775262613002512,0
0,0.028630406931825416,0
0,0.7015526908824569,1
0,0.04369853766528806,0
1,0.8835310051608227,1
0,0.13867187846770765,0
0,0.3802024352133403,0
1,0.5183768568950932,1
0,0.026924252387749672,0
0,0.3580090757742148,0
1,0.9916868410918539,1
0,0.0942749593765901,0
0,0.6492362348746928,1
0,0.5360327189939166,1
0,0.738144778064171,1
0,0.0706074103718505,0
0,0.007873715296908968,0
0,0.12744683303119564,0
0,0.002470526933905187,0
0,0.0349533279810351,0
1,0.4742641408549931,0
0,0.06775584782072656,0
0,0.0015364354407384061,0
0,0.7984139824770706,1
1,0.31835246452989135,0
0,0.15444246454564406,0
0,0.8970552021864391,1
0,0.00392643364434806,0
0,0.6146511091064671,1
0,0.2946748246577624,0
0,0.02657260567340046,0
0,0.04014316087334165,0
0,0.004994236848118553,0
0,0.2708655909766976,0
0,0.009507457881316558,0
0,0.051207153021804355,0
1,0.9803175326074015,1
0,0.01727119023496726,0
0,0.18467290724920402,0
0,0.6243202074617659,1
0,0.008435230525948497,0
1,0.8016643578374997,1
1,0.5147735537207213,1
0,0.019557737572659377,0
0,0.11588486130819159,0
1,0.804884767501867,1
0,0.11099816348815038,0
1,0.2516283017621227,0
1,0.971446788487562,1
0,0.016644839263619857,0
0,0.8869096402944752,1
1,0.7356929614326713,1
0,0.2606830391655507,0
0,0.06750488095617235,0
0,0.023067447540778867,0
0,0.30247116940769647,0
0,0.3661017474271632,0
0,0.7978922315438394,1
0,0.04032710049996082,0
0,0.08330631318110157,0
0,0.3241632655797452,0
1,0.7447854615592111,1
1,0.9804232203589557,1
0,0.02016055837891406,0
0,0.1437039881682074,0
0,0.0251560166305523,0
0,0.7859707916108661,1
0,0.2869106643180425,0
0,0.40572073367801453,0
1,0.15443184086564074,0
0,0.12923528052775055,0
0,0.43600360245906483,0
0,0.6442183301933748,1
0,0.5235587157298657,1
0,0.11816127842478878,0
0,0.019487624523457092,0
0,0.006970324559693542,0
0,0.2908696775992992,0
0,0.09688243585942576,0
1,0.40815395062373117,0
0,0.06608235420584635,0
1,0.9785717754555138,1
1,0.7448203686450953,1
0,0.27295345133509485,0
0,0.925293273113567,1
0,0.21168870103843726,0
0,0.24258767834891776,0
0,0.66926917020999,1
0,0.07739387477701751,0
1,0.5260354456796612,1
0,0.055511722347751064,0
0,0.7699252393629012,1
0,0.05779512671564207,0
0,0.0812648861045684,0
0,0.029828214860816438,0
0,0.49363342703042984,0
1,0.4827901543109424,0
0,0.006869899694935759,0
0,0.020312210401110604,0
1,0.2065508978766274,0
1,0.7377535707662191,1
0,0.14691802135946908,0
0,0.615109680792469,1
0,0.03442261548484105,0
0,0.007438452115597295,0
0,0.0069230203961912935,0
0,0.5604772005996289,1
1,0.8599968008063356,1
0,0.11803142789313595,0
0,0.22876878429990996,0
1,0.7270054597040485,1
1,0.8289062255040299,1
0,0.5610043607926074,1
0,0.41406473119657133,0
0,0.06655219981405819,0
1,0.6528106311242683,1
1,0.4752918040664923,0
0,0.5609851097992976,1
0,0.007967309118625974,0
1,0.8075396993526754,1
0,0.028804815469340397,0
0,0.16837841951948324,0
0,0.7961601807796385,1
0,0.0053836367778666875,0
0,0.42479638876078046,0
1,0.9059578617175498,1
0,0.6282269831337595,1
0,0.7099645361746234,1
0,0.16185313898808704,0
1,0.886058001405209,1
0,0.0520449089502192,0
1,0.29159751851143784,0
0,0.40710895081906545,0
0,0.6143225307589119,1
0,8.244761134150564e-05,0
0,0.29060934866868987,0
0,0.10194758999955358,0
1,0.8588453451694598,1
1,0.86612725619245,1
0,0.3967370417108423,0
0,0.02241997416743637,0
1,0.8429170211882394,1
0,0.11162747288955074,0
0,0.8578219438000193,1
0,0.2929589439967381,0
0,0.0036943300319852144,0
0,0.004543963323719891,0
1,0.6439504714116178,1
1,0.23690370177102987,0
0,0.32044652147190417,0
0,0.16215455057260433,0
0,0.012388211004521622,0
0,0.0011271405709216387,0
0,0.0674132919150454,0
0,0.11137029119011801,0
1,0.6201812889624515,1
0,0.4666868278091519,0
0,0.26287537614848167,0
0,0.13010891239363806,0
0,0.19505002873868982,0
1,0.9491132147887575,1
1,0.8150676976189073,1
0,0.012601759322521817,0
1,0.7835543481761787,1
0,0.06381058126956615,0
1,0.20175535054983856,0
0,0.03701871715447095,0
0,0.17821551178118428,0
0,0.7216248669773293,1
0,0.015063937856043558,0
0,0.14052832940439364,0
1,0.633695578843544,1
0,0.2313747629142516,0
0,0.35367746888403107,0
0,0.7796510967941553,1
0,0.26292333856954975,0
1,0.9804526977567904,1
0,0.00863516623384169,0
0,0.043392078363336285,0
0,0.1567298101544834,0
0,0.3217640013343961,0
0,0.06095300038524185,0
0,0.19165826204348596,0
0,0.03982251016117487,0
0,0.43868801062740287,0
0,0.020446407445755977,0
0,0.21268584192893858,0
0,0.8240766497019555,1
0,0.1863199208894842,0
0,0.0019538368094456984,0
0,0.49342865283944365,0
1,0.7714775902900247,1
0,0.4957730063658337,0
1,0.7104755372344401,1
0,0.044622472780716994,0
1,0.45057016395887434,0
0,0.0011598657895163782,0
0,0.0553225450613111,0
1,0.2360924922749069,0
0,0.13696896569815425,0
0,0.26103621758312223,0
1,0.6134102423033393,1
0,0.5043912269782502,1
1,0.6413751886114303,1
0,0.010144678049477197,0
0,0.40066806331142873,0
0,0.004994261548044139,0
0,0.00689654276032763,0
0,0.7022417339051333,1
0,0.005733368562087365,0
0,0.7222567061672518,1
0,0.5853624843060513,1
0,0.22901696803807434,0
1,0.6734699212191092,1
0,0.1742475368627293,0
0,0.3421089084046733,0
0,0.08400905614142505,0
0,0.0024166544999872637,0
1,0.8783030233123021,1
1,0.576712965427422,1
0,0.026966408654169386,0
0,0.5531344683233321,1
0,0.02031915230779718,0
1,0.8900373885406282,1
1,0.9819137098147436,1
0,0.5277202315657903,1
0,0.01699620397606378,0
1,0.8309287780381158,1
0,0.013699936636565685,0
0,0.008831789351284414,0
0,0.02581123401117897,0
0,0.45213394543998997,0
0,0.005938239104775717,0
0,0.0029871944263844597,0
0,9.267420907120254e-05,0
0,0.23492295917016676,0
0,0.023239753954238863,0
0,0.05249282943427981,0
0,0.7703575000276007,1
1,0.8839766081618948,1
1,0.918694927876718,1
1,0.6195284157452571,1
0,0.2061792062777221,0
0,0.16093813437881754,0
0,0.26514332643909083,0
0,0.010859889667823381,0
0,0.18254776505060052,0
0,0.010046776051692137,0
1,0.685377775758577,1
0,0.554005885913969,1
0,0.04804881233152009,0
0,0.24442751442029764,0
1,0.7271365974628388,1
0,0.03477878094254181,0
0,0.3432592354217743,0
0,0.013149689274450904,0
0,0.5806309687770259,1
0,0.0777443040097264,0
0,0.055195968291450015,0
0,0.3437673692054858,0
0,0.5484822505843765,1
0,0.0412553405432254,0
0,0.016677338058129827,0
0,0.013521665194141193,0
0,0.026990178063701464,0
0,0.17742179731632002,0
0,0.8297952738136251,1
1,0.8484026015427605,1
1,0.6452719263190961,1
0,0.016164451141976274,0
0,0.8631550710792307,1
0,0.029637174859245767,0
0,0.14385102761444582,0
0,0.16248748315352085,0
0,0.017574063093760493,0
0,0.027482113032066893,0
0,0.6621521828239375,1
0,0.4067833382829246,0
0,0.2568756149625448,0
0,0.5392799266238596,1
0,0.0019647975698430654,0
1,0.6925647094203283,1
1,0.20182625931191903,0
1,0.8949575050323941,1
0,0.0016965308584011814,0
1,0.5405823475563865,1
0,0.022988362394737307,0
0,0.01879468518636584,0
1,0.6707732965776093,1
0,0.018414204722930247,0
0,0.8002372995817996,1
0,0.060534491530307155,0
0,0.11468198584748779,0
1,0.32997283780542225,0
0,0.010089665162930585,0
1,0.7251998874217835,1
0,0.3012084898467349,0
0,0.006695595861262477,0
0,0.6144060310067684,1
0,0.16818162116240992,0
0,0.4489976482667478,0
0,0.2519576338976937,0
0,0.021648987677758125,0
0,0.36780527281006875,0
0,0.9111433862832841,1
1,0.9559256897463689,1
1,0.8146361816999648,1
0,0.7111279653224565,1
0,0.002094842705472554,0
0,0.0894766031819007,0
0,0.0021332065925292517,0
0,0.34267188265273013,0
1,0.8856016619209163,1
1,0.2450027445829434,0
0,0.430475570523852,0
1,0.8097821345110863,1
0,0.1124194369780268,0
0,0.004042688586209563,0
0,0.06133769108353018,0
0,0.005306850735430121,0
0,0.015714418196226175,0
1,0.8817240439595294,1
1,0.8102286086170905,1
0,0.05158737465957789,0
0,0.4600985595569053,0
0,0.010935761697483509,0
0,0.17064012799352327,0
0,0.217957708009772,0
0,0.009161814821135967,0
0,0.3634456558161233,0
0,0.01633519481179408,0
0,0.3084675636335943,0
0,0.054955406611596966,0
0,0.009672422247808928,0
1,0.8465356490847195,1
1,0.7632198660900738,1
0,0.46130593831981714,0
0,0.03262107306074495,0
1,0.9546409668512967,1
0,0.018004434613799556,0
0,0.6444848360208733,1
0,0.6122816675216382,1
0,0.011632363288759457,0
0,0.0012426369030929252,0
1,0.7429934062202993,1
0,0.010888272331945701,0
0,0.3665774622359738,0
0,0.26545476208037644,0
0,0.08602946713186517,0
0,0.01756525856382682,0
1,0.3619203254935026,0
0,0.8052218332961134,1
0,0.07655396163765422,0
1,0.8873465094648679,1
1,0.5249050272593356,1
0,0.1456943011797383,0
0,0.1319629616925822,0
0,0.4575843855012826,0
1,0.8849531480918952,1
0,0.05799297985884641,0
0,0.0670219633083511,0
0,0.5933496591130174,1
0,0.22031163737234863,0
1,0.7501866775998348,1
0,0.4025709845623854,0
0,0.014473119092746588,0
1,0.9787062921433118,1
0,0.23208172003792948,0
0,0.17557411110116683,0
0,0.7136083000873586,1
0,0.1663114361947899,0
1,0.9794606344885715,1
0,0.0004480664404644924,0
0,0.1536690198847586,0
1,0.3380377152377976,0
0,0.8711317545773606,1
0,0.5059074199886952,1
0,0.017168687537367326,0
0,0.026871101099873562,0
1,0.6814704932717569,1
0,0.6310653417110283,1
0,0.3052008817346037,0
0,0.7402503628023848,1
0,0.1565551908409776,0
0,0.2867322021593705,0
1,0.8953836616043463,1
0,0.04916829331753154,0
0,0.08248821565196048,0
0,0.2272825937238719,0
1,0.6332617870624012,1
0,0.2900810250113467,0
0,0.011601973023606379,0
0,0.02749746689285259,0
0,0.05288366052736386,0
0,0.03589236160724236,0
0,0.08986013195174651,0
0,0.7008026136272735,1
0,0.30866030266528666,0
0,0.172060935996752,0
1,0.833352764889091,1
0,0.12340332128164609,0
0,0.01890602934863771,0
0,0.7760816827440524,1
0,0.368114653154948,0
0,0.10566102628764186,0
0,0.3281190700044588,0
1,0.8708811001613155,1
0,0.14475142096500856,0
0,0.43462531754101946,0
0,0.7145444712997344,1
0,0.34973398675080336,0
0,0.596389256153482,1
0,0.5571137256749021,1
0,0.8707294135725827,1
0,0.044302886904204704,0
0,0.008597178356546241,0
0,0.004000236851819243,0
0,0.0023850008092743207,0
0,0.7673244231121125,1
1,0.9697234676011312,1
0,0.2942005332979014,0
1,0.8942173769369702,1
0,0.022237621002035475,0
0,0.0020903880509599054,0
0,0.14129873242278224,0
0,0.04611529104826741,0
0,0.6571926026794735,1
1,0.2712534052660468,0
0,0.05261524535094601,0
0,0.5798151888169939,1
0,0.040752645844079956,0
0,0.11556958568705192,0
0,0.1248378098724646,0
0,0.0071296621011598515,0
0,0.00399396129622975,0
1,0.9547777886357203,1
1,0.7319760571597631,1
0,0.5534994205354622,1
1,0.703720011711203,1
0,0.03331055935418594,0
1,0.617568274894793,1
0,0.2038114559677336,0
0,0.0015573350335399397,0
0,0.09311752007389032,0
1,0.50441074458915,1
1,0.5744022327084827,1
0,0.0701268507292749,0
0,0.7524326147937307,1
0,0.27562558904812334,0
0,0.34938022481064646,0
0,0.15621724134250628,0
0,0.40688707769727384,0
0,0.029624861722753987,0
0,0.6701122224852457,1
0,0.6191942483357415,1
0,0.3723993006736862,0
1,0.8657996475002716,1
0,0.11163483460743495,0
1,0.8356255836558776,1
1,0.6291563865118674,1
1,0.8438353282704636,1
0,0.322740744423539,0
1,0.6082572321452455,1
0,0.0490751088206506,0
1,0.9962117029484726,1
0,0.11595874769977867,0
0,0.018471593284682158,0
0,0.0010848077176734909,0
0,0.019007905632297827,0
1,0.23478154929013434,0
0,0.12451019754951313,0
0,0.17318216900972028,0
0,0.025192140196105724,0
0,0.5103401077353974,1
1,0.8329136303583838,1
1,0.543877941271382,1
0,0.009820271929051057,0
0,0.007662381961119868,0
1,0.7870285205879997,1
0,0.08692584052971515,0
0,0.5134813418093597,1
0,0.12209922735298367,0
0,0.17041289473770077,0
0,0.37819807103303327,0
0,0.08685582121791498,0
0,0.37432203126804797,0
0,0.0024448414769379203,0
0,0.04996483299196521,0
0,0.49502564523060555,0
0,0.054781322608567266,0
0,0.014619029152370497,0
1,0.9869033217724543,1
0,0.037069260655271004,0
1,0.9902239828443186,1
1,0.4494843671636074,0
0,0.7040220069031052,1
0,0.11709211979615491,0
0,0.38994858959722156,0
0,0.005476626453520819,0
0,0.05504200823923253,0
0,0.6143665963718958,1
1,0.19257063142748795,0
0,0.009687852546947035,0
0,0.14778951199374432,0
1,0.9835034981800971,1
0,0.10020728328777166,0
0,0.0072093417405305026,0
1,0.8690918165300405,1
0,0.5351800160725527,1
0,0.013103528820276794,0
0,0.43865154887000346,0
1,0.4301206440018086,0
0,0.10096777559097218,0
0,0.454782517744344,0
1,0.8786953229302986,1
1,0.9100320418345292,1
0,0.3477179012582553,0
0,0.2318108995418497,0
1,0.7178111202262398,1
0,0.31314758929387154,0
0,7.890717828870675e-05,0
0,0.11799375135708487,0
1,0.13257378051548982,0
0,0.08318755873159492,0
0,0.050419580340669456,0
0,0.3528282421207605,0
0,0.17022204116490441,0
0,0.8440911988708155,1
1,0.3994697954564318,0
1,0.1684482262327729,0
0,0.0021455403497441443,0
0,0.8238110300363204,1
0,0.00841482706869773,0
0,0.037246872116203686,0
0,0.01046460782543306,0
0,0.10377941774815966,0
0,0.04432795061025849,0
1,0.679206824431129,1
1,0.9335533532368216,1
1,0.6954542916956717,1
0,0.3738945489540023,0
1,0.3658736099543994,0
1,0.903407505064798,1
0,0.2258125558656232,0
0,0.034734840728550216,0
0,0.0002466869728959291,0
1,0.6392637921845157,1
0,0.21105420542512243,0
1,0.9062466217154084,1
0,0.13781601501461765,0
0,0.31305544551751757,0
0,0.03189288137016923,0
0,0.3186141203452662,0
0,0.6207779098988895,1
1,0.5208446903424929,1
0,0.7323422358047192,1
0,0.005856763770794273,0
0,0.4910644870189112,0
0,0.02401279992901405,0
0,0.7951614903973071,1
1,0.644868521761657,1
0,0.5315044304912614,1
0,0.036542117379205014,0
0,0.2731733519148919,0
0,0.0002147179762770522,0
0,0.0022034254083623337,0
0,0.3327195205043683,0
0,0.10082503097593973,0
1,0.5325674051185589,1
0,0.6633148261315086,1
0,0.29775772216129565,0
0,0.8287260523330223,1
0,0.14017638038284785,0
0,0.014038014886261073,0
0,0.17713793545035592,0
0,0.03504845548351576,0
0,0.08207377029452594,0
0,0.04962230072385936,0
0,0.03391645965990234,0
0,0.10286395883827919,0
1,0.7522616988231003,1
0,0.2792083433983274,0
0,0.5184297113723901,1
0,0.00399305610973624,0
1,0.8620281146982827,1
0,0.5585373957468253,1
0,0.007304561784455683,0
1,0.8555841179635298,1
0,0.004881451654760242,0
0,0.006718635830708403,0
1,0.6608790413061234,1
1,0.7050545867066718,1
0,0.26701960277209946,0
1,0.5618989414905315,1
0,0.1531779595898723,0
0,0.01357854882119061,0
1,0.86162021151725,1
0,0.0173523665091322,0
0,0.27655902410739924,0
0,0.03827140052287794,0
0,0.1174113859217143,0
1,0.3283371789421139,0
0,0.26687646025941597,0
0,0.5493664798485093,1
0,0.07813555135881751,0
1,0.6121873019570313,1
0,0.007795976897900153,0
1,0.8446957432101304,1
0,0.3559346852697316,0
0,0.2198729923147529,0
0,0.2571823684874965,0
1,0.5660875592735126,1
1,0.8066777407921493,1
0,0.01227511305934262,0
1,0.4436760209153572,0
0,0.28499110052144555,0
0,0.08157018606665761,0
0,0.5858458395371685,1
0,0.20486100302799137,0
1,0.9666889836938957,1
1,0.5261127382548255,1
0,0.21308141901139657,0
1,0.9916757796061135,1
0,0.8526851914155824,1
0,0.000846974359667396,0
1,0.1987546772748048,0
0,0.3525224425742485,0
0,0.4849187505062116,0
0,0.02881194001169064,0
0,0.5800326101891057,1
0,0.07373431463759554,0
0,0.05245603145678116,0
0,0.5840813858494194,1
0,0.01392589002258793,0
0,0.00187985170922196,0
0,0.06252739384293411,0
1,0.8262280900637627,1
0,0.03939349343997497,0
0,0.0023630858291241114,0
0,0.7494439544969007,1
0,0.2658266328609805,0
0,0.001207654032099489,0
0,0.652062394616637,1
1,0.8058764122719458,1
0,0.000155793573053999,0
1,0.8958026959819483,1
0,0.4393553163863713,0
1,0.370010485614275,0
0,0.32476196137322216,0
0,0.2530949943017884,0
1,0.5248189295357587,1
1,0.6559541529458635,1
0,0.45422248292614154,0
0,0.006430807818139762,0
0,0.49070209313901825,0
0,0.4356173718452998,0
0,0.018512971748318063,0
1,0.6585748117391416,1
0,0.006143081167946287,0
1,0.5403619755213099,1
0,0.12206514625599378,0
1,0.8667755400609116,1
1,0.871707555271146,1
1,0.9717943967129841,1
1,0.18039576122347672,0
0,0.2814147375492552,0
0,0.0007230796060904747,0
0,0.08440922644932128,0
1,0.6730586893569735,1
0,0.005374431361292144,0
1,0.5780275009603594,1
0,0.15226352674462287,0
1,0.6120693667389826,1
0,0.061692028341746204,0
0,0.5732553252821788,1
0,0.3787757197437237,0
0,0.0864485594654782,0
1,0.9063023433513663,1
0,0.011727100651321766,0
1,0.7231440314048342,1
0,0.02786747798617066,0
0,0.21217733401164898,0
1,0.9176509611697635,1
0,0.16671445753605965,0
0,0.23956684064490266,0
0,0.0007119410047331647,0
0,0.22738490503263922,0
0,0.626919190762019,1
1,0.5970941571298931,1
0,0.5371130804621949,1
0,0.5984906670036333,1
0,0.340832467195035,0
0,0.017081226133272908,0
0,0.012653754885288714,0
0,0.25335012537077417,0
0,0.01285039556683798,0
0,0.504673358942791,1
1,0.9855118920877474,1
0,0.22517554765022874,0
0,0.01571441995242206,0
0,0.15901127799250872,0
0,0.16630573233420054,0
0,0.6652459473174036,1
1,0.9892237760526101,1
1,0.990385017399192,1
0,0.24521208970986202,0
1,0.894686042014648,1
1,0.45713756182301496,0
1,0.8767446122574339,1
0,0.6485021357795246,1
0,0.0053441161386134604,0
0,0.0003254774221094019,0
0,0.00248416251754714,0
0,0.038481239274576966,0
0,0.39932275418964686,0
0,0.013802746367916528,0
0,0.24955149620289915,0
0,0.6408829119160757,1
0,0.06280345648509417,0
0,0.05759025202058818,0
0,0.5711326295174327,1
0,0.0011708393772648317,0
0,0.012636302385595717,0
0,0.019208993074358235,0
0,0.15998932385284043,0
0,0.14591101579902996,0
0,0.009275836542746118,0
0,0.27184606227342184,0
0,0.3111378782578201,0
0,0.14652056216013784,0
0,0.10172257659867684,0
0,0.0006905074496831368,0
0,0.4126257054597261,0
0,0.00018889150782454075,0
0,0.37192167776315804,0
1,0.6389463270559423,1
0,0.09889713737101982,0
0,0.028723413384775243,0
0,0.40240089508296045,0
0,0.47461574133644036,0
0,0.03109970008831336,0
0,0.0017656636157704802,0
0,0.5449741777394166,1
1,0.641063917007295,1
0,0.0005973935961347787,0
1,0.6439949670485562,1
1,0.9406638833747731,1
0,0.004275822773469168,0
1,0.9415654360961438,1
0,0.6137051802898505,1
0,0.31422492032661786,0
0,0.3760138537586935,0
0,0.48069493752852177,0
0,0.5545682285556932,1
0,0.6677533698432063,1
0,0.0021150224509298523,0
0,0.04016967573943775,0
0,0.6768158758350704,1
1,0.8630184500836993,1
0,0.01106612236795524,0
0,0.005312302602643424,0
0,0.44964182058755386,0
1,0.5729851393990543,1
0,0.026890353202920003,0
1,0.7308473328035848,1
0,0.19780668974579188,0
0,0.11244419244880327,0
0,0.06730402500872558,0
0,0.295859880008941,0
0,0.041328439858362875,0
0,0.028270719897922476,0
0,0.18876541764192975,0
0,0.24842505904576914,0
0,0.09159616279989684,0
1,0.9853989451208577,1
0,0.3466711018005085,0
0,0.023066290313435177,0
1,0.5602889697071661,1
0,0.4291877731930625,0
0,0.08192823285190697,0
0,0.4224549265107694,0
0,0.15256470538526373,0
1,0.5299225182176809,1
0,0.7890703259932645,1
0,0.11916769377903402,0
0,0.5875791315142072,1
0,0.2035168740739201,0
0,0.30867246790555436,0
0,0.0007119410047331647,0
1,0.8807821993368511,1
0,0.12707513718001043,0
0,0.03065484192784411,0
0,0.23934655626582962,0
0,0.17241594203401112,0
0,0.3090044773266334,0
1,0.8313632181820277,1
0,0.39731866270623434,0
1,0.25838426670561254,0
0,0.09785767831749177,0
0,0.007823566701579101,0
1,0.8355543882894141,1
0,0.002862654243114962,0
0,0.31242795693352476,0
0,0.0024498536986578517,0
0,0.3208545229925027,0
0,0.02046743309863268,0
0,0.11865117850968637,0
1,0.9069752764954666,1
1,0.959091648789021,1
0,0.005720108127894363,0
0,0.2803445338219914,0
0,0.9149784799109356,1
0,0.22291212129990232,0
0,0.007367011997464119,0
0,0.23027382870349836,0
0,0.2730083781009917,0
0,0.0016047740341304628,0
1,0.7921822577340966,1
0,0.11734236223498534,0
0,0.5316252963225202,1
0,0.1706648252509158,0
0,0.04300024021278171,0
0,0.04137693213720159,0
0,0.8960555501668089,1
0,0.008269181009955813,0
0,0.003918570472166028,0
0,0.4645722625180315,0
1,0.11692557678611419,0
0,0.8622982678626806,1
0,0.8693059622180315,1
1,0.715626124653921,1
0,0.008338236118887562,0
1,0.7694857826420723,1
0,0.010970042349884003,0
0,0.04297083088167075,0
0,0.23562154637817842,0
0,0.06087053624435677,0
0,0.22038941523445252,0
0,0.1898392387909558,0
0,0.23903069322581075,0
0,0.0812636614279076,0
0,0.10649052302221802,0
0,0.07426484519937596,0
0,0.18435443062039367,0
0,0.4542850989564233,0
0,0.01811079951469242,0
1,0.7325165111374349,1
1,0.6573148599678791,1
0,0.2002385873843763,0
1,0.9264027834479858,1
0,0.7109144467686435,1
0,0.037027270406281836,0
0,0.2941056165909175,0
0,0.5108903935705447,1
0,0.24961121759359428,0
0,0.22492620801110463,0
1,0.07127253640422866,0
0,0.3218278713516193,0
1,0.4961694970390923,0
0,0.03170004449678635,0
0,0.29218590930770577,0
0,0.026159171391852257,0
1,0.656599871089421,1
0,0.0036846994343264815,0
0,0.3783529183337168,0
1,0.9017210308606299,1
0,0.05071103878752425,0
0,0.648675456263537,1
1,0.3154738550707387,0
0,0.12680795311008575,0
0,0.14618024017122253,0
0,0.009349174377813225,0
1,0.8668867923072208,1
1,0.642848335700282,1
0,0.04335966767114489,0
0,0.19046695166048194,0
0,0.0464346575108768,0
0,0.367067722825164,0
1,0.7514889038262502,1
0,0.8049639171543055,1
1,0.8484725504903161,1
1,0.958420628645807,1
0,0.4180154187868803,0
0,0.030528387095583382,0
0,0.5619715915514633,1
0,0.4721370330847403,0
0,0.44112157769487725,0
1,0.9267753280228714,1
1,0.4199054834623337,0
0,0.011460075369397145,0
0,0.1946474877280132,0
0,0.028639897312402803,0
1,0.48494243736938436,0
0,0.1703317320517976,0
0,0.13519654485917748,0
0,0.008404083185458737,0
1,0.7780345568822375,1
0,0.00012206993693301601,0
0,0.008396554286433948,0
0,0.4727351447255447,0
1,0.7969310012439942,1
0,0.0481305669348083,0
0,0.41830788602628144,0
0,0.17747627400821014,0
1,0.6478236454716889,1
0,0.6748307205685425,1
1,0.3886296109780746,0
0,0.5152284435142409,1
0,0.022507457211512292,0
0,0.07263131624104319,0
0,0.0018041859121352144,0
0,0.04801799475087353,0
0,0.017491441576874493,0
0,0.008844155569069034,0
0,0.1710436806859353,0
1,0.9876926603520616,1
0,0.0013145717924702418,0
0,0.11662244157706086,0
0,0.5323481022407301,1
1,0.7818271649544749,1
0,0.7797719367925436,1
0,0.003794929425826366,0
1,0.8539669164577254,1
0,0.0020001279958231665,0
0,0.022720188522621625,0
0,0.6914470351324247,1
0,0.3168419008617083,0
0,0.0010690248918319221,0
0,0.054869703470450636,0
0,0.30018452777178606,0
0,0.03155157659201887,0
0,0.03138476974641378,0
0,0.2957495618799172,0
0,0.12245373563473815,0
0,0.006822405533475814,0
0,0.464591011776337,0
0,0.2175536679030266,0
0,0.18974076414294003,0
0,0.047965634052175535,0
0,0.011714691519682616,0
0,0.03991216723147342,0
0,0.017847846838710015,0
0,0.04082549182576948,0
1,0.9933876541319354,1
0,0.0026787863421541005,0
0,0.005458199578793285,0
0,0.03439593696533493,0
0,0.16415352294135235,0
0,0.03266458283018549,0
1,0.6610396489596847,1
1,0.8691629589642016,1
0,0.5236128156864516,1
1,0.5143488041298668,1
0,0.1988843205739042,0
0,0.011422671263380426,0
0,0.45683405233885716,0
0,0.2538775981767058,0
0,0.0581852729622984,0
1,0.8845169167225703,1
1,0.9620263094848288,1
1,0.5620161626746648,1
1,0.8087784378370586,1
0,0.2854873318942754,0
0,0.5994816065171793,1
0,0.6062494783307131,1
0,0.35592440145556314,0
0,0.1463846451476355,0
0,0.2902712267551468,0
1,0.4791652506841668,0
0,0.04006165623558787,0
0,0.19489280440226706,0
0,0.41655167038790214,0
0,0.07556747335250454,0
0,0.0037908032103839253,0
1,0.9768134958512711,1
0,0.04881224589163528,0
0,0.44343718225974804,0
0,0.2970680138897933,0
0,0.20185897167833075,0
0,0.5331518509628645,1
0,0.014791966341958309,0
0,0.11277644328702323,0
0,0.7008332391622092,1
1,0.49571349431211426,0
0,0.8291623200921729,1
0,0.2370865571963173,0
1,0.8169263756009923,1
0,0.46106345584145375,0
0,0.005400571891187352,0
0,0.02247608499235275,0
0,0.00893546162911191,0
0,0.16903753502393157,0
0,0.08030075265833435,0
0,0.3988683302942597,0
0,0.04601622908006646,0
0,0.2220201539259702,0
1,0.8546221015929268,1
1,0.2292448862354341,0
0,0.00618031268240019,0
0,0.05476656643297338,0
0,0.0009230301583499969,0
0,0.07680323351005944,0
1,0.9124649131799761,1
0,0.187822413162827,0
0,0.6890251636765702,1
0,0.8578415273385352,1
0,0.3111416983303139,0
0,0.039869607844221076,0
0,0.15936150723561288,0
0,0.12923886028113465,0
0,0.5285040238944564,1
0,0.3739016413070124,0
1,0.8986013785415342,1
0,0.1881295936833271,0
0,0.40479428204679524,0
1,0.8130971208981613,1
1,0.9380250660568931,1
0,0.230425460615491,0
0,0.16515404550722157,0
0,0.037110486762483026,0
0,0.018244877632968934,0
0,0.0949437198257748,0
0,0.4013825154626798,0
1,0.3538286559377344,0
0,0.7732647386061624,1
0,0.4005860047019037,0
0,0.0025990588195990787,0
1,0.5912318395693485,1
0,0.05260863738428711,0
0,0.5764585496477327,1
0,0.0012701348749891118,0
0,0.11003392685200238,0
1,0.9310957891524267,1
0,0.0024312772175718424,0
1,0.3800729813828436,0
0,0.06284376129963404,0
0,0.1516292510927056,0
0,0.21504686798155215,0
0,0.4853748200314703,0
1,0.24389915345683283,0
0,0.6029474559717697,1
0,0.5876588521886892,1
0,0.0691803598873824,0
0,0.2826368243608016,0
0,0.12864920990310438,0
0,0.39145211755282866,0
0,0.5578245386929227,1
0,0.7783531452966368,1
0,0.5135946457249638,1
0,0.2031723242034122,0
0,0.3095965983721448,0
0,0.23881034584134586,0
0,0.5541826587046262,1
0,0.03153043274211014,0
0,0.0360766646893493,0
1,0.6629368629692841,1
1,0.9930791901938714,1
0,0.023827084621902684,0
0,0.07608698789529787,0
1,0.14316179276786192,0
0,0.0009445331130684464,0
0,0.792986323439492,1
0,0.2093463223814808,0
0,0.41684722266303076,0
0,0.2412340356229551,0
0,0.3333608917344025,0
0,0.03381530760063658,0
0,0.0007927497625793851,0
1,0.6733071681430566,1
1,0.3890216145458945,0
0,0.04458282914700681,0
0,0.8706512144924439,1
1,0.892593147634364,1
0,0.4208202559894971,0
0,0.020556394987730903,0
0,0.14178592394228456,0
0,0.7006931638086412,1
0,0.01148896874024786,0
0,0.4624613300457608,0
0,0.018882247715893932,0
0,0.21180657638095154,0
0,0.13632668758673147,0
1,0.8226810973213562,1
0,0.07785371910092581,0
1,0.8377381941579717,1
1,0.8871175787148764,1
0,0.8226570492688877,1
1,0.9034899777592189,1
1,0.9487752386141991,1
0,0.18401861335482558,0
0,0.06259263657305089,0
1,0.8425557751079769,1
0,0.00945687829998567,0
0,0.009816153042306245,0
0,0.1562141282302217,0
0,0.09392075522837275,0
0,0.04747174636682019,0
0,0.5508796519787112,1
0,0.2045181231630222,0
0,0.30300441909709314,0
1,0.03816018503002128,0
0,0.011257984233929675,0
0,0.43310227102154897,0
1,0.46281692261474044,0
1,0.9757315428104296,1
0,0.0318040315090325,0
0,0.005398206471779007,0
0,0.04266263040267769,0
0,0.5026436300536522,1
0,0.06283534256172524,0
0,0.45961859914751785,0
0,0.03750490922390085,0
0,0.021578474980397937,0
0,0.0828215017691358,0
1,0.9825296964654894,1
1,0.25287421876799715,0
0,0.06808783324551121,0
0,0.6504074944286219,1
1,0.7245314941975998,1
1,0.8526680002370567,1
0,0.0961348110093626,0
0,0.20432554745810116,0
0,0.07457514991585033,0
0,0.21208723593456377,0
0,0.0019610734161462366,0
1,0.8563192841827939,1
0,0.22100265277811185,0
0,0.29929788524564027,0
1,0.6701922869402892,1
1,0.840039621862795,1
0,0.013081570583770324,0
1,0.7614738096340751,1
0,0.01211404947359815,0
0,0.018536172011790177,0
0,0.04049482664425204,0
1,0.9045261775780786,1
0,0.06680658777524404,0
0,0.009904002871912777,0
0,0.091221494554157,0
0,0.26996475682172816,0
0,0.25988371332112065,0
0,0.27626439132275016,0
0,0.7419349533756929,1
1,0.9236206617428944,1
0,0.004913002139659791,0
0,0.2000506903669201,0
0,0.004575544153346532,0
0,0.21044091812423563,0
0,0.04906467367757443,0
0,0.8195815272609666,1
1,0.9752560326399279,1
0,0.25281420235029584,0
0,0.014591011900173872,0
0,0.0004468527211903084,0
0,0.08655131774411423,0
0,0.4806226056741505,0
0,0.04764661439373731,0
0,0.43299635788439467,0
0,0.060145730214508204,0
0,0.4357531389049631,0
0,0.42700487120282543,0
0,0.0006652386676610785,0
0,0.050668917217767194,0
0,0.5999845613552356,1
0,0.19438045363538944,0
0,0.012279884474860388,0
1,0.6717784436927088,1
1,0.9244301487162574,1
0,0.13285008836849715,0
0,0.2946512459652761,0
0,0.6191090972752274,1
0,0.10703681728557891,0
0,0.04240069989842178,0
0,0.7433375952265651,1
1,0.2194106213704244,0
1,0.5192755736638107,1
0,0.6139660916973024,1
1,0.9092744427962752,1
0,0.3708377324576212,0
0,0.30810227619730784,0
1,0.9531868354059706,1
0,0.35042584566648033,0
0,0.07475183294205084,0
1,0.8678095250306987,1
1,0.9782915815626508,1
1,0.6318610784224151,1
0,0.77085384095703,1
0,0.6509215962668625,1
0,0.012217058506720219,0
0,0.4903166702451515,0
1,0.9746462974470148,1
0,0.13657571996531073,0
1,0.5634753598053841,1
0,0.5237346078472737,1
0,0.006427240420254546,0
0,0.48717694865469063,0
0,0.024387118331326705,0
1,0.06333276420271469,0
1,0.9084141956377776,1
0,0.012438173726587067,0
0,0.025415210254590866,0
0,0.5270917369690595,1
1,0.6850127255911281,1
1,0.892195603245095,1
1,0.5622821528364982,1
0,0.09110360615291495,0
0,0.33180206085988045,0
0,0.2877713202439628,0
0,0.7890195331729568,1
0,0.04174853640139264,0
1,0.3337322637137999,0
0,0.5816436208266275,1
1,0.8684628738724298,1
1,0.7119019461315528,1
0,0.5592717780041674,1
1,0.8793650242100004,1
1,0.9769190154934885,1
0,0.28752795057002056,0
0,0.6952807765142494,1
0,0.1394747813531369,0
0,0.2865216229276793,0
0,0.27311602295127974,0
1,0.8344018317971127,1
1,0.8915729195837774,1
0,0.7365640488457201,1
1,0.803411977370965,1
0,0.07671748476735103,0
1,0.892778434700504,1
0,0.009163779676407724,0
0,0.1968930368860794,0
0,0.6859513125258749,1
0,0.6405857966672156,1
0,0.5003004255739532,1
0,0.3520178307807846,0
0,0.3350809487990975,0
0,0.00988449757413845,0
0,0.30542680082341805,0
1,0.6474479709695803,1
0,0.000248212913897387,0
0,0.2933021429199092,0
0,0.061501098280312076,0
0,0.015753376127000274,0
0,0.0013887062258776867,0
0,0.5356696097477609,1
0,0.047390948919841476,0
0,0.07098313770740147,0
0,0.8094780528982661,1
1,0.9647817414313437,1
1,0.7681389693216885,1
0,0.0018441658572499913,0
1,0.9721614174333346,1
0,0.17067477075863002,0
0,0.6993601619165273,1
0,0.023019664517721646,0
0,0.005079732875255107,0
0,0.059036905509929516,0
0,0.3478937902408427,0
1,0.9815502958743859,1
0,0.6667744463800184,1
1,0.993247686527284,1
0,0.6480295291926329,1
0,0.014132268638676122,0
1,0.5029433280063781,1
0,0.8808256802963613,1
1,0.8440970675432883,1
0,0.0009221238868666758,0
0,0.2934099428451868,0
0,0.20807603888346815,0
1,0.9335785642216824,1
0,0.017278902204415494,0
0,0.6020033207203274,1
0,0.10898612712205588,0
0,0.0150947958426046,0
0,0.0006820170234295044,0
0,0.002020783688936982,0
0,0.10732575882619184,0
1,0.6360462859812258,1
0,0.3750510766195529,0
1,0.8728441811147999,1
0,0.001648043015064524,0
0,0.04395930176885646,0
0,0.5084632407898528,1
0,0.22187195565612142,0
0,0.4290706872908347,0
0,0.0006654846999631884,0
1,0.581849049761043,1
0,0.14166741135910102,0
0,0.20745925484087818,0
0,0.4608103517181479,0
0,0.17282208746912814,0
1,0.6168680328111893,1
0,0.008595740435497204,0
0,0.010327289268847522,0
0,0.03498538261651052,0
0,0.03150915709981914,0
0,0.042444212775968514,0
0,0.025033012644197775,0
1,0.9735888039547249,1
0,0.8800147064282783,1
0,0.17627416692385994,0
1,0.8757239625034189,1
1,0.9731290763134164,1
0,0.5098044283749613,1
0,0.3225072538236523,0
0,0.48219602554270447,0
0,0.0033522755910688,0
0,0.10849810391375392,0
0,0.008445811734272958,0
1,0.7843646383936591,1
1,0.9949218026394364,1
0,0.16092860469667686,0
0,0.01610859815040776,0
0,0.27899917230959115,0
0,0.04218344946945605,0
0,0.811408674525606,1
0,0.07176526228687707,0
0,0.4958027982509008,0
0,0.0007448113357966522,0
0,0.05960182735052893,0
1,0.5075727791557889,1
0,0.014711992592063836,0
0,0.7231290327648736,1
0,0.095826998096955,0
0,0.004141408821901386,0
0,0.21632939887655306,0
0,0.010982292508030045,0
0,0.00022585572784491312,0
0,0.1414326429219216,0
0,0.013155126829481625,0
1,0.972789112023457,1
0,0.010003051495367569,0
0,0.11670193890460132,0
0,0.12725517539294506,0
0,0.16828160038335072,0
0,0.7626290948800273,1
0,0.6198535157714595,1
0,0.14811417734858864,0
0,0.4936363770199127,0
0,0.11883543156045759,0
0,0.0026422741625635924,0
0,0.3040197263286556,0
0,0.03647742206710945,0
0,0.04546172310177966,0
0,0.5829449107027975,1
1,0.2204987525583494,0
0,0.11357567067399792,0
0,0.6231497523637102,1
1,0.5527532602180727,1
1,0.6818726683195203,1
1,0.06362612532767888,0
0,0.00503136093262476,0
1,0.2729131730170483,0
0,0.0763070596312981,0
0,0.04433786007018694,0
0,0.6927723584225404,1
0,0.2547145739620473,0
0,0.0538668814329101,0
0,0.03512771754921969,0
0,0.0367825325758744,0
0,0.5865506925191227,1
1,0.770986219160894,1
0,0.14289480013649658,0
1,0.12455402981797588,0
0,0.21544877411759142,0
1,0.9140391243535388,1
0,0.4253379761072607,0
0,0.4856852314545437,0
0,0.008907246292214569,0
1,0.9744435566675975,1
0,0.0015877990777476215,0
0,0.6739376359053153,1
0,0.010388844296847263,0
0,0.07528426976046111,0
0,0.0403005727226087,0
1,0.16837443289791532,0
0,0.5790955739537105,1
0,0.9297576773315107,1
0,0.007041365199273888,0
0,0.6830289814003427,1
0,0.11422894827034386,0
0,0.5831643804278398,1
0,0.36507195003870196,0
1,0.9911448308585687,1
1,0.674788020802487,1
0,0.0011982988166969288,0
1,0.03327297578773717,0
0,0.06255672675242159,0
0,0.03420901147224507,0
0,0.027273425163445702,0
0,0.027374855381171917,0
0,0.05953566733471655,0
0,0.6757286728246383,1
0,0.005564908959629697,0
1,0.9230894262255839,1
0,0.6824663975186764,1
0,0.483608615733532,0
1,0.9121281459249069,1
0,0.012143064281442616,0
0,0.5164538756044951,1
0,0.1877172461253801,0
0,0.49425667160471193,0
0,0.8883958611105097,1
0,0.03839651260832937,0
0,0.09443996501759894,0
0,0.002779323172345538,0
0,0.144081783715676,0
0,0.1502872814067166,0
0,0.31087767333392596,0
0,0.007585129962039045,0
1,0.8669365536851897,1
1,0.9255406440627638,1
1,0.33956932684342905,0
0,0.04902660953002201,0
0,0.019813592346348205,0
0,0.015978683769750805,0
0,0.8974229750524091,1
0,0.8698731538128824,1
0,0.3212372934092664,0
0,0.665872303857758,1
1,0.8145645354599008,1
0,0.42554291254537613,0
0,0.4655746891628519,0
0,0.38575133282466406,0
0,0.40064435090297873,0
1,0.7482451882559671,1
0,0.13416826458821327,0
1,0.8535775005727474,1
1,0.7820019925356312,1
0,0.004944762813813188,0
1,0.8517590824547344,1
1,0.6160999898287262,1
0,0.5636983053105874,1
0,0.03317066248243674,0
0,0.00431298683017506,0
0,0.4503015567152037,0
0,0.029642137045487953,0
0,0.6701004601934101,1
1,0.7685145700167716,1
0,0.041032171236974516,0
0,0.5653808373563876,1
0,0.15698148685475177,0
0,0.005349028592674785,0
0,0.000240699317705964,0
0,0.18289680140119982,0
0,0.8499968734787653,1
0,0.29513371623960216,0
1,0.6934878817695733,1
0,0.7193746756608335,1
1,0.40789537792814945,0
0,0.6748178829448744,1
0,0.873221702667469,1
1,0.4426842826274484,0
1,0.9650823550038028,1
0,0.32505777758699206,0
0,0.25350557504078985,0
0,0.4518334542252228,0
1,0.9852585078336124,1
1,0.819508619427773,1
0,0.03389144350277888,0
0,0.47399586593958515,0
0,0.5897108128139597,1
1,0.8827520510243382,1
0,0.3595320654072031,0
0,0.5152108672686228,1
0,0.14163544133622635,0
0,0.020205739350627437,0
0,0.0930097215049877,0
1,0.9610031093060248,1
0,0.03708704772337322,0
0,0.09108944999464728,0
0,0.2216117968818681,0
1,0.7473328042207545,1
1,0.49344557705548503,0
1,0.38467841446611334,0
0,0.3970000262293367,0
1,0.7673105123078634,1
0,0.003857757118038281,0
0,0.24895129005352387,0
1,0.6916460292907806,1
1,0.8853781277112479,1
0,0.4217900669722506,0
0,0.16084006344423968,0
1,0.9872923974676212,1
0,0.3090894705556258,0
0,0.2907125955078274,0
0,0.01320214952762932,0
0,0.8388608982928328,1
0,0.08871340616955978,0
0,0.24982478583647033,0
0,0.24457906883836653,0
0,0.19091531356123548,0
0,0.2306675968131924,0
1,0.8714508307840115,1
0,0.18018272972898008,0
0,0.030434802711012583,0
0,0.2562680479294633,0
0,0.09051462018771948,0
0,0.010818573591381065,0
0,0.03958533171743015,0
0,0.005656531053974261,0
0,0.04558113787909543,0
1,0.8198371332899742,1
1,0.7097393234595949,1
1,0.8732336931828589,1
0,0.004395694515623224,0
0,0.010123135420066666,0
0,0.009528705987989137,0
0,0.01926536390908918,0
0,0.4411735020854769,0
0,0.3767227061106966,0
1,0.894103180763127,1
0,0.5895280465561792,1
0,0.37377199034600084,0
0,0.5534227971927419,1
0,0.02875132007635772,0
1,0.925849170888202,1
0,0.13733536097944463,0
0,0.07709678451853384,0
1,0.31872667932330195,0
0,0.5561439765860349,1
0,0.6014101352957291,1
1,0.6050707230036975,1
0,0.19503783346802805,0
0,0.07098576239949098,0
0,0.18753178710283588,0
0,0.8479927232389937,1
0,0.7388073169797131,1
0,0.0541917217896917,0
1,0.9284888156076185,1
0,0.39781846616352445,0
0,0.14724116346619628,0
0,0.8374260748774018,1
0,0.2054429972037755,0
0,0.02857048698823179,0
0,0.11589055876427098,0
0,0.06904437507086456,0
1,0.8373671119488297,1
1,0.42139686667406984,0
1,0.4299509417388357,0
0,0.17471901405730164,0
0,0.00021415783546562548,0
0,0.29085530640745916,0
1,0.8450571375348508,1
1,0.9894253395086294,1
1,0.7646448020090397,1
0,0.04510620401275299,0
0,0.1261534395540644,0
1,0.9723285463986743,1
1,0.9914901815668575,1
0,0.35443700277435636,0
0,0.0007927497625793851,0
0,0.3491962565331823,0
1,0.7474139434910381,1
0,0.05667597120774763,0
0,0.5001962865940035,1
0,0.03130670683378489,0
0,0.5896092152404367,1
0,0.18132835881688006,0
0,0.04747686401147235,0
0,0.07945667098661921,0
0,0.040415293318378856,0
0,0.06597512080749168,0
0,0.0009391511203665942,0
0,0.6073934442782042,1
1,0.6831708827248533,1
0,0.008850064912893717,0
0,0.18592810682919342,0
0,0.16996065761600723,0
0,0.03595361494794739,0
1,0.8386421439203875,1
0,0.0004949175584556628,0
0,0.014564233529898333,0
0,0.6238879456498108,1
0,0.043567970795505576,0
0,0.04935585139865785,0
0,0.020262256317529093,0
0,0.06538325346926968,0
0,0.1435853884803824,0
0,0.12669907795846236,0
0,0.036274259400841585,0
0,0.2873541303168038,0
0,0.10302139482858146,0
0,0.5984542914799962,1
0,0.015176503825850455,0
1,0.8323446869367592,1
1,0.9008101337835094,1
0,0.07241324802273513,0
0,0.2957462854268748,0
0,0.6009673277497162,1
0,0.1976608618764354,0
0,0.10609079405956592,0
1,0.864112929434869,1
0,0.5811532437353553,1
0,0.12184202813966213,0
0,0.2431094807597884,0
1,0.4279863618127411,0
0,0.16847354901522868,0
0,0.020622369311649635,0
0,0.12667509170347954,0
1,0.6766040574400431,1
0,0.009092328113482614,0
1,0.14086685511991395,0
0,0.006175229488361444,0
0,0.25825460347570367,0
0,0.008631113010100076,0
0,0.009912757279905789,0
1,0.956856041997727,1
0,0.12265989416302311,0
0,0.002232887640568231,0
0,0.05314911792322239,0
0,0.31007000381396727,0
0,0.06976453923608994,0
0,0.006349395993107004,0
1,0.9915664315213544,1
0,0.5808015714882112,1
0,0.27002148246309976,0
0,0.06885046420414373,0
0,0.006895774842326106,0
0,0.04670039686496596,0
0,0.024748530520997482,0
0,0.7277961826789473,1
0,0.016925843908663588,0
0,0.11369404889051622,0
0,0.6502469263247436,1
0,0.44891293533933824,0
0,0.24199695444048536,0
0,0.01827705054961514,0
0,0.2773513505056844,0
0,0.6754948337798828,1
0,0.07430360049727297,0
0,0.002115619469646507,0
0,0.3303592141313906,0
0,0.0006080545216583622,0
1,0.40101021961802674,0
0,0.6284079674681083,1
1,0.7445734885976435,1
0,0.2374708161491909,0
0,0.00513611919173941,0
0,0.08498907999788062,0
1,0.9143793618853393,1
0,0.0223904318333158,0
1,0.3933023810182036,0
1,0.8466445485278099,1
0,0.4382838623606183,0
0,0.4877023312872989,0
0,0.665999099598604,1
0,0.050170883149828024,0
0,0.1471463943711614,0
0,0.11546810489125875,0
0,0.3837485855269091,0
1,0.8802853704705065,1
0,0.008961747081100254,0
1,0.9080692165367407,1
0,0.12345015227837124,0
1,0.7748555089775985,1
0,0.2778121007292867,0
0,0.002094395559864505,0
1,0.8533071501794595,1
0,0.28869118366357377,0
0,0.009848318952763167,0
0,0.019998256536353655,0
1,0.8879609176933922,1
0,0.7350859160212192,1
0,0.030954186337154188,0
0,0.06927200541170724,0
1,0.7222791053014632,1
0,0.2239548930416605,0
0,0.0646697165580328,0
1,0.839777807855352,1
0,0.7384391226567165,1
1,0.9167190465945212,1
0,0.04990517896691043,0
0,0.20523796235342587,0
0,0.0003983886473857548,0
0,0.033244097622742545,0
0,0.0029627932207996997,0
0,0.030612097156086454,0
0,0.03520230139593632,0
0,0.11617605633639906,0
1,0.8505191240092352,1
0,0.009725443906014259,0
0,0.20840138521507814,0
0,0.0013533991812817933,0
0,0.04763765391378124,0
0,0.13620284771068433,0
1,0.8682543249500994,1
0,0.23916374754989253,0
0,0.28979004378867373,0
1,0.541365052753714,1
0,0.6591183265993178,1
0,0.18680052828815097,0
0,0.30581317741015923,0
0,0.4666945220155139,0
0,0.17529781278576506,0
1,0.1218728449404892,0
1,0.7211813960727783,1
1,0.9637529406091851,1
0,0.030056256159275332,0
0,0.6680758775486108,1
0,0.032623111636102736,0
0,0.5468142482234866,1
0,0.3891076311650292,0
0,0.05514090210107452,0
0,0.0006771984286908679,0
1,0.625813262351232,1
1,0.9233933523316296,1
0,0.17639848228516586,0
0,0.004076927733336206,0
0,0.0453411276900261,0
0,0.4281636473083062,0
0,0.6136530609386236,1
1,0.7091359526460973,1
0,0.2514845084402467,0
0,0.4800936211194629,0
0,0.0636622785904933,0
0,0.027624712742658007,0
0,0.11890800464612236,0
0,0.002684108914262346,0
0,0.3568593349050781,0
0,0.8573886393777379,1
0,0.4889283854384332,0
0,0.010754377109619245,0
0,0.10217907595101264,0
0,0.02466603753452824,0
0,0.0014398902544417278,0
1,0.7860610308843194,1
0,0.039870816874053625,0
0,0.019088192221375623,0
0,0.9141028047182778,1
0,0.2484006310466778,0
1,0.7257516627838275,1
0,0.49545550893602885,0
0,0.0006252327037764817,0
1,0.5478093561057682,1
0,0.012514983525479686,0
0,0.0007161532136857516,0
0,0.49474847308773606,0
0,0.02293394432454885,0
0,0.006813703154955385,0
0,0.3209013839058008,0
0,0.28737425214734696,0
1,0.8427758731187361,1
0,0.08071976244333522,0
0,0.5337122325085317,1
0,0.3080152996942095,0
0,0.0014749834609313656,0
1,0.5499686251924447,1
0,0.039989358923871704,0
1,0.6878930464202088,1
0,0.3570497569202726,0
1,0.5369666340922651,1
0,0.05960897248597988,0
0,0.2997303589477323,0
1,0.6211131472619342,1
0,0.2189588505628042,0
0,0.0035056263136062664,0
0,0.0327865047612026,0
0,0.24930423902075408,0
1,0.9358964517600307,1
0,0.1923974787340127,0
0,0.8601523411439259,1
0,0.0075542879644579786,0
0,0.16363286146904443,0
0,0.613822206543927,1
0,0.001005352114525075,0
1,0.9828887008611971,1
0,0.17088264973943437,0
1,0.9169691421118311,1
0,0.02225526965525114,0
0,0.606671993633626,1
1,0.7070313761760143,1
1,0.7730567695558777,1
0,0.8680637085294433,1
0,0.0025131540171059756,0
0,0.01635961311938033,0
0,0.5600645918309148,1
0,0.26485147428495,0
0,0.0004888565493444166,0
0,0.03265443114869145,0
0,0.41924866301237257,0
0,0.004048139243543941,0
0,0.3034087255428013,0
0,0.0018251597668007369,0
0,0.3478715703674554,0
0,0.048157223077029424,0
1,0.9787465519750254,1
1,0.9924662468929771,1
0,0.007800192375097309,0
0,0.03240705908243189,0
1,0.755855395497294,1
0,0.015018414223809255,0
0,0.2632618737935137,0
1,0.9930331606495023,1
1,0.9120722300251227,1
0,0.011838396193268012,0
0,0.8652011098613294,1
0,0.050251067085754435,0
0,0.012567082828025364,0
0,0.00045720846141151237,0
0,0.0023399274598763053,0
0,0.016187023918398092,0
0,0.07107435926922008,0
0,0.7464469851392738,1
0,0.5759816755851261,1
0,0.013805547258536123,0
0,0.6768917893614628,1
0,0.010948448922896137,0
1,0.7710105194200733,1
0,0.00011355240411170126,0
0,0.7286580106031446,1
0,0.2250700177225228,0
0,0.00011355240411170126,0
1,0.8359042368905792,1
0,0.1665104881190783,0
0,0.008074421841261227,0
0,0.004644452042221056,0
0,0.37856504434560134,0
1,0.8376922325353,1
0,0.5030301014946511,1
1,0.5343250682653917,1
0,0.1801618007841626,0
0,0.048773346459225535,0
0,0.20041571204434347,0
0,0.6854273378760792,1
0,0.19032713521240166,0
0,0.8956042685526351,1
0,0.011948428419787662,0
0,0.011169367214974937,0
0,0.09311070675414305,0
0,0.016593945141397722,0
1,0.8712531456440534,1
0,0.4937218706741058,0
0,0.6188608074025833,1
0,0.008392145749711706,0
0,0.010139740079952254,0
1,0.5875078749034933,1
1,0.7952357106610318,1
0,0.06713530593578584,0
1,0.6282177629163805,1
0,0.4531316950199957,0
0,0.2615420429057033,0
0,0.5212215623436042,1
0,0.6764689735903135,1
0,0.03396920939552917,0
1,0.9931929483647106,1
1,0.4384370639924622,0
0,0.47910056721374455,0
0,0.00018298033443620146,0
1,0.925034025521592,1
1,0.8577566474471762,1
0,0.01568007628211524,0
0,0.00520488819445415,0
0,0.11039812961079183,0
0,0.009125175107276116,0
0,0.34947574677797566,0
0,0.6922978388944261,1
0,0.03929150882676164,0
1,0.8481998840773788,1
0,0.07235643417469187,0
1,0.737749320074821,1
1,0.864853077920294,1
1,0.9876850994929297,1
0,0.08628770671451387,0
0,0.06709676915640743,0
0,0.5035275797924402,1
0,0.152215695527663,0
0,0.07058000076486075,0
0,0.021027809478443907,0
0,0.7818271260456723,1
0,0.1773621123129727,0
0,0.31993292234924764,0
1,0.2904786038056438,0
0,0.05894622529281696,0
0,0.3487088239538192,0
0,0.024934244428274233,0
0,0.4232901158720418,0
0,0.22624008323401373,0
0,0.36745846559874723,0
0,0.01598203775294345,0
0,0.6421909707001106,1
0,0.0412584842951516,0
0,0.5663776950169384,1
0,0.2281656518853719,0
0,0.525198023445803,1
0,0.5017458524545891,1
0,0.23950730187620806,0
0,0.7017233417711272,1
0,0.014533008076644913,0
0,0.1525112575468017,0
1,0.6623727004487976,1
0,0.03552655504774807,0
0,0.15146230657732032,0
1,0.8611814477583435,1
0,0.22548580273512792,0
0,0.04713611011152702,0
0,0.02804434108204778,0
0,0.45414672535094175,0
0,0.0023668981015908144,0
0,0.22080347003807888,0
1,0.7026702174789099,1
1,0.5762570215123475,1
0,0.03760287814795558,0
0,0.028175070702279818,0
1,0.867134703149856,1
0,0.6805489311080265,1
0,0.007161544765244184,0
0,0.10487750289268893,0
1,0.9044665342689863,1
1,0.4261144552544288,0
1,0.2600579097888494,0
0,0.00014500834628200328,0
0,0.0649057034875797,0
1,0.10837733408560346,0
1,0.8413419087019172,1
0,0.011191483000507608,0
1,0.8681640530826387,1
0,0.017366035767322183,0
1,0.8950451374971199,1
0,0.398507431910913,0
0,0.04188864295055022,0
0,0.22124243399331733,0
0,0.0002952886665120523,0
0,0.243751994510733,0
0,0.3227503824294994,0
0,0.45819395085824793,0
0,0.15763829057715378,0
0,0.03514175103775555,0
1,0.8448769226669052,1
0,0.33115258832109207,0
0,0.45636992601183407,0
0,0.46264940110840325,0
0,0.005577477693740535,0
1,0.6483835055536816,1
0,0.4315307285512021,0
0,0.07951482695330764,0
0,0.6641678160753296,1
0,0.09121772746193227,0
1,0.9264983807534071,1
0,0.5237855028537226,1
0,0.17581314301564616,0
1,0.9458749209127819,1
1,0.9333740130668625,1
1,0.46750104269308973,0
1,0.9799865567803867,1
1,0.7876314239845624,1
0,0.0027098727134821274,0
1,0.15838330280253976,0
0,0.14998316710975593,0
1,0.7950212848175546,1
0,0.208684946057254,0
0,0.36376888828716836,0
0,0.26447460990610544,0
1,0.6003717432714268,1
0,0.015997921757370533,0
1,0.5967596485786844,1
0,0.04583301530908621,0
0,0.13065222354530673,0
0,0.6426172558639518,1
0,0.27588685030449955,0
0,0.21916479027708163,0
0,0.7473591382179512,1
0,0.3301012696981014,0
1,0.930703630118431,1
0,0.5692801288069932,1
0,0.003115435313742339,0
0,0.551411918287207,1
0,0.6701912014600493,1
0,0.5842444079106275,1
1,0.5545342681414294,1
0,0.10080684042510586,0
1,0.6442478010912143,1
0,0.3843774967218379,0
0,0.03589460182659475,0
0,0.030899309586376465,0
1,0.8561397133485154,1
0,0.0016365790615715395,0
0,0.08094312826155736,0
0,0.02411964392883178,0
1,0.4211429115682651,0
0,0.05075661080054887,0
0,0.08933253744264764,0
0,0.003862773847463268,0
0,0.2857392603519939,0
1,0.9956618878878779,1
0,0.0531241952097988,0
0,0.4302882935339995,0
1,0.8162431658983619,1
0,0.08266929748180452,0
1,0.7440613734222187,1
0,0.06424622186592259,0
0,0.2674048137104914,0
0,0.15586174388975546,0
0,0.7981219204957181,1
0,0.11887737176163406,0
0,0.02279781850491238,0
0,0.18965791342370417,0
0,0.6298472399893608,1
0,0.09008219220186943,0
0,0.4837991637225507,0
0,0.14385865670616302,0
0,0.017711003818557385,0
0,0.005199317474621955,0
1,0.882284598290596,1
0,0.8695288006682758,1
0,0.5322225774882855,1
1,0.9700925050916631,1
0,0.06834678079771579,0
0,0.05840553310303959,0
0,0.07480290925243947,0
0,0.04420277314068415,0
1,0.41426826539439077,0
0,0.28423766468613415,0
0,0.035388238710387786,0
0,0.08091063696403976,0
0,0.8058316834624755,1
1,0.6151834511785342,1
1,0.7286789759613916,1
1,0.908914881346044,1
0,0.009314902579308162,0
0,0.5257141435003524,1
0,0.8357730257672358,1
0,0.5858211898233938,1
1,0.8798591207464093,1
0,0.005496493108399011,0
0,0.034736562785437367,0
0,0.1860675046448017,0
0,0.23267862262001937,0
0,0.3492488586483242,0
0,0.4885478413767025,0
0,0.04302881977569348,0
0,0.4159084482719259,0
0,0.0021155704383578854,0
1,0.7715200256412001,1
1,0.66444748131146,1
0,0.004092688629467183,0
0,0.6677847892910633,1
1,0.8713720524658233,1
0,0.4032838292724367,0
1,0.9792430862828544,1
0,0.11117730881057857,0
1,0.9954333841860451,1
0,0.2735547943885764,0
1,0.8819432657939865,1
0,0.5034814979808321,1
0,0.7147896902167782,1
0,0.02301592769732413,0
1,0.6778642931625501,1
0,0.3361289045814996,0
0,0.013443302116454345,0
1,0.18763832240661202,0
0,0.05830105041573194,0
0,0.0038449522502108677,0
0,0.013994820722180657,0
0,0.009945010229097034,0
0,0.5769999587803387,1
0,0.48524143501737066,0
1,0.9363127141496758,1
1,0.6047895402112685,1
0,0.006662261120497577,0
1,0.8019211220904154,1
0,0.0345062223058209,0
0,0.18721827482144207,0
1,0.5066553722076257,1
0,0.04931856627008753,0
1,0.5428990731112898,1
0,0.003932972809314723,0
0,0.012964695772925982,0
0,0.6380477735996857,1
1,0.6630604606766841,1
0,0.19199940950578345,0
0,0.8107473348556232,1
1,0.4917375505441913,0
0,0.8542575511737586,1
0,0.41881504659776797,0
0,0.595179732635149,1
1,0.46875866843738606,0
0,0.3278844152635328,0
1,0.7004479284909941,1
0,0.7960147205979233,1
0,0.015196177253827934,0
0,0.005840267192070448,0
0,0.5910115645598022,1
1,0.4056949210378434,0
0,9.267420907120254e-05,0
0,0.030839788128409318,0
0,0.04455450050768433,0
0,0.03211135534030241,0
0,0.6803595260702642,1
1,0.855545740680322,1
0,0.22201698697930705,0
0,0.5634166696492547,1
1,0.3689276770735977,0
0,0.04611051243959591,0
0,0.03127742692853228,0
0,0.009925529045910313,0
0,0.2943627573615855,0
0,0.00984224775331039,0
0,0.663653206751116,1
1,0.3765325396445403,0
1,0.43579831719171397,0
0,0.3607338342715962,0
0,0.0013835746978974146,0
0,0.4184851477234355,0
1,0.4955532009770826,0
1,0.7425353982740239,1
0,0.5054923521896969,1
0,0.020113449693475123,0
1,0.6181410123784168,1
0,0.002067945681634834,0
0,0.8329010250587455,1
0,0.6353432719262773,1
0,0.02367612839526795,0
0,0.5901436587890053,1
0,0.0198538997701747,0
0,0.6156299768021802,1
0,0.5838262341140379,1
0,0.01190189269293422,0
1,0.9164846866907673,1
0,0.005804661542009954,0
0,0.0027887293298514727,0
0,0.039308545469853,0
0,0.4032267376453394,0
0,0.0006179648394258845,0
0,0.011233705605753291,0
1,0.7302006985089258,1
0,0.0020397918315809027,0
1,0.8957569883772741,1
0,0.0012626385686610407,0
0,0.11951166547542139,0
1,0.8045830747504087,1
0,0.7780338713580017,1
1,0.8425703465492221,1
0,0.039167092603508834,0
0,0.4101667047182811,0
0,0.3178475388561664,0
1,0.6316825686703934,1
0,0.04777648700558,0
0,0.13806832255653523,0
0,0.7645515081441129,1
0,0.6611754593112165,1
0,0.37897254263078756,0
0,0.40530619486790204,0
0,0.012454593690487256,0
0,0.29305045838980276,0
1,0.8112327734961169,1
0,0.23117717126559584,0
0,0.01923227494795123,0
0,0.0022296151826711364,0
0,0.09022025023877578,0
0,0.1646224468082893,0
0,0.4276294924076306,0
1,0.2726391783420639,0
1,0.9293847887444707,1
0,0.34445774281672054,0
0,0.4189158248980837,0
0,0.005631877377508975,0
1,0.930660037129379,1
0,0.17693079734454087,0
0,0.5867118700413934,1
1,0.3146130189768612,0
0,0.19879211674460576,0
1,0.9056207368945525,1
0,0.06439544423917466,0
0,0.04138348864790755,0
0,0.4184445153947234,0
1,0.9830513937141865,1
0,0.1989206026139134,0
0,0.444210153347573,0
0,0.35397925494375,0
1,0.9777367901147683,1
0,0.03952324560659829,0
0,0.2378527224358872,0
0,0.6589976414039471,1
0,0.08294810315375291,0
0,0.022054047941700818,0
1,0.5958210530576816,1
0,0.209155922465224,0
1,0.013730718876198112,0
0,0.15931737627613837,0
0,0.5433496076888936,1
0,0.01759607613026889,0
0,0.022510927643327384,0
0,0.006877774317414045,0
1,0.597018921482933,1
0,0.19242197811322137,0
0,0.0010864183678777207,0
0,0.47083229588956965,0
1,0.7462170845357384,1
0,0.04705980929112964,0
0,0.9004540493820451,1
1,0.12976786522155417,0
0,0.2132766516358276,0
0,0.27515317959341495,0
1,0.7413015512098179,1
0,0.1173343748176828,0
0,0.3470340430919528,0
0,0.004015643716389766,0
0,0.5254813085568947,1
1,0.48760583641331634,0
0,0.5786513815265618,1
0,0.00034399573503911246,0
0,0.4891329819925384,0
0,0.6624878441636551,1
0,0.003506980310136845,0
0,0.013576520608505144,0
1,0.8186222603685516,1
0,0.028826055103789265,0
0,0.051189705192123784,0
1,0.7377876537382252,1
0,0.010722312965809767,0
0,0.8764832335452488,1
0,0.7452608275904796,1
0,0.2332571449389197,0
1,0.7378608409428824,1
0,0.579688058732512,1
1,0.9104110567670608,1
1,0.465134157088655,0
0,0.7241445360799618,1
0,0.5941000791531228,1
1,0.5469709271938508,1
0,0.005400928237051325,0
0,0.18937944453432712,0
0,0.006252444547439281,0
1,0.7805491019142,1
0,0.8327161021401719,1
0,0.00023121803388525161,0
1,0.7299722466054184,1
0,0.0679388496930056,0
0,0.7203286203358897,1
0,0.6579192873114621,1
0,0.17616344579698198,0
1,0.7237686006222601,1
0,0.03958107193309739,0
0,0.3363846961682579,0
0,0.111603225384306,0
0,0.03929231895984364,0
1,0.8774980680937295,1
1,0.8303014568949495,1
1,0.44774933219746915,0
1,0.7409791734148218,1
0,0.2884774130873878,0
1,0.9507801154092012,1
0,0.7048420257921769,1
0,0.041721692438951026,0
0,0.6033061239598668,1
1,0.9118296273374097,1
1,0.9315282633373323,1
0,0.325304872231245,0
1,0.8979797190792531,1
0,0.6331989090451813,1
1,0.8916264363140025,1
0,0.4019345339559796,0
1,0.7722198422372973,1
0,0.21697773848572363,0
0,0.3151611640127734,0
1,0.505473326178807,1
1,0.4969255103271806,0
0,0.31400350552740275,0
1,0.8709555290025008,1
1,0.862834066379184,1
1,0.36073004312233975,0
0,0.056381430722731454,0
0,0.6675223569542634,1
0,0.009688543148305242,0
0,0.4565332336281376,0
0,0.0008750466634200122,0
0,0.3494114575553648,0
0,0.47024212834728785,0
0,0.15406541674857088,0
0,0.18457702163439377,0
1,0.23475628669213341,0
0,0.4998886568849571,0
0,0.3853698498446997,0
0,0.2165823350127689,0
0,0.019816777347725464,0
1,0.9045094103342232,1
0,0.001397847016948799,0
0,0.5181696035482478,1
0,0.302805343974309,0
0,0.02889558766213323,0
1,0.6861820962793798,1
0,0.5615061395404819,1
1,0.5350656952532034,1
0,0.21282557943321753,0
1,0.8671256133356681,1
0,0.6067622037498935,1
0,0.2590613511788059,0
0,0.025236193028323625,0
1,0.9264581683431875,1
0,0.4808526209592661,0
1,0.8547185462196658,1
0,0.0002611192751125736,0
1,0.9822645672689485,1
0,0.0079029355719072,0
0,0.3163179518227315,0
0,0.017846714774910243,0
1,0.9745509780899296,1
0,0.2885467747576312,0
0,0.056820505870758875,0
0,0.008793763599566441,0
0,0.01568032676728274,0
0,0.0966888229043357,0
0,0.21975377418941597,0
0,0.008509554817127356,0
0,0.0414759303479922,0
0,0.6263591707139919,1
1,0.9108790618386524,1
0,0.050777887334097285,0
0,0.01359927944177765,0
0,0.0031752603014662934,0
1,0.972926654009157,1
0,0.001677535163991266,0
0,0.08842715582045438,0
0,0.050938100436655594,0
1,0.30670529413257136,0
1,0.6597383520252758,1
0,0.030293392420139408,0
0,0.1052461476860248,0
0,0.01939735586545416,0
0,0.919907212624169,1
1,0.39508332771579135,0
0,0.019461030646786906,0
0,0.5715522506073651,1
0,0.49769936585620184,0
0,0.6386457097928606,1
0,0.04089182921866247,0
0,0.10508940909205368,0
0,0.08703301299999118,0
1,0.7887497887171729,1
0,0.0001568179030678153,0
0,0.3399480306950352,0
0,0.22622110380091157,0
0,0.038805516111942585,0
0,0.7548288527773704,1
0,0.05878627342331297,0
0,0.13776315958425214,0
0,0.7836082639280807,1
0,0.02337635571995127,0
0,0.01458257499416322,0
1,0.9877792868003116,1
0,0.12490498716782387,0
0,0.037760917536208624,0
1,0.0835730035100219,0
1,0.6170311860109753,1
1,0.8880614437059579,1
0,0.5087043271672157,1
0,0.7860812126822868,1
1,0.8909681577172953,1
0,0.4114496003091522,0
0,0.3005774381405625,0
0,0.024707829550862412,0
0,0.2261014284785028,0
1,0.641883526487756,1
1,0.3246245362476035,0
0,0.3033931864490396,0
0,0.015491078817951847,0
0,0.004544106816877863,0
0,0.004672711256745298,0
0,0.2772754024397754,0
0,0.08578843025661706,0
1,0.7470999416177246,1
1,0.9295064233669892,1
0,0.07194408370493802,0
1,0.7496281440849595,1
0,0.03118594608622983,0
0,0.0804469580916047,0
0,0.08522503668581559,0
0,0.7092996464708813,1
0,0.6972886473224872,1
1,0.7305979191223984,1
1,0.5974458986984287,1
1,0.6272000938465923,1
0,0.010368775114911277,0
1,0.7498997174985752,1
1,0.8583576051622334,1
0,0.7990453174850389,1
1,0.8759954500428944,1
0,0.04522212513164691,0
0,0.014185877606966026,0
1,0.5960259238910308,1
1,0.8776109840179613,1
0,0.5028044323645364,1
0,0.41393365284645117,0
0,0.010762405943801073,0
0,0.12073074194852021,0
0,0.03814622824516687,0
0,0.7573061005126872,1
0,0.07455048587567593,0
0,0.08155334825367454,0
0,0.05587564331707851,0
0,0.2305386304429257,0
0,0.16481524747346543,0
0,0.09571799795654169,0
0,0.0013533991812817933,0
1,0.9898180401816906,1
0,0.4429047099928139,0
0,0.008877039165138538,0
0,0.00858896621029647,0
1,0.7420070043354888,1
0,0.031524396946206665,0
0,0.3412447674997359,0
1,0.897090391995788,1
0,0.03770979947672234,0
0,0.025226122318781373,0
1,0.35675659588482483,0
0,0.2514704363610437,0
0,0.22487079612444494,0
1,0.9912179604579656,1
0,0.0025263622366508078,0
0,0.5141711479927313,1
0,0.06387516101710554,0
0,0.5481169426943747,1
1,0.37017498096927065,0
0,0.44479935994375014,0
0,0.1271448182323535,0
0,0.016544276598252083,0
0,0.053426253472296195,0
0,0.002666106427615431,0
0,0.12989530423277354,0
0,0.2538634130705641,0
0,0.37079172147437867,0
1,0.8187281922467471,1
0,0.11300932757260812,0
1,0.7111413271489798,1
0,0.26204313096466747,0
0,0.17868793435544086,0
0,0.013151620078255074,0
0,0.03891548992285294,0
0,0.7628350668660578,1
0,0.018479518330222447,0
0,0.14836029388340807,0
0,0.009805085923247333,0
1,0.596029448873862,1
0,0.2463901719319856,0
0,0.014000315850812017,0
0,0.00830674696295961,0
0,0.02905359971067158,0
0,0.24293005537509677,0
0,0.4664858707613512,0
0,0.20660691398998185,0
0,0.9703180642596756,1
1,0.8511191655246729,1
0,0.47025325378758304,0
0,0.05634451076039993,0
0,0.27663041980045,0
0,0.08934751275744715,0
0,0.2528348202909735,0
0,0.04004750152670174,0
0,0.00026534510453249285,0
0,0.04770012717218587,0
0,0.22625577541034195,0
1,0.5597559251990766,1
1,0.9007212900423082,1
0,0.059772429471491875,0
0,0.030485848723689757,0
0,0.20775977923723432,0
0,0.05501400101567259,0
1,0.8368368962718539,1
0,0.235957516564938,0
0,7.945437005770418e-05,0
1,0.2110433056589072,0
0,0.7143352108319476,1
1,0.7552977352654984,1
0,0.7860805678010381,1
0,0.5450856474720029,1
0,0.010129205353403207,0
0,0.7101943576245197,1
1,0.4840228506748528,0
0,0.5435007670668279,1
0,0.1445036021018282,0
0,0.0020904993086635027,0
1,0.8308888422686017,1
0,0.004337423418689779,0
0,0.437325696090199,0
0,0.33977842924835133,0
0,0.29300931172854466,0
0,0.256873035966816,0
0,0.38874503870946764,0
0,0.10968701392134292,0
0,0.06092528242849782,0
0,0.09516285603820297,0
0,0.2759420257839168,0
0,0.20692352935009162,0
0,0.055458355050819474,0
0,0.011655636577350647,0
1,0.9695512444472636,1
0,0.056155215397111796,0
1,0.8353178700248868,1
0,0.3765341993388181,0
0,0.02308364100859744,0
0,0.5060965934293565,1
1,0.9018063718090389,1
1,0.9634339620661152,1
0,0.20123918323746912,0
0,0.23047602357524716,0
0,0.09903044732047235,0
0,0.004151158891251266,0
1,0.7550850081851959,1
0,0.21595050979087546,0
0,0.11062951704356291,0
0,0.00025021090223283294,0
0,0.3987675037678855,0
0,0.4072434542257046,0
0,0.004716899742690946,0
0,0.533323953027489,1
0,0.0026396318957878635,0
0,0.2542030269762755,0
1,0.7531011737349248,1
0,0.042258725964536614,0
0,0.34563064941050453,0
1,0.6976175576440453,1
0,0.015249798994095013,0
1,0.9912551117281636,1
0,0.06402979775581598,0
0,0.09842708016329911,0
0,0.24496818398679224,0
0,0.7010211630758226,1
0,0.13669097559706525,0
0,0.5853698918826219,1
1,0.7772984270927217,1
0,0.6359014010154239,1
0,0.1529490650167438,0
0,0.29435396742771525,0
0,0.15439387467432678,0
0,0.05556305648105834,0
0,0.18054976429526884,0
0,0.003585927684367966,0
0,0.00937809743368961,0
1,0.8849676661170914,1
1,0.5597320009702256,1
0,0.013751745593152658,0
0,0.7222080253668686,1
0,0.0226355827106427,0
0,0.11414161436723058,0
0,0.7951793005070363,1
0,0.709581315024885,1
0,0.015561270032324612,0
1,0.9061131211030194,1
0,0.0006335485573786513,0
0,0.017737529392521642,0
0,0.02223664448492851,0
0,0.5537714030334906,1
1,0.6948709620617932,1
0,0.3353979221782763,0
0,0.6479993879206998,1
0,0.2358805158197148,0
0,0.17788965953724006,0
0,0.5492482074379313,1
0,0.10032255586391979,0
0,0.48750883260714895,0
1,0.594825638925395,1
0,0.02230815817836555,0
1,0.4762051113510313,0
0,0.20941523999158507,0
0,0.39857028650724385,0
0,0.47193644854583816,0
0,0.0011637689231006072,0
1,0.9852766031588567,1
0,0.00025062927578555627,0
0,0.040546360515275603,0
0,0.18181820912158528,0
0,0.03741605776888313,0
0,0.0027735045779274177,0
0,0.42954662680402916,0
1,0.587961181214912,1
1,0.8503590226602413,1
1,0.5387513889611618,1
0,0.08908321275777555,0
0,0.06664038650877045,0
1,0.9263788457554042,1
0,0.01479074395015517,0
0,0.015019543603504874,0
0,0.003015910449037107,0
0,0.00904869533406189,0
0,0.5831172602301649,1
0,0.4718801348971159,0
0,0.04664011051683219,0
0,0.07791324263606295,0
1,0.8227637851298021,1
0,0.03199241251625354,0
1,0.8835727255185443,1
0,0.018684088915450748,0
1,0.6264613046524338,1
0,0.2098568004375062,0
0,0.06793082933447385,0
0,0.04342537488892039,0
0,0.5230035923191932,1
0,0.057600543899028904,0
1,0.9132204598105494,1
0,0.4020237486834178,0
0,0.6367355919380528,1
0,0.6464981166620175,1
0,0.11883596259702306,0
0,0.004125960210726301,0
0,0.21015234872397803,0
0,0.01602260981953132,0
0,0.5419539782646481,1
0,0.17337806929588787,0
0,0.04443286932099318,0
0,0.3501941728546437,0
0,0.27004458483508825,0
0,0.06241410961839796,0
0,0.30385193175430997,0
1,0.8713164737239093,1
1,0.9212372582842993,1
1,0.9191989661943345,1
1,0.9277246607049255,1
0,0.21800223129601173,0
0,0.9254393956515549,1
0,0.17794813711782223,0
0,0.010930158429001573,0
0,0.09214299886686753,0
0,0.0324333017299329,0
0,0.010956435750442578,0
0,0.0235844713883557,0
0,0.314957037410815,0
0,0.14991527454097314,0
0,0.7143726680072754,1
0,0.11919174172590469,0
0,0.06757237957985897,0
0,0.0003983886473857548,0
0,0.00902606273421687,0
0,0.11874135383853822,0
0,0.4860867754578821,0
0,0.7294025261884574,1
1,0.7046404397225395,1
0,0.00864182557197718,0
0,0.004615172235809995,0
0,0.2728709331409991,0
0,0.11099317760416916,0
0,0.03027401416482199,0
0,0.023395432901744725,0
0,0.00029412343173400405,0
0,0.21109802093890365,0
0,0.4252996805698619,0
0,0.011459123397978293,0
0,0.034875950498229565,0
0,0.42421898142341685,0
0,0.0003745573688617613,0
0,0.44377426024464056,0
0,0.11582977417135813,0
0,0.05023002386580905,0
0,0.09116866254244786,0
0,0.003516870326451594,0
0,0.026552558414832828,0
0,0.3620037194967889,0
0,0.03968120865355548,0
0,0.026062780456321766,0
0,0.2833924365025249,0
0,0.09213476079410057,0
0,0.1296215999023432,0
0,0.13356761790699523,0
0,0.6264992227989655,1
1,0.754578217156927,1
0,0.013854019051933997,0
0,0.05324246929177207,0
1,0.8281442945179713,1
0,0.08921962358406804,0
0,0.5269851486976768,1
0,0.023588184153891054,0
0,0.39935778380725667,0
0,0.023439508174665034,0
1,0.6667899776068685,1
0,0.011762491938325677,0
1,0.5383216057474473,1
0,0.004037463520691365,0
1,0.5349289827938168,1
0,0.047371867343063465,0
0,0.04435839463345395,0
1,0.9801589311869191,1
1,0.7746666864536687,1
1,0.8908171512050317,1
0,0.08255079889013153,0
1,0.6602720034837103,1
1,0.8903429740664979,1
0,0.5445292985250979,1
0,0.041719489681162306,0
0,0.007997431373438122,0
1,0.7827288479510968,1
1,0.898286114457903,1
0,0.014065848792673167,0
1,0.488450296600577,0
1,0.9787721363464239,1
0,0.07307583386686815,0
1,0.9601684329008437,1
0,0.0972144181298109,0
1,0.5857045138778346,1
0,0.14567654273445754,0
0,0.38567281280530413,0
0,0.028169855598563144,0
1,0.8082039930607582,1
1,0.7793871116693236,1
0,0.09483236909172729,0
0,0.006966557335918148,0
0,0.11204598951718059,0
0,0.0054595148937773615,0
0,0.250378123599874,0
0,0.31249514531428557,0
1,0.5574463761024409,1
0,0.6354601924723704,1
1,0.7064326104450215,1
0,0.015965436236820146,0
0,0.001385886178855894,0
0,0.01145707327099975,0
0,0.3800897905508609,0
0,0.009798808895450659,0
0,0.04766839896994327,0
0,0.06483591517118535,0
0,0.001599203455968311,0
0,0.1923403342782315,0
0,0.01935358058443619,0
0,0.011342484721652153,0
0,0.015106262598803065,0
1,0.6536287105700228,1
0,0.35520681725221076,0
1,0.903403208484977,1
0,0.10371849441334788,0
0,0.6511200178752355,1
0,0.10394185592587912,0
0,0.26552508221667076,0
0,0.06273330982011265,0
1,0.7119848045293441,1
1,0.8351341461763409,1
0,0.4692226634954826,0
0,0.25372130630072626,0
0,0.1612314607991575,0
0,0.13618289747492282,0
0,0.01907226251241453,0
0,0.3596657484931611,0
0,0.5425589179061824,1
0,0.13157290963262944,0
0,0.04011288219044986,0
1,0.021342204955092214,0
0,0.442334739128268,0
0,0.13066756635095095,0
0,0.012812038479798752,0
0,0.062468658624144024,0
0,0.01343334643377644,0
1,0.36170053064889,0
0,0.41907616395840186,0
0,0.02631746477496399,0
0,0.39148442994231414,0
0,0.05645361748106436,0
0,0.6309562190062219,1
0,0.6117610327223375,1
0,0.11503752584573801,0
0,0.005556510406551376,0
0,0.17189465406073198,0
1,0.7516629902799328,1
0,0.47410320872192463,0
1,0.9371605145132563,1
0,0.09385779430618169,0
1,0.7949330898071398,1
0,0.3409902168817006,0
0,0.10965725885230361,0
0,0.591433896006051,1
0,0.19471544734557494,0
0,0.14207144236269265,0
0,0.016072553305569188,0
1,0.8006605607992794,1
0,0.6184735081402276,1
0,0.008932523573710775,0
0,1.1870435497536958e-05,0
0,0.003098228794362173,0
1,0.98702722429135,1
0,0.174826819444036,0
0,0.019799189700360733,0
0,0.1186067333544648,0
0,0.34299164627911827,0
1,0.8792735366828023,1
0,0.2506169362160453,0
0,0.03587065063356512,0
0,0.023621941765455446,0
0,0.371503454771002,0
0,0.2378342562959358,0
1,0.9729098496804075,1
0,0.02870260620628819,0
0,0.6778348844909426,1
0,0.7390847075381758,1
0,0.2949580388342666,0
0,0.12582491377839236,0
0,0.06554671141977575,0
1,0.8050629175491469,1
0,0.030282076456789778,0
0,0.05051302189496858,0
1,0.8383949310146813,1
0,0.276214487504314,0
0,0.16576976874710184,0
1,0.9059702257678002,1
1,0.6965783465981726,1
0,0.41893478963503017,0
0,0.06698144653764392,0
1,0.9950765034755776,1
1,0.7571022324478707,1
1,0.37606165886965087,0
0,0.006650491976832937,0
0,0.010801123299649046,0
1,0.9191656468589742,1
0,0.26766461300744077,0
1,0.6760781506761835,1
0,0.017939225415432532,0
0,0.006524075326286705,0
1,0.6017887731051789,1
0,0.07410478759757963,0
0,0.0353692387971734,0
1,0.6181115991923244,1
0,0.0584479316800812,0
0,0.061475361172034476,0
0,0.01170449744266648,0
0,0.052919457951525715,0
1,0.2726188428248637,0
0,0.2793365999816128,0
0,0.012539700890165121,0
0,0.0030011154830181996,0
0,0.001658292306702921,0
1,0.9778237012302307,1
0,0.10339411890873801,0
0,0.4380575226447752,0
0,0.7780512300806088,1
0,0.5738546074686519,1
0,0.6908060030712126,1
1,0.5753408224233516,1
0,0.0031489592845828805,0
0,0.7955104944240217,1
0,0.37358693929864484,0
1,0.7827632223038794,1
0,0.05251546098550435,0
0,0.10984353473167613,0
1,0.21414581421204854,0
0,0.034224652249713994,0
0,0.2577080759811582,0
1,0.0860739467053422,0
0,0.07377587016081362,0
0,0.4246222474730442,0
0,0.0018132439046799472,0
1,0.9131803368946134,1
0,0.37167402653905596,0
0,0.49591404174443304,0
0,0.004657664376166313,0
0,0.0003586660980742641,0
1,0.5764707622400401,1
1,0.7935803781680826,1
0,0.028949789320620353,0
0,0.0016865796059626903,0
1,0.4338489789349905,0
0,0.5963529786371048,1
0,0.2286677256096396,0
1,0.833797329418078,1
0,0.015706466978971097,0
0,0.01864383922381306,0
1,0.8045999317578743,1
0,0.6885400160249592,1
0,0.20022566943331704,0
0,0.6809580850859268,1
0,0.024006641629459067,0
0,0.007124989494851947,0
0,0.37418577056919083,0
0,0.002767593076361702,0
0,0.5450507713238392,1
0,0.8862631094947712,1
1,0.5957186750563068,1
1,0.5097482128368209,1
0,0.4606430118896375,0
1,0.9362658929316181,1
0,0.3037934202260098,0
1,0.6810888281430532,1
1,0.8352791946876388,1
1,0.7177753730715184,1
0,0.5892220358899041,1
0,0.05558546734913424,0
1,0.6384569113361237,1
1,0.7513032711672945,1
1,0.9840530266439277,1
1,0.962886191212588,1
0,0.09618810221062071,0
0,0.016404329840155014,0
0,0.01825042061497413,0
0,0.0009934123655523641,0
1,0.7874861201443687,1
0,0.01855681962756908,0
0,0.2043201722531258,0
0,0.1900296974253512,0
0,0.6002320689991876,1
0,0.10543403661219772,0
1,0.533325804999192,1
1,0.8527685314096058,1
0,0.2886515471431745,0
0,0.09683034755558499,0
0,0.44176422908620516,0
0,0.531790327337166,1
0,0.38526428441791877,0
0,0.03430644664351158,0
0,0.048005277195863935,0
0,0.08491832306929206,0
0,0.3882457490751593,0
0,0.16683676935836778,0
0,0.3116976148296774,0
0,0.5157046336829542,1
0,0.10913528849125216,0
1,0.7021860029661992,1
0,0.013280701819254361,0
0,0.008740707761041194,0
0,0.19085255990477676,0
0,0.6143105231480234,1
0,0.06604124652733441,0
0,0.0026688092994359897,0
0,0.04917789472484151,0
0,0.3688164367040929,0
0,0.022871393611971172,0
0,0.06494894324008157,0
0,0.3505597617618577,0
1,0.8572112324076827,1
0,0.04883055143021748,0
1,0.8998294638460336,1
0,0.5762352036872362,1
0,0.24051702006433634,0
1,0.4050821560030945,0
0,0.5978639161088349,1
0,0.7024740755033765,1
0,0.18797735642890834,0
1,0.7539140884534759,1
0,0.36230935793659685,0
0,0.5325208423543002,1
1,0.4487064042689798,0
0,0.7518370688856124,1
0,0.0003436055031337053,0
0,0.00824349819214341,0
1,0.7855644137979673,1
1,0.9722274366941857,1
1,0.4457543576008421,0
0,0.1425605851493713,0
0,0.03289292991933691,0
0,0.11647599599094133,0
1,0.8975782337453353,1
0,0.5854992523798463,1
0,0.12133721905526416,0
0,0.6885827790917657,1
0,0.05096912693504576,0
0,0.0005442156610129959,0
0,0.2282389831622864,0
0,0.016969903010453154,0
0,0.5145958766514653,1
0,0.22929853845842071,0
0,0.3077970226949055,0
0,0.21140280443503032,0
0,0.0023634209701020054,0
0,0.2143771916922809,0
0,0.0042999706436553705,0
1,0.9524684987967481,1
0,0.6316329069687147,1
0,0.06736017642531941,0
1,0.617196356475837,1
1,0.8328246955750045,1
0,0.1622594842826965,0
1,0.983233999918541,1
0,0.03072466963465706,0
0,0.20185103393540804,0
0,0.04045201824273157,0
1,0.9327255272583299,1
0,0.32841577663768184,0
0,0.34507249388406586,0
0,0.042378572359970876,0
0,0.11236602799388683,0
1,0.5436781945933613,1
0,0.017238789929784823,0
1,0.43764364132468464,0
0,0.241364050910164,0
0,0.0009785299170575773,0
0,0.4894601200427987,0
1,0.9834195730350503,1
0,0.02919650188419398,0
0,0.40964337458108196,0
1,0.6919448339907511,1
0,0.22365523619006988,0
0,0.5773992096463484,1
0,0.6462150929427726,1
0,0.08559998539371003,0
0,0.32947063168776025,0
0,0.02691468082239568,0
0,0.3361717037316546,0
0,0.0001912781861493642,0
0,0.003626765359915166,0
1,0.959987399384896,1
1,0.9791936778784952,1
1,0.8636436492982108,1
0,0.004723981127113702,0
0,0.000155793573053999,0
1,0.7858270845587157,1
0,0.00479408750613554,0
0,0.408719295622907,0
1,0.8701894859893764,1
0,0.6211888220562959,1
0,0.20668793857162288,0
0,0.36812865120385074,0
0,0.6824507463800452,1
0,0.7811914879773739,1
1,0.8149775348073527,1
0,0.013100942717005144,0
1,0.9154884985854133,1
0,0.0001933446760497875,0
0,0.01317090372209474,0
1,0.8973051390513251,1
0,0.00034399573503911246,0
0,0.04122433167241734,0
0,0.1093507587794464,0
1,0.5024892783173788,1
0,0.11952402742212517,0
1,0.7750974693667324,1
1,0.8839682813704383,1
1,0.144294227284387,0
0,0.19728988347859414,0
0,0.21212786240761838,0
0,0.0864109445707802,0
0,0.17978546649664032,0
0,0.0026811585754847596,0
0,0.1331291026320808,0
0,0.44661018711058764,0
0,0.06759720568240744,0
0,0.05121879012191917,0
1,0.6147809006043359,1
0,0.6781282128607682,1
0,0.18107480296579556,0
0,0.1668802817007139,0
1,0.8201886118534443,1
0,0.16243315525758953,0
0,0.0008318296497802987,0
0,0.005129740631040156,0
1,0.9788183464856268,1
1,0.7143455750631231,1
0,0.24198038779899123,0
0,0.08087827201514951,0
1,0.23880733823031244,0
0,0.028583612944597932,0
0,0.03385995926262571,0
0,0.4905249136690781,0
1,0.7696367756277289,1
1,0.5092441611141378,1
0,0.12188496004411431,0
0,0.31917284026269543,0
0,0.5377353198379236,1
1,0.7983766872432766,1
0,0.029585059336891924,0
0,0.06247699663052407,0
0,0.5675072055417675,1
0,0.18020106206037934,0
0,0.06529681727928323,0
0,0.03787791088481424,0
0,0.525259172274169,1
0,0.08026291493277923,0
1,0.907117415771718,1
1,0.3166593284474757,0
0,0.1475878249402891,0
1,0.8814797010239128,1
1,0.9041987087288178,1
1,0.8976841397062159,1
0,0.0015750797536433557,0
0,0.3051794229485545,0
0,0.23855899907607314,0
1,0.43568889498811064,0
0,0.48646740062403865,0
0,0.017807457014532325,0
0,0.757339390052655,1
0,0.004005274622101455,0
0,0.020936603152627145,0
0,0.7256795046131881,1
0,0.022585199909239843,0
0,0.0023196642816534258,0
0,0.026488449298831106,0
0,0.4641718938382565,0
0,0.25429640408222876,0
1,0.9182234626384809,1
1,0.9944501580579811,1
0,0.01073472909733395,0
0,0.5910442002284187,1
0,0.33866640384728325,0
1,0.9473535391847052,1
1,0.8166472706372804,1
0,0.49479180348277935,0
0,0.2886965369841937,0
0,0.09505383268460856,0
0,0.6695308728834899,1
1,0.9859103792858923,1
0,0.035778820627845535,0
1,0.6211958777741574,1
0,0.4657240092495124,0
0,0.24220799430175022,0
0,0.1225936031562054,0
0,0.14118521723963068,0
0,0.22609678852941129,0
1,0.9931806155417473,1
0,0.1354257345624977,0
0,0.15038450792511984,0
0,0.55988143626082,1
0,0.4237079972608443,0
0,0.37117744690972787,0
0,0.18503201276976772,0
0,0.07150169260493483,0
0,0.07286037861985933,0
1,0.944717372745517,1
0,0.024971410933480633,0
1,0.8468856476357155,1
1,0.8844796776463344,1
0,0.2268976094325572,0
0,0.03715043301907805,0
0,0.4311446499519158,0
1,0.9097942043235686,1
0,0.18194337848763317,0
0,0.008055729529890684,0
0,0.681249818520874,1
0,0.0008033005866394274,0
0,0.008802663122867168,0
0,0.0006979997694336751,0
0,0.8071462166989083,1
1,0.747113465791501,1
0,0.3825548603096619,0
1,0.5617466290348215,1
0,0.3718916463007561,0
1,0.867554315452436,1
0,0.00581730605930651,0
1,0.44628512791461095,0
0,0.12885518153196884,0
0,0.0505787985366925,0
1,0.9669013785483517,1
0,0.2880973348821013,0
1,0.9884394174848649,1
1,0.21827349948630867,0
0,0.03192037286856026,0
0,0.020765265411170332,0
0,0.003470411106003108,0
1,0.8848838283960075,1
1,0.7670025227861516,1
0,0.32355758642873816,0
0,0.2150735280987954,0
0,0.0024166544999872637,0
0,0.8510878868860671,1
1,0.47879723196598084,0
0,0.49305991362316176,0
0,0.051701932947132094,0
0,0.8306242121419708,1
0,0.3982338497171021,0
1,0.49561197749277985,0
0,0.38597109885397485,0
0,0.0047796143947744256,0
0,0.09513163163525332,0
1,0.0899533774060795,0
0,0.00832961859012316,0
0,0.21347903890756403,0
1,0.8219723453159782,1
1,0.8907381836958416,1
0,0.023076341161480884,0
0,0.6922910896583476,1
0,0.00644112888116453,0
0,0.27170528413422174,0
0,0.4915005324409956,0
0,0.4075544110697984,0
0,0.08671403738179602,0
0,0.5892025847661545,1
0,0.4405773982585384,0
0,0.28434591276797916,0
0,0.02522496576189911,0
0,0.677029503147972,1
0,0.022457083887966533,0
0,0.09215551856448673,0
0,0.380628628755025,0
0,0.2641833325304483,0
0,0.026302345342159784,0
0,0.24540135000708393,0
1,0.9544030344378086,1
0,0.029498967240595603,0
1,0.8948035416042643,1
0,0.42382922594132194,0
0,0.3469418894837416,0
1,0.8331741013938108,1
0,0.05230169022706262,0
0,0.0019386211407973067,0
0,0.6184419646318845,1
0,0.005307264586789688,0
0,0.6541207020461252,1
1,0.9717314431981083,1
0,0.00013707790515862548,0
0,0.32980331052951933,0
0,0.643094187979182,1
0,0.15687599479104591,0
0,0.8134948116208924,1
0,0.0006403869327647222,0
1,0.8905901919839423,1
0,0.33645896111365103,0
1,0.9735562461668805,1
0,0.07477166360826296,0
0,0.6083849905569473,1
0,0.2792918683230541,0
0,0.023242644885846823,0
0,0.007107293239506492,0
1,0.9454367580667533,1
1,0.8658282952663136,1
0,0.0878094858340842,0
0,0.004504907832948866,0
0,0.3491328570685213,0
0,0.47553761348614493,0
0,0.581714440711394,1
0,0.029809379714141795,0
0,0.09805172311485866,0
0,0.13202892279508782,0
0,0.03607728803151875,0
0,0.00875144970154724,0
0,0.0306604224116378,0
0,0.011299599471439487,0
0,0.44400559355857944,0
0,0.058854242777105166,0
1,0.849795723930831,1
0,0.6484932936352245,1
0,0.0745005977226305,0
0,0.11093553600425726,0
0,0.029940570620016545,0
0,0.8787202430450132,1
0,0.034332723048349945,0
0,0.02162167768245753,0
0,0.670273495241691,1
0,0.024849635361524895,0
0,0.5791230605530925,1
0,0.007560391689306853,0
0,0.4108393321059152,0
1,0.8493437219153086,1
0,0.008245332771661945,0
0,0.009815725409226456,0
0,0.534850612616528,1
0,0.49263345994717533,0
0,0.001781597429465599,0
0,0.7590967985424367,1
1,0.6059590815627857,1
0,0.7581924021179436,1
1,0.5923332874818119,1
0,0.0008531347508805068,0
0,0.0002337334163029008,0
0,0.08619445440256059,0
0,0.0020708392566928476,0
0,0.0014961572050464294,0
0,0.7259047013417523,1
0,0.006088334889838774,0
0,0.011955617158374428,0
0,0.0012663693957289033,0
0,0.04008781861884276,0
0,0.5289441277124104,1
0,0.1639222647635394,0
0,0.05743094767266257,0
0,0.029482543104414206,0
1,0.8710554082888889,1
1,0.9870065542077376,1
0,0.2932270586756176,0
0,0.00022317300639203942,0
1,0.8961986564652368,1
0,0.0033680424219689553,0
0,0.004863409869680896,0
0,0.06339994828048252,0
0,0.04103200408613154,0
1,0.5285967724472671,1
1,0.40953494112222405,0
0,0.11872124047418953,0
0,0.0011132443721415864,0
0,0.43887211305749985,0
0,0.008957976102765627,0
0,0.019632074703337252,0
1,0.2093138591360639,0
0,0.232794913325853,0
0,0.2903734487739094,0
0,0.8927777349477346,1
0,0.7100292659320092,1
0,0.005805152203231248,0
0,0.03136804556931492,0
0,0.00040047154065342834,0
0,0.6454854488103495,1
1,0.869996477665956,1
1,0.9156243694676283,1
0,0.22518710796608046,0
1,0.598266087222595,1
0,0.6006437401229402,1
0,0.016823315538720976,0
0,0.3112069826259996,0
0,0.22934514620154478,0
0,0.17328451144805598,0
1,0.5524424532878475,1
0,0.4101376110696372,0
0,0.1280464024878375,0
0,0.6269410127826068,1
0,0.21119600993950643,0
0,0.0012394288572052305,0
0,0.10263830351935568,0
1,0.7410115143718929,1
1,0.2596440139736988,0
0,0.18894301028686922,0
0,0.03888817902347382,0
0,0.02449494611063063,0
0,0.1951541165702575,0
0,0.03592166327516424,0
0,0.3590384136262454,0
1,0.8953462126683576,1
0,0.03837909519772865,0
1,0.9725472982730268,1
0,0.011371488501947925,0
0,0.03151924048588939,0
1,0.6852824167594554,1
0,0.20244103587085613,0
0,0.00024820358584412165,0
0,0.7878434154923756,1
1,0.6353541392561032,1
1,0.9005537504295599,1
0,0.21606038336163158,0
0,0.8221049968204984,1
0,0.0008508668386873045,0
1,0.9499264163140271,1
0,0.003528325397081127,0
0,0.5379466675422325,1
1,0.9928488238207863,1
0,0.04029953709702188,0
1,0.7310928410963499,1
0,0.001946107250403066,0
0,0.005682525522184982,0
0,0.0004530188751524848,0
1,0.9739791047747388,1
1,0.7447492836980266,1
0,0.04848723042671855,0
0,0.2896008428952124,0
1,0.6409007112357721,1
0,0.24542557046215052,0
0,0.0006966272658903974,0
0,0.0244197770268896,0
0,0.046341631824934844,0
0,0.058346407107589066,0
1,0.969560522853222,1
0,0.024132349259996817,0
0,0.04110760738994337,0
0,0.0009415619313197468,0
0,0.03029279025804446,0
0,0.0003330094054570519,0
1,0.788723823714377,1
0,0.062120470942252946,0
0,0.24850651657843084,0
0,0.0016945032740527078,0
0,0.0012394288572052305,0
0,0.07204348782358312,0
0,0.5360770823274283,1
1,0.3202583738927851,0
0,0.2267161218220378,0
0,0.3072421219964431,0
1,0.8050820200972895,1
0,0.15151993131234215,0
0,0.010533746381363118,0
0,0.2633197236615928,0
0,0.5250685104424653,1
1,0.21759133378476933,0
0,0.08368160528686801,0
1,0.7698669445509448,1
0,0.1748888910172987,0
0,0.024931829330854898,0
0,0.27363553668422713,0
0,0.05077825419190932,0
0,0.7685966366655553,1
0,0.13875211257314587,0
0,0.3196940600103699,0
1,0.8249385207543087,1
0,0.5553824611952517,1
0,0.2099607865696335,0
1,0.7600716995328617,1
0,0.08787432555245153,0
1,0.2990571616870167,0
0,0.014686765231677308,0
0,0.1962283982045067,0
1,0.6742702791138601,1
0,0.7800422437458439,1
0,0.026730935833560624,0
0,0.22069648679717582,0
0,0.04044226494937104,0
0,0.27762325965526785,0
1,0.9894044002691944,1
0,0.0159916578290831,0
0,0.07603612930351106,0
0,0.004244090234230625,0
0,0.7200980896272685,1
0,0.5648770671930521,1
1,0.9721664231574508,1
1,0.8533509096775064,1
0,0.002251163277776611,0
0,0.23959526548414298,0
0,0.14116559479714508,0
0,0.003639239340703308,0
0,0.00037020797121673014,0
1,0.7667999993507544,1
1,0.8135884356851267,1
1,0.39106351978338344,0
1,0.8749957261679229,1
0,0.30735437365120083,0
0,0.0011824185199353088,0
0,0.20630181082821847,0
0,0.014074613169980316,0
0,0.17825233292004855,0
1,0.7797654392709664,1
0,0.006333166208131845,0
1,0.8627314523421353,1
0,0.13490774948350598,0
0,0.08512472580898962,0
0,0.7302323701601332,1
0,0.010193816371627877,0
0,0.32582205935235414,0
1,0.7459305763631706,1
1,0.8900248376680466,1
1,0.5439106447317978,1
0,0.018801850369213974,0
0,0.09518340245824905,0
0,0.7284312548322682,1
1,0.9642337358410036,1
0,0.4660341320453219,0
1,0.2248812947513404,0
0,0.0042043437438844715,0
1,0.9500623231395527,1
1,0.9135670164715713,1
1,0.16494289531829234,0
0,0.13637976103407448,0
0,0.28388674113119566,0
1,0.7411960336490496,1
0,0.6338269669497204,1
0,0.009478507283016434,0
0,0.6497286232733194,1
0,0.09538715420099621,0
0,0.0012222109553989469,0
0,0.03392682993572076,0
0,0.12537845699377426,0
1,0.6970236770848315,1
0,0.02882511257918379,0
0,0.0011159638133853573,0
0,0.44530357222103834,0
0,0.3454865851727612,0
0,0.0003139533974072933,0
0,0.36286161854180043,0
0,0.028013443426654506,0
0,0.16908728537879847,0
0,0.5208854844228449,1
1,0.8675373606448947,1
0,0.022483422728872195,0
0,0.07081966145274059,0
0,0.037041354318895,0
0,0.06227199824040118,0
1,0.9145518505047036,1
0,0.07143112790544501,0
0,0.21704833158298556,0
0,0.006560363282827422,0
1,0.7000264699731353,1
1,0.2879732194108571,0
0,0.12430700750345665,0
0,0.16022735655657697,0
0,0.4742975807587995,0
0,0.5731184216444484,1
0,0.003468225761157995,0
0,0.018502357702831016,0
0,0.028291009800655333,0
0,0.00025400283881525047,0
0,0.427416327613954,0
0,0.2569890365813197,0
0,0.04114484819828134,0
0,0.09362234972188645,0
0,0.002363398977031325,0
0,0.0017018361029671977,0
0,0.00018103626420439055,0
1,0.5658453326634122,1
0,0.02728494335045701,0
1,0.9906292507145011,1
0,0.6541869935758869,1
1,0.7548143024906435,1
0,0.012880326471815766,0
1,0.9910633510538279,1
0,0.13579499348275792,0
0,0.10223058688676433,0
0,0.12283623504857917,0
0,0.23223408789160396,0
0,0.0917947216967092,0
0,0.6208032133231923,1
0,0.025046331503228072,0
1,0.892689177082637,1
0,0.24193535066479935,0
0,0.06878227101511009,0
1,0.8824151952490055,1
1,0.9083288463504647,1
0,0.06707229215248421,0
0,0.027984000686067573,0
1,0.7162759953961465,1
0,0.5914536714574807,1
0,0.03621679543760994,0
0,0.09786109091234785,0
0,0.2998616985667467,0
0,0.01477183650116929,0
1,0.9403604984737768,1
0,0.2613719023302843,0
1,0.7988832042390608,1
0,0.7475567912704997,1
0,0.008261673808948548,0
0,0.06391871858662829,0
0,0.015115865309997494,0
1,0.7447178028663975,1
0,0.03595753140265217,0
0,0.007321911596164442,0
0,0.05619676230859902,0
0,0.34873601956033634,0
0,0.054542489920364354,0
0,0.04499845250907948,0
1,0.9082064109587393,1
1,0.878495276721409,1
0,0.3905367218143018,0
0,0.23426410230075193,0
1,0.9902667233115682,1
0,0.3449483941762422,0
1,0.5722045630804721,1
0,0.1427033689589434,0
1,0.7141649888598329,1
0,0.0704659241530926,0
0,0.007181429954320192,0
1,0.6904386075216655,1
1,0.7801877570952953,1
0,0.7534593552565879,1
0,0.013781748969166134,0
0,0.012247883611193633,0
0,0.018457120688453687,0
0,0.257826534747944,0
0,0.4328193987711315,0
0,0.040628506636292416,0
0,0.021327073739296612,0
0,0.034415289020803215,0
0,0.757662691232222,1
0,0.02197973413942463,0
0,0.050362189644871776,0
1,0.8132434398969819,1
0,0.00012206993693301601,0
0,0.06309801119485935,0
0,0.00570084627914759,0
1,0.9063491491104798,1
0,0.020406910460831963,0
0,0.07850356265232074,0
0,0.00365718575209742,0
1,0.8664514384447572,1
0,0.022766714979402282,0
0,0.306185772947193,0
0,0.5161144303274913,1
0,0.004874993941272466,0
0,0.12308523309854207,0
0,0.043191538304593755,0
0,0.0001671885226429451,0
1,0.6557271723256757,1
0,0.7895362853460997,1
0,0.4070392850959477,0
1,0.9808760341555512,1
0,0.026214986910280364,0
0,0.7833397894212525,1
0,0.0013650502743156431,0
1,0.9140653492241921,1
0,0.4484937284379162,0
0,0.46774013325192515,0
0,0.14453635249976984,0
0,0.4211597746886713,0
0,0.1594401958967131,0
0,0.10659574724422136,0
0,0.6956967477356374,1
0,0.4805351024498298,0
0,0.01999899688553433,0
1,0.9930946614109835,1
0,0.401179932962542,0
0,0.33018060171429153,0
0,0.15673117464654707,0
0,0.027708029002156263,0
1,0.5350259507761688,1
0,0.20174313117894863,0
0,0.30583299521651836,0
0,0.2345452269312835,0
0,0.34255745486449324,0
0,0.16049410356497162,0
1,0.4025284346472849,0
0,0.025558624475176404,0
0,0.012839685443075661,0
0,0.22881402187696048,0
0,0.640941075693142,1
0,0.2705574986968986,0
1,0.5849169049184519,1
0,0.014735163251588655,0
0,0.8780817990437584,1
0,0.2353040590330546,0
0,0.5538718004911467,1
0,0.2051863140265322,0
0,0.2812949071485757,0
0,0.1109225368677514,0
0,0.01923104622638066,0
0,0.026172310689385525,0
0,0.4779544705623759,0
0,0.05628980413443908,0
1,0.9945835282520645,1
0,0.2639620171455425,0
0,0.0012678176680978414,0
0,0.136618366951471,0
0,0.23571292350084874,0
1,0.8514812139377598,1
0,0.4838605369281279,0
0,0.01911619070405558,0
1,0.7362102281505714,1
0,0.032615527109097965,0
1,0.7246494145298482,1
0,0.08722626412037554,0
0,0.3310790896800711,0
1,0.485758568111714,0
0,0.6917025146013153,1
0,0.028913646593607182,0
1,0.8807091800017612,1
1,0.8252752351447882,1
0,0.06475163070017052,0
0,0.012327539796052838,0
0,0.6495624258430017,1
0,0.06100438811337264,0
0,0.42062429343040464,0
0,0.015658857592447308,0
0,0.681011234350239,1
0,0.001208973669478045,0
1,0.8690779288901641,1
0,0.34419154509311073,0
0,0.003369951422828655,0
0,0.03171250889647073,0
0,0.01463705932819242,0
0,0.3711830679413946,0
0,0.3196673391407486,0
1,0.30391542234440566,0
0,0.0008841878006464791,0
1,0.5993889857716955,1
0,0.7967629342792178,1
0,0.47367588958264,0
0,0.41126644454081934,0
0,0.00861071892686655,0
0,0.00968560867706682,0
0,0.3174107898796988,0
0,0.11428765571517381,0
0,0.671785735330142,1
0,0.054677626825248814,0
0,0.14389508895743996,0
0,0.41503622476401986,0
1,0.4042114618289353,0
0,0.015542290085378295,0
0,0.02189425311154955,0
0,0.3439407624012927,0
0,0.585420496722991,1
1,0.7229312261943285,1
0,0.2619045758030029,0
0,0.0011208656674618347,0
0,0.2604345833684963,0
0,0.6221774046727405,1
0,0.021684357994601732,0
1,0.8897815211542018,1
0,0.023695938862038197,0
0,0.3516715750580779,0
0,0.03055253416309237,0
1,0.9195948238443119,1
1,0.5094243179771248,1
1,0.924329438658364,1
1,0.6302455828778916,1
1,0.6891318301194851,1
1,0.8315978740138207,1
1,0.711677104047148,1
0,0.3700421620510605,0
0,0.02075182307103852,0
0,0.03858447959275906,0
0,0.5838873073761147,1
0,0.29932762344931996,0
0,0.017324217835154605,0
0,0.6022755781641079,1
0,0.0075490162258173505,0
0,0.04553864189516603,0
1,0.8362256192650439,1
0,0.3276383996858447,0
0,0.33642971613698774,0
0,0.015227784056573993,0
0,0.21021085797406278,0
0,0.16149830938704451,0
1,0.5440588690079252,1
0,0.06734133122586672,0
0,0.3741696297765568,0
1,0.35375905639889643,0
0,0.009066776124634447,0
1,0.9438495458938292,1
0,0.11000305783129317,0
0,0.6339510133187803,1
1,0.9228532358155095,1
0,0.13799843538319842,0
0,0.05188640114323441,0
0,0.7157699618844621,1
0,0.00484119472376192,0
0,0.016716257429217438,0
0,0.0305179097910795,0
0,0.3155966522306105,0
0,0.0002684049896042499,0
0,0.34364160825628765,0
0,0.005982642123397053,0
0,0.45177802626145613,0
0,0.6607084497003676,1
0,0.05607550097033101,0
1,0.9925435408056212,1
0,0.004193728893756775,0
0,0.06188880936439311,0
0,0.2502482289351531,0
0,0.1635305184229926,0
1,0.7045072911007515,1
0,0.5819993633164169,1
0,0.19222665830103047,0
1,0.3485678064571552,0
1,0.6091025364809639,1
0,0.016003761171593897,0
1,0.7842778746996089,1
0,0.6199334499021689,1
0,0.002697305976171344,0
0,0.6260809731783215,1
0,0.6344069933627214,1
1,0.8554861882270702,1
0,0.13530891421389632,0
0,0.008834992576282893,0
1,0.9924943004316793,1
0,0.09217728390933591,0
0,0.01888157414647876,0
0,0.27580107462795694,0
1,0.9555545635161338,1
1,0.8671089651098683,1
0,0.0037283160282257028,0
0,0.0769578747574763,0
0,0.21216594014281753,0
0,0.578056949635954,1
0,0.6680607853918907,1
0,0.2620172919574742,0
0,0.1593580052928028,0
0,0.10637371108864485,0
1,0.6967207724434162,1
0,0.0024924796578246313,0
0,0.0989153597468642,0
0,0.4393697228929914,0
0,0.5607601938345966,1
1,0.6887792709138977,1
1,0.7992923091651772,1
0,0.44836830377428405,0
0,0.7732401179134618,1
0,0.5769419935115394,1
0,0.09590219877873535,0
0,0.046789711564479336,0
0,0.041771385428339976,0
0,0.3109727957350012,0
1,0.18170842124781209,0
0,0.015844311294065595,0
0,0.7441059835658442,1
0,0.03201890932373594,0
1,0.7539575522907295,1
1,0.9328291409908015,1
0,0.02088476885975575,0
1,0.5601827221680141,1
0,0.003659841542615816,0
0,0.04337342967292813,0
0,0.0028049487390450906,0
0,0.26449927142066976,0
0,0.004559019406394653,0
0,0.5605820343458952,1
1,0.8836174888140375,1
1,0.673580625757918,1
0,0.11240567753407028,0
0,0.3037775302774368,0
0,0.2421003078750507,0
0,0.0009422762457733171,0
0,0.0924991681762087,0
1,0.30076685565328004,0
1,0.6910969461246448,1
0,0.0031067939943728896,0
1,0.9474201745095705,1
0,0.2622895399847672,0
0,0.023941467332435785,0
1,0.9091763163651435,1
0,0.6715628498371029,1
0,0.031637425765938795,0
0,0.27897929917337666,0
0,0.004688023479878498,0
0,0.4887215849353488,0
0,0.048951397832680474,0
0,0.020392453830015908,0
0,0.5801462779340597,1
0,0.09534360229664851,0
0,0.007186612872310925,0
0,0.04809341915558157,0
0,0.329099030136466,0
0,0.10854983782428533,0
0,0.4014464093438921,0
1,0.42990012548135326,0
0,0.10744852365903718,0
0,0.04622467510128661,0
1,0.9211628563039393,1
0,0.05252582553873708,0
1,0.7351995322460417,1
1,0.9621526337904136,1
0,0.09886911500531428,0
1,0.6129468374238607,1
0,0.0015823740487681077,0
0,0.19870594959789448,0
0,0.5342647708487747,1
1,0.9175189316952956,1
0,0.15450867898333673,0
1,0.7390197663910505,1
0,0.44629736234459966,0
0,0.7404547703977445,1
0,0.002982504221122724,0
1,0.4818841023906385,0
0,0.049576373942560134,0
0,0.8692897811991327,1
0,0.059084119933570434,0
1,0.9056577345489583,1
1,0.9270341911011619,1
0,0.265644958760256,0
0,0.046970855955455144,0
0,0.5887104187888589,1
1,0.5548450334986458,1
1,0.9948735386470063,1
0,0.01918649743799997,0
0,0.00016523294559700428,0
0,0.6797937277368022,1
1,0.910693157990335,1
0,0.08022900056938842,0
0,0.007679539372971753,0
0,0.021158917382556243,0
0,0.003309284659408505,0
1,0.9449203915819295,1
0,0.3163075872796622,0
1,0.9887329366183276,1
0,0.6822759821531564,1
0,0.4896834458544011,0
0,0.03437103820763951,0
0,0.08692075146404522,0
1,0.17047161147193204,0
0,0.02836434524464685,0
0,0.786324023598258,1
0,0.019805271452567715,0
1,0.9897453752511925,1
0,0.25846648747111367,0
0,0.0024477864941402014,0
0,0.3425521562315155,0
0,0.0010557207684182674,0
0,0.017185106662134898,0
0,0.7701353920506601,1
0,0.26476160628930084,0
0,0.07111215126116449,0
1,0.6674576363191014,1
0,0.4465444161780972,0
0,0.0017038598594228626,0
0,0.06273630780909661,0
0,0.005503808953720056,0
0,0.06618835143182618,0
0,0.45680147220587497,0
0,0.4112735444399497,0
0,0.0320189515112976,0
0,0.49371168477337546,0
0,0.41761815917803585,0
0,0.05308052617662344,0
0,0.004316054148661046,0
1,0.9332946954910603,1
1,0.25830399118329905,0
0,0.10256378146743471,0
1,0.6843655501085982,1
0,0.02323163830013422,0
1,0.16981129308502219,0
0,0.08670928288414362,0
1,0.8124640440906897,1
0,0.33091210668897186,0
0,0.1687200345913901,0
0,0.019741793955131183,0
1,0.7215410407945589,1
0,0.5398048755193426,1
1,0.7775249911863142,1
0,0.630541097970391,1
0,0.43878740256698623,0
0,0.0012166344744772794,0
0,0.0063125049707858216,0
0,0.4608407475506461,0
0,0.11413122293446498,0
0,0.3433268582287595,0
0,0.016660852620828354,0
1,0.994429509038103,1
1,0.599980319424576,1
0,0.3337783537083286,0
1,0.6197494712162566,1
0,0.05683590244767977,0
1,0.9765878609123941,1
0,0.014054475052095538,0
0,0.01363015756435365,0
0,0.03965860889239344,0
0,0.015430972130264451,0
0,0.0005248729989935199,0
0,0.03186604549646431,0
0,0.6474930642866031,1
0,0.823206551764815,1
0,0.028661096626606652,0
1,0.7384694604460978,1
0,0.6553744114914111,1
0,0.448504451691387,0
0,0.0851141440621381,0
0,0.13455157511461638,0
1,0.733980010316302,1
1,0.4629807896535085,0
0,0.02313858328963926,0
0,0.583107010236891,1
0,0.015092895544413763,0
0,0.16759131301988753,0
0,0.6352364215959851,1
0,0.548068361056738,1
0,0.5338748281336112,1
0,0.009183618618718841,0
1,0.8590714951138858,1
0,0.011900916097730852,0
1,0.8967865567078871,1
0,0.014929283922839397,0
0,0.5084280162918319,1
0,0.027211889249566284,0
0,0.4862780378193522,0
0,0.01378296272254957,0
0,0.6857031238537367,1
0,0.2436050233153462,0
0,0.0005952319953045171,0
0,0.02001898343453591,0
1,0.7511191328700727,1
0,0.05132452257281907,0
0,0.03315860079329352,0
0,0.336560524543887,0
1,0.9336931178647508,1
0,0.7206370111946129,1
0,0.3383493747860879,0
1,0.7705481323350003,1
0,0.15665030286990286,0
0,0.1124130833712074,0
1,0.7301205353195112,1
0,0.09075714131247804,0
1,0.7705157318202939,1
0,0.06835850383102098,0
1,0.982597479073895,1
0,0.005643866409412751,0
0,0.5050407469538069,1
1,0.015251850432840743,0
0,0.02870807503281466,0
0,0.06832379533654967,0
1,0.9045552948157155,1
1,0.9077765562288039,1
1,0.6624363037630723,1
0,0.6820668330331461,1
1,0.5304373187068415,1
1,0.9916449639816869,1
0,0.17322701595113163,0
0,0.01585917227426961,0
0,0.0008003324724542044,0
1,0.9395622387225058,1
0,0.1291806061019814,0
0,0.5008782425390308,1
0,0.19653095453291664,0
1,0.8270308726895347,1
0,0.016868195281994434,0
0,0.18065481555423954,0
0,0.43509065788263607,0
0,0.1605636581663729,0
1,0.8464346248777798,1
0,0.9318814345528491,1
0,0.6180522665854241,1
0,0.6747065088322316,1
0,0.39989129728720274,0
0,0.254948638278672,0
0,0.2058146104497643,0
0,0.007782570749019254,0
0,0.025481088566138742,0
0,0.04288289372027097,0
0,0.2296747119843055,0
0,0.06756690330999193,0
0,0.019917716582926088,0
0,0.1004014165942265,0
0,0.014784855350781865,0
0,0.13869339450608306,0
0,0.5918643489234703,1
1,0.587009700634918,1
1,0.3782128089119639,0
1,0.9905618604544695,1
1,0.2792164848725854,0
1,0.9081483922032153,1
1,0.9843166894847362,1
0,0.007406020525417659,0
0,0.5777367172677379,1
0,0.7802442892996931,1
0,0.04982008568588027,0
1,0.7025989463898669,1
1,0.4129236686445339,0
0,0.0007620901989520425,0
0,0.17504145134466303,0
0,0.042039524669555434,0
0,0.011565361405401979,0
0,0.004676935408846918,0
0,0.8844215434033195,1
0,0.22049169945601785,0
0,0.12382360195889963,0
1,0.9882576470642745,1
0,0.053168765726085164,0
0,0.14739321504689756,0
0,0.2241668918211529,0
0,0.08009400946032667,0
1,0.6630300383581679,1
0,0.07043767238097769,0
0,0.04950396205607966,0
1,0.15945074311465557,0
0,0.7622657450897214,1
0,0.3489479735833091,0
0,0.029809972249562413,0
1,0.7004410716205427,1
0,0.13355113285974135,0
0,0.414249686624213,0
0,0.01786449830330314,0
0,0.4473927358150719,0
0,0.7128175293935047,1
1,0.8855279523978223,1
0,0.3890091050509902,0
0,0.27528767068522075,0
0,0.008361265204037445,0
0,0.023607450049557905,0
0,0.006361411151462722,0
0,0.4653377774841195,0
0,0.4099692354062572,0
1,0.69088373888119,1
0,0.2739203997439282,0
0,0.5958235529928367,1
0,0.2448119557360224,0
1,0.44000850055395563,0
0,0.34241990084982127,0
0,0.011371746368687818,0
1,0.7477524639140616,1
0,0.4575128035081526,0
1,0.7844959480396686,1
0,0.11640849499710224,0
1,0.5765823940806243,1
0,0.8456754166125109,1
0,0.017560148154290314,0
0,0.20957089514869676,0
1,0.782764368006697,1
1,0.880547061333889,1
0,0.31808467984812555,0
1,0.6230834881556742,1
0,0.11771112641618184,0
0,0.0002684049896042499,0
1,0.6612008145576408,1
1,0.7235460649511759,1
0,0.009817042241295428,0
0,0.0012048548468415875,0
0,0.3059734564722019,0
0,0.12542969556883515,0
0,0.19419826388670514,0
0,0.2278411697612501,0
0,0.44918893037967744,0
0,0.09116358081260241,0
1,0.6558547759689506,1
0,0.004921205759056026,0
0,0.017303599614452034,0
1,0.9946315919605848,1
1,0.7463907156498751,1
0,0.058650271980293975,0
0,0.007846883378090743,0
0,0.46708436612611676,0
0,0.0016421598729025085,0
1,0.6478416759193175,1
1,0.8780521274134023,1
0,0.30300306398512233,0
0,0.03690835489754119,0
0,0.12447661726708822,0
0,0.006478930843452607,0
0,0.7210227191531163,1
0,0.45244435629955687,0
1,0.9017484798752181,1
0,0.20888048965646225,0
0,0.6398609750297068,1
1,0.9167816949272461,1
0,0.4437325840527734,0
1,0.04778964687653194,0
0,0.021806709133581233,0
1,0.7227083090348453,1
0,0.0030794385012685895,0
0,0.0940048602273295,0
0,0.6611550545601622,1
0,0.6396674744639489,1
0,0.3072029175037728,0
0,0.6425759969238639,1
0,0.1581793274114222,0
1,0.8894105481509704,1
0,0.14460363620861963,0
0,0.015828999701810266,0
0,0.004716870792059152,0
1,0.9531838996695292,1
0,0.02081620129106524,0
0,0.12903598730515659,0
0,0.03162656970781425,0
0,0.024841391720094752,0
0,0.012115348415422335,0
0,0.5385657204476655,1
0,0.4493913698450512,0
0,0.5501694681456403,1
0,0.0007230796060904747,0
1,0.7622861200156151,1
0,0.243736137937702,0
0,0.04590402424129631,0
1,0.6767892044300949,1
1,0.89963213052601,1
0,0.448262958402786,0
0,0.0019301466832763999,0
0,0.14241622221786476,0
1,0.8131386924851539,1
0,0.024034389279654962,0
1,0.9949170152158481,1
1,0.9041668067647824,1
0,0.038007741085614916,0
0,0.014266371710210049,0
0,0.029335396433005746,0
1,0.86884927354863,1
0,0.18489919828875592,0
0,0.07199297379278907,0
0,0.0683401203041576,0
0,0.0002684049896042499,0
0,0.6264969261082026,1
1,0.7229791849059698,1
0,0.5639020216909163,1
1,0.8489875057948358,1
0,0.3198836694120334,0
0,0.0005655671825145762,0
1,0.7248837926572568,1
0,0.0012025603888719785,0
0,0.011967230704571145,0
1,0.7406492247321733,1
1,0.49879138871595086,0
0,0.47484274389042,0
0,0.06572049747721558,0
0,0.45166636852853687,0
1,0.585442616708636,1
0,0.3650339464605848,0
0,0.043756729889612,0
0,0.11538194839777932,0
0,0.040238654640246146,0
0,0.09063647178157144,0
0,0.06621882329936556,0
0,0.9192377073891341,1
0,0.25631634160184497,0
0,0.3206806346656897,0
0,0.3652294888037477,0
0,0.01753865522962724,0
1,0.4621696244331584,0
1,0.9211754678196845,1
0,0.31019179672581176,0
0,0.08858210210729749,0
1,0.957032846004894,1
0,0.32599798036213273,0
0,0.5987189223216592,1
0,0.0016994271860546405,0
1,0.5634083981368326,1
1,0.07310772339207933,0
0,0.46296414291793536,0
0,0.34270289087337186,0
0,0.1157164498004883,0
0,0.15615389582570752,0
1,0.9039481849540757,1
0,0.6937754588659977,1
1,0.27330213436078576,0
0,0.11718388062504381,0
0,0.16329607459112164,0
0,0.10656436193444367,0
0,0.5513183729348473,1
1,0.8383947800754618,1
1,0.6490069832963192,1
0,0.03904029909897155,0
1,0.6764325663496765,1
0,0.05460009563398835,0
0,0.3361210211299487,0
0,0.8555654741668385,1
0,0.17877508822421848,0
0,0.004004938809341659,0
0,0.038404130784862885,0
0,0.3812185818334708,0
0,0.7325581931777505,1
0,0.0082327515670959,0
0,0.07519157388386886,0
0,0.3022642958167726,0
0,0.013138171563588624,0
0,0.03057965906237926,0
0,0.061881030199200084,0
0,0.08471793169491142,0
0,0.09700579080213736,0
1,0.9182813134393615,1
1,0.3561899919143939,0
0,0.36412106676762906,0
1,0.9802898319002634,1
1,0.27486473337339334,0
0,0.26539310316095205,0
0,0.07818844721340922,0
0,0.00791923038562852,0
1,0.4982851317634661,0
1,0.9189933697093515,1
0,0.13889192067922704,0
0,0.00402257440207212,0
0,0.2271606640585107,0
0,0.6920024759540707,1
0,0.22929916235462816,0
0,0.05624612664772588,0
0,0.04073862584243116,0
0,0.14922236777850703,0
0,0.5792662877131368,1
0,0.13396060651239744,0
1,0.6777950951675861,1
1,0.9087039509385316,1
0,0.0006402488408512756,0
0,0.5133049359675851,1
0,0.40654450365916156,0
0,0.0004463211719886311,0
0,0.05749535337677553,0
0,0.08966125786654354,0
0,0.7013839680715183,1
0,0.6720474650394244,1
0,0.3933933978573837,0
0,0.37848137563294343,0
0,0.07416346419418907,0
0,0.07615087247820854,0
0,0.01634514938025872,0
0,0.5432440421724267,1
1,0.8711434559824557,1
0,0.22564429577511555,0
0,0.32599603319638587,0
0,0.5480598726115192,1
0,0.004761372709130295,0
0,0.4966372656017398,0
0,0.013262016805817692,0
0,0.03877598676865778,0
0,0.019412414836308893,0
0,0.0009324454715457956,0
0,0.001676805574322704,0
0,0.6813932968607497,1
0,0.5455726374589895,1
1,0.6339461780724643,1
0,0.458114869984443,0
0,0.06626291569795946,0
1,0.995933002899217,1
0,0.3745921744348439,0
0,0.03647013486799334,0
0,0.18450244863689041,0
0,0.11983294898537454,0
0,0.1879872998178689,0
0,0.11334486154411422,0
0,0.3191109520841303,0
0,0.1466886666423734,0
0,0.001457013922276657,0
0,0.021191760085054846,0
0,0.00039509121960723423,0
0,0.013393663131567755,0
0,0.4622163075308041,0
1,0.5379000735118948,1
0,0.5517499264941435,1
0,0.12418946159282361,0
1,0.8809219854569958,1
0,0.015708138554715968,0
1,0.8094065615540903,1
0,0.007685359659149614,0
0,0.901093052788484,1
1,0.6321016874540187,1
0,0.0331925592831126,0
1,0.10448795448363409,0
0,0.26857475544587145,0
0,0.33564869010711484,0
1,0.3040931418672399,0
0,0.07341310308488863,0
0,0.19032225862771915,0
0,0.00037439077828110465,0
0,0.17845382922405556,0
0,0.0026721824671335583,0
1,0.8353340751612307,1
0,0.4887693400347326,0
0,0.02630823459998423,0
1,0.909180832454689,1
0,0.010263667995201268,0
1,0.3566551669275505,0
0,0.019110281260178975,0
0,0.12408002878973531,0
0,0.3114474668429452,0
1,0.1993946951960698,0
0,0.06340169343104571,0
0,0.7922834111238982,1
0,0.07526193013471955,0
0,0.5224667619118792,1
0,0.02458424902723091,0
0,0.5877721847470853,1
0,0.012244540268667373,0
0,0.04627277273633608,0
0,0.7638851490875325,1
0,0.0012296798892714937,0
0,0.416042282496738,0
0,0.02541199772149477,0
0,0.3864166806582327,0
0,0.24814279175123355,0
0,0.015340955207885842,0
1,0.8971310825150558,1
0,0.3522991829429933,0
1,0.6326010690577512,1
0,0.0021959455971045103,0
1,0.8111970445021064,1
0,0.4383988830268521,0
1,0.8728711048316069,1
0,0.02166919960661138,0
0,0.00012047609589903478,0
0,0.3872073602201513,0
0,0.24949733587208883,0
0,0.4150740945344617,0
0,0.4683736675556362,0
1,0.9857838791633983,1
0,0.033798810045896424,0
0,0.01684639733683428,0
0,0.053116068328471315,0
0,0.052203401061678756,0
0,0.0026259536811175837,0
0,0.13725990391550838,0
0,0.14018343197562053,0
0,0.4812436118216335,0
0,0.2473574106861486,0
1,0.9468721333489708,1
0,0.007993406879440015,0
0,0.12104996869405568,0
0,0.04583994484977189,0
0,0.09450327039803547,0
0,0.13028599164484841,0
0,0.014959172824674256,0
1,0.805588281611032,1
0,0.0017562770328446694,0
0,0.15826245579757245,0
0,0.019601321538928754,0
0,0.2559948554028929,0
0,0.22440660671604543,0
1,0.9345032596240662,1
0,0.6552923970131602,1
0,0.6261999020941204,1
0,0.021725591009478237,0
0,0.15307643099312385,0
0,0.16220295349389385,0
0,0.0020830471938259945,0
1,0.6359524290622355,1
0,0.11687230932816568,0
1,0.5778536232712684,1
1,0.6873747573077427,1
1,0.9102451547332518,1
0,0.006579359394318712,0
0,0.14638577783299458,0
1,0.35173145674077516,0
0,0.0121470395930573,0
0,0.17293196887936915,0
0,0.07924961431182068,0
1,0.6574368015331497,1
0,0.06508395350700098,0
0,0.666003926806732,1
1,0.9154024411117975,1
0,0.06798155384453454,0
0,0.0009497460751415502,0
0,0.49327606825395304,0
0,0.00040010320881013505,0
0,0.06620984487989973,0
0,0.10170203260515384,0
0,0.39586664219248036,0
0,0.0104442285229059,0
1,0.7767535587006037,1
1,0.5938953143801591,1
1,0.504280560237373,1
0,0.026096833109150678,0
0,0.4697651165599883,0
0,0.0019624020287552528,0
0,0.11141644017192039,0
0,0.34240913830176234,0
0,0.22653333662153285,0
0,0.009044222728933423,0
0,0.37370242398647163,0
0,0.04109225850988218,0
0,0.7354180626770621,1
0,0.21528200708766623,0
0,0.013055033799802605,0
0,0.011365603224257706,0
0,0.7304690939379552,1
1,0.13485928645378514,0
0,0.08173218806314267,0
0,0.014650386371133617,0
1,0.9867596870171078,1
0,0.22317323308889803,0
1,0.7103297177114226,1
0,0.35157358832337554,0
1,0.9868241220236115,1
0,0.058706113747054554,0
0,0.28751328713393065,0
1,0.9379579778230478,1
0,0.014870355160705758,0
1,0.2875925743918946,0
1,0.9730767680454329,1
0,0.007162413517633562,0
1,0.9899090955041705,1
0,0.23664725776452553,0
0,0.5338279516994693,1
0,0.014464309321258148,0
1,0.5859947229628245,1
0,0.001812440900535592,0
0,0.1517076586967072,0
0,0.1467685254611745,0
0,0.6754267098140129,1
1,0.9651341961176797,1
1,0.7698963448784143,1
0,0.20234435971275408,0
0,0.8639762527386226,1
1,0.5434382205436225,1
0,0.06679421242057539,0
0,0.627389176274578,1
1,0.53932603986841,1
0,0.24697511154736196,0
0,0.5880992231204215,1
0,0.040591555259495045,0
0,0.016626907198946054,0
0,0.3562366045731359,0
0,0.6966047840877003,1
0,0.17719408335786718,0
0,0.0003146792256740636,0
0,0.04293026952696151,0
0,0.01523463483356888,0
1,0.9593770899538996,1
0,0.0017817585824630984,0
1,0.9350754877618834,1
0,0.22660659681882445,0
0,0.1915596746092546,0
0,0.3515614184781971,0
0,0.0038413123734093333,0
0,0.0567507650888989,0
0,0.006542600687365714,0
1,0.9574905413181115,1
0,0.0618498681645877,0
0,0.3377663855221073,0
0,0.4008599653587657,0
0,0.36215365618067163,0
1,0.37386132356982366,0
0,0.01694507615153239,0
0,0.395839854529171,0
0,0.40664661685055864,0
1,0.7148974687139057,1
0,0.5259703046622451,1
1,0.9832438997447719,1
0,0.07603007797437923,0
0,0.5906809159178102,1
1,0.355655548727741,0
0,0.00038068719670391677,0
0,0.6101300892338234,1
0,0.4639064616940059,0
0,0.23420751663875522,0
0,0.444142340768679,0
0,0.8671425350756348,1
1,0.5236456810604457,1
0,0.36496265423239554,0
0,0.012379411738575546,0
0,0.9114691767575408,1
1,0.9284064951390885,1
1,0.8638733886263672,1
0,0.013022322557800397,0
0,0.02575489566131655,0
0,0.5518189237583467,1
0,0.05416047778391765,0
0,0.5816425876001262,1
0,0.2610300160841179,0
1,0.9095553507843035,1
0,0.11204047952095765,0
0,0.018854482663699657,0
0,0.055454601749921215,0
0,0.0021749087033598,0
0,0.7019794070201477,1
0,0.15606532061270456,0
0,0.002082699459825309,0
0,0.007959631969428657,0
0,0.10297137895190102,0
1,0.5381513117533168,1
1,0.783386494042869,1
0,0.0016350614029048331,0
0,0.1023471802323245,0
0,0.6696741253072125,1
0,0.0001696878107453191,0
0,0.35644615597522794,0
1,0.9960056958159822,1
0,0.33151368946747356,0
1,0.3888480826389022,0
1,0.8938745133028666,1
0,0.39589513049884045,0
0,0.20620666767530788,0
0,0.08437057674413947,0
0,0.002468758435764537,0
1,0.9140559814078426,1
0,0.01788551954802694,0
0,0.4081209906387219,0
1,0.6525794970076515,1
0,0.009223878278771531,0
0,0.45932963219038264,0
0,0.44634088872248506,0
0,0.3368397880894982,0
0,0.000534616923507195,0
0,0.14375108687307453,0
0,0.10979409394807779,0
0,0.04772048379087468,0
0,0.0004735596600832844,0
1,0.9912264095010914,1
0,0.6938624575661791,1
0,0.4645718919484192,0
0,0.01889372634215114,0
0,0.15473199902668835,0
0,0.6219304730753485,1
0,0.574622824484781,1
0,0.39373380889466875,0
0,0.8873315784275572,1
0,0.6891422353391514,1
0,0.21255371986619992,0
1,0.5045704813814605,1
0,0.0008265732877144976,0
0,0.13878423701747397,0
0,0.09487441666600385,0
1,0.5936984610317395,1
0,0.060747619194721596,0
1,0.6433527124962497,1
0,0.4218745600368656,0
0,0.0006185469384354878,0
0,0.21814560744636183,0
0,0.0018849764260068503,0
1,0.5507123601094112,1
0,0.001174834423684815,0
1,0.941386027121533,1
1,0.7768333203069226,1
0,0.048257915054078705,0
0,0.39370867006556876,0
1,0.1663571607491146,0
0,0.014501734167715682,0
0,0.15514624203900046,0
0,0.02185225858491516,0
0,0.023194817608620664,0
0,0.007422839263273737,0
0,0.43207673046421463,0
1,0.6366582304486192,1
0,0.05734494051436608,0
0,0.050771059538947484,0
0,0.08698690241917592,0
0,0.39465944526596614,0
0,0.5682497313044534,1
0,0.011491796434483155,0
0,0.25004495005179117,0
0,0.17452134427557361,0
0,0.004181123942483829,0
0,0.3632440067635226,0
0,0.1249021052540112,0
0,0.13962242357237425,0
0,0.027504651894962737,0
0,0.46526032532711475,0
0,0.7324247934924409,1
0,0.021620487212052775,0
0,0.6171155823111601,1
1,0.8266525993540522,1
0,0.4437571745375913,0
0,0.8051543721396148,1
0,0.05417984400940772,0
0,0.0008784766571371905,0
0,0.008502414757183998,0
0,0.0018417001509630005,0
0,0.26215275792207604,0
1,0.8592460650121803,1
0,0.7176500572396403,1
1,0.631268246825766,1
1,0.7180210003925264,1
1,0.7856977325835577,1
0,0.01062368855879538,0
0,0.43156066622493483,0
0,0.0923407495764687,0
0,0.28234189001902577,0
1,0.9817504808711232,1
0,0.31265523125513833,0
0,0.004536277103443984,0
1,0.8232315086566635,1
0,0.00034365713822538874,0
0,0.0006290765032328544,0
0,0.21872935039996022,0
0,0.009503262653896625,0
0,0.5362808177485736,1
0,0.2940705997005332,0
0,0.05261063523397606,0
1,0.8294162764000623,1
1,0.6604301842577418,1
0,0.028809476716132654,0
0,0.06235709270261652,0
0,0.013771587719887316,0
0,0.003983686059294086,0
1,0.4604544837055004,0
0,0.03533664344273842,0
0,0.7458830337118868,1
0,0.05737036595516391,0
0,0.12338614962403241,0
0,0.3929281550236435,0
0,0.727330930081199,1
0,0.3797714930564534,0
0,0.56442780650492,1
0,0.7962807041035754,1
0,0.030557014431924844,0
1,0.29711451999804966,0
0,0.3952039558221245,0
1,0.9033370162119858,1
1,0.591416683583494,1
0,0.02387419975753021,0
0,0.12123056423738843,0
0,0.2250002653552411,0
0,0.09231928958315393,0
0,0.07095931663382475,0
0,0.007959053212890406,0
0,0.003784988515938831,0
0,0.19927590377524926,0
1,0.8457507157729868,1
0,0.008849156353139568,0
0,0.5598012426140768,1
1,0.946117631069975,1
0,0.655611010980508,1
0,0.02688623672958487,0
1,0.8376501676507065,1
1,0.7185068665563105,1
0,0.7396784392287058,1
0,0.16163313624658782,0
0,0.03993432181753611,0
0,0.04743211824897705,0
0,0.23983587686913585,0
0,0.007218744901911021,0
1,0.9937695479153681,1
1,0.2477064130258816,0
0,0.8834796549746017,1
0,0.758426268555065,1
0,0.0034728012193546015,0
0,0.1288335001064174,0
1,0.6299983568085098,1
0,0.7670565546727127,1
0,0.22406485462500764,0
1,0.6060803937804511,1
1,0.9782482942880587,1
0,0.3269960645910335,0
0,0.8945391679221605,1
0,0.15044634522308936,0
0,0.039703622100482644,0
0,0.02699639060491054,0
0,0.47318062863727856,0
0,0.16904381738841762,0
0,0.051392551709319584,0
0,0.00020644806975951628,0
0,0.05569385039455669,0
1,0.9246594092815449,1
1,0.7354144826686757,1
1,0.5831281474260336,1
0,0.4509271250532068,0
0,0.012515438842016639,0
1,0.509543732871018,1
0,0.006227941812048484,0
0,0.13448679497148172,0
1,0.3209615103417215,0
1,0.6888241998898339,1
0,0.5058829410264357,1
0,0.30227669986038574,0
0,0.4622689020721475,0
0,0.6329891292788026,1
0,0.01575642952716324,0
1,0.9651856191304631,1
0,0.07064942405080123,0
0,0.5538736586796752,1
0,0.0441396440343496,0
0,0.18208787542541924,0
1,0.5278848470037244,1
1,0.7873214838766064,1
0,0.007652421626161119,0
1,0.6503506109048907,1
0,0.049724257545877865,0
0,0.6707001527202728,1
0,0.05153925729295666,0
0,0.050211894774833725,0
0,0.1820126065444734,0
1,0.516875394393414,1
0,0.5026076531015761,1
0,0.6177210197836782,1
0,0.06995231428741329,0
1,0.015421901860785665,0
0,0.25077860627489285,0
0,0.04207522251188824,0
0,0.009725857833488217,0
0,0.014542440610162875,0
0,0.01775245548133256,0
0,0.12762164524050404,0
1,0.8781748088078593,1
1,0.7566509887200839,1
0,0.5513242179604009,1
0,0.6401144081138347,1
0,0.05916842975863609,0
0,0.4878386864408664,0
1,0.7624559991331681,1
0,0.6160014133402016,1
0,0.39630446459080043,0
0,0.5607441934915451,1
0,0.05117726180898594,0
1,0.33874792873047715,0
0,0.3375603580142819,0
1,0.30065117108776973,0
0,0.07915336754376218,0
0,0.02096598734403047,0
1,0.8317485335922061,1
0,0.05448328117691437,0
1,0.631051294502776,1
0,0.6185462467286484,1
1,0.5444438679331907,1
0,0.6668907513830328,1
0,0.0011843633027034859,0
0,0.07720001725294445,0
0,0.5077984218771163,1
1,0.8345402497135219,1
0,0.2708271831304506,0
0,0.6519702550832822,1
1,0.9040939995301884,1
1,0.8285647719465077,1
0,0.006241823883792202,0
0,0.0513044838187636,0
0,0.5626034942039541,1
0,0.10578359191004554,0
1,0.952128312002018,1
0,0.6056849639145434,1
0,0.3504506058425687,0
1,0.6264200503122197,1
0,0.422789991717161,0
1,0.7484458168725147,1
0,0.4270964505955605,0
1,0.9186170956239162,1
0,0.613774915018026,1
0,0.10470496546300996,0
1,0.5589012843913536,1
0,0.0005196503544286535,0
1,0.6702476483355807,1
0,0.11331085814266567,0
0,0.23006365103635537,0
0,0.5687609445056624,1
0,0.14641317735923273,0
1,0.8602288941802085,1
0,0.18399219910193587,0
0,0.6881985148578867,1
0,0.12062868621357213,0
0,0.0004739438393580701,0
0,0.017309154532761495,0
1,0.7125684534990839,1
0,0.5270361501761162,1
1,0.634338088275804,1
0,0.07205497990870297,0
0,0.12369599733517146,0
1,0.9843041441686116,1
0,0.29238260940770433,0
1,0.9784858707194793,1
0,0.0262543236990051,0
1,0.6710382957234443,1
1,0.8658406909990877,1
0,0.0013810023235509615,0
1,0.9938374337309218,1
0,0.10715772453628349,0
1,0.6953357592979791,1
0,0.5656180063499388,1
0,0.010583043788313293,0
0,0.0066150277301287915,0
0,0.017108596409509298,0
0,0.47262134935369127,0
0,0.020639875741956037,0
0,0.20813226706622512,0
1,0.6773966730895059,1
0,0.23827629523776092,0
0,0.06555845312152864,0
0,0.5692931501813044,1
0,0.03256575650100827,0
0,0.3006293580227309,0
1,0.5006047597353879,1
1,0.897657915541868,1
0,0.019914678911217332,0
1,0.9898380482500626,1
0,0.07675710103543212,0
0,0.042780106747048983,0
1,0.7060093580593086,1
0,0.28412819038553894,0
1,0.6062171504804953,1
0,0.009269513911444293,0
1,0.9537964385174403,1
0,0.4768755395752404,0
0,0.023864443001230504,0
0,0.4347966002474784,0
0,0.6286025636593385,1
1,0.9089237911944942,1
0,0.03839659160880617,0
1,0.9480046838130035,1
0,0.2956346586275137,0
0,0.0550140448840896,0
1,0.8940829975332072,1
0,0.2461720743055541,0
1,0.4153551523695522,0
1,0.26958540121175417,0
0,0.3568389834975889,0
1,0.9021806059224362,1
0,0.3370215937182065,0
0,0.029555004680709422,0
0,0.4064204208250406,0
0,0.263351914119264,0
1,0.9297410093039625,1
0,0.0015823740487681077,0
1,0.974435394977388,1
1,0.6388154280460813,1
0,0.01745310950691369,0
0,0.008823803460050857,0
0,0.06958966023630317,0
0,0.008897567239724596,0
1,0.7131555070146107,1
0,0.5572130338404769,1
0,0.0015596509284896063,0
0,0.029856304785655152,0
1,0.9729038449712478,1
1,0.8464587411822994,1
0,0.01723993414885036,0
1,0.9302854742387384,1
1,0.9403630432725936,1
0,0.011604400803491443,0
1,0.40038235818892765,0
0,0.23319160144503917,0
0,0.015353968281002836,0
0,0.11282452519844137,0
1,0.606832251075187,1
0,0.5834568143267567,1
0,0.6330096053774019,1
0,0.31921117589357234,0
0,0.5410958938832738,1
1,0.1928555146906692,0
0,0.0008944579053203168,0
0,0.6220373435928679,1
0,0.5232484030379769,1
0,0.42220615515634385,0
0,0.3226101287499227,0
0,0.22395092007673972,0
0,0.6022699197557501,1
1,0.314552049104487,0
0,0.628880997356819,1
1,0.9787390853100919,1
0,0.06332862607374086,0
1,0.9805445838004189,1
0,0.3175752730352964,0
1,0.9773229444948489,1
0,0.03374318340459361,0
1,0.44035974423231306,0
1,0.9722549795653767,1
0,0.0633830923475386,0
0,0.5805152216574114,1
0,0.12442784974523896,0
0,0.2297473644721734,0
0,0.19872323937682068,0
0,0.003116895440654744,0
1,0.8154482667799491,1
0,0.005130986931130173,0
1,0.9941970949377393,1
0,0.16027206734513955,0
0,0.8173408072568706,1
0,0.11891306613185475,0
1,0.9543797357744264,1
0,0.365923524437476,0
0,0.1831188379041504,0
0,0.014402195239949038,0
1,0.8391008023728196,1
0,0.0755272350308872,0
1,0.513112567430482,1
0,0.44767663841521455,0
0,0.11934299534674281,0
0,0.013346108909843307,0
0,0.03778137353785571,0
0,0.6352659572591538,1
0,0.02004966748965377,0
0,0.06042771281856517,0
0,0.6857658008680697,1
0,0.008089181611649635,0
0,0.00790321243847224,0
0,0.506669624684582,1
0,0.010753346951909696,0
0,0.0004617124781206321,0
1,0.8543278317201661,1
0,0.26966402218147906,0
0,0.007460822915128418,0
0,0.29056070858286276,0
0,0.005993535210689937,0
0,0.19436176525628765,0
0,0.7871971386461221,1
0,0.01447912415899984,0
1,0.987640172558284,1
0,0.01099121008778821,0
0,0.0672864919468455,0
0,0.0007692720207961181,0
0,0.2906352714007828,0
0,0.5710360101975033,1
1,0.7753960861219177,1
0,0.026554994307038976,0
0,0.3962604750478179,0
1,0.7294423806546662,1
0,0.2349267283900277,0
1,0.9526369487807248,1
0,0.14200645655941482,0
0,0.37321385037837634,0
1,0.8949204219779177,1
0,0.023404646361799595,0
0,0.015735444488088356,0
0,0.5935416168771814,1
0,0.013490790223456128,0
0,0.022990476442966257,0
0,0.6770984158863078,1
0,0.07936718611426066,0
0,0.0028433551759241525,0
1,0.6272175588056694,1
0,0.008811560682428412,0
0,0.7531519524133691,1
0,0.013917391508786056,0
0,0.019839511324801294,0
0,0.3580074703859916,0
0,0.8690363945372513,1
0,0.27282080602492026,0
0,0.0002465323508184615,0
0,0.41076910781396625,0
1,0.13769220052501635,0
0,0.1991127079866262,0
0,0.025784966911205118,0
1,0.42724000013512825,0
0,0.09082701567343979,0
0,0.6228005225435218,1
0,0.04321349655461259,0
0,0.2229289483395964,0
0,0.30879114901738425,0
1,0.7338397662759949,1
0,0.023653591864523905,0
1,0.2822299490793294,0
0,0.22377393981386637,0
1,0.29943546748384914,0
0,0.023915386644705574,0
1,0.978714510552471,1
0,0.11998352402723479,0
0,0.0496385580272808,0
0,0.07471618358363524,0
0,0.11894118467790428,0
0,0.0005195206064397068,0
0,0.8329522936846468,1
1,0.36625339410951196,0
0,0.04111360504977483,0
1,0.8665260798950485,1
0,0.5046145860439191,1
0,0.003707611179153699,0
0,0.300894075886167,0
0,0.34611531748880764,0
1,0.1914426778706372,0
0,0.023383130674160403,0
0,0.016939866985235374,0
0,0.3804067577392893,0
0,0.11159864627964325,0
0,0.3332214428842193,0
0,0.7119907495116444,1
1,0.8226546839586316,1
0,0.0720638217585526,0
0,0.005829823249472117,0
1,0.9437412599953034,1
0,0.019564581564690903,0
0,0.366931731880895,0
0,0.43521537984431236,0
0,0.28514266673215644,0
0,0.05789564358128291,0
0,0.7147119234036865,1
0,0.06065866591235018,0
0,0.0005876718479658207,0
1,0.7076136192912891,1
0,0.2032338745037008,0
1,0.8850794517080376,1
0,0.19267517964156822,0
0,0.39476688908257973,0
0,0.07277893636918516,0
0,0.15189159186526707,0
0,0.2441798676633276,0
0,0.008766028664976491,0
1,0.8437344053915166,1
0,0.32833891884208866,0
0,0.010272866185848984,0
0,0.009080316381836456,0
0,0.1882279629662641,0
0,0.3047726274518389,0
1,0.6733226897616261,1
0,0.464047314633879,0
0,0.010058446510854236,0
0,0.2936998283030488,0
0,0.8445061612281531,1
1,0.42044723225973946,0
0,0.8015028771707614,1
0,0.09937227974909674,0
1,0.8984600355992385,1
0,0.01398264305475473,0
0,0.0030312264105684158,0
1,0.89600109608034,1
0,0.5186298350638114,1
0,0.052940130067008984,0
0,0.4879664240180412,0
1,0.6887030118630946,1
0,0.0032690365711794604,0
0,0.0812572173799606,0
0,0.2873760212592125,0
1,0.8435140210595874,1
0,0.11025917839406016,0
0,0.4097693725119357,0
0,0.023627080192092698,0
1,0.6476942861982493,1
1,0.8504275270113036,1
0,0.7516052087783265,1
0,0.11314066346135308,0
0,0.05281657544164467,0
0,0.6153172940067758,1
0,0.533909147975889,1
0,0.2357769317924008,0
0,0.004961695333854241,0
1,0.5222818993322552,1
0,0.1843965062193438,0
0,0.18748609769979396,0
0,0.12925802227265448,0
1,0.99387033538321,1
0,0.12986837058909861,0
0,0.026095872332530492,0
0,0.6677317339843349,1
1,0.5682212872729582,1
1,0.47051328226426375,0
0,0.08176080280340535,0
1,0.9729870074774309,1
1,0.9538530573604173,1
1,0.1788243801927208,0
0,0.000928558677052175,0
0,0.5960321465289371,1
0,0.16128169689644895,0
0,0.19098061155489324,0
0,0.07354465594055401,0
1,0.8757816661047144,1
1,0.4220946145375302,0
0,0.2763839603279804,0
0,0.5828205935785383,1
0,0.5274678100541889,1
1,0.33203068430490706,0
1,0.8965287926122418,1
1,0.9012059045039922,1
0,0.7385574770227135,1
0,0.9375900582877387,1
0,0.48507761299042357,0
0,0.02376864381841098,0
0,0.0036091323476650163,0
0,0.008901734516309249,0
1,0.9272729298006378,1
1,0.3907586237340796,0
1,0.8953884859539668,1
1,0.8427582404196367,1
0,0.06189920484863232,0
1,0.5075006668382397,1
0,0.284938159298453,0
0,0.04005282638208904,0
0,0.031829251538818853,0
0,0.006921442001961117,0
0,0.4317847826778285,0
0,0.022906172587261756,0
0,0.06933262462794378,0
0,0.0005693827022632486,0
1,0.4264063722808661,0
1,0.8755307758673315,1
0,0.4129493094467347,0
0,0.22366355818574613,0
0,0.7491100874602558,1
0,0.007980432856828118,0
0,0.0012972147434748519,0
0,0.37572349380463005,0
1,0.43767896496927333,0
1,0.906824488202263,1
0,0.6315572367456052,1
0,0.6518811649041474,1
0,0.01149622242302267,0
0,0.701248557622883,1
0,0.0020353788454362596,0
1,0.6748426303426294,1
0,0.07947740522446568,0
1,0.9167834469578211,1
0,0.7682170737491405,1
0,0.31535829297367635,0
0,0.00560657592087205,0
0,0.006814763912300309,0
0,0.6658264602591308,1
0,0.23806723875707433,0
0,0.5720608209235816,1
0,0.1049307261444408,0
0,0.7807289293409407,1
0,0.04567221842861861,0
0,0.0238332546365349,0
0,0.5052899079741805,1
1,0.5624605893950653,1
0,0.02734020593881902,0
0,0.012850610566975186,0
0,0.5582491073780731,1
0,0.7230204041541677,1
0,0.8885309270034609,1
1,0.79183944118189,1
0,0.009374282630241643,0
0,0.3234763962121788,0
0,0.27470228754765247,0
0,0.05404375531436387,0
0,0.11057878989178443,0
0,0.011562552737451834,0
0,0.03937436867112264,0
0,0.026608218440931294,0
0,0.01984837574380388,0
0,0.5005731436894484,1
0,0.7003523554145469,1
0,0.6931845002014787,1
0,0.4386109638509693,0
0,0.4003331087935186,0
0,0.19537898494983305,0
0,0.39042780948269695,0
0,0.19009824179705967,0
0,0.3275681913549079,0
0,0.08970762342620635,0
0,0.5349571603862896,1
0,0.09448927936370678,0
0,0.0007194777634099937,0
0,0.5947175195593534,1
1,0.9901015923122231,1
0,0.01851917800045931,0
1,0.1640531155356103,0
0,0.08767240189465376,0
0,0.2946789705041427,0
1,0.6521870537061268,1
0,0.08702087457255044,0
0,0.008681546640103904,0
0,0.002593172534529039,0
1,0.9816872358217829,1
0,0.24195648172009493,0
0,0.6657045250287876,1
0,0.4324989946762788,0
0,0.7336618559837247,1
1,0.9151408979443464,1
0,0.004839517223750247,0
0,0.016260168300929446,0
1,0.6743337594685053,1
0,0.0513350286476546,0
0,0.5521940659121348,1
0,0.04834560716260744,0
0,0.36511199349022905,0
0,0.004282811458547339,0
0,0.28676988971915235,0
1,0.9352385163023016,1
1,0.7744377478415502,1
1,0.8520245141953877,1
0,0.011836232039210332,0
0,0.2253536771996823,0
0,0.06921591035728379,0
0,0.4423951555020331,0
0,0.014912921759704977,0
1,0.4688519778709756,0
0,0.6378770748474941,1
1,0.8296405479530193,1
0,0.03564633052351627,0
0,0.38333208876117486,0
0,0.6215208192292634,1
0,0.021667038126571028,0
1,0.7321584922141425,1
1,0.9737843397660022,1
0,0.04451992452029065,0
1,0.5110582567976327,1
0,0.023893889225693733,0
0,0.058043792720373445,0
0,0.07035293176677868,0
0,0.007398961286108651,0
0,0.02692059934457788,0
0,0.038043608677721004,0
0,0.07060553478538432,0
0,0.04282322981376896,0
0,0.6855780832114143,1
1,0.6561292036591957,1
0,0.7122657066521098,1
0,0.4318881357835847,0
0,0.3743853758461849,0
0,0.5663884189719975,1
0,0.018808177262445557,0
0,0.3384145441180856,0
0,0.029770178617261306,0
0,0.05279154034024218,0
1,0.8961260300881106,1
0,0.7307191202251381,1
1,0.7443146078951209,1
1,0.8528017293478568,1
1,0.9793052400353358,1
0,0.5919397043704655,1
0,0.005777576519483927,0
1,0.9008088045098661,1
0,0.27515717495447745,0
0,0.23348524769305834,0
0,0.009366771709159432,0
0,0.13527639602610853,0
0,0.024187153176801313,0
1,0.4830492654947263,0
0,0.5749468373121598,1
0,0.13196836416926527,0
0,0.5508717973090765,1
0,0.2699778933021263,0
0,0.0001493554568721994,0
0,0.016210791818940987,0
1,0.6832475663918154,1
0,0.06571613066809924,0
1,0.8399849636876577,1
0,0.7171455086600622,1
0,0.003399161845917367,0
0,0.6573090657008739,1
1,0.6194945843573774,1
0,0.14396057270945783,0
0,0.09002018185359516,0
0,0.003860977815820471,0
0,0.6480476471387243,1
0,0.06462602380765751,0
0,0.1846498874545429,0
0,0.014485176429905613,0
0,0.23345550045791896,0
0,0.1601429189724982,0
1,0.7616129316412082,1
1,0.3067693631717579,0
0,0.0005662160951053547,0
1,0.7461403790722066,1
0,0.06232424506346068,0
0,0.11158462361265029,0
0,0.0002894212132530069,0
0,0.04909479537624102,0
0,0.19663418246750997,0
1,0.7951172759010201,1
0,0.013899787560464573,0
0,0.5450096822232974,1
1,0.8442271692821237,1
0,0.004800185110831984,0
0,0.7647917193054802,1
0,0.025263732903919173,0
0,0.16190200925054143,0
0,0.5996415215593336,1
0,0.8192825246637786,1
0,0.4759498377886611,0
0,0.9321058471986609,1
0,0.014687237438389135,0
0,0.054565330685139204,0
0,0.6335309326119001,1
0,0.5437825454944415,1
0,0.00024132159328961854,0
0,0.00906526503082433,0
0,0.7641394703807757,1
0,0.22212815627172205,0
0,0.01942971525100112,0
0,0.03748390114026634,0
1,0.9156733076611293,1
0,0.5884914347706737,1
0,0.03780802293945573,0
1,0.8246991278734257,1
0,0.39359116494989904,0
0,0.1950060830879337,0
0,0.6307418212914833,1
0,0.2081726726847797,0
1,0.9444160215364859,1
0,0.006703864469857185,0
0,0.6014837853780581,1
0,0.016407092752279598,0
0,0.20875768051803,0
0,0.31604497886842553,0
0,0.18809260656912988,0
0,0.016936396411197714,0
0,0.40191033760844874,0
0,0.00457705000263383,0
1,0.9182865869430256,1
0,0.017168164342897904,0
0,0.04361242410446717,0
1,0.6304228768217746,1
0,0.00015041079993127814,0
0,0.21371827775542254,0
0,0.7085438738997358,1
1,0.7648244787814061,1
0,0.001867380068734245,0
0,0.285012957435694,0
0,0.03099078381443138,0
0,0.06736975294668693,0
0,0.014942953781503288,0
0,0.023856401357990567,0
1,0.8832728497856612,1
0,0.0006532764470488465,0
0,0.007949789941845066,0
1,0.7225863730062919,1
0,0.35534979085908514,0
0,0.06657049135493663,0
0,0.014674956495307475,0
0,0.14016958017663717,0
0,0.1826028594811228,0
0,0.0037867960343248796,0
0,0.09677364452558304,0
1,0.5701438020879315,1
0,0.4660471047992874,0
0,0.10476098234698338,0
0,0.17738364641133805,0
0,0.6812531916518089,1
0,0.6946833376537377,1
0,0.43683311928489954,0
0,0.0828434502575729,0
1,0.9857086971469978,1
1,0.9463289041223155,1
1,0.8496494161675054,1
0,0.004281561850935754,0
0,0.002861197518276668,0
0,0.19587050519974722,0
0,0.030893206770489526,0
0,0.6485187390169577,1
0,0.7334399941122579,1
0,0.4088390288508458,0
0,0.001075528760471094,0
0,0.35375872149708865,0
0,9.267420907120254e-05,0
0,0.0763077031439372,0
1,0.7911536265298704,1
0,0.00031907607222474453,0
0,0.42115155263571824,0
0,0.02674685312755748,0
0,0.015431889344247694,0
0,0.4710180029343297,0
0,0.47668904320592037,0
1,0.5586713457226504,1
0,0.6435230235959258,1
1,0.9142012073338335,1
0,0.01372391044814932,0
0,0.031692757850022554,0
0,0.3012359220950746,0
0,0.0748027184422735,0
0,0.6791893960225837,1
0,0.18269004601517233,0
0,0.012313104069905677,0
0,0.025906232092472798,0
0,0.005423986692168002,0
0,0.7058093904740373,1
0,0.21931751663670704,0
0,0.07790946137164761,0
0,0.4142486828092448,0
1,0.44098918272813736,0
1,0.9830728124959499,1
0,0.25994672020162196,0
0,0.02422757650037858,0
0,0.03423546245185796,0
1,0.899400818198287,1
0,0.0016174709370664908,0
0,0.48284445911441376,0
0,0.5433491932220091,1
0,0.6885214108809875,1
0,0.41450238411098234,0
0,0.42948607664544963,0
1,0.9833315190410145,1
1,0.6778783355579511,1
0,0.10944103549250443,0
0,0.04951259841186213,0
1,0.9851333989790021,1
0,0.7320396303594127,1
1,0.8094403977884727,1
0,0.4551122820394393,0
0,0.1853616666808304,0
1,0.7583009552494496,1
0,0.09465829990798139,0
1,0.49073472995525963,0
0,0.11400042069953924,0
0,0.08948726931792157,0
0,0.7105672309505877,1
0,0.08099869074845852,0
0,0.09637912200738133,0
0,0.4279728249604608,0
1,0.5786910795653571,1
0,0.1331949366407065,0
0,0.6513741135201144,1
0,0.0032817294204968944,0
1,0.4576327369744493,0
1,0.8906719114535688,1
0,0.844554116213862,1
0,0.001324246456740141,0
0,0.47030479696464844,0
0,0.0017746759495503956,0
1,0.8634528839789105,1
0,0.0007504482542310314,0
0,0.2533802881822268,0
1,0.30714150986605177,0
0,0.09880552082649777,0
0,0.1257984410452634,0
0,0.2252270809066574,0
0,0.008515397062263208,0
0,0.0022139505177294293,0
1,0.9144560482194629,1
0,0.12994304175495733,0
0,0.15249808182918986,0
0,0.012448351976990424,0
1,0.6946743629918127,1
0,0.027498921511226352,0
0,0.013244064395925978,0
1,0.9404628095623152,1
0,0.5970458185999924,1
0,0.2602097678228017,0
0,0.6161943248003371,1
0,0.006258225068974605,0
0,0.1401514787425264,0
0,0.21169876305403068,0
0,0.02153983375780364,0
0,0.5452607536610653,1
0,0.780998640730825,1
1,0.461505934652153,0
0,0.12229650052542264,0
0,0.004152850456260105,0
1,0.8820865034273027,1
0,0.3007962721961198,0
0,0.1007103412263207,0
0,0.23796808953671605,0
0,0.1228504028904365,0
0,0.36555639563171755,0
1,0.9056861166755871,1
1,0.9459931070576671,1
0,0.014147966152054638,0
1,0.9272722941753528,1
1,0.6230408874761297,1
0,0.09173127694005305,0
0,0.09746871287563827,0
0,0.4608957832684687,0
0,0.06669774450699789,0
0,0.07113960517006115,0
1,0.656625278389396,1
1,0.7855813691742131,1
1,0.8641414990742455,1
0,0.016396515837493776,0
1,0.6617542810501484,1
0,0.20755051774454125,0
1,0.5706831939761663,1
0,0.6565503782038073,1
0,0.02589954739274356,0
1,0.7475498254552794,1
1,0.39558403280514615,0
0,0.0733408158720176,0
0,0.03532370709474388,0
0,0.26343785763263744,0
0,0.07482763589742912,0
0,0.42107547335076617,0
0,0.3109116800602733,0
0,0.035938843688684684,0
0,0.24722667072479992,0
0,0.2068888034559214,0
0,0.47990842027303027,0
0,0.2578098104579614,0
0,0.3261708319039639,0
0,0.11248472247588445,0
0,0.14668280423669977,0
0,0.06524231586201508,0
0,0.6078373500364186,1
0,0.2533505665383617,0
0,0.03741823888089784,0
0,0.009077551141265627,0
1,0.4122984461259483,0
0,0.24112032653145263,0
1,0.7218285636267081,1
0,0.90641731565072,1
0,0.04412371793637764,0
0,0.572267184986382,1
0,0.010167197254302499,0
1,0.8075227222310652,1
1,0.7369787436777373,1
1,0.7614425051345773,1
0,0.008472741939599043,0
1,0.8188054544490324,1
0,0.00037741966935239414,0
0,0.011467406821391241,0
0,0.05786576567435438,0
0,0.20115830399632822,0
1,0.6416070653248994,1
1,0.923226372091554,1
0,0.8129776901877425,1
0,0.057318989996456876,0
0,0.020615621851536262,0
0,0.6201375970993263,1
1,0.47956601944987454,0
0,0.16716088024292144,0
0,0.013186875507274813,0
0,0.02536243377340947,0
0,0.0005477154336697275,0
1,0.9487394083213121,1
0,0.058249089526361014,0
0,0.6759548955267685,1
0,0.012995735813572452,0
0,0.0024502474663821994,0
0,0.00684362851324612,0
0,0.00626015190548862,0
1,0.27294034482929175,0
0,0.08990748110344575,0
0,0.0007661582352360565,0
0,0.3037830005989695,0
0,0.26202948944371274,0
1,0.7496476492360225,1
0,0.18638867666931586,0
0,0.027416008264951035,0
1,0.7258099439873944,1
1,0.12408276263688099,0
1,0.6403557940447246,1
0,0.002424649300755205,0
0,0.006469929361665,0
1,0.5719557510177276,1
0,0.10016659711346788,0
0,0.00406752028342289,0
0,0.3103131941234791,0
0,0.04784312953555984,0
0,0.3352894029990231,0
0,0.0008666002564269639,0
0,0.04007519159696868,0
0,0.263554974500023,0
1,0.907218967752124,1
0,0.04732240469694293,0
0,0.011480151401285124,0
1,0.9313103522459247,1
0,0.0072451739890256545,0
1,0.49857321574454555,0
0,0.004533897401363837,0
0,0.20419312074969884,0
0,0.028336169991758038,0
0,0.3689403656755021,0
0,0.1841065975945173,0
0,0.014655995249433914,0
0,0.08397865183120204,0
1,0.8421923157525196,1
0,0.26786429436185455,0
1,0.8884095233588011,1
0,0.04403328115395936,0
1,0.659828032964879,1
0,0.03478860190836455,0
0,0.4140185519481568,0
0,0.08008757506911854,0
1,0.5102101149239311,1
0,0.06904573586816849,0
0,0.41356626523230283,0
0,0.21716396324969348,0
1,0.6090796410059975,1
1,0.5281849929941437,1
0,0.06232862060981964,0
0,0.011555594963182347,0
0,0.013777143160447392,0
1,0.19785634318912668,0
0,0.5644225832916855,1
0,0.08171280011093744,0
0,0.030936471156217303,0
0,0.021625777855515338,0
0,0.149891180876953,0
0,0.015474434188743546,0
0,0.2599059030840907,0
0,0.6908522756200172,1
1,0.0005245917466181022,0
1,0.7065007882181659,1
0,0.03220737753710154,0
1,0.7435778876324661,1
0,0.0005405588517198332,0
0,0.21171798147980295,0
0,0.03122682285145822,0
0,0.053185178307635424,0
0,0.0011747275742871048,0
1,0.9674687747700942,1
1,0.8826720800149765,1
0,0.018812955642674826,0
0,0.20653599215127558,0
1,0.3567719022410154,0
0,0.026331127775563356,0
0,0.02943861630770897,0
0,0.15457120330533433,0
0,0.07460213161863564,0
0,0.002368126022684009,0
1,0.3736966582883494,0
1,0.9635169727996792,1
0,0.1479117851137225,0
0,0.28918209292497965,0
0,0.0014168186435465776,0
0,0.001815514504355578,0
1,0.8944043013507949,1
0,0.004607757792031064,0
1,0.6578851112836261,1
0,0.008052947618111496,0
0,0.025216129832012102,0
0,0.7600654918092954,1
0,0.14991248153176,0
0,0.13985389536977202,0
0,0.7270041412851457,1
0,0.07359213979706196,0
0,0.24286273830162675,0
1,0.9661899631761548,1
0,6.0598209922097376e-05,0
0,0.7001778611184162,1
0,0.09394418191561797,0
0,0.021483094432855156,0
0,0.5252963592389577,1
0,0.15057621890475867,0
0,0.018604939659568755,0
0,0.08165809589086499,0
0,0.09966520127689027,0
0,0.5602691094777147,1
0,0.09102159526093535,0
1,0.990677064201634,1
0,0.028758891001144427,0
0,0.6602358977107822,1
0,0.38967782952189384,0
1,0.9672390124489616,1
0,0.30582954214793306,0
0,0.24893224001425385,0
0,0.3159625876345612,0
1,0.7222097173462917,1
0,0.004979031413506346,0
0,0.6647130693693744,1
1,0.7185078452181953,1
0,0.0163982596666591,0
0,0.0033115312596571694,0
0,0.17529995702189508,0
0,0.003992369650350517,0
0,0.002280201443453002,0
1,0.9094223199435222,1
1,0.5233805319336895,1
0,0.6372886263969857,1
0,0.045794421896107246,0
1,0.5380413837472077,1
1,0.9765291126334279,1
0,0.17481455732139808,0
1,0.5498694508555426,1
0,0.19971984141323532,0
1,0.556573680753458,1
0,0.24655774579493017,0
0,0.005849696155789257,0
1,0.6522957877573904,1
1,0.8124308832325159,1
0,0.008591103325652579,0
0,0.018533756274504678,0
0,0.424026848526332,0
0,0.6281053875386895,1
1,0.8393765578436662,1
0,0.06628765992063441,0
0,0.8304913216307244,1
0,0.05559205177948125,0
0,0.000536123208484028,0
0,0.01537008689824274,0
0,0.000966823712620416,0
0,0.37038545894872177,0
0,0.010513565521771073,0
0,0.0006525653365964299,0
0,0.0314035523810237,0
0,0.0011643180132289983,0
0,0.04477703736050024,0
1,0.941222667490236,1
0,0.013111003327640272,0
0,0.4674229597231347,0
0,0.30149120373646493,0
0,0.002980579795912593,0
0,0.8363816743849166,1
0,0.04384351179984096,0
1,0.8958219424626099,1
0,0.03133874224969356,0
0,0.0017562770328446694,0
0,0.6132830867966191,1
0,0.6235332640326561,1
1,0.2991199403717995,0
0,0.04451243983718074,0
0,0.6232768881453178,1
0,0.022187761485559176,0
0,0.5340836655487702,1
0,0.23283970677481491,0
0,0.012335789730107793,0
0,0.46196690477361185,0
0,0.10040589799019009,0
0,0.22448667502255773,0
0,0.14460459941617484,0
0,0.04046290471597666,0
0,0.023833612082619846,0
0,0.01716776255997875,0
1,0.8464207666074115,1
1,0.7521071244014081,1
0,0.026434718801181402,0
0,0.06919323031201503,0
1,0.9173077357063992,1
0,0.01564332586899689,0
0,0.5492938542170359,1
0,0.019731684223654122,0
0,0.3885882755405317,0
0,0.016941567880839305,0
0,0.013721012300787615,0
1,0.30996124575419504,0
1,0.9167367024030002,1
0,0.5035800654295534,1
0,0.0020233184500873126,0
0,0.0033480137919374127,0
0,0.0108265946453642,0
0,0.017223154834053282,0
0,0.010484246927687273,0
0,0.7698531559910624,1
0,0.7150089460381996,1
0,0.007324091016156628,0
1,0.8585098548556419,1
0,0.8349489432103181,1
0,0.7049321303617302,1
0,0.5657208119615955,1
1,0.8857474276256044,1
0,0.37591157008194787,0
0,0.7039746494757636,1
0,0.0004565548808883739,0
1,0.7279976754728325,1
1,0.5748644733999934,1
0,0.1636341406899413,0
0,0.01683679668656545,0
0,0.002773914537407262,0
0,0.010504503554291954,0
0,0.7109137813109512,1
1,0.9909896486238255,1
1,0.987741490187949,1
1,0.8153033649249484,1
0,0.0072797087260589735,0
0,0.33640433965809696,0
0,0.0360038497522664,0
0,0.12179964608781285,0
0,0.07352621966353173,0
0,0.8865843902845602,1
0,0.018912011618807574,0
0,0.033191788280596594,0
0,0.002415165685725725,0
0,0.33423070944739997,0
0,0.12475189666419255,0
1,0.8243357441120737,1
0,0.11940246479265662,0
0,0.48643315223127664,0
0,0.03105086270800204,0
0,0.11599745027013808,0
0,0.44875309998774054,0
1,0.9330970122759099,1
1,0.6288538274003912,1
0,0.5253568740207241,1
0,0.6655302724131834,1
1,0.919976287215833,1
0,0.1364446997407917,0
1,0.9705278930925184,1
0,9.267420907120254e-05,0
0,0.054311974001384156,0
0,0.005122998174962751,0
0,0.03993126305594368,0
0,0.00042148875062855077,0
0,0.1594384458154416,0
1,0.7910593090006409,1
0,0.23408844656208364,0
0,0.9040874218141794,1
0,0.2857832683702574,0
0,0.2517957193869677,0
0,0.2675810383894009,0
1,0.9917101607671377,1
0,0.5883995421581634,1
0,0.012865919892333814,0
0,0.001875528689201272,0
0,0.04119295026493442,0
0,0.03846908825920834,0
1,0.34862629576455895,0
1,0.9296455417556398,1
0,0.5732279425139463,1
0,0.7093834263508022,1
0,0.08096126665926684,0
0,0.596541929443132,1
1,0.7575000555031537,1
0,0.7358450077168002,1
0,0.5998249074155243,1
0,0.5667547484801635,1
1,0.9149894975056168,1
0,0.15036353810994227,0
0,0.016809393505090378,0
0,0.014727320073595855,0
0,0.10452099888776852,0
0,0.21520184827142905,0
0,0.5517769429104407,1
0,0.28187653900267273,0
0,0.041077355044472096,0
0,0.25246117124543077,0
0,0.047857237677282886,0
0,0.0007970291276222389,0
0,0.0012136182495719207,0
0,0.13222524013581327,0
0,0.003587651050728703,0
0,0.17408018028837924,0
0,0.05664195528215375,0
0,0.29486993370779707,0
0,0.004829399621818238,0
0,0.00031907607222474453,0
1,0.9937221730275619,1
1,0.6114320882476241,1
0,0.006702320737470524,0
0,0.4378240008584822,0
0,0.13029417345162636,0
1,0.8759574555722781,1
0,0.03575631263727273,0
1,0.9171064079113264,1
0,0.1469053085600639,0
0,0.8723713983580673,1
0,0.7941228730406698,1
0,0.02147367165671661,0
0,0.6653258095218919,1
0,0.21451037990244137,0
0,0.06247157434613746,0
0,0.0017800856335649807,0
0,0.5549805371021072,1
1,0.9038692056945907,1
0,0.2493467022091192,0
0,0.6740764689253955,1
1,0.6261839677143008,1
0,0.6048563303442681,1
0,0.1791579434823191,0
0,0.3514111313254716,0
0,0.0033941724246230216,0
0,0.14359868563475497,0
0,0.26127067008059884,0
0,0.03588293063548109,0
0,0.22717257071600305,0
0,0.7950881405638399,1
1,0.5876544260702968,1
0,0.2571276766042383,0
1,0.7699733822012569,1
1,0.8958723756798126,1
0,0.006748532774849112,0
0,0.23900536056963256,0
0,0.28997258958099253,0
1,0.6608374658987358,1
0,0.10609708037491662,0
0,0.1405461258101418,0
1,0.5848343444066394,1
0,0.616432375084348,1
0,0.6139380482414358,1
0,0.3085628778465556,0
0,0.01798381544648748,0
1,0.7434082389485436,1
0,0.31523444664343425,0
1,0.5955028678307448,1
0,0.0005662160951053547,0
0,0.21559032877930065,0
0,0.003105043604771776,0
0,0.6059191694017387,1
1,0.8835028114058605,1
1,0.8364854842267825,1
0,0.04285778633202357,0
0,0.8334858373428721,1
1,0.7136266522352993,1
1,0.9147249461814583,1
0,0.012983646395167468,0
1,0.8976049870978547,1
0,0.005779540451102507,0
0,0.3106517041048376,0
0,0.05472110871159939,0
0,0.4159978275089078,0
1,0.3107095332275056,0
1,0.9857466848447188,1
0,0.012146991976765633,0
0,0.00024132159328961854,0
0,0.09421348557774385,0
0,0.05632138045347728,0
0,0.022177765976255568,0
0,0.04873063070253542,0
0,0.09058243722451181,0
1,0.39957169475572907,0
1,0.964322836509704,1
1,0.5352568167884985,1
0,0.08528180128495962,0
1,0.8837406806929913,1
0,0.010453093562627589,0
0,0.08082866362770935,0
1,0.9744976058391295,1
1,0.9410771709320985,1
1,0.962341092940082,1
0,0.12419695324420578,0
1,0.7469419015233557,1
1,0.9733920099954884,1
0,0.0002942698808472109,0
0,0.0016590937327537981,0
0,0.001174086500182888,0
0,0.6736561726683251,1
0,0.002422378788858083,0
0,0.05941296867907462,0
0,0.6555860984656237,1
0,0.12361716044169778,0
0,0.07734366570583617,0
0,0.3411956346051605,0
1,0.7214561263783595,1
0,0.0066631793232771845,0
0,0.37366073849189807,0
0,0.36563027312804697,0
0,0.06687370758724281,0
0,0.15539901376344817,0
0,0.016893030874941057,0
0,0.14361333684907257,0
0,0.0032168702116981574,0
0,0.22834842707008457,0
0,0.14575445762919365,0
0,0.00791889457035802,0
1,0.42078218681563584,0
0,0.015244060420249539,0
0,0.674674645995958,1
0,0.19857018674874127,0
0,0.01706990578707465,0
1,0.7744751282144462,1
0,0.07040347447422253,0
1,0.17825127604440502,0
0,0.2228110834019937,0
0,0.8288590955016538,1
0,0.020709819238725155,0
1,0.47403161125763876,0
0,0.006758684572887693,0
0,0.062371993662074146,0
0,0.7773749072624047,1
0,0.7704337133719562,1
0,0.6487670225933898,1
0,0.16972430110873454,0
0,0.3703517924141597,0
1,0.8565646878823289,1
0,0.10735084183268039,0
0,0.5375254547564321,1
0,0.1647277870790564,0
1,0.3335074427645419,0
1,0.7059133889462113,1
0,0.6328109469815434,1
1,0.6134617385900761,1
0,0.5319867125336732,1
0,0.6986262688012892,1
0,0.21223009625576775,0
0,0.14839269128272203,0
0,0.011445633910732798,0
0,0.058254999145242056,0
1,0.5279846765139294,1
1,0.36016133071203354,0
0,0.13932842347547147,0
1,0.5574560770498035,1
0,0.0029253202160025088,0
1,0.5170355445256578,1
0,0.11060546250891917,0
0,0.4776557365448905,0
0,0.694705817179607,1
0,0.09241935687781667,0
0,0.3564724285804807,0
0,0.08987549730992661,0
0,0.001888984893877276,0
0,0.09304314490508782,0
0,0.002357603716405232,0
1,0.8930357662013396,1
0,0.05771656211408898,0
0,0.015074150405016222,0
0,0.165613078751202,0
1,0.3016875354636913,0
0,0.18687922177461191,0
0,0.06823361892632628,0
0,0.05550676602029898,0
0,0.8908689478326096,1
0,0.05951773728897816,0
0,0.011785550704384801,0
0,0.1459368428396973,0
0,0.46223743831424213,0
1,0.8972057183266973,1
0,0.000155793573053999,0
0,0.5043842932850745,1
1,0.5592472514781641,1
0,0.012565944667048584,0
1,0.6913182214912804,1
0,0.08281853201599935,0
0,0.002878154678095554,0
0,0.19314329406110625,0
0,0.3828133290944805,0
0,0.04761958895796158,0
1,0.9389542299979765,1
0,0.38159399344273814,0
1,0.6066529061598231,1
0,0.3708891879900491,0
0,0.5374528367488471,1
0,0.03145889827391116,0
0,0.01414917304083971,0
0,0.4795425672846562,0
0,0.7536303668608654,1
0,0.2970576370925795,0
0,0.1838592904885307,0
0,0.01795599971004021,0
0,0.3287473471010739,0
0,0.025602347673587413,0
1,0.9930289958067611,1
1,0.3780661453571108,0
0,0.004531127735220549,0
0,0.12195069173120562,0
0,0.33326956417779996,0
0,0.07959576970623615,0
0,0.020645765447089626,0
0,0.007468072178348155,0
0,0.031346950679219866,0
1,0.8541588046807504,1
0,0.007121613198786081,0
0,0.005565167849472235,0
0,0.4560414208559841,0
0,0.1679677141166499,0
0,0.0931519104363905,0
0,0.00576156507134082,0
0,0.0020378692115725597,0
0,0.06693744868814365,0
0,0.03813665456527616,0
0,0.0405867634865945,0
1,0.5633595146514423,1
0,0.5959521961326756,1
0,0.35170516555232745,0
0,0.6100934990909086,1
0,0.009773287429268699,0
0,0.8342509464265186,1
0,0.09456458735946388,0
0,0.0008318296497802987,0
1,0.969529390055803,1
1,0.7716204950705348,1
0,0.0021225758961853224,0
1,0.6515949204794798,1
1,0.8542950014890748,1
0,0.021024704563913768,0
0,0.19791527830889963,0
0,0.8629453284904741,1
1,0.9727721769808693,1
0,0.14576876081637177,0
0,0.6952847076925591,1
0,0.014724778189666849,0
0,0.7041067479252682,1
0,0.003160257855561139,0
1,0.751278364971566,1
1,0.7610687736824862,1
1,0.9331840885364749,1
0,0.013361166755196555,0
0,0.7187190552264685,1
0,0.14794697184932518,0
0,0.005335914570567889,0
0,0.043021770887434904,0
0,0.34868140902094585,0
0,0.07041764428612562,0
0,0.0135741188860798,0
0,0.638916851593344,1
0,0.3431124199213924,0
1,0.8967669358841968,1
0,0.09055291719917531,0
0,0.02905209975541976,0
1,0.8535463387413693,1
0,0.007332626658519446,0
1,0.898081103846884,1
0,0.6412184008417187,1
0,8.639134494938235e-05,0
1,0.9870544000263795,1
0,0.25523869773913826,0
0,0.2487185824293485,0
0,0.7048702037590157,1
1,0.6837393218184286,1
0,0.022361848171063358,0
1,0.9152279375890507,1
1,0.7960277714485963,1
0,8.202273177289022e-05,0
0,0.03363190247707164,0
0,0.0013650502743156431,0
0,0.4707660359669552,0
0,0.629460496776698,1
0,0.22218477133054237,0
0,0.4168290913331856,0
0,0.015235440083241266,0
0,0.03822791652809027,0
1,0.7704770080701768,1
0,0.5040412365508482,1
0,0.0031645682272324976,0
1,0.993489558824701,1
0,0.08375144032877853,0
1,0.7165295778674251,1
0,0.468196640619994,0
1,0.7934206307067462,1
0,0.09740306953367175,0
0,0.07293737498069573,0
1,0.4244228879522362,0
0,0.4799791863286158,0
0,0.12477788785284455,0
0,0.7713187301479285,1
0,0.533510686698475,1
0,0.6433215069789355,1
0,0.0027454717980141055,0
1,0.425130066069279,0
0,0.009663250074703249,0
0,0.00034399573503911246,0
0,0.5918013337879285,1
0,0.04792674041213885,0
1,0.6210523257632758,1
0,0.8233536209150417,1
1,0.7672535755998062,1
1,0.9001791530553792,1
0,0.21593661076009896,0
0,0.40433579087336247,0
1,0.7478479553583816,1
0,0.3771371341033127,0
1,0.9146268273139591,1
0,0.0026627286785213507,0
0,0.8440480898607247,1
0,0.02479271995967218,0
0,0.016227519354896136,0
1,0.9018273750174767,1
0,0.11051070335913275,0
1,0.7834456255436099,1
0,0.49177458841810645,0
0,0.004586281322242059,0
0,0.11311476490098706,0
0,0.007024523527791166,0
0,0.46691362278858484,0
1,0.5569042211282457,1
0,0.7547891395227745,1
0,0.02388272825254995,0
0,0.42465548562515204,0
1,0.8967523999674855,1
0,0.24072099799684687,0
0,0.006882571776538895,0
0,0.010206706571087529,0
0,0.08213618737602306,0
0,0.32476437779218387,0
0,0.12457232496323285,0
0,0.03605184969984654,0
1,0.6379796067904697,1
0,0.16060600652415935,0
0,0.003577960531463399,0
1,0.6434821448009259,1
0,0.21354207402315376,0
0,0.0779948031125217,0
1,0.7434525056435866,1
0,0.013097259416973171,0
0,0.520615998408698,1
0,0.26037128293871536,0
1,0.6325294103919794,1
0,0.05803675265268267,0
0,0.5710251473193967,1
0,0.08195290668052041,0
0,0.0029928875529372846,0
0,0.2379687696243163,0
0,0.03948399435757806,0
0,0.26191489912833177,0
0,0.0028682532263013764,0
0,0.20508862765842567,0
0,0.07957272610686444,0
1,0.9427200384331339,1
1,0.8948095939146433,1
0,0.5473477849786257,1
0,0.029217705139401876,0
0,0.5015571936599297,1
1,0.985526626301827,1
0,0.16889582489197547,0
0,1.832532735397566e-05,0
0,0.14074897781738896,0
0,0.12931539658336233,0
1,0.9696179363663913,1
0,0.008013712833326924,0
0,0.5540330084197762,1
0,0.5477297002772638,1
0,0.003063444481593864,0
0,0.013951040727589662,0
0,0.0014026840619428846,0
0,0.005597156654800611,0
0,0.010347244608177028,0
0,0.34143070765909656,0
0,0.5318780794090341,1
0,0.004001089201437309,0
0,0.047411176522779444,0
0,0.0009570229353839695,0
0,0.13370188104440964,0
0,0.009639250935276731,0
1,0.7636931116201388,1
0,0.0014082781252272472,0
0,0.03704317742958357,0
0,0.03794202522896154,0
1,0.9756225328180012,1
0,0.2137196121913558,0
0,0.7030911647404398,1
0,0.2869015162577749,0
0,0.02153235574479497,0
0,0.1596679511404735,0
0,0.06775254083883835,0
0,0.04249847515576566,0
1,0.6309283952952756,1
0,0.795908719486351,1
1,0.7173138076976101,1
0,0.27306023898565535,0
0,0.7525518558546104,1
0,0.41383865210476906,0
1,0.4977130350800454,0
1,0.6116179782802643,1
0,0.38898513611228047,0
0,0.675503722478672,1
1,0.7973937836132532,1
1,0.681055900145801,1
0,0.18807393177198448,0
0,0.6103204720782336,1
0,0.1269961876896623,0
1,0.5314296768955884,1
0,0.015599308692834822,0
0,0.6357478559969938,1
1,0.7258831384106873,1
0,0.005617484799267673,0
0,0.006344166934183026,0
0,0.0033008436277888555,0
0,0.06356885895875765,0
1,0.5167336866622981,1
1,0.6315528975172452,1
0,0.22584157702622232,0
0,0.05652699061362337,0
1,0.7247990517431523,1
0,0.010276479486789381,0
0,0.008013075600429966,0
0,0.5255067538767935,1
0,0.13088592715426792,0
0,0.44429450394115,0
1,0.4081882951852119,0
0,0.05297628774418645,0
1,0.8693737252097546,1
0,0.05313745860828167,0
0,0.006786850122431581,0
0,0.004103168162356992,0
0,0.46908604014680405,0
0,0.29252644749810663,0
0,0.20584015092453078,0
0,0.3532493146594383,0
0,0.07731751116678207,0
0,0.35682249206980315,0
0,0.01069751612910307,0
0,0.37165515999068816,0
0,0.0006581222472602715,0
0,0.7425256348295723,1
0,0.010169986986624384,0
1,0.46821456451464183,0
0,0.34147716067571865,0
1,0.0722639705806934,0
0,0.10529524993986789,0
1,0.8898525602951876,1
0,0.8342244255828594,1
0,0.4720099076943438,0
0,0.02998585573713071,0
0,0.0942389885384322,0
0,0.023401063689483432,0
1,0.8939185698827655,1
0,0.011209469226556825,0
0,0.4951970060240682,0
0,0.2242183199797347,0
1,0.7207388663104389,1
0,0.04869199697326106,0
1,0.7405267638126831,1
0,0.2385625955577332,0
0,0.5025127675556414,1
1,0.7527307441216341,1
0,0.7636797130223054,1
0,0.01376216406188201,0
0,0.17585018856687987,0
0,0.004540323040510438,0
0,0.009659055453645841,0
1,0.4931294925548542,0
0,0.0030626156346870758,0
0,0.0008841878006464791,0
0,0.0022034254083623337,0
0,0.4209285248971791,0
0,0.029601661619533537,0
0,0.3310898227138966,0
0,0.11812887446352045,0
1,0.6885066963660242,1
0,0.01763111574098952,0
1,0.3742273378838738,0
0,0.2610547265353777,0
0,0.00491351711763515,0
1,0.8425325903418198,1
0,0.0005956147891746402,0
0,0.01932409736645676,0
1,0.8561549952886697,1
1,0.13465049494290068,0
0,0.5282071411880315,1
1,0.8004723087609964,1
1,0.9808721593630197,1
0,0.0029595060814502894,0
0,0.002805259000139011,0
0,0.020678245799599728,0
1,0.9863166498475053,1
0,0.2546858911156964,0
1,0.35129716486909074,0
1,0.8441129212854104,1
0,0.8139075015437016,1
1,0.8798254356617806,1
0,0.27186984035392736,0
1,0.855300058753217,1
0,0.03764781053169179,0
0,0.037772439693451086,0
0,0.6942168654356877,1
0,0.15458122466506927,0
0,0.0733670480644672,0
0,0.006564072381767466,0
0,0.0459201695194182,0
1,0.7079690564113768,1
0,0.19930141307696328,0
0,0.03221030869619325,0
0,0.1165203201712797,0
0,0.0521811823828124,0
1,0.61511097564616,1
0,0.3155616124437893,0
1,0.778850720620315,1
0,0.011099688678678958,0
1,0.7525790300556497,1
0,0.02445992019541847,0
0,0.04361176757664681,0
0,0.23370557145670204,0
0,0.5452602693195902,1
0,0.6459907838017955,1
0,0.051978283727986865,0
1,0.9256413177835388,1
0,0.36533556195407174,0
0,0.009751028218788045,0
1,0.9804619666026237,1
1,0.7779045481734623,1
0,0.0019224729907137946,0
0,0.6931761077157814,1
1,0.6183907653302514,1
0,0.5061841928068505,1
0,0.05861576458418058,0
0,0.6308707827505452,1
0,0.22187180301952064,0
1,0.8327372593299467,1
0,0.04688098587412542,0
0,0.5326390966793809,1
1,0.5328405324682687,1
0,0.016635546127130175,0
0,0.28767223386993673,0
1,0.47782153521506066,0
0,0.7502315315679827,1
1,0.8953293747966413,1
1,0.657214937289066,1
1,0.23316135604527596,0
1,0.29670667320686345,0
0,0.016965953873613566,0
1,0.9718008498135963,1
0,0.5262776634428502,1
1,0.7694516213404153,1
0,0.18927752308408294,0
0,0.12691833098180655,0
0,0.00022727573099562447,0
0,0.0014406809004875415,0
1,0.9827726115015819,1
0,0.262225725828642,0
1,0.820659897571632,1
1,0.40338102945315235,0
1,0.4938170082239653,0
0,0.6038000931493349,1
0,0.4918768001807543,0
0,0.40055985902424607,0
0,0.6750582195304932,1
0,0.3058998499738791,0
0,0.3153755161722451,0
0,0.1250561861098094,0
1,0.8136618411374936,1
0,0.16871076435736942,0
0,0.3071470403568251,0
1,0.29638518676532266,0
0,0.30528141176593787,0
0,0.0050993624608249265,0
0,0.41348540297181363,0
1,0.983776847681579,1
0,0.01651260897612424,0
0,0.3613217083885802,0
0,0.30425324040102864,0
0,0.06510222522587981,0
0,0.4267151481854189,0
1,0.8684694340495017,1
0,0.001172160518084488,0
0,0.029167262045667865,0
0,0.12616451916625154,0
1,0.9863929824804518,1
0,0.16752824553526863,0
1,0.6532956620992044,1
0,0.011341498980925837,0
0,0.37422152382921375,0
0,0.6657811974701957,1
1,0.6957145676114764,1
0,0.27706313830265406,0
0,0.05208048212639446,0
0,0.2649110516447257,0
0,0.0015241305821689771,0
0,0.1702448392491003,0
0,0.07948225121909791,0
0,0.02436783562663584,0
0,0.5447641100254366,1
0,0.02988051174359031,0
0,0.005282585899632099,0
1,0.680364240109738,1
0,0.3100175252380239,0
0,0.02662986096309782,0
1,0.8045150039554023,1
0,0.783398918675743,1
1,0.47634853782162356,0
0,0.7680397633797198,1
0,0.14129963998500877,0
0,0.10867570815844428,0
1,0.9863840731897858,1
1,0.6550400916413173,1
1,0.6337027440941858,1
0,0.0018584122203737115,0
1,0.550318084322113,1
1,0.7890137255096366,1
0,0.13495724341833443,0
1,0.9401904690372,1
0,0.31047161895197894,0
0,0.13728518525793043,0
1,0.628361023568001,1
0,0.3251689378441252,0
1,0.8918909570205845,1
0,0.021873088851964637,0
1,0.8210073138305065,1
1,0.7728325851521589,1
0,0.6580843396743957,1
0,0.04498232290600721,0
0,0.08809199936116244,0
0,0.5142057269439824,1
0,0.0001908262403769815,0
0,0.28480074535426786,0
0,0.6214548610787702,1
0,0.1464046047787215,0
0,0.019124162368643997,0
0,0.14929771856064286,0
1,0.6255595859079824,1
0,0.5552926285519147,1
0,0.1062636053311745,0
0,0.08891949069843592,0
0,0.061903856320994634,0
0,0.4537866574327499,0
0,0.08768852797459506,0
0,0.06944573148126791,0
0,0.06353985802270744,0
1,0.878223482537302,1
0,0.021573242272733533,0
1,0.7359671053814166,1
0,0.042966424952860585,0
0,0.0811969697759742,0
0,0.6953530982699168,1
1,0.9186835775065769,1
1,0.2542860689333531,0
0,0.24484576033467917,0
0,0.20219448218562325,0
0,0.0019816155319604526,0
0,0.1500818997884896,0
1,0.8120354488425561,1
0,0.5932452755709515,1
0,0.01304712053971447,0
0,0.37425520823677716,0
0,0.5307486770854744,1
1,0.8359823524190881,1
0,0.008730506202476803,0
0,0.15638316729070206,0
0,0.022287634683044833,0
1,0.665682354305844,1
0,0.03750265046008719,0
0,0.13833766808118106,0
0,0.4005921480866528,0
0,0.011477596824626962,0
0,0.2464129299317609,0
1,0.9956908477484784,1
0,0.11502836119669661,0
0,0.5653222242192111,1
0,0.10596236454857016,0
1,0.7002430454866523,1
1,0.7666944948256496,1
0,0.7361154581655728,1
0,0.004074728946063596,0
0,0.21042888593721126,0
1,0.5510049140755833,1
0,0.18976437366534624,0
0,0.2557102849864086,0
0,0.00400709269838781,0
0,0.27917559547960696,0
0,0.527307424827679,1
0,0.056755107807809776,0
0,0.5921072486155056,1
0,0.37931957366983987,0
1,0.49669276695488446,0
0,0.16519043307965223,0
0,0.012486472823874283,0
0,0.3376019303250819,0
1,0.8359944454379777,1
0,0.17869006704440737,0
0,0.020828391714858882,0
0,0.5060301255828835,1
0,0.6583736018162812,1
0,0.10754505291855022,0
0,0.0015635052306769588,0
1,0.5902183979137823,1
1,0.9804858439663953,1
1,0.03613002673327251,0
1,0.8164267489289089,1
1,0.6460332565993074,1
0,0.33075794273655407,0
0,0.001510291910573487,0
0,0.18941683722263056,0
0,0.006483226732447595,0
0,0.01925807393281833,0
0,0.047237548141948,0
0,0.03861752466888333,0
0,0.5430628647940164,1
0,0.715808364664053,1
0,0.8788569778762453,1
1,0.8543404180614222,1
1,0.596672398338089,1
0,0.5401765678217018,1
0,0.19235065826326372,0
0,0.010269060588181373,0
0,0.07321258663477671,0
0,0.05221977353425333,0
1,0.8224220378489878,1
0,0.00442236702593889,0
1,0.7529924978899595,1
0,0.708318875573518,1
1,0.765005474232956,1
1,0.867689060258078,1
1,0.9871904025098844,1
0,0.3740052660689032,0
0,0.6124936240773592,1
0,0.553498959568975,1
0,0.019521976219803675,0
0,0.14838397791235497,0
0,0.34576127869600665,0
0,0.183051054132696,0
0,0.13813280158873564,0
0,0.6295168222628472,1
0,0.36794637256361357,0
0,0.05314161153117187,0
0,0.5126115123738851,1
0,0.13194817978757417,0
0,0.8040214836561584,1
0,0.3114792298071244,0
1,0.6433435167480129,1
0,0.5214758008566129,1
0,0.6795399909712906,1
0,0.01219889839294008,0
0,0.01578913233899276,0
1,0.9052661151974445,1
0,0.8086414890258269,1
0,0.19428244704563485,0
1,0.8407677003079186,1
0,0.38450090156402805,0
1,0.8046856669463075,1
0,0.06264051640267929,0
0,0.030723278543246954,0
0,0.542113805111917,1
1,0.8962509118252868,1
0,0.13702311685373358,0
0,0.35498295129245966,0
1,0.9205702799604855,1
0,0.8835174252640703,1
0,0.12148640340395805,0
0,0.7749143058662185,1
1,0.6033609096127414,1
0,0.026267653387889528,0
0,0.4240015848400424,0
0,0.008059712941492138,0
1,0.7689446097676848,1
1,0.7695804574713142,1
0,0.2453083973601693,0
0,0.7259255853012125,1
0,0.018736485695915305,0
0,0.016105359732387286,0
0,0.2858490567358531,0
0,0.3709096775395697,0
0,0.03719004415523106,0
0,0.5889538654418335,1
0,0.0016635612685020277,0
1,0.8989318658406695,1
0,0.2815288969364754,0
1,0.615446843685545,1
0,0.28282205248509606,0
0,0.003224936032566926,0
0,0.04746976366179859,0
0,0.06540926948932026,0
0,0.005273509988409297,0
1,0.15966722146903187,0
0,0.002223653239648074,0
0,0.31394755288262266,0
0,0.46595666138061526,0
1,0.9085423702639049,1
0,0.2249667517589783,0
0,0.041945990050755486,0
0,0.031236262209604584,0
0,0.08220030591073496,0
0,0.0017648713725667187,0
1,0.9728077780346157,1
0,0.2041131316680008,0
0,0.28925403526530485,0
0,0.02360374030871586,0
0,0.0019717301457412508,0
1,0.41965478741218265,0
0,0.0010652323529451362,0
0,0.0012954796799108062,0
0,0.23387396366033536,0
0,0.005629690416137344,0
0,0.1541432093225968,0
0,0.038527210599202256,0
0,0.05357475875515263,0
1,0.5716085910357882,1
0,0.029881149920765016,0
0,0.3054093037891837,0
1,0.48569474000218965,0
0,0.6306463600260757,1
0,0.42979444960952806,0
0,0.36165031206964426,0
0,0.11398940274042146,0
0,0.004798997578943719,0
1,0.6430985997337475,1
0,0.5747357603809233,1
0,0.05948737096341141,0
0,0.16435895424414887,0
1,0.9743629430557076,1
0,0.18505351720221933,0
0,0.0015315283780445714,0
1,0.7937541904288712,1
0,0.3053559584380518,0
0,0.0004731515631665136,0
0,0.06787142735050354,0
1,0.387454878121999,0
0,0.043682773753570193,0
1,0.8606466473265908,1
0,0.8835612895790613,1
0,0.33715401749221874,0
0,0.02467293406050369,0
1,0.5790952282856078,1
0,0.2936845534307053,0
0,0.256931240701217,0
1,0.3396274763198265,0
0,0.2591759905278363,0
1,0.3355885435520526,0
0,0.0244646796686827,0
1,0.9934639794960818,1
1,0.03690582439192898,0
0,0.3766854452318567,0
0,0.2836439093788432,0
0,0.23296685132877798,0
0,0.039886935565899825,0
0,0.15482250521783314,0
1,0.837589647350009,1
1,0.6836803285662857,1
0,0.03633565209468724,0
0,0.11420188555795394,0
0,0.004874365415135728,0
0,0.3716805899954575,0
0,0.2698953196335212,0
0,0.006046136982056097,0
0,0.6035043354790451,1
0,0.34888434432488363,0
0,0.06956397431394053,0
1,0.9756126403520866,1
0,0.14043154644199193,0
1,0.9526780693908319,1
0,0.5196318650964401,1
0,0.3957473796618716,0
0,0.15171483528672836,0
0,0.5088605841845596,1
0,0.24856760143122292,0
0,0.3352243101780024,0
0,0.38160833497219054,0
0,0.03999212141395621,0
0,0.0007789924496898211,0
0,0.25702365255037973,0
0,0.12754752718057077,0
0,0.6958852624014893,1
0,0.05301134447466512,0
0,0.05483533783487182,0
1,0.8725220142018247,1
0,0.23866980432141674,0
0,0.0851225516579207,0
0,0.15341315093833674,0
0,0.06586784243388939,0
1,0.8250296687271995,1
0,0.009306863670149207,0
0,0.07345205973790818,0
0,0.00032512007894130177,0
0,0.30116365137542445,0
0,0.7548060508991641,1
0,0.772332461060363,1
0,0.002846359530521096,0
1,0.7808635942688137,1
1,0.8840583547097906,1
0,0.034072309439142495,0
0,0.006137032980539159,0
0,0.6152560029255041,1
0,0.0875621302135417,0
0,0.4323331883831013,0
0,0.4302013900346264,0
0,0.36988374496339843,0
0,9.267420907120254e-05,0
0,0.002270168711306434,0
0,0.0021539374124405113,0
0,0.004118394730647732,0
0,0.12474697798497286,0
0,0.5190475625455174,1
0,0.03512706002509889,0
1,0.7608781073363136,1
0,0.04840262948253837,0
1,0.42528717382924425,0
1,0.19319242141292078,0
1,0.9618690151154297,1
1,0.8640185807465931,1
1,0.45441390408457827,0
1,0.6791494770221495,1
0,0.02203595443064957,0
0,0.052993226950577794,0
0,0.08781425932708012,0
1,0.6565688334769649,1
1,0.652465178928602,1
0,0.01613516178803564,0
0,0.477071491822846,0
0,0.914749999137502,1
0,0.024219695154946094,0
1,0.9175086891699158,1
0,0.19000656129036356,0
0,0.009910720764427474,0
0,0.18826847761177243,0
0,0.3188188197412786,0
0,0.09632576901984546,0
1,0.45125648186266004,0
1,0.47632019597979713,0
0,0.016377967230015743,0
0,0.29049470702430163,0
1,0.7740531871715204,1
0,0.0004509866978419358,0
1,0.9751728997835674,1
0,0.00028239031952766186,0
1,0.6352310529443828,1
0,0.7441029855651244,1
0,0.22790419245574522,0
0,0.011561618068009335,0
0,0.2527019903872012,0
1,0.5457106943610674,1
0,0.006361566754715353,0
0,0.08601699006225715,0
0,0.12255096123849278,0
1,0.6574296909157078,1
0,0.18524542968041202,0
0,0.21217055209088667,0
0,0.7367168585453854,1
0,0.46402650648186156,0
0,0.05053459044521801,0
0,0.5506865004404459,1
0,0.13686930485270202,0
1,0.933973564102124,1
1,0.8930418332831764,1
1,0.9707168351928878,1
0,0.052408457889775564,0
1,0.7347564791015743,1
1,0.5618425619851241,1
0,0.0211464037339015,0
0,0.6682462441328593,1
0,0.05074016621043913,0
0,0.6684755112842784,1
0,0.6736527544262926,1
0,0.03220012025372051,0
1,0.6279202697577367,1
0,0.01064262510654412,0
1,0.8641440291974143,1
0,0.5588648539216984,1
0,0.09737644519126483,0
0,0.11624102739132075,0
0,0.004709880216639317,0
0,0.3848418496378702,0
0,0.5830249829064077,1
1,0.8377391451136289,1
0,0.09932781356130749,0
1,0.8714357793217544,1
0,0.0196818370368672,0
0,0.010692550433886776,0
0,0.7683624879080773,1
0,0.12035988283811179,0
1,0.07340373783057316,0
1,0.9412092449025391,1
0,0.028405270556962212,0
0,0.014149181300915338,0
0,0.00124293673179254,0
0,0.4975604069669375,0
1,0.5346517034584499,1
0,0.06392085730387222,0
0,0.03125412561772342,0
1,0.6844193549781714,1
0,0.01574452589417555,0
0,0.1754492336952058,0
1,0.2686082736515246,0
0,0.00650489408135067,0
0,0.4140627508686892,0
1,0.619071081972824,1
0,0.011285445818486665,0
0,0.014667563603233106,0
0,0.05571245375048892,0
0,0.6299983568085098,1
0,0.0006905074496831368,0
1,0.8009039566565428,1
0,0.1460785160399888,0
0,0.578004628391362,1
0,0.0015944831362945295,0
0,0.006261840073353016,0
0,0.05845967319171777,0
0,0.06508811359449265,0
1,0.906394914631009,1
0,0.07232248881112165,0
0,0.5068062320635096,1
0,0.5576755416084823,1
0,0.21855031217621057,0
0,0.9076495738824701,1
1,0.8299876052719083,1
1,0.3119397959523358,0
0,0.01967946860023206,0
0,0.8638773937839539,1
0,0.01731471563530844,0
0,0.6411289998324595,1
0,0.0421230791973269,0
0,0.04192909549872243,0
0,0.038005171540886326,0
0,0.012454301875312875,0
0,0.27732007038104856,0
1,0.24049378423179402,0
1,0.9440756116101077,1
0,0.402780577577487,0
0,0.7352202757090663,1
0,0.06695916949870462,0
1,0.7755424822054449,1
0,0.5282297975976232,1
1,0.9039400660835878,1
1,0.8926587128970351,1
0,0.04224810470052011,0
1,0.9943302143191808,1
0,0.1851426359118184,0
0,0.21189451772782,0
0,0.017060141154547577,0
0,0.07776126901345554,0
0,0.11618079181420982,0
0,6.015580820422558e-05,0
0,0.010230710718641733,0
0,0.12729653889708012,0
1,0.7777420092674647,1
0,0.399746217875029,0
0,0.005999408558832724,0
0,0.07258689552639201,0
0,0.06974779011701354,0
0,0.2891977655934853,0
1,0.2949582091903974,0
1,0.9740288410149646,1
0,0.12606841972685404,0
0,0.3185499100808699,0
0,0.060642640552456654,0
0,0.36439269090307147,0
0,0.04160884105398104,0
0,0.0372128791079778,0
0,0.13750540404839964,0
0,0.004258716473282011,0
0,0.5874311663772999,1
0,0.02593975623955125,0
1,0.36120954155013163,0
1,0.9205306305783542,1
0,0.019739674936646488,0
1,0.9133125408287941,1
0,0.0635705730497413,0
0,0.02040605088517507,0
0,0.7995058674192154,1
0,0.017348660465451245,0
0,0.024846419574516714,0
0,0.0010616226818805647,0
0,0.020717278858122436,0
0,0.0331648435169011,0
0,0.006636601249325451,0
0,0.4334811553760462,0
0,0.464650239053856,0
0,0.20582016826384175,0
0,0.003383469606815474,0
0,0.1975892485005123,0
0,0.8519064219858146,1
0,0.00010051708931009866,0
0,0.00421019647731468,0
0,0.7898926634567001,1
0,0.2807566859008825,0
0,0.0026275228802500046,0
0,0.29081510836788227,0
0,0.4431123122108026,0
0,0.5329771627303469,1
0,0.0002819700914403232,0
0,0.5585277478672156,1
0,0.7570053752771461,1
0,0.052763425210150504,0
0,0.05588267561845664,0
1,0.5247641163591685,1
0,0.6509701191847957,1
0,0.795143746929315,1
0,0.011866342067269562,0
0,0.0013397352287981377,0
1,0.5193286749488732,1
0,0.004589013451738886,0
0,0.009097193457216279,0
0,0.21644622753953977,0
0,0.09205626637816058,0
0,0.7494616128784446,1
1,0.664722333303737,1
0,0.009019832263488991,0
1,0.7399341068183354,1
0,0.01799296085786289,0
0,0.021308263827875217,0
1,0.41518921941731823,0
1,0.9084017710610741,1
0,0.06374535893807237,0
0,0.0007230796060904747,0
0,0.013128411470780407,0
1,0.6155188499138737,1
1,0.9233874237238344,1
0,0.1459240032500539,0
0,0.8091462875407714,1
0,0.10841529568649327,0
0,0.24314330771590234,0
1,0.9424248447497446,1
0,0.6094858585338588,1
0,0.8186134191383299,1
0,0.16069152387317784,0
1,0.9341681637797085,1
0,0.0076296892554464394,0
0,0.18435313265051673,0
0,0.04269561539944281,0
0,0.015074094154716432,0
1,0.6285687023534176,1
1,0.39861502875345334,0
0,0.1781469405802637,0
1,0.9864973866244554,1
0,0.69902026834378,1
0,0.010938482384735168,0
1,0.3395212117183702,0
0,0.026146148602422887,0
0,0.03681753313702437,0
0,0.5296418037036806,1
0,0.7183169909808689,1
0,0.09767155842973342,0
1,0.9603127799792613,1
0,0.040639128071541304,0
0,0.23590550783895387,0
1,0.9633905841823652,1
1,0.3415400950121571,0
0,0.0038582105882319006,0
0,0.014606061208030336,0
0,0.09781532466487047,0
0,0.07256548549678393,0
0,0.2597199152385101,0
0,0.0012482358494713983,0
0,0.10435380377646324,0
0,0.08045727160538586,0
0,0.824501460987016,1
0,0.37646175954104016,0
0,0.012620738293364745,0
0,0.5137622302301454,1
1,0.4325011288556892,0
0,0.163343057187548,0
0,0.014311087569206503,0
0,0.056049646760885564,0
1,0.12588082730826475,0
0,0.0058439536396185906,0
0,0.7802954985067492,1
1,0.18766239926512612,0
0,0.14402098804994645,0
0,0.07511428060059981,0
0,0.020781921886782337,0
0,0.0009029039073506532,0
0,0.008872793206905899,0
0,0.4687837949327791,0
0,0.04657323050770754,0
0,0.015715201489133208,0
0,0.17660518347539758,0
0,0.36285347449270283,0
0,0.04707056525331063,0
0,0.002686886481390432,0
0,0.5830952507819323,1
0,0.1518299149305008,0
0,0.3947415782535879,0
0,0.033153222677570086,0
1,0.6738480617138243,1
0,2.1609911021391907e-05,0
0,0.0014276646993994597,0
0,0.10005276582106289,0
0,0.4271716185946295,0
1,0.7071040419613122,1
0,0.18720432828977562,0
0,0.08043129550186412,0
1,0.9956563339649485,1
0,0.00026301696596026493,0
0,1.1870435497536958e-05,0
0,0.020777788223314997,0
1,0.7826419373396775,1
1,0.7029804932902122,1
1,0.9692953532038698,1
0,0.025607426964032686,0
0,0.011157318333846823,0
0,0.024010706032014564,0
1,0.7622507630224294,1
0,0.1596930457559579,0
0,0.013263110942893636,0
0,0.11902991787338794,0
1,0.8284724651785547,1
0,0.24945748103856316,0
1,0.9396011234052902,1
0,0.24447035822422994,0
0,0.25584269045474156,0
1,0.6391562450160565,1
0,0.12083065382248959,0
1,0.7662319092741267,1
0,0.23827584108936975,0
0,0.005559185502586585,0
0,0.27566616830727164,0
0,0.5653255076047141,1
1,0.9675912785077695,1
0,0.06532115222707757,0
0,0.0020554196686760682,0
1,0.49548315011130806,0
0,0.032031512810190926,0
0,0.3516927316323535,0
0,0.638635796647817,1
0,0.03930506805100873,0
1,0.9915071542116514,1
0,0.030492676387411433,0
1,0.7669417118830498,1
0,0.16474875585497498,0
1,0.6080732986705528,1
0,0.15961615996095943,0
0,0.03341619833010604,0
0,0.3245345808082672,0
1,0.22398161125836466,0
1,0.17708795959835585,0
0,0.0015304575014503724,0
0,0.05508651624034066,0
0,0.2515366119992598,0
0,0.007201061707574449,0
0,0.02954899459384658,0
0,0.3883948585347911,0
1,0.9593962097906833,1
0,0.007409465697313734,0
0,0.14051866930869858,0
0,0.26195144892592703,0
0,0.22200383224967468,0
0,0.1468657527561838,0
0,0.06307149136112641,0
1,0.663542205179138,1
1,0.3470579185628189,0
1,0.8559842924904438,1
1,0.9847607810657538,1
0,0.4501213732689637,0
0,0.06438889907680888,0
0,0.2601787051621794,0
0,0.009552781511587468,0
0,0.3684263538400926,0
0,0.5994169252958617,1
0,0.08644296956747878,0
0,0.022266523450677537,0
0,0.0855276053286947,0
0,0.08138310837422225,0
0,0.0005075555113867621,0
0,0.032159036346506936,0
0,0.2915569293661987,0
1,0.7790905146914991,1
1,0.9423676583442324,1
0,0.6754654307174767,1
0,0.14714311312097558,0
1,0.9674896647714356,1
0,0.09367472830301439,0
0,0.31544978505918514,0
0,0.06981254045027617,0
0,0.03693224437914226,0
0,0.01069048955286267,0
0,0.10219234086568976,0
0,0.2306474553752508,0
1,0.9913737466029358,1
0,0.22291374618601598,0
0,0.09787741880887542,0
1,0.9680493579354041,1
0,0.48387819577056196,0
0,0.4918290779638345,0
0,0.008027369651628015,0
0,0.12826267186267248,0
1,0.8798866764194626,1
0,0.07122379327545646,0
0,0.1544699765339557,0
1,0.5731759846136733,1
0,0.15047447389212865,0
0,0.021166239740482626,0
0,0.8404297910283611,1
0,0.10971429141155724,0
0,0.04102981175062232,0
0,0.10274785588261182,0
1,0.8410738384351906,1
1,0.9290354939974723,1
0,0.07641745514841508,0
0,0.2177447711098128,0
0,0.7241887053583607,1
0,0.815856405935034,1
0,0.03109081623857236,0
0,0.029518504816121678,0
0,0.0024312772175718424,0
0,0.0053358152748458985,0
0,0.05228972845944923,0
0,0.15931845353771987,0
0,0.15783890898929248,0
0,0.24492394707319695,0
0,0.36970589916320495,0
0,0.03771124157854494,0
0,0.021218982879953538,0
1,0.2044675134448452,0
0,0.020081452715000767,0
0,0.6495002589484906,1
1,0.9526397137979702,1
0,0.5393617657854521,1
0,0.825815156514376,1
0,0.5534796372228745,1
0,0.43187558104312873,0
0,0.09507451726043373,0
0,0.4224125760754904,0
0,0.3637758016888013,0
0,0.0036628959411764955,0
1,0.9640752191741321,1
0,0.01372323176851382,0
0,0.017432465528327952,0
0,0.043382416137079736,0
0,0.3757712035900677,0
0,0.09308647370635212,0
0,0.4826601426313545,0
0,0.22305741942738058,0
1,0.8341451102514267,1
0,0.7902983182028581,1
0,0.05265456713479108,0
0,0.00139281462667878,0
0,0.01738145832432617,0
0,0.006427252928290385,0
0,0.0316351391307219,0
0,0.5609308603039254,1
0,0.018108727552873908,0
0,0.042639310581497815,0
1,0.9709556197727164,1
0,0.09715633533311593,0
0,0.5123088416596515,1
0,0.5252657936493214,1
0,0.03437445315511125,0
0,0.01372596508310614,0
1,0.9889464461968243,1
1,0.9091987335737656,1
0,0.0033625045126249443,0
0,0.032489998681223535,0
1,0.695055470977667,1
0,0.02869571640697543,0
1,0.9692205435302174,1
0,0.23908593618754287,0
0,0.6294253046053685,1
0,0.0247393109979768,0
0,0.6541755608492656,1
1,0.8784196975026873,1
0,0.00036373621984028847,0
0,0.14840292990419987,0
1,0.5760410499677825,1
1,0.5380809656801195,1
1,0.8474088970685207,1
0,0.2722733502453806,0
0,0.37564439294068125,0
0,0.0823268403816286,0
0,0.26002655221235565,0
1,0.7783679748038093,1
0,0.31047481324839993,0
0,0.814807974977142,1
0,0.1835849564666951,0
0,0.040609375848378135,0
0,0.07634077825846962,0
0,0.5739871979893608,1
1,0.9857808909841221,1
0,0.07217580381405421,0
1,0.9183740284401404,1
0,0.20732200409202922,0
0,0.5122913217191508,1
0,0.009715542050280261,0
1,0.9652021520473005,1
0,0.35560553478158113,0
0,0.7845821665027323,1
0,0.041015677081878046,0
0,0.7440186287579754,1
0,0.44784807958531636,0
0,0.04004381545324319,0
1,0.9250692033364578,1
1,0.9775538932780429,1
0,0.8424140452338251,1
0,0.03354163285902718,0
0,0.1608323319840098,0
0,0.17542140659440963,0
0,0.004524265229340829,0
0,0.024940691399182858,0
1,0.40181682258030826,0
0,0.8431478422637659,1
1,0.8665990690765549,1
0,0.6600868860766476,1
0,0.41561313999405136,0
0,0.2932225485346547,0
1,0.8699607168334663,1
0,0.009496317499137649,0
1,0.664496896146849,1
0,0.010714375388537258,0
0,0.015720769744114592,0
1,0.780066384486118,1
0,0.012125286121651166,0
0,0.5715903532271088,1
0,0.44516500736654135,0
0,0.10615275256398395,0
0,0.5275899950305314,1
1,0.7227610510762871,1
0,0.9091785465675652,1
0,0.010183000211050978,0
0,0.14465378357498831,0
1,0.850525849841961,1
0,0.2577505223968768,0
0,0.4403435851140337,0
0,0.06799581587298673,0
0,0.005527454892778552,0
0,0.008072922780244896,0
0,0.12055124341692627,0
0,0.10844979905857385,0
1,0.9026917945182394,1
0,0.3010028169403396,0
0,0.09173220010299422,0
0,0.2877632812911962,0
0,0.02229290414421217,0
0,0.21850594238589882,0
0,0.23536800055251342,0
1,0.2926993138172667,0
0,0.2992988664546763,0
1,0.6219676842677082,1
0,0.1172180988151642,0
1,0.16732293483208718,0
1,0.758046423526145,1
1,0.46938613280923297,0
0,0.4741917853051942,0
0,0.6483057053771044,1
0,0.27141610900498214,0
0,0.19707472331380624,0
0,0.6888463673152626,1
1,0.8814772542821966,1
0,0.16405182208663127,0
1,0.3949619934849782,0
1,0.7695064088578153,1
0,0.013457360985265548,0
0,0.08188558088774107,0
0,0.06959409658080395,0
0,0.021345911591166254,0
0,0.005281704324320888,0
0,8.903259388468058e-05,0
0,0.04216381261770973,0
0,0.009856609127115468,0
0,0.04993478041101101,0
0,0.02353032325947535,0
0,0.002982652585241656,0
0,0.02453186816040336,0
1,0.8872894160012947,1
0,0.0022780426484226794,0
0,0.201204489866845,0
0,0.3799257116969176,0
0,0.07505772760232256,0
0,0.2605100108191536,0
1,0.9818780732907919,1
1,0.3370847029196958,0
0,0.09881924208764799,0
1,0.6534713596033983,1
1,0.9884764824417499,1
0,0.3504167836832173,0
0,0.003392083912187982,0
0,0.4975379922459079,0
1,0.4622915243481426,0
0,0.06978178069798598,0
0,0.0101408622970569,0
0,0.47714559743896967,0
0,0.2817952927421768,0
1,0.8593588201643617,1
0,0.005753547616099432,0
0,0.6319768654320707,1
0,0.012834704166194125,0
0,0.27132222406090195,0
0,0.030395049009696553,0
1,0.6745948471794961,1
0,0.023937517394400535,0
0,0.007608781880358193,0
0,0.4685501504415955,0
1,0.9151635181437344,1
0,0.12842524554451315,0
1,0.6391924411073752,1
0,0.0020347932383367527,0
0,0.3373823130386492,0
0,0.6882753636841361,1
0,0.15188330331028593,0
1,0.8659583452523518,1
0,0.10324512681730008,0
1,0.9737347268156331,1
0,0.030934480553363775,0
0,0.48136010585827316,0
0,0.23671833299695025,0
1,0.9778316562620563,1
0,0.26956200297856714,0
0,0.6911519095119409,1
0,0.1419600044343296,0
0,0.42318601804372247,0
0,0.656614640778953,1
0,0.8726028624814003,1
0,0.027289105860707975,0
0,0.2749068108192221,0
1,0.08968952533341593,0
0,0.5525900422371559,1
0,0.009851092820842273,0
0,0.7522905768856525,1
0,0.0035066618360027817,0
0,0.0004209365193962114,0
0,0.08082098710708313,0
0,0.2281213390387093,0
0,0.019899984748235032,0
0,0.13500209189212198,0
0,0.1756443499207093,0
0,0.08614902116879897,0
1,0.651470117877869,1
0,0.01361529348756983,0
0,0.003840540528685513,0
0,0.5677357964353159,1
0,0.041088558070746635,0
0,0.32929338295227667,0
1,0.3422455909916009,0
1,0.8599208453362993,1
1,0.7171232843624548,1
1,0.9925415237921741,1
0,0.022725272463989952,0
0,0.034123131163751715,0
0,0.2380835747707803,0
1,0.4694027060690142,0
0,0.005173615323709983,0
0,0.06377037459243902,0
0,0.2227163363117345,0
0,0.04686575620143051,0
0,0.29982990973105694,0
0,0.032464714542517155,0
0,0.042756811655027795,0
0,0.6824194251253378,1
0,0.18060976576896043,0
0,0.06213979322760452,0
0,0.656549808283611,1
0,0.38269631184756164,0
0,0.6523514156360206,1
0,0.7561343482612847,1
1,0.7280107137910606,1
0,0.005543533088460392,0
0,0.00018295350956084962,0
0,0.8614857720221025,1
1,0.3071864770280096,0
0,0.5916035785749971,1
0,0.738920896966781,1
0,0.09772725403151096,0
0,0.20823389674452641,0
0,0.8805940583496091,1
1,0.9758829448423055,1
0,0.18193649226376551,0
0,0.02150490430937435,0
0,0.4327415505610193,0
1,0.8343319433314688,1
0,0.0838602634544431,0
1,0.8931335781215239,1
0,0.007715860864275167,0
0,0.24013658499857982,0
0,0.5869430132621194,1
0,0.9292931586406503,1
0,0.5245875599298708,1
0,0.06842648412886834,0
0,0.07385698377824292,0
0,0.026011749930530185,0
0,0.04461855548222947,0
0,0.028453110811378513,0
1,0.34099104101700395,0
1,0.9905960229732773,1
1,0.726031897688321,1
0,0.06971920388260466,0
0,0.03827209608091902,0
1,0.24703203318856504,0
0,0.4364493981409464,0
0,0.016703846494921314,0
0,0.5361983040157668,1
0,0.2734833998225392,0
0,0.05357886617012395,0
0,0.015763882001953274,0
1,0.6187568451330363,1
0,0.014756134168116454,0
0,0.04928842991002325,0
0,0.0041476527197811175,0
1,0.8810101368115096,1
0,0.11116734908882303,0
1,0.9003154610967575,1
0,0.048597187935006364,0
0,0.6951101550223759,1
1,0.5420203277827753,1
0,0.44482373547351217,0
0,0.0038145858544414665,0
1,0.8352939675659377,1
0,0.012599271155907806,0
0,0.02678012691972451,0
0,0.024948011743506894,0
0,0.27283029392021757,0
1,0.7985666125735603,1
0,0.001454457947424922,0
0,0.6091697311952162,1
0,0.6670510491787535,1
0,0.3816208345373948,0
0,0.007213435693580803,0
0,0.5777280118763869,1
0,0.008283272072822171,0
0,0.6560836870577248,1
0,0.0003571677007803538,0
0,0.6269409715322244,1
1,0.33770291985587114,0
0,0.6261264033508198,1
0,0.1482216949578895,0
1,0.9464679764251681,1
0,0.010686763803135737,0
0,0.022274605153791618,0
0,0.1887939566140358,0
0,0.08880198416848546,0
1,0.7339131476396313,1
0,0.08317428958710069,0
1,0.6826021953112217,1
0,0.5410322656552844,1
0,0.0023163154551691916,0
0,0.4732446251350055,0
0,0.0008374668597761806,0
0,0.027334285208465516,0
0,0.30934648660020553,0
0,0.0005501380625530746,0
0,0.10402633064885879,0
1,0.7354485387896269,1
0,0.020425366955649685,0
0,0.12796259230634177,0
0,0.020172765590297632,0
0,0.01043178043213506,0
1,0.6699607940027691,1
0,0.6049229908910176,1
0,0.6374768801707739,1
0,0.35711780496368417,0
0,0.11455401826329904,0
0,0.5513791349111653,1
0,0.04616168610404284,0
0,0.5400022460847017,1
1,0.8615816740834007,1
0,0.44904416049311746,0
1,0.46377408918025564,0
0,0.8143197543160533,1
0,0.012140199458582529,0
0,0.7848431311335462,1
1,0.4979851562671008,0
0,0.5260540028612564,1
0,0.4070511088174094,0
0,0.5545550500792873,1
0,0.508920316537829,1
0,0.018754228191792947,0
0,0.4283741528549406,0
0,0.008675399552706848,0
0,0.007215758645034494,0
0,0.47629380443883623,0
1,0.9153910568598937,1
0,0.047285237159991035,0
0,0.0015489050162738,0
1,0.7617907319156978,1
0,0.6391480241903321,1
1,0.742324735996759,1
0,0.019296472224426924,0
0,0.30846690830999046,0
0,0.3273796722497867,0
0,0.19210519703625778,0
0,0.2302749592208151,0
0,0.047195264887985575,0
0,0.22017923588590066,0
0,0.05808449545063437,0
0,0.23918262037236648,0
0,0.0043184943924093055,0
1,0.8620968942808185,1
0,0.8139869237645391,1
0,0.05561331604287433,0
0,0.08322786397154677,0
0,0.05519926644333528,0
1,0.8846604817985315,1
0,0.24542158817020432,0
1,0.9876543015078516,1
0,0.057081050457251786,0
1,0.6323009475969633,1
1,0.5866723933425985,1
0,0.3625106771082012,0
1,0.44337568142619593,0
0,0.2204889227778034,0
0,0.04737601905747875,0
0,0.09998880333765352,0
0,0.08451227116813544,0
0,0.08317031236055071,0
0,0.3229602843262611,0
0,0.36883280315072525,0
0,0.0037202840392395803,0
0,0.0016967174029048962,0
0,0.13986968799439073,0
0,0.015949163192793665,0
0,0.24191044306061912,0
0,0.3807216259969991,0
0,0.01846069661809468,0
0,0.33782083670002744,0
0,0.42762938338304757,0
0,0.8277531863995726,1
0,0.32496296964016275,0
0,0.7528682082756513,1
1,0.7057537685945174,1
0,0.6602324590106932,1
0,0.049514288179040286,0
0,0.47628075544341536,0
0,0.6899870714536569,1
0,0.001396128354960677,0
0,0.21548694212452962,0
0,0.2003549721061828,0
1,0.8272752745933167,1
0,0.41408699230313234,0
0,0.02035521408628318,0
0,0.47991558193612954,0
1,0.3755920858729934,0
0,0.5955758614208818,1
0,0.5794934244232683,1
0,0.1561585203725881,0
1,0.6691291672017528,1
0,0.03639238550420086,0
0,0.09367473822792885,0
0,0.017283416234203777,0
0,0.2582603214449811,0
0,0.26590526233419454,0
0,0.013212737261610005,0
1,0.7559307878541368,1
1,0.6987644497162033,1
0,0.12400624396002399,0
0,0.0018976391765815588,0
1,0.7469407661986156,1
0,0.0019998196351828285,0
0,0.04132058769472722,0
1,0.9119165987841552,1
0,0.024136487456344037,0
1,0.9849606899223036,1
0,0.019516774261336117,0
1,0.7903830715169071,1
0,0.7181434947430139,1
0,0.38271742005360504,0
0,0.04167147349637543,0
0,0.17023618926034884,0
0,0.03402331089618538,0
0,0.007292455764423946,0
1,0.8702286140773551,1
0,0.41415006103337043,0
1,0.09619750395824218,0
0,0.05382813970253721,0
0,0.6319881288509709,1
0,0.005641359768934417,0
0,0.05235659617206261,0
1,0.9810680634787493,1
1,0.9792238966992067,1
1,0.7913063506761018,1
0,0.005654428566041019,0
0,0.29959589950643256,0
0,0.011292482015395417,0
1,0.7564863720830171,1
0,0.006686100618449222,0
0,0.08423539666064427,0
1,0.9901053255037099,1
0,0.1835118507040313,0
1,0.8011894246089851,1
0,0.2361231034606407,0
0,0.15089496934831662,0
0,0.38935192895548976,0
0,0.22599849300815297,0
0,0.6334123536863784,1
0,0.008549366411044885,0
0,0.11277777361323198,0
1,0.8419207328196869,1
0,0.05394722204101566,0
0,0.04033023053967438,0
0,0.4526084613042057,0
0,0.02083054022201439,0
0,0.4854480830028602,0
0,0.0032506765353139265,0
0,0.019475417837304936,0
0,0.060981110691119556,0
0,0.2734990187746191,0
0,0.26662085235374033,0
0,0.07083905592656987,0
1,0.9116356133883871,1
1,0.7227845601347064,1
0,0.16524802597363603,0
0,0.29731868637173425,0
1,0.8436207445015411,1
1,0.506022111485823,1
0,0.747006036682766,1
1,0.9088642497175645,1
0,0.056302001463801606,0
0,0.3810054075087514,0
0,0.037050872686681106,0
0,0.1819555740440616,0
0,0.06175242900999908,0
0,0.2999650855218573,0
0,0.007324769115364146,0
0,0.15735331875111092,0
0,0.17045805155381255,0
0,0.0030227791120074343,0
0,0.10372851602233704,0
0,0.4202159354629427,0
0,0.31394590134314915,0
1,0.9606474427611617,1
0,0.36861818760242876,0
0,0.3277031945248133,0
0,0.08261390959526586,0
0,0.0019763475008577067,0
0,0.0038697402914040593,0
0,0.026431113087103483,0
0,0.43948778452816206,0
0,0.09904112692460301,0
0,0.005120009656419285,0
1,0.7453986926286968,1
0,0.2595118677232181,0
0,0.42405170089461847,0
0,0.03023557320762238,0
0,0.05405841171367322,0
0,0.0012108107479192353,0
0,0.010900926897280973,0
0,0.006771254551592903,0
0,0.8577278728616845,1
0,0.5460936677270549,1
1,0.8651454312643692,1
0,0.4643495604685418,0
1,0.6767370100356138,1
0,0.6610060584397208,1
0,0.2491255548672649,0
0,0.1952535064936897,0
0,0.08755951279742821,0
1,0.6548233616647007,1
1,0.974116840560417,1
0,0.026957516264458626,0
1,0.8714693036625177,1
1,0.675955031131943,1
0,0.0020949004840187624,0
0,0.12728334255200954,0
0,0.0354658405989173,0
0,0.08269867996868012,0
0,0.606480030819147,1
0,0.04866150690065089,0
0,0.026581319119364302,0
1,0.9077741446322889,1
0,0.1307908497410502,0
0,0.04056061630811377,0
0,0.15892973369223373,0
0,0.0831878093293527,0
0,0.07356727441395294,0
1,0.8359657660601889,1
0,0.008244899600539542,0
0,0.03177586902618684,0
1,0.7500356152657325,1
0,0.02815772080585809,0
1,0.9729518887286639,1
0,0.5808553455425015,1
0,0.7265367205831957,1
0,0.16289817744263477,0
0,0.06399725687500984,0
0,0.00946824783580651,0
0,0.1739828903752619,0
0,0.2041997924647746,0
0,0.07842495119378726,0
0,0.7930336045638523,1
0,0.12471536202434177,0
0,0.27827892656208564,0
1,0.9000046697177434,1
0,0.029180135771843984,0
1,0.472711135400314,0
0,0.008630035875474725,0
0,0.030747431754745966,0
0,0.007925358975826847,0
0,0.0936077222696413,0
0,0.07692121427158277,0
0,0.023656177617083985,0
1,0.9476592144846436,1
0,0.03049392939116525,0
1,0.024259541734106046,0
0,0.7612631399659271,1
0,0.0002877968741947838,0
1,0.7846403451917888,1
0,0.013788606768216395,0
0,0.06554463043147088,0
0,0.41788854663870323,0
1,0.669051763993387,1
0,0.5164512358542547,1
1,0.4586528311491338,0
0,0.01513057193345297,0
1,0.9668111685843289,1
0,0.022709203224645633,0
1,0.6960569129812376,1
0,0.665717142750013,1
0,0.047594152922366684,0
0,0.0005808372987738894,0
0,0.06314379105985134,0
0,0.011046153128630106,0
0,0.02381942630498004,0
0,0.012617215185933612,0
0,0.2807853229579846,0
0,0.19080404933444453,0
0,0.5653685847419109,1
1,0.9114366333602898,1
0,0.11277189136869592,0
0,0.035586070720211346,0
1,0.8399514174080592,1
0,0.10099301610154637,0
1,0.8378781651362462,1
1,0.7891703241274352,1
1,0.1025848491343319,0
0,0.08761889151978265,0
0,0.26476594648630536,0
1,0.5831510670335751,1
0,0.5987224381786227,1
0,0.24346112323418037,0
1,0.7260463267358671,1
1,0.8388456296044339,1
0,0.007234071197144205,0
0,0.01498009709976649,0
1,0.9849273106511753,1
0,0.2527760187552708,0
0,0.020829204567258553,0
0,0.05484335448395619,0
0,0.16363030518941102,0
0,0.2612942863915273,0
1,0.9945360013992418,1
0,0.24244253542660635,0
0,0.5287428874117651,1
0,0.04898482377328112,0
0,0.20730488246921214,0
0,0.2929948314031519,0
1,0.7716242481402673,1
1,0.9716692560288791,1
0,0.6798111771444558,1
1,0.6771439028922854,1
0,0.6714119018656928,1
0,0.0319822642796267,0
0,0.17291007965985533,0
0,0.026717043259251855,0
0,0.246804591810053,0
0,0.04871637493290279,0
0,0.009680020737237578,0
0,0.2940545356202163,0
1,0.52575151154176,1
1,0.4536656720101231,0
1,0.8826574045393459,1
0,0.026725100710746196,0
0,0.056567605873515406,0
1,0.7520222146925252,1
0,0.8132156975397512,1
0,0.9014901998174116,1
0,0.08262840929801696,0
0,0.3206721848733582,0
0,0.036747967332636355,0
0,0.01065521623882714,0
0,0.5824443615926436,1
0,0.23193864653545573,0
0,0.0598659325694733,0
0,0.00379712622525204,0
0,0.6166129279376645,1
0,0.24259679856590105,0
0,0.009409402719606757,0
1,0.923140287668237,1
0,0.01374661165536224,0
0,0.6633273696732108,1
0,0.585127292665623,1
0,0.5071553805423816,1
0,0.012987654637835827,0
0,0.025554150227856152,0
0,0.08671041943813591,0
1,0.7940162381497945,1
0,0.03627536814939532,0
0,0.004124192134444812,0
0,0.1287304835401018,0
1,0.9016389439378004,1
0,0.001515581609378808,0
0,0.055779951431014954,0
0,0.009286334180035893,0
0,0.029445206152232728,0
0,0.04997754453242535,0
0,0.00461953135107615,0
1,0.02603413496321936,0
1,0.8315116572348434,1
0,0.06107511347471979,0
0,0.03248914335647877,0
0,0.06855445957372273,0
0,0.04194176325581369,0
0,0.048597208596913015,0
1,0.8296012742238685,1
0,0.36087491486531736,0
0,0.009036523959542018,0
0,0.13639239087606136,0
0,0.0009409975762282719,0
0,0.00027213932342078014,0
0,0.7380348831971655,1
0,0.06352991129600155,0
0,0.00018576217146092617,0
0,0.3597987836818101,0
0,0.3288683481944204,0
0,0.01167306039912636,0
0,0.809755366012564,1
0,0.003860602530897405,0
0,0.6857036922299158,1
0,0.02784567254007462,0
0,0.0006905074496831368,0
0,0.11787059911469445,0
0,0.20545503713106092,0
0,0.8344870153238985,1
0,0.3318303307286648,0
0,0.5697835989880398,1
0,0.3507013497544979,0
0,0.061884989291663244,0
1,0.9223597433086329,1
0,0.009627198404028531,0
0,0.09629682938040762,0
0,0.06546046217600412,0
0,0.5040891745839869,1
0,0.016436584584369106,0
0,0.24281914094620846,0
0,0.00036373621984028847,0
1,0.8268467006760855,1
0,0.08113579262023234,0
1,0.593323391313054,1
0,0.05635522511610551,0
0,0.07383883673210337,0
1,0.9906914091860718,1
1,0.9075989160343071,1
1,0.7371398485408386,1
0,0.2419683473799863,0
0,0.6476622631791236,1
0,0.04107542365794085,0
0,0.6656518799665463,1
0,0.040664756363260925,0
0,0.0017513505458156564,0
0,0.10996025993725456,0
0,0.10002308221716637,0
0,0.5030217375755842,1
1,0.7699965713540526,1
0,0.5182690108644371,1
0,0.007741518342919537,0
0,0.17927827226606194,0
0,0.5225875744787702,1
1,0.9883591885375258,1
1,0.8351096114713163,1
0,0.6421441300957718,1
1,0.9905805618120216,1
0,0.3727709889160561,0
0,0.2308428893534111,0
0,0.03224364845094732,0
0,0.005282727569805325,0
1,0.5504917769137827,1
1,0.9238136909629983,1
1,0.9106636617219942,1
0,0.19338490175460277,0
0,0.024061191715814837,0
0,0.00018173834562218083,0
0,0.006345838005739425,0
0,0.006201989005037558,0
1,0.3486749457389558,0
1,0.9657125211018195,1
1,0.7795878151860044,1
1,0.5778505289555113,1
0,0.759077946695007,1
0,0.02755418083175566,0
0,0.11218441457701561,0
0,0.557663461732807,1
0,0.0010596911532358136,0
0,0.062388890862765105,0
0,0.5248060478613337,1
0,0.01577619206427226,0
1,0.9594359022164645,1
1,0.5894123631084727,1
0,0.013425226979757328,0
0,0.004553055021901797,0
0,0.01055010440922,0
0,0.07170757674972371,0
0,0.0027589631398067696,0
1,0.4333826585060596,0
0,0.42032868764243575,0
0,0.013023293325831298,0
0,0.11982653795212665,0
0,0.1371221765739299,0
1,0.8505045984365985,1
1,0.6405215296902277,1
0,0.8424474025746421,1
0,0.40303726453796934,0
0,0.39845759930498653,0
0,0.38688563621585337,0
0,0.023792817052842866,0
0,0.03780918952791161,0
0,0.06080444968640729,0
0,0.6826623598784188,1
0,0.027677749798015874,0
0,0.016379703400505458,0
0,0.5672869850600095,1
0,0.8572955665328934,1
0,0.01776093562147152,0
0,0.4784818455681135,0
1,0.8016525161778593,1
0,0.004495293397029996,0
0,0.04277852508719702,0
0,0.01703690124642139,0
0,0.6241680161966934,1
0,0.09605133449337354,0
0,0.4791210430882701,0
0,0.10653153440854714,0
0,0.004677071548251464,0
0,0.11950797849357568,0
0,0.22683383315479969,0
0,0.6155506660342858,1
1,0.9758313633335306,1
0,0.6558439821297252,1
0,0.00166804612337173,0
0,0.0017019853350081849,0
0,0.05295243989255731,0
0,0.7770913283386383,1
0,0.2286121752353874,0
0,0.8411564969625386,1
0,0.07466445136764545,0
0,0.15098316389864583,0
1,0.6199269640054591,1
0,0.34438063491258947,0
0,0.17864330294573896,0
0,0.5979333490917044,1
1,0.6125662651244463,1
0,0.09518437575746545,0
0,0.0009118197250631447,0
0,0.2808540418371807,0
0,0.14900581900478488,0
0,0.0008212561287412702,0
0,0.035287656773490994,0
0,0.043143272674248646,0
0,0.002571779139673378,0
0,0.889033626082711,1
0,0.05527243323893031,0
1,0.995040339755915,1
1,0.7597965536865715,1
1,0.8721486230441301,1
0,0.8983144334215263,1
1,0.6354224921008841,1
0,0.022787781822328424,0
0,0.10651385269257238,0
0,0.00035573229213917905,0
1,0.3402628814873553,0
0,0.6323679777466367,1
0,0.3285700217838606,0
1,0.9851363892404044,1
1,0.7766576611799204,1
0,0.23546246368214682,0
0,0.5724081815312947,1
0,0.6092693183222332,1
0,0.0013794859527917424,0
0,0.06084386050662798,0
0,0.02986763065152432,0
0,0.4000383032438899,0
0,0.42838068713427807,0
0,0.022973048715924826,0
1,0.6585744094672675,1
0,0.0717763677580358,0
0,0.13103774243250524,0
0,0.2706165387386542,0
0,0.008482703191060481,0
0,0.702688714364614,1
0,0.014267452046059156,0
0,0.392701956550107,0
0,0.1762406937271308,0
0,0.07826993136586256,0
0,0.36276331200347994,0
1,0.9771347148297355,1
0,0.19511170125278296,0
0,0.29416892034451025,0
0,0.012211882112511245,0
1,0.6456025516237258,1
0,0.06996285945017837,0
0,0.05151439079534476,0
1,0.9197947502132583,1
0,0.017756961029942512,0
0,0.0049295517792410344,0
1,0.7525997376000241,1
0,0.04182851283224946,0
0,0.004944631737959192,0
0,0.17725983272409196,0
1,0.9802799774814223,1
0,0.08336900399745212,0
0,0.0016269587255816089,0
0,0.9002616406160036,1
0,0.7039271551723673,1
1,0.9816714481799674,1
0,0.13123409213466752,0
0,0.44641093943814736,0
0,0.19795678874644448,0
0,0.16604528778058067,0
0,0.06425121600154761,0
0,0.0851328413517593,0
0,0.04282481167339301,0
1,0.4226370525511265,0
0,0.5864550354757528,1
0,0.24921794288493762,0
0,0.41060779565313943,0
0,0.0737991405795933,0
0,0.020567242742426422,0
0,0.000247749350801,0
0,0.12569808570104,0
0,0.3284790993447618,0
0,0.5765160888974511,1
0,0.15205269181352157,0
0,0.6859409795271987,1
0,0.13285560010925102,0
0,0.004267778479968731,0
0,0.07397509062687865,0
1,0.6468508852787851,1
0,0.008759903108674954,0
0,0.30566226866211726,0
0,0.18343917781198107,0
0,0.2315697188832946,0
0,0.010806482742017294,0
0,0.0651252662766164,0
0,0.01510299458214966,0
0,0.6844017466009774,1
0,0.43569319344575935,0
0,0.1427937611765592,0
0,0.031335686618186025,0
1,0.7403462028822412,1
0,0.5068625634084906,1
0,0.05314664648887259,0
0,0.038385180738504075,0
1,0.8363727052497048,1
0,0.43270016375440984,0
0,0.04031493910875227,0
1,0.4809383546646142,0
0,0.04747829728468756,0
0,0.14599469049364958,0
0,0.5157642307027951,1
0,0.012221974990190983,0
0,0.797474309687749,1
0,0.02157615454992775,0
0,0.0254351445443702,0
0,0.22156121355963412,0
1,0.8434835777148655,1
1,0.8576686792076199,1
1,0.9406845023176182,1
0,0.4002970168210452,0
0,0.6504285480713362,1
0,0.21801698918588708,0
0,0.1260182308891034,0
0,0.6729406034358547,1
0,0.00031999857599785233,0
0,0.06377984862405166,0
0,0.017666046593561517,0
0,0.2071908962277053,0
0,0.000941475889933828,0
1,0.6260360521848908,1
0,0.481825987032375,0
0,0.1743840914351181,0
0,0.19003931051838777,0
0,0.018992168942249345,0
0,0.02261508765023205,0
0,0.24952943598881133,0
0,0.012185441999295069,0
0,0.3762253515686691,0
0,0.5372620444226816,1
0,0.152249149272164,0
0,0.15229292397450403,0
1,0.353785306231857,0
0,0.03097185329857511,0
0,0.11423623142784685,0
1,0.6184720597588098,1
0,0.06896705691758655,0
0,0.02261209762437525,0
0,0.002528677871768607,0
0,0.8213944963015302,1
0,0.048895512114493715,0
0,0.011574500191483126,0
0,0.54908607870948,1
0,0.5105955702372327,1
0,0.44839064112717314,0
1,0.9803169482802477,1
0,0.1051622143859546,0
0,0.4772370297949945,0
0,0.0004080067976052677,0
1,0.2792015256246836,0
0,0.8766970912494368,1
0,0.7908930026795793,1
0,0.026544782523187142,0
0,0.3585470690886638,0
0,0.3456205235431452,0
0,0.041124715701273275,0
0,0.012874770517391693,0
1,0.5689235919159689,1
1,0.9798801402255204,1
1,0.9732924135920632,1
0,0.07677720520372236,0
1,0.3544892209376005,0
1,0.5684157369893659,1
0,0.2314026616657955,0
0,0.12025831914544384,0
1,0.16215923556674905,0
1,0.9472363094474506,1
0,0.10464380681408268,0
0,0.5222808541234188,1
0,0.03531121271472899,0
0,0.2815719830709479,0
0,0.5826508138566594,1
1,0.8959746123336074,1
1,0.6715617626044814,1
0,0.07122664047094336,0
0,0.00011693566284623591,0
0,0.23128556389274615,0
1,0.7499506407036294,1
0,0.4606421326995173,0
0,0.023834881277394315,0
1,0.6610944383909609,1
0,0.004760314900783419,0
0,0.008832245514238215,0
1,0.8855314868823052,1
0,0.42799397402791767,0
0,0.0538429596245706,0
0,0.11188851988621616,0
1,0.8521119214405645,1
1,0.9311928177685296,1
1,0.5410839369574686,1
0,0.02953512005280931,0
1,0.8900075400141172,1
1,0.2255147877221323,0
0,0.23343534373907418,0
1,0.35660159690710763,0
0,0.48010271416899836,0
0,0.06633802944782961,0
0,0.001953128071912352,0
0,0.0007813831555315732,0
0,0.02602323218695122,0
1,0.9850463899988006,1
0,0.0713660345466565,0
0,0.21703600078521817,0
0,0.23875135424298255,0
0,0.4583934995777583,0
0,0.11837813216774962,0
0,0.0652807833539214,0
1,0.9305158819375953,1
0,0.37896800738232145,0
1,0.5105515778648683,1
0,0.01112107827429294,0
0,0.7901034787228433,1
0,0.44395476301970166,0
0,0.0034112640834266187,0
1,0.9820207582447893,1
1,0.7664471738208412,1
0,0.5980139221847113,1
1,0.9155534377405606,1
0,0.27636497656884096,0
0,0.49990698624769986,0
0,0.8010035278399945,1
0,0.37106975499178946,0
1,0.9159566835314237,1
0,0.05470892021449585,0
1,0.6202338975797607,1
0,0.47666646486573966,0
0,0.6479517873121566,1
0,0.6047630526849326,1
0,0.06202797610165109,0
0,0.19061621225431552,0
0,0.25463074705987815,0
0,0.9406838071596035,1
0,0.6269289943191545,1
1,0.9331805198010943,1
0,0.02210728421725965,0
0,0.272988987091071,0
0,0.007673163778676192,0
0,0.35728818943649565,0
0,0.0006666732969832307,0
0,0.5035551704812959,1
1,0.3642252902228779,0
0,0.6244729798828869,1
0,0.011628537053929779,0
1,0.5433638622589094,1
0,0.13343026612357875,0
0,0.17200298232338854,0
0,0.09695098889396672,0
0,0.29096566316560746,0
0,0.054257529662204554,0
0,0.6475979558192189,1
0,0.2185716628427901,0
1,0.8154863150494656,1
0,0.2505377893632026,0
0,0.001952405536040412,0
0,0.17527010612022234,0
0,0.35593518265738616,0
1,0.8120946315436012,1
1,0.8922259370092308,1
1,0.737502777817364,1
0,0.5779964006188539,1
0,0.20250749700443876,0
1,0.7719361044031751,1
1,0.9715964696477314,1
0,0.14271173012094354,0
0,0.006770468485807436,0
0,0.04120582788912748,0
0,0.01279380185000591,0
1,0.2653357623322289,0
0,0.15696161216411722,0
0,0.6707660896267997,1
0,0.015109189058788768,0
0,0.051697008575390245,0
0,0.036923094968369534,0
0,0.06714318899168413,0
0,0.4632050622929854,0
1,0.2804197173511852,0
0,0.011599365211495792,0
1,0.9927612154665986,1
0,0.01470404276546247,0
1,0.79261334013184,1
0,0.09890153820357946,0
0,0.0030521421578237826,0
0,0.7510896882133955,1
0,0.5388440629524761,1
0,0.28254459893572764,0
0,0.003903799901087804,0
0,0.015263052661891437,0
0,0.45078195514246383,0
1,0.6689460152713265,1
1,0.5792808565767138,1
0,0.2212111486833073,0
0,0.8881919367738296,1
1,0.8950957085812242,1
0,0.44542776627135594,0
0,0.5340851960861945,1
0,0.31654526546121126,0
0,0.28879364330361285,0
1,0.703676592629564,1
0,0.0738008008854188,0
0,0.48232224373432414,0
0,0.01610818343279019,0
1,0.8633961992218656,1
0,0.45626504467006385,0
0,0.5175545338823776,1
0,0.011384397046488127,0
0,0.054958499851767977,0
0,0.0034065919799327817,0
0,0.0012331908589145188,0
0,0.12740303389649762,0
0,0.0006141045501096103,0
1,0.5238243695024192,1
0,0.09741161166024624,0
0,0.11307719158685302,0
1,0.7011760336308345,1
1,0.4496476123627988,0
0,0.025235850494676873,0
0,0.004314611845759401,0
0,0.29640889353560934,0
0,0.07708406631041384,0
0,0.04500465526514152,0
1,0.8972445895076419,1
1,0.590007344184337,1
0,0.15203338166087438,0
0,0.04485990025556137,0
1,0.7171712186816726,1
0,0.022566134490204268,0
0,0.49534612809523176,0
1,0.8607897465910086,1
0,0.012870977568619496,0
1,0.9074403132422223,1
1,0.8968520672745928,1
0,0.5567859772128636,1
0,0.15612744897575437,0
0,0.6300783679620249,1
0,0.4523114513633003,0
1,0.7427599199534972,1
0,0.22667596239671095,0
0,0.5460095911207571,1
1,0.9078488268818425,1
1,0.9362733071225144,1
1,0.984266161210639,1
1,0.7374152366993055,1
0,0.6558870735383421,1
0,0.11842938164315885,0
0,0.2983498201103492,0
1,0.571668387517185,1
0,0.020204602194650974,0
0,0.03685038294948405,0
0,0.14309203431191736,0
0,0.3578945397923914,0
0,0.009215202307344872,0
0,0.5829746689079047,1
0,0.5818833192028942,1
0,0.3069540605632163,0
1,0.8968038148534538,1
1,0.5802695883733686,1
0,0.0024440917754687884,0
1,0.3794678244077931,0
0,0.08437826264544646,0
0,0.1090541936239193,0
0,0.5910529100093402,1
0,0.06539983021766392,0
0,0.0010569121741860193,0
0,0.09883548865008933,0
0,0.0003043005757336502,0
0,0.6732491619911294,1
1,0.7686759399146278,1
0,0.44958445261349805,0
0,0.24122307194778378,0
0,0.002943900509404416,0
0,0.24616674692976323,0
1,0.8941831110408126,1
0,0.08970477287873932,0
1,0.599523133829105,1
0,0.1243842901247703,0
0,0.0013747819279087959,0
0,0.21926274747682623,0
0,0.26916243002774026,0
0,0.006336261603004587,0
0,0.15719030228115993,0
0,0.16868216321166452,0
0,0.07764854508970541,0
1,0.9960502235757027,1
1,0.5483706526910371,1
0,0.7309516491076054,1
0,0.00024820358584412165,0
0,0.6810491482492197,1
0,0.011262123103242427,0
0,0.051035746163416655,0
0,0.5221812633587463,1
0,0.44163810701754574,0
0,0.47919174401026765,0
0,0.00681101600713154,0
1,0.7023810715590952,1
0,0.4856544992745615,0
1,0.6120095816345755,1
0,0.43554039338474676,0
1,0.870650118678642,1
0,0.04100787631724557,0
1,0.7075354683494446,1
0,0.005826946533427245,0
0,0.05432465500418621,0
0,0.08703844698503997,0
0,0.5444532514490398,1
0,0.4270471407757986,0
0,0.012879447610798461,0
0,0.5877141269588712,1
0,0.003260391808271951,0
0,0.0455320532694797,0
0,0.3071388296437844,0
0,0.007475816769260774,0
0,0.04771151279827603,0
0,0.00852076398801401,0
0,0.05213616208634056,0
0,0.26100983049056287,0
0,0.038473090278496165,0
0,0.0008597712254051097,0
0,0.04655057108099955,0
0,0.8226712451948162,1
0,0.0011395633752794769,0
0,0.23986911319397583,0
0,0.006066863251800877,0
0,0.446642155912245,0
1,0.30734002994101517,0
0,0.056893206574188754,0
0,0.03692734335496398,0
0,0.012464094390395081,0
1,0.5415348452392039,1
0,0.26034251911953377,0
0,0.006095665128243555,0
0,0.024239003590494152,0
0,0.025559369278479575,0
1,0.9085208784943084,1
0,0.01217081715418457,0
0,0.29113321001660564,0
0,0.0030947958553907153,0
0,0.3598930514191736,0
0,0.0016150923339887412,0
0,0.667485232465038,1
1,0.8765187583227714,1
0,0.16358817896765632,0
1,0.8038311590657784,1
0,0.01773081462920648,0
0,0.11897043048717187,0
0,0.03897413010095581,0
1,0.8075883753898335,1
0,0.5344828928143179,1
0,0.31262042180898336,0
1,0.6608978578447838,1
0,0.026102796097125545,0
0,0.0775055808742818,0
0,0.07656615733068091,0
1,0.8888480517269699,1
0,0.3475704428611341,0
0,0.033053333120042064,0
0,0.37504529196957553,0
1,0.9078673833515379,1
0,0.11177100997936104,0
0,0.018507771274392862,0
0,0.0023743551513940612,0
0,0.016858626466067898,0
0,0.3068058452137335,0
0,0.00020071564893175086,0
0,0.7550942308210113,1
0,0.03236088224978844,0
0,0.05670776989102538,0
0,0.01781510520465245,0
1,0.3910417573634049,0
0,0.03811832173018022,0
0,0.3236251504389253,0
1,0.911800768619459,1
0,9.203320232027368e-05,0
1,0.855887163945439,1
1,0.936171169794293,1
0,0.04586775017787711,0
0,0.5376489937561857,1
1,0.8102265199384502,1
0,0.010757063683181994,0
1,0.6069879873247324,1
1,0.8105177231469839,1
1,0.5040640069556411,1
1,0.5402759228362615,1
0,0.01840776784415294,0
0,0.3742726339784053,0
0,0.8198837707916432,1
1,0.38947617062362233,0
0,0.5078549908896435,1
0,0.04910482153029751,0
1,0.6285944424152782,1
1,0.833098481985613,1
0,0.0053406787686846105,0
0,0.007757561992769767,0
1,0.4544587654683946,0
0,0.09977502607797062,0
0,0.1626869165074589,0
0,0.5585620687684987,1
0,0.11966910993968805,0
0,0.446169581717982,0
0,0.8063572367075562,1
1,0.9585206656159257,1
1,0.914039246720731,1
0,0.010061829969952191,0
0,0.1969969701769621,0
1,0.9269917583850228,1
1,0.9741595235673558,1
1,0.9897096112112895,1
0,0.010522232967039361,0
1,0.9625025699278145,1
0,0.031866569630803775,0
0,0.0015825805474810476,0
0,0.05971371103817271,0
0,0.35389253669865184,0
1,0.9097317853168325,1
0,0.007712652910771062,0
0,0.4162409953547291,0
1,0.9512270442526018,1
0,0.012621576767803334,0
0,0.14939985416061122,0
0,0.3893840691797409,0
0,0.022248363858947393,0
0,0.1680544310697684,0
1,0.8867556902948142,1
0,0.1166764754634291,0
0,0.0604486862388372,0
1,0.8775631190509262,1
1,0.9792073036400545,1
0,0.5831243633886968,1
0,0.08750441689975093,0
1,0.5654217357579454,1
1,0.879890770499228,1
0,0.23694158714822702,0
0,0.0017004413080565935,0
0,0.006837227206092572,0
0,0.0330783865009635,0
1,0.9077950656384793,1
1,0.6371439058087557,1
0,0.6585947714854234,1
0,0.003537855976722115,0
0,0.23258759797571496,0
0,0.00022727573099562447,0
0,0.15670435079845554,0
0,0.21119138744481916,0
0,0.1008188032929722,0
0,0.3799709455934047,0
0,0.6686828208138276,1
0,0.0712426237406521,0
0,0.3494894916915273,0
0,0.002071226199872662,0
0,0.168428106453093,0
1,0.8860302614647998,1
0,0.09371129170768645,0
0,0.7520594313267017,1
0,0.38152103832861933,0
0,0.3269879168009836,0
1,0.7073083322963268,1
0,0.006203826290339883,0
0,0.22897586702875902,0
0,0.02771971375778034,0
0,0.0630102562630982,0
0,0.03688116086352539,0
0,0.09890074772734785,0
0,0.06418061074600225,0
0,0.006721107053439455,0
0,0.0005723094339039887,0
0,0.8146514537958056,1
0,0.049035033895084214,0
0,0.01571919343502419,0
0,0.08250533039515577,0
1,0.5135425620265754,1
1,0.9578658891444095,1
1,0.9504060840029616,1
0,0.609922417400926,1
0,0.292808628176197,0
0,0.42712203168510454,0
1,0.7661588407860759,1
1,0.8379679259578409,1
0,0.3888943107911903,0
1,0.7189962398455179,1
0,0.7252023990049911,1
0,0.01113345086374196,0
1,0.48948103895912615,0
0,0.002801037160716471,0
0,0.1997764367510501,0
0,0.4355031367079807,0
0,0.3481778308212613,0
0,0.2325106320696175,0
0,0.027715509653619314,0
0,0.00810323908696561,0
0,0.005715916189334982,0
0,0.007702014026612441,0
0,0.6674123234872712,1
0,0.468293685182322,0
0,0.09005184252919295,0
0,0.02014489169660468,0
0,0.022332329824454364,0
0,0.035485277434695546,0
1,0.8925163049625574,1
0,0.2602451858247536,0
0,0.08779940707380438,0
1,0.8556212914455379,1
1,0.17982327458676492,0
0,0.2881710268198432,0
0,0.006567597939551898,0
0,0.36613834393687844,0
0,0.1794995526833884,0
0,0.3304981791018029,0
0,0.0028004690850329393,0
0,0.005274714809468483,0
0,0.06887465382248496,0
0,0.23002190213083787,0
0,0.051787613474084185,0
1,0.6349254681745218,1
1,0.8535284174327764,1
0,0.08870070452875962,0
0,0.18703048591979277,0
0,0.26398395983503886,0
0,0.660345494541167,1
0,0.006212000296570723,0
0,0.004994193126404434,0
1,0.7967597569604978,1
0,0.03243845618344703,0
0,0.018819616155055376,0
0,0.634190616028245,1
1,0.7754306999461043,1
0,0.6350426772261699,1
0,0.05066651248202262,0
0,0.5365470935675645,1
1,0.7496643631715211,1
1,0.6413194141900843,1
0,0.037321232182412775,0
0,0.002528677871768607,0
0,0.04568964916424253,0
0,0.002136339418655374,0
0,0.012854239899472568,0
1,0.8906449871450519,1
0,6.794237751860983e-05,0
0,0.09358209896011643,0
1,0.862103822287829,1
1,0.6947238890671411,1
1,0.9643989870153333,1
0,0.1286559084049212,0
1,0.9929567367726476,1
1,0.3908356637805481,0
0,0.38248625556421034,0
0,0.10379495102744646,0
0,0.04638396529056368,0
0,0.16244865160438987,0
0,0.01855403896011845,0
0,0.032230857180410286,0
0,0.7081945435637774,1
1,0.9886184849288235,1
0,0.002459425988535545,0
0,0.6754233910843749,1
0,0.00542716534062346,0
1,0.6760003192126165,1
1,0.9909066504487913,1
0,0.0788677374807957,0
0,0.7182470556644203,1
0,0.008814775860307376,0
0,0.01628724170384947,0
0,0.15650369514948254,0
1,0.9935304662195712,1
0,0.5832686139086946,1
0,0.66451787825927,1
0,0.12846306371990393,0
0,0.0668483924506116,0
1,0.893361771474535,1
0,0.19096403548928156,0
0,0.2052614828979422,0
1,0.530600626802416,1
1,0.6741417117968438,1
1,0.9034398896397194,1
0,0.019524503908995235,0
0,0.0007625140699636746,0
1,0.78232498297635,1
0,0.013991729719709918,0
1,0.8675735142209552,1
1,0.6097602519791798,1
1,0.44087541846432676,0
0,0.3106218823789405,0
0,0.440955287302988,0
0,0.03839149149011114,0
0,0.7358767233660676,1
0,0.049721265770109775,0
0,0.45092113686408936,0
0,0.024892477201732405,0
0,0.06350780247784148,0
0,0.018532038736020696,0
0,0.5096299933829946,1
0,0.09026372410795887,0
0,0.2044860898457458,0
0,0.03786552212815259,0
0,0.11421880789890622,0
1,0.9033891015237395,1
0,0.2532595740945017,0
0,0.7224573898252575,1
0,0.1338543789459577,0
0,0.07716810242440193,0
0,0.11748414381798138,0
1,0.5030572599700363,1
0,0.6228349520309034,1
0,0.16055592382710243,0
1,0.9689167958138364,1
0,0.16247179663765574,0
0,0.6827361453568231,1
0,0.6344850829120642,1
0,0.25474640450003666,0
0,0.050329484883933295,0
0,0.05566259755412753,0
0,0.018017440492019456,0
0,0.48022182110561723,0
0,0.01801764412166774,0
0,0.6889187477863314,1
1,0.46578451221953326,0
0,0.33011049207686904,0
1,0.23939880755631254,0
0,0.0004880538090101458,0
0,0.0944214576886435,0
0,0.1126064243785715,0
0,0.6234900903697852,1
1,0.8770188856190189,1
0,0.07710052429006581,0
1,0.7188376751509918,1
0,0.017125275108644575,0
0,0.6942477140718369,1
0,0.7954706752439737,1
0,0.005461697588241183,0
1,0.9301254365100512,1
0,0.1323378013685609,0
0,0.5315831582509074,1
0,0.08700403893406622,0
1,0.7737752425457937,1
1,0.7742719635583958,1
1,0.6888413133241701,1
0,0.008839551768502861,0
1,0.84264221329747,1
0,0.00552521495286075,0
0,0.16252523831548882,0
1,0.8705493034666144,1
0,0.07510020828401856,0
1,0.978366478535797,1
0,0.04669982635298703,0
0,0.4809122210095591,0
0,0.853951912304359,1
0,0.002100575806209514,0
0,0.560076770967699,1
1,0.42423733780890305,0
0,0.03440250417330773,0
0,0.6516566514690312,1
0,0.27566244428228415,0
0,0.1351228636339926,0
0,0.02944893114884622,0
1,0.865400745050167,1
0,0.0010841351595534808,0
0,0.018486594247748133,0
0,0.0020887097522373386,0
0,0.2734430467749809,0
0,0.000735468063708591,0
0,0.3476521080870682,0
0,0.08589769010229534,0
1,0.6718447272764005,1
0,0.7523529625092621,1
0,0.0017667676126141467,0
0,0.5831951491285586,1
1,0.9614913266658183,1
0,0.5582478916673493,1
0,0.0209397885390742,0
0,0.03818199337760098,0
0,0.012939850928923495,0
0,0.18917963431798002,0
0,0.6543392786172995,1
0,0.0007411345547056844,0
0,0.007301619884348839,0
0,0.03068622020444389,0
1,0.8321404174694598,1
0,0.027160201652120488,0
0,0.0463103036063015,0
0,0.07883204238050079,0
0,0.010068566646915784,0
1,0.8943137748358971,1
0,0.878310011157565,1
0,0.0013633365770752363,0
0,0.2385114773842614,0
0,0.45775907951472156,0
0,0.09843486585395819,0
0,0.5687606685259408,1
1,0.8404521640333359,1
0,0.17726498089124673,0
0,0.006973595765514924,0
0,0.3494914061510578,0
0,0.7250751776241894,1
0,0.03440476803814097,0
0,0.028852510341304437,0
0,0.029440047223829147,0
0,0.7385441904982187,1
0,0.02499592168973013,0
0,0.6526667864292531,1
0,0.6510509462444721,1
0,0.31373877880641154,0
0,0.04886562408111222,0
0,0.005013677604650902,0
1,0.8474769760447864,1
0,0.015272695367456738,0
0,0.0026895555793935632,0
0,0.06130934852674393,0
0,0.1803024002607887,0
1,0.49914797291891017,0
0,0.01667845392663089,0
0,0.12404187339835068,0
0,0.23278183854932352,0
0,0.6358193970391911,1
0,0.15331365922591375,0
1,0.8009139961877039,1
1,0.34894386946317074,0
0,0.17309886507719788,0
0,0.3247640982462035,0
0,0.05210831245601822,0
0,0.0015725392828719246,0
0,0.0021848322891777155,0
0,0.7465086524327823,1
0,0.5319420075603782,1
0,0.001553314902432078,0
0,0.623793746703923,1
0,0.04447644598387232,0
1,0.7601428372340144,1
1,0.4632534785112812,0
1,0.7571517674029461,1
0,0.052426096853038215,0
1,0.43167925561607623,0
0,0.448642745769372,0
0,0.06724338774634274,0
1,0.5981373186425847,1
0,0.15592090205010722,0
0,0.04538722999746762,0
0,0.0828512407425029,0
0,0.09796133535589802,0
0,0.0014991092483192898,0
1,0.2584949066449414,0
0,0.008218213225862659,0
0,0.013970316857121547,0
1,0.9428475852234864,1
1,0.9008821563757713,1
0,0.014633171449315337,0
0,0.017687858161171608,0
0,0.005520719165602687,0
0,0.7132889565171515,1
0,0.20066409139907454,0
1,0.5922817205015848,1
0,0.02457027961656712,0
0,0.7305480840252835,1
0,0.18720506157376648,0
1,0.6916020705761491,1
0,0.09062825785650454,0
0,0.3622273549260259,0
1,0.8629738219618152,1
0,0.0008869168620526868,0
1,0.8850457140309641,1
0,0.11886143943682742,0
1,0.32750148803325874,0
0,0.5589892339504428,1
0,0.055639392812695775,0
0,0.46037984444777075,0
0,0.13077904003334836,0
0,0.031135058239155924,0
0,0.45654800864868,0
1,0.8463662373345374,1
0,0.2256757663485836,0
0,0.4150234053005146,0
1,0.46407241914156744,0
1,0.6987008237894624,1
0,0.48739425354217286,0
0,0.019109050031600884,0
0,0.013599126808803206,0
0,0.5574797471430977,1
0,0.7038629262954619,1
0,0.14969979169992972,0
1,0.8428461499961801,1
0,0.8200835490755694,1
0,0.4869237885402699,0
0,0.09892618837382634,0
0,0.012195402007608708,0
0,0.18030806819735165,0
0,0.02910952756019192,0
0,0.17995539263874957,0
0,0.6660329950281944,1
0,0.04479067966074305,0
0,0.013678813194454088,0
0,0.02024498263873492,0
1,0.8317352245270058,1
0,0.31588353583585316,0
0,0.4653998010611131,0
0,0.33294568375036293,0
0,0.14205626718437414,0
0,0.26023139015086066,0
0,0.3172985297157733,0
0,0.12190330345075844,0
0,0.17864869476714587,0
0,0.031921010514397274,0
1,0.9927946241548481,1
1,0.9142364352052842,1
1,0.5138972441246185,1
0,0.6216925960682013,1
0,0.0045064331820274875,0
1,0.6463405210783975,1
0,0.0014713229453281438,0
0,0.14779771327730643,0
0,0.6586000471333968,1
0,0.33276375132691105,0
0,0.22003252484661776,0
0,0.3210925703520578,0
0,0.019128033593468492,0
0,0.015923150014381455,0
0,0.006808191113135996,0
0,0.06865902700827363,0
0,0.012759383416721615,0
0,0.5947898336874758,1
0,0.04046846205205327,0
1,0.6814089360113016,1
0,0.36728242475927486,0
0,0.7833345768931921,1
0,0.0027098727134821274,0
0,0.8077202057040829,1
0,0.14695251526703057,0
1,0.6731597116200579,1
1,0.7566095776522704,1
0,0.15361640523293515,0
0,0.1198633568240565,0
1,0.5207259454419321,1
0,0.3121630222227227,0
0,0.009020676346414123,0
0,0.009902658984851268,0
1,0.6320695949381978,1
0,0.031125400493845136,0
1,0.6941506699306853,1
0,0.03564550658407733,0
0,0.4232989776124766,0
0,0.008626051246093372,0
1,0.7976235857359629,1
0,0.2890796213708315,0
1,0.7099448365653936,1
0,0.18457310830491008,0
0,0.5559443663914978,1
0,0.009228167480337904,0
0,0.00353450650216428,0
0,0.023305867101234765,0
1,0.7034898442509779,1
0,0.14731009421161068,0
0,0.1455995405890158,0
0,0.2544710455088646,0
0,0.11623954197843207,0
0,0.700750981143394,1
0,0.623386572297385,1
0,0.006408034273968655,0
0,0.0016470378032550502,0
0,0.011608128569638807,0
0,0.32074229897383605,0
0,0.06650360605153083,0
0,0.7736155079808608,1
0,0.060957775370118684,0
0,0.012312617885023504,0
0,0.03411574399369201,0
0,0.018411564602098977,0
0,0.025815538980713988,0
1,0.8316166628243279,1
0,0.38431037450966193,0
1,0.9945342927264313,1
0,0.6141001397347218,1
0,0.005172011316292547,0
0,0.23100932964911067,0
1,0.9802947128954029,1
1,0.7110762130937149,1
0,0.007782887906854715,0
0,0.38990909680240043,0
0,0.0013213997414003409,0
1,0.9913616076993547,1
0,0.7031189497842003,1
0,0.5609739676676689,1
0,0.2837767287037983,0
0,0.01732841962130914,0
0,0.024153099052767503,0
0,0.0020336599153488065,0
0,0.6548045238862662,1
1,0.7162405400548172,1
1,0.8708895237749984,1
0,0.00027213932342078014,0
1,0.7572301127651347,1
0,0.06887053795152265,0
0,0.3464307371766255,0
0,0.331004431655875,0
0,0.7966206399608751,1
0,0.014954020016147858,0
0,0.161158105765067,0
0,0.06051063276034551,0
0,0.04498298047097972,0
0,0.25958569636325685,0
1,0.8015156490111615,1
0,0.6970393780574402,1
0,0.034401865812074564,0
0,0.22319004640057513,0
1,0.24426666133084798,0
0,0.7953572414433738,1
0,0.10053818938831194,0
0,0.45968838824423697,0
1,0.6971511115147769,1
0,0.7204301793336426,1
0,0.003371151641944045,0
0,0.1784708376070878,0
0,0.0038272409354691717,0
0,0.033153222677570086,0
0,0.04208478856225167,0
0,0.47156226354145625,0
0,0.3938942697565357,0
0,0.03449961502630909,0
0,0.2462657547441925,0
0,0.7816500878030238,1
0,0.8275988553735684,1
0,0.0003207391268150506,0
0,0.6894197144858549,1
0,0.5933824923976813,1
0,0.2144510600544361,0
1,0.2675775450087538,0
0,0.00519017815083167,0
0,0.005713520607247543,0
0,0.25112485585344224,0
1,0.9361814998934659,1
1,0.7009476171549986,1
0,0.09641288339832964,0
0,0.43573523274047005,0
1,0.7112000266138925,1
0,0.36465091955301054,0
0,0.7411015084743777,1
0,0.07526407285209329,0
0,0.14562105524593882,0
0,0.0683438188452312,0
1,0.696207358722207,1
0,0.13832115344346999,0
0,0.2889871112023568,0
0,0.07595765535811197,0
0,0.003509807914638854,0
0,0.3416977833940464,0
0,0.2287068871155003,0
0,0.3342912833625035,0
0,0.001365948212738033,0
0,0.1991571679122853,0
0,0.4907684197032017,0
0,0.9082090289846798,1
0,0.0052231369088233375,0
0,0.7215665658977396,1
0,0.6213273528203876,1
0,0.06545759733888465,0
1,0.21168735383770856,0
0,0.12350031136010842,0
1,0.45307629349755907,0
0,0.11217662937081706,0
0,0.6961384165148408,1
1,0.634475486191361,1
0,0.03436490689453488,0
0,0.3529699610844603,0
1,0.5296919575472886,1
0,0.02675166561619941,0
0,0.9018953684345117,1
1,0.7352539016484146,1
0,0.01930460020744012,0
0,0.0008307993424841891,0
0,0.12756641513202613,0
1,0.6665812549925951,1
0,0.15953616104703006,0
0,0.3095779002703472,0
0,0.5153409647216308,1
0,0.07745484262389535,0
0,0.07435240374828227,0
0,0.38816577270030234,0
0,0.2361259415904757,0
0,0.013760100403682226,0
0,0.608954572559345,1
0,0.06375315914544831,0
1,0.14422492335240145,0
0,0.10891196733643867,0
0,0.7755956535763985,1
0,0.47483685259937025,0
0,0.6867931924092331,1
0,0.25831664675000837,0
0,0.03311036518420218,0
0,0.7673159581590347,1
0,0.0727454065238415,0
0,0.09199563429986192,0
1,0.8706812356179415,1
0,0.012296346160361158,0
0,0.001941843283031922,0
0,0.008800183202066249,0
1,0.3339717574288504,0
0,0.038159523814498095,0
0,0.04945846470961784,0
0,0.9065294977950363,1
0,0.2873629528160803,0
1,0.9919980807104685,1
0,0.006096513016578804,0
1,0.770988833726092,1
0,0.5373693172288911,1
0,0.008385397010362897,0
0,0.34437651360155114,0
1,0.4277270894372841,0
0,0.08005952729336,0
0,0.13754874657144875,0
1,0.6677168543447862,1
1,0.889591984940015,1
0,0.007798407847731902,0
0,0.08583337762514426,0
1,0.7864428554943813,1
1,0.2689585491981014,0
1,0.7489865672382917,1
0,0.5628061479236598,1
1,0.7025567444024468,1
0,0.030294656538903356,0
1,0.627101415660604,1
0,0.5647086339621478,1
0,0.018491835613711906,0
0,0.004840127646509907,0
0,0.03132240909470514,0
0,0.0005332553888969291,0
0,0.0008708412878931491,0
1,0.9693753466285054,1
0,0.48047012325280536,0
0,0.5864588309842587,1
0,0.00678586807631651,0
0,0.009966942208598647,0
0,0.4008209403174033,0
0,0.9133536197695571,1
0,0.06200432016133385,0
0,0.3398938412357796,0
0,0.5990332017679841,1
0,0.8226303476760959,1
1,0.758023372079052,1
0,0.24735146528857258,0
0,0.1031469495736066,0
0,0.13494945371956169,0
0,0.00799583745999958,0
0,0.9302099638424212,1
1,0.7053949778519333,1
0,0.23433317785032595,0
0,0.19457458032057579,0
1,0.7472625983856294,1
1,0.69560979831439,1
0,0.24735676816239613,0
0,0.1609988432566668,0
0,0.35336857765202695,0
1,0.7837772504600797,1
0,0.3521843505131919,0
0,0.47341145297332937,0
1,0.9555228091421499,1
1,0.8058479175852022,1
0,0.00024820358584412165,0
0,0.02749545310668307,0
0,0.001697869032710981,0
0,0.0027389542339233473,0
0,0.11348067080209724,0
0,0.049408820023920226,0
0,0.05871071752073497,0
1,0.5974597782586872,1
1,0.6156252012956345,1
0,0.37414668379216054,0
1,0.47765796631872603,0
0,0.5566194949445578,1
1,0.7939221919506034,1
0,0.007144496014858481,0
0,0.26852072487641,0
0,0.0006478531299442837,0
0,0.04251331900216432,0
1,0.24727021807818153,0
0,0.3548546633182151,0
0,0.03699443947856488,0
0,0.5856532990513724,1
0,0.21593643107696792,0
1,0.8943711002325636,1
1,0.7902196105524619,1
1,0.9238088643244894,1
1,0.29891037507057466,0
0,0.08622479587187475,0
1,0.9811474067383811,1
0,0.03516621122152216,0
0,0.1726820504757967,0
0,0.11641751275118803,0
0,0.68532173180498,1
0,0.027977400057207655,0
0,0.07279220523465568,0
0,0.42287155957916817,0
1,0.7371070910114472,1
0,0.5032116691359244,1
0,0.36924127546123847,0
0,0.1301788310012383,0
0,0.021378667582201246,0
0,0.0343389850379077,0
0,0.19271635571180845,0
0,0.05059333136131489,0
0,0.004506592499975101,0
0,0.1672456493734312,0
1,0.9781876370440221,1
1,0.9354704397814372,1
0,0.42194037066450435,0
0,0.029875529080250825,0
0,0.6136812730471632,1
0,0.09518663909051416,0
0,0.17562385602853453,0
0,0.005947352717828132,0
1,0.959830289862817,1
0,0.016989452424804027,0
1,0.7399465382289023,1
0,0.4050283313598835,0
1,0.8947095477189422,1
0,0.2714653358922299,0
0,0.07494187193233963,0
0,0.010656210028700416,0
0,0.2260134795936864,0
1,0.9744987489464737,1
0,0.03540593108440224,0
0,0.0011801224173312553,0
0,0.13986524728097804,0
0,0.0050381408572125865,0
0,0.7596448525562878,1
0,0.03182817002004046,0
0,0.647108385854003,1
0,0.39869148240449165,0
0,0.37099416691192383,0
1,0.4573371691172792,0
0,0.019269426481135485,0
1,0.9488244416121944,1
0,0.2598085664976392,0
0,0.029314620511667673,0
0,0.026401050674716833,0
1,0.6321652855785445,1
0,0.5337800193466348,1
0,0.4771428780318839,0
0,0.7345759920367986,1
0,0.3253595861889966,0
0,0.4200851776655773,0
0,0.03381283810444862,0
0,0.10493774762946835,0
1,0.9898436072979253,1
0,0.24346833466642678,0
1,0.798275100677951,1
0,0.05425876438333488,0
0,0.2915619346273596,0
0,0.002630716448434227,0
0,0.5837915046885639,1
0,0.48724367134730673,0
0,0.4009871185927463,0
0,0.1786174357182636,0
1,0.7820446786811321,1
0,0.17979241680564143,0
0,0.7524485515720236,1
0,0.32063744455584936,0
0,0.14079014151443764,0
1,0.9739803500787148,1
1,0.9711113568777469,1
0,0.016475592937941985,0
1,0.21838523348734665,0
1,0.9236255948564851,1
0,0.028087154638317954,0
0,0.4773634706206258,0
0,0.01381753503912532,0
0,0.6532302642874221,1
1,0.9053809390993574,1
1,0.9788232150842746,1
0,0.2220884337571223,0
0,0.012456211918215937,0
0,0.20153390062870707,0
0,0.08808103157831866,0
0,0.5659346353472922,1
0,0.45337874782826637,0
0,0.5025672151145956,1
0,0.7316637856937683,1
0,0.4333595792036945,0
0,0.17993881644517987,0
0,0.33244460882802246,0
0,0.23007977167494317,0
0,0.19845170139469193,0
1,0.9685142766867045,1
0,0.05273832980202274,0
0,0.5189570394887211,1
0,0.7317653702035365,1
1,0.6332075855763727,1
0,0.12439554269855013,0
0,0.62234300701484,1
0,0.48047639890712457,0
0,0.020559777574399543,0
0,0.05207359909697748,0
1,0.6563972068746812,1
0,0.015291194032490803,0
0,0.021745088163113234,0
0,0.20694590634663884,0
0,0.17784454766043006,0
0,0.6518208004662116,1
1,0.6093865665310259,1
1,0.8999328153646422,1
0,0.06362395053390832,0
0,0.15330999647770185,0
1,0.6890516445507016,1
0,0.5399270758674234,1
0,0.09339013418892923,0
0,0.5726758660981296,1
0,0.2639224270286515,0
1,0.827428146044083,1
0,0.0012852487052244326,0
0,0.08570153460007329,0
0,0.0016636047936215807,0
1,0.3638625146109192,0
0,0.40111166592804876,0
0,0.24057523531456038,0
0,0.04466334042180149,0
0,0.3623340173749819,0
0,0.019655291780463834,0
1,0.6335031664611382,1
0,0.07287007001950091,0
0,0.026557462377086852,0
0,0.18881519883611875,0
0,0.48995563437986667,0
0,0.01040470730887982,0
1,0.8147467327892247,1
0,0.013262548713729179,0
0,0.010543770697662299,0
0,0.09708963527303455,0
1,0.9764699055467804,1
0,0.025405142730159605,0
0,0.2935215064140888,0
0,0.009626717193889817,0
1,0.8371821393092271,1
0,0.5603015308215072,1
0,0.35633342572626214,0
0,0.29093850973990504,0
0,0.046311167988615676,0
0,0.7956905906157868,1
0,0.5700872207733622,1
1,0.634767893516526,1
0,0.013393468889840037,0
1,0.4874618226854038,0
0,0.3165394748028147,0
0,0.08403531525608196,0
0,0.5074024243039161,1
0,0.20730520392479646,0
0,0.19259069607253346,0
1,0.5398582073779412,1
0,0.2600608054050665,0
1,0.5886952717001454,1
0,0.013423534069607453,0
0,0.2531158424767355,0
1,0.878163297872737,1
0,0.12360487821317424,0
1,0.9249996018085139,1
0,0.11269391081155761,0
0,0.004362165008635337,0
0,0.002734793966201426,0
0,0.2998852013020521,0
0,0.06455591133896427,0
0,0.5407305127932976,1
0,0.7969501974556015,1
1,0.5480154190910332,1
1,0.8844092519034402,1
0,0.5593165267336399,1
1,0.767644725869629,1
1,0.9426792764678275,1
1,0.24995016006853063,0
0,0.14752469997412174,0
1,0.9108567637533467,1
1,0.6273217215264985,1
0,0.3235498509316008,0
0,0.6604306744667566,1
1,0.6937442659144797,1
0,0.5795112876157785,1
1,0.5371453546368957,1
1,0.9657079414334756,1
0,0.011799868064048102,0
0,0.22852919289480814,0
0,0.43759767157651064,0
0,0.5072256766875504,1
0,0.29972756212752677,0
1,0.5061147954227617,1
0,0.20691901204387594,0
0,0.10094571152398839,0
1,0.8420311010992224,1
0,0.13783475244233037,0
0,0.02492519461095624,0
0,0.31584476501523306,0
0,0.00042488661857144545,0
0,0.7921510651867055,1
0,0.002040119758294322,0
0,0.10321844156054082,0
0,0.12190330127767329,0
0,0.499236232745025,0
0,0.44205311904402,0
1,0.9257124171063597,1
0,0.0648451627270118,0
0,0.263989176955854,0
0,0.03246094704697223,0
1,0.8358150999615719,1
1,0.8540802451783541,1
0,0.013865312691268877,0
1,0.8391284360654168,1
1,0.8366229236070734,1
0,0.07756456896932598,0
0,0.026385134682958174,0
1,0.9124432234018538,1
1,0.5524235439297572,1
0,0.24842004493204176,0
1,0.504583626804544,1
0,0.008881752069148702,0
1,0.3825426429510875,0
0,0.0005123094400152726,0
0,0.017641823094640532,0
1,0.6984125082454523,1
0,0.009729238020458436,0
0,0.24731903126097493,0
1,0.9649027172187228,1
0,0.6722262299847468,1
0,0.24312088851641098,0
1,0.9590246038886909,1
0,0.8112822466350402,1
0,0.02277438983408262,0
0,0.04144284977879119,0
1,0.5022992516583501,1
0,0.24176172637208468,0
0,0.00956750394256829,0
0,0.11696458950125323,0
0,0.07394439262667891,0
1,0.8302823676920711,1
1,0.7916990119283476,1
1,0.4683844839899441,0
0,0.37863879189577593,0
1,0.8530624091868718,1
0,0.1027767290252659,0
0,0.30692555272878697,0
0,0.00222611336965541,0
1,0.38798746572650905,0
0,0.653355710643478,1
0,0.033615573679302145,0
1,0.41712215214914444,0
0,0.0022446722682769264,0
0,0.0029240575660181415,0
0,0.023749026682381477,0
0,0.041191088990384504,0
1,0.5553960519655873,1
0,0.05408580059323116,0
0,0.6824239610324634,1
0,0.05232942232194394,0
0,0.6163144149470675,1
1,0.938147324419312,1
0,0.018857119584808766,0
0,0.030662680464046303,0
0,0.05787280132982993,0
1,0.8330423453737924,1
0,0.004147725312272914,0
0,0.1715146156866263,0
0,0.5700166488584009,1
0,0.010159898625839025,0
1,0.9023304107980777,1
0,0.0544646419814746,0
0,0.01083263334389405,0
0,0.0952851325277353,0
0,0.027224978476554546,0
1,0.9861539292173069,1
0,0.11665931113461364,0
0,0.3020319399573918,0
0,0.3240402868872231,0
1,0.614280525861307,1
0,0.014558478940970756,0
0,0.0011887786609140563,0
0,0.689744201713414,1
0,0.02986297245174527,0
1,0.8677415938182426,1
0,0.0003213409949375604,0
0,0.03548221111977378,0
1,0.769052173081489,1
0,0.2733279634375174,0
0,0.18853396314632062,0
0,0.015677898532182932,0
0,0.27828217466393684,0
0,0.00029916157560717086,0
0,0.5532414033524642,1
0,0.7864422378697403,1
0,0.6262665071451222,1
0,0.15495410850890173,0
0,0.015808929554980682,0
0,0.011829722267964663,0
0,0.5090274909812551,1
1,0.6569239422759764,1
1,0.560321263196535,1
1,0.4797154821289258,0
0,0.24581663380936333,0
0,0.6464765516790129,1
0,0.16874361291399712,0
1,0.27696943477912256,0
0,0.23050720375436862,0
0,0.01186503575374581,0
0,0.03169598657712727,0
0,0.060157715986738164,0
1,0.8756525087156823,1
0,0.1286980878237416,0
0,0.00019542756931746106,0
0,0.041110074192450385,0
1,0.38636925761897867,0
0,0.5248840908777569,1
0,0.39567463986262946,0
0,0.022722719673370584,0
1,0.9122103784696797,1
0,0.050975792698184474,0
0,0.5148461870586429,1
1,0.9730484534734491,1
0,0.05570094967299778,0
0,0.4741876129136828,0
0,0.02023701561325924,0
0,0.008433762017674535,0
0,0.0708517328357215,0
0,0.0712509305218272,0
0,0.018257008331991738,0
1,0.5108182378324622,1
1,0.2528040309162364,0
0,0.005906691735129095,0
0,0.005167458993381766,0
1,0.9137556123203266,1
1,0.13695494783516543,0
0,0.5997992586231166,1
0,0.010509885457353839,0
0,0.40981570076813617,0
0,0.2756907956449606,0
0,0.06423619755019204,0
0,0.2282031294439966,0
0,0.4223822486836166,0
0,0.07459308882434236,0
1,0.8662826449711355,1
1,0.616688728003161,1
0,0.20093986017481785,0
0,0.9082927755921681,1
1,0.6818153900483713,1
1,0.9908655356053542,1
0,0.02766765605672703,0
0,0.22391367029521153,0
0,0.13331917829368645,0
0,0.16995391857385309,0
0,0.053120200389677366,0
0,0.05679305672404266,0
0,0.048161747033300714,0
0,0.20152479580606666,0
0,0.010841443479727075,0
0,0.007158029052927797,0
0,0.09313306637794432,0
1,0.87054544148568,1
0,0.15015282275182454,0
0,0.001920692090892389,0
0,0.6839316855715086,1
1,0.8847985655434405,1
0,0.06364929661847664,0
0,0.8694263418524675,1
0,0.054391181217315024,0
1,0.6642159491595409,1
1,0.9935191951481401,1
1,0.649902878937963,1
0,0.2552423868306894,0
1,0.5891634434913116,1
1,0.7497702063303457,1
0,0.00035079672931642546,0
0,0.6362771930192541,1
0,0.055426474426305675,0
0,0.013481828425680934,0
0,0.10441495228788232,0
0,0.03378648173592758,0
0,0.043738106163740284,0
1,0.1814862842994092,0
0,0.00846656966553429,0
1,0.6010772605737811,1
1,0.7150663719631516,1
0,0.04440575342616387,0
0,0.056938357811835684,0
1,0.906134670116096,1
0,0.4421858868282696,0
0,0.050858618356546155,0
0,0.48745659432402316,0
0,0.032239682569221884,0
0,0.38133987383249124,0
0,0.22070522808135606,0
0,0.7573503614201736,1
0,0.4116972862190249,0
0,0.038672891246527806,0
0,0.26413710988208566,0
1,0.46976024976525643,0
0,0.5150320706915965,1
0,0.10773838230919648,0
0,0.007946387330711567,0
1,0.7702014754018932,1
0,0.14721982804107417,0
0,0.1489121035536243,0
0,0.01643643350604796,0
0,0.34415981946124463,0
0,0.05157960488533898,0
1,0.9882694602593055,1
0,0.2171718304835576,0
0,0.19485902747062142,0
1,0.7504797821115736,1
0,0.008175541116237448,0
0,0.01625844705108225,0
0,0.042734695625348804,0
0,0.4022218358731333,0
0,0.13888420219955758,0
0,0.12920966197618702,0
0,0.1542709031276403,0
0,0.041066472829216334,0
0,0.5839083059634469,1
1,0.8027412722187687,1
0,0.35630869836558743,0
0,0.03941742918195342,0
0,0.6806044828861978,1
1,0.9837026218513635,1
0,0.6351320627418651,1
0,0.009066299244395176,0
0,0.020545156207900317,0
0,0.538958639337833,1
0,0.06794710675021157,0
0,0.08511080776416556,0
0,0.48843005734303696,0
0,0.004663561534275429,0
0,0.8416486992594487,1
0,0.11634074950412095,0
0,0.1654002860740821,0
1,0.44568398653595326,0
0,0.6369806573922783,1
1,0.6842525257908532,1
0,0.00024820358584412165,0
1,0.7708827741590178,1
1,0.9769979602232081,1
0,0.08799685024595974,0
1,0.7579294205037408,1
1,0.7706423477115,1
0,0.6959799884851154,1
0,0.36583556019305474,0
0,0.5130488825979724,1
0,0.2519230296621254,0
0,0.056430516597049236,0
0,0.18934096718774254,0
0,0.1993166876593933,0
0,0.4555579473895035,0
0,0.1322490231939146,0
0,0.8145500346760092,1
0,0.00011447567589660884,0
0,0.039963190109616444,0
0,0.09174143592932667,0
1,0.8122655264459189,1
0,0.24648954586282823,0
0,0.0015001208270624287,0
0,0.623253918324243,1
0,0.331684639310354,0
0,0.38839558433440735,0
1,0.9703210451328314,1
0,0.02406198704072948,0
0,0.34440652943347183,0
0,0.0003338522260660714,0
0,0.002876010773460859,0
0,0.0070688818794533165,0
0,0.5909172019476314,1
0,0.8152030647892744,1
0,0.5068781779985883,1
0,0.41069223729169513,0
0,0.5168381825219422,1
0,0.23403655259404696,0
0,0.004412579161464889,0
0,0.8251236641052891,1
0,0.39271449124726243,0
0,0.30826072683860234,0
0,0.0009165114884753648,0
0,0.09226063716453754,0
0,0.3902946289053355,0
0,0.02165666084746494,0
0,0.007416668293440799,0
0,0.5633472192234644,1
0,0.24229665800294697,0
1,0.42580717712039984,0
0,0.8654416410780271,1
1,0.84986819716662,1
1,0.8706384343871179,1
0,0.6663834238403763,1
0,0.573199069797671,1
0,0.013433989360904602,0
0,0.014578141038759498,0
1,0.28417424910571254,0
0,0.006939146531793924,0
0,0.1501401387260118,0
0,0.015780055796425406,0
0,0.6669312311503547,1
0,0.33351715476154764,0
1,0.9457891478977757,1
0,0.5694140722322797,1
0,0.24900156814661448,0
0,0.2721107386038389,0
0,0.21081265611859976,0
0,0.39282535829780946,0
0,0.008171714995021217,0
0,0.566865118505349,1
0,0.49576083426798173,0
0,0.40258663340212614,0
0,0.5940523426532383,1
0,0.002349269651472396,0
0,0.001201412745998862,0
0,0.026320620819603634,0
0,0.4766729942035166,0
1,0.9638403867703659,1
1,0.9303294157494628,1
0,0.5180846019679116,1
0,0.08992448561769907,0
0,0.27902789940494455,0
0,0.34098741706839725,0
1,0.8189263788707872,1
1,0.6929667987630738,1
0,0.08791377786075955,0
0,0.007101285763845529,0
0,0.4414901910923973,0
0,0.008287820966867157,0
0,0.33645615392113515,0
0,0.0015499968840823775,0
0,0.3365438256095874,0
0,0.3639614214989278,0
1,0.8756882185949134,1
0,0.5581644600708829,1
0,0.0423170683525,0
0,0.08846989820243105,0
0,0.03841423750968053,0
0,0.0014820709258359292,0
0,0.050945987891048004,0
0,0.0826539197886587,0
1,0.4410389456673543,0
1,0.6289461205186919,1
0,0.005176096081170454,0
0,0.2275629547223701,0
0,0.5364386970078293,1
1,0.7570100960983923,1
1,0.8004592947939194,1
0,0.4383574200746563,0
0,0.3490061572407479,0
1,0.8585458676414959,1
0,0.0028514850604828413,0
1,0.039199870141425494,0
0,0.14945928114029014,0
0,0.628662384004757,1
0,0.17043849785211518,0
0,0.017880853889540298,0
0,0.38889472739745373,0
1,0.9843764561533757,1
0,0.6386545649785567,1
1,0.8201783657777206,1
0,0.00802170656574615,0
0,0.12818387231164247,0
1,0.8374080226853686,1
1,0.7533859268347757,1
1,0.22721833360889523,0
1,0.6383639904627397,1
0,0.48767544473648095,0
0,0.49534728285432306,0
0,0.15515990266651203,0
0,0.0013389757085715754,0
0,0.6747638788928241,1
0,0.06922168026212554,0
0,0.0044442943980404085,0
0,0.3562058431485877,0
0,0.4162431132187131,0
0,0.020996231914725643,0
0,0.06617272817879087,0
0,0.7452480636985045,1
0,0.2630812057476722,0
0,0.5132714317923017,1
0,0.032424687390816276,0
1,0.18911077056321407,0
0,0.4041459654374182,0
0,0.026094888802273966,0
0,0.3311330802416729,0
0,0.6327972039302944,1
1,0.5936655603236419,1
0,0.5591511312580921,1
1,0.691656030583948,1
0,0.14929302846462192,0
0,0.19609329985050777,0
0,0.47405946301824364,0
1,0.7897079423790341,1
0,0.014096734086905288,0
0,0.02769682570909291,0
0,0.3772315555511859,0
1,0.679071051051061,1
0,0.004289533482423947,0
1,0.1721692671823428,0
0,0.09587480429297354,0
0,0.12000035240870544,0
0,0.43912646328719346,0
0,8.639134494938235e-05,0
1,0.4412035905066588,0
1,0.9187807428264837,1
0,0.3964020471998438,0
0,0.01840922158460474,0
0,0.16096202874577523,0
0,0.008727177632521142,0
0,0.24889782452902096,0
0,0.2696432108489416,0
0,0.6174485731740421,1
1,0.24712001096572744,0
0,0.6448415123302877,1
0,0.12999642265437206,0
0,0.17010929215808168,0
1,0.5472502100370565,1
0,0.05210192974273887,0
1,0.8489307702556704,1
1,0.7363902313059444,1
0,0.007504058433296863,0
0,0.023238669553235138,0
1,0.6230193148393665,1
0,0.03172272794134796,0
1,0.987601775872242,1
0,0.6542456119432009,1
0,0.00023306740931927926,0
0,0.06293043756945912,0
1,0.9924903024321005,1
0,0.11554517575755419,0
1,0.6381550835120795,1
0,0.0002930237002427609,0
0,0.0015095929800722785,0
0,0.002349269651472396,0
0,0.16328712042519314,0
0,0.2962237302600282,0
0,0.3795639369842123,0
0,0.0014547047972727812,0
1,0.9287448960603486,1
0,0.43830239665807047,0
0,0.012370852333480335,0
1,0.8084624512256244,1
0,0.011178325635636881,0
1,0.6528769738836642,1
0,0.2789165428413193,0
1,0.8698035507548485,1
0,0.2840727898516177,0
0,0.08588269746977653,0
0,0.580039215005996,1
0,0.008028054077033647,0
0,0.5949500800009782,1
1,0.8764160451293268,1
1,0.5868669938410028,1
1,0.5302054336376159,1
0,0.43626089926457867,0
1,0.8443757261251028,1
1,0.9135090616919673,1
1,0.507426862612956,1
0,0.009148780788215162,0
0,0.3814109081231656,0
1,0.4863771092645871,0
1,0.834642716995105,1
0,0.08154908005110663,0
1,0.8734720672181,1
0,0.0019296772375532985,0
0,0.04508383147595021,0
0,0.21664018776364238,0
1,0.9141060549826995,1
0,0.00031689689010272026,0
0,0.07615265655992637,0
1,0.6411662222010622,1
1,0.5475017127973568,1
0,0.2745309532708968,0
0,0.1230505756432291,0
1,0.4236051885316232,0
1,0.6721083845293971,1
0,0.001385886178855894,0
0,0.4368098024299848,0
0,0.0313364624095265,0
0,0.001692762633345399,0
0,0.47883153712181664,0
0,0.07074527194547509,0
0,0.053193121394354656,0
0,0.5254571213087548,1
0,0.02629483468770138,0
0,0.47436136899346,0
0,0.6279075538380722,1
0,0.19369877143197486,0
0,0.4200825203657359,0
1,0.8953268706537557,1
0,0.004909199698934831,0
1,0.5285655600464021,1
0,0.00553489162191784,0
0,0.008286522358529865,0
0,0.013307380637123351,0
0,0.009301460498188226,0
1,0.995095569159832,1
1,0.6667306272727467,1
1,0.7423020135380416,1
0,0.0234735077509932,0
0,0.04965852111038955,0
0,0.39203481569826887,0
1,0.8977705720249308,1
0,0.060523885156729684,0
0,0.6430086174536446,1
0,0.8310745540995966,1
1,0.3274687594461549,0
1,0.7516803197888182,1
1,0.5817544507082881,1
1,0.6629289878148095,1
0,0.26579259916522696,0
1,0.2406783328412252,0
0,0.7939847657245239,1
1,0.8005455425083194,1
0,0.027923663529575215,0
0,0.0821299536692258,0
0,0.43068939412717316,0
1,0.9835806653278595,1
0,0.01141607498664064,0
0,0.0067429800397223886,0
0,0.05281036020906908,0
0,0.07155483940639351,0
0,0.01190281793123666,0
0,0.23145804286426905,0
0,0.0838534188387928,0
0,0.08719040732721123,0
0,0.9035298217491705,1
0,0.0010460794550601069,0
0,0.03477359339629902,0
1,0.5196678216261711,1
0,0.01406353727870622,0
0,0.9334879221149559,1
1,0.9778487508601419,1
0,0.0004189376396907659,0
0,0.20161748292110823,0
1,0.3484170020763864,0
0,0.02919503493045265,0
0,0.013556263597807944,0
1,0.45567961103439236,0
0,0.004948651723473558,0
0,0.9084442440372631,1
0,0.04016404441433133,0
1,0.8833561704148972,1
0,0.3640327978865932,0
0,0.010658261555389318,0
1,0.9315810623700088,1
1,0.8559444424577985,1
0,0.5070645011751853,1
0,0.0007867443349441957,0
0,0.06426768390213561,0
0,0.004767793543215692,0
0,0.2352280661804754,0
0,0.038499855373852726,0
0,0.022252868592679345,0
0,0.27480602554392364,0
0,0.102168257612205,0
0,0.4380724031986801,0
0,0.23412079940486336,0
0,0.6733702384225337,1
0,0.0034080019887808353,0
0,0.6659183796295766,1
0,0.0008750466634200122,0
0,0.6249307151278533,1
0,0.28956023569812717,0
0,0.014467216981834218,0
0,0.6866035945063232,1
0,0.38184824341525164,0
0,0.0031119270364783807,0
0,0.07128451156669256,0
0,0.708623234702928,1
1,0.580969783020909,1
0,0.07643726049614051,0
0,0.5436390040845659,1
0,0.7451477164438937,1
0,0.02334533617760878,0
0,0.0040960203013486775,0
1,0.8400936574249737,1
0,0.018600434827898884,0
0,0.005334003978607605,0
0,0.07328227849523548,0
0,0.02015022347261207,0
0,0.7415338871701597,1
1,0.9949696397043972,1
1,0.45104636673131554,0
1,0.890107366856408,1
0,0.013742179016549224,0
0,0.3525664106095132,0
0,0.3742901615876288,0
0,0.4710985553864301,0
1,0.4556657489945029,0
0,0.5300463512701247,1
0,0.04345904696056011,0
0,0.08693939482218108,0
1,0.7935990850289145,1
0,0.698168324441783,1
1,0.37635336734494,0
0,0.31853398587293025,0
0,0.0022259778194560565,0
0,0.6760609178016334,1
0,0.008632228222042888,0
1,0.9048663326180407,1
1,0.743240824707989,1
0,0.06605994796912432,0
0,0.3773289872586544,0
0,0.006428574951231811,0
0,0.2913233846402943,0
0,0.3713586490095932,0
1,0.6979786032446914,1
1,0.9441259085054732,1
0,0.40283814446693456,0
0,0.13078796043723,0
0,0.8381394669240045,1
1,0.8387872633580581,1
0,0.1327093922049681,0
1,0.2772146174224289,0
0,0.2051412430859634,0
0,0.00026117259003737253,0
0,0.0016150256952666966,0
0,0.0017865535969493265,0
0,0.4674754956727254,0
0,0.1796668482596435,0
0,0.40185557466039906,0
1,0.516878090668802,1
0,0.1446166380519529,0
0,0.001572513723988394,0
0,0.8517597474251937,1
0,0.033444145647837514,0
0,0.4236212962237964,0
1,0.6090292072755414,1
0,0.017649724407562413,0
0,0.17134622219497656,0
1,0.7724219956392308,1
0,0.477412754747894,0
1,0.786777339050266,1
1,0.7647707353722655,1
1,0.974902631375028,1
0,0.1384560000429104,0
1,0.8927476566849912,1
0,0.39413981588768315,0
1,0.7362079332277462,1
1,0.9252180447625947,1
0,0.02077895995634584,0
0,0.20858857334668743,0
0,0.4707419909594994,0
0,0.8043685437127016,1
0,0.10997385216805318,0
1,0.5498048416715704,1
0,0.7405835008806099,1
0,0.017297883756151676,0
0,0.7699231030308754,1
0,0.210773480651878,0
0,0.07244498262909811,0
0,0.0029986890787955024,0
0,0.18525323327003548,0
0,0.5661152153701022,1
1,0.9942546027765256,1
1,0.8615136338511074,1
0,0.00011355240411170126,0
0,0.21021257311344518,0
0,0.0035051950364587553,0
1,0.3375145027623795,0
0,0.6216530909476645,1
0,0.011639094676709021,0
0,0.7302013988464932,1
1,0.8741862259704621,1
0,0.05743383305600657,0
0,0.3173963801226368,0
0,0.2787921284604777,0
1,0.3828108704959531,0
1,0.8946630939335356,1
0,0.32957830506142716,0
1,0.7807635541311551,1
1,0.9109807225393318,1
1,0.8331338015481603,1
0,0.3023322517933533,0
0,0.21492309507020957,0
0,0.006539741939723553,0
0,0.10441944483739181,0
0,0.0012484204778098903,0
1,0.7654896102054303,1
0,0.4028854069971438,0
1,0.826127380608316,1
0,0.05901059609395729,0
0,0.11144332890281447,0
1,0.8974866553142736,1
0,0.005088813154932343,0
0,0.07153714899740293,0
0,0.11499726865110362,0
0,0.6596500241741556,1
1,0.23507520292382567,0
0,0.019788041781525524,0
0,0.012365104140477484,0
0,0.12729865544083133,0
0,0.013910348568962484,0
0,0.0015329406772396595,0
0,0.14499649176837795,0
0,0.047058122303143386,0
0,0.46951499114431516,0
1,0.3639520258141476,0
1,0.8616136421996524,1
0,0.4091325289973434,0
0,0.8739449206509312,1
0,0.007392635544516741,0
0,0.005536210044859046,0
0,0.38369870778493154,0
0,0.2952113551911923,0
0,0.4238410380372804,0
0,0.062436585525877684,0
0,0.09102309617025951,0
0,0.02176653685518223,0
0,0.0032462225874137565,0
0,0.17796445997928387,0
0,0.005403897716315053,0
1,0.9599019883919476,1
0,0.049294130385026835,0
0,0.005411968709727822,0
0,0.008348619949172202,0
0,0.6193749227692822,1
0,0.7263017195599367,1
0,0.608601333552168,1
0,0.7319177153726398,1
1,0.8576390793879595,1
1,0.6829173930503991,1
0,0.08654518799566671,0
0,0.008386424943850843,0
0,0.00323307132505303,0
0,0.05851026295140096,0
0,0.04354366450287322,0
0,0.4297061073499004,0
1,0.6147397179635166,1
0,0.1881117254984397,0
0,0.0004170308479035331,0
0,0.03810786049687348,0
0,0.3775183374270695,0
0,0.21394571806636178,0
0,0.1418255999964192,0
0,0.05193919307347255,0
0,0.7846892523067287,1
0,0.6938936873851367,1
0,0.24926264186864097,0
0,0.021587237978295343,0
1,0.44463166845966356,0
0,0.055686393540515244,0
1,0.6537205643933967,1
0,0.04380912637276967,0
0,0.012230129026945957,0
0,0.24973966785902665,0
0,0.007086382085835643,0
0,0.42516324201727473,0
0,0.06949717001162432,0
0,0.04810646047595872,0
0,0.32092159306719487,0
0,0.3228858700929905,0
1,0.8838478564379411,1
0,0.1371014328668665,0
0,0.41287933628982126,0
0,0.6279921061939068,1
1,0.5250786346576062,1
0,0.2343142442883387,0
0,0.016625393531834735,0
0,0.031175365470837317,0
1,0.9024115606094318,1
0,0.46388842364098903,0
1,0.8635712325674703,1
1,0.8959627909454085,1
0,0.00994850706576922,0
0,0.03510669232884387,0
0,0.726579941265819,1
0,0.004746914845023689,0
0,0.28538153016199846,0
0,0.4462318307341469,0
0,0.13788321008907917,0
0,0.01578502569704462,0
0,0.08007024582305616,0
0,0.0591931684628364,0
0,0.04871677424453426,0
0,0.00713244800105403,0
0,0.042231578320023604,0
1,0.7166689554582084,1
0,0.056366425400627404,0
1,0.8975592436727927,1
0,0.7114668060553991,1
0,0.004819071197379682,0
0,0.2346656986362975,0
0,0.4382755588878889,0
0,0.055666894508120596,0
0,0.22715992208832816,0
0,0.07061955449013264,0
0,0.2282655691222881,0
0,0.03722910724204694,0
0,0.1784444650734478,0
0,0.621015902066121,1
0,0.26456390217368025,0
0,0.003497451592821388,0
1,0.7985852236007384,1
1,0.8347256785768545,1
0,0.0008029750111941589,0
0,0.07872770033986284,0
0,0.7984025408356508,1
0,0.12307784069133068,0
0,0.03847325655857978,0
0,0.9350871876456157,1
1,0.417522381011797,0
0,0.47513629946843083,0
0,0.0012401264119699692,0
1,0.7240784372624156,1
0,0.002202730517874199,0
0,0.5577188743741461,1
0,0.6162535833401654,1
1,0.7656722836020934,1
0,0.35244917630156025,0
0,0.17465178142195364,0
0,0.5805612210731976,1
1,0.9632399361482271,1
0,0.522301964118297,1
1,0.8770656368164066,1
1,0.3665979458874632,0
0,0.07577612567713231,0
0,0.3007361479333986,0
0,0.06329168188077726,0
0,0.004726123367964561,0
0,0.29528901711502986,0
0,0.2008996103858972,0
1,0.8886076492296693,1
0,0.001036214192064685,0
0,0.03671722784709685,0
1,0.8496884682405622,1
1,0.8704257792006433,1
0,0.7189084167227643,1
1,0.7314652949196084,1
0,0.08467163178869343,0
0,0.10840252643567183,0
1,0.8973668820539704,1
0,0.20560924891274796,0
0,0.03148711589515668,0
0,0.00514661139137447,0
1,0.9602112519881515,1
0,0.13643419373089458,0
0,0.190544981673807,0
0,0.6761887152876641,1
1,0.9091618641953251,1
0,0.5682357539200983,1
0,0.039019781066767324,0
1,0.6835839907069942,1
1,0.6022969217381015,1
0,0.3998105720583452,0
0,0.6193023618972695,1
0,0.5123495616187981,1
0,0.008251293805333824,0
1,0.9726711101280934,1
0,0.015083813541440904,0
1,0.45565926472397905,0
0,0.8617045315737604,1
1,0.2737505595539581,0
0,0.30413013649090237,0
0,0.005211173752767561,0
0,0.06931520980562887,0
0,0.22167608260837787,0
0,0.002275533205844091,0
0,0.0792716148538052,0
0,0.014326860140583703,0
0,0.6346150448072359,1
1,0.8116970618070374,1
1,0.246342650358133,0
0,0.404540374117426,0
0,0.13303583683430087,0
0,0.02466891913820963,0
0,0.2025512950878675,0
0,0.02304559423003323,0
0,0.8353426296453216,1
0,0.017812586613760586,0
1,0.9110415439349022,1
1,0.7691850321994013,1
0,0.0397200197200266,0
0,0.21851713119246502,0
1,0.9714269305512264,1
0,0.05180179457641693,0
1,0.936626191337176,1
0,0.6220521626071813,1
0,0.0021302929640608544,0
1,0.5520001020513944,1
0,0.4964416855725863,0
1,0.49688366383264243,0
0,0.011041936077801046,0
0,0.858757811609328,1
0,0.6148875115292124,1
0,0.005760848662770041,0
0,0.24923866877587325,0
1,0.5275717737250447,1
1,0.6526717552987455,1
0,0.06878367639522465,0
0,0.022193468387915558,0
0,0.05446614117272002,0
0,0.27829774889436365,0
1,0.7661868937732108,1
1,0.9839999990725795,1
0,0.006860787375210511,0
0,0.7756924611438052,1
0,0.4768319605124021,0
1,0.993481889195305,1
0,0.021088956448874097,0
1,0.6793910165662272,1
1,0.9057800613160134,1
0,0.6176270537392371,1
0,0.5340205866818813,1
0,0.23201034560171274,0
0,0.06943216972158103,0
1,0.8929146463488862,1
0,0.002169229453989592,0
0,0.8924470690890861,1
0,0.00547920515314936,0
0,0.44446212644765326,0
1,0.9525934270153904,1
0,0.0372971892716929,0
0,0.10653136000896289,0
0,0.6926806475654874,1
0,0.0020615246997152227,0
1,0.6104257458543791,1
1,0.9503905813846734,1
1,0.8094757543940765,1
1,0.9791877042087356,1
0,0.14459667515440772,0
0,0.30890621639122773,0
0,0.009595544859091577,0
1,0.8462032672381045,1
0,0.04261207867807165,0
0,0.013149061925804189,0
1,0.7852845544091279,1
0,0.8877720590026795,1
1,0.6881380833559532,1
0,0.3913961168498828,0
0,0.14671628276539295,0
0,0.008531081961839347,0
1,0.8970165818723453,1
0,0.012392635749801371,0
1,0.5993412320943186,1
0,0.03267196140374486,0
0,0.6241072111125882,1
1,0.40015075781618903,0
0,0.38867683770431777,0
1,0.3813282444526501,0
0,0.009970445178479809,0
1,0.5107909009291185,1
0,0.00981844471690479,0
0,0.41131688613692513,0
0,0.5441147569881424,1
0,0.1335427717990593,0
0,0.008488280347742487,0
0,0.3859601179087249,0
0,0.23614187234930034,0
0,0.010117000283341086,0
0,0.5033507305609413,1
1,0.9004775200121538,1
0,0.2962667857601794,0
1,0.7529185469914899,1
0,0.024379305100796504,0
0,0.07337822141265517,0
1,0.7248995825980564,1
0,0.6609575400829018,1
0,0.13616869772809626,0
0,0.04778519697617744,0
0,0.1960033324237922,0
0,0.17566207475676146,0
0,0.031186838590996104,0
0,0.17451106477657571,0
0,0.10405337536604257,0
0,0.013007636244061632,0
1,0.8283909075209557,1
0,0.12860928084946455,0
0,0.45857771021655463,0
0,0.05009973999191321,0
0,0.3146419657861814,0
0,0.1283097176156367,0
0,0.010460403098338622,0
0,0.050406459752103366,0
0,0.013019614508573136,0
0,0.1389145741206608,0
0,9.267420907120254e-05,0
1,0.9150001534508441,1
1,0.029174451972523024,0
0,0.23035954364985134,0
0,0.2790403869140639,0
1,0.9801659199161189,1
0,0.010541109994427403,0
0,0.5927166156240885,1
1,0.35673536573539893,0
0,0.016111390303448263,0
0,0.10420939456338477,0
0,0.13995739076792296,0
0,0.012049634185513145,0
1,0.9592656612799104,1
0,0.03691486500612171,0
0,0.01490009303945557,0
0,0.009559189072547493,0
0,0.7661399974028035,1
0,0.22603782464337163,0
0,0.02715310659370202,0
0,0.28412780165856705,0
0,0.4923273047391956,0
0,0.02200927759397155,0
1,0.7937753316493065,1
1,0.47419642959629643,0
0,0.058114353276328676,0
0,0.07284823806745518,0
0,0.18277959842985372,0
1,0.8306929916814123,1
0,0.04681503196850216,0
0,0.7913182984480358,1
0,0.42847753084364676,0
1,0.44328159831629554,0
0,0.014968284081394308,0
0,0.7917918253886719,1
1,0.8915590607641846,1
0,0.013262955601689282,0
0,0.16356280605606469,0
0,0.015033314356718114,0
0,0.474601953538265,0
0,0.06570051190851961,0
0,0.0035348766249657703,0
0,0.08003739672284521,0
1,0.6154959242875332,1
0,0.22303387975684155,0
0,0.06462613550470503,0
0,0.5716837460266443,1
1,0.8472929919691767,1
0,0.2186070007482592,0
0,0.0120370327135935,0
0,0.046765353776965224,0
0,0.2845530594851856,0
1,0.3317302112358831,0
0,0.028414658677188905,0
0,0.06794513309719191,0
1,0.1231144319607629,0
0,0.030338508074580037,0
0,0.7189313342467838,1
0,0.005669490236394095,0
0,0.25503981101104795,0
0,0.004139562805716438,0
0,0.600722995030263,1
0,0.0248360505161882,0
0,0.10619882155058961,0
0,0.0033610278448010862,0
0,0.14345148221880114,0
0,0.2315790706539997,0
0,0.009607395013835049,0
0,0.5058050259933835,1
1,0.10160938230794014,0
0,0.0005167196591904268,0
0,0.015018957609704916,0
0,0.009087197601925138,0
1,0.7032480220453733,1
0,0.2545448627634738,0
0,0.5529815488419523,1
1,0.5392249513152098,1
1,0.8428452566877063,1
0,0.09260067065141607,0
0,0.16226527371606286,0
0,0.1852704838780485,0
0,0.08903774443168633,0
0,0.5851357045714932,1
0,0.10160701688737571,0
0,0.3436627292557713,0
0,0.11139481626836423,0
0,0.17748852210906302,0
0,0.0549699678702652,0
0,0.007205016789479951,0
0,0.14323505391834312,0
0,0.7313250109107275,1
0,0.0666974091039982,0
0,0.00045327481595725037,0
0,0.031125679891144984,0
0,0.2285877476986704,0
0,0.19759263491613532,0
0,0.12271605986880632,0
0,0.00019542756931746106,0
0,0.13331509571961134,0
1,0.9866930309905363,1
0,0.516456113694366,1
0,0.003705617743057917,0
0,0.1599937152423643,0
0,0.6363094766793892,1
0,0.0035328773523305825,0
0,0.06129920392157138,0
0,0.4783537534102775,0
1,0.41634137033963226,0
0,0.05773539331641912,0
0,0.47203374420217,0
0,0.02001284763874073,0
1,0.8043331757751994,1
0,0.1593209678376918,0
0,0.15134395583004198,0
0,0.8839892088111889,1
0,0.044149279969258576,0
0,0.05647537762672804,0
1,0.8617261879572831,1
0,0.3155836587062567,0
0,0.5368641212888974,1
0,0.6674820985357538,1
0,0.059542242559868924,0
0,0.003338674595213027,0
0,0.019217796891844028,0
1,0.7347053521180427,1
0,0.00854306557381265,0
0,0.6175445401868476,1
0,0.3652319619208993,0
0,0.21614412358552676,0
1,0.6662263606428905,1
0,0.048052085664122925,0
0,0.00017672523413492485,0
0,0.3094998878638521,0
1,0.7090606846020833,1
0,0.4061920824537186,0
1,0.9565858419955858,1
0,0.5785039168194864,1
0,0.8228829799011259,1
0,0.15268411307923463,0
0,0.057593867014158494,0
0,0.005209220658017276,0
1,0.7493583784662261,1
1,0.9221015819596615,1
0,0.7463969061095032,1
0,0.09084744385606774,0
1,0.7996225234623069,1
0,0.009229000665318624,0
1,0.9735738829463256,1
1,0.8990275190722534,1
1,0.7665787007509943,1
1,0.6471046931893644,1
0,0.5831337875258144,1
0,0.1972183591614891,0
1,0.9723146781615011,1
0,0.20290194919082824,0
0,0.004159229544779887,0
1,0.8755789079544968,1
1,0.9128792887908103,1
0,0.26911329135369133,0
0,0.4462251876051877,0
1,0.9073282128731663,1
1,0.7741400202955073,1
0,0.5198206662612325,1
1,0.6941842865387233,1
1,0.6197475785874996,1
0,0.1473091729638725,0
0,0.38466415643684376,0
0,0.5400322384242898,1
0,0.037168472601613975,0
0,0.2529278235524332,0
0,0.009587732376459187,0
1,0.8759366699607075,1
0,0.01736489689868589,0
1,0.7735173549881926,1
1,0.8040225448944002,1
1,0.7620820983696484,1
1,0.44403362963757587,0
0,0.2351723100013198,0
0,0.4990061986576291,0
0,0.25062255581026344,0
1,0.9902338776586264,1
0,0.3226797435121959,0
1,0.37799163375898914,0
0,0.019132667001297683,0
0,0.011449318735726875,0
0,0.052639575537148126,0
0,0.1557323338335372,0
0,0.04865013899803451,0
1,0.7427815295276881,1
1,0.663088499553545,1
0,0.00032288673267162447,0
0,0.006223754009240381,0
0,0.0026749093160141056,0
0,0.6591512762710229,1
0,0.26400220759394205,0
0,0.7906720197622253,1
1,0.9433889985433016,1
0,0.8687311367110772,1
1,0.9662904018721171,1
0,0.6019164891367401,1
0,0.018641568621923187,0
0,0.2733198495682025,0
0,0.024840054856175343,0
0,0.2502297671158774,0
0,0.10945440626015779,0
0,0.7058524805288183,1
0,0.010151409954908179,0
0,0.14010126596711678,0
0,0.024643509849900457,0
0,0.21276928668215664,0
0,0.18418541338695596,0
0,0.8264669360273496,1
0,0.09217183588352727,0
1,0.8044944692996853,1
1,0.10336735233554264,0
1,0.1202413738532245,0
0,0.1083291052771047,0
1,0.8383899392950834,1
0,0.0406954799587167,0
0,0.042956227586761625,0
1,0.707959014944563,1
0,0.26728121291906093,0
0,0.08128355036433249,0
0,0.0017968957667926038,0
0,0.2832521236756468,0
1,0.5840802167841709,1
0,0.31691271488393374,0
0,0.18370819272511568,0
0,0.005230448446185872,0
0,0.032261491940259755,0
1,0.7842963730598889,1
0,0.0032059751987621086,0
1,0.8960366057704254,1
0,0.33594017372810137,0
1,0.47793843507365646,0
1,0.6153865422460594,1
0,0.7094887593755286,1
0,0.14658515715810824,0
0,0.42474722491938494,0
0,0.05483664263804524,0
1,0.42160063621823785,0
0,0.10445673771073098,0
0,0.5922763835113345,1
1,0.9203252685671256,1
1,0.572321463665036,1
0,0.6617904223368352,1
0,0.4096179772512402,0
0,0.3609908594029348,0
0,0.17742680860882623,0
0,0.3912068017464858,0
0,0.5523440576725543,1
0,0.7392095394196206,1
0,0.8201239909519429,1
0,0.5306577833256664,1
0,0.520472874019888,1
0,0.20026263504820022,0
1,0.9932889267490331,1
1,0.6354916741752679,1
0,0.1278467172481865,0
0,0.22813844960727772,0
1,0.5499386735391831,1
0,0.015494424594996165,0
0,0.09350406000887,0
0,0.4624412434235013,0
0,0.49264496590003914,0
0,0.0010652323529451362,0
0,0.04372393248605616,0
0,0.6183163095951976,1
0,0.6803416211175195,1
0,0.7160527324217921,1
0,0.31734344336771797,0
0,0.32627807239253753,0
0,0.016243040729714733,0
0,0.01800653467518486,0
0,0.736232268629519,1
0,0.5492807420495588,1
0,0.1340566020216745,0
1,0.4330723839562334,0
1,0.6947482697890305,1
0,0.18749562530462482,0
0,0.47027598588748387,0
0,0.36670894358638145,0
0,0.6366155234645321,1
1,0.5298410793172922,1
0,0.0039171121425667825,0
1,0.8126795696928354,1
1,0.7903731578118873,1
0,0.2646477176981095,0
0,0.4505202303523105,0
1,0.4144658155918967,0
0,0.11666080197395426,0
0,0.2089872412659412,0
0,0.012251218063606148,0
0,0.2809979096801957,0
1,0.8198448192352319,1
0,0.08353614539577567,0
0,0.11451627653092447,0
0,0.2865282164163132,0
1,0.9196597376376555,1
1,0.8485601223543371,1
0,0.0002684049896042499,0
0,0.5802529098073189,1
0,0.16468139412762076,0
0,0.256818239955461,0
1,0.9109441769510996,1
0,0.07559170434108096,0
0,0.18620089072930546,0
0,0.013900004581252002,0
0,0.10317501718131601,0
0,0.5622392570491218,1
0,0.324942693232001,0
1,0.8708479596118857,1
0,0.0038784429133808026,0
0,0.517807837544975,1
0,0.016116143665605494,0
0,0.581111994753522,1
0,0.018599265521584914,0
0,0.007164893412215544,0
0,0.3341203952940108,0
1,0.4746542611117495,0
0,0.12509070250427606,0
0,0.08838425438611403,0
1,0.43839284387984423,0
0,0.011006711186346819,0
0,0.0028338897367375633,0
0,0.01262951775974702,0
1,0.9908508737955094,1
0,0.008492932273088274,0
0,0.7893825521620662,1
1,0.869194707764544,1
1,0.8170354862187998,1
0,0.7405710898116958,1
0,0.0886992935536743,0
0,0.21367419520400063,0
0,0.004420545794269764,0
0,0.17786067981577844,0
1,0.6917250995634858,1
0,0.32578211497436466,0
0,0.27562409508481694,0
0,0.46854592811189233,0
0,0.11835165493414808,0
0,0.012522898460677235,0
0,0.43080353661891946,0
0,0.3199862116668065,0
0,0.029540975657418644,0
0,0.21593826070902072,0
0,0.0063712185888500136,0
0,0.5828832997300182,1
0,0.34028836602391993,0
0,0.057163351150184095,0
0,0.7249303836126679,1
1,0.5162466265248494,1
0,0.0001465213364513947,0
0,0.05907548849193181,0
0,0.008097590074829924,0
0,0.004895096907916666,0
0,0.5881866088852358,1
0,0.005733309366953027,0
0,0.2189894389912358,0
0,0.3225203654307347,0
0,0.03968712476698045,0
0,0.036548652462697465,0
0,0.058721199064563516,0
0,0.04857690644750203,0
0,0.04863020376547409,0
0,0.5122595991603055,1
0,0.5170920571674383,1
0,0.02259641830202044,0
0,0.5914596116099382,1
0,0.00011355240411170126,0
0,0.27138802467820766,0
0,0.014625032395265277,0
0,0.010420052094331823,0
0,0.03220066922431177,0
0,0.0034870404718642355,0
0,0.040611384330844554,0
0,0.43801565437199724,0
1,0.6347852460156657,1
0,0.502969998300996,1
1,0.7615103871405711,1
1,0.47677837281624724,0
1,0.85607039031026,1
0,0.1422179446592899,0
0,0.21069118593999042,0
0,0.2678625116993047,0
0,0.36610402667151715,0
0,0.008758911507413501,0
0,0.5745964867599217,1
0,0.7467078939260169,1
0,0.8523464467992543,1
0,0.14622333276561444,0
0,0.6013889032317983,1
0,0.16816228836453684,0
1,0.8477809045666213,1
1,0.6413757552927676,1
0,0.45718393199938057,0
0,0.5307733665354315,1
0,0.0043610302103788195,0
1,0.818958514184421,1
0,0.43602946626088257,0
0,0.013390943989198897,0
0,0.18217083088324643,0
0,0.039502613073550304,0
0,0.40835197590421035,0
1,0.9558859274626784,1
0,0.15935323739534843,0
1,0.5327914988563657,1
1,0.9907735510149039,1
0,0.06009101734249272,0
0,0.2969163085347464,0
1,0.8885160332889722,1
0,0.054273384568016496,0
1,0.7551167198580817,1
0,0.0814227291844447,0
0,0.6531309031560246,1
0,0.007493353521423131,0
0,0.505328510998929,1
0,0.00041712593409423606,0
0,0.30576924627289664,0
0,0.07798320246864367,0
1,0.5631632758142491,1
0,0.00134777042861927,0
0,0.037768282827382295,0
0,0.16610206932657684,0
0,0.00014300777964686137,0
1,0.7518208852375102,1
1,0.2310476513438262,0
0,0.0030185875860635546,0
0,0.036727893359211845,0
0,0.005259483607666434,0
1,0.9924919263245205,1
0,0.004659012342137021,0
0,0.050233503712026305,0
1,0.9805301763549972,1
0,0.0024797102014413436,0
0,0.248394376004698,0
0,0.2529317970260509,0
0,0.3618925378288699,0
0,0.5243511413270638,1
0,0.6153439762958584,1
1,0.8400997250928037,1
0,0.07670623253958095,0
0,0.022326908843772066,0
1,0.9020728950440431,1
0,0.017501381967851136,0
0,0.6578729874569915,1
1,0.9764829819323082,1
1,0.913511120146786,1
0,0.26426598452843447,0
0,0.7306856725489054,1
1,0.7484051576962444,1
1,0.7430881374878141,1
0,0.16259367839413902,0
1,0.706946600992524,1
0,0.13058881543543502,0
1,0.9775604817634898,1
1,0.7206220288506757,1
0,0.0004731515631665136,0
0,0.07947555838721249,0
1,0.8692014147676772,1
0,0.0130398611017867,0
0,0.004710552305074402,0
1,0.22994587670268515,0
0,0.016417000777801068,0
0,0.007563777775729889,0
0,0.6766136850464138,1
0,0.019599884801176463,0
0,0.00032924755225698733,0
0,0.007317734398941645,0
0,0.2700308633179332,0
0,0.4483120651139425,0
1,0.9773789134088077,1
0,0.27066073679677277,0
0,0.018455109947627536,0
0,0.004588482432392162,0
0,0.03622476829633108,0
0,0.06788554457532486,0
0,0.08478101770801613,0
0,0.18311977752158023,0
0,0.04251860205469493,0
0,0.009163315321909022,0
1,0.3333047491121886,0
0,0.2649282110723398,0
1,0.7168945868048318,1
0,0.014668225661595704,0
1,0.7920185475919501,1
1,0.9146750898402062,1
0,0.19319358131934858,0
0,0.002349267703913947,0
0,0.006573336606246544,0
0,0.6061711333358216,1
0,0.020530739906717273,0
1,0.7789435743074572,1
0,0.051560042230986355,0
0,0.4887308318468761,0
1,0.6192250051701765,1
0,0.1404751223509362,0
0,0.46447814012694316,0
1,0.3636862096004183,0
0,0.010101394059052653,0
0,0.05619127543044743,0
0,0.2696237859184485,0
0,0.29790927510412707,0
0,0.059637782571375635,0
0,0.7348778021243345,1
1,0.6160981872467473,1
0,0.10373611029131462,0
1,0.42435070375625034,0
0,0.039335394050264254,0
0,0.038169413471709886,0
0,0.09336507977192084,0
0,0.18550847029582304,0
0,0.018346288643969498,0
1,0.8999135005830802,1
0,0.3652128638046296,0
1,0.9905122760125549,1
0,0.0012268577174203849,0
1,0.8840169097382492,1
0,0.25550028945389297,0
1,0.6130956974976303,1
0,0.2800289280905526,0
1,0.42810252634217466,0
0,0.48520314092960426,0
0,0.4240297035828663,0
0,0.32745826945415235,0
0,0.0519954596840435,0
0,0.0004632600819720084,0
1,0.5390921351430152,1
0,0.2831831469090541,0
0,0.38692705306895997,0
0,0.6840295009731788,1
1,0.8617137366174933,1
0,0.15532076580908982,0
0,0.0001572225619345372,0
0,0.0005657775859212397,0
0,0.7260011856665294,1
0,0.001625783643249538,0
0,0.0010039743439815736,0
0,0.00812685406006517,0
0,0.013151922236807044,0
0,0.42556673761695607,0
1,0.9611285638024111,1
0,0.0012324069874182204,0
1,0.35210392877122676,0
0,0.40695438432420994,0
0,0.02200919435321524,0
1,0.5092094020032143,1
0,0.12033191978033196,0
0,0.08260827053177501,0
0,0.47391322273897546,0
1,0.14476997477072667,0
0,0.5506417169614053,1
0,0.24188551690137572,0
0,0.08445726600024552,0
0,0.45167423247631605,0
1,0.42157839421295823,0
0,0.012457451716209508,0
0,0.01858791766648945,0
1,0.8507063212603069,1
0,0.42771937352475864,0
1,0.9892510166321178,1
0,0.7172216826832417,1
0,0.009848707959157715,0
0,0.004112080294963607,0
1,0.8589423384539043,1
0,0.6106477620461486,1
0,0.034572605218223515,0
0,0.35768985938705244,0
1,0.5488290393204994,1
0,0.04652693292983241,0
0,0.04041166783864004,0
0,0.001408596372599733,0
0,0.09143225828272918,0
0,0.7154369794972705,1
1,0.6221031431274866,1
1,0.7059753705010774,1
0,0.09680337376852824,0
0,0.7714798964431437,1
0,0.8849919960125328,1
0,0.24535156304488295,0
0,0.17056337488826506,0
0,0.4254979358140204,0
1,0.7906615999828822,1
0,0.003897042423035386,0
0,0.21761618684991627,0
0,0.26447828349952035,0
0,0.030278299741959315,0
0,0.1267098550140394,0
0,0.49904446863631163,0
0,0.021720312865363193,0
0,0.0961937919906548,0
0,0.0037742334068307753,0
1,0.6803416499889342,1
0,0.02531841792268375,0
0,0.10372902586404578,0
0,0.21615480636837134,0
0,0.37621884748167517,0
1,0.7973546332767608,1
0,0.010683171633416625,0
0,0.4447716523601727,0
0,0.06294093459259743,0
0,0.3540689417071975,0
0,0.07556434332429152,0
1,0.5389287041531525,1
0,0.003937986443671881,0
0,0.056458799754581436,0
0,0.027652818306510837,0
0,0.001117265887251207,0
0,0.09453152963538766,0
1,0.9337474429136781,1
0,0.4479479064136059,0
1,0.5781522005032148,1
0,0.46044856280025065,0
0,0.025628483781551553,0
1,0.8240417006391088,1
1,0.6141076792803778,1
0,0.018530288014266552,0
0,0.021980469906693872,0
0,0.2694970921591265,0
0,0.0019181344607198314,0
1,0.917895836099197,1
0,0.009018400447826175,0
1,0.6518747077136825,1
0,0.005205470012736143,0
0,0.011115226134045137,0
0,0.0003586660980742641,0
0,0.40441760215529,0
0,0.5926288676154124,1
1,0.674711489127106,1
0,0.513334172267024,1
1,0.5810097537391085,1
0,0.13606276745521617,0
0,0.0015812350191176515,0
0,0.005527454892778552,0
0,0.41630798576792166,0
0,0.4644696661297008,0
0,0.28064025128764714,0
0,0.18026441051540798,0
0,0.7994706375363646,1
1,0.531542702367015,1
1,0.7442999977077985,1
1,0.9671964503148753,1
0,0.014460984084941009,0
1,0.0156031440431583,0
0,0.0011577778873718707,0
1,0.909471862981334,1
0,0.007888194211024697,0
0,0.2972982260093629,0
1,0.2744919765196396,0
0,0.0019043689558188247,0
0,0.69782044517871,1
1,0.9588337363426888,1
0,0.14187367968521158,0
1,0.9363070498150214,1
0,0.003106092237173887,0
1,0.646774221573197,1
1,0.9195258574292621,1
0,0.3085819732282129,0
0,0.0708355490341805,0
0,0.15446216565814136,0
1,0.8778982635621838,1
1,0.9013473074282009,1
0,0.2708417839784918,0
0,0.6545421962898272,1
1,0.7854291508275509,1
1,0.41355776162902025,0
0,0.6493857005536458,1
0,0.0954063437677612,0
0,0.02913247664339245,0
1,0.9928710775419497,1
0,0.7425612993284244,1
1,0.36314918858559936,0
0,0.04277659464466775,0
1,0.6012041497418384,1
0,0.00216191889563304,0
0,0.020133326505073462,0
0,0.010436857288406067,0
0,0.003691256740349562,0
0,0.08628720101135536,0
0,0.09754319936167642,0
0,0.05364347293595144,0
0,0.000155793573053999,0
1,0.8933329316523936,1
0,0.8911309124482316,1
0,0.11481030377080272,0
0,0.02696667538643235,0
0,0.05005228115576853,0
1,0.8218379917000309,1
1,0.9127077527483609,1
0,0.01743856983429318,0
1,0.7880730382194,1
0,0.6406657221320574,1
0,0.008340736761282753,0
0,0.018948691411238994,0
0,0.013527957546769578,0
0,0.76004551134418,1
1,0.9258488847608324,1
0,0.0009081612909035425,0
0,0.04409403166828509,0
0,0.22964834424784958,0
0,0.009638847943630463,0
1,0.46158434240955465,0
1,0.5453968402474761,1
0,0.029292524756213644,0
0,0.5308518791225036,1
0,0.11871787331748332,0
0,0.05094587634839925,0
0,0.024483060623671227,0
1,0.7581348495005791,1
0,0.01784560545661891,0
0,0.34016032082625625,0
0,0.022195824966021797,0
0,0.2574371353287242,0
0,0.013722436846262367,0
0,0.0009997247979469858,0
0,0.26028583442882236,0
0,0.0023492381288798664,0
0,0.006571413955512215,0
0,0.001033204563859578,0
0,0.09830877004525901,0
1,0.946253474470974,1
0,0.2740808160337669,0
0,0.3011481566852123,0
1,0.2578844566432237,0
0,0.23173596052859827,0
1,0.34747583588461384,0
0,0.04504991584521129,0
0,0.06606017935900556,0
0,0.058146075941022064,0
0,0.27918755806521706,0
0,0.17152810212388042,0
0,0.2229119448631838,0
1,0.530971648118974,1
0,0.018587959720406635,0
0,0.022781109566272623,0
0,0.3009463938359387,0
0,0.4720391134114668,0
0,0.1052967928382167,0
0,0.8503248451234943,1
1,0.890163717116389,1
0,0.04126708345808833,0
1,0.7981920318164754,1
0,0.0002900114132092934,0
0,0.195519015869806,0
1,0.36822579171415215,0
0,0.5777917305224062,1
0,0.09587136475439596,0
0,0.5012000118200105,1
0,0.17947656876643198,0
0,0.35754552867758094,0
1,0.925499468156191,1
0,0.014197948543275588,0
0,0.4683031514331561,0
1,0.7439347446183167,1
1,0.4682771197679477,0
1,0.7283654279260229,1
1,0.8075221252804332,1
0,0.006850020392896417,0
0,0.13406199580504777,0
1,0.41446836545169574,0
0,0.026426907101749254,0
0,0.09943844542837488,0
0,0.0526597880113982,0
0,0.4605506253758118,0
1,0.3615258159488314,0
1,0.992201196528066,1
0,0.11655924233173842,0
0,0.15524356103122566,0
0,0.04769595853231563,0
0,0.022704482403056597,0
0,0.022631598322550878,0
0,0.2437459769570983,0
0,0.5476796047615842,1
0,0.08985842534032441,0
0,0.18816300064498395,0
1,0.5816841670310944,1
1,0.7126366426426183,1
1,0.8198145495050604,1
1,0.594311392950368,1
0,0.00520104363403852,0
1,0.6993883066131582,1
0,0.3838739564416759,0
0,0.6704009250782872,1
0,0.7309703821506973,1
0,0.5615355181546907,1
0,0.009480321691165488,0
1,0.2845672318847813,0
0,0.0003302152872757601,0
0,0.010263242645797543,0
0,0.06210294889507284,0
0,0.8742963756149449,1
0,0.2160120726042769,0
0,0.005943349508656893,0
0,0.3491457434833762,0
1,0.16397603189718116,0
0,0.6419045631338657,1
0,0.4709567824700777,0
0,0.16249278211806917,0
0,0.004449264900425927,0
0,0.017481209224501675,0
0,0.02230699742666061,0
1,0.9304097505057026,1
0,0.004540491735180893,0
1,0.9066916038408062,1
0,0.46402880888976294,0
1,0.3848146451011292,0
1,0.22575839320713517,0
0,0.47521110385302173,0
0,0.04872996121766417,0
1,0.8080705065345225,1
0,0.8676829539323175,1
1,0.4858793743097509,0
0,0.5228027184650219,1
0,0.6320073713913172,1
0,0.12254127855259293,0
0,0.5193359560860814,1
0,0.5281392095140993,1
0,0.04245288776775946,0
0,0.0023364076936783894,0
0,0.014799418302108187,0
0,0.5184308858577338,1
0,0.5643589326578613,1
0,0.0035899817612069923,0
0,0.03950100075713539,0
1,0.8641818996571903,1
0,0.8987115413755354,1
0,0.01516649181654787,0
0,0.479587641151918,0
0,0.3444520930276954,0
0,0.007532279506109214,0
1,0.21679041290713935,0
0,0.12024991413265418,0
0,0.5076117567703,1
0,0.28088807073889877,0
0,0.37074539982225224,0
0,0.05555429160929259,0
0,0.008212395644506213,0
0,0.05141685358085326,0
0,0.01283810627711573,0
0,0.21526228244929607,0
0,0.1517454521386027,0
0,0.02064076232685253,0
1,0.6020824067134379,1
1,0.7876035719530379,1
0,0.022695400221425754,0
0,0.005604913859508956,0
0,0.053124882198160896,0
1,0.34321870154162876,0
0,0.017329485235332776,0
0,0.08116828973256167,0
1,0.9113867774254374,1
0,0.003098286135639276,0
0,0.01393967537200593,0
0,0.016831752014363745,0
0,0.478019790995232,0
0,0.013797879865349503,0
0,0.000248212913897387,0
0,0.0973690393188922,0
0,0.361877287781563,0
1,0.8898488281877216,1
0,0.05201928338328486,0
0,0.006313443436690458,0
0,0.3261251141676689,0
0,0.3448292800009705,0
0,0.09691304061846867,0
0,0.5211079343057105,1
1,0.8676501511185226,1
0,0.003065454766362162,0
0,0.3711869956751676,0
1,0.7658069547943066,1
0,0.050614316014759395,0
0,0.6930314018136013,1
1,0.8662707202110361,1
1,0.6128274014285527,1
0,0.028109612486086153,0
0,0.13668284751885423,0
0,0.16884852834580313,0
0,0.2637722557848012,0
0,0.2016357345617206,0
0,0.01721749302450879,0
0,0.2739957380894143,0
0,0.0006307752625410542,0
0,0.8415894024771892,1
0,0.609353293551485,1
1,0.14032030384027452,0
0,0.13038358067662037,0
0,0.6431514159745508,1
1,0.8696394261224376,1
0,0.11035990087375704,0
0,0.013134442661028983,0
0,0.07595159989395801,0
0,0.2692357097124402,0
1,0.196348795381053,0
0,0.29679843856349697,0
1,0.9791317897093754,1
0,9.535232255890793e-05,0
0,0.2834602759481233,0
0,0.01163898744767146,0
0,0.11146981529746895,0
1,0.455305347145152,0
0,0.35413213193582405,0
0,0.09499452445233966,0
0,0.04860081804343637,0
0,0.044056700726532734,0
1,0.8585493831027041,1
1,0.677781991274549,1
1,0.9218583028413139,1
1,0.7825545406712486,1
0,0.04136402489827474,0
0,0.1952825185955812,0
0,0.4252020622119531,0
0,0.11552955032583388,0
0,0.020158314363069384,0
0,0.5383415901654823,1
1,0.7345886250778028,1
0,0.40127664504007454,0
0,0.5366931970850385,1
0,0.028457497269183805,0
0,0.008516787341272744,0
0,0.3981100307452709,0
0,0.022476221239727447,0
1,0.9340102761424535,1
1,0.7791218413816313,1
0,0.7827367517542421,1
0,0.032240693787376255,0
0,0.01747886634038732,0
0,0.016685433668916286,0
1,0.07602930120697472,0
1,0.7792839871648441,1
0,0.073775645221217,0
1,0.6092103368410045,1
0,0.17797303833330297,0
0,0.0004653454496426431,0
0,0.6779802056977488,1
0,0.03762990873148896,0
0,0.0500058600306839,0
1,0.9830506432390337,1
0,0.6279285282293977,1
0,0.19745016690214734,0
0,0.016463276495685,0
0,0.8554586682640981,1
0,0.6816405670707344,1
0,0.03361816045695809,0
0,0.17464112558280565,0
1,0.8352208899238828,1
1,0.980237680224619,1
0,0.27097150105236917,0
0,0.044658357631621313,0
0,0.816547402795771,1
0,0.4263351680971418,0
0,0.013453676925391574,0
0,0.1138052093766489,0
0,0.4496641852232743,0
0,0.021598144905050354,0
0,0.0038618852107565314,0
0,0.22667867020195032,0
0,0.15941239852588807,0
0,0.11686769605712768,0
0,0.3066682329093016,0
1,0.8203043494973955,1
0,0.026867889713314774,0
0,0.3648886296550171,0
0,0.015699723923695938,0
1,0.8035362071842361,1
0,0.23728172276551543,0
1,0.9112596075738657,1
0,0.011642918304092363,0
0,0.0003769985445773647,0
0,0.76939907119582,1
1,0.4480366025190158,0
0,0.06004572772615568,0
0,0.023728654025399507,0
0,0.3172904591644772,0
1,0.9617130411144759,1
0,0.01039157876756499,0
0,0.427830383174481,0
0,0.4037111856084312,0
0,0.16716056457555462,0
0,0.15722384457151248,0
1,0.5536169244171479,1
0,0.5453741125780309,1
0,0.2771067097625257,0
1,0.8595582763770757,1
1,0.8371050297901944,1
0,0.00910589217484765,0
0,0.4319082015454661,0
1,0.9781306422886492,1
0,0.11377692072959164,0
1,0.4233768441021667,0
0,0.7584416154351811,1
0,0.8710747735973567,1
0,0.1253802994220226,0
1,0.8591824716397478,1
1,0.7375210228457,1
0,0.6950558854881176,1
1,0.8484180583418934,1
0,0.04301281852325869,0
0,0.09286254594767605,0
0,0.7775695569320235,1
0,0.6873229158370137,1
0,0.005688696322665296,0
0,0.0369001926442904,0
0,0.5710347092510165,1
0,0.06401387854137004,0
0,0.08526803928617782,0
0,0.07275487040295736,0
0,0.025961056799543775,0
0,0.010477700232255981,0
1,0.7870316173745162,1
0,0.16321642271516124,0
1,0.9742411386685204,1
0,0.02041119737191894,0
1,0.19065749047028052,0
0,0.0428738940466885,0
0,0.5231833572539539,1
0,0.5253825731421643,1
1,0.39388276903715846,0
0,0.6819106749140134,1
0,0.09491624669896567,0
0,0.13528796867327192,0
1,0.8417795628286128,1
0,0.26052251390200704,0
0,0.36394134849081533,0
0,0.3318780867047184,0
0,0.5761931374129328,1
0,0.4049769153851122,0
0,0.3048933151834905,0
1,0.8016102822106025,1
1,0.7865405102137308,1
1,0.9235158720739514,1
1,0.8856828161779523,1
0,0.6021751414946422,1
0,0.21107565526031766,0
0,0.19190174355010062,0
0,0.37936538350724197,0
1,0.6021112244507709,1
1,0.3329966671544046,0
1,0.9048749455888725,1
0,0.7702811118042308,1
0,0.3242934409123065,0
0,0.0014359032900335795,0
1,0.5907232160287103,1
0,0.0014679589966929865,0
0,0.20955717875744756,0
0,0.20583618258187353,0
0,0.3955115327916951,0
1,0.8632671464165831,1
0,0.48004860657651593,0
1,0.88386187646798,1
0,0.1554603562206244,0
0,0.73220967154151,1
0,0.04519670895103235,0
1,0.9409100602394839,1
1,0.47302275591276366,0
1,0.8171524472610091,1
0,0.19084678356569088,0
1,0.8912717020244398,1
0,0.18591344134829058,0
0,0.30734843632659253,0
1,0.8132447522184887,1
0,0.4410096772796958,0
0,0.03633090422775638,0
0,0.8347075584512047,1
0,0.03152512052818011,0
0,0.5606867722556226,1
0,0.016650099205977233,0
0,0.3557086138052433,0
0,0.30955249517656835,0
1,0.6415632688575597,1
0,0.6733011995952395,1
0,0.5229573694739956,1
1,0.7657988261520265,1
0,0.00241937480237083,0
0,0.3067858103497096,0
0,0.22954828583330766,0
0,0.19420727605357754,0
0,0.18620988691850593,0
1,0.6580096195108582,1
0,0.0631894081866799,0
0,0.035945951810278466,0
1,0.16344202589525791,0
0,0.3399168438755531,0
0,0.5825741300547019,1
0,0.09440287389622386,0
0,0.5115486385329036,1
0,0.8690974206390418,1
0,0.003729426545638171,0
1,0.981697762934777,1
1,0.8869367526984168,1
0,0.3957615510738059,0
0,0.0036881586917957413,0
1,0.9081564716078172,1
1,0.7879402635585071,1
0,0.7783888616744493,1
0,0.03919961023373521,0
0,0.006394341961922029,0
0,0.41256174638396276,0
0,0.01747835663938579,0
1,0.44431179778039603,0
0,0.07618136065729426,0
0,0.6829299807342663,1
0,0.7092729768108912,1
0,0.12931972388613067,0
0,0.3407767505902878,0
0,0.6579102220917658,1
0,0.0286485058773889,0
0,0.006605907089429253,0
0,0.0015823740487681077,0
0,0.06701940384017951,0
0,0.1030131377532288,0
1,0.805314195562888,1
0,0.015931521678865943,0
0,0.11637904871675574,0
0,0.3024299474532666,0
0,0.18133389585345674,0
0,0.30287764103854276,0
0,0.2872272183252912,0
0,0.15869273693544492,0
1,0.6128072869031155,1
0,0.0021413616116354173,0
0,0.0026807481304114912,0
1,0.3470426168973443,0
0,0.33511724497541,0
1,0.6778287644196862,1
0,0.0017977100247791077,0
0,0.09160804091885623,0
0,0.000779467115632756,0
1,0.9681838823687043,1
0,0.11074990733127316,0
0,0.013411904903714467,0
1,0.7639790884282003,1
0,0.0009265807746714719,0
0,0.03497453205729321,0
0,0.1554553121928179,0
1,0.8419409076787346,1
0,9.267420907120254e-05,0
1,0.9076275019381944,1
0,0.7301321801461925,1
0,0.5123264954538118,1
0,0.0022325935035758947,0
1,0.9865963437546074,1
0,0.10971261559365267,0
0,0.021602628768651176,0
0,0.313446095149831,0
0,0.04359276445001712,0
0,0.1123121066398568,0
0,0.05159930762809963,0
1,0.6467226610883562,1
0,0.46934454214812643,0
0,0.37350365264658836,0
0,0.0024125377515626274,0
0,0.5284847670416509,1
0,0.0036492174761167994,0
0,0.25791293928585296,0
0,0.2906447025187566,0
0,0.4496508184861333,0
0,0.3018759683873424,0
1,0.5435683024532656,1
0,0.0017310970479693232,0
0,0.402059171107303,0
0,0.06650360605153083,0
1,0.9787141129009143,1
0,0.25582116361787965,0
0,0.5297585265970991,1
0,0.33687737758266556,0
0,0.09504502688144194,0
0,0.006030090214125754,0
1,0.6975703247504225,1
0,0.7427673902496343,1
1,0.7004674486909331,1
0,0.02588627058306748,0
1,0.7263697386526218,1
0,0.27412568249035746,0
0,0.002294786776439107,0
0,0.04283924117863627,0
0,0.0551995232702222,0
0,0.028593840518491405,0
0,0.02445153893491321,0
0,0.02699656598245006,0
1,0.5204992481753389,1
0,0.3753184057407927,0
0,0.6558321227337047,1
0,0.006038702852672803,0
0,0.20736459841379584,0
0,0.5839520473380856,1
1,0.8858669201227752,1
1,0.7620775135427031,1
0,0.21689227626149943,0
0,0.4844900461760135,0
0,0.05350928412123428,0
0,0.34469013759958306,0
0,0.13695004881656703,0
1,0.6894659284643017,1
0,0.15559068305335141,0
0,0.8330611135949109,1
0,0.16254288080703486,0
0,0.0065046566737874505,0
0,0.13663683958866468,0
1,0.8758785819156338,1
0,0.049384749728443915,0
0,0.06679431619958477,0
0,0.023523534774157088,0
0,0.048155979830827846,0
0,0.06826059462518354,0
0,0.0006032814416141098,0
0,0.023770591817499617,0
0,0.39509399509857474,0
0,0.008330395375060815,0
0,0.004081256388549781,0
1,0.6372485096987167,1
0,0.0011824185199353088,0
0,0.021022860763865017,0
0,0.0008553932238354621,0
0,0.5489928811195098,1
0,0.018036750353701413,0
0,0.048109703588910806,0
0,0.48083166751207623,0
0,0.08177513650514129,0
0,0.3131229827128636,0
0,0.0037439756747413705,0
0,0.06918614032509843,0
1,0.5992517143698882,1
0,0.7468038682610585,1
1,0.9129770832735312,1
1,0.8474254969486662,1
0,0.1663615996884419,0
0,0.03825855509381006,0
0,0.05794595176717305,0
0,0.07701145030666154,0
0,0.08469890594055175,0
1,0.7911408914123101,1
0,0.0006252327037764817,0
0,0.015604398106085752,0
1,0.7915737569039145,1
0,0.07166330845455604,0
0,0.041253118150593134,0
1,0.7861546499320279,1
0,0.06573838268687043,0
0,0.0021780702455685558,0
0,0.6136092453132718,1
0,0.03433863022846677,0
0,0.3362489137045711,0
0,0.006980520605081029,0
1,0.13157168283486143,0
0,0.03376419254026711,0
0,0.029167991631370314,0
0,0.0012679694469791977,0
0,0.11097284903976722,0
1,0.3281576382778997,0
0,0.17411863064300165,0
0,0.01041840916008003,0
1,0.5419141468920423,1
0,0.040034715793116134,0
0,0.7481277887911301,1
0,0.23517417223030554,0
1,0.7760502488631923,1
0,0.21415177962219867,0
0,0.6534856345252631,1
0,0.004524393117215703,0
0,0.2526424390628176,0
1,0.840855707005195,1
0,0.8443041210423224,1
0,0.027157407699944045,0
0,0.8515635716196425,1
1,0.9792420611649203,1
0,0.003925655906875424,0
0,0.6450993432161085,1
0,0.10784284339290245,0
0,0.014728258993007018,0
1,0.9854124991003967,1
0,0.6507182139192942,1
0,0.027054710355649866,0
0,0.21190943642537505,0
1,0.9495920099811379,1
0,0.026351259755561827,0
0,0.003815548481120573,0
0,0.6938150113964116,1
0,0.07574279011655519,0
0,0.05498178690206206,0
1,0.7819338359716878,1
0,0.012470612391127935,0
1,0.9875119290683888,1
0,0.0005591756746325363,0
1,0.5392385504044496,1
0,0.05541045603884315,0
0,0.11327636408848717,0
0,0.03809055741972692,0
0,0.7932261570826736,1
0,0.31886696628942945,0
0,0.0017815732814683723,0
0,0.07133746457252,0
0,9.600004000169715e-06,0
1,0.5973846187337851,1
0,0.03800469149716781,0
0,0.016276714335921923,0
0,0.3456780898671232,0
0,0.0402540066497013,0
1,0.660290940164675,1
0,0.6308893502018396,1
0,0.025088340997760875,0
0,0.07966723793585731,0
0,0.22030106536010313,0
0,0.8324507489120477,1
0,0.3764882331063269,0
0,0.4106418494297059,0
1,0.9825116271437289,1
1,0.9368108519143622,1
0,0.025911011431302113,0
0,0.14254435387980324,0
0,0.7019675971893863,1
0,0.5832386039272244,1
0,0.24812557889191347,0
1,0.9827409483460423,1
1,0.8845159437034323,1
0,0.025842819317135165,0
0,0.023112279762304615,0
0,0.3502785471020938,0
0,0.016177076894879516,0
0,0.11882867137281616,0
0,0.5923196415667821,1
1,0.9253154917361117,1
1,0.6448997296651777,1
0,0.007331771434834869,0
0,0.06359082414124596,0
0,0.03618798567183707,0
0,0.012969845840297362,0
0,0.6545835725185902,1
0,0.007570964308288414,0
0,0.2708150061758707,0
0,0.09732517467062224,0
0,0.621996063885128,1
0,0.00011208545097150723,0
1,0.38873313161392176,0
0,0.41458935916032374,0
1,0.9552419344310895,1
1,0.46169448894421605,0
0,0.3334406132594404,0
0,0.03743737325644607,0
0,0.007112244976682697,0
0,0.12035981605946866,0
0,0.03848960779979203,0
1,0.9589474247793659,1
1,0.708290955140358,1
0,0.03114784326414666,0
0,0.010243941104270455,0
1,0.6493107986330806,1
0,0.22425470130961325,0
0,0.08862155843566027,0
1,0.890012163287557,1
0,0.039888407202910904,0
0,0.3713498107074391,0
0,0.4988524014918175,0
1,0.2265578531331208,0
0,0.003622361938466362,0
0,0.16088941981777133,0
0,0.41861555510557813,0
0,0.5781071883106345,1
0,0.46134479068143863,0
0,0.28584025248863215,0
0,0.3397180390802647,0
0,0.062370162437149886,0
0,0.4970063364010744,0
0,0.006342920485153245,0
0,0.8044846783325028,1
0,0.046803563541739986,0
0,0.46699858666771554,0
0,0.04518362715100972,0
0,0.4450399801899574,0
0,0.4533668643789642,0
1,0.48018200985081916,0
0,0.19075701156852895,0
0,0.18697831046592575,0
0,0.4499646054330078,0
0,0.3158078822167109,0
0,0.04597809507394467,0
0,0.36982554478308033,0
1,0.5790420659816452,1
0,0.0018919052038222429,0
0,0.28959147393986284,0
0,0.00031689689010272026,0
0,0.24662522905562875,0
1,0.8463753100212887,1
0,0.2644407189725709,0
0,0.13685140855946784,0
0,0.028178443253085817,0
0,0.6319700555926803,1
0,0.005355270143713551,0
1,0.9877166586594681,1
0,0.056263015690997877,0
0,0.6559541924758898,1
0,0.3562487081582658,0
0,0.3316252805455379,0
1,0.6247777087064278,1
0,0.7245501624423912,1
1,0.8112490290815639,1
0,0.020550172018667507,0
1,0.527251847758421,1
0,0.254466110893022,0
1,0.7010815801078727,1
0,0.10086844122814181,0
1,0.6573449332710387,1
0,0.14000011166448192,0
0,0.37937286386886804,0
1,0.894226898739121,1
1,0.5838520080754002,1
0,0.5660349300769811,1
0,0.5633499086291974,1
0,0.006764869197701377,0
0,0.029066378628974304,0
0,0.23721892199481,0
0,0.019124686683514552,0
0,0.4236300627359876,0
1,0.37694671790237644,0
0,0.000247749350801,0
0,0.0011222919338516788,0
1,0.27326704653726724,0
1,0.8580916027649795,1
0,0.025590888459983703,0
0,0.1809284334434222,0
0,0.618968403089602,1
0,0.05336217459822733,0
0,0.037883994628835564,0
0,0.18341258904067118,0
0,0.00105427219330068,0
0,0.7072444981174199,1
1,0.7925132263693793,1
0,0.5445201661838436,1
0,0.08300483433302545,0
0,0.691956864491775,1
0,0.028136392883520992,0
0,0.007315241504530217,0
0,0.3481143543704134,0
0,0.07666897301439776,0
0,0.01488904135203042,0
0,0.07187159181111073,0
0,0.21056130049296926,0
0,0.04716373274691081,0
0,0.13414371420758783,0
0,0.32121645120872255,0
1,0.3711264043754554,0
0,0.32175023646700895,0
1,0.9806248847829044,1
0,0.025587719746864357,0
0,0.01921589081709826,0
1,0.6641833685105163,1
1,0.8028854325807655,1
0,0.011146255965984408,0
1,0.5507449872806108,1
0,0.13428688017223608,0
0,0.29681126770286587,0
0,0.001642876621593525,0
1,0.7421493715454808,1
1,0.919393698019404,1
1,0.5726611185385538,1
0,0.08911742781398486,0
0,0.3788652575841326,0
1,0.6980879073105322,1
0,0.18969204819540283,0
1,0.809071963242639,1
1,0.8030161711815639,1
1,0.8931178726202654,1
0,0.1752743377080776,0
0,0.14727350615964216,0
1,0.6112128015907276,1
1,0.9104271682013471,1
0,0.004563169105277039,0
0,0.008534916170595028,0
1,0.7635634160663968,1
0,0.1510554581280846,0
0,0.19505693872108137,0
0,0.04674000287924907,0
0,0.01407975852178423,0
1,0.6854410151858504,1
1,0.7859739470983681,1
0,0.10136444831512124,0
1,0.48636425712683073,0
0,0.14673258724127944,0
0,0.38777684922673444,0
0,0.17620674959426905,0
0,0.22328969955728653,0
0,0.11040494187890051,0
0,0.5855340665068,1
1,0.8995049985004208,1
0,0.11616051563544341,0
1,0.7770294275285475,1
0,0.6163890490154575,1
0,0.05075797919181121,0
0,0.0164876535565241,0
0,0.006179428260637654,0
1,0.8438450601774575,1
0,0.17319376224237434,0
1,0.855613327785718,1
0,0.2102684896023264,0
0,0.0781842838663359,0
0,0.09192848931703371,0
0,0.12178956248217492,0
0,0.6117995734035496,1
0,0.21771434791630245,0
0,0.593663240017287,1
0,0.09439134225389582,0
0,0.24899023378349236,0
0,0.8456781127903473,1
0,0.4175868113261839,0
0,0.07764890428778702,0
0,0.07642659656772641,0
1,0.8399648587911093,1
0,0.02370914447585009,0
0,0.0010549587045440498,0
0,0.7468952246445262,1
0,0.2973190037448477,0
0,0.5562805460446886,1
1,0.7367548004060475,1
0,0.02463069464605141,0
1,0.5670874864887772,1
1,0.8284105140134748,1
1,0.49073472995525963,0
0,0.44716751613339717,0
0,0.3411485241707954,0
1,0.8762636494870523,1
0,0.07886927062654699,0
0,0.002679922591971868,0
0,0.2881462248648013,0
0,0.24253139738208054,0
0,0.18090808255204435,0
1,0.970294693200382,1
0,0.6354293599598497,1
1,0.6710770190140607,1
0,0.7270778501985674,1
0,0.06407557113485766,0
0,0.20900604311653231,0
0,0.08247453801208507,0
1,0.893464768716775,1
0,0.37918852463074176,0
0,0.2972274254245037,0
0,0.3862302045732513,0
0,0.8050251314005324,1
0,0.004229428128512753,0
1,0.4624993561422567,0
0,0.5394653875145263,1
1,0.6585317680911962,1
0,0.059933462104040665,0
0,0.3594942418925605,0
1,0.9282229565753529,1
0,0.09662134059165899,0
0,0.02769508238254161,0
1,0.11034675892091729,0
0,0.42863052794825357,0
0,0.3028623948025672,0
1,0.975616563189462,1
0,0.38097046846334304,0
0,0.11317806358533264,0
0,0.00854748836084266,0
0,0.06728230661155188,0
0,0.11404591365825155,0
0,0.022359420327611065,0
0,0.35923763107459655,0
0,0.19223274257537842,0
0,0.0002810475876672153,0
0,0.49517627461906966,0
1,0.789172438073057,1
0,0.008850064912893717,0
0,0.017349693699430707,0
1,0.7042948444443261,1
0,0.011584361141705406,0
0,0.2167835832689377,0
0,0.03914745117101254,0
0,0.12497035155390367,0
0,0.0271351737794637,0
0,0.02076132535088362,0
0,0.1395716110837091,0
0,0.025084885198526755,0
0,0.07010629290441141,0
0,0.3325583766438225,0
1,0.9691111271400399,1
0,0.04436393866660408,0
0,0.06710278950836918,0
0,0.10279208881156952,0
1,0.6512361534756285,1
0,8.639134494938235e-05,0
1,0.6985677641268259,1
0,0.017908705640932162,0
0,0.18494612987488335,0
0,0.035955101241768365,0
0,0.5271540519527552,1
0,0.23549856567704056,0
0,0.43063734119780445,0
0,0.020182940738333183,0
0,0.1594453680892635,0
0,0.6432542771437975,1
0,0.006165745173642542,0
0,0.005696927719501005,0
1,0.9505617380515884,1
0,0.06704078233124042,0
0,0.00011208545097150723,0
1,0.8054618854119883,1
0,0.5872811725317,1
0,0.0005845971059992455,0
0,0.44592978159393026,0
0,0.0022242167323695008,0
0,0.15592795265121281,0
0,0.0012047971176818411,0
1,0.6251024966944079,1
1,0.7748138153446158,1
0,0.02526488880536897,0
0,0.10043342758159798,0
0,0.0077892915954053355,0
0,0.28166476412717484,0
0,0.16515942486058938,0
0,0.4692815953346773,0
0,0.02143883164265108,0
0,0.6140628240028912,1
1,0.2159634410207166,0
1,0.5866542087936826,1
0,0.0012663693957289033,0
1,0.8111210588543877,1
0,0.0016128624347355864,0
0,0.6176143390018766,1
1,0.5426343048722067,1
1,0.7847442016202046,1
0,0.01648683687303294,0
1,0.8837274195606597,1
1,0.7868871321471905,1
0,0.44355276635297164,0
1,0.49883277004407506,0
0,0.5083564858123595,1
1,0.7487221906806508,1
1,0.7984800907509174,1
0,0.43871657209708,0
0,0.0008739571448552306,0
0,0.3760662986097466,0
0,0.001653777780401909,0
1,0.9184060678433676,1
0,0.2702517405586047,0
0,0.01806503683245951,0
0,0.04266927085085892,0
0,0.0011373642293017986,0
0,0.6378915853173586,1
1,0.6287803941754445,1
0,0.3343632277746989,0
0,0.6942090182798601,1
0,0.8568953387830381,1
0,0.011819345814524738,0
0,0.019602677591757486,0
1,0.4746563841236888,0
0,0.4137711525569064,0
1,0.9281210050416057,1
1,0.8062662618866532,1
1,0.9718232970534567,1
0,0.3297764513629641,0
0,0.5739433336331475,1
0,0.0059662657879410615,0
0,0.808311996472494,1
0,0.057331560737033174,0
1,0.49860756615627416,0
1,0.9029192855139382,1
0,0.0005655671825145762,0
0,0.001211763050571721,0
0,0.4487497717519926,0
0,0.021476655843042904,0
0,0.008421294782151695,0
1,0.6435163433862925,1
0,0.5173514814240856,1
0,0.1992540739503707,0
0,0.019629275800124288,0
1,0.9349503634622863,1
0,0.04591147796197991,0
0,0.5625095292802517,1
1,0.5451505726693429,1
0,0.30572836560821137,0
0,0.03997308644030477,0
0,0.11670169991645066,0
0,0.524447526338489,1
0,0.6735742519831657,1
1,0.8177239213768793,1
1,0.314023473878526,0
0,0.023075495784585773,0
0,0.23846315378824628,0
0,0.10765358248965207,0
0,0.015164387896248162,0
0,0.4492401415455104,0
1,0.9182048751126477,1
0,0.10654935828158876,0
0,0.07596017538437778,0
0,0.0006905074496831368,0
0,0.019170710775605844,0
0,0.12004991161340783,0
1,0.5362974289260998,1
0,0.6574106297592305,1
0,0.10654553502269568,0
0,0.21202910029638375,0
0,0.0004860417739657536,0
0,0.1118297769433234,0
0,0.0792248192418298,0
0,0.6194778540051785,1
0,0.1176682504822008,0
0,0.4141826102746745,0
0,0.5565150449016932,1
0,0.007675010350354969,0
0,0.13982102915562397,0
0,0.00012206993693301601,0
0,0.14411554098331136,0
1,0.74580706255783,1
0,0.31164774733368544,0
1,0.7196130148063965,1
1,0.6501889664434564,1
0,0.5434129744749094,1
0,0.004121371921636318,0
0,0.629662887274144,1
0,0.002185597048448187,0
0,0.20440919905918717,0
0,0.01610851203923351,0
0,0.6137503306009746,1
0,0.10277945299365955,0
0,0.26125252163088253,0
0,0.2914656994311591,0
0,0.042600742471925156,0
0,0.6520595635860793,1
0,0.035561236003731726,0
1,0.23240331088353688,0
0,0.1175113733388667,0
0,0.11107626723037159,0
1,0.9142585529549797,1
0,0.12422163777666072,0
0,0.8524049639733329,1
0,0.02181898577571122,0
1,0.8681696744760571,1
0,0.18105982282017072,0
0,0.32299792736565464,0
0,0.35143066883430263,0
0,0.5237444493001864,1
1,0.8715074596729562,1
0,0.4056241789468141,0
0,0.03468652952618372,0
0,0.0009409975762282719,0
0,0.21248251201714952,0
1,0.4739226284626027,0
1,0.5600285678914748,1
0,0.4341107565388373,0
0,0.030926103869990135,0
0,0.0003449144582336184,0
0,0.48528089328397317,0
1,0.7684544351152818,1
0,0.04212644065507783,0
1,0.9361780337658607,1
0,0.2881489065557216,0
0,0.5267132177557647,1
0,0.8872612434167371,1
0,0.08859275856970016,0
0,0.2987913865960665,0
0,0.07996504696422865,0
0,0.799587972796614,1
0,0.22067453826641786,0
0,0.39858745067018714,0
0,0.0009709077598210367,0
1,0.2924635994796625,0
0,0.061157810627890635,0
0,0.538087860590848,1
0,0.08181670209221557,0
1,0.8042948180687287,1
0,0.17569478894440332,0
0,0.0018006033232186062,0
0,0.6749602813689421,1
0,0.03909567662984621,0
0,0.009904335576806743,0
0,0.07988301634259155,0
1,0.6988708140054941,1
0,7.890717828870675e-05,0
1,0.4732352901459208,0
0,0.017318384395088867,0
1,0.4271957592087428,0
0,0.0064350036719434175,0
1,0.944776576142232,1
0,0.2696252229978513,0
1,0.7957105555242694,1
0,0.014270604265566181,0
0,0.4359331827946168,0
0,0.5183524810614009,1
0,0.37907768679132814,0
0,0.7013989074595144,1
0,0.02546200019181899,0
0,0.019858566321389087,0
1,0.7488128276773901,1
0,0.02494145538204199,0
0,0.8424453402077109,1
0,0.10978142004780635,0
0,0.008177835948504604,0
0,0.00013854557386762782,0
0,0.13895967094302872,0
0,0.08082078083104474,0
0,0.1344827556040392,0
0,0.2297502143342527,0
1,0.8291465021204764,1
0,0.001442848958381034,0
1,0.10918932480893026,0
0,0.196396317792052,0
0,0.24642828377266413,0
0,0.5980890786409432,1
0,0.2729583561418379,0
1,0.9292621515618918,1
0,0.014248580644068518,0
1,0.9657293288969965,1
0,0.01617613088027936,0
1,0.49337167315983144,0
0,0.11248488621591086,0
1,0.900167913881803,1
1,0.7673020458497052,1
0,0.4164543831353186,0
0,0.7476921581173834,1
0,0.3162791526070096,0
0,0.5796399106907868,1
1,0.8454032526418529,1
0,0.12440568261136925,0
0,0.22004007574035644,0
0,0.1585079606683687,0
0,0.014607742575480994,0
1,0.3974596376057788,0
1,0.8389730825835957,1
0,0.01222340509207033,0
0,0.47800402223284083,0
0,0.3820276905757479,0
0,0.17030058217537572,0
1,0.9893700584360596,1
1,0.18503799305523022,0
1,0.6271708967845053,1
0,0.4508405717220149,0
1,0.770548146910858,1
1,0.6218002652216109,1
0,0.02145488831054713,0
0,0.514006821825749,1
0,0.011797113020752146,0
0,0.6000342299691656,1
0,0.0566566996249314,0
0,0.3529765842850447,0
0,0.2986970973533931,0
0,0.03335365965438046,0
0,0.031838521522446775,0
0,0.08795107728692347,0
1,0.9492161383280849,1
0,0.00037962365342970856,0
0,0.03542472380121379,0
0,0.11370375936774911,0
0,0.002813120769491014,0
0,0.5462835254751253,1
0,0.6758949022124515,1
0,0.1980673880005953,0
1,0.29934343604074276,0
0,0.014522799290445745,0
0,0.003970456955334216,0
0,0.06651541253019494,0
1,0.5581159335502883,1
0,0.023818555860666103,0
1,0.6495572348766377,1
0,0.58892154882666,1
0,0.5410861806757917,1
0,0.6131200912042191,1
0,0.09167723484366293,0
0,0.08575511935556916,0
0,0.0028184214708713248,0
0,0.057350403260525325,0
0,0.3464107146347872,0
0,0.022880366968754163,0
0,0.27662699031156135,0
0,0.21459933070254092,0
0,0.04661706804675996,0
0,0.00032288673267162447,0
0,0.3616655357944712,0
0,0.034924040767966,0
0,0.6379024576800854,1
0,0.8551925039495789,1
0,0.05626725907096426,0
0,0.7120565758775144,1
0,0.007790943850426255,0
0,0.06832423220554963,0
0,0.0017004413080565935,0
0,0.21628792346736234,0
1,0.8132136142871312,1
0,0.08763761044541582,0
0,0.04059498307041555,0
1,0.7162635213046766,1
0,0.017139744836987363,0
1,0.9677822013446395,1
0,0.0044868183532020284,0
1,0.8332258147053273,1
0,0.10544102093916743,0
0,0.6433829786036676,1
1,0.9319864109619719,1
0,0.27970361534101573,0
0,0.19551131724912604,0
0,0.1276826831264564,0
0,0.14125220653946097,0
1,0.4997737889138678,0
0,0.010876080635136879,0
0,0.0018574899771844492,0
1,0.9317503099571377,1
0,0.0012989271058706422,0
0,0.02118833651379,0
1,0.8013917802152507,1
0,0.13387360731581563,0
1,0.7893134003204288,1
0,0.7797180846904015,1
1,0.8942324375683111,1
0,0.6700818382773019,1
0,0.07017394673170924,0
0,0.005322159258863494,0
0,0.002488279678107738,0
1,0.539842465520767,1
0,0.001332396479093465,0
0,0.6750836668246338,1
1,0.8591020741388009,1
0,0.2699893565583971,0
1,0.6027487964661049,1
1,0.41703522145097804,0
1,0.8198211246333071,1
0,0.04914364044672834,0
0,0.1341035554065315,0
0,0.005692183110684355,0
0,0.3046335307302559,0
0,0.45693071251405426,0
0,0.08796407577841774,0
0,0.24139432605557748,0
0,0.03227514139215626,0
0,0.42246844134274736,0
0,0.007025736794182297,0
0,0.019263971492139313,0
1,0.9562460932544931,1
0,0.02219548794599763,0
0,0.044070126587232084,0
1,0.2895549864216526,0
0,0.4356475724829702,0
0,0.4041151603188206,0
0,0.032542395005988475,0
0,0.1352453700505804,0
0,0.00014500834628200328,0
0,0.009701358202734177,0
1,0.8291484902762696,1
0,0.027908287311919782,0
0,0.01059920641542447,0
0,0.08199525130842383,0
0,0.07068412324856385,0
0,0.03447238685868039,0
0,0.49951113594032603,0
0,0.02154970170216188,0
0,0.43514962429481663,0
0,0.023024463453401076,0
0,0.15321226406750557,0
0,0.11993450860507884,0
0,0.2560490795008552,0
1,0.9772061948208101,1
0,0.048882172431588274,0
1,0.9175693418466657,1
0,0.05575141365440994,0
0,0.3221105195898468,0
1,0.9726530848715808,1
1,0.30208594751514234,0
1,0.3435049163571341,0
1,0.5410368572831095,1
1,0.9772191837662378,1
0,0.39134671458172754,0
1,0.9131761000940173,1
0,0.1420771903437564,0
0,0.2579578529615783,0
0,0.42008658768367374,0
0,0.28487452781974826,0
0,0.26334237742953115,0
1,0.6065352049865663,1
0,0.02492796680898738,0
1,0.46967972624352655,0
1,0.5102780392444558,1
1,0.10488196891295638,0
0,0.04862122809989952,0
0,0.0015372618585129893,0
0,0.04237413201957167,0
0,0.44665711183075063,0
1,0.9882565649788452,1
0,0.9155750639785403,1
0,0.003018508418185431,0
0,0.338447983610601,0
0,0.4743889530919435,0
1,0.6986837624315663,1
0,0.2487317017131241,0
0,7.890717828870675e-05,0
1,0.5161237857212762,1
0,0.05212582668275205,0
0,0.04423597979362815,0
0,0.5643394876234958,1
1,0.38261882974999517,0
0,0.7703823937408416,1
0,0.10869021207536773,0
1,0.7543417841610921,1
1,0.7973930420208972,1
0,0.1505693707712982,0
1,0.7080576140197347,1
0,0.3278283849513801,0
1,0.8401566856541614,1
0,0.6690764625014126,1
1,0.7143351428948754,1
0,0.08238016556430887,0
0,0.009114790512688695,0
1,0.5300443456478576,1
0,0.30316599190315546,0
0,0.34788193069409157,0
0,0.0022385651249887937,0
0,0.05665133492589513,0
0,0.0002942575066469526,0
1,0.704016242831218,1
1,0.713932486026806,1
0,0.05557807559041283,0
0,0.6630604606766841,1
1,0.9143773614211502,1
0,0.6361487097969021,1
0,0.013714023565729863,0
1,0.6804190816890403,1
0,0.396033880708028,0
0,0.4261968894495743,0
1,0.7993199500048882,1
1,0.889637856517114,1
0,0.14721876449996582,0
0,0.027282964930873507,0
0,0.025647125395666805,0
0,0.6332434865107511,1
0,0.0384360709578206,0
0,0.029853924112626745,0
0,0.07369180993019972,0
1,0.7435668109340622,1
0,0.12952618949004688,0
0,0.635937828454981,1
0,0.6005426031661178,1
0,0.027991102707871765,0
1,0.8173385572640955,1
1,0.8363459304978433,1
1,0.9543930208521125,1
0,0.02022273513781372,0
0,0.15206529474156866,0
1,0.7066648217290395,1
0,0.6989083458196476,1
0,0.02091246760851354,0
0,0.03891112902574717,0
0,0.23855437273074118,0
0,0.16169328022682133,0
0,0.46302543468121904,0
1,0.6125650929019948,1
0,0.7515169698688146,1
0,0.009630423116710106,0
1,0.8798498692692687,1
0,0.06409128943235272,0
0,0.019861887210483157,0
0,0.07132253585295541,0
0,0.03576471297145618,0
0,0.5766592022640865,1
0,0.5684274199615686,1
0,0.03412983435171434,0
0,0.04296073704514696,0
0,0.0030934423175080624,0
0,0.6295144011435658,1
0,0.8124195006581449,1
0,0.021449268168599028,0
0,0.08016798977113347,0
1,0.6601642084140777,1
0,0.10142899660451629,0
0,0.43301715515396066,0
0,0.31686780289380423,0
0,0.2936440232831677,0
0,0.007322385332023808,0
0,0.08255582389686322,0
0,0.0004238037861528915,0
0,0.008134602508753102,0
0,0.009016561458092416,0
0,0.199521386171585,0
0,0.24208270082402214,0
0,0.09554903956663141,0
0,0.016605744413284364,0
0,0.012350692041377368,0
0,0.5798385000340809,1
1,0.4897867216550075,0
0,0.04971290121508209,0
1,0.8576981225582966,1
0,0.026993594363914433,0
1,0.3908589662287493,0
0,0.1772367977549538,0
1,0.523941736231452,1
0,0.2891596496922245,0
0,0.1715843412918123,0
0,0.7434212053297675,1
1,0.9824109912311593,1
0,0.06395090805658153,0
0,0.11088060806939327,0
1,0.9646775740301553,1
0,0.133473424535212,0
0,0.12945999029237523,0
0,0.2820523100571315,0
0,0.03838912331878705,0
0,0.02445651807633316,0
0,0.0049295517792410344,0
0,0.03650484335519203,0
0,0.1196149991496529,0
0,0.6790764710280848,1
1,0.7481292866363491,1
0,0.00324962092033477,0
0,0.5214181360048183,1
0,0.170989325737559,0
0,0.042346421238678676,0
0,0.7024531080433479,1
0,0.024621982154953818,0
0,0.004180605466435694,0
0,0.24445895098379708,0
1,0.7628948544751929,1
0,0.025262247842165398,0
0,0.05115172081723809,0
0,0.7670857688213973,1
0,0.17691289483390563,0
0,0.6400165260201821,1
0,0.017900884083906818,0
0,0.3825943635720606,0
0,0.7614308379326209,1
1,0.8155439946758294,1
0,0.010891140680205776,0
0,0.09340343940967935,0
1,0.41151484742581995,0
0,0.4935987765391527,0
0,0.0005918631765595923,0
0,0.5049718156424475,1
0,0.005603284565044549,0
0,0.29296472838755944,0
1,0.8959183199531215,1
1,0.9913099623095482,1
0,0.016125320771203475,0
0,0.36547017861471576,0
0,0.02741828141225129,0
0,0.6106177266540603,1
0,0.2549555517583217,0
0,0.005279438094857752,0
1,0.8271761373797663,1
0,0.3316647433926445,0
1,0.8630399574650136,1
0,0.008222014863990103,0
1,0.8057734122622335,1
0,0.7254157713954235,1
0,0.11672388492659268,0
0,0.0942924178108544,0
0,0.09593429571979092,0
0,0.25119199771838785,0
1,0.9696212048559599,1
1,0.7926043611459925,1
0,0.41078657777965416,0
0,0.0015131580855579437,0
0,0.09231851779828851,0
0,0.010280714739755972,0
1,0.6971238578322743,1
0,0.17862174745052609,0
0,0.30769097974610893,0
0,0.26500008295114746,0
0,0.06510141551735368,0
0,0.6163632803023998,1
0,0.17317825505323342,0
0,0.4027642129065087,0
0,0.008372012025321236,0
0,0.25527243146140344,0
0,0.0003694190846338783,0
0,0.8294907233155138,1
1,0.7380921499274469,1
0,0.10843885763719024,0
1,0.8451075147881045,1
0,0.17672209561308497,0
0,0.2265897829703086,0
0,0.0022014342386149,0
0,0.25771667504087004,0
0,0.0037093097974273217,0
0,0.3215834394334053,0
0,0.017537046587591115,0
0,0.007656808034562052,0
0,0.08611054489192163,0
0,0.029730048825802637,0
0,0.6488530438799217,1
1,0.9849428048743486,1
1,0.9709284152227923,1
1,0.9736150485677685,1
0,0.003598150546640048,0
0,0.3012478448595795,0
0,0.01413643776064184,0
0,0.6332026391938973,1
0,0.5876577279457201,1
1,0.631978585755786,1
0,0.12884007592160193,0
0,0.39639306474848457,0
0,0.022757029440581934,0
1,0.702163251275872,1
0,0.7143256477176584,1
0,0.04245084545102459,0
0,0.444639517221286,0
0,0.16677111414399876,0
1,0.981796035077013,1
1,0.8264186204320212,1
1,0.9563535062066004,1
0,0.007294703185307215,0
1,0.8675992526073306,1
1,0.8734244735033732,1
0,0.19076111090178358,0
1,0.9016453538750486,1
1,0.6270874349932981,1
0,0.15605370903347768,0
0,0.00766194031727824,0
1,0.1185122473712514,0
0,0.35136930733828603,0
0,0.26125931917249684,0
0,0.14283350076049825,0
0,0.4231141058082288,0
0,0.005182228982258929,0
1,0.9090367090538926,1
0,0.06800079666106149,0
1,0.9907892075927396,1
0,0.09424910619683158,0
0,0.028709726422016503,0
0,0.047139698912144486,0
0,0.68469034377011,1
1,0.7492355551260762,1
0,0.0050545347169628965,0
0,0.015605513905893018,0
0,0.0022387734772364686,0
0,0.002909054094738789,0
0,0.692258423033192,1
0,0.21506731629931694,0
0,0.00038871860544162064,0
0,0.48293942291138325,0
0,0.4586600704689484,0
1,0.3309118025567655,0
0,0.01843678247156045,0
0,0.008964632747607958,0
0,0.22624984249794322,0
0,0.012302570492812527,0
0,0.29880917248177646,0
1,0.8951707404126089,1
0,0.002526195191581529,0
0,0.2796189849705533,0
0,0.11733542275238233,0
0,0.4493147264342349,0
0,0.003936711792024164,0
0,0.027345479985196725,0
0,0.0003139533974072933,0
0,0.023953234585108247,0
0,0.08567043841597248,0
0,0.5880108720608299,1
0,0.0807374338695405,0
0,0.014014198161028722,0
0,0.001797526768548315,0
0,0.14504094945425738,0
0,0.34656609908891656,0
1,0.8346413930286681,1
0,0.061947114777062426,0
0,0.006006279187087204,0
0,0.3997483865440855,0
0,0.8914013930784564,1
0,0.3936179639944711,0
1,0.6964567859074925,1
0,0.07753932028715699,0
0,0.0668486277747875,0
0,0.33695892981724285,0
1,0.9127672111243194,1
1,0.8609686910490558,1
1,0.4553440714020735,0
0,0.21682620307787748,0
0,0.016527516736543,0
1,0.9522212232364597,1
1,0.7987590919432971,1
0,0.4255503563863262,0
0,0.007661885143937829,0
0,0.2066654628947163,0
0,0.4607914663584761,0
0,0.04392240094664825,0
0,0.07774201213459782,0
0,0.00033653484424191774,0
1,0.7666136777852188,1
0,0.01069751612910307,0
0,0.35215248563644896,0
0,0.08682331116959804,0
0,0.016581893422146925,0
1,0.5286987752069554,1
0,0.43072151005012616,0
1,0.15138785938248278,0
0,0.30551716809766705,0
0,0.3489288720333213,0
0,0.20133834667660885,0
0,0.00326752913409407,0
0,0.10970706923667448,0
1,0.7283152519096034,1
0,0.6175417560578201,1
0,0.41981962371472387,0
0,0.0652266910170964,0
1,0.8681103276305081,1
1,0.7969110618518549,1
1,0.8336944603152586,1
0,0.040030530652648146,0
0,0.7155011742407349,1
0,0.8884263624569319,1
1,0.5763798230166923,1
0,0.4456621597786805,0
1,0.7750148626819116,1
0,0.13352218107262487,0
1,0.964368403291322,1
0,0.47425818610560205,0
0,0.4321059999502553,0
0,0.363372074086742,0
0,0.26349492261986074,0
1,0.8599612630276562,1
1,0.8663844051167683,1
1,0.6626046854491717,1
0,0.10585571801315351,0
1,0.5165151551945463,1
0,0.019797931016145968,0
0,0.21606431351322386,0
0,0.6751366970007587,1
1,0.8995686574062275,1
0,0.002651002299236398,0
1,0.7901539750922807,1
0,0.23849516886402294,0
0,0.02542226382736725,0
1,0.4430190303668514,0
0,0.007761087288991792,0
1,0.8949696527378281,1
0,0.5850016507984064,1
0,0.3347929695735861,0
1,0.468155602690747,0
1,0.5575932121537543,1
1,0.7327018216194151,1
0,0.028784627464055863,0
1,0.5182263739444911,1
0,0.2448827126760673,0
0,0.1804130632365878,0
0,0.4738766547729345,0
0,0.03954851749555996,0
0,0.2023345700159001,0
0,0.6267003980097413,1
0,0.014068180333969863,0
0,0.013820496901617246,0
0,0.35237630163186284,0
0,0.1994492820226988,0
0,0.30630791932720497,0
0,0.07304092763339717,0
0,0.08762391608662844,0
0,0.0038525677040823414,0
1,0.5688615873183864,1
0,0.6671077348319718,1
0,0.382564308161098,0
1,0.9915037880065929,1
0,0.018846186432796324,0
0,0.03142836358445634,0
0,0.20483549649172222,0
0,0.031011198123060132,0
0,0.0659595454424388,0
1,0.7478271380744523,1
0,0.1791489890232941,0
0,0.009513585527821252,0
1,0.9060170067052441,1
1,0.8041537934005417,1
0,0.1268729747555942,0
0,0.02317131393959495,0
0,0.04512032678615167,0
1,0.8128669324552555,1
0,0.69147471482002,1
0,0.0010328072795409934,0
0,0.0747691565684459,0
0,0.00976827448778317,0
1,0.540307978567974,1
1,0.7123404177505102,1
0,0.8190831348101425,1
0,0.008135112523981641,0
0,0.4401708805527584,0
0,0.24818754105029028,0
0,0.5344805937533028,1
1,0.7985734044713522,1
0,0.367144529757419,0
0,0.038195514606774415,0
0,0.2773453421458543,0
0,0.0006355449497825773,0
0,0.6001106782455309,1
0,0.11648341296305668,0
0,0.00037031830140321794,0
1,0.9239932952501714,1
0,0.16535997368786287,0
0,0.47655786439870107,0
0,0.0004595134320792653,0
0,0.05694339257922011,0
1,0.9322903270339077,1
0,0.09398953065732303,0
0,0.0008553932238354621,0
1,0.9924608808215946,1
0,0.492192141756598,0
0,0.7141913024931934,1
0,0.006784789919659192,0
0,0.6253029201460847,1
0,0.008488732835382169,0
0,0.7908944276608505,1
0,0.7852519907602518,1
1,0.3223692675009793,0
0,0.08319947033529948,0
1,0.887552751256383,1
0,0.06201136904515565,0
0,0.009957269970156484,0
1,0.7638346454490161,1
0,0.0006868084649194671,0
1,0.8633087524554118,1
1,0.8378384007506342,1
0,0.0005364537992841776,0
0,0.5645288045802963,1
1,0.7058449550971764,1
0,0.017591242108546172,0
0,0.26125424013907117,0
0,0.06613394579137183,0
0,0.38722132304104645,0
1,0.10388534238887417,0
0,0.1458261797450538,0
0,0.11363949203682379,0
0,0.2682287088368056,0
1,0.44524900450029475,0
0,0.48147345627020516,0
0,0.5797768322299943,1
0,0.15674330522916854,0
1,0.9947990146135809,1
0,0.042293460011688544,0
1,0.22285431704836375,0
1,0.8814496687149002,1
0,0.34643276033342185,0
1,0.3019524280559635,0
0,0.5924383622151005,1
0,0.7175839501794689,1
0,0.06678140191766503,0
0,0.00867331035725198,0
1,0.6920252372044484,1
0,0.03298007018214038,0
1,0.6287269609460906,1
1,0.6882768726552214,1
1,0.6258458653409282,1
0,0.001174086500182888,0
0,0.0057703568135959536,0
0,0.0019843421791178417,0
1,0.9819398347205801,1
0,0.03217075773903285,0
0,0.42885567209853337,0
1,0.6719246814256332,1
0,0.013085176657807786,0
0,0.47683197515750586,0
0,0.7443501498053244,1
1,0.8286488861789936,1
1,0.9325527727608534,1
0,0.35362762745226867,0
0,0.01861078379682751,0
0,0.16817150450432064,0
0,0.8007390040358172,1
1,0.8641090624273443,1
0,0.013273636281589717,0
0,0.05950824102084082,0
0,0.4816238535525318,0
0,0.7714023166188242,1
0,0.7131066892768311,1
0,0.00011355240411170126,0
1,0.4906304823051003,0
1,0.8585961919549024,1
1,0.7926244993619423,1
0,0.290787058040107,0
0,0.8086934019210226,1
0,0.6733471190740675,1
0,0.006906600709174193,0
0,0.0552628371649347,0
0,0.21801748981556376,0
0,0.6358029612369563,1
0,0.34460391791604505,0
0,0.008385050596048466,0
0,0.006061145509689536,0
0,0.023919190213932285,0
1,0.9072613395954803,1
0,0.015324274863446818,0
1,0.9238638630272811,1
0,0.1792247154808174,0
0,0.039969283903611964,0
0,0.1043096280430558,0
1,0.9338584053837019,1
0,0.031577665130847025,0
1,0.6103151265695062,1
0,0.0031304018468496717,0
0,0.9027540948685222,1
0,0.024153194657397528,0
1,0.7978444682311732,1
0,0.01651562945394702,0
1,0.8251362495387978,1
0,0.008493160920324715,0
0,0.27050007468019605,0
0,0.009382402784735532,0
0,0.11641504063922505,0
0,0.431995107789512,0
0,0.797182594384224,1
0,0.26922412807328183,0
0,0.1829044768039388,0
1,0.9346874136950724,1
0,0.06721232428141997,0
0,0.29835401848254683,0
0,0.292723966649648,0
1,0.46339329168869736,0
0,0.7727807349720567,1
0,0.001041801956339525,0
1,0.8353922407602861,1
1,0.8792368064762877,1
0,0.9048570866039163,1
0,0.055609835827664114,0
0,0.5046078089225264,1
0,0.4742210275116629,0
0,0.3418183783484709,0
0,0.40018545597587196,0
0,0.34839026966219466,0
0,0.25522359318662147,0
0,0.00039702551612330687,0
1,0.9145958115613698,1
0,0.37732275712604785,0
1,0.6520096344678283,1
1,0.8978225598083786,1
1,0.12011501383118327,0
0,0.7742714535867296,1
0,0.05984890356981511,0
0,0.4462114661125497,0
1,0.8780601118063436,1
0,0.16990774916323845,0
0,0.03059807714698542,0
0,0.07727425463163336,0
0,0.055085185881684706,0
0,0.518290924778837,1
0,0.0023659807807892537,0
0,0.015243451358451171,0
0,0.48065154801901105,0
0,0.036775956836689765,0
1,0.6423402903940018,1
1,0.1333493343188501,0
0,0.00196609252061636,0
1,0.7156922726989046,1
0,0.3035590304537247,0
0,0.6310681675732471,1
1,0.9929460848857539,1
1,0.3851256995740549,0
0,0.0008408082369539413,0
0,0.0005638433748203582,0
0,0.10417423617000167,0
1,0.6583044001097126,1
0,0.5662676155299523,1
0,0.11884167135264913,0
0,0.05153816027276283,0
0,0.2766103474401772,0
0,0.03510973798902505,0
0,0.36796358229746384,0
0,0.18917394185082695,0
1,0.868313734210373,1
0,0.020692725287230814,0
0,0.6402757689409414,1
0,0.8792021411036791,1
0,0.048419994236837516,0
0,0.542642681984762,1
0,0.015527001102533014,0
0,0.1372279991663143,0
0,0.0005092096632968254,0
1,0.6468440329216046,1
0,0.7403068882027309,1
0,0.17656602349570916,0
0,0.02430103585645286,0
0,0.21969207019013764,0
1,0.7883100501930297,1
1,0.8208899999529067,1
0,0.026695806415705677,0
0,0.036323688719339116,0
0,0.5599791755619972,1
1,0.7136959002134079,1
0,0.02729076895894113,0
0,0.024947825000765332,0
1,0.6444672848275036,1
0,0.5703363399552946,1
0,0.013422739392460682,0
0,0.46908428681551245,0
0,0.1071590496713174,0
1,0.8250469082732963,1
1,0.6894918863443202,1
0,0.389994626480734,0
0,0.00011355240411170126,0
0,0.4069717606315898,0
0,0.015558318238242294,0
0,0.7947135032090715,1
1,0.902989989259584,1
1,0.5896259175896874,1
0,0.12101915455606344,0
1,0.4153967521959247,0
0,0.08502519827790263,0
1,0.97943227557955,1
0,0.01605361831623877,0
0,0.22700732438332594,0
0,0.06526401145916978,0
1,0.9859341492707097,1
1,0.4557423269268866,0
0,0.032520834050562386,0
1,0.822712472608768,1
0,0.006948136307120017,0
0,0.00786065081035941,0
0,0.015347173683211385,0
0,0.21819267577945514,0
0,0.37761410746691176,0
0,0.45818905228326184,0
0,0.5576326574064266,1
0,0.033731055452598746,0
0,0.16645949413133032,0
1,0.7966313393517683,1
0,0.003657314534244475,0
0,0.007645602760826599,0
1,0.4491135867423832,0
0,0.00259553489915775,0
0,0.2011683386190607,0
1,0.8494769987655049,1
0,0.0024510380510148915,0
0,0.11829912184606756,0
0,0.0077400643931854005,0
0,0.06238643257243979,0
0,0.000269924451600967,0
0,0.10280621132224892,0
0,0.03176176812131901,0
0,0.0016277599344987008,0
0,0.2696677318260763,0
0,0.0031824232131118114,0
0,0.4709221552472952,0
1,0.20196685374073642,0
0,0.019619424125723383,0
1,0.9689553498027097,1
1,0.9288144566131461,1
0,0.010990929707896143,0
0,0.2537318675934479,0
0,0.03687226265289856,0
0,0.20954191801884453,0
0,0.017877941815845715,0
0,0.001320563033232103,0
0,0.5876072172465867,1
0,0.2015005281165658,0
0,0.11880737364294838,0
0,0.012938306860276685,0
1,0.20892620857344477,0
0,0.2780207692054307,0
1,0.973727377561416,1
0,0.195987810389905,0
0,0.15721702894722425,0
0,0.4089012558148976,0
0,0.0012530162242224683,0
0,0.007067248575570937,0
0,0.04451500659091361,0
1,0.9925381256922864,1
1,0.07218073455082911,0
0,0.011996930278221744,0
0,0.1488138848540959,0
0,0.09338034833749599,0
1,0.5952630628519023,1
0,0.05594957459552773,0
0,0.018906990247392383,0
0,0.11944157541886734,0
0,0.26270250412590485,0
0,0.039002388428377915,0
0,0.08371922791003034,0
0,0.464858157069251,0
0,0.6946329366143159,1
0,0.7097590716975556,1
1,0.8902883728420873,1
0,0.1952801983502681,0
1,0.9241764459477025,1
0,0.03405980532770259,0
0,0.8065090685687195,1
1,0.5061082663359813,1
0,0.7798110415024965,1
0,0.027115681818408798,0
0,0.14356706994011703,0
1,0.7184271275861756,1
0,0.31885413038778265,0
0,0.03706864099475301,0
0,0.13840899102149906,0
0,0.3475286300565521,0
0,0.30846500235079877,0
1,0.25704333216490016,0
0,0.6199552540876083,1
0,0.18270105304609432,0
0,0.1086158462335721,0
0,0.005242703914864303,0
0,0.0006819859675648846,0
0,0.4938766149333705,0
0,0.33222842380400064,0
1,0.27832933557489775,0
0,0.273389359195018,0
0,0.6846957214962914,1
0,0.014222782697602956,0
0,0.38841873357819495,0
1,0.7606155965081168,1
0,0.5503658412408265,1
0,0.045126784755161756,0
0,0.5180550516639822,1
0,0.7391970561530428,1
1,0.6314375691048943,1
0,0.5705122556161775,1
1,0.8032577329146963,1
0,0.0196242220984046,0
0,0.09704833215164328,0
0,0.619741882458855,1
0,0.04270457628836798,0
0,0.0038351707196899606,0
1,0.6766698073432798,1
0,0.01052648355854292,0
1,0.7989399975931094,1
0,0.4883822635285846,0
1,0.3134924816391472,0
0,0.024229119798467067,0
0,0.03794405200612608,0
0,0.016227752846063117,0
0,0.00251778748354755,0
0,0.22791686922749577,0
0,0.0029405705208782776,0
0,0.7130017891124044,1
0,0.08209674374276656,0
0,0.04238171103520425,0
0,0.7659845284437136,1
0,0.038873097646940295,0
0,0.2596720632762822,0
0,0.19325965011273125,0
0,0.01892576853527525,0
0,0.027320447860429968,0
0,0.13860157847539287,0
1,0.8458215229094525,1
0,0.055005427400081575,0
0,0.018591299795857812,0
1,0.7027117903251392,1
0,0.003904021823015955,0
0,0.10978592076337795,0
0,0.038180494309428235,0
0,0.2661410560179506,0
1,0.9176908858881359,1
1,0.6881886126555522,1
0,0.26890509055406087,0
1,0.9032866289827928,1
0,0.00035573229213917905,0
0,0.7309109094040575,1
0,0.3219996884345486,0
0,0.4049514452453007,0
0,0.062386874799739436,0
0,0.5453594972453107,1
1,0.8956923996541479,1
0,0.5776413329558504,1
0,0.6334685942620379,1
0,0.14277464977394289,0
0,0.041222806551391857,0
0,0.4582879314001001,0
1,0.6740172037251637,1
0,0.49232187623563267,0
0,0.0013662977787539977,0
0,0.05288482089412408,0
0,0.34904850209305077,0
0,0.062310377556776674,0
0,0.003643256937711103,0
0,0.0041967971777915666,0
0,0.7564297826205212,1
0,0.5205722696457254,1
0,0.5161913146056203,1
1,0.7407492065916056,1
0,0.43283576580013405,0
0,0.6866524386983048,1
0,0.523249907260722,1
0,0.02215856503163439,0
1,0.8431527770906696,1
0,0.3681610485180532,0
0,0.03371685213266635,0
1,0.8715533911750003,1
0,0.2764031835838036,0
1,0.7536849419148018,1
1,0.622969500249702,1
0,0.2437510359334234,0
0,0.29215259704344654,0
1,0.3763891579751367,0
0,0.20924405721186254,0
1,0.9369551415272459,1
0,0.20809847675462476,0
0,0.44905091332280106,0
0,0.001012901509615003,0
0,0.18383947071078213,0
0,0.3944702564627617,0
1,0.7958031056626006,1
1,0.7559845290030126,1
1,0.7206347982544323,1
0,0.5888186076580756,1
0,0.0009810437779690143,0
0,0.008696699755360499,0
0,0.0032442392840964854,0
0,0.02529307186723915,0
0,0.5015954066835242,1
0,0.0036104036689909736,0
1,0.8456930877681235,1
0,0.037507137163382,0
0,0.6179759476373773,1
0,0.3703222830456815,0
0,0.30140129808177757,0
1,0.983846862249531,1
1,0.69525915512568,1
0,0.04077630127218794,0
1,0.6654348809435282,1
0,0.09300597129188214,0
1,0.33230674685177414,0
0,0.6283231626325322,1
0,0.4169495521687267,0
0,0.01867918216428954,0
0,0.6580639555280999,1
0,0.5957879046931349,1
1,0.992209063881574,1
0,0.048493246791923586,0
0,0.027760396431751093,0
1,0.8561850408922705,1
1,0.8619808635094114,1
0,0.4769276113468362,0
0,0.5349927235016583,1
1,0.9170929319513194,1
0,0.24834700703542703,0
0,0.6272412840894391,1
0,0.44285731808672446,0
0,0.907955812941032,1
0,0.3863761734587123,0
0,0.020502192108112056,0
0,0.009673382733987303,0
1,0.5405791089928919,1
0,0.022069108799294676,0
0,0.0024241116819152435,0
0,0.9003683566547758,1
1,0.5250628887869362,1
0,0.07381161472848455,0
0,0.36054053136080505,0
0,0.07454872859174454,0
0,0.05472423520883286,0
1,0.8702678482068295,1
0,0.5260106722936755,1
0,0.36423873910266835,0
0,0.08532478162115766,0
0,0.021108299783856335,0
0,0.7448593895456285,1
0,0.436119114957256,0
1,0.5312239677339786,1
0,0.005387440121010431,0
1,0.7442106466312435,1
0,0.5113938791409187,1
0,0.5123166184957005,1
0,0.23873298828792505,0
0,0.2896132532689418,0
1,0.8028752811256394,1
1,0.6322179181937224,1
0,0.0005863691460180262,0
0,0.7504668098070384,1
0,0.39085328170334616,0
0,0.015001582194290677,0
0,0.3460617729583658,0
0,0.47582202746149826,0
0,0.11055164752325967,0
1,0.876682682338002,1
1,0.7525225310723411,1
0,0.8026060236696361,1
0,0.6245315806359806,1
1,0.8202115924699757,1
1,0.9460695024410398,1
0,0.01472967595831112,0
0,0.13951507082458106,0
0,0.8621984248174764,1
0,0.11578983544054326,0
0,0.7919546954880602,1
0,0.6811482920007904,1
1,0.6948903356330862,1
1,0.4420156624860766,0
0,0.02750734438975035,0
0,0.7988728574128588,1
0,0.01723890991594156,0
0,0.02311625420691659,0
1,0.8349346469416813,1
1,0.5162335867815465,1
0,0.37167453502750786,0
1,0.7534841421608733,1
0,0.2420177536569531,0
0,0.03564354639201395,0
0,0.4100946090527794,0
0,0.3770656830243456,0
1,0.9796609012658517,1
0,0.4083318193218358,0
0,0.00159393537518885,0
0,0.001670522905184377,0
0,0.6210912756770116,1
0,0.02700652457548312,0
0,0.3969414819776175,0
0,0.011050959610360282,0
0,0.10625483326853473,0
0,0.020515125714536335,0
0,0.3050680461253471,0
0,0.00942634881558115,0
0,0.81263610010137,1
0,0.06981397392619342,0
0,0.6756346050434625,1
1,0.8322002674893721,1
0,0.7677270290983048,1
0,0.12621508518442745,0
1,0.6834514461912666,1
0,0.0015648594731430014,0
0,0.18389839762076907,0
0,0.02129787069337907,0
1,0.7283857833876801,1
1,0.4710421264686516,0
0,0.017170474703155053,0
0,0.17179531212175067,0
0,0.5011063275648611,1
0,0.6662623091973763,1
0,0.46057340001031727,0
0,0.5782775481631245,1
0,0.03623830012791098,0
0,0.04835660958576385,0
0,0.21586138885619874,0
0,0.17310026401777998,0
0,0.2590789648793133,0
0,0.47528585582851385,0
1,0.6032238771135823,1
0,0.08226380644937095,0
0,0.5571425872711815,1
0,0.16784046484486678,0
0,0.0018615662628343466,0
0,0.38436750120669944,0
1,0.9575453021906853,1
0,0.22603283896471713,0
0,0.1417334885297736,0
0,0.15203374311359324,0
0,0.062404811775079644,0
1,0.37327178368838565,0
0,0.5636468670950397,1
0,0.00022098199411837882,0
0,0.002282899311533103,0
0,0.1415379416547874,0
0,0.19519637925101513,0
0,0.004256437287398817,0
0,0.0024312772175718424,0
0,0.1044476261619398,0
0,0.008570628671277516,0
1,0.2644242480220847,0
0,0.004671883213198366,0
0,0.47704434528466105,0
0,0.0023900222298958366,0
1,0.9135151709532412,1
1,0.35405322331337297,0
0,0.02881701800068537,0
0,0.21697101007288266,0
0,0.029718863179390667,0
1,0.5974471653723514,1
0,0.030804164310392526,0
1,0.9197174273041991,1
0,0.15871971152566894,0
1,0.3959888090448904,0
0,0.01569970047917479,0
0,0.014728829156545966,0
0,0.1190135835584991,0
1,0.33301678164101683,0
0,0.1387521421265226,0
0,0.168225613275165,0
0,0.12045110147625758,0
0,0.36835462338319763,0
0,0.628684421445424,1
0,0.9050514684913717,1
0,0.8336881603903615,1
0,0.7622382916672925,1
0,0.0024425562596065904,0
0,0.42180324552336673,0
1,0.2831831469090541,0
0,0.23398537970367278,0
0,0.017941520471512266,0
0,0.3087333796036729,0
0,0.0012320387023195406,0
0,0.6385034396843653,1
0,0.6432548260725331,1
0,0.5514619930751227,1
1,0.9058121626426847,1
0,0.017819971639029295,0
0,0.7958748858537238,1
1,0.8466108479343862,1
1,0.3016184650243289,0
1,0.7386498051387834,1
1,0.9631587832960122,1
0,0.1543300699883931,0
0,0.404591519422132,0
0,0.1290132892126461,0
0,0.0019031958269961958,0
0,0.000857286728581285,0
0,0.024760821182661267,0
0,0.1599649915420511,0
0,0.03195610653744542,0
0,0.08906988518315573,0
1,0.49401068183538,0
1,0.9764458803106807,1
0,0.7956818799544362,1
0,0.620564985040444,1
0,0.3809662458963646,0
0,0.0006182410617572402,0
0,0.17916290612468516,0
0,0.1785268856039737,0
0,0.15203600864710448,0
0,0.08911404135273585,0
0,0.0059130847338856995,0
0,0.36067807763604987,0
0,0.024711179189942974,0
0,0.13316020233194123,0
1,0.7384655751366117,1
0,0.011063306686836244,0
1,0.7273794583553271,1
0,0.05854439331393614,0
1,0.9932414869678953,1
0,0.014257233450279416,0
0,0.6321828580397401,1
0,0.5198642096622337,1
1,0.8069558600939954,1
0,0.07410653249207755,0
0,0.09861670270904982,0
0,0.0013973646846190332,0
0,0.05888242420050478,0
0,0.1084036849720049,0
0,0.5660446201548538,1
0,0.00026156544441616555,0
0,0.033305850334474196,0
0,0.18608036076205609,0
0,0.1356653831845409,0
0,0.12227962109164804,0
1,0.8443176532578566,1
1,0.7781832505991961,1
0,0.012496931959324527,0
0,0.7007362321057201,1
0,0.006615614841847197,0
0,0.01951147405845471,0
1,0.7424724472665711,1
0,0.29590266314258934,0
0,0.04095227909602597,0
1,0.8138441884548001,1
1,0.893002107221076,1
0,0.6348296421620497,1
0,0.1148568215440888,0
1,0.8535760460575004,1
0,0.48997650142329263,0
1,0.9639275749025592,1
0,0.14819017075849225,0
0,0.08015044043694455,0
1,0.6133031340058628,1
0,0.002480524172859086,0
0,0.06095060274899104,0
1,0.9714334434350537,1
0,0.18002032224093023,0
0,0.8365691165989078,1
0,0.1227167883075685,0
1,0.20050747335184116,0
0,0.007516617044711266,0
1,0.9448700273683687,1
0,0.4547108052317583,0
0,0.0517297737806923,0
0,0.31154243959054173,0
0,0.013320922540603424,0
0,0.03005695489281438,0
0,0.7894959965687812,1
0,0.45882562295758683,0
0,0.040076667597814856,0
0,0.060373487774602136,0
0,0.5968930760700523,1
0,0.013518433372668372,0
1,0.87399320041491,1
1,0.6497434970716318,1
0,0.34268811431551216,0
0,0.04242803666897588,0
0,0.12126341300110037,0
0,0.3077972769874424,0
0,0.673808200597556,1
0,0.19979725012669702,0
0,0.5695113023614929,1
1,0.747191168059665,1
0,0.10976054754225532,0
0,0.0015147634520056858,0
0,0.002998087944135274,0
0,0.5700913622568335,1
0,0.3046129522012745,0
0,0.5880973141873141,1
1,0.4364150210437999,0
0,0.15777804524719993,0
0,0.18833257762038036,0
0,0.5815275456477108,1
0,0.026761339342698774,0
0,0.5293071899329337,1
0,0.0026165479735474903,0
0,0.30271008931135834,0
0,0.037127084227306505,0
0,0.336281654103223,0
0,0.11478320734761821,0
0,0.09595584810779331,0
0,0.8408615514348587,1
1,0.8834576155581461,1
0,0.17003218964590672,0
0,0.09133710305019806,0
0,0.10898593293550327,0
1,0.8003825945899794,1
0,0.44698504210799134,0
0,0.23793158709578302,0
0,0.3751236269554638,0
0,0.224347634706683,0
0,0.008981168282487295,0
1,0.9362572518119862,1
0,0.4778900560452347,0
0,0.007469173103175553,0
0,0.0021441073372232525,0
0,0.00442313785757261,0
0,0.7797820715992128,1
0,0.14413895418440692,0
0,0.006577567145051632,0
0,0.3954974245851247,0
1,0.6157488158282239,1
0,0.04641188449867058,0
0,0.26358059900530706,0
0,0.550011297571054,1
0,0.20368308957115724,0
0,0.12798772818028928,0
1,0.9108501444519065,1
1,0.5514245428924994,1
0,0.00037370638773246816,0
0,0.09521783121679439,0
0,0.0461622413118548,0
0,0.04959790275375621,0
0,0.17397584086995674,0
1,0.9820632001250689,1
0,0.2187812868593835,0
0,0.35141279899946215,0
0,0.03839435448496642,0
0,0.07756050005664468,0
0,0.2821075387975791,0
0,0.034473818305863234,0
0,0.5757438022826377,1
0,0.006176906286693061,0
0,0.0605673072005413,0
1,0.7641471918161613,1
0,0.08671064973638208,0
0,0.09234820210339612,0
0,0.21267582983727654,0
0,0.4897835407383618,0
0,0.007678111555805992,0
0,0.14568043622257323,0
0,0.10655686775071915,0
0,0.031028964626844478,0
1,0.9954001823636099,1
0,0.08625461954578893,0
0,0.04213754853451818,0
0,0.09002130446828388,0
0,0.5702433850022343,1
0,0.04845758400369536,0
0,0.07479635893177142,0
0,0.004245536049638024,0
0,0.09492389096023157,0
1,0.9389139676284735,1
1,0.916453649196056,1
0,0.02181531683512018,0
1,0.8485659947744583,1
1,0.4934738707340031,0
0,0.06974092090296363,0
0,0.7259942917993701,1
1,0.8277333173878816,1
0,0.029750022084320368,0
0,0.11072095172076876,0
1,0.9904604918844082,1
0,0.3727763404201998,0
1,0.6241246441398479,1
0,0.21082741292984297,0
1,0.7083225497094067,1
0,0.37340104734558616,0
1,0.26126874308600984,0
1,0.810679279183427,1
0,0.04651871280313506,0
0,0.002304023554742285,0
0,0.007519389263174102,0
0,0.2828911049190334,0
0,0.011169166836431162,0
0,0.006047281496503256,0
1,0.684424308067258,1
0,0.5150674204460396,1
0,0.037155818400483404,0
0,0.0002810475876672153,0
0,0.0041797044320379265,0
0,6.794237751860983e-05,0
0,0.42886276649536237,0
0,0.0003422506215914544,0
0,0.5941449161796472,1
1,0.8129217388292508,1
0,0.8895708812082904,1
1,0.1769022941423781,0
1,0.9278594990330165,1
1,0.8875931602035534,1
0,0.0178974901800848,0
0,0.3211693456312161,0
0,0.38833506486085095,0
0,0.013969339697985944,0
0,0.5546169966514686,1
0,0.5147401875966461,1
1,0.9735884056635249,1
0,0.7464774911609185,1
0,0.22450402681640932,0
0,0.026108751690204483,0
0,0.37705666135996746,0
0,0.3155199682664237,0
1,0.5774250345003153,1
0,0.2356150091030048,0
0,0.2735656969301055,0
0,0.3888472231187399,0
1,0.8469675570760044,1
1,0.33524103213702333,0
0,0.33871789337865577,0
1,0.9825116594419037,1
0,0.047961033262761556,0
0,0.1298768455411893,0
1,0.7444305329870811,1
0,0.010173024910374572,0
0,0.6442128293846425,1
0,0.10120457177375813,0
0,0.24405378312759243,0
0,0.19471827706016803,0
0,0.14501963549198546,0
1,0.673450967078989,1
0,0.6018820119773146,1
1,0.565802178174139,1
0,0.2135780612488594,0
0,0.0561688166611598,0
0,0.6878623736319888,1
1,0.6923390368635927,1
0,0.021723841343239167,0
0,0.1864720070133014,0
0,0.10449319114074007,0
0,0.03670028322741428,0
1,0.9315496403873011,1
1,0.4002667297044045,0
0,0.5239245476387602,1
0,0.01552133218348451,0
1,0.8324349595030354,1
1,0.48294205988118166,0
1,0.5039779390896442,1
0,0.046091892225952835,0
0,0.40689778174551594,0
0,0.8937905815911229,1
0,0.02984781987705535,0
1,0.7327235040054014,1
0,0.4500395754656167,0
0,0.3578109247835569,0
0,0.0006581222472602715,0
0,0.044630420028857476,0
0,0.11096587753726837,0
1,0.9794507962782526,1
1,0.9540549253441606,1
0,0.1384575559565098,0
1,0.8853609483455686,1
0,0.00484087847526507,0
0,0.019276732434840918,0
0,0.12871850058675532,0
0,0.006512261403770715,0
0,0.36596376795945207,0
0,0.017815729839877604,0
0,0.00026234749804655036,0
0,0.020381041478011282,0
0,0.2643585560571407,0
0,0.07008298345647566,0
0,0.04607734781665231,0
0,0.2902591925240532,0
1,0.6839694650751604,1
0,0.01221721390158031,0
0,0.23433926761795065,0
0,0.04106047333385956,0
1,0.6086323863281805,1
1,0.9113914660804473,1
0,0.6149813056489178,1
0,0.15395122602776087,0
1,0.49880783875808316,0
1,0.8360207639579116,1
0,0.4079411113562323,0
0,0.2169709449130608,0
0,0.23014793978850273,0
0,0.6377401238809471,1
0,0.04926159812950856,0
0,0.7037979363628076,1
0,0.1630679149597729,0
0,0.047890202799343765,0
0,0.09839513908060799,0
0,0.08138464272712347,0
0,0.003446718126703913,0
1,0.7841647880334618,1
0,0.07743595627429013,0
0,0.013457245377502374,0
0,0.3330729424022908,0
0,0.015437288178915438,0
0,0.7302057606591179,1
0,0.007924195234337943,0
0,0.002992801530863286,0
0,0.027444711630495052,0
1,0.9004026997264958,1
0,0.057661613390674694,0
0,0.0006035645797613361,0
1,0.9265880039278972,1
1,0.7013603902766331,1
0,0.0019046611960592268,0
0,0.47523609103318165,0
0,0.06588342358300224,0
1,0.6839936085283217,1
0,0.0683663464448905,0
0,0.002103725933823658,0
0,0.4641277361951712,0
1,0.3339039783928759,0
1,0.8037826112097494,1
1,0.4348993678594559,0
1,0.30268303354251264,0
0,0.42494275425363504,0
0,0.03582406055634479,0
0,0.5077700360199219,1
1,0.13701727391544538,0
0,0.1883525459954557,0
0,0.41359474401055624,0
1,0.759139340776853,1
0,0.0009926491922998134,0
0,0.006448652875412986,0
1,0.39987070161686095,0
0,0.44505406801998587,0
0,0.6092357644102697,1
0,0.024742877593624646,0
1,0.6497105525049807,1
0,0.10157313036378757,0
1,0.31056210720822647,0
0,0.7027022607354703,1
0,0.45523640668071264,0
0,0.5306270416977938,1
0,0.009654403709547283,0
0,0.1717989110049578,0
0,0.05739138173442189,0
0,0.03749956114950861,0
1,0.8475033028848102,1
0,0.24324358765208198,0
0,0.04058076750055658,0
1,0.9337599542606775,1
1,0.26064882268013684,0
1,0.8663576271329129,1
1,0.5701793862889357,1
0,0.004686511396981256,0
0,0.022055001937368396,0
0,0.106570839141007,0
1,0.8779942739551795,1
1,0.14065265454881593,0
1,0.29017374319294065,0
0,0.27044873115214507,0
0,0.03541706630529724,0
0,0.316192844724595,0
0,0.5219040230792864,1
0,0.1050078273189504,0
0,0.17196808551552636,0
0,0.01771841451821642,0
0,0.012492147873618888,0
0,0.00027213932342078014,0
0,0.04485728393506964,0
0,0.14016145497731075,0
0,0.4677340261904561,0
0,0.24806599660122705,0
0,0.44368992104371235,0
0,0.00011951500520757799,0
1,0.6805737143374969,1
0,0.08027107304131414,0
0,0.41135274393737425,0
0,0.058875889735875674,0
0,0.7141781666520163,1
0,0.11817545029971879,0
0,0.020989055017912216,0
1,0.9606547680549344,1
1,0.7916805405563055,1
0,0.00023967246711584738,0
0,0.0011168930422152934,0
0,0.8974098238484023,1
0,0.6638212133982107,1
0,0.005690538603790783,0
1,0.9039617863040761,1
0,0.2511653521046393,0
0,0.025512498212981384,0
0,0.6813609449543382,1
1,0.6796388110744077,1
0,0.01120312024925774,0
1,0.8520279272847027,1
0,0.17914633810996955,0
1,0.5906553613529804,1
0,0.09371165015421604,0
0,0.24426106710283454,0
0,0.21108069554151127,0
1,0.9933731968938525,1
0,0.012104787005154468,0
0,0.04335503837808273,0
1,0.7438165166124332,1
0,0.003346726818262857,0
0,0.7664700325810359,1
0,0.06982035357155016,0
0,0.017732719908188824,0
0,0.031187346496148707,0
0,0.008412744326352247,0
0,0.5508521767271285,1
0,0.020751098493673216,0
0,0.008340736761282753,0
0,0.01004462028180955,0
0,0.03347823406934277,0
1,0.9428279472369269,1
1,0.8695877129834774,1
0,0.5769072535614985,1
1,0.9331065646436104,1
0,0.0003330094054570519,0
0,0.03737551853887317,0
1,0.9842946527483546,1
0,0.7000866495394934,1
0,0.0022139505177294293,0
1,0.9761902845557152,1
1,0.8901395953886035,1
0,0.3066783934735092,0
0,0.0962745814793714,0
0,0.008437828026279074,0
0,0.006668482086093694,0
0,0.14954891349138097,0
0,0.14868723037363663,0
1,0.26782998765892335,0
1,0.9751607069854081,1
0,0.0016129414573981607,0
0,0.02709236202903847,0
1,0.911500300768631,1
0,0.20977188694822557,0
0,0.13731288890646354,0
0,0.3837325673612316,0
0,0.4834653885280487,0
0,0.22606998940601467,0
1,0.6704016979066761,1
0,0.5371295059035675,1
1,0.9611062989327096,1
0,0.0064639316310568596,0
0,0.11159074634303949,0
1,0.7613844292124661,1
0,0.48454487922977096,0
1,0.6505427135619768,1
0,0.2086813271352298,0
1,0.7968257044487053,1
0,0.4344639745090342,0
1,0.5479658687869047,1
0,0.6187881321279434,1
0,0.2754910391765177,0
0,0.0027317546917381657,0
0,0.03086043666242714,0
0,0.002838119281668574,0
0,0.5104727957355344,1
0,0.2999960410205128,0
0,0.019684954689022746,0
0,0.646788581738191,1
0,0.1772758299144868,0
1,0.13401140857775615,0
0,0.23714791964563153,0
1,0.589172522718784,1
0,0.29718173905211714,0
0,0.41453514633468735,0
0,0.24209116745845444,0
0,0.24995225138165555,0
0,0.17410972275288183,0
0,0.2058142593261087,0
0,0.0021699716138655627,0
0,0.030264466457848388,0
0,0.8229544996665643,1
0,0.006658175526308032,0
0,0.0008568479751253229,0
1,0.9851985428544157,1
1,0.4406299339676399,0
0,0.0053076654330785995,0
0,0.2839106277494896,0
0,0.014989432054251997,0
0,0.14546687459960053,0
0,0.036434596819471865,0
0,0.15876898157439603,0
0,0.03659531892092175,0
0,0.0968412930511879,0
1,0.5663864562653941,1
0,0.038860580636652035,0
0,0.1937516543706606,0
1,0.6609037054723,1
0,0.09064327192596135,0
1,0.8239083235616421,1
1,0.5714715222922515,1
0,0.21103041484121796,0
0,0.009312293004654944,0
0,0.06255564757562403,0
0,0.3259750795760365,0
0,0.028093983909453932,0
0,0.5959002489768833,1
1,0.7644431553676166,1
0,0.025247304442205798,0
0,0.2640886652015406,0
1,0.7735743813837823,1
0,0.8456213662480481,1
0,0.5705224543036939,1
0,0.007278076529202909,0
0,0.10812722602026412,0
0,0.020874916708010085,0
1,0.884718113271306,1
0,0.16432398518269367,0
0,0.09073007246211055,0
1,0.889587778761502,1
0,0.8416400449352758,1
0,0.36428303290096525,0
0,0.1791738177877585,0
1,0.6650850032689536,1
0,0.09562377812796621,0
1,0.830944643200546,1
0,0.07001423214741993,0
0,0.00568451047652844,0
0,0.21758227476485084,0
0,0.0022139505177294293,0
0,0.2500186144769423,0
0,0.5157250477823832,1
0,0.5684788954019873,1
1,0.6904408937184937,1
0,0.35357626706627227,0
0,0.009630451638570594,0
0,0.05675337182183582,0
0,0.05352647846118221,0
1,0.7346004187268644,1
1,0.6408944503537783,1
0,0.6766808625009482,1
0,0.43722543532645813,0
0,0.22874597115472747,0
1,0.7049478073666338,1
0,0.005229010212247176,0
0,0.19426668806290373,0
1,0.979365764447258,1
0,0.31699370604502886,0
1,0.6344014920629704,1
0,0.6639103502534303,1
0,0.030534347134912928,0
0,0.11197487435521275,0
1,0.0010102869617427748,0
0,0.15381130968052745,0
0,0.0005952319953045171,0
0,0.7761591823879121,1
0,0.5546568685397241,1
0,0.001275119804257073,0
0,0.6094116419468146,1
1,0.9656705721295337,1
0,0.01195437842553901,0
0,0.6777754183469352,1
0,0.19457482110293023,0
0,0.12677473487237806,0
0,0.0012711765216911158,0
0,0.3348529363322321,0
0,0.03203778487039197,0
0,0.0232383834768755,0
1,0.9803203718108633,1
0,0.02731181721866551,0
0,0.24901272890510284,0
0,0.5143114888419916,1
0,0.7118943885774134,1
1,0.837054695631193,1
0,0.03347950049786632,0
0,0.018042220173769715,0
0,0.7675576149850329,1
0,0.21009229475090044,0
0,0.0010661141496724025,0
0,0.002348321152086985,0
0,0.004841270964830261,0
0,0.5165202199377232,1
0,0.21222888602013892,0
0,0.10386014846616727,0
0,0.013225435993440967,0
0,0.4112845017301695,0
1,0.9488704290175143,1
0,0.042713322123225865,0
1,0.9093567269095797,1
0,0.023710825021343696,0
0,0.28817763731409385,0
0,0.5635787127416744,1
0,0.032626302112474775,0
0,0.08392796369709583,0
0,0.0011132443721415864,0
1,0.7432376117799104,1
0,0.4068545420469991,0
0,0.04487153311369844,0
0,0.4573037391454658,0
1,0.7313297249764292,1
1,0.7930645730426856,1
1,0.7722415923569494,1
0,0.011846667844292865,0
1,0.7162236882361037,1
0,0.49387154089163365,0
0,0.6183029884422598,1
0,0.010501691075413211,0
0,0.5687101399301177,1
0,0.40283948836645883,0
1,0.6300514701676613,1
0,0.6883361666146197,1
0,0.5722358552238521,1
0,0.023271195571574477,0
0,0.06492908675950003,0
0,0.09500877181056319,0
0,0.4117391616277946,0
0,0.006171575398349955,0
1,0.7608574980987459,1
0,0.8553438443403176,1
0,0.0020550473657142726,0
0,0.0002998341908824824,0
0,0.024713824797982918,0
0,0.08445910692964781,0
0,0.17411652871615216,0
0,0.009887935329082616,0
0,0.0028205485676779667,0
0,0.03207283391052102,0
0,0.527820981436597,1
1,0.9781341931740968,1
0,0.27973852218594775,0
0,0.010403655601961003,0
0,0.030727191866440306,0
1,0.9889542108937561,1
0,0.5171364986752106,1
0,0.25303932325343154,0
1,0.7038459941683037,1
0,0.48719503719414936,0
0,0.3378218335690677,0
0,0.0024457189668619437,0
0,0.004229777715952023,0
1,0.8177211720338107,1
0,0.23674750885463552,0
0,0.6999927169517219,1
1,0.8479490409373884,1
0,0.021868356094806675,0
0,0.006741230436708647,0
0,0.10604151710537375,0
0,0.3769088878591526,0
0,0.1092323732027106,0
1,0.9824669968719796,1
0,0.04057112991427913,0
1,0.8132279278295085,1
0,0.6067008127555529,1
1,0.7959334470772037,1
0,0.8203583070717387,1
0,0.09926068752923085,0
0,0.1488077995118732,0
0,0.49881705606610127,0
0,0.1910965420362118,0
0,0.6666889464098747,1
0,0.7439645097791094,1
0,0.02100537782097496,0
0,0.01794346167497738,0
1,0.9916492577371921,1
0,0.08146917182756813,0
0,0.4816367420592861,0
0,0.026411520687966705,0
0,0.14515946538486107,0
0,0.24128734974684857,0
0,0.3533129073491768,0
0,0.3875715303788632,0
0,0.01161799876540444,0
0,0.0008380959605430046,0
0,0.14962873518655093,0
0,0.4291649683186232,0
0,0.02148118116842165,0
0,0.4097461553003363,0
0,0.2592312575993419,0
0,0.1688508712035422,0
0,0.07276545647396006,0
0,0.4113154649960261,0
1,0.8686735026855535,1
0,0.41842536116362433,0
0,0.5342310302240001,1
0,0.3467124563591186,0
0,0.020524122664919684,0
1,0.4320692986155487,0
0,0.17234685904587668,0
0,0.4058943150175925,0
1,0.2768035398361536,0
0,0.10417132899554715,0
0,0.0023108338055377294,0
0,0.3363073829357305,0
1,0.8888171252644799,1
0,0.058676910372226276,0
0,0.06457082765558787,0
0,0.09446994634234693,0
1,0.8979804208540774,1
1,0.606158724770098,1
0,0.7168396527390682,1
1,0.9118627495872356,1
0,0.2988920301590894,0
0,0.00019542756931746106,0
1,0.6857929685016982,1
0,0.03775065061524418,0
0,0.4757377569303842,0
0,0.10903468706544887,0
0,0.07988833653156799,0
0,0.14306405726404112,0
0,0.6174045476894781,1
1,0.9039384352265171,1
0,0.12690153426761255,0
0,0.0030302731485291,0
0,0.12360296259878088,0
0,0.1798204878170963,0
0,0.6514166266126871,1
0,0.017129745012041786,0
0,0.016872534851479586,0
0,0.3242137412491217,0
0,0.284470025462725,0
0,0.25741605557073344,0
0,0.08313897149051785,0
0,0.01592426263430454,0
0,0.005073259059794042,0
0,0.0644309445260205,0
1,0.9931473493191547,1
0,0.3186070146109076,0
0,0.03274830104398786,0
1,0.6041088065381623,1
0,0.3066013481254441,0
0,0.03210616226149534,0
0,0.4943074275515852,0
0,0.08207971189307675,0
0,0.6098112540530489,1
0,0.05043103094152899,0
0,0.33581659330259817,0
1,0.3762231042332915,0
0,0.016171124913881448,0
1,0.5903479050471689,1
0,0.4142395667767773,0
0,0.35104529106807486,0
0,0.6188683887829385,1
0,0.08054669233488575,0
1,0.23397543758844772,0
0,0.16973524302384427,0
1,0.6740623674594385,1
0,0.3545279187960445,0
0,0.0017815790888969407,0
0,0.14862566818849868,0
0,0.1061069462948637,0
0,0.6722479839135228,1
0,0.5073615442232251,1
0,0.0041770745729642214,0
0,0.13033079903844746,0
0,0.06357140798604578,0
0,0.11151652620477658,0
0,0.44692438022511494,0
0,0.7158476662227246,1
0,0.01674125646247475,0
0,0.3631924876231547,0
0,0.0006035645797613361,0
1,0.7184863755801308,1
1,0.628887204443144,1
1,0.7618586797003236,1
0,0.4097883107658468,0
0,0.20925265160306214,0
0,0.52716159782139,1
0,0.08580251749697648,0
0,0.12464130579814897,0
0,0.20911673440447595,0
0,0.27425744435128896,0
1,0.8373266953935123,1
0,0.015096829658182683,0
0,0.04707589149920681,0
0,0.017770847429358583,0
0,0.1655808055761496,0
0,0.03378854681025047,0
1,0.9620797296366848,1
0,0.7994294924455444,1
1,0.46798180777768456,0
1,0.9823713762371411,1
0,0.037785546107535706,0
1,0.7651826324608242,1
0,0.06910605201386169,0
0,0.210739224202869,0
1,0.7895859322260206,1
1,0.9074493034160381,1
0,0.04137607695828792,0
0,0.019166099115081003,0
0,0.6824172181686021,1
0,0.0005233594494504049,0
0,0.027842200100529783,0
0,0.03891840150534595,0
1,0.9575011265260145,1
0,0.09431544624807507,0
0,0.04170981436291898,0
0,0.23399409952660505,0
0,0.05404233990291781,0
1,0.25418795717654497,0
0,0.00870313169799556,0
0,0.5971685646256828,1
0,0.0472411524611456,0
0,0.6270045102473653,1
0,0.14529017051500398,0
0,0.024801183550307686,0
0,0.24369479357704005,0
0,0.2327349355305384,0
0,0.04566110375267012,0
1,0.8776156772198929,1
1,0.7576148118635888,1
0,0.3033517007786481,0
0,0.5001697758481902,1
1,0.9919741024312204,1
0,0.11171533666391821,0
1,0.9704640238139037,1
0,0.6823561694789826,1
1,0.9953206115073505,1
0,0.07557342746499675,0
1,0.9566645767785976,1
0,0.180000332558987,0
1,0.9908082033101742,1
0,0.0010569121741860193,0
0,0.5363614646337298,1
1,0.9945380457877901,1
1,0.9025172295219274,1
1,0.9095053617625231,1
0,0.27687720737209526,0
0,0.006128018955606422,0
0,0.6358435923454852,1
0,0.54355376566827,1
0,0.6501546941148756,1
0,0.8962469877353195,1
0,0.003230837693272794,0
1,0.9353093744672104,1
0,0.0033419334370863108,0
1,0.9750877379660604,1
1,0.9008173161106441,1
0,0.0914889166665689,0
0,0.09525923308537669,0
0,0.12819704423634087,0
0,0.07220616285101157,0
0,0.2128678708079214,0
0,0.04521775981152267,0
1,0.9925910545110287,1
1,0.4158348373055088,0
0,0.312943933307039,0
0,0.024952143028952798,0
0,0.27936492359350906,0
0,0.32843538866719024,0
0,0.003476049287977165,0
0,0.8025331084863834,1
1,0.46013597121262584,0
0,0.7135689822901415,1
1,0.49556506775112447,0
0,0.05296828527739964,0
0,0.05529201557362711,0
0,0.8042636251838658,1
0,0.5062644134806353,1
0,0.01410916615269833,0
0,0.026400957224563894,0
0,0.17620400504464936,0
0,0.05962804963177659,0
0,0.39385537319331215,0
0,0.007026649174828211,0
1,0.9228087895885394,1
0,0.14727512226726308,0
1,0.7533913902544154,1
0,0.4462579201492563,0
1,0.3095215817212364,0
0,0.7905644120581377,1
0,0.5169261581854996,1
0,0.001791771804527913,0
0,0.34101917734269727,0
0,0.18072389392379756,0
1,0.6455590063475298,1
0,0.24336857590399621,0
1,0.27346123444892856,0
0,0.05754665302297963,0
0,0.4974751384307605,0
0,0.10627081434788797,0
0,0.456610324272918,0
1,0.7574181615270906,1
0,0.4018239103389235,0
0,0.0673954378453442,0
0,0.23783555252480212,0
1,0.3685562390532976,0
0,0.2694292330598087,0
0,0.13626614745018542,0
0,0.0135198506624447,0
0,0.026096943655587637,0
0,0.0005662160951053547,0
0,0.7271483521596591,1
1,0.6174456182120013,1
0,0.14825479715647522,0
0,0.11393035600177642,0
0,0.005832897178767574,0
1,0.8491525742456282,1
0,0.24563836804870018,0
0,0.26997709132994147,0
0,0.0057365713530538945,0
0,0.00018173834562218083,0
1,0.8370002932787952,1
1,0.5865541790810354,1
0,0.26531536947855816,0
0,0.7843137509105172,1
1,0.7731941014074767,1
0,0.13352477704206903,0
0,0.01203527956043305,0
1,0.7076452841867178,1
0,0.1627532807072999,0
0,0.013558022345668901,0
0,0.011709656068195684,0
0,0.2830566222572158,0
0,0.0695537845431613,0
0,0.005501377436943941,0
0,0.42740115007665924,0
0,0.0002819700914403232,0
1,0.6466792369585103,1
0,0.029615674358954937,0
0,0.07716341976892462,0
0,0.001631826106122249,0
0,0.399249320109136,0
0,0.6222064691158089,1
0,0.14166770720144245,0
0,0.487545000352814,0
0,0.2520869498591024,0
1,0.6829800614368858,1
0,0.10960096031437767,0
0,0.03910941252298368,0
0,0.12174272776216281,0
0,0.3837463768805772,0
0,0.00187024370195936,0
1,0.917752646853727,1
0,0.05374422677816138,0
0,0.002361785920125441,0
0,0.04475006330143716,0
0,0.03415013249355104,0
0,0.02968909611168696,0
0,0.18508328574889718,0
0,0.020087477632962154,0
0,0.4568419356156044,0
1,0.6282755525787588,1
0,0.0161872501151881,0
0,0.06560652129383553,0
0,0.1340885906460356,0
0,0.007473526591216827,0
1,0.06746613852942505,0
0,0.19424778236797238,0
0,0.772625009187865,1
0,0.00837060597102208,0
0,0.8185134216967438,1
0,0.043427860500220225,0
0,0.6014689702945192,1
0,0.052709967592467266,0
1,0.44598850612810553,0
1,0.7162903984126273,1
0,0.20176468141802226,0
0,0.15098436133904236,0
0,0.10590944118244164,0
0,0.5144210653819836,1
0,0.01824262016379804,0
0,0.25977934614427456,0
0,0.30325278286546686,0
0,0.5428617347336522,1
0,0.6863846127342992,1
0,0.002988940980772126,0
1,0.6794323272232294,1
0,0.22929072804323578,0
0,0.22740138018368777,0
1,0.9182238331350056,1
0,0.03754528485752648,0
1,0.24920764410333832,0
0,0.02777823881649729,0
0,0.3390017223518609,0
1,0.7137628779430039,1
0,0.11099993024391423,0
0,0.022362054594927787,0
0,0.04022681640928664,0
0,0.6490849406761131,1
0,0.29311587174137194,0
1,0.9872353757086036,1
0,0.3349757921829936,0
0,0.39758462730815997,0
1,0.5895402371084959,1
0,0.004870340294483777,0
1,0.43860379364399527,0
0,7.890717828870675e-05,0
0,0.03931210747608571,0
0,0.2504714095182831,0
0,0.037315543327271675,0
0,0.05213411997890729,0
0,0.1894371291226597,0
1,0.7982434624883595,1
0,0.6241782987657668,1
0,0.29521978309574354,0
0,0.028902197512382072,0
1,0.9929907944854811,1
0,0.007410593222662054,0
0,0.09619461309254608,0
0,0.1564600744298199,0
0,0.0028339355214740394,0
0,0.09785168936734094,0
1,0.9608740445036685,1
0,0.015360579017034325,0
1,0.437052815639863,0
0,0.0016073707315568627,0
0,0.03593293086841268,0
0,0.36587895558413974,0
0,0.00032099331758120357,0
0,0.037970742837470636,0
1,0.5581744460025578,1
0,0.001698246497468457,0
0,0.263100350072564,0
0,0.05311957291825538,0
0,0.17617361397843417,0
1,0.6725531779038004,1
1,0.7987923743128794,1
0,0.225961994684739,0
0,0.18039307759439213,0
0,0.09001909953398915,0
0,0.12803246764389165,0
0,0.4038805857759911,0
0,0.3446241579726009,0
0,0.16219159491752438,0
1,0.7843279681958331,1
1,0.47394572312047983,0
0,0.2325325992020922,0
0,0.6426646578620793,1
0,0.05743966870478626,0
1,0.5726223290966062,1
1,0.5665940571187171,1
0,0.08570121428323735,0
1,0.8371985698226987,1
0,0.42846285408443713,0
1,0.6761737722999953,1
0,0.8255038598656933,1
0,0.03217777463065138,0
0,0.11858331583460871,0
0,0.7098126395537911,1
1,0.5787729222833101,1
0,0.00792442378251421,0
0,0.22252305162511546,0
0,0.110317805456334,0
1,0.8040885718293687,1
0,0.6236124974137739,1
0,0.027441354689910914,0
0,0.3327918481963453,0
1,0.8613664081470711,1
0,0.0017276682079881008,0
0,0.6039478711960236,1
0,0.5236901266971401,1
0,0.09341519104981012,0
1,0.7206414432513516,1
0,0.22224975456922966,0
1,0.6402029684106118,1
0,0.5898070893131756,1
1,0.7175974502001718,1
0,0.5959733039858096,1
0,0.8529239234416324,1
0,0.193929916281743,0
1,0.702920517338287,1
0,0.18138268446784225,0
0,0.08259542407023787,0
0,0.23876623042997527,0
0,0.27670111016563725,0
0,0.0006127930261409787,0
1,0.36430909008457923,0
0,0.7909803825787489,1
0,0.016339190863413875,0
1,0.5450851627833341,1
0,0.04387126711202108,0
0,0.049905629011510605,0
0,0.043636628352078925,0
1,0.9137403654778592,1
1,0.8517450504476424,1
0,0.006761948637044912,0
1,0.8953840679935159,1
0,0.6570239613873493,1
1,0.846698477965023,1
0,0.008576497765331002,0
0,0.00026365952310105115,0
0,0.1696394757862726,0
1,0.9354102276211188,1
0,0.029772115999965976,0
0,0.20491032372107373,0
1,0.3684660436568925,0
1,0.3924195959090632,0
0,0.010341896969765818,0
1,0.8809493442837697,1
0,0.4780800844988599,0
0,0.45788270559575295,0
1,0.6076528109541142,1
1,0.9754510570434431,1
1,0.9856969109817131,1
0,0.00032504903211763125,0
0,0.4509139506064825,0
0,0.002819634074210755,0
0,0.02256944475769808,0
1,0.8536466084641651,1
0,0.20313925524348625,0
1,0.2589927121468139,0
0,0.12145803202319984,0
0,0.0037004003687624368,0
0,0.6490325511629483,1
0,0.0019355262766130403,0
1,0.8679811351064173,1
0,0.12434635389166232,0
0,0.00045660500110938777,0
1,0.8557492207736976,1
0,0.002992762200418833,0
0,0.009793244661107465,0
0,0.05654698024012512,0
0,0.7210105230145261,1
0,0.1543935220992215,0
0,0.5202955098536982,1
0,0.024789003739536467,0
0,0.4217282495088637,0
0,0.031190980927824987,0
0,0.012383681032103659,0
1,0.7696827039425361,1
0,0.3515694348629104,0
0,0.005752646813823326,0
0,0.017571238526236977,0
0,0.016402018911426442,0
0,0.32803357814840634,0
0,0.022936255754183264,0
0,0.0031239436684446214,0
0,0.0488836472114196,0
0,0.20979170428962576,0
0,0.29472223973925676,0
0,0.20698400217786556,0
0,0.04658086388512195,0
0,0.29806929423779704,0
0,0.0009976853875823621,0
0,0.6273513602787654,1
0,0.23316957049798726,0
0,0.0499880941614311,0
0,0.19828733361732492,0
0,0.2796508673600925,0
0,0.01780423560245395,0
1,0.8114460768897309,1
0,0.27093738236371884,0
0,0.16479102039118923,0
0,0.001333569442705252,0
1,0.6657638942852488,1
1,0.8568466026062594,1
0,0.017578851668282467,0
0,0.21829379104982408,0
1,0.860172775826572,1
1,0.6007532454839515,1
0,0.0409973832789214,0
0,0.002186256425710171,0
1,0.7073344160528439,1
0,0.005455342863642684,0
0,0.009379893558236495,0
0,0.35113652978595944,0
0,0.46611190518619244,0
0,0.08979487600705917,0
0,0.1853467819044117,0
0,0.07140666373593099,0
0,0.000269366727600778,0
0,0.032857765809492616,0
1,0.49375806713620335,0
0,0.14423283892131747,0
0,0.4315799108302978,0
1,0.9932889917705501,1
0,0.04791283484638787,0
0,0.9015690108673736,1
0,0.021501859876942295,0
0,0.4085043965965896,0
1,0.7697266776085138,1
0,0.00021483045074093695,0
1,0.7977481713411989,1
0,0.43405341203444436,0
0,0.08262418568533568,0
0,0.02659669262408889,0
0,0.3485458703367615,0
0,0.5808779231304775,1
1,0.6450028990670333,1
0,0.043027453811215116,0
0,0.04848571963812,0
1,0.5118712566993222,1
0,0.4368920559393942,0
0,0.0033306596846928906,0
0,0.18758538908610314,0
0,0.6158926244506987,1
0,0.7649481933285746,1
0,0.5633876658063144,1
0,0.3644651950166535,0
1,0.8689175480920319,1
0,0.059908114521530595,0
0,0.015452923015049021,0
1,0.9670465970913001,1
0,0.03195179717207611,0
1,0.7477853282217908,1
0,0.6671072183868625,1
1,0.7133987626464788,1
1,0.5176670450750932,1
0,0.03100623366968469,0
1,0.7301945864160474,1
0,0.4866479645457425,0
0,0.10585182402069855,0
1,0.7071540480767503,1
1,0.9963606782494508,1
1,0.9777657423751875,1
0,0.1810812760740749,0
1,0.9818508123570119,1
1,0.8733154099175651,1
0,0.06960131328952177,0
1,0.9810683417541005,1
0,0.03639418176988876,0
1,0.9699391202547332,1
0,0.5807675541493719,1
0,0.010151069720488348,0
1,0.2772467091421734,0
0,0.24540594532313056,0
0,0.014204199358180543,0
0,0.010854345810775644,0
0,0.12692409239795757,0
0,0.44419730854573736,0
0,0.0004983725325140223,0
1,0.4303495865997646,0
0,0.2740803492283374,0
1,0.9947307227321873,1
0,0.6341577310868481,1
0,0.0041643051111812735,0
0,0.7486560546199823,1
1,0.8412238424340492,1
0,0.020507832175142474,0
0,0.18731220288706468,0
0,0.17079156396183257,0
1,0.9238227648492282,1
1,0.8340349655975197,1
0,0.0024425562596065904,0
0,0.12422177320522204,0
0,0.40420548988479876,0
0,0.06355557361963522,0
1,0.9707385611064637,1
0,0.2860918460010921,0
0,0.43698906829252576,0
0,0.3134950711176526,0
1,0.8716709117969701,1
0,0.029183902964934835,0
0,0.11450127541340628,0
0,0.04535113643671666,0
0,0.26113762070713503,0
0,0.4877774341084807,0
0,0.5281926145538317,1
0,0.0022627343554117857,0
1,0.3353306119516715,0
1,0.15324124336196296,0
0,0.22322844761582747,0
0,0.13579019892172184,0
1,0.8458914614789352,1
0,0.014176600671202045,0
1,0.2251929891574485,0
0,0.022482095140686074,0
1,0.6919674914135574,1
1,0.9158594264478114,1
0,0.2924002368561605,0
0,0.007341170352294282,0
0,0.0584415765842645,0
1,0.7072563969798609,1
0,0.09431754037746778,0
0,0.22451021370216603,0
1,0.9795084077435593,1
0,0.07032638630994156,0
0,0.0696853666556729,0
1,0.414971934972177,0
0,0.008911972408776963,0
0,0.16439406777865734,0
1,0.6410633230377779,1
0,0.003972471619730238,0
0,0.00038570720749191113,0
0,0.01318096064470419,0
0,0.2770256488242865,0
0,0.6983068879861297,1
0,0.44168110008647526,0
0,0.04903264236500047,0
0,0.5976656649760224,1
0,0.002867361344328276,0
0,0.5980891647140029,1
0,0.028120958446853896,0
1,0.9812859484560363,1
0,0.47911144934612643,0
0,0.6910469905211943,1
0,0.2330806214425896,0
0,0.3698889418190148,0
0,0.6176684092717444,1
0,0.02953332409108055,0
1,0.8001314803155686,1
0,0.05839307691719895,0
1,0.9680368485254967,1
0,0.37038267818293985,0
0,0.6173274449599605,1
0,0.00019120774423663338,0
1,0.6094015934748795,1
0,0.20766065830428215,0
1,0.8202522081591054,1
0,0.00424167528619721,0
0,0.023593429291069463,0
0,0.13821331594151323,0
0,0.03456604706055759,0
0,0.6320984707690676,1
0,0.13902281292548457,0
1,0.9854305453124652,1
0,0.011185943018455777,0
0,0.583188024154955,1
0,0.7346329468403758,1
0,0.11062099385345545,0
0,0.0054451614051096026,0
1,0.9341899457124634,1
0,0.2801383863612548,0
1,0.9772453771689571,1
0,0.5917292708652317,1
1,0.594393558221748,1
0,0.00656352157405735,0
0,0.2669258376433011,0
0,0.0004860417739657536,0
0,0.009078490743150827,0
1,0.41605504135272087,0
1,0.8360099216089479,1
0,0.3644922387741439,0
0,0.15922454981209472,0
0,0.12369727664078922,0
1,0.5332751919589243,1
0,0.5209540434714822,1
0,0.164627025576905,0
1,0.8800271646036973,1
0,0.0034654707432492503,0
1,0.9017966197500965,1
0,0.11299908702372403,0
1,0.8722650377799603,1
0,0.2005562232164067,0
0,0.0016952099071866644,0
0,0.6125744866453708,1
1,0.6592178044318715,1
0,0.3406030937841397,0
0,0.01456454655410945,0
0,0.37683636021162054,0
0,0.4250322016332735,0
1,0.7980557093368106,1
1,0.36574622458811135,0
0,0.07296982834134073,0
0,0.025984278909735325,0
0,0.017969218632554115,0
0,0.0006378529218847277,0
0,0.023475333236989,0
0,0.20265463020580554,0
0,0.6567345156175284,1
0,0.11277189704551427,0
1,0.692529900380858,1
0,0.11561524588621559,0
0,0.2506169519568067,0
0,0.008864099915960533,0
0,0.09973924172845151,0
0,0.08340734664563385,0
1,0.7667957132462484,1
0,0.0024706636419258273,0
0,0.8645311330888555,1
0,0.0025435623485193554,0
1,0.6286172885461626,1
1,0.6656670649788031,1
1,0.30680472035748146,0
1,0.6651922571373815,1
0,0.0005501747112134418,0
0,0.008747434401700603,0
1,0.9256713577311338,1
0,0.021643298897245488,0
0,0.028094823700476765,0
1,0.7723814851719647,1
1,0.6583809867932623,1
1,0.7528034475208955,1
0,0.24080238006910315,0
1,0.9893678822963242,1
1,0.19016186069492574,0
0,0.38520055804777403,0
1,0.32061239890996823,0
0,0.004979747253501346,0
0,0.1960696157222441,0
0,0.04394337385428461,0
0,0.5230156615468364,1
0,0.06476390981421228,0
0,0.45223813449042194,0
0,0.8119011303470319,1
0,0.001275461092180903,0
0,0.4701166355482678,0
0,0.7096782035997594,1
1,0.2602787535505203,0
0,0.37688401653814874,0
0,0.03162608814261278,0
1,0.9038518844608266,1
0,0.20546515020354014,0
0,0.12441276768493317,0
1,0.8879364489297847,1
0,0.8813614465290526,1
0,0.44307921507187065,0
0,0.06177685486010976,0
0,0.03875059576513144,0
0,0.08030621031436506,0
1,0.4765603815633932,0
0,0.46339039396942744,0
0,0.2807822365316046,0
1,0.8747151155903735,1
0,0.5088883220783612,1
0,0.6273993029689294,1
0,0.02996402074273736,0
0,0.021428741357614654,0
0,0.20422614344019624,0
0,0.010631279402826575,0
1,0.5246970532630467,1
0,0.2946485828743681,0
0,0.022186137548056744,0
0,0.005353212120926744,0
0,0.4110235177944135,0
0,0.5520126987257562,1
0,0.0034561110271909756,0
1,0.936735986979602,1
1,0.42336108978377585,0
1,0.8546207895409895,1
0,0.5194854010692486,1
1,0.7561042482658327,1
0,0.354271588514195,0
0,0.5566553293495313,1
0,0.5141920149166139,1
1,0.996001630660614,1
1,0.646563317804465,1
0,0.06083571905221179,0
0,0.01694309668112541,0
0,0.005088699126333436,0
1,0.981238134391354,1
0,0.44660984629016126,0
0,0.03858474252117303,0
1,0.6097248207135219,1
0,0.8803263279886987,1
0,0.4936382193819052,0
1,0.9914107438554801,1
0,0.0024166544999872637,0
0,0.07205223072294832,0
0,0.04806509373088272,0
1,0.9757932683192458,1
0,0.15568787217570945,0
1,0.8392869695845585,1
0,0.005976332645868013,0
0,0.31942759924411257,0
0,0.5342491856630134,1
1,0.8303800329877361,1
1,0.30364024375279497,0
1,0.5888888320790441,1
0,0.004732274710165877,0
0,0.57690677511458,1
1,0.8621937534649714,1
0,0.33473114981672863,0
1,0.9327483784246567,1
0,0.01359470284221843,0
0,0.3243944507691882,0
0,0.12802217816029118,0
0,0.5381488750042658,1
0,0.23967231362708777,0
1,0.6313005521766706,1
0,0.0021366898019160195,0
0,0.6723733572237718,1
0,0.020644469698503996,0
0,0.02391721002291991,0
0,0.0006721573927652726,0
0,0.4248941262564955,0
0,0.22208634616521059,0
1,0.9796030911326631,1
0,0.5199911029695878,1
0,0.0679591849041194,0
0,0.43142842172758233,0
1,0.5097093317414055,1
0,0.12776680199859458,0
1,0.7464786435754198,1
1,0.8974195772647564,1
0,0.0007393150619318475,0
0,0.000587427635426371,0
0,0.23629829045304698,0
0,0.5094557818452166,1
0,0.21808248173084224,0
0,0.09842829475261618,0
0,0.48079637202345565,0
0,0.015793033988913564,0
0,0.03512524874483318,0
0,0.20355439194291958,0
0,0.11628221106764679,0
0,0.10048115017666405,0
0,0.8011052901924877,1
0,0.17122978716073212,0
0,0.05309910048276874,0
0,0.07399790695747158,0
0,0.030890910379160374,0
0,0.0029332412958313413,0
1,0.8166578390552393,1
0,0.025679561870690558,0
1,0.6943430400329665,1
0,0.591169311649984,1
1,0.4765819946497056,0
0,0.10200956300102726,0
0,0.13893183907063003,0
1,0.7226199803291781,1
0,0.17777617908612645,0
1,0.8201570145215414,1
0,0.20213554729195352,0
0,0.06918997110033831,0
0,0.01871308511183081,0
1,0.7438724122942902,1
0,0.5043206897637678,1
0,0.791435308029426,1
0,0.4805058385676497,0
0,0.5556215639550001,1
0,0.32001790555027765,0
1,0.8282192036329769,1
0,0.4684815101954855,0
1,0.7882100653604955,1
0,0.0015474367980789095,0
0,0.21310688936489708,0
0,0.001597001539490137,0
1,0.9625313971287739,1
0,0.07383054801474677,0
1,0.8081495451556057,1
0,0.1023435233376312,0
0,0.04747491086671193,0
0,0.18591671840309823,0
0,0.4931771256757606,0
1,0.8661548079420446,1
0,0.0030289773693709045,0
1,0.23173462963971014,0
0,0.006960163249472721,0
0,0.005976156419773965,0
0,0.028040673107994636,0
0,0.14654413099401897,0
0,0.04389897556266622,0
0,0.42966996691588094,0
1,0.7935996056615033,1
0,0.1798769911430028,0
1,0.7329668316082966,1
0,0.07866045902847116,0
0,0.49944443674464273,0
0,0.19767276394659744,0
1,0.9556784321360512,1
1,0.767196416259476,1
0,0.14112988116937966,0
0,0.007384451893653055,0
1,0.6533009705455379,1
0,0.6391985928437287,1
0,0.009765006962105784,0
0,0.5937745162221825,1
0,0.03727897747480241,0
0,0.16561623676734086,0
0,0.0065182693640724295,0
0,0.08813735630554355,0
0,0.0008708412878931491,0
0,0.5227683414540223,1
0,0.004006439242733056,0
0,0.7785019656462253,1
0,0.011177070374884322,0
0,0.007240837520357623,0
0,0.06034659059000981,0
0,0.03540770375090007,0
0,0.8730899976910598,1
0,0.004490028261359056,0
0,0.3320489683828196,0
0,0.12240332772262702,0
0,0.49398414768246673,0
0,0.19370178902257323,0
0,0.06845839659844917,0
1,0.8769619888730955,1
1,0.7319311669168655,1
1,0.9026484172575482,1
0,0.06448320790578918,0
1,0.8692343474354904,1
0,0.41279746716460813,0
0,0.011239143408137546,0
0,0.008451357122766331,0
0,0.0006497244394649117,0
0,0.6322827800009305,1
0,0.07440448911253468,0
0,0.29099933721545557,0
0,0.05156261107216057,0
1,0.939290048358058,1
0,0.6093885201109253,1
0,0.056007095378795446,0
1,0.7137350775452286,1
0,0.04200193144932335,0
0,0.24918766274869522,0
0,0.5693286008423251,1
1,0.738690933612954,1
0,0.014649671888328353,0
0,0.1948916093268058,0
1,0.7779898399317421,1
0,0.0633085567894479,0
0,0.02195631864121606,0
0,0.011512575597429468,0
1,0.7686255278868677,1
0,0.5254369886722021,1
0,0.38407066620720537,0
0,0.5137489364035508,1
1,0.2112613622348616,0
0,0.7564177976405624,1
0,0.03958795443475768,0
1,0.5941338837589887,1
0,0.0023679619522758303,0
0,0.0004480664404644924,0
0,0.08771649471461998,0
0,0.42745522556684346,0
0,0.017818950522347513,0
0,0.6382939543634502,1
0,0.09970380661322398,0
0,0.03931593814409247,0
0,0.639156889858831,1
0,0.03255018391945225,0
0,0.012000069761383063,0
0,0.0017031577922077502,0
0,0.02702904413561735,0
1,0.7523490578907593,1
0,0.5178555830143236,1
0,0.00016516620194324225,0
0,0.0008606127772496254,0
0,0.8213838849930759,1
0,0.003804914302437914,0
1,0.9025952379510189,1
0,0.5771599483548396,1
0,0.08035749614986848,0
0,0.05576410100523055,0
1,0.9890222641935693,1
0,0.0030541244212831517,0
0,0.12311163788580276,0
0,0.004716811552506897,0
0,0.860822593864627,1
0,0.3056594806472802,0
1,0.9255068996455532,1
0,0.10054904194185818,0
0,0.00829053797877823,0
0,0.1656688377872777,0
0,0.5456493388532814,1
0,0.12364271094872623,0
0,0.0048527099940458346,0
0,0.4741125793976142,0
0,0.027213901740102752,0
1,0.6428650673302263,1
0,0.4174107970792368,0
0,0.36590998616139925,0
1,0.9839688482873508,1
0,0.43656480229652883,0
0,0.2166504760225177,0
0,0.09544429777199813,0
0,0.30279299483533445,0
0,0.03534075198251695,0
0,0.004818559245592583,0
0,0.11397036376299807,0
1,0.6830142280463655,1
1,0.9721826524737397,1
0,0.16238534475256372,0
1,0.7820288341037298,1
0,0.13869729062527664,0
1,0.6654021456953771,1
0,0.7086785539956708,1
0,0.34016920135884116,0
1,0.8179523833180421,1
0,0.2697285364713395,0
1,0.8673112544383715,1
1,0.827478742870982,1
0,0.07892586110453922,0
0,0.05825091130350263,0
0,0.2011540300354053,0
1,0.944240493749327,1
1,0.6451957919385392,1
0,0.09228792376480661,0
0,0.13167786394776182,0
0,0.31709615671918134,0
0,0.2880860022745902,0
1,0.9799730741143315,1
1,0.9342712462417077,1
0,0.4031532614099524,0
0,0.0009886610818354653,0
1,0.7004837049875661,1
0,0.5186025107986404,1
0,0.14629211657609217,0
1,0.9862083089457921,1
0,0.35411992593573055,0
0,0.6325657276298982,1
0,0.029042724431544004,0
1,0.5270014046524146,1
0,0.9069830730753726,1
0,0.4080317789304514,0
0,0.14528155141525373,0
0,0.7622852117626144,1
1,0.9124337366588052,1
0,0.8746813207527595,1
0,0.030143901470067954,0
0,0.36949858734234664,0
0,0.4289045145769385,0
0,0.21484171520234757,0
0,0.20343402703496585,0
0,0.08203887640041263,0
0,0.45214199830155216,0
0,0.07585920365181462,0
0,0.34134302236382646,0
0,0.448797929517073,0
0,0.08249446549245254,0
0,0.3409754416153412,0
0,0.3577741933081963,0
0,0.6814125295880138,1
1,0.3036262505975116,0
0,0.32628198440027595,0
1,0.9954183753982325,1
0,0.009089838880276233,0
0,0.8845237084808552,1
0,0.4349308032666954,0
0,0.7819438408780325,1
0,0.6846425947778385,1
0,0.07326732181342319,0
0,0.006077362354721353,0
0,0.00299627445332111,0
0,0.001129336064950993,0
1,0.6220605164384324,1
0,0.48554077710479715,0
0,0.003865052306374912,0
0,0.4193086513184192,0
0,0.049536479908165856,0
0,0.12679129193496558,0
0,0.1817867678252432,0
0,0.0037823817985177858,0
0,0.04917393312055135,0
0,0.0982525195953623,0
0,0.04667809880339469,0
1,0.9035452977877291,1
0,0.012225363336485866,0
0,0.003882805996886395,0
1,0.5680023713363139,1
0,0.005925359290922322,0
0,0.2691691404455973,0
1,0.9750065897850969,1
1,0.8587690382510154,1
0,0.018144480630768255,0
1,0.8870862533454872,1
0,0.025354283654087744,0
0,0.004696462949787419,0
1,0.6802589790489495,1
1,0.7227187788862559,1
0,0.45765840033506605,0
0,0.003649435279849972,0
0,0.019660051256794243,0
0,0.6208290896796143,1
0,0.007549637365604021,0
0,0.02449338215493086,0
0,0.0003207391268150506,0
0,0.003280048957272101,0
1,0.7811991935231435,1
1,0.4550949211263982,0
0,0.6253359299878677,1
0,0.013114508796470905,0
0,0.8740105225011664,1
0,0.06629490614623319,0
1,0.8206683156239438,1
0,0.06212618522770582,0
0,0.566232140120559,1
0,0.3864139923904051,0
0,0.00875789642944612,0
0,0.047972308348826605,0
0,0.19376100958754616,0
0,0.8082699316500167,1
0,0.026996300755312206,0
0,0.5949908360487451,1
0,0.11000034088360428,0
0,0.12894141201187317,0
0,0.03929872542500379,0
0,0.05278906635921319,0
0,0.011946477970859922,0
1,0.5300283078415607,1
1,0.836957205489386,1
0,0.1804800094982687,0
1,0.9746286718781207,1
1,0.8388974834912007,1
0,0.6950791065543472,1
0,0.2003971102776118,0
1,0.7150059548935844,1
1,0.32282477950109917,0
0,0.008132457301180835,0
1,0.9897791163174221,1
1,0.816890296882733,1
0,0.6190022806831785,1
0,0.06085639066203377,0
0,0.5199088465547556,1
0,0.2506911475752131,0
0,0.2790703410825574,0
0,0.030710257821140178,0
0,0.4668271285766707,0
0,0.16559828606931432,0
0,0.025029295133192783,0
1,0.9481465720549687,1
0,0.325657593603159,0
0,0.4129358853767526,0
0,0.044529316427700104,0
0,0.20246935397644703,0
0,0.5442878282253902,1
1,0.7744566212737723,1
1,0.943036932239019,1
0,0.14796244687385343,0
0,0.4936708260044557,0
0,0.5864004220071859,1
1,0.6988803854093708,1
0,0.001541488538380099,0
1,0.6139586889617198,1
1,0.8850146741627297,1
1,0.8356466176127828,1
0,0.8502489549650801,1
0,0.3921119826279159,0
0,0.27822861979232316,0
0,0.2949204531542581,0
0,0.6925311595359672,1
0,0.2243180023540292,0
0,0.045814740428750465,0
0,0.7170981409213446,1
0,0.380951206395356,0
1,0.9727092108737867,1
0,0.018368384232060893,0
0,0.001958292528550565,0
0,0.001058797263604678,0
0,0.00991890949373194,0
0,0.06809574395931707,0
0,0.1935851429181728,0
0,0.01975111181211371,0
0,0.8592305525723939,1
0,0.82039938464521,1
1,0.5981948154434032,1
0,0.18113173732781804,0
0,0.39958911180611517,0
0,0.46362166403018173,0
0,0.5243418010431662,1
1,0.8817172037992287,1
0,0.0043467280332658035,0
0,0.3516364510101562,0
0,0.04922479404468602,0
0,0.003111619811231282,0
1,0.6978544480157979,1
1,0.9541719145031169,1
0,0.02873130525607,0
1,0.9761942005687437,1
0,0.02752869333982578,0
0,0.2805190345187485,0
0,0.24117521362136027,0
1,0.9010269286125824,1
0,0.08203778545808264,0
1,0.8650837661139175,1
1,0.9333655089274769,1
0,0.003292289464757047,0
0,0.16349394483440766,0
0,0.42022970762667694,0
0,0.020890170707421763,0
0,0.008605103583361305,0
0,0.4593420250598849,0
1,0.7935349959015117,1
0,0.008256924878407807,0
0,0.14468657167872828,0
0,0.8947408026667254,1
0,0.008636806830920258,0
0,0.016016035403699794,0
1,0.4389679770047961,0
0,0.48745317574600944,0
0,0.4934865122224841,0
0,0.0022979841569008676,0
1,0.2429444745508639,0
1,0.23144801141555787,0
0,0.0045210839697389996,0
1,0.9878313685356442,1
0,0.00884322786006446,0
0,0.265260329261751,0
0,0.8289161169699993,1
0,0.44075160176350453,0
0,0.057461202791785446,0
0,0.3400163934178986,0
0,0.8658491119777169,1
0,0.03333386569308915,0
1,0.8611727818262165,1
1,0.9847229634395767,1
1,0.32952237847046706,0
0,0.2633284383498232,0
1,0.3034232869170917,0
0,0.713510431578271,1
0,0.006143974808304681,0
0,0.028760992349325557,0
0,0.2327834621813822,0
0,0.11717754368379446,0
1,0.5480599001851343,1
0,0.0006581222472602715,0
0,0.023660946324710375,0
0,0.006596558557525104,0
0,0.5268109178033352,1
0,0.018220948376717925,0
0,0.10412847066606555,0
0,0.026362480347785114,0
0,0.017885580795720765,0
0,0.028415646295036682,0
0,0.6045344612143368,1
1,0.3883796543124529,0
0,0.16900673650169862,0
0,0.26245335510764123,0
1,0.9932088883012979,1
1,0.5896110154461762,1
0,0.04063182416531517,0
0,0.22392691512187984,0
0,0.04656130116462509,0
0,0.8716682844163787,1
0,0.2894861706722607,0
0,0.0028952319827306983,0
0,0.005371301446200781,0
0,0.3574748537229682,0
0,0.18403620536442655,0
0,0.0030743285212048222,0
0,0.08420684421143354,0
0,0.016270073287095736,0
0,0.016007517816786998,0
1,0.13589510283179274,0
0,0.5777458569578473,1
1,0.9770480492831422,1
0,0.8775661145079308,1
0,0.023199161146351392,0
1,0.8059876382305938,1
0,0.15396124787484972,0
0,0.08044423394439267,0
0,0.4675443930642695,0
0,0.008749062894062994,0
0,0.0005723094339039887,0
1,0.9001036298883582,1
0,0.614786928584431,1
0,0.033349361865031256,0
1,0.783161785412458,1
0,0.43368018769326605,0
0,0.05738001766269247,0
0,0.3175837276091757,0
0,0.16098475827568293,0
0,0.002996744903770071,0
0,0.3193069736313679,0
0,0.32292314664781896,0
0,0.12322801549051955,0
0,0.40906665843456536,0
0,0.18352979976516445,0
0,0.1403963968845244,0
1,0.6167303634086297,1
0,0.20782168071438725,0
0,0.001643736001718022,0
1,0.9061138510797491,1
1,0.8949824704472114,1
0,0.4676661929624432,0
0,0.05326296931400939,0
0,0.010180571681727903,0
0,0.05723255272957929,0
1,0.6420286267197118,1
0,0.6248481402388254,1
0,0.009296684259962586,0
1,0.9103977056604782,1
0,0.22129267648234735,0
0,0.1021364668259585,0
0,0.03932825888519735,0
0,0.5979486826735235,1
0,0.02110150865009292,0
1,0.7310079905201053,1
1,0.8238088784927842,1
0,0.016224740596016664,0
0,6.794237751860983e-05,0
0,0.06693061035735291,0
0,0.004832086445341443,0
0,0.0033472684232439074,0
0,0.3108495642606155,0
0,0.5943019597279507,1
0,0.020824982878748892,0
0,0.12281347989128236,0
0,0.34950633506460793,0
0,0.002355350553374175,0
0,0.41365370762637615,0
0,0.6014001465895399,1
0,0.03801661469049805,0
0,0.007884663116920987,0
0,0.08987973047399762,0
0,0.039130205073184675,0
0,0.20707081271369,0
0,0.006535210236189299,0
0,0.22510400392979213,0
0,0.35748567772405593,0
1,0.2725530023351153,0
0,0.015244399576582805,0
0,0.0066039012349561966,0
0,0.08888074004518556,0
0,0.6369285188999959,1
0,0.27494980783403294,0
0,0.028930901196898683,0
1,0.8417484311984444,1
0,0.016064325245753006,0
0,0.20016215744939833,0
0,0.3325489595205083,0
0,0.0008478100330164556,0
0,0.5496990517589972,1
0,0.1997424140535789,0
1,0.7484206947374402,1
0,0.005564743594321451,0
1,0.9731476804485008,1
0,0.008917308526391075,0
0,0.5623380593685611,1
0,0.8037055794426322,1
0,0.6274363640538644,1
1,0.8374588269595733,1
0,0.04726110774951617,0
0,0.31827108207751514,0
0,0.13677341140539143,0
0,0.8803224123367949,1
0,0.012703441076395655,0
0,0.2698094047913509,0
0,0.005550219973699037,0
0,0.03065243668016424,0
0,0.11733055232420332,0
0,0.04545868709866032,0
0,0.30603459458976234,0
0,0.3063308097413367,0
1,0.7035326107109394,1
1,0.5988683209350891,1
1,0.7851700043245811,1
0,0.09372404793355894,0
0,0.042376945503333166,0
0,0.9179898737096182,1
0,0.05647542720837435,0
0,0.25660665118184295,0
0,0.11821105129159877,0
0,0.11539762974983224,0
0,0.19166802007742098,0
0,0.5968016627881194,1
0,0.018925065221918978,0
0,0.6946385869664947,1
0,0.07032491324022677,0
1,0.9916106373668134,1
0,0.30180918192097883,0
0,0.2716214085588549,0
0,0.002751549731317923,0
0,0.0048418225450446535,0
0,0.0004897864532251233,0
0,0.5807294412195918,1
0,0.7563073400193077,1
0,0.150162649309174,0
1,0.38045195706139856,0
0,0.04382477252384483,0
0,0.011890461691304031,0
0,0.6168347676099376,1
1,0.976933700661609,1
0,0.7682206233660128,1
1,0.7857642717294547,1
0,0.6215667754233996,1
1,0.42273951027865114,0
0,0.034047697118512944,0
0,0.20658665755884784,0
0,0.0022041684909248752,0
0,0.08390314231327857,0
0,0.01584166067429053,0
0,0.4114534667747655,0
0,0.03895776745718141,0
0,0.32601751649427696,0
0,0.2701167491166378,0
1,0.9939377001515141,1
0,0.0008841878006464791,0
0,0.015903191081646877,0
0,0.003376656759962282,0
0,0.033783903284090006,0
0,0.2230168801648899,0
1,0.9105452378184259,1
0,0.786850257062415,1
0,0.12960035351309696,0
0,0.026457936944523138,0
0,0.27311917253519474,0
0,0.27306555401336285,0
0,0.004544316915841328,0
0,0.02537428290373276,0
0,0.03968402892716852,0
1,0.9434816555041355,1
1,0.17184295506341354,0
1,0.7881484526067878,1
0,0.012654150012554025,0
0,0.21367299083986438,0
0,0.007458789870580049,0
0,0.35199647551871993,0
0,0.7778537395232216,1
0,0.22765876618350195,0
0,0.013844924191990607,0
0,0.36094376858105875,0
0,0.34724914362608456,0
0,0.5280362951163886,1
0,0.5609780499087752,1
0,0.32280920848046724,0
0,0.20019060068316682,0
0,0.01694268296898419,0
1,0.9902457700734575,1
0,0.6391230204513265,1
0,0.2700544807186597,0
0,0.15558349145093942,0
0,0.04983047095985296,0
0,0.0684344052110171,0
1,0.9799427251763468,1
0,0.032965710396239745,0
0,0.5799730874041011,1
0,0.016621359511673248,0
0,0.015679837639393374,0
1,0.8643934060754875,1
0,0.03807123606727373,0
0,0.018609708574970695,0
0,0.0032995760357828366,0
0,0.0615735917128516,0
0,0.020694117354603164,0
0,0.6897843482244336,1
0,0.5065339115488505,1
0,0.003944055477249508,0
1,0.9079631192967722,1
0,0.13480276631171986,0
1,0.7529702377061334,1
0,0.07191089060357302,0
0,0.0006005378747489305,0
0,0.45524495905736323,0
0,0.005011608392602087,0
0,0.6439267881449043,1
0,0.3217441279887397,0
0,0.01529872072767127,0
0,0.6024394337074147,1
0,0.18554682308651516,0
0,0.3617674700684427,0
0,0.5794727634122747,1
0,0.050670741980250615,0
0,0.04191111896156658,0
1,0.7191080872854668,1
0,0.002753665647983974,0
0,0.3345195356191968,0
0,0.07228173895134166,0
0,0.18350384693612,0
1,0.3738246975829858,0
0,0.06305006263080273,0
0,0.14282320556459935,0
0,0.020615258755900076,0
0,0.07467879890379074,0
0,0.0022884135135797477,0
0,0.023031848830141616,0
0,0.1666264907684316,0
0,0.3113960401849368,0
0,0.001890917746949267,0
0,0.14158116383823516,0
1,0.8962284480247661,1
0,0.1224589963574856,0
0,0.5442435271540907,1
0,0.0009882210695243232,0
0,0.7148619012148212,1
0,0.08302743967405003,0
0,0.00747543864822417,0
0,0.5181881337809959,1
0,0.06459822521472744,0
0,0.24498948698647927,0
1,0.977745239696841,1
0,0.0252140892623441,0
1,0.7004587276319977,1
0,0.0234542348762202,0
1,0.6307170435208486,1
1,0.9002709256487216,1
0,0.0002491558380383981,0
0,0.20230851169053943,0
0,0.0011198843954418937,0
1,0.8351913392610129,1
0,0.051520779759412924,0
0,0.776044936890365,1
1,0.4612658206909086,0
1,0.7439844669933655,1
1,0.9637466890688637,1
0,0.7412561247865018,1
0,0.0033074879473948995,0
0,0.10880193549127315,0
0,0.0018015398522533196,0
1,0.49606193607643906,0
0,0.2133289555828574,0
0,0.18332184349588176,0
0,0.07023624015177482,0
0,0.5919180866136884,1
0,0.6879033464238247,1
1,0.8804368340574541,1
0,0.018846482392195295,0
0,0.31321042317316516,0
1,0.2326553154745901,0
0,0.11262482197778866,0
0,0.6195334398268305,1
0,0.0023787898370712704,0
1,0.5465154628849954,1
0,0.0415560023151416,0
0,0.007477608645049254,0
0,0.022325489785877548,0
1,0.7189137635876582,1
1,0.9131102041865211,1
0,0.06840514343644973,0
1,0.49083602076413874,0
0,0.26812556608145655,0
0,0.28093434513714155,0
0,0.006635070172996241,0
0,0.0008759761222833334,0
1,0.9806038564943873,1
0,0.11378812112636155,0
0,0.5375636244836363,1
0,0.6502829809343039,1
1,0.2649238892559261,0
1,0.9896851171689411,1
0,0.14517842242040668,0
1,0.9908365864745965,1
0,0.21143346576439045,0
0,0.6447984440978288,1
1,0.8372281346431176,1
0,0.08593556905025816,0
1,0.7615486735584147,1
0,0.38936879937988245,0
0,0.6163954722341193,1
0,0.011723341882637546,0
0,0.44701440318112245,0
0,0.005955394818634051,0
0,0.19682468486991656,0
0,0.12413548544818712,0
0,0.013602254906237708,0
0,0.06432230066949202,0
0,0.22230357494935893,0
0,0.002873271919780203,0
1,0.9727195674860961,1
0,0.1300457467273525,0
0,0.0038437899875961054,0
1,0.8932942929449259,1
1,0.38605210726609174,0
0,0.06481730251466944,0
0,0.11807652029131299,0
0,0.1629697461672312,0
1,0.7429711901028547,1
1,0.7562216562321935,1
1,0.9760294870496555,1
0,0.8036749598170577,1
0,0.4762368128770716,0
0,0.2988344313578839,0
0,0.42911681786556416,0
1,0.7934697489115349,1
1,0.8808618473548658,1
1,0.9455472400060262,1
0,0.03305337411198156,0
1,0.9356828011230411,1
0,0.5740518271857735,1
0,0.26192795182760065,0
1,0.4408368203244762,0
0,0.7609184285651047,1
0,0.533445292311366,1
0,0.1388267047685258,0
0,0.0374854246202355,0
0,0.18147548292495602,0
0,0.0459327870961505,0
0,0.5803511762261028,1
0,0.005439774714370735,0
0,0.6374123412334437,1
0,0.6699797251473131,1
0,0.8492058510045566,1
0,0.23928259814843555,0
0,0.16174043232911675,0
0,0.482595495894917,0
0,0.06035619396842616,0
0,0.08004120307062972,0
0,0.4713892726987846,0
0,0.08833154783102899,0
1,0.7983636453416665,1
0,0.4048548554781263,0
0,0.6910024966171682,1
0,0.0174472069022346,0
0,0.024909528160663146,0
0,0.27403248741188185,0
0,0.0001996970530787204,0
0,0.0362964616722843,0
0,0.0213758362573169,0
0,0.6877210354009526,1
1,0.9276464016524945,1
0,0.4563443793316099,0
0,0.5698054233240459,1
0,0.6332839629879897,1
0,0.3924884570393988,0
1,0.6624768960412913,1
0,0.02657167820737812,0
0,0.3135652453670404,0
0,0.021564841973553666,0
0,0.63284148099812,1
1,0.48914661145611876,0
0,0.1306479674233129,0
1,0.7326347123166188,1
0,0.2222763242828387,0
1,0.4963847821977249,0
0,0.11411655173282471,0
0,0.3111792950865616,0
0,0.5662650844504586,1
1,0.7530260504490954,1
0,0.09716558054293391,0
1,0.6506001639506758,1
0,0.01639531717960235,0
0,0.3073475436944458,0
0,0.03185496215270827,0
0,0.014240703298298856,0
1,0.4119551849951505,0
0,0.5137756931735059,1
0,0.05214483970634043,0
0,0.6898367552434937,1
0,0.24767933125969185,0
0,0.6468897228242266,1
0,0.524915968185548,1
0,0.07481550924740671,0
0,0.11955719127371116,0
1,0.6389091941401934,1
0,0.6743066712960264,1
0,0.003593506299757111,0
1,0.4116769651564239,0
0,0.03817326820145609,0
0,0.02095203994727779,0
0,0.0013650502743156431,0
0,0.20776035587230862,0
0,0.015614057171500561,0
0,0.08157736581635837,0
0,0.5370611684517128,1
0,0.32861119946056067,0
0,0.005962519769021816,0
0,0.2000317450799498,0
0,0.015299775924664095,0
1,0.8367514049304176,1
0,0.604665242420971,1
0,0.6660456696746982,1
0,0.5319876613235538,1
1,0.7356563516613552,1
0,0.0011823392182971292,0
0,0.45232224502256957,0
0,0.022045014600730033,0
0,0.004519414162951238,0
1,0.7235642746567129,1
0,0.26315444054098447,0
0,0.41640598281981206,0
0,0.06516752226688259,0
1,0.8497870876830558,1
1,0.9131209953944959,1
0,0.7100057452915879,1
0,0.7662180006443279,1
0,0.48882864650822766,0
0,0.2122430663798214,0
0,0.048266196615690295,0
0,0.3567543413342312,0
0,0.2737947660871402,0
0,0.0013695353826872437,0
0,0.03626727982768606,0
0,0.6062482819914707,1
1,0.47702890484662835,0
1,0.8556818664620683,1
1,0.8879827838389502,1
0,0.027559888373350282,0
0,0.90753211262429,1
0,0.022647622057069872,0
0,0.04893004410753829,0
0,0.36782611927244724,0
0,0.29371630837417156,0
0,0.12911462076121233,0
0,0.054781322608567266,0
0,0.009547038634329758,0
0,0.1745192000376328,0
0,0.010376135445348643,0
1,0.6907892622518523,1
1,0.5373322131886529,1
0,0.8970089877597,1
0,0.0447596346084622,0
0,0.0778365486805743,0
1,0.5070824929197655,1
0,0.003759275518234092,0
1,0.499163411423329,0
1,0.5264373663897333,1
0,0.4233561396349463,0
0,0.027160456471515868,0
0,0.06960587696694555,0
0,0.004912662513457485,0
0,0.6915988487288597,1
0,0.015536036300591943,0
0,0.6941104175250562,1
0,0.0108973262247591,0
0,0.6013863682752087,1
0,0.04793962713813225,0
1,0.5342633375809988,1
0,0.06357944174215965,0
1,0.8485366492271665,1
0,0.28813170020683465,0
0,0.03892907579282718,0
0,0.06204650172404358,0
0,0.009344172149293747,0
0,0.021344819788449675,0
1,0.8592244396158335,1
0,0.004982866940596848,0
1,0.7918988405456617,1
1,0.5028958094950327,1
1,0.8871561551341678,1
1,0.6787644876988636,1
0,0.0925985721495236,0
0,0.02974999793504077,0
0,0.3634614089986959,0
1,0.9103485398833133,1
0,0.0043426631825591415,0
0,0.5829092607276324,1
0,0.5203073612360789,1
0,0.09222696130860288,0
0,0.0014250664195624612,0
1,0.6701039564180827,1
0,0.013213864643894012,0
0,0.05594331259839546,0
0,0.010336530859748316,0
0,0.29222103498218027,0
1,0.6787207828615156,1
0,0.43717322980477397,0
0,0.006322315349181366,0
0,0.14129676011252348,0
1,0.944238476263012,1
1,0.8195617635226655,1
0,0.10760842296714017,0
0,0.11180114331884626,0
0,0.8539495281586077,1
0,0.07466086785914618,0
0,0.143742341481319,0
1,0.9752318152904013,1
0,0.07821665944743363,0
0,0.03448213413431342,0
1,0.5421763635640849,1
1,0.8146620229409348,1
0,0.19221337170266645,0
0,0.36147142510485725,0
0,0.012795941304659317,0
1,0.8822504769164381,1
1,0.781761530006591,1
0,0.015364247579061085,0
0,0.33370263084437374,0
0,0.011644831913281622,0
0,0.35159114561379223,0
1,0.9905334449126723,1
0,0.21471030990754547,0
1,0.7431330071079757,1
1,0.8588965490047893,1
0,0.17866949975627613,0
0,0.20649476236107464,0
1,0.6810929255401642,1
0,0.6340157781876972,1
0,0.04647627523049134,0
1,0.5334458703976999,1
0,0.38267236655158104,0
0,0.24938197051726177,0
1,0.4944911836484589,0
1,0.7156469924084012,1
0,0.05909942142869527,0
0,0.4183717833346897,0
0,0.39329904990214765,0
0,0.02820344066101573,0
0,0.150682047026069,0
1,0.3835296122008043,0
0,0.018060894524332426,0
0,0.0684906861968054,0
1,0.9909827506151828,1
0,0.001166352575618693,0
0,0.24266640720231394,0
0,0.580354186902567,1
1,0.774888313481078,1
0,0.009018316523957716,0
1,0.7718786035547225,1
0,0.09046847247405909,0
0,0.08809715194664164,0
0,0.11658147158521738,0
1,0.5854458977306097,1
0,0.3578141206189175,0
0,0.15924621519686433,0
1,0.7667180425249824,1
0,0.0004509866978419358,0
0,0.18652574154355192,0
1,0.9825120680636593,1
0,0.05111398070096645,0
0,0.10241549282453552,0
0,0.007872185533415253,0
0,0.7206673951265055,1
1,0.9210565676277137,1
0,0.037358504478742754,0
0,0.5532125913487603,1
0,0.3182712662200631,0
0,0.040396653414056335,0
0,0.10463849847947532,0
1,0.64356467377796,1
0,0.3094420536766165,0
1,0.4129578596797542,0
1,0.9783017876447603,1
0,0.0023350294596798963,0
1,0.9713247197047882,1
0,0.5250018283878927,1
0,0.6867387854790414,1
1,0.8778094063699107,1
1,0.32452212028913036,0
0,0.4747407098303523,0
0,0.035893886217112654,0
0,0.6579473563930333,1
0,0.05385990246041057,0
0,0.01702271322647108,0
0,0.013513014272110666,0
0,0.14724028175723178,0
0,0.033387142148564745,0
0,0.0441668481711832,0
0,0.15141359338776983,0
0,0.4541455885843231,0
0,0.00400529499572226,0
0,0.0039466786585099275,0
0,0.12849898048946956,0
0,0.1951924051483615,0
0,0.19065717336888044,0
1,0.9549098374354925,1
1,0.8757088784864984,1
0,0.00032924755225698733,0
0,0.7034069314206222,1
1,0.569939347866292,1
0,0.01664930371338004,0
1,0.9827495586596658,1
0,0.02345000748006102,0
0,0.06977440928860076,0
0,0.011402276286230655,0
0,0.8493223375098744,1
0,0.005821553857162828,0
0,0.3484692241711053,0
0,0.019059438359949346,0
0,0.4300790207769335,0
0,0.0038158883419495324,0
0,0.02784861010743659,0
0,0.2371769080422664,0
0,0.5094373758085965,1
1,0.6274479921315191,1
0,0.0041924121810185235,0
0,0.001860002276142215,0
0,0.06544198181644209,0
1,0.6498613882960493,1
0,0.025073250002598253,0
1,0.5397656032120731,1
0,0.17704994613802302,0
0,0.4040197237020288,0
0,0.0015418478536772533,0
0,0.004587034527851174,0
0,0.5928327254243246,1
0,0.1626853447900316,0
0,0.10092034527992406,0
0,0.4335327518963834,0
0,0.10411260441929736,0
0,0.5269092333995777,1
0,0.046600229028029475,0
1,0.8961860389752397,1
0,0.003043150828811892,0
0,0.6887666735637235,1
0,0.2087947289653638,0
1,0.7164000540565837,1
1,0.7086799034187204,1
0,0.5255197809422938,1
1,0.7686619957065584,1
1,0.4661419482301327,0
0,0.7442698478481848,1
0,0.17406962675848056,0
0,0.7948909002334336,1
0,0.10810787610855013,0
0,0.07231469003928596,0
0,0.7732258465355926,1
0,0.0017086465757111555,0
0,0.0003910420962032942,0
0,0.05104750441316684,0
1,0.6415588258800475,1
0,0.54959546276515,1
0,0.664603215499859,1
1,0.7240176242279067,1
1,0.6700385369590914,1
0,0.7044724469133671,1
0,0.1652009548212978,0
1,0.2020841409875738,0
0,0.031133751362629726,0
0,0.49404608789770654,0
0,0.10504667535091683,0
0,0.6861741650311877,1
0,0.8632359972403169,1
0,0.0385111502012762,0
0,0.01218903978828369,0
0,0.04584648442393339,0
0,0.8157613789836115,1
0,0.577064391598854,1
0,0.2392129276454922,0
1,0.9040581651298991,1
1,0.8250189713045566,1
0,0.06764149313584981,0
0,0.08519785930864834,0
0,0.11697979216304821,0
0,0.016826390314112115,0
1,0.6482987431253237,1
1,0.7543942807894595,1
0,0.572949869516967,1
0,0.014838212195709292,0
0,0.01104584331931789,0
0,0.6589778574660657,1
1,0.9719115577763529,1
1,0.9535543287885575,1
0,0.01975121251475885,0
1,0.6191892578079866,1
0,0.3497870356143108,0
0,0.07243782807887471,0
0,0.4674714514448496,0
0,0.0186103375732647,0
0,0.236228304783231,0
0,0.7855908029178927,1
0,0.23840225216802022,0
0,0.34564649933963576,0
1,0.4401348401050321,0
1,0.8324445583509149,1
0,0.18179569715915966,0
1,0.8188470978795512,1
0,0.30461771672116905,0
1,0.9692338616064431,1
0,0.8351905232001323,1
0,0.034036339645719865,0
0,0.09080248254307897,0
0,0.15112820555747197,0
0,0.5423078472830575,1
0,0.12998749647656485,0
1,0.7332017267089209,1
1,0.7365141542192182,1
0,0.011834509547186503,0
0,0.0007179254255299662,0
0,0.19830591277944257,0
0,0.5531015822275662,1
0,0.1846499676543359,0
0,0.021707635675291916,0
1,0.9153026160552611,1
1,0.7980799569318774,1
0,0.1454520240215038,0
0,0.5128468063724767,1
0,0.12334303432113804,0
0,0.007463760061286382,0
0,0.08085939184333976,0
0,0.06131194595103634,0
0,0.7093925367763468,1
0,0.008864074861802476,0
1,0.5707521987088394,1
0,0.6897167411138302,1
0,0.021862314657868583,0
0,0.004107734402699131,0
0,0.3129211393856527,0
1,0.9821802303757977,1
0,0.011880642559687564,0
1,0.7585144839302672,1
0,0.07598378548647823,0
0,0.0978180418537966,0
0,0.04012556718332241,0
0,0.0658889832785095,0
1,0.8868936727506546,1
1,0.8900935681052713,1
0,0.11130614991420552,0
1,0.48456631445305587,0
1,0.9605006561851714,1
1,0.5112081886741229,1
0,0.11605659960552864,0
0,0.023213402086724188,0
0,0.006871996364812124,0
0,0.1132136841187712,0
0,0.05036683647730949,0
0,0.09835836220809702,0
0,0.6929554964201238,1
0,0.000678169260191392,0
1,0.7628878442491962,1
1,0.85344300417091,1
1,0.7986628509392335,1
0,0.3230580847377294,0
0,0.28536191559838014,0
0,0.4065506074980844,0
0,0.2490497012145894,0
0,0.8942394622622561,1
1,0.9924586488936182,1
0,0.13496688674354196,0
0,0.7973391976080649,1
0,6.0598209922097376e-05,0
0,0.17161360306657888,0
0,0.5814437279164275,1
1,0.895505000671184,1
1,0.7784790668643967,1
0,0.8009539023135716,1
0,0.2894092286005502,0
0,0.231776614031439,0
1,0.9241645427543151,1
0,0.03181146854306868,0
0,0.5504211808536197,1
1,0.7653133482657682,1
0,0.2944967484176445,0
0,0.8523177092625767,1
1,0.59312266827909,1
0,0.045081919297128646,0
0,0.4885232034312661,0
0,0.10342946011461711,0
0,0.05815536319557543,0
0,0.30296810777152555,0
1,0.5512029137670983,1
0,0.01798631161957186,0
0,0.26559980345775114,0
0,0.09600863229377123,0
0,0.00293673225127778,0
0,0.03457445660569538,0
0,0.17062788982306118,0
0,0.48882055771050065,0
0,0.04554712795515554,0
1,0.6142457895700032,1
1,0.46271738594597717,0
0,0.2709009001889381,0
0,0.05158785227649587,0
1,0.8944209070745539,1
0,0.8173352638817487,1
0,0.03008930630557307,0
0,0.005006666160178376,0
0,0.6691952700481367,1
0,0.32018597586095043,0
1,0.6603657883840877,1
1,0.7778693075740892,1
0,0.008122893407202802,0
0,0.4591356026383277,0
0,0.47726248155043405,0
0,0.3776729284770089,0
1,0.021696749647972056,0
0,0.0021777940098345323,0
0,0.7805245944122471,1
1,0.463588690367595,0
1,0.9167380126514794,1
0,0.029956062038247164,0
1,0.9893927435684342,1
0,0.028234245613137664,0
0,0.021702994011047333,0
1,0.7724960277967725,1
0,0.026564627244780967,0
1,0.9844977956067221,1
0,0.0021481963977721787,0
1,0.6108312567794429,1
0,0.12649316896329882,0
1,0.8032463340769489,1
0,0.6451999674093684,1
1,0.9752588091197716,1
0,0.24906411060246966,0
0,0.8450863494762043,1
0,0.02626538189316842,0
0,0.4855662615475047,0
0,0.1566236923043093,0
0,0.6502313221323637,1
0,0.3275205558641264,0
0,0.011452795130625509,0
0,0.17010470512940593,0
0,0.13854838753483856,0
0,0.6598445651609546,1
0,0.03209288842068099,0
0,0.06207035442892266,0
1,0.5416163579274617,1
0,0.18635754615529776,0
0,0.9303811712699536,1
0,0.17030834160338282,0
1,0.510653892570168,1
1,0.9630145554634841,1
0,0.005559804514281675,0
1,0.6653781280613783,1
1,0.08128975242328512,0
1,0.9247364074128321,1
0,0.1865435567030228,0
1,0.9150008262484789,1
0,0.25291065643547866,0
0,0.29890865613824424,0
0,0.3960524602649911,0
1,0.7127689999769647,1
0,0.17440793660739465,0
1,0.9878053790484203,1
1,0.625066145024607,1
0,0.18698893248575785,0
0,0.07600247693730312,0
0,0.4461781372121354,0
1,0.6934777024690693,1
0,0.12371405441689601,0
1,0.41629188754828705,0
1,0.6239586496847941,1
0,0.031964349900415245,0
0,9.267420907120254e-05,0
0,0.5942372792720101,1
1,0.8551904983042279,1
0,0.012025091684222007,0
0,0.5958718850664975,1
1,0.8828583901043006,1
0,0.2065554718966821,0
0,0.11696574535562455,0
0,0.003718172180479935,0
1,0.7008180103955294,1
0,0.15218776932305003,0
0,0.6358087674787276,1
1,0.9028235182873423,1
0,0.339406835902087,0
1,0.014635458480091209,0
0,0.03865622802986096,0
0,0.5274762931999529,1
0,0.0023046540732659777,0
0,0.0017513505458156564,0
0,0.44850455591209953,0
0,0.07582487285526249,0
1,0.8541676728434233,1
0,0.282967868917485,0
0,0.06161522083336487,0
0,0.0004979330056201945,0
0,0.4329556681846205,0
0,0.7814178132967877,1
0,0.23934710313846555,0
1,0.7794244512803743,1
0,0.0005306344768769861,0
0,0.012200394148606047,0
0,0.4919131267046608,0
1,0.5406806175082075,1
0,0.45606076836966924,0
0,0.004937971364449894,0
0,0.019319682530770703,0
1,0.4461919383379158,0
0,0.36183098049383666,0
0,0.10599221761792575,0
0,0.40514078227868017,0
0,0.1891812971902263,0
0,0.0801441805417727,0
0,0.007480772942249566,0
1,0.6026685458604966,1
0,0.05835948073824821,0
1,0.6573090657008739,1
0,0.4574373434415827,0
0,0.9008346873519688,1
0,0.13306248597901568,0
0,0.010864677881659032,0
0,0.4339109885686451,0
1,0.7462677354082655,1
0,0.6567582899450106,1
0,0.2331902782287517,0
1,0.7671201889709196,1
0,0.051874715862152414,0
0,0.007849725866526238,0
0,0.04432050766061302,0
1,0.7104891453898857,1
0,0.2880332676843849,0
0,0.6556876496163005,1
0,0.10345253673217886,0
0,0.020468848947280262,0
0,0.6585787524244043,1
1,0.9019353530668819,1
1,0.6724692797621631,1
0,0.005029102955780517,0
0,0.0011880537552233022,0
0,0.03148829997013358,0
1,0.6231828008362581,1
1,0.6665264857608092,1
1,0.9081467136683856,1
0,0.0018088333691325446,0
1,0.5319221443297399,1
0,0.35188509154263437,0
0,0.14129158353415108,0
0,0.4942721985718854,0
0,0.0002465323508184615,0
1,0.3987864522559765,0
0,0.03050324418101646,0
1,0.794059339984608,1
0,0.04582365930817587,0
0,0.04371966459531308,0
0,0.3732448708180264,0
1,0.8762843836135886,1
1,0.7417203561811813,1
0,0.1344036967798305,0
0,0.2654967146999842,0
0,0.007999630372408254,0
0,0.3496384378543202,0
0,0.3753438987921183,0
1,0.8750323169853748,1
1,0.9819250782848883,1
0,0.14369934121613606,0
1,0.4611939013161631,0
0,0.12027754807383337,0
0,0.6311441164326484,1
0,0.16223002476665443,0
1,0.9314795650612742,1
0,0.4294295512100019,0
1,0.7197472027636179,1
1,0.8891848688965056,1
0,0.2877784467264694,0
0,0.19901738939677527,0
0,0.40660579610513126,0
0,0.0018672136581265124,0
1,0.9689854046566626,1
0,0.8232746466980748,1
1,0.9885460667129701,1
0,0.0025782306726998615,0
0,0.015554597522799455,0
0,0.036753192901246075,0
0,0.026030852546348498,0
0,0.14536457658978452,0
0,0.03882974100887942,0
0,0.034608462792018874,0
0,0.20186652791368107,0
1,0.2950059970286006,0
1,0.8353789980413051,1
0,0.144202131678859,0
0,0.007082974978327485,0
1,0.8611057180591823,1
0,0.4331650060954136,0
0,0.4120700075803626,0
0,0.012274806074176208,0
0,0.15450990961945277,0
0,0.21420254732039087,0
0,0.3193592980682475,0
1,0.753881720356849,1
0,0.23304171449687813,0
0,0.21275813548178912,0
0,0.5607282447007216,1
0,0.31313936109501384,0
0,0.17499481122445146,0
0,0.030128801324905665,0
0,0.030945566131823088,0
0,0.3340131544402823,0
0,0.06448934299392846,0
0,0.20395660301220325,0
0,0.13418075566034826,0
0,0.0016101032675589974,0
0,0.05865492076720152,0
0,0.20809873154351272,0
0,0.003368251739368463,0
1,0.7355102544113117,1
1,0.4930084424873052,0
0,0.11588381094451142,0
0,0.25031843556746103,0
0,0.06540691095112651,0
0,0.19379608128844636,0
0,0.005596419728044565,0
1,0.7543638453246566,1
1,0.8162265366693569,1
0,0.02088559523232611,0
0,0.1572523235579989,0
0,8.639134494938235e-05,0
0,0.5729599271133231,1
0,0.0011338954720504194,0
0,0.7202665516389017,1
0,0.0038964529292211405,0
1,0.6601335546905702,1
1,0.9833489802225623,1
1,0.7604232309468391,1
1,0.952854195470077,1
0,0.031022584435344225,0
0,0.6905049792342386,1
0,0.07661111264994898,0
0,0.032215713647726976,0
0,0.027708689106345066,0
0,0.01274799388854734,0
1,0.6441656282875833,1
0,0.0650471435392497,0
0,0.5418257812668736,1
0,0.5031707658916991,1
1,0.8795037961292776,1
0,0.0028338897367375633,0
1,0.7430718058792753,1
1,0.5525384950757094,1
1,0.7986785713205095,1
0,0.27457366418897317,0
1,0.7267594476865681,1
0,0.1674595931230388,0
1,0.04337931984386878,0
0,0.8956125687837629,1
0,0.014303489214157394,0
0,0.5405275434302248,1
1,0.5984959035111667,1
1,0.19285876073730443,0
0,0.44267388078756587,0
0,0.2945880265619376,0
0,0.016177591589404353,0
0,0.1668584391796329,0
1,0.48673005468334923,0
1,0.9928961384363718,1
1,0.9044713636426962,1
1,0.6908855822798582,1
1,0.9647200823124666,1
0,0.11986793275260174,0
1,0.5054387676870032,1
1,0.8851899641699943,1
1,0.5019635393849216,1
0,0.0034473516039699933,0
0,0.6694168697592029,1
1,0.9503169181456483,1
0,0.10841261764749763,0
1,0.6503177183630721,1
0,0.007830738323192947,0
0,0.044442841866030425,0
1,0.7998103036238494,1
1,0.894730975688823,1
0,0.02781730831743494,0
0,0.44437591522555486,0
0,0.015202304431044492,0
1,0.5482934640169516,1
0,0.5339498606566188,1
0,0.4822149721049167,0
0,0.025656296538961742,0
1,0.855877527545048,1
1,0.8742633017194138,1
0,0.5405483871100446,1
0,0.05422038017349671,0
0,8.452170698944206e-05,0
1,0.9705026113291507,1
1,0.7765140028975964,1
0,0.015501962835712112,0
0,0.36144242938291543,0
0,0.622367282654283,1
0,0.20010384127623612,0
0,0.08911453879973162,0
0,0.11932391626630784,0
0,0.8968803132093872,1
0,0.0001544756057227038,0
0,0.49193581459437347,0
0,0.58294636191057,1
1,0.6877439520628317,1
1,0.8987758015649894,1
0,0.28068386737535816,0
0,0.39571085906859443,0
0,0.001396128354960677,0
1,0.6666936314555175,1
0,0.10655267277815984,0
0,0.031032698967813927,0
1,0.9650290356956079,1
0,0.0029030601754538726,0
0,0.13457290936378496,0
0,0.5757079371402233,1
0,0.028694271412302078,0
0,0.3938038689941885,0
0,0.008641495565266152,0
0,0.8328210276462475,1
0,0.18483909403991625,0
0,0.004709427638379143,0
0,0.003423201064081791,0
0,0.8009338537980093,1
1,0.7827340938351582,1
0,0.03354119426836079,0
1,0.724895372976592,1
0,0.009804599479196392,0
0,0.4158853814015569,0
0,0.5835243121752348,1
0,0.5867321007127533,1
0,0.09202154619394105,0
1,0.9506080897855869,1
0,0.029703304197600294,0
0,0.14001432802627137,0
0,0.09530967900262577,0
0,0.6932987746634551,1
0,0.009527377823339801,0
0,0.27752991685692785,0
0,0.1933313447755078,0
0,0.0033128810116444516,0
0,0.5808401015554882,1
1,0.7042970635756978,1
0,0.3465952526650239,0
1,0.7792498375404973,1
0,0.5761128402871462,1
1,0.40438971616921443,0
0,0.18875747667588036,0
0,0.16536245564953952,0
0,0.3151067057299399,0
0,0.566067371632871,1
0,0.3140791480828916,0
0,0.5921603833360474,1
1,0.5496157816135003,1
0,0.3348072995973475,0
0,0.0203678708264243,0
0,0.6841189800597334,1
1,0.7239480259383533,1
1,0.9862262907847065,1
0,0.4459831372799337,0
0,0.1601134433675424,0
0,0.0035402447825778395,0
1,0.9688771873127371,1
1,0.9330875637374405,1
0,0.3721314250170087,0
0,0.003147551180567474,0
0,0.016518971821498026,0
0,0.03925463353116163,0
0,0.2153059238758705,0
0,0.007643852762293701,0
1,0.6335066820771047,1
0,0.1142320020648969,0
0,0.09497845249686254,0
0,0.31883889027627743,0
1,0.8940880307222022,1
0,0.6668158092773844,1
0,0.15005482990695737,0
0,0.15888741917350646,0
1,0.4529912194170247,0
1,0.968878175858898,1
1,0.9829646933551704,1
0,0.033124044773910455,0
0,0.7489266257614451,1
0,0.029801420902163245,0
0,0.03925282128087138,0
1,0.2867702423777392,0
0,0.14339254461868362,0
0,0.5683024925033674,1
1,0.854929614707163,1
0,0.290482677733466,0
1,0.9583385073887418,1
0,0.018999315087155327,0
1,0.3831082707274224,0
0,0.10450076316928233,0
0,0.5551945077743871,1
0,0.03426323688108969,0
0,0.019313269008864844,0
0,0.14893527632878947,0
1,0.6124207219404545,1
0,0.31176540683307713,0
0,0.014210289762650723,0
0,0.2599266228791963,0
0,0.00321438768796557,0
0,0.6625201590133313,1
0,0.08753701928501623,0
0,0.3467697513471308,0
0,0.6040510369890515,1
0,0.019101511709410542,0
1,0.5165845453452984,1
0,0.0289436571620943,0
0,0.4468743107947651,0
0,0.2632509050561472,0
0,0.3081993208607627,0
0,0.5834021656798231,1
0,0.0758382446115102,0
0,0.03777794018689394,0
0,0.010119232588011071,0
1,0.24408721770755307,0
0,0.01837553154049147,0
0,0.0917088570536738,0
1,0.8493366422916744,1
1,0.9920986363024378,1
0,0.09419383691908137,0
1,0.8653909915589613,1
0,0.028076672851198286,0
1,0.6379903361549666,1
0,0.5076466940775868,1
0,0.3853870338042784,0
0,0.4996050222267732,0
0,0.0838471369603424,0
0,0.1393469946659467,0
0,0.5790023000765594,1
0,0.01454095595667334,0
0,0.08217746302373084,0
1,0.9730541225500703,1
0,0.0023831934991070036,0
0,0.0581201773801668,0
0,0.013577741114283039,0
1,0.868799466836932,1
0,0.1391441462716087,0
0,0.050904029477541635,0
0,0.13070788455430238,0
1,0.995263906851128,1
1,0.5674665773730616,1
1,0.9708816142147996,1
0,0.06263944479712337,0
0,0.06165356109541136,0
0,0.07288820935829284,0
0,0.0026062965431469954,0
1,0.6533746930477669,1
0,0.0010864183678777207,0
0,0.03314394503313973,0
0,0.1647447696975693,0
0,0.4941239407181323,0
0,0.22038048581441194,0
1,0.9931095165866679,1
0,0.03173969542151326,0
0,0.057750224745478106,0
0,0.08025032283861534,0
0,0.3437741780397149,0
0,0.21522794638781997,0
0,0.2845424735553549,0
0,0.049707496320435085,0
0,0.1341617930682196,0
0,0.35298010146416947,0
1,0.4543754454016274,0
0,0.21125241372845377,0
0,0.08399074448906556,0
0,0.026559755206299707,0
0,0.0001493554568721994,0
0,0.24584455344385014,0
1,0.9273415813913617,1
1,0.6485818769893049,1
0,0.05541439547636435,0
0,0.09788350981142366,0
0,0.08597847749639398,0
0,0.09563686978215236,0
0,0.29048338094802745,0
0,0.4153199135110439,0
1,0.9206716953635333,1
0,0.08396853589445563,0
0,0.4593685493654997,0
0,0.6593960967276999,1
0,0.43213224319258786,0
0,0.00807325347504472,0
0,0.057533196603627525,0
0,0.15694170707256408,0
0,0.7150931268996449,1
0,0.250038376771209,0
0,0.2294046306662642,0
0,0.14269487677731627,0
0,0.48819427188772435,0
0,0.056307759137435756,0
0,0.2777465950645406,0
0,0.3618248101595702,0
0,0.008579128991522276,0
1,0.9896681483055365,1
0,0.00037439077828110465,0
0,0.35674382326631704,0
0,0.08432469003439366,0
0,0.09838223884963097,0
0,0.3792532005967835,0
0,0.0034220419371278304,0
0,0.25147230592951697,0
1,0.7936545744753264,1
0,0.3696069760131098,0
0,0.2596538072017636,0
0,0.024150709763795124,0
0,0.39774951117793395,0
1,0.5857576068441632,1
0,0.4187909670221267,0
0,0.006209395083949277,0
0,0.022707869126293946,0
0,0.5169117616269474,1
0,0.3032471769091757,0
0,0.00252304765012326,0
0,0.24819970649740516,0
0,0.0001750036056289421,0
1,0.9769332191499994,1
0,0.0306396644109556,0
0,0.5078044098274077,1
0,0.017088107514809447,0
0,0.274827570180911,0
0,0.43009490306681425,0
0,0.2368594377646345,0
1,0.12765618116072835,0
0,0.04434638139524663,0
0,0.4059700449234797,0
0,0.4812846123869181,0
1,0.6726346716551591,1
0,0.00022192226023409571,0
0,0.3753021812232857,0
1,0.4154377337183817,0
0,0.39688856044752063,0
0,0.653297785702503,1
0,0.059505196961358114,0
1,0.7526889132421386,1
1,0.48984714214333347,0
0,0.0034228558615583713,0
0,0.35681385409197747,0
0,0.3240725388427144,0
0,0.006044032654752457,0
1,0.8144173830058453,1
0,0.7749623140781315,1
1,0.9837549665673843,1
1,0.8686594980835068,1
0,0.7103098256711448,1
0,0.14055397302350808,0
0,0.1526121508594621,0
0,0.0630858872805533,0
1,0.7210433880997507,1
1,0.6073128933535156,1
0,0.36787660517922927,0
0,0.012225121806139206,0
1,0.8553818951749425,1
0,0.12313118472012437,0
0,0.07445681121214424,0
0,0.7777185358822654,1
0,0.0009713992844126642,0
1,0.9222042994327709,1
0,0.17297955716729554,0
0,0.0404145106716011,0
0,0.5732380487491164,1
1,0.6977938378525169,1
0,0.7692928283234032,1
1,0.6517283565561552,1
0,0.059711263695234794,0
0,0.78990675415044,1
0,0.6353600779798376,1
1,0.597096661850808,1
0,0.08599966195904835,0
0,0.7753821484414835,1
1,0.3528988012684219,0
0,0.7603069754778383,1
0,0.00018295350956084962,0
0,0.5771079538087803,1
0,0.8939736444147407,1
1,0.6755743877480835,1
0,0.09540190444210402,0
0,0.16000883851982553,0
0,0.013567396370382062,0
0,0.0029261617249319266,0
0,0.0019487961178907883,0
0,0.5226515109246768,1
0,0.025441519902888995,0
0,0.09422865714708134,0
0,0.5128929637160096,1
1,0.743896701798425,1
0,0.5308966318117756,1
0,0.728755232165415,1
0,0.5239978548920152,1
0,0.07980993649851446,0
1,0.90254928546862,1
0,0.07324930855579774,0
1,0.599739585281539,1
0,0.7076840621339461,1
0,0.004883577787420182,0
0,0.31744419967219434,0
0,0.2125632615463385,0
0,0.01742096132736745,0
0,0.009645738806510748,0
0,0.5507110563601542,1
0,0.9622321555059595,1
0,0.49359591281253673,0
0,0.0026849633411741474,0
0,0.012845347927299732,0
0,0.0008841878006464791,0
0,0.5960114580570263,1
0,0.009571462892802987,0
1,0.8535908561133476,1
0,0.1331106601474418,0
1,0.9854993202131381,1
1,0.6569808513571932,1
0,0.41513350498795615,0
0,0.03451514611998567,0
1,0.7779431797404638,1
0,0.07820882426994448,0
0,0.46749188030336447,0
0,0.006353955819661953,0
0,0.3918556543546864,0
0,0.13376533733410484,0
0,0.037348166510613144,0
1,0.9795160394516106,1
1,0.8195465900403477,1
1,0.9068278888753053,1
1,0.5241311828469708,1
0,0.19333206060589636,0
0,0.29759433503874444,0
0,0.00031741784783424813,0
0,0.6884257736175868,1
1,0.9399101916492163,1
0,0.15213584502604202,0
0,0.5617103173532583,1
0,0.003932335917546814,0
1,0.9212841697096663,1
0,0.07484250346577792,0
1,0.7534956888102052,1
1,0.9706907792915115,1
0,0.5508227771203563,1
0,0.27742682359099147,0
0,0.055235103833101595,0
0,0.020364713760764954,0
0,0.0946995468747058,0
0,0.0023942750096136896,0
0,0.7290778344865295,1
0,0.04883910682479907,0
0,0.007465096929479483,0
0,0.5453232131147843,1
0,0.0320406193646195,0
0,0.09522674162071722,0
0,0.43606807059284697,0
0,0.006785956308695992,0
1,0.9570215780107293,1
0,0.7399490817665569,1
0,0.07017187225122665,0
1,0.5068325401622574,1
1,0.6573056643983289,1
0,0.4056279028389417,0
0,0.527784667004474,1
1,0.6077816069457975,1
0,0.2567772655587909,0
0,0.0008787623821747763,0
1,0.8559465584629258,1
0,0.29090923670719737,0
1,0.6853200613034645,1
0,0.28893624441422633,0
1,0.33135506515103663,0
0,0.2478142084396425,0
0,0.09542696120506196,0
1,0.46836196564099697,0
0,0.21436729768569,0
0,0.14195293121198427,0
0,0.05781322774493451,0
1,0.9740989217394741,1
0,0.7607846768441328,1
1,0.9613587539975049,1
0,0.5058216312942139,1
0,0.42059297097946674,0
0,0.04962112572716252,0
0,0.8528299927081123,1
0,0.494283728359039,0
0,0.0584731199755291,0
0,0.0017982479391544686,0
1,0.9628086242165388,1
1,0.31862184873972405,0
0,0.003299732872796775,0
0,0.09975639933244611,0
0,0.5215157784690988,1
0,0.6125481751849542,1
0,0.6668727349989193,1
1,0.9121293117262413,1
0,0.5018545253730307,1
0,0.30842734835870755,0
0,0.3032490696594999,0
0,0.4601517434534161,0
1,0.6169254250386159,1
0,0.8253352939015123,1
0,0.014351113484126588,0
1,0.6363529505847512,1
0,0.34226633334442774,0
0,0.44657627162742114,0
0,0.10007207505581762,0
1,0.7831323470633931,1
0,0.7883108553887647,1
0,0.06917308266751972,0
0,0.3517863577178167,0
1,0.3171351960090759,0
0,0.16101114189619053,0
0,0.8044369707073592,1
0,0.5947726278757177,1
1,0.5979043723872695,1
1,0.7045071433992438,1
0,0.00014301123291755765,0
0,0.6265011100152109,1
0,0.2564086114909045,0
0,0.41351247658195706,0
0,0.011056490485310726,0
0,0.1563735078463499,0
0,0.4093411529742423,0
1,0.28638500147117774,0
1,0.832683040694088,1
0,0.658455769959367,1
0,0.722608621220642,1
0,0.0457388439581344,0
1,0.9798725189633773,1
0,0.5783499335679239,1
0,0.0002018950400282777,0
0,0.4528492324465548,0
1,0.5858513838766136,1
0,0.5858633089409692,1
0,0.002392335771079437,0
1,0.9044771408730823,1
0,0.04348390573319654,0
0,0.023417722781301907,0
0,0.0891450688113741,0
0,0.6069112420857391,1
0,0.022995133680673126,0
0,0.033310670115665936,0
0,0.01766052110282095,0
0,0.3904722812846623,0
0,0.021589041446880633,0
1,0.4760604034597361,0
0,0.0043463434007328175,0
0,0.004765046668677644,0
0,0.00836633508000532,0
0,0.03348036528403456,0
0,0.08947952661009279,0
0,0.28469490105167894,0
1,0.25061259838415695,0
0,0.5429847376508423,1
0,0.0036452086699989834,0
1,0.662515443949923,1
0,0.36308505335888697,0
1,0.681993993733873,1
0,0.707431029210274,1
0,0.014905915857816249,0
0,0.30620646601068024,0
0,0.1352701807431852,0
0,0.08114579309987,0
1,0.7596922091967923,1
0,0.30678367828252606,0
1,0.6061139297276226,1
1,0.7696631854584356,1
0,0.8744532066652733,1
0,0.2862075404777539,0
0,0.34304708823696434,0
0,0.10694628471144135,0
0,0.898677776946721,1
0,0.19894684267680998,0
1,0.1613720178253281,0
0,0.04441659767571367,0
0,0.011384397046488127,0
0,0.608400796542794,1
0,0.3770805963643789,0
0,0.6063998538223201,1
0,0.6125087228404521,1
1,0.7700625756034791,1
0,0.6888955235422994,1
1,0.6163738557256463,1
0,0.3989842329704964,0
0,0.5591763107252106,1
0,0.07174827727636862,0
0,0.14018944502114103,0
0,0.31421480250886935,0
0,0.30263236643476754,0
1,0.5914665000978577,1
0,0.7277047142710134,1
1,0.6744895779011856,1
1,0.9845869819329156,1
0,0.05145450110934986,0
0,0.22352327590111704,0
1,0.8840561036358769,1
1,0.6603786221097971,1
0,0.02520240555956956,0
1,0.9938848135177782,1
0,0.012077599937277061,0
0,0.15490044360642188,0
1,0.9302107803851712,1
0,0.02124450882497692,0
1,0.9644010429392834,1
1,0.9367555210694715,1
0,0.2660085145697248,0
0,0.41132244984536803,0
0,0.0039084774862347856,0
0,0.7834274434408176,1
0,0.26112247397810306,0
0,0.14059840755913192,0
0,0.0015671164506339732,0
1,0.9832382491181113,1
1,0.9321588327786816,1
0,0.03928656782057494,0
0,0.006557699150755332,0
0,0.4263685767980603,0
0,0.025611221639371302,0
0,0.0001022698080551758,0
0,0.01316960606354186,0
0,0.027776639052126538,0
0,0.07268189448262331,0
0,0.4978457895434553,0
0,0.0364874064663427,0
1,0.9783477970819475,1
0,0.005212486588128738,0
0,0.09167048749863123,0
0,0.007884107393855332,0
0,0.022564857567862917,0
0,0.012352181243166185,0
0,0.22508181484758003,0
0,0.2531822530110747,0
1,0.5273811750613494,1
0,0.2214336105404041,0
0,0.6908457439996726,1
1,0.5505852053218944,1
1,0.64974277936592,1
0,0.013175195035950892,0
0,0.6499021714939078,1
0,0.03020338909939092,0
0,0.11113187487655293,0
0,0.5862510426208544,1
0,0.3578881795551798,0
0,0.1413503472767366,0
0,0.00028323226700717203,0
1,0.8365438277920225,1
0,0.416049556390699,0
0,0.06744647293558236,0
1,0.4203671205495443,0
0,0.3052154233444428,0
1,0.6528309839494232,1
1,0.9669075077397495,1
0,0.4774848804601434,0
1,0.8995793765203761,1
0,0.882319041989986,1
0,0.023778415598542796,0
0,0.03740359459575158,0
0,0.004016640317394937,0
0,0.039290577953732544,0
0,0.23326878248316296,0
0,0.08875523484823013,0
0,0.028154489306213767,0
0,0.7962343781160036,1
0,0.3847253013235716,0
1,0.5434659791393766,1
0,0.7359194530213417,1
0,0.0012553013541713232,0
0,0.21255261151257224,0
0,0.0059235374121192775,0
0,0.24820045564705326,0
0,0.4125904642666605,0
1,0.48972117497137874,0
1,0.3737812695065609,0
0,0.054522503446026056,0
0,0.8550627263688051,1
1,0.9023735891968266,1
1,0.5102481249911136,1
1,0.7882519004544677,1
0,0.28933698384496104,0
0,0.006434032462278947,0
1,0.8637195454480163,1
0,0.002690928116149128,0
0,0.0011427266062950605,0
0,0.6229442206921512,1
0,0.3881229294301784,0
1,0.598446061830629,1
1,0.8782215025044254,1
1,0.58484243262471,1
0,0.5315209916162628,1
0,0.17417472997141908,0
0,0.2596175723652077,0
0,0.002081213991136814,0
0,0.10740665427667816,0
0,0.1834371751184184,0
0,0.37852670635715296,0
1,0.6569771545814828,1
0,0.49798971643340423,0
0,0.17232283780720004,0
0,0.6248779535137153,1
0,0.14616416019992173,0
0,0.3765498448316474,0
0,0.1313132832275458,0
0,0.5403547536957403,1
0,0.22956939728745804,0
1,0.46944507458538015,0
1,0.954976234958338,1
1,0.7781812473029963,1
0,0.5536795347458996,1
0,0.015953654895513612,0
0,0.67546236743797,1
0,0.6157771539477292,1
0,0.017420843473597354,0
0,0.19438434427170254,0
0,0.5612828042046778,1
0,0.014098857459547913,0
1,0.7701079756886599,1
0,0.15675299667589715,0
0,0.07621519502600177,0
1,0.6061832461495591,1
1,0.6433588664754992,1
1,0.2898601421638086,0
0,0.0605189317209116,0
1,0.6087361546307481,1
0,0.3347916658877134,0
1,0.9212941718700277,1
0,0.10914711164469386,0
1,0.7801747471050758,1
0,0.3304852233784689,0
0,0.0023692096180294962,0
0,0.3823494814708109,0
0,0.022767163279337203,0
0,0.5197738696412398,1
0,0.022639383691501303,0
0,0.07981629951162236,0
0,0.004986823677138801,0
1,0.9843469606085778,1
1,0.8522761793149537,1
0,0.11098379843383287,0
0,0.00280958359725477,0
0,0.028636269177592513,0
1,0.9798933639575553,1
0,0.0023306736296347,0
0,0.002699672653873469,0
0,0.032259405526361015,0
0,0.08141912165638968,0
0,0.08071902781400545,0
0,0.45631211860258164,0
1,0.3839898951007359,0
0,0.06425309944367594,0
0,0.11781353983584668,0
0,0.03603370706956953,0
0,0.8030433124402291,1
0,0.05940465704505043,0
1,0.6841967870757762,1
1,0.6994984492238043,1
1,0.6628578833785057,1
1,0.6026255193014197,1
0,0.06552572573362446,0
0,0.32190935274459337,0
0,0.0010533437722966203,0
0,0.10930659357124266,0
0,0.18000746622645428,0
0,0.009689136371056636,0
1,0.7911939802529031,1
0,0.8211471924896301,1
1,0.900456505126396,1
1,0.9371119936828486,1
0,0.16450783649068715,0
0,0.1304273224835147,0
1,0.9226992151160954,1
0,0.0031836848195223224,0
1,0.959390100608926,1
0,0.27713839773036153,0
0,0.021974087827298535,0
0,0.22142056258201767,0
0,0.12446357718332787,0
1,0.6621925347823393,1
1,0.9262283696435961,1
0,0.024911266564219926,0
0,0.04101675711302858,0
0,0.05445401179550155,0
0,0.18936993321892975,0
0,0.0635013199614533,0
0,0.3080327126047997,0
0,0.009404572163597727,0
0,0.6896915168864362,1
0,0.27678931290454245,0
0,0.4160087666924905,0
0,0.6426617455667233,1
0,0.13316414364268142,0
0,0.16818358293394498,0
0,0.07075576322949365,0
0,0.40623546990953474,0
0,0.04516014515344845,0
1,0.9002118503831191,1
1,0.7107131006433801,1
0,0.004791169551913069,0
0,0.0017473172008381492,0
0,0.05049312227282096,0
0,0.1965064726160786,0
0,0.6115162507439618,1
0,0.6094353292825956,1
0,0.06076996016990261,0
0,0.2749464275573877,0
0,0.014651345596402928,0
0,0.5048753372974873,1
0,0.43525211227984834,0
0,0.3534735316393245,0
0,0.596115194529305,1
0,0.4298236231179327,0
1,0.5835658166904857,1
0,0.00022192226023409571,0
0,0.016674712778180122,0
1,0.8297382733321349,1
0,0.7657706712163662,1
0,0.012429372027833965,0
0,0.061327067464982093,0
0,0.7031252784447399,1
0,0.10089686770434031,0
0,0.49081398682263133,0
0,0.02523484069983428,0
0,0.6462746272127279,1
0,0.4996233350747958,0
0,0.33756485537506603,0
1,0.6297686057900649,1
0,0.20928148609167882,0
0,0.6534690092537735,1
1,0.13192947086404844,0
1,0.8240592276617891,1
1,0.9153324719331258,1
0,0.3248735619339232,0
0,0.009471623862570886,0
0,0.041250014617288736,0
0,0.15180082554725755,0
0,0.6961639686691092,1
0,0.010610965656465146,0
1,0.9711477034014676,1
0,0.770925111832249,1
0,0.78120261991631,1
0,0.03364964874173551,0
0,0.10792034949371572,0
0,0.21487772158872886,0
0,0.7471534564796934,1
0,0.02049507942183892,0
0,0.6733807238302777,1
0,0.03758661785264773,0
0,0.0042078023353677475,0
0,0.01683478466516366,0
0,0.1471441467833867,0
1,0.9285993684830618,1
0,0.05796178671563539,0
0,0.0007027440832132528,0
0,0.15128276436617988,0
0,0.15171661097596983,0
0,0.6783395397048715,1
1,0.7845510255936486,1
0,0.017823869929584943,0
0,0.03272044942625715,0
1,0.8197723150127841,1
0,0.20140302154331924,0
0,0.8637585158145784,1
1,0.6824402157622957,1
0,0.1064420899871346,0
0,0.6225690704823829,1
0,0.4809130869477594,0
0,0.02365817892640149,0
1,0.5015262042141682,1
0,0.006528996318903166,0
1,0.8655121341411365,1
0,0.020943029198736158,0
0,0.05667254170259024,0
0,0.13793152881699233,0
0,0.001330857400631811,0
0,0.09769523263108484,0
0,0.10967110515684285,0
0,0.01584343723714747,0
0,0.15349930755036323,0
0,0.7686243596455441,1
0,0.800214481158874,1
0,0.13781488650262885,0
0,0.6259012989167646,1
0,0.0274870839465146,0
0,0.7623084937566227,1
0,0.27998058509751855,0
1,0.9944492898785149,1
1,0.7925855599791057,1
0,0.08749016734859022,0
0,0.3190224428332394,0
1,0.6942361759107228,1
0,0.002369559943017659,0
0,0.13876477487827044,0
1,0.9625311636089068,1
0,0.3608830058554275,0
0,0.7486027535602267,1
0,0.0034924030825706333,0
0,0.921782960171091,1
0,0.4355017346764541,0
0,0.30517293883896496,0
0,0.10515218584707837,0
0,0.35728439155207664,0
0,0.24828386434950672,0
0,0.47242763044678476,0
0,0.32549034493937745,0
1,0.8195467929108939,1
0,0.098414938034007,0
0,0.08589138594236627,0
0,0.028649423243548137,0
0,0.39152996438627985,0
0,0.3219839801358439,0
0,0.02155246335722614,0
0,0.00504636896253772,0
0,0.6770494445181376,1
0,0.5669614929395359,1
0,0.5601844144457484,1
1,0.8322655907013319,1
1,0.8399378723546518,1
0,0.0005431198404578073,0
0,0.4513985630648341,0
0,0.05327197583084052,0
0,0.17048062516424078,0
0,0.6169243850955018,1
0,0.04911466564998006,0
1,0.18613280206800067,0
1,0.9178182237771286,1
0,0.1348473803307428,0
0,0.07115324091537,0
0,0.4445041198034399,0
0,0.32425720260527285,0
0,0.027443664019895144,0
0,0.0461013578681968,0
1,0.6894273960093165,1
0,0.007493997442990799,0
0,0.10978355302367096,0
0,0.4978989900143978,0
0,0.07186035747375362,0
1,0.4853420900722156,0
0,0.011577329721355655,0
0,0.11475687039956183,0
0,0.07896415080677563,0
0,0.3026262311012331,0
1,0.9884755814892505,1
0,0.037782514301986696,0
0,0.13423608717791902,0
0,0.0048025257170217165,0
0,0.8621966893688164,1
0,0.38283585928124547,0
0,0.589118675305734,1
0,0.2064664403604205,0
0,0.5143371125299765,1
0,0.49612719769008634,0
0,0.24547719160053996,0
0,0.7499248709997905,1
0,0.002444556813407725,0
0,0.04535555036071712,0
0,0.0009521092472622546,0
0,0.04114040917594904,0
0,0.6391300496305836,1
0,0.08118875026580327,0
0,0.42614129217520885,0
0,0.5397889927739062,1
0,0.34082763562718027,0
0,0.032528144388767416,0
0,0.0404451455601458,0
1,0.3161087962334397,0
0,0.013992232093485919,0
0,0.03147641628308131,0
1,0.7504727752987075,1
0,0.38466158218606983,0
0,0.004823793090179065,0
0,0.011270244155620203,0
0,0.14124920701305604,0
0,0.7111194150363969,1
0,0.44497580112868673,0
1,0.7771718781582098,1
0,0.06079688175373629,0
0,0.02708483356259438,0
1,0.701016052405337,1
0,0.43893606936286367,0
1,0.6156855179160928,1
0,0.007112815654098373,0
0,0.6188598712582082,1
0,0.005977271472653449,0
1,0.8430256987266598,1
0,0.048037724585248624,0
1,0.5119365832368625,1
1,0.9055907481513865,1
1,0.9485112774422915,1
0,0.3481466503864986,0
0,0.9245592960092422,1
0,0.00047688630910142185,0
1,0.6380018986190852,1
1,0.9103861067498603,1
0,0.00045147423639908314,0
0,0.705801508768762,1
0,0.02305895101822322,0
0,0.0026712088859958596,0
0,0.14741886838798166,0
0,0.03187923744004493,0
0,0.014787616176739803,0
1,0.6772777289515768,1
1,0.028322997932033182,0
0,0.4743130299896623,0
0,0.3757256332092896,0
0,0.33388523305630013,0
1,0.5546552248325459,1
0,0.003858666370414631,0
1,0.7255956181705528,1
0,0.5077307881222489,1
0,0.36368837512325985,0
1,0.8028105022466022,1
0,0.7217667378787361,1
0,0.002818498453452606,0
1,0.9191429354004197,1
1,0.8562913158146381,1
0,0.7287802524694302,1
0,0.3119628823225254,0
0,0.25336586445718895,0
0,0.07679511588479902,0
0,0.3436303326381406,0
0,0.2835319299362167,0
0,0.14516116721652358,0
0,0.009809495069854861,0
0,0.0060766026090436935,0
0,0.07214203556803692,0
1,0.81226521248254,1
1,0.9731793661533933,1
0,0.06632581808009086,0
0,0.016842378817435527,0
0,0.34363512762165843,0
0,0.6007465839173503,1
0,0.00767418303171168,0
0,0.3050305418188867,0
1,0.956789844112097,1
0,0.1896010102132743,0
1,0.6922706566036652,1
0,0.30378750148913036,0
0,0.7653819985924628,1
0,0.14448558096734607,0
0,0.34759771224852065,0
1,0.7511778972159312,1
1,0.4247967339254009,0
1,0.7285585967120692,1
0,0.005894424544268465,0
0,0.17779743243723325,0
0,0.025376063110387894,0
0,0.06741698176972041,0
0,0.6818614853438398,1
0,0.2855771900617411,0
0,0.478655030042864,0
1,0.9880773451787564,1
0,0.752579262494455,1
0,0.15666701344725734,0
0,0.6088466178992066,1
0,0.48168640987560535,0
0,0.017297112717580793,0
1,0.792674927958452,1
1,0.8212692339304943,1
0,0.8504976008326947,1
0,0.20285089569450526,0
0,0.6106872189555361,1
1,0.45970596359138965,0
0,0.017218475738307964,0
0,0.031631583404754936,0
0,0.48574510619180006,0
1,0.5449706830969222,1
0,0.1345486442426547,0
0,0.5446643046052974,1
0,0.10090412234275759,0
0,0.012430106985891864,0
0,0.3493000531206139,0
0,0.09274320919783363,0
0,0.0935548825671188,0
0,0.5331639198369978,1
0,0.20552831101976596,0
0,0.0006694994028257222,0
0,0.17744968276154632,0
1,0.9785715891642336,1
1,0.9954137159253249,1
0,0.5585683831574421,1
0,0.45723523263362875,0
0,0.13752614055237933,0
0,0.326175397122793,0
0,0.06272307407112498,0
0,0.0004165488360805899,0
0,0.5549954570121154,1
0,0.014090160524513723,0
1,0.528997423085318,1
0,5.0139746020119726e-05,0
0,0.06095619467806675,0
0,0.1619971935806174,0
0,0.06715813760429556,0
0,0.26209384398761487,0
0,0.42535739749579016,0
0,0.21127041017957346,0
0,0.20550589460554813,0
0,0.03237606610852855,0
1,0.6166819705472713,1
0,0.0793161731205581,0
0,0.027837456254316672,0
0,0.2227569275248164,0
0,0.28581645029931235,0
0,0.3022882251295169,0
0,0.4088658751409511,0
0,0.15666333018148867,0
1,0.9951773212527659,1
0,0.07189973772193693,0
0,0.008630962316333287,0
1,0.6845256428783576,1
0,0.2259186923411191,0
0,0.13392833610281601,0
1,0.96887316222175,1
1,0.7942413026896324,1
0,0.007044826641107916,0
0,0.0030267841860885706,0
0,0.29768945923810575,0
0,0.468338285018899,0
0,0.21269080959142925,0
0,0.020349051823467773,0
0,0.09536981095268068,0
1,0.8459094891842366,1
0,0.0009279559661867089,0
0,0.008537378666962081,0
0,0.020098913845941355,0
1,0.8513657622890173,1
0,0.024036435279063264,0
1,0.9443738189300643,1
1,0.9093618654414418,1
1,0.8828408570567753,1
0,0.24781736587999656,0
1,0.9089636171168474,1
0,0.2558656819091268,0
0,0.0010056362351783437,0
0,0.46661421165969186,0
0,0.10181618988889078,0
0,0.3892381606068107,0
0,0.07078211703616183,0
1,0.9953759333962375,1
0,0.7572896323371278,1
0,0.04241851242124698,0
0,0.015296568487982828,0
0,0.0012294000698921176,0
1,0.18884113299960595,0
0,0.6134675700574025,1
0,0.231135931781439,0
0,0.5537854449721116,1
0,0.5234680096916476,1
0,0.2416864073460305,0
1,0.9957747144798688,1
0,0.47371401008833913,0
1,0.2232614899943193,0
1,0.6417826392605166,1
0,0.6512739656488488,1
0,0.020665391086631898,0
1,0.9414614814654608,1
0,0.05046388980866061,0
0,0.4813320569310793,0
0,0.5302425312964836,1
0,0.05143004215999182,0
1,0.5471342388283951,1
0,0.024196642361425224,0
0,0.004078941152132161,0
0,0.052981506691767204,0
0,0.7490240863553144,1
1,0.9870105970690196,1
1,0.9793762208335831,1
0,0.1163699445172256,0
0,0.49244672621432745,0
0,0.11661893690674074,0
0,0.18594731437465864,0
0,0.0019959689954225576,0
1,0.9177954917744667,1
0,0.025276200314709008,0
0,0.5589481284606239,1
0,0.6621537441934213,1
0,0.00117817279008819,0
0,0.8785976068760302,1
0,0.03357227372642576,0
1,0.5141829101265508,1
0,0.012715195766709628,0
0,0.3388282558206585,0
0,0.16994236504873028,0
0,0.17199095638181772,0
0,0.568890804909287,1
0,0.19379096939795226,0
0,0.5707257318384761,1
1,0.30769135306165446,0
0,0.07177274035329814,0
0,0.013239716144483202,0
1,0.9025437760219654,1
0,0.06756635434659716,0
1,0.8305204028858952,1
0,0.39626948300492465,0
0,0.010623306551422547,0
1,0.6550476043682276,1
0,0.24747261440346993,0
0,0.7492578799527555,1
0,0.6492609018030137,1
1,0.6628785869726365,1
0,0.002282932067001414,0
0,0.1976518119217583,0
0,0.0035428876317547906,0
0,0.895249511506573,1
1,0.9125718788083492,1
0,0.0068391775170400905,0
0,0.09668260721895607,0
0,0.017441165894267394,0
1,0.6563207666769966,1
0,0.025960953034801282,0
0,0.05344546415858454,0
0,0.5617099850542832,1
0,0.5383069077435554,1
1,0.5367575059617723,1
0,0.7902320683192489,1
0,0.03209260438042102,0
0,0.49951266852367004,0
0,0.4110072514318285,0
0,0.12007671712907145,0
0,0.12054408209545606,0
0,0.8708593704538966,1
0,0.2519609940481078,0
0,0.08935299927025259,0
0,0.5012625653389895,1
0,0.5777908184534307,1
1,0.9289773802729127,1
0,0.0033924533958211533,0
0,0.0006721573927652726,0
0,0.0595663706857252,0
0,0.7913103099484984,1
0,0.1600760192982189,0
0,0.6748872256507212,1
0,0.00027213932342078014,0
1,0.9597236491761649,1
0,0.03432922565140053,0
0,0.4323372663794555,0
0,0.08141999124472375,0
0,0.0725299640011387,0
0,0.02747469496858275,0
0,0.5772513701404028,1
0,0.822480522343361,1
0,0.8504813120710321,1
0,0.5320040386585211,1
0,0.6121463769306797,1
0,0.114154384006282,0
0,0.30915296174035983,0
0,0.05679858900975572,0
0,0.20274196627356483,0
0,0.0019511523088949568,0
0,0.02162775525631371,0
0,0.009020704606353855,0
0,0.14184689872211198,0
1,0.9142780049424438,1
0,0.3468112505382814,0
0,0.6805194114237024,1
0,0.014367915946009942,0
1,0.26479751302305776,0
0,0.01104043540519182,0
0,0.020719609496791844,0
1,0.572686445985345,1
0,0.03371434312813191,0
1,0.74823868230745,1
0,0.11708306431514162,0
0,0.00013967091913566195,0
1,0.9764384547499858,1
0,0.68754481644602,1
1,0.8584153585069191,1
0,0.2652013089106978,0
0,0.6370905195255285,1
0,0.45790834638578637,0
0,0.11827930878151993,0
0,0.07012910287609106,0
0,0.01069098782800585,0
0,0.5312337091202182,1
0,0.0032456336732991364,0
0,0.49952028172014074,0
0,0.03131515783517258,0
1,0.8035592478927662,1
0,0.06765147334378875,0
0,0.003978300668445459,0
1,0.683704275275723,1
0,0.5194832716124803,1
1,0.6019728138755628,1
0,0.06865748278428391,0
0,0.05242793842666351,0
0,0.44196520005388834,0
0,0.006979329610284289,0
0,0.6950216062777775,1
0,0.017470728968012397,0
0,0.0048504015601111864,0
0,0.10734859919937868,0
0,0.003220022415646641,0
0,0.383300561381718,0
0,0.04064785484911221,0
1,0.9725920836130333,1
1,0.9807074732198426,1
0,0.5341277575343738,1
0,0.021042242698884994,0
0,0.04797514850525902,0
0,0.006099566819393627,0
0,0.1327521522582793,0
0,0.5549598219760861,1
0,0.6099830229564893,1
0,0.001242113387782362,0
1,0.8724889277575026,1
0,0.3889577560993692,0
0,0.3071140436859237,0
0,0.6660935071268896,1
0,0.5669942544678108,1
0,0.2393883811687201,0
0,0.27369371691655403,0
0,0.7647432466401884,1
1,0.7491097742324901,1
0,0.7469529089285127,1
0,0.016270115913510023,0
1,0.9545992397165454,1
0,0.16158372095634693,0
0,0.6363635608062779,1
0,0.0018688311218760638,0
1,0.4424113263761938,0
1,0.5107124845213558,1
0,0.025546205901784805,0
0,0.009168708675165962,0
0,0.13609651961807923,0
0,0.004039458060957107,0
0,0.2918459298773726,0
0,0.39169835541779685,0
0,0.7134532484324873,1
0,0.012857308187979588,0
0,0.01786909024554811,0
0,0.0060524873809581605,0
0,0.5288048427402751,1
0,0.0036636924078119492,0
1,0.5043841307815665,1
0,0.4367913296586294,0
0,0.2854268126162927,0
0,0.022514618612354636,0
0,0.03933133435098678,0
0,0.7950823620063213,1
0,0.19010185179289654,0
0,0.3104996836927295,0
0,0.5572663275481866,1
1,0.8664094980102199,1
1,0.03659113698898632,0
0,0.34319190426413987,0
0,0.4270779842161867,0
0,0.4107601803718713,0
0,0.005161569128592298,0
0,0.007480848894441159,0
1,0.2793432949962207,0
0,0.3674804614749475,0
0,0.241418458871783,0
0,0.0005856914219920612,0
0,0.1390038008067501,0
1,0.7908526702382889,1
0,0.10592137942151768,0
0,0.3057719416846647,0
1,0.3002899828795867,0
0,0.011567196693288706,0
0,0.0007119410047331647,0
0,0.0034354152121821063,0
0,0.017026109927800386,0
1,0.9805254876652467,1
1,0.5158505721119395,1
1,0.9733077050651995,1
1,0.8693824892057229,1
0,0.021359221999395803,0
0,0.006598094374188734,0
0,0.12027085802321105,0
0,0.22568738309114353,0
0,0.017954940392999635,0
0,0.07033454180417463,0
0,0.01830707930473315,0
0,0.060868119610169344,0
0,0.007702337630199712,0
0,0.6911917641072792,1
0,0.0013450685472410375,0
0,0.15233303062230724,0
1,0.9714350923961005,1
0,0.010201943549552533,0
0,0.09296320708038655,0
1,0.4882430553720943,0
0,0.602355088863107,1
0,0.03914022578543904,0
1,0.9598128911735637,1
0,0.030065412737831754,0
1,0.48889651451694166,0
0,0.0413640746690931,0
0,0.003538113731193063,0
0,0.02673823059796837,0
0,0.00037200031744753347,0
0,0.14617034456232694,0
0,0.0008165714017276928,0
1,0.6336801388111197,1
1,0.6845703371885911,1
0,0.04965226029903815,0
0,0.010566214901705702,0
0,0.09692583133047267,0
0,0.005745538311962514,0
0,0.09055103759841587,0
0,0.029220498295614825,0
0,0.6974081723160827,1
0,0.00024376716069594655,0
1,0.9255706643897263,1
0,0.3636582090108182,0
0,0.19418792181217537,0
0,0.22894519169320826,0
0,0.01888817152449041,0
0,0.004542355863873171,0
1,0.6769306644229672,1
0,0.02636097968562071,0
0,0.023291577195741223,0
0,0.8715912406388605,1
0,0.40028487545128694,0
0,0.6899072527966816,1
1,0.3389168046181045,0
1,0.9700796254746986,1
1,0.966606235257108,1
0,0.0027130669016143345,0
0,0.04982766051871714,0
1,0.9294067413259577,1
0,0.34484490834978676,0
1,0.8264984188561753,1
1,0.9244536927141244,1
0,0.12189689658363541,0
0,0.635385108976919,1
1,0.43513954555841905,0
0,0.047363637309331325,0
0,0.04506370963894406,0
0,0.6381996738157301,1
0,0.11760746251604383,0
0,0.0194759899090597,0
0,0.04751197844629094,0
1,0.27474975864027246,0
1,0.41874066474166655,0
1,0.967319050530138,1
0,0.10168808220396774,0
0,0.006947052495847415,0
1,0.7284645521735752,1
0,0.2770228039393057,0
0,0.5757638399273414,1
0,0.1430144929353967,0
0,0.41528664184030517,0
0,0.6879104650015815,1
0,0.05731184578453973,0
0,0.12403763834483836,0
0,0.024884417523598767,0
0,0.6980655765947675,1
0,0.31061764515257,0
0,0.13906911399785726,0
0,0.010386185071844318,0
0,0.16463963644538473,0
0,0.03032178252628348,0
1,0.18470249698650623,0
0,0.023470622749639774,0
0,0.0022141611911274182,0
0,0.21238513637705345,0
0,0.7433402687683248,1
1,0.5079837117508696,1
1,0.7560927870616506,1
1,0.0968846453664365,0
0,0.8107544375833851,1
1,0.8983371631580718,1
0,0.8615252357199563,1
1,0.603365969813724,1
0,0.019342488964466144,0
0,0.01073472909733395,0
0,0.34614807360587935,0
0,0.020267376950623184,0
1,0.3030439119529303,0
0,0.03743814546915317,0
0,0.7033924787372132,1
0,0.24729951641019313,0
0,0.03382506267910739,0
0,0.0002819700914403232,0
0,0.025540467546672063,0
0,0.8762246422966895,1
1,0.710988045055354,1
0,0.47181668725238846,0
0,0.03050344138819162,0
1,0.9927608820410061,1
0,0.001254221277564308,0
0,0.3345449269200806,0
0,0.03544863822269532,0
1,0.6337535745667775,1
1,0.9164660868070225,1
0,0.007033762499914152,0
0,0.00011355240411170126,0
0,0.8818207319001503,1
0,0.027704197087646102,0
0,0.00024376716069594655,0
0,0.00034399573503911246,0
0,0.27902701629015314,0
0,0.04707759670520642,0
0,0.9161758269060916,1
1,0.8145586323549235,1
0,0.08048881325865205,0
0,0.763752607549713,1
1,0.9647383516624706,1
1,0.9431160335578485,1
1,0.5202907258778264,1
1,0.9779677075102582,1
0,0.004841364395824884,0
1,0.7182730746196025,1
0,0.4037331384921827,0
1,0.8202279563829372,1
0,0.5471805565993935,1
0,0.5722336389271332,1
0,0.24622443507082206,0
0,0.2720161990619617,0
1,0.6590239345362591,1
0,0.03416468907271853,0
1,0.7348620912419425,1
1,0.1993928552776274,0
0,0.013803185935817712,0
0,0.001959406176778148,0
0,0.002769831931499509,0
0,0.7853391182117664,1
0,0.40848153264857845,0
1,0.26445583308624315,0
0,0.7762190505104949,1
0,0.49950907466351585,0
0,0.23462584155893193,0
0,0.29207830261733536,0
0,0.6435464723726853,1
0,0.491089977068656,0
0,0.38169610230468204,0
0,0.8583602469716131,1
0,0.005621933631163753,0
0,0.0004120713072140659,0
0,0.02812400269865096,0
0,0.10228815291405981,0
0,0.7151807399139055,1
0,0.028158922623189662,0
1,0.029349831730205278,0
0,0.302414203092642,0
1,0.908375020833065,1
1,0.742562296606011,1
0,0.011549483591132137,0
0,0.5302198415392019,1
0,0.1599272626463054,0
0,0.11673773973373859,0
1,0.88115179179333,1
0,0.0062336030366610656,0
1,0.8747364361333223,1
0,0.17148086185497738,0
1,0.5682596605252334,1
1,0.6063265238751634,1
0,0.7863685039702081,1
1,0.6874303225500487,1
1,0.4277766801679123,0
0,0.02461197883124244,0
0,0.01104899393472314,0
1,0.7353910004600606,1
0,0.6479976186391629,1
0,0.4416260097879074,0
0,0.3469140698889404,0
1,0.5504450356635071,1
0,0.1159200420347328,0
0,0.00231435463333961,0
0,0.030760053638105245,0
0,0.010037535261462768,0
0,0.32924827232136916,0
0,0.018615460807877363,0
0,0.0731552819243337,0
0,0.01935509880436609,0
0,0.0686011872738676,0
0,0.0007046098177618777,0
0,0.8512132496949695,1
0,0.01912752385519063,0
1,0.8803449536331108,1
0,0.4130494080807747,0
1,0.7856533574802991,1
0,0.5332280153801999,1
0,0.9056887715381381,1
0,0.8015734637128308,1
1,0.37867639653259405,0
0,0.0817425005020572,0
0,0.8586590924220346,1
1,0.737872113022998,1
0,0.5330645835263399,1
1,0.9435880201185044,1
1,0.9216890591378052,1
0,0.01635268918072943,0
0,0.7874380757103846,1
0,0.09325374239462714,0
1,0.5235298894205368,1
0,0.04378026522446786,0
0,0.00984985891750246,0
0,0.028221711685894442,0
1,0.9359865994882167,1
0,0.4738791152758425,0
0,0.4668216006611518,0
0,0.21541677230843476,0
0,0.006063172175945599,0
0,0.016447723387282363,0
1,0.8736024501255315,1
0,0.31193958950200373,0
0,0.06721229301274444,0
0,0.35212319369123557,0
0,0.17901630897983564,0
1,0.9318640873306759,1
0,0.01715339799612213,0
0,0.39316234322532156,0
0,0.09270394428324837,0
0,0.3716959992095474,0
1,0.5174038831080239,1
0,0.3612953008578836,0
1,0.8956217016066366,1
0,0.0056372962335348754,0
0,0.11769748107198315,0
0,0.5618250278376419,1
0,0.011602261075191673,0
0,0.021261570606669458,0
0,0.02915723202791265,0
0,0.001989883093787075,0
0,0.0005992566486973456,0
1,0.9519921633366223,1
1,0.9949767732607447,1
1,0.6629950389547336,1
1,0.713606982996087,1
0,0.305830357531058,0
0,0.003152333148271958,0
0,0.6656462135691189,1
0,0.0030040285735542325,0
0,0.0480658560632593,0
1,0.3374389462194634,0
0,0.05126642851223216,0
1,0.9390584086916961,1
0,0.6989237319526457,1
0,0.3990262380642191,0
1,0.17652637796768275,0
0,0.0037445976023961283,0
0,0.7413956707256825,1
0,0.13698637571457628,0
0,0.04752811968733093,0
1,0.9402421359240625,1
0,0.011218765296447669,0
0,0.4100289850985453,0
0,0.00880505042820282,0
0,0.15188796250889952,0
1,0.6388635855168752,1
1,0.8935578364534152,1
0,0.16157219116766242,0
0,0.02062658219601955,0
0,0.06571637023296914,0
0,0.05514437292717974,0
0,0.051550817145854286,0
0,0.10409657503935624,0
0,0.03055462430697324,0
0,0.07957925972700325,0
0,0.18894045688014377,0
0,0.1918507422636604,0
0,0.03809490511655369,0
0,0.7235773024782987,1
0,0.058920242815860856,0
0,0.006720031023739557,0
0,0.858791247249456,1
0,0.12702796200893546,0
0,0.002713130802001283,0
1,0.7859896592569566,1
1,0.3466189334460328,0
1,0.5596496449209353,1
0,0.1712589338204991,0
0,0.22819253103017567,0
0,0.036477536886883995,0
0,0.19988335022265466,0
1,0.5068651667788658,1
0,0.37825837394235073,0
0,0.4107707109104571,0
0,0.017308712297782438,0
0,0.7230325850262828,1
0,0.012748907252554533,0
0,0.421811181234849,0
0,0.5682353697778275,1
0,0.04757744194031073,0
1,0.9300185285511017,1
0,0.04835129823178308,0
0,8.294042733971546e-06,0
0,0.7764533347340264,1
0,0.004408851043880625,0
1,0.06698878504697375,0
0,0.3385048603890173,0
0,0.009291089202204329,0
0,0.37157079284740113,0
0,0.050964784197875306,0
0,0.13770219282184715,0
0,0.3947609673215106,0
0,0.07624075165581681,0
1,0.8998314142035743,1
0,0.4215956253508674,0
1,0.8078046351426796,1
0,0.6283145257516108,1
1,0.9782362174813777,1
0,0.545881609365404,1
0,0.18283286849016472,0
1,0.7367947130077283,1
0,0.8225044286083621,1
1,0.858785761303477,1
0,0.04456323166755109,0
1,0.9690223183451447,1
1,0.986133596214911,1
0,0.13697835059493305,0
0,0.0041906239742549745,0
0,0.42911930954833566,0
0,0.04837256779441341,0
0,0.4694258329122277,0
0,0.8644892823243733,1
0,0.2139384204361646,0
0,0.1110332038783382,0
0,0.0011575948620310655,0
0,0.5185435652126079,1
1,0.9740182112238529,1
0,0.2938339832874507,0
0,0.005012010390543018,0
0,0.0021163750571101887,0
0,0.4012474593187767,0
1,0.461757964361126,0
1,0.9314458477528492,1
1,0.8721915235768832,1
0,0.595213222701563,1
0,0.21304988347391335,0
1,0.5722311244241673,1
1,0.6534550002595245,1
1,0.33156325980616613,0
0,0.07462797501664754,0
1,0.36666480258723944,0
0,0.027748981220396006,0
0,0.00552727863728605,0
1,0.9637905265605777,1
0,0.04763067991129278,0
0,0.058447848055398675,0
0,0.3329207453292687,0
0,0.04340621717743887,0
1,0.7771578587789872,1
0,0.21727870731797955,0
0,0.04186500669307876,0
0,0.1489064990385488,0
0,0.11145335807355844,0
0,0.05442185231619002,0
0,0.01438077324977342,0
0,0.39422227107312663,0
0,0.15169226155193322,0
0,0.0004618088616262338,0
0,0.002796676879203975,0
0,0.2099876042849451,0
0,0.016773950218460863,0
0,0.021775781634751662,0
0,0.6262176890329741,1
0,0.11784300440520336,0
0,0.543673976322286,1
0,0.45256781561544424,0
1,0.9917035517006783,1
0,0.40389318949489633,0
0,0.4168875643393851,0
1,0.8291593414937801,1
1,0.526164779477494,1
0,0.0911210261340707,0
0,0.160642982294163,0
1,0.9742905131012679,1
0,0.8738803284692581,1
0,0.002196893525461948,0
0,0.41148170401529754,0
0,0.10521043575326547,0
0,0.008976905968358434,0
0,0.38498615553660104,0
0,0.004240647576388316,0
0,0.007865934480825924,0
0,0.09288083978925538,0
0,0.018595752564945115,0
0,0.146910984921707,0
0,0.19759447453197324,0
0,0.185394668870342,0
1,0.8715041713520894,1
1,0.25496181171935006,0
0,0.8113982556012864,1
0,0.862550118294445,1
0,0.4352184896327183,0
0,0.01457636661447918,0
1,0.8305605693119944,1
1,0.7975766879017752,1
0,0.44621618502142024,0
1,0.6881767681206309,1
0,0.655063758951263,1
0,0.0015527665798136946,0
0,0.011748800247471502,0
0,0.7171857681997574,1
0,0.49838626113748424,0
0,0.0005987822275054583,0
1,0.37010535273368056,0
1,0.808940735737689,1
1,0.13753779814899433,0
0,0.0018798530293533033,0
0,0.14471642549566796,0
0,0.6168683639622856,1
0,0.033058782566774025,0
0,0.41541792889815754,0
0,0.5498174265610903,1
0,0.20260680564694888,0
0,0.18040101001733144,0
0,0.05573986128122331,0
0,0.029723795040435045,0
0,0.5929722913925871,1
0,0.5552867646078192,1
0,0.0184084730986804,0
0,0.032811930892078255,0
0,0.2669371150278618,0
1,0.8967986912492594,1
0,0.09177136050336275,0
1,0.9947394908510192,1
0,0.000651468032283905,0
1,0.7083420844800588,1
0,0.06657466476929949,0
1,0.8879078442648551,1
0,0.13306787491379568,0
0,0.025969009026152817,0
0,0.009315690418847588,0
0,0.0007927497625793851,0
0,0.10375985204820777,0
0,0.06193657307842488,0
1,0.8134398593907871,1
0,0.0019051460297733413,0
0,0.4273799427330341,0
0,0.523452904998312,1
0,0.3130396607711794,0
0,0.03478386118004839,0
0,0.4182218490300359,0
0,0.07417061539229836,0
1,0.1086381276104451,0
1,0.961619405407846,1
0,0.46606926269362703,0
0,0.005389837259190869,0
0,0.049462299945485844,0
0,0.44104182675479875,0
0,0.47946257050849006,0
0,0.00011355240411170126,0
0,0.012251533190287699,0
0,0.05612277371968975,0
0,0.02290747217331894,0
0,0.36845733471678377,0
1,0.8150272719706372,1
0,0.572290861809834,1
0,0.7095271360021197,1
1,0.8235545169961582,1
1,0.5967275088910202,1
0,0.002296971478662127,0
0,0.566980075283824,1
0,0.12737075424915925,0
0,0.02151478396570382,0
1,0.5943471684461172,1
0,0.26909980899736896,0
0,0.000587427635426371,0
0,0.7873669123752779,1
0,0.006778071080486212,0
0,0.7681167503133359,1
0,0.060300594908830975,0
1,0.3897867316160544,0
0,0.14571795502080329,0
0,0.07439426649039851,0
0,0.3101782606975138,0
0,0.5399046798962273,1
0,0.009371519622527143,0
0,0.00439986478431691,0
0,0.10669169809636943,0
0,0.14321079229510836,0
0,0.5322088648487884,1
0,0.1898345541816195,0
0,0.03322770397259696,0
0,0.0004897864532251233,0
1,0.6592900290556447,1
0,0.007121251789894427,0
1,0.9055327516498111,1
0,0.3148811184113592,0
0,0.004805037036957877,0
0,0.08132459701102272,0
0,0.08550545912736705,0
1,0.7569533519122824,1
0,0.002072667770785189,0
0,0.19117311025052455,0
0,0.045221609188194914,0
0,0.00012206993693301601,0
0,0.03852356741578214,0
1,0.9763547809050277,1
0,0.009221786184114055,0
0,0.6463753375587044,1
0,0.008643819246027239,0
0,0.14070003269693673,0
1,0.4501727139598111,0
0,0.5595739199840665,1
0,0.6934358021774996,1
0,0.1194727581621786,0
0,0.03825607836487483,0
1,0.810624457542729,1
0,0.3250332065672326,0
0,0.2857413833292097,0
0,0.3228216320275319,0
0,0.03996871309894,0
0,0.14409823605655914,0
0,0.3476231798916229,0
0,0.20213412367763003,0
1,0.970011564392708,1
0,0.6635588507587457,1
0,0.4872989330691984,0
0,0.0007918322969993676,0
0,0.05799119555122373,0
0,0.12263401637597797,0
0,0.5851840155581809,1
1,0.8253228177781096,1
0,0.017728034997382663,0
0,0.03933380520880525,0
1,0.7841553285568583,1
0,0.3659186417379536,0
0,0.1613821459047469,0
0,0.1415697123214484,0
0,0.0459088605499346,0
0,0.003604845398954295,0
0,0.011176609806367107,0
0,0.5883235655864122,1
0,0.020507575033535327,0
1,0.926570452626086,1
0,0.22313467264851097,0
0,0.08649893231537263,0
0,0.2722604532287238,0
0,0.007811820624479543,0
0,0.21609547544910043,0
0,0.11134654801031281,0
0,0.3615490123847385,0
1,0.05795975282016384,0
0,0.008445070951280819,0
0,0.6478980366691269,1
0,0.003841012079698786,0
0,0.010047008085656488,0
0,0.7756476913833187,1
0,0.0005182019110419092,0
0,0.04902918689996672,0
1,0.9764284827528728,1
0,0.40744747729010733,0
0,0.0012959881258711753,0
0,0.7289908842727794,1
0,0.666025372183509,1
0,0.1357830206389271,0
0,0.014440747102338145,0
0,0.03556472015402844,0
0,0.5365406493365247,1
1,0.35115967451845337,0
1,0.8489093260996923,1
1,0.4640919651758573,0
0,0.006447369961300897,0
0,0.12747045213932068,0
1,0.8784498467867159,1
1,0.7615663190554518,1
0,0.730242444961014,1
1,0.926483882368518,1
1,0.8458038742634506,1
0,0.2997176319191195,0
1,0.688125275320905,1
0,0.4097856501098511,0
0,0.2073647829697799,0
1,0.9207588383247776,1
0,0.20367410457657156,0
0,0.0040032932632785775,0
0,0.5895817305109085,1
1,0.9368573649226539,1
0,0.577312406016432,1
0,0.27557759548913247,0
0,0.30541368925161977,0
0,0.0177934790743518,0
0,0.04709839675813704,0
1,0.6786300590933252,1
1,0.5691677513786546,1
0,0.21976697273502188,0
0,0.03925916536680307,0
0,0.4456164253013223,0
0,0.6117038618133094,1
0,0.6716684009498042,1
1,0.2842026474975872,0
0,0.3814982151509983,0
0,0.2529625395168185,0
0,0.16296650890572467,0
1,0.6261227811154804,1
1,0.880108089439442,1
0,0.011760087043165007,0
0,0.02402743598692084,0
0,0.012206213514607307,0
0,0.014400462214875932,0
0,0.3109246149546355,0
1,0.9784736820797477,1
0,0.1556107121437322,0
0,0.4866208243765663,0
0,0.003924550377714126,0
0,0.6098903030855183,1
1,0.42449617716402677,0
0,0.0009429003842086782,0
0,0.5108190077675344,1
1,0.5622008835203837,1
0,0.009906609183906245,0
0,0.0014116625093805637,0
0,0.5634668513071811,1
0,0.022500265814420224,0
1,0.17445703517772387,0
0,0.020625906273006207,0
1,0.7167181863044758,1
1,0.5720298715187357,1
0,0.27679946352531815,0
0,0.22713697541578587,0
1,0.6996332750512408,1
1,0.9371637846493766,1
0,0.13306736793991603,0
0,0.4242629116839957,0
1,0.7550458036054851,1
1,0.8329471004105141,1
0,0.030058787533287248,0
1,0.9659535500357835,1
1,0.9803182916741099,1
0,0.014939491168306774,0
0,0.5595482489488358,1
0,0.37547299759182695,0
0,0.000779313301283615,0
0,0.015049640403027762,0
0,0.17849946166611091,0
0,0.010854237260888223,0
0,0.11268750148040349,0
1,0.3720313880657593,0
0,0.592875346659278,1
0,0.00910970678993202,0
0,0.02514677754540142,0
0,0.10600534001363335,0
1,0.6366614140130444,1
0,0.15287070620185966,0
0,0.038523390047853635,0
1,0.8355176161421344,1
0,0.6407921392843119,1
0,0.05215705988772669,0
1,0.28835496586618986,0
0,0.41913180712976233,0
0,0.011371562276844615,0
1,0.7682995137652617,1
0,0.17278241945041062,0
1,0.585117923741927,1
0,0.6759639096109525,1
0,0.14139279934505763,0
1,0.9857154544239148,1
0,0.0070595522467011545,0
0,0.48493932997509054,0
0,0.11405757573655947,0
1,0.9659948340463992,1
0,0.05658813696548916,0
1,0.83669693175403,1
1,0.7409530023111227,1
0,0.5552077834349709,1
0,0.0031039666185297917,0
0,0.09339344403853521,0
1,0.4087670806304913,0
0,0.3846944902624651,0
0,0.4237475931096321,0
1,0.726787244980078,1
0,0.16218745829056344,0
0,0.6898766594938015,1
1,0.4608282925363744,0
0,0.011393041203996833,0
0,0.015623540637812893,0
0,0.0042699886095856135,0
0,0.0579359621089003,0
0,0.10660149156594964,0
0,0.21705685306406006,0
0,0.01589673730319556,0
0,0.4991494663613466,0
0,0.019920965020139018,0
1,0.3999127920518528,0
1,0.918737367030113,1
1,0.9398906112739364,1
0,0.25268332911570524,0
0,0.32188468920499125,0
0,0.004404546342416295,0
0,0.009587285829133457,0
0,0.07503380417671957,0
1,0.9596687509070391,1
0,0.00045660500110938777,0
1,0.9644274205811225,1
0,0.09034753372870273,0
0,0.0011138902512540401,0
0,0.19242193743222466,0
0,0.7348864133103901,1
1,0.8797110786881898,1
0,0.0911143582725964,0
0,0.3297013552274231,0
0,0.1800274863099624,0
0,0.07203940450506126,0
0,0.14044343140770818,0
1,0.9327557952380041,1
0,0.545063712737644,1
0,0.025977864721204374,0
0,0.6858459858432245,1
0,0.36313076396446636,0
0,0.30206349078484357,0
0,0.3341189378474887,0
0,0.48487567548232535,0
1,0.8026680220395765,1
0,0.20089515854044226,0
0,0.6069458357537068,1
0,0.8413579368407621,1
0,0.02779703875656628,0
0,0.0640877005204343,0
0,0.06201467446858343,0
1,0.8789638940377523,1
0,0.15727760923071285,0
0,0.018711036425221934,0
0,0.10029292170119879,0
0,0.6439969921083002,1
0,0.00022431901348902118,0
0,0.8857536862723583,1
1,0.49480448997529813,0
1,0.9686455580721529,1
0,0.053925834552560135,0
0,0.32902543791487043,0
0,0.010590243241141795,0
1,0.8672005548099526,1
0,0.3210220902816939,0
0,0.0014246716664413643,0
0,0.046953406157827726,0
0,0.02310704314893504,0
0,0.2087714753104782,0
1,0.6529910170188106,1
0,0.10550770117167681,0
0,0.04313382969846852,0
0,0.05649855905806788,0
1,0.6203329591299365,1
0,0.15900361941404392,0
0,0.009354756128727345,0
0,0.001613308269358699,0
1,0.7053064784793383,1
0,0.7473420124018608,1
0,0.7872332739056572,1
0,0.0042672979152598425,0
0,0.1908757186795599,0
0,0.02429471729478725,0
1,0.8224526556385758,1
0,0.6047218586981012,1
0,0.04292984279615397,0
1,0.8645495043339042,1
0,0.8069762589163484,1
0,0.010036425800103551,0
0,0.001423137540336758,0
1,0.7130873605907498,1
1,0.7757283255725566,1
0,0.01729831854071727,0
0,0.017243669418366386,0
0,0.03659861210143591,0
1,0.5262149449306021,1
0,0.3782606318315449,0
1,0.5202694972104983,1
0,0.3289792953927848,0
0,0.6578148111487191,1
1,0.18315743209361357,0
0,0.36559347170504836,0
0,0.07798255072563762,0
0,0.3389621813446126,0
0,0.01674912023669192,0
0,0.27507588478667233,0
0,0.02094313541163088,0
1,0.469976161860587,0
0,0.3498864054321194,0
0,0.7775278582786901,1
0,0.032000240085359136,0
0,0.09992411917555145,0
0,0.18014671729942058,0
1,0.3844584927289644,0
0,0.4325717735795763,0
0,0.5161320887311525,1
1,0.9933280884292731,1
1,0.4709731221916249,0
0,0.03396833948445183,0
1,0.7375223231990657,1
0,0.0019122131720566448,0
0,0.045202135570978144,0
0,0.49422675866188004,0
0,0.0003745573688617613,0
0,0.3726545668518603,0
0,0.19359082106248315,0
0,0.28502151708793444,0
0,0.0542721316155027,0
1,0.4048663227540249,0
0,0.1073443587986259,0
0,0.5135891825072212,1
0,0.4879500207762093,0
0,0.16375208831556456,0
0,0.3516096516064979,0
0,0.601094414716848,1
0,0.030689687786529654,0
0,0.6343496568467654,1
0,0.4492865974479349,0
0,0.08913972508567407,0
1,0.995512585601417,1
0,0.717465767173373,1
0,0.00022113239112020946,0
0,0.0006573062673556728,0
0,0.013174303130890729,0
0,0.06098479514630886,0
0,0.5004635464535387,1
0,0.8251284305357135,1
0,0.1173345681916225,0
0,0.485857524726322,0
0,0.0201257769738836,0
1,0.9566746884877463,1
0,0.05495590631849268,0
0,0.2616128796844491,0
0,0.01758029577867414,0
0,0.08020031996190899,0
0,0.029094813962188895,0
0,0.5696542135731126,1
0,0.10730346651169695,0
0,0.15389470083325177,0
0,0.00021617434184517299,0
0,0.012117598640378775,0
0,0.047502275320756786,0
0,0.03310073389301874,0
0,0.27255744737814736,0
0,0.0023605104753303616,0
0,0.052478574148061286,0
0,0.4770317847145899,0
0,0.5253548075697687,1
0,0.06336812416767053,0
1,0.9228151290547779,1
0,0.2472752864066706,0
0,0.06305707591396062,0
0,0.08871746787871675,0
1,0.5127466637910113,1
0,0.46242609272265506,0
1,0.9013796139840199,1
0,0.3036818990852619,0
0,0.04297288521604518,0
0,0.432318578147353,0
0,0.7213962078546441,1
0,0.10919793847489095,0
0,0.5258735430721366,1
0,0.02235192118736498,0
0,0.6386256313262604,1
0,0.21914053552808663,0
0,0.01766894619666802,0
1,0.9711673522204715,1
0,0.009708880031001392,0
0,0.05748072640728457,0
1,0.8252342252772507,1
0,0.06214378334942945,0
1,0.5235743479379796,1
0,0.08660973485077501,0
0,0.0017915361839059762,0
0,0.3868989761040649,0
1,0.9930910577650817,1
1,0.83187588341535,1
1,0.926687187606353,1
1,0.22194846701248422,0
0,0.008371508888191378,0
1,0.9928799252738848,1
1,0.5000533798110134,1
0,0.27926710498695156,0
1,0.9176366452769893,1
0,0.19214676957043766,0
1,0.9959192380944802,1
0,0.22682987169503088,0
1,0.675725653893613,1
1,0.9879952331192018,1
0,0.3450340246778063,0
0,0.0025432947981451634,0
0,0.6835957973411628,1
0,0.010130066525660958,0
0,0.13526128724190958,0
1,0.42805448809532254,0
1,0.0290900090004155,0
0,0.05410708284267158,0
0,0.0010448174723690824,0
0,0.05879828775525162,0
1,0.8500266259579062,1
0,0.0003839510886831375,0
1,0.9143420530547492,1
0,0.04903214116442633,0
0,0.010538386752963372,0
0,0.4917445772453549,0
0,0.0795827475738524,0
0,0.07148493658836767,0
1,0.9004813924060439,1
1,0.3468894792083634,0
1,0.8390347297352236,1
0,0.07250832427411541,0
0,0.014740228136874126,0
0,0.03141579259251452,0
0,0.04776018282987769,0
0,0.008417023789795136,0
0,0.37280543967493496,0
1,0.8525839183520535,1
0,0.5068074380773245,1
1,0.5990173833342012,1
0,0.5479296155981713,1
0,0.33678315091959754,0
0,0.13875024383590587,0
0,0.1808686116757784,0
1,0.6609027386445009,1
0,0.009375211066075192,0
0,0.09369339417291869,0
0,0.7790582726284659,1
0,0.05739781886296917,0
0,0.4299269164631236,0
0,0.06336080270783277,0
0,0.4450197060106703,0
0,0.5651951836625729,1
1,0.6534829447496276,1
0,0.03010215771368637,0
0,0.08805223612441702,0
0,0.6039340913150706,1
1,0.6005084842621089,1
0,0.6038250830748894,1
0,0.05313032805145832,0
1,0.2998057315930801,0
0,0.43564445332025503,0
0,0.04699864335765949,0
1,0.7696314901991937,1
0,0.004514403781831402,0
0,0.07056939099069663,0
0,0.014390427079288823,0
1,0.9229903359600856,1
0,0.008372064224291868,0
0,0.11599661127315206,0
0,0.3276623883248919,0
0,0.10511737559264885,0
0,0.19701306964755014,0
0,0.026063041777942095,0
1,0.8391301373919373,1
1,0.13325302483697438,0
0,0.3749069323237114,0
0,0.06334347653206654,0
0,0.02200920347698624,0
1,0.5959464912111935,1
0,0.07710514655327742,0
0,0.0012300871988033492,0
1,0.8441485293236911,1
0,0.2248661227620346,0
0,0.1104933560847473,0
0,0.35024551631680173,0
1,0.13270394419950562,0
0,0.41611397870901945,0
1,0.9098558886824767,1
0,0.4019360089215734,0
0,0.001348404258967392,0
0,0.16796023839362093,0
0,0.44672447656874603,0
1,0.977719590902071,1
0,0.00947442818632892,0
1,0.6467041928121381,1
1,0.7358089929274417,1
1,0.4792928060576918,0
0,0.0021460238432967696,0
1,0.9883036250716576,1
1,0.9924662542328393,1
0,0.05197458253800902,0
0,0.014520064115467163,0
0,0.005195566134835118,0
1,0.7917983048502226,1
0,0.39270225585263324,0
0,0.17510948164259146,0
0,0.013725027228642717,0
0,0.03215903785410384,0
0,0.6131495634961457,1
1,0.3551959893279625,0
0,0.004971753304018721,0
1,0.33188605670755983,0
1,0.8967110385533982,1
0,0.2257052269181926,0
0,0.041617173192825034,0
1,0.7989912038016722,1
0,0.024713608104539528,0
1,0.9280946811531027,1
0,0.23960090080666238,0
0,0.6303841406899223,1
1,0.5220012778304863,1
0,0.06299982249442634,0
0,0.011024410854774316,0
1,0.9625823206010794,1
0,8.452170698944206e-05,0
1,0.8206044836551651,1
1,0.46928719270179425,0
0,0.6312999296311685,1
0,0.020625488623978613,0
0,0.5627979146082935,1
0,0.2909869174016682,0
1,0.8531251841887746,1
0,0.01756992973056353,0
0,0.18181983156655238,0
0,0.06845955742816749,0
1,0.5343282754297933,1
1,0.9902283815994188,1
1,0.9839766907720322,1
0,0.12463515773998048,0
0,0.05059814728501126,0
0,0.3298535867119365,0
0,0.08699517755161208,0
1,0.9937168785824402,1
0,0.16334997327693884,0
0,0.03276878970945566,0
0,0.5312147434195741,1
0,0.500183993736496,1
0,0.00831612371621107,0
1,0.40118273468076876,0
0,0.03771668745784859,0
0,0.849097529496568,1
0,0.03156592552182712,0
0,0.09321314649548677,0
1,0.6848282489752054,1
0,0.002229289040754377,0
0,0.013031892430883122,0
0,0.5206268596123124,1
0,0.504725300030882,1
1,0.906296957890038,1
0,0.13934341726798552,0
0,0.07412993304233435,0
0,0.08823368807239614,0
0,0.04071090767980552,0
1,0.5802725620134684,1
0,0.10468961832896623,0
0,0.0008234812474580225,0
1,0.9671516877846492,1
0,0.2597595501582017,0
0,0.017681090716756793,0
0,0.8372217833110134,1
0,0.08826745113108397,0
0,0.04672910981646736,0
0,0.6201275681633539,1
0,0.05290055429463927,0
0,0.007353578836594714,0
0,0.023926938447189374,0
0,0.0034303036960127626,0
0,0.0017091068110596651,0
0,0.006744219907436193,0
0,0.04540017213683943,0
0,0.30841704550281673,0
0,0.046915819026977564,0
0,0.6283057807996034,1
0,0.316549827802241,0
0,0.004337512296278,0
0,0.00043247789028874514,0
0,0.2802647651440587,0
0,0.532318581227942,1
0,0.5156227626310667,1
0,0.8773195056869431,1
1,0.7264073076087,1
0,0.0012554283366439892,0
0,0.016336845611410526,0
0,0.2923280206214203,0
0,0.12116143658935342,0
0,0.01961533649943577,0
1,0.9593164689077933,1
1,0.9744836737826306,1
0,0.035803424247409336,0
0,0.013393836034528839,0
0,0.004737160236611358,0
0,0.44098641622589413,0
0,0.04916476312348562,0
0,0.10783946495909995,0
0,0.3930080018993014,0
0,0.5057845051238284,1
0,0.06244811210504745,0
0,0.004470732735218008,0
0,0.0018138949994053403,0
0,0.031628257201948326,0
1,0.7654054784097754,1
0,0.002058432231261446,0
1,0.8422790333847383,1
0,0.05055105763212139,0
0,0.33540037085539176,0
1,0.6474177633387252,1
0,0.004720636971222164,0
1,0.7453544357899682,1
1,0.7414345799980344,1
1,0.8982592799551696,1
0,0.042256672387123946,0
0,0.45827953435652147,0
0,0.6607275920546818,1
1,0.8668987544118272,1
0,0.2095990310459639,0
0,0.3046893583182163,0
0,0.024819601048219914,0
0,0.005269481910706414,0
0,0.027681017036346033,0
0,0.5350136691448226,1
0,0.0030027530377758033,0
0,0.0011590723092743832,0
0,0.09057899876105242,0
0,0.08717137573189218,0
0,0.14241388833342156,0
0,0.019943204966469855,0
0,0.04386320035244842,0
0,0.08317811768581036,0
0,0.1272673196381897,0
0,0.6159830694817657,1
0,0.46166186365981027,0
0,0.017855574426835455,0
1,0.729112264997226,1
0,0.0008541283546885764,0
1,0.09759944838140663,0
1,0.6999170587999113,1
0,0.08215601932879063,0
1,0.6811665945139052,1
0,0.0002144446604432886,0
0,0.0628783696258218,0
1,0.9006453760858003,1
0,0.32088571705310764,0
0,0.008856982208163548,0
0,0.07879350208840248,0
0,0.027847346357480554,0
0,0.43690421831186055,0
0,0.0017046011375816028,0
0,0.01214235155780166,0
0,0.635646780681076,1
0,0.18399250711590587,0
1,0.9858377993463832,1
0,0.32368527690197274,0
0,0.30957194942223937,0
0,0.051574639066612464,0
0,0.22645761910212991,0
0,0.3054041559049099,0
0,0.04453456273731258,0
1,0.7695888663326539,1
1,0.8500864629091863,1
0,0.1682476012519119,0
0,8.452170698944206e-05,0
0,0.2667816672677574,0
0,0.1993801818764327,0
0,0.05539386551666605,0
0,0.11512681448057398,0
0,0.21823969889674666,0
0,0.05923091419403008,0
1,0.6226838041636004,1
1,0.8647289353575991,1
0,0.2836664183806602,0
0,0.1457654826869354,0
0,0.12367193719486816,0
0,0.03586688915266213,0
1,0.9271192949612329,1
0,0.03225433702953118,0
0,0.03552485719144175,0
0,0.23443048151016957,0
0,0.663929802005884,1
0,0.003599205273327821,0
0,0.4355630071063,0
0,0.5293488491482321,1
0,0.37652735371559887,0
0,0.06915863431511671,0
0,0.39905982580481775,0
0,0.07382149876884997,0
0,0.4926607872615978,0
0,0.01878427138941113,0
0,0.004313958337017241,0
1,0.49882766868849254,0
0,0.006107860304396926,0
1,0.965174494350614,1
1,0.8926188050346772,1
0,0.05666519057286873,0
0,0.24118663434158719,0
0,0.018042548032586165,0
0,0.29250567623790913,0
0,0.07685268155829779,0
0,0.3375307887108189,0
0,0.0035763267334840603,0
0,0.49084087484436156,0
0,0.012078243983944378,0
0,0.03662902960842765,0
1,0.6977106728333841,1
0,0.7876797111274977,1
0,0.02686664902089315,0
1,0.9848668538716228,1
0,0.5840416110368407,1
0,0.3673930776773499,0
1,0.6159730826969148,1
1,0.5855622345443183,1
0,0.02272385815780528,0
0,0.8684032106459468,1
0,0.2238081250874763,0
0,0.0029283053019393043,0
0,0.3841463834303601,0
0,0.5699518342542438,1
0,0.07274173360891813,0
0,0.0480190599135664,0
0,0.06044035451656407,0
1,0.7376516984776682,1
0,0.23290772716263494,0
1,0.851130072260673,1
0,0.04348794004411193,0
0,0.04051872396535607,0
1,0.8314800927250015,1
0,0.49232756462312305,0
0,0.05442137277863618,0
0,0.03910429569206034,0
0,0.5759306549111285,1
1,0.8053390793809307,1
0,0.004870365159490766,0
0,0.7126616712714563,1
0,0.3431761951377541,0
0,0.1999961272842676,0
0,0.4561822538999867,0
1,0.4594403721657113,0
0,9.267420907120254e-05,0
1,0.649816988119117,1
0,0.08080270410479092,0
0,0.011001509464360862,0
1,0.8508362085545096,1
0,0.36547923490258843,0
1,0.9835445418732708,1
0,0.11934500310415595,0
0,0.16067575765840172,0
0,0.7687450790939223,1
0,0.028850773947161835,0
0,0.04990731427530207,0
0,0.23340249769976107,0
0,0.018545584381985874,0
0,0.006033057576872161,0
0,0.017397453318966864,0
0,0.0262363078618343,0
0,0.0956133572009259,0
1,0.7932923328015261,1
0,0.5906683417683888,1
0,0.00037591521860500394,0
0,0.11075305394978538,0
0,0.28501551601232333,0
0,0.17406105189500828,0
0,0.008751498363550665,0
1,0.4078389159857583,0
0,0.01818964562489482,0
1,0.9095853715968851,1
0,0.28510891459002674,0
1,0.8238624789653131,1
1,0.6557766866151101,1
0,0.004195533185792953,0
1,0.8598132843416247,1
0,0.7127038402502477,1
1,0.9932718770199326,1
1,0.7985668071144704,1
0,0.48858386238132295,0
1,0.96402793064855,1
0,0.0982508355454831,0
0,0.6850460114655483,1
0,0.006402889524113703,0
0,0.03090224792392573,0
0,0.1187819240789108,0
0,0.637192120515307,1
0,0.11246635703660549,0
0,0.3192984620073116,0
1,0.7603637147785975,1
0,0.6080414347931434,1
1,0.58764309939433,1
0,0.0296396112037597,0
0,0.012234761530004301,0
1,0.9946181363185063,1
1,0.9175365184199188,1
0,0.046780008600805105,0
0,0.1486380177198337,0
0,0.2294413668629007,0
0,0.19498769384853007,0
0,0.013627864599877974,0
0,0.5990524904488033,1
0,0.2969072811179396,0
0,0.5896663649773087,1
0,0.5549146484882455,1
0,0.003481597266207465,0
0,0.25575155399410365,0
0,0.005542846087115045,0
1,0.9014092520161142,1
0,0.8877828650302392,1
0,0.0004353341808825964,0
0,0.3364091326877153,0
0,0.3835130376794064,0
0,0.12537648465329193,0
0,0.0018847278989041602,0
0,0.18238705895277194,0
0,0.7180733783472608,1
0,0.002644052466442791,0
0,0.09275314199965154,0
0,0.0319865680549335,0
0,0.5947728402891665,1
0,0.1570462007593177,0
0,0.008751308196760219,0
0,0.6354350298297237,1
0,0.004514017191881961,0
0,0.001329109815222909,0
0,0.09186252195785517,0
0,0.0996974486133265,0
0,0.13969981871367806,0
0,0.10984061728820867,0
0,0.003036129976100586,0
0,0.21473895534445067,0
0,0.2822591020539517,0
0,0.7099689105555883,1
0,0.012817342277763839,0
1,0.826337270321122,1
0,0.6116324627231299,1
0,0.5886283281970514,1
1,0.8973064474683654,1
0,0.4932323198181413,0
0,0.6672415306812242,1
0,0.1728300549719949,0
0,0.16493734004521765,0
0,0.004833872182414398,0
1,0.6714897088272451,1
0,0.03946996423700339,0
0,0.4533032351645199,0
0,0.3583330235401931,0
0,0.33945470631839353,0
1,0.5281849768007439,1
0,0.15553258711155896,0
0,0.02528263494662791,0
0,0.016647781737977832,0
0,0.04574450995859304,0
0,0.5397067740039148,1
0,0.7353257377439074,1
0,0.49636155166183027,0
0,0.5598619274729898,1
0,0.47808490483547883,0
0,0.07781917741828213,0
1,0.8038719213272713,1
0,0.5754567721447954,1
0,0.04345697010549727,0
0,0.05646995727854416,0
0,0.6982988144528757,1
0,0.8962736815318662,1
0,0.14872224461823905,0
0,0.08978159809010584,0
1,0.4972872671130732,0
0,0.15779096250632418,0
0,0.19590292402327017,0
0,0.002810339292389093,0
1,0.5896276147663357,1
0,0.2082867495365357,0
0,0.20867445938295767,0
0,0.3778661106095996,0
0,0.08818062064302634,0
1,0.7907005650584185,1
0,0.11879926792634453,0
0,0.18978501963631111,0
0,0.3451726238791003,0
0,0.2614320723198502,0
0,0.02338525554483167,0
0,0.21225008192607628,0
0,0.29409185113129094,0
0,0.8612093080197144,1
0,0.17800708083694394,0
0,0.02772311948193818,0
1,0.5271527859651202,1
0,0.38689085600335243,0
0,0.04048984751278319,0
0,0.5436602212743297,1
0,0.2995504162944797,0
0,0.008069222961898898,0
0,0.14764265447133948,0
0,0.07813016244305886,0
0,0.5349745785013205,1
0,0.00011355240411170126,0
0,0.745366299882067,1
0,0.0006526891360368274,0
0,0.13465334750392297,0
0,0.02700425246314881,0
0,0.033266869119201736,0
0,0.006199188832155706,0
0,0.46188107636337916,0
0,0.723290089822414,1
1,0.460562433899066,0
0,0.7875979385421582,1
0,0.7939535672173214,1
1,0.7233568953345911,1
0,0.37379836138994355,0
0,0.051480567851570076,0
0,0.12956191092071603,0
0,0.5271909874823871,1
0,0.9159232539702626,1
0,0.10318606044890442,0
0,0.014748485675646267,0
0,0.1591664453053938,0
0,0.024487226627876328,0
0,0.29711167265135435,0
0,0.3329324614102789,0
0,0.4272425848332351,0
1,0.9556838105122771,1
1,0.7878313642839397,1
1,0.8910104075810591,1
0,0.09468281592043017,0
0,0.806472962803595,1
0,0.22981712610593633,0
0,0.46136913438754,0
0,0.1507946982487723,0
1,0.6079665351386954,1
0,0.6121799511790572,1
0,0.34389663311831614,0
0,0.6807017915295512,1
0,0.004500245131911316,0
0,0.0008118124304060412,0
1,0.7578355942615665,1
1,0.9388468903243254,1
0,0.5726829148463253,1
0,0.38612913675674215,0
1,0.43503301058573884,0
0,0.03346473096533211,0
0,0.04830509489148932,0
1,0.6695299701727829,1
0,0.41507570399656646,0
1,0.7085030789598604,1
0,0.18780250216115926,0
1,0.8344789379901392,1
0,0.6482010618653435,1
0,0.021903776570966562,0
0,0.08761139941908028,0
0,0.04467479923149065,0
0,0.022956193350680415,0
1,0.7348457635239697,1
0,0.009856498996916901,0
0,0.24903568112387778,0
0,0.30465487153004434,0
0,0.03443288782683712,0
1,0.74657521342055,1
0,0.07685784830192469,0
0,0.46599224746733076,0
0,0.07898757807787961,0
0,0.26538736136973384,0
0,0.7032458938566771,1
0,0.40025217669150864,0
0,0.007542314391122334,0
0,0.6663569094938623,1
0,0.5637217016527535,1
0,0.0005662160951053547,0
0,0.0020730388017796667,0
0,0.64476909629062,1
0,0.014722472814289223,0
0,0.12120317092605999,0
1,0.31846436192493077,0
0,0.8526714208335553,1
0,0.1919586361963837,0
0,0.11316889957570088,0
0,0.8761737301142328,1
1,0.7341709324264056,1
0,0.21204603166644836,0
0,0.026605544641397694,0
0,0.5934515649487394,1
0,0.00400709269838781,0
1,0.7993559559481563,1
0,0.0009073920724024874,0
0,0.008584904858480956,0
0,0.12392751477975038,0
0,0.8630185084932533,1
0,0.26494432432292336,0
0,0.6567899673174054,1
0,0.6935161488105833,1
0,0.04586851283773121,0
0,0.07414991812800814,0
0,0.19808811871715604,0
1,0.8986296383697595,1
1,0.4852774408119069,0
0,0.004443620272200447,0
0,0.046118257607417876,0
0,0.00244463656819934,0
1,0.8049608152106966,1
0,0.03503177266930202,0
0,0.39528955736942045,0
0,0.03897973291812562,0
0,0.06833050844855748,0
0,0.018089016455877415,0
0,0.006740068403474697,0
0,0.4941823416685136,0
0,0.37981951464567537,0
0,0.06445014148862646,0
0,0.1325013842378402,0
0,0.02166728540270003,0
0,0.07494588155308601,0
1,0.9181739812313647,1
0,0.3978473134923657,0
0,0.3095234922233587,0
0,0.1438450674478552,0
0,0.40431348915743454,0
0,0.02276480721744807,0
0,0.08846047808448596,0
0,0.016481976011310333,0
1,0.4670051236063458,0
1,0.7037458894816416,1
1,0.2628738784802886,0
1,0.936369370433722,1
0,0.0012077251343876126,0
0,0.5339743401989061,1
0,0.22389636258406645,0
1,0.5583736749303286,1
0,0.07502963218653567,0
0,0.2773930541980903,0
0,0.39913037652914635,0
0,0.2173146642398696,0
1,0.6656987958704352,1
0,0.0022649051508059374,0
1,0.6852292185529729,1
0,0.32590395061397504,0
0,0.04788628434758792,0
0,0.013759165050212872,0
1,0.8383117057075155,1
1,0.8669043832181939,1
0,0.4225829716548362,0
0,0.003328349802269385,0
0,0.2796757844175025,0
0,0.02648895544772718,0
0,0.1085078153038976,0
1,0.9742731679895197,1
0,0.5688212597730192,1
0,0.04183905497767465,0
0,0.019060834336449214,0
0,0.24283272186656693,0
0,0.0029090867942663436,0
0,0.011995447925507724,0
0,0.04161885413384187,0
0,0.47491810401852824,0
0,0.09289726316293748,0
0,0.02926446217631046,0
0,0.8957196592076857,1
0,0.2160735315883791,0
1,0.990348778537551,1
1,0.5864787076005273,1
0,0.4398791717093938,0
0,0.005208064354197242,0
0,0.052977423212051275,0
1,0.8800235856908252,1
1,0.627339696853716,1
0,0.7945196023416249,1
0,0.1944144158184319,0
0,0.012617088125220225,0
0,0.0015162803525481862,0
0,0.2600783346696371,0
0,0.022687514394216023,0
0,0.7498254474477787,1
1,0.8641456129854163,1
1,0.8991518155902102,1
0,0.28854397044353125,0
0,0.2515194113184303,0
1,0.6205863788902071,1
0,0.1839656789173254,0
0,0.2989900103266779,0
0,0.6708141470274146,1
0,0.08309447088233493,0
0,0.024053412125023408,0
0,0.10989734953196319,0
0,0.013187183774787187,0
1,0.6167485078415226,1
0,0.2513777554620689,0
0,0.2665297045355277,0
0,0.33240565170672215,0
0,0.1300717311873952,0
0,0.14126463600716405,0
0,0.0033987342303432493,0
0,0.012688107137839197,0
0,0.07278206757627838,0
0,0.7234168263618377,1
1,0.7533674671270515,1
0,0.013133758259285052,0
1,0.7619638222429467,1
0,0.21848400039384666,0
0,0.47369063434642933,0
0,0.8313532293021834,1
0,0.027120200140175927,0
0,0.2515242081957832,0
1,0.6929286334149923,1
1,0.5173718611548682,1
0,0.3988526410467345,0
1,0.7732317343818815,1
0,0.1825236946332212,0
0,0.7361589234910958,1
0,0.10010067774934578,0
0,0.026424739689792344,0
0,0.013216222779529937,0
0,0.013619052634033155,0
0,0.3787253554970108,0
1,0.6375744902377439,1
0,0.3678665926112277,0
0,0.18296886926621084,0
1,0.6177055998918674,1
0,0.007379326562449946,0
0,0.6717862283643363,1
0,0.2775239428161344,0
0,0.030259581415662585,0
0,0.0461693587192845,0
1,0.887940398521297,1
0,0.0037378136645793377,0
0,0.7210067486872354,1
1,0.9512011663193668,1
1,0.04509419238777839,0
0,0.0022908512402933846,0
0,0.008758470475810605,0
0,0.11660870673428798,0
0,0.01578601706773696,0
0,0.028934872970556,0
1,0.07913797457271966,0
0,0.09016149659510513,0
0,0.5655862119004622,1
0,0.007575206578979024,0
0,0.6993380511975902,1
0,0.003995478349851444,0
0,0.21733463761553062,0
0,0.001164102610439074,0
0,0.14631069563426713,0
0,0.0036799633037193765,0
0,0.04095468969542667,0
1,0.5291980046686637,1
0,0.0012656112996915787,0
0,0.610971726563455,1
0,0.04347403298962405,0
1,0.9894855530055444,1
1,0.2919510380959264,0
0,0.010810809426045039,0
1,0.9915850715194722,1
0,0.00903738658403906,0
0,0.18208642048011334,0
0,0.6949205173218881,1
0,0.6382084767861155,1
0,0.6212483109939024,1
0,0.04039585670193434,0
1,0.7219618405108602,1
0,0.2638741543245889,0
1,0.90013673735897,1
1,0.4635504975980721,0
0,0.3904407194692534,0
0,0.34203179758849955,0
1,0.9908406799272718,1
1,0.8244594843866675,1
0,0.024658184633648567,0
0,0.09347626108517622,0
1,0.42815592506523265,0
0,0.0415709662887382,0
1,0.849749230658679,1
0,0.433299377461821,0
0,0.0006593333374540306,0
1,0.5676869919125209,1
0,0.13681431151865375,0
0,0.2195626962857131,0
1,0.9582826197932562,1
0,0.21412617045743534,0
0,0.061418106785140765,0
0,0.19911412165411002,0
0,0.02127746438253151,0
0,0.4353505145454383,0
1,0.9825035402020252,1
0,0.34998631479000974,0
1,0.2516893356645996,0
0,0.41627388319748526,0
1,0.9506656285459538,1
0,0.28439002438340194,0
0,0.002103951447492602,0
0,0.016093288296062023,0
0,0.4979452948471957,0
1,0.941169613315198,1
0,0.0006820170234295044,0
0,0.7789437450241119,1
0,0.0040366284980713485,0
0,0.02008087201108632,0
0,0.40326321366478296,0
0,0.6911757913419482,1
1,0.9912672052918535,1
1,0.9743226076246545,1
0,0.4898338238945728,0
0,0.41164570387857957,0
0,0.3517922737321022,0
0,0.07918410911045454,0
1,0.8977453540405982,1
0,0.8974998277768566,1
0,0.12055987153967647,0
1,0.7980693155956112,1
0,0.3830007892314488,0
1,0.6230731031192572,1
0,0.019578373675745345,0
1,0.7035673814215506,1
0,0.6132890031102354,1
0,0.1036078064528998,0
0,0.28878739372247203,0
1,0.8422542211153271,1
0,0.0981175285448865,0
0,0.04416474761815391,0
0,0.12083208026439621,0
0,0.02960368523502152,0
0,0.7306216430936536,1
1,0.7934878774678162,1
1,0.9620576726286694,1
0,0.3132511207959253,0
0,0.000276508614151928,0
0,0.169992120371218,0
1,0.6675703746446793,1
1,0.6716851794439218,1
1,0.5250880649938408,1
0,0.004994340861330067,0
0,0.10101975012529618,0
0,0.06478138100026959,0
0,0.00750344995671623,0
0,0.1059492431052248,0
0,0.01058951474673826,0
0,0.02387175799992202,0
0,0.6003267277923819,1
0,0.06790354392411672,0
0,0.06250844671236808,0
0,0.38982607908761596,0
0,0.1146497949977117,0
0,0.5383282145990188,1
0,0.043744571003887615,0
1,0.9001732497207513,1
0,0.6146043641552894,1
0,0.4969197254055579,0
0,0.8891874286756453,1
0,0.42598415669985545,0
1,0.2910678656091643,0
1,0.9773169516215012,1
0,0.0009923872129824396,0
1,0.8435833396081859,1
0,0.42701762495909473,0
0,0.0263793877261317,0
0,0.7387622461471629,1
1,0.9732213551254051,1
0,0.15016614835788986,0
0,0.004743347008772582,0
0,0.8053198770696801,1
0,0.6642511229992683,1
0,0.05916324169573304,0
0,0.11671419636878792,0
1,0.9699597218227338,1
1,0.6892247721755634,1
0,0.002537940907603705,0
0,0.4048392673460153,0
0,0.6858700666949167,1
0,0.026910024369870875,0
0,0.015938771802333065,0
0,0.0020111512165344103,0
0,0.4535453473791723,0
0,0.12775210646925775,0
0,0.7358983624741252,1
1,0.8114124958938868,1
0,0.5509236822469658,1
0,0.6243773271773913,1
0,0.009452934554356392,0
1,0.6517701359047169,1
1,0.7420484590408106,1
0,0.3617290266698424,0
0,0.09181838117506247,0
0,0.06050372947726608,0
0,0.004107322728898622,0
0,0.027322516557223377,0
0,0.00034399573503911246,0
1,0.7339943128403023,1
0,0.2786964066398079,0
0,0.8651851223754857,1
0,0.32306901466116417,0
0,0.09999831355470896,0
0,0.4620634184013222,0
0,0.0010898757069208093,0
1,0.8009123387049574,1
0,0.6976989098730554,1
0,0.01241713618326003,0
0,0.43844334968868554,0
0,0.4274335424317002,0
0,0.157661754384253,0
0,0.06377748354367165,0
0,0.7760400224197924,1
0,0.0036033138082528946,0
0,0.39831289017532767,0
0,0.6652640666402656,1
1,0.7997373217153761,1
0,0.13868987548461534,0
1,0.6596841492237367,1
0,0.6515856333000294,1
0,0.12757160444206492,0
1,0.7353810304599132,1
0,0.14500094481971862,0
1,0.5242750746678654,1
0,0.5005973834973055,1
0,0.10793246634901138,0
0,0.5955333590193979,1
0,0.07785802665595004,0
0,0.3688304685211609,0
0,0.6124880334839902,1
0,0.41446235260878905,0
0,0.18685189105093603,0
0,0.625898858475003,1
1,0.992362209847664,1
0,0.03772652636404201,0
1,0.8896194632174942,1
1,0.9176269227224988,1
0,0.34320969960913666,0
0,0.027970229230159682,0
1,0.1772332337787854,0
0,0.13227485982362758,0
1,0.5623776141757826,1
0,0.12296804476628428,0
0,0.44237190104019175,0
0,0.25805191526941634,0
1,0.9947108350475374,1
0,0.031416100572671496,0
0,0.051963542029183456,0
0,0.17828682356639955,0
1,0.627421592719809,1
1,0.9758551240440628,1
0,0.7250955613136889,1
0,0.1255959825577252,0
0,0.07158106115734293,0
0,0.36520752530653944,0
0,0.6562258798184305,1
0,0.018379749451968845,0
0,0.02722193719584121,0
0,0.07781869152915313,0
1,0.8592218072879623,1
0,0.3884988024034533,0
0,0.19748880886440406,0
0,0.25809766218694946,0
1,0.9689075129829781,1
0,0.18444614202126855,0
0,0.08648871792153796,0
0,0.0015246643873714858,0
0,0.8443199342279586,1
1,0.5439876421913467,1
0,0.09867538783362878,0
0,0.0611170924644084,0
0,0.5956398520263185,1
0,0.04172996925680131,0
0,0.9145826872665824,1
0,0.25484723474584875,0
1,0.4052626838802228,0
0,0.0039839550399789056,0
0,0.0022724021567279273,0
0,0.07501369477504617,0
0,0.27537500163607764,0
0,0.7170852780312955,1
0,0.33417697669264224,0
0,0.15541140639754938,0
1,0.6537412822506844,1
1,0.5222784039139998,1
1,0.7017757154353631,1
0,0.002505289080231761,0
1,0.6516888720960474,1
0,9.267420907120254e-05,0
0,0.364272895470992,0
1,0.9899830803789587,1
1,0.3844240814642928,0
1,0.8735108717032908,1
0,0.46806024059546225,0
0,0.7619863428872254,1
0,0.016199893381625474,0
1,0.9208142577501897,1
1,0.9760650981912852,1
0,0.8422502957839203,1
0,0.6982735008435592,1
0,0.2757399855691449,0
0,0.3762152772612895,0
0,0.3442477141369604,0
0,0.1582226972162129,0
0,0.040755385224315,0
1,0.17170889916749074,0
1,0.6496490339305181,1
0,0.03998392693537761,0
1,0.7856699258750441,1
0,0.6120703893445952,1
0,0.06868748471439827,0
0,0.1480182214804899,0
0,0.13014102476216952,0
0,0.30157544571900613,0
0,0.6496839782327809,1
0,0.0006905074496831368,0
0,0.11594049425575273,0
0,0.010333875832220183,0
0,0.03518789588565408,0
0,0.19055098012685226,0
0,0.006201989005037558,0
0,0.40522298859330363,0
1,0.851870037533146,1
0,0.015947192028190435,0
1,0.8183362547639537,1
0,0.10091204354101448,0
1,0.8772745478384424,1
0,0.18264915298927709,0
0,0.22065803015210914,0
1,0.7774020597824258,1
0,0.29501366548363495,0
0,0.11367779607407966,0
1,0.817174464744723,1
0,0.31672740232180235,0
0,0.014867461217633575,0
0,0.0021163750571101887,0
0,0.2331550682501115,0
0,0.38911332229834966,0
0,0.2345662675057537,0
0,0.007249068566438364,0
0,0.003636058257133475,0
0,0.004955484726753174,0
0,0.6032893679091509,1
0,0.4885296810131001,0
0,0.14082427127198738,0
0,0.006768425783807075,0
0,0.3918438406769209,0
0,0.07659722953994298,0
0,0.01167413126504497,0
0,0.32964028885643587,0
0,0.006687865965739588,0
0,0.4500658646090698,0
0,0.5449896966742106,1
1,0.8659403302749242,1
0,0.3003505167848206,0
1,0.7301650566313926,1
0,0.006127121501469396,0
0,0.2702016674050981,0
0,0.29285472978710697,0
1,0.9069632766555524,1
0,0.13179690352953324,0
0,0.2927273387939399,0
0,0.006995658637010969,0
1,0.967939807099937,1
0,0.5376505112669828,1
0,0.10922450618356569,0
0,0.011803218978416545,0
0,0.3194574794089716,0
1,0.8887131183275582,1
1,0.8158292809346452,1
1,0.8731801778248628,1
0,0.012691495908689893,0
1,0.8873573238941627,1
0,0.7087253485712837,1
0,0.10952824204666413,0
1,0.9602575391828773,1
0,0.04221816502026369,0
0,0.6203465655165236,1
0,0.42203844536937507,0
0,0.10517460523750508,0
0,0.0535038729213359,0
1,0.5761113537053121,1
0,0.6596412661457974,1
0,0.6936958515673698,1
0,0.40776823119900757,0
0,0.23825211406667937,0
0,0.035859947196103054,0
0,0.16133743353845156,0
0,0.013047037895713244,0
1,0.3035658190402964,0
0,0.006159856094718039,0
0,0.13262383509275788,0
0,0.0706262295261135,0
1,0.9288243028616082,1
1,0.6134291523112355,1
1,0.9147693954732417,1
0,0.002464492820293809,0
0,0.07997816154006156,0
1,0.994718419311398,1
0,0.2149161198772587,0
0,0.03951807273793214,0
0,0.10271604843633615,0
0,0.035832151325043304,0
0,0.5638899941322338,1
0,0.013089618645755516,0
0,0.0013633365770752363,0
0,0.0845799163868654,0
1,0.8265140243484767,1
1,0.8424893269525144,1
0,0.3285169268806013,0
0,0.027140739809747724,0
0,0.32516571021780905,0
0,0.009268579504947876,0
1,0.7146932519411966,1
0,0.26042651527658633,0
0,0.37721641583716786,0
0,0.26189463406516655,0
1,0.9793160455033894,1
1,0.8496544433597797,1
0,0.26251910515632126,0
0,0.18859267106355063,0
0,0.09525998157260418,0
0,0.0020677990487306687,0
1,0.953026351361377,1
1,0.3427746369018668,0
0,0.0016623426688449742,0
1,0.9955537527847357,1
0,0.5754568094738168,1
0,0.006142821283516017,0
1,0.5925636121175477,1
1,0.6648321284025407,1
0,0.04042688747000747,0
0,0.6305722659520202,1
1,0.3756879120411373,0
1,0.8699419439157479,1
0,0.1994938786118693,0
0,0.006596214534022,0
1,0.8506698072768603,1
0,0.013599301111796629,0
0,0.4659978429037609,0
0,0.010899266614814085,0
0,0.10994921343778091,0
0,0.2553956663692638,0
0,0.1655026866722002,0
0,0.020577453735895146,0
0,0.3792336148104906,0
1,0.9827449960035313,1
0,0.38852259160360314,0
1,0.9408576123542972,1
0,0.0035217953704835226,0
0,0.3291894884261988,0
0,0.0002932068743158632,0
0,0.2202471789997123,0
0,0.07059410175810137,0
1,0.3976986219931326,0
0,0.1824058935009101,0
0,0.02190692325440145,0
0,0.3496488507698038,0
0,0.008435252996708246,0
1,0.6230421845738151,1
0,0.6970786987891373,1
0,0.12193286698826976,0
1,0.9142430339299076,1
1,0.890564736634754,1
0,0.6511404530008522,1
0,0.6097665339289546,1
1,0.9566728185550418,1
0,0.041425112965796436,0
0,0.3490272940654669,0
0,0.30761442706972,0
0,0.00734403088878535,0
0,0.28996070492545284,0
0,0.6119610714659655,1
0,0.0012268577174203849,0
1,0.9010871285543648,1
0,0.09247723395655066,0
1,0.7205682572127469,1
0,0.12349263410371497,0
0,0.020328041326016445,0
0,0.5902010580409703,1
1,0.8444821320317423,1
0,0.008470788079554146,0
0,0.6332125507154169,1
1,0.7875129454512962,1
1,0.7613229468112405,1
0,0.011852699106009262,0
0,0.004903262784643804,0
0,0.04664837163895352,0
0,0.017466839893308737,0
0,0.7357827606913581,1
0,0.027391099628783902,0
1,0.774655247017544,1
1,0.21155949016852124,0
0,0.7437283934411419,1
1,0.43291653764466803,0
0,0.33634167666036663,0
0,0.10134087504539244,0
0,0.3528620514000336,0
1,0.8558579057712554,1
0,0.029290637281625648,0
0,0.09475796902228971,0
1,0.555822476130856,1
0,0.2207025547798535,0
0,0.12898447973385826,0
0,0.0026202730528182387,0
1,0.837812470194584,1
0,0.08532823139983457,0
0,0.6736130696153311,1
0,0.04041871846677077,0
0,0.14086183404384933,0
0,0.1904534353631625,0
0,0.04316626431857154,0
1,0.2865009230478171,0
0,0.19331230758140577,0
0,0.02325296731882096,0
0,0.18980762796155373,0
0,0.007863666112904217,0
0,0.35126076526458183,0
0,0.0025141071047121346,0
1,0.8989574348835571,1
0,0.06853851000812036,0
0,0.4256742680009525,0
0,0.002686886481390432,0
0,0.015579486715004798,0
0,0.022780750052739954,0
0,0.03964174470530548,0
0,0.6596589661290017,1
0,0.033290840117222414,0
1,0.9610158984635556,1
1,0.5348455812877884,1
0,0.0002337334163029008,0
0,0.071265346312756,0
0,0.697929568374856,1
0,0.3683249211927354,0
0,0.5434196978477882,1
0,0.0018149344272141454,0
0,0.012821574001984212,0
1,0.5509476134059339,1
0,0.20573946246820202,0
0,0.5670784085369667,1
1,0.7581845811906266,1
0,0.47168747478258893,0
0,0.599156994847822,1
0,0.0821814959953067,0
0,0.5063783562372058,1
0,0.06335648235806131,0
0,0.004446053449448734,0
0,0.12268561435499079,0
1,0.8344675888242671,1
0,0.2061740512989596,0
0,0.0011955296222619998,0
0,0.4130334219703593,0
1,0.882752135964818,1
0,0.009428562043400097,0
0,0.007713261340783853,0
0,0.05068043402304292,0
0,0.7619870327130751,1
1,0.7987734602663392,1
0,0.11269398926117345,0
0,0.2855296547179748,0
0,0.6011543529588569,1
0,0.283267016389828,0
0,0.03295436656728355,0
0,0.8223888605202967,1
0,0.12261207260802243,0
0,0.06774889422241015,0
0,0.03524329507300779,0
1,0.9292150185512037,1
1,0.7908051363214761,1
0,0.4152718277981416,0
0,0.0027047685956539474,0
0,0.1154437557789067,0
0,0.146935714601807,0
0,0.2668014836191134,0
0,0.03622957433096384,0
0,0.03275045288317216,0
1,0.9891380448591821,1
0,0.7113226264243009,1
0,0.030119024465878615,0
0,0.4102062550420386,0
0,0.049537596123030145,0
1,0.920488251218655,1
0,0.0036607173671533546,0
0,0.10770916879506548,0
1,0.47112492754266666,0
0,0.7167379696106569,1
0,0.49287920613120484,0
1,0.9004365560212064,1
0,0.5406461439809042,1
0,0.6242130354330164,1
0,0.6350581617344075,1
0,0.300111740897904,0
0,0.6958930915995589,1
0,9.267420907120254e-05,0
0,0.40463966596486706,0
0,0.5201525410748192,1
0,0.46185628804871737,0
0,0.2011680478445685,0
0,0.47095399423822754,0
1,0.9527082536814244,1
0,0.04227864034829289,0
1,0.5762885299897108,1
0,0.24237624534789093,0
0,0.4792513170616674,0
0,0.22936737747535432,0
0,0.29253663462421076,0
1,0.3880563096231819,0
0,0.5534390811561293,1
1,0.5587489559832389,1
0,0.29456266345974075,0
0,0.3815762356709191,0
0,0.03403559452784952,0
0,0.30525830645473423,0
0,0.16790361291071101,0
0,0.36907890429329177,0
1,0.8520567311802758,1
1,0.9860725092131092,1
0,0.001030437276731099,0
0,0.04815513912326752,0
0,0.017764623037445276,0
0,0.013253725322090744,0
0,0.40396685319277786,0
0,0.09494166525667083,0
0,0.4629732959966153,0
0,0.3527027882101442,0
0,0.43119016987782743,0
0,0.1984758629874042,0
0,0.28184192272133163,0
0,0.05771727921724388,0
1,0.8453978172328146,1
0,0.17002340648511383,0
1,0.5010687987207427,1
0,0.5795296990865922,1
0,0.3089017368063989,0
1,0.9709028299387588,1
0,0.13814297943282158,0
0,0.30970872952939016,0
1,0.7762607733873446,1
0,0.47385381769433577,0
0,0.8956491273088201,1
0,0.6436724602903258,1
0,0.7446570300770351,1
1,0.38264342248483035,0
0,0.11169731341102201,0
0,0.2953819653025389,0
1,0.35982160046057954,0
0,0.3652401982964344,0
1,0.6768903482762222,1
0,0.06156743833322047,0
0,0.039643131955947084,0
0,0.4364766405111727,0
0,0.7025914497011457,1
0,0.09692392418450985,0
0,0.5208083107980079,1
0,0.4129409922875327,0
1,0.7166562333879634,1
0,0.30395988601011886,0
1,0.8632334314223569,1
0,0.050355751257605004,0
0,0.009002562358827385,0
0,0.09563573480932909,0
0,0.002501159806503657,0
0,0.046103543541216985,0
0,0.0014896332195601654,0
0,0.1448906218585222,0
0,0.453056678745313,0
0,0.4557096302708095,0
0,0.14386977881423602,0
0,0.07152787692302887,0
0,0.08036233361660618,0
1,0.9049872460474876,1
0,0.057511986322544145,0
0,0.4271973467707124,0
0,0.0004120713072140659,0
0,0.22611145217613313,0
0,0.9660958165037115,1
0,0.5443052604932651,1
1,0.651057024407751,1
0,0.11621596712642336,0
0,0.26560471966180654,0
0,0.01159860964374998,0
0,0.17580348842321078,0
0,0.030248909106201594,0
0,0.03850310019472213,0
0,0.09923351326966279,0
0,0.1868923225502444,0
1,0.8984414666842698,1
0,0.592451790639135,1
0,0.02542344213177383,0
0,0.78440846550513,1
1,0.6629991037284064,1
1,0.9255093092626963,1
0,0.08458731163501501,0
0,0.02201312221088572,0
1,0.8833507258206296,1
1,0.41627829371474523,0
1,0.5366090357588751,1
0,0.009085502770792963,0
0,0.3069432248098159,0
0,0.12850888077986874,0
0,0.5083586525454136,1
0,0.03445705319481126,0
0,0.04416389581008369,0
0,0.8521397187554153,1
0,0.1476350630091736,0
1,0.9682467645452352,1
0,0.00031330668849056926,0
0,0.6242601277945046,1
0,0.07893258354460758,0
1,0.8668301337393893,1
0,0.013576324758193564,0
0,0.675994824815425,1
0,0.22323964839863483,0
1,0.3196338428483797,0
1,0.8488746254334975,1
0,0.7770924697014802,1
0,0.508497464033349,1
0,0.4282294313432242,0
0,0.5560663477600836,1
1,0.9381070277260911,1
0,0.05229281788797664,0
0,0.0036985471558410297,0
1,0.7146579402203858,1
0,0.5115541751815511,1
0,0.4775953698755105,0
0,0.13614144234589798,0
0,0.2948889053657608,0
0,0.8362419602835796,1
0,0.38805564958217875,0
0,0.4383569561570252,0
0,0.14785440145051207,0
0,0.04375608660925662,0
0,0.3256521637114559,0
1,0.7975973335345096,1
0,0.21107595885572192,0
0,0.004357662021421914,0
0,0.20573684409526222,0
1,0.7828823816869167,1
1,0.6939530643502224,1
0,0.10263654539122576,0
1,0.9559280147351737,1
0,0.4695472884670394,0
0,0.0012962670396043084,0
0,0.3299178625495992,0
1,0.5488542386188632,1
0,0.14920636078784646,0
0,0.014579946615632566,0
0,0.37512650490355265,0
0,0.009969457456533729,0
0,0.005977450848212907,0
0,0.060277782852452284,0
0,0.4258419393625133,0
0,0.30396155687432685,0
0,0.012813224450939536,0
0,0.017252684532474805,0
0,0.30720268671447376,0
0,0.47867229442114867,0
1,0.7409852906902648,1
0,0.3687719947392929,0
0,0.02004403336790908,0
1,0.8809116376204893,1
0,0.021704009380868996,0
0,0.7021455339669554,1
0,0.355377740891655,0
0,0.0463884929057777,0
0,0.18000975878927844,0
0,0.000178413999221801,0
0,0.054049321882234706,0
0,0.05912791887150263,0
1,0.9713273730256698,1
0,0.47849313940195315,0
0,0.4859993077318116,0
0,0.03020675526945757,0
1,0.7046190932985394,1
0,0.16329361574431764,0
0,0.4715670646013406,0
0,0.0405036544287924,0
0,0.0017498690511933276,0
0,0.7912853312517694,1
1,0.9864082059750876,1
0,0.0017018361029671977,0
1,0.25292771023283755,0
0,0.46213989152131274,0
0,0.2573590541992632,0
0,0.30283135706005726,0
0,0.06607475129574464,0
0,0.8470811033219302,1
0,0.5277346811487902,1
0,0.2635379735332226,0
0,0.0024622617654544167,0
1,0.9952115157558389,1
0,0.28558789108697813,0
0,0.2567681786682039,0
0,0.062058374928899,0
0,0.0037618562223663745,0
0,0.00177895035661824,0
0,0.09886208497213898,0
0,0.8038838168690859,1
0,0.303154918276435,0
0,0.20408492107020743,0
0,0.0027117018954157888,0
0,0.004608067120362832,0
0,0.4137937387610695,0
0,0.028046495009956984,0
1,0.8707815776546515,1
1,0.7691873250924212,1
0,0.002833739536366473,0
0,0.33367638533746474,0
0,0.18569929793280465,0
0,0.08001441909348014,0
0,0.7968673560661887,1
0,0.0006820170234295044,0
0,0.0012582854328369794,0
0,0.055756480295066524,0
0,0.17723607774180108,0
0,0.7096226851392402,1
0,0.02513500398101875,0
0,0.13187184225451987,0
0,0.003170274742835623,0
1,0.9250508329308055,1
0,0.40666813738992735,0
1,0.7565346414415819,1
1,0.6738140858028844,1
1,0.5068282875256219,1
0,0.028117281214597608,0
1,0.6203017358521686,1
1,0.9133674837478689,1
1,0.33396172179121764,0
0,0.044595063015888864,0
1,0.18742483945445304,0
0,0.4802065629133393,0
1,0.9452940358554462,1
0,0.01065229630408595,0
0,0.01948697041332928,0
0,0.06721870426186817,0
0,0.7657847728764202,1
0,0.02512602581972885,0
1,0.974623888230639,1
1,0.775235703276519,1
0,0.011083285308659803,0
1,0.4749159302417665,0
0,0.9246203066157985,1
1,0.8968673554878209,1
0,0.024262200820329063,0
0,0.6219265098199076,1
0,0.6368316188708769,1
1,0.4216734163680497,0
0,0.00835993281591977,0
1,0.3360208328460503,0
0,0.08623773811580614,0
0,0.06389471216533864,0
0,0.5265307376316204,1
0,0.0647362083090239,0
0,0.023540007132833364,0
0,0.6400959643458726,1
0,0.0906528458884108,0
0,0.28520551678594,0
0,0.10790333802289075,0
0,0.19618440361672945,0
0,0.02935136465146536,0
0,0.02413277277254607,0
0,0.174942211217039,0
0,0.12045437600644557,0
1,0.9543777254995501,1
0,0.005387440121010431,0
0,0.5671193588696826,1
0,0.011713339061428678,0
0,0.26007693302895685,0
1,0.27819622099651,0
1,0.8735391551898848,1
0,0.01768913064164348,0
0,0.06542112719549256,0
0,0.02312045741936465,0
0,0.015054593932366316,0
0,0.5792322203527646,1
0,0.021654750714184403,0
0,0.289003311280108,0
1,0.5035945769165459,1
0,0.456058741117292,0
0,0.10758587526265186,0
0,0.15033992469558605,0
0,0.021292590021334906,0
0,0.10524777294029691,0
0,0.7712405182652141,1
0,0.4564122809148396,0
0,0.37646072884606613,0
1,0.6267959408328735,1
0,0.19905429056966883,0
0,0.8650329636715001,1
0,0.10459546077377317,0
0,0.18906197567278388,0
1,0.9859674817474373,1
1,0.6638971018239831,1
0,0.47718994358532607,0
1,0.58236870471641,1
0,0.17714181830736486,0
0,0.900542122215229,1
0,0.7591076907698032,1
0,0.2708917399055261,0
0,0.7187730404226758,1
0,0.4911836233420061,0
0,0.2245698851909494,0
1,0.6087364396601606,1
0,0.3386920996774835,0
0,0.4226340740353921,0
0,0.12945320497728094,0
0,0.6256580489994907,1
1,0.9003150741983266,1
0,0.03520203411860881,0
0,0.7761015771336514,1
1,0.8383829590197044,1
0,0.015422875111402732,0
0,0.19369744229239627,0
0,0.010837902625926677,0
0,0.4916482783860499,0
0,0.060489077184097344,0
1,0.964412676426279,1
0,0.20202676468907468,0
0,0.0078088423813871995,0
0,0.05088710393073073,0
0,0.6923291871554007,1
0,0.0037991174998333924,0
0,0.27095775410431683,0
0,0.011922133879004686,0
0,0.08608562376997818,0
0,0.034648029458845035,0
1,0.7608951157903039,1
0,0.06207513785977271,0
1,0.8735407030868952,1
0,0.005656112348281635,0
0,0.4796359106393811,0
0,0.0006335485573786513,0
0,0.09919628258731099,0
0,0.352992485056247,0
0,0.2923042002732249,0
0,0.20409058240580438,0
1,0.7111965811540824,1
0,0.7557576158384292,1
1,0.9589817124884173,1
1,0.9563993231626946,1
1,0.6448370477845298,1
0,0.08816693442515858,0
0,0.40001736210452965,0
0,0.0007789924496898211,0
0,0.042498686166319376,0
0,0.1834320195468268,0
0,0.14102614799252766,0
0,0.0072349857157049694,0
0,0.5635448134652509,1
0,0.21779450171766443,0
0,0.0005987822275054583,0
0,0.5389447639427795,1
1,0.9459132185453405,1
0,0.4694546863548976,0
0,0.0007470246066665451,0
0,0.010509133771577134,0
0,0.08462896974447479,0
0,0.013353586404656769,0
0,0.0006729292102506582,0
0,0.04797026576871816,0
1,0.9101166396709618,1
0,0.054110193856251786,0
1,0.8256643057586142,1
0,0.6567758634827267,1
1,0.9954469799497013,1
0,0.008319161926219202,0
0,0.6401529892012965,1
0,0.0028145927896286007,0
0,0.0289445841297804,0
1,0.9721530959357555,1
1,0.8778289642780808,1
0,0.12697337898743583,0
0,0.4298133051882724,0
0,0.277405674329971,0
0,0.02758353545724027,0
0,0.4283870125741468,0
0,0.21721825579849507,0
0,0.03410570087661124,0
0,0.00039657931139656406,0
1,0.8066168253710275,1
1,0.9377054654399359,1
1,0.9692411595048708,1
0,0.02117248669119421,0
0,0.06542441816338515,0
1,0.9872967226814541,1
0,0.23016718165740888,0
0,0.004256437287398817,0
0,0.17156794568356834,0
0,0.013948046301420937,0
0,0.3943271529225173,0
1,0.8458704097523378,1
1,0.8922897286305228,1
0,0.007874143423865025,0
0,0.11812303688180464,0
0,0.7075475456336296,1
1,0.7474786272920632,1
1,0.6699061247383046,1
0,0.2101038047482728,0
0,0.019109371013712736,0
0,0.030780401658722607,0
0,0.37177494562941116,0
1,0.8706893911462227,1
0,0.6922453728473033,1
0,0.6802785028241822,1
0,0.012802538510274141,0
0,0.12139975762208233,0
1,0.5229416896985045,1
0,0.7258621349298179,1
0,0.3453298565723235,0
0,0.06491928299767633,0
1,0.9604330580623319,1
1,0.8961238190892882,1
1,0.6367171598300486,1
0,0.04484509339637171,0
0,0.18533865073824646,0
0,0.6373504952526252,1
0,0.07083652178995203,0
0,0.33525140992624136,0
0,0.16429275982295172,0
0,0.0183449653549965,0
1,0.9941480629053642,1
0,0.05231718132014554,0
1,0.8781431680471709,1
0,0.7942400536492146,1
0,0.06432045102398284,0
0,0.3212635516788197,0
1,0.9687228757965435,1
0,0.02658324299983861,0
0,0.15403976808061662,0
0,0.20053927217374487,0
0,0.00920434207396273,0
0,0.12333623714928621,0
1,0.8681862974444232,1
0,0.09779609284426405,0
0,0.007230673506679413,0
0,0.09015570526407263,0
1,0.9799803470195885,1
0,0.05791553120173775,0
1,0.6811511638219511,1
0,0.038486676363874144,0
0,0.14720144611231786,0
1,0.9949049641612064,1
1,0.835407731853671,1
0,0.025996840098950723,0
0,0.6423386857819519,1
0,0.6424307759348736,1
0,0.014612889078789463,0
0,0.056512318757167015,0
0,0.1625856209221351,0
0,0.4577036546741368,0
0,0.12925618127436447,0
0,0.01376584296870505,0
0,0.2501395226423883,0
0,0.09587822385272421,0
0,0.6221691945229872,1
0,0.7861428337626836,1
0,0.14389244496521136,0
1,0.6893991946096533,1
0,0.10346103262567836,0
0,0.2047213582587429,0
0,0.13714903728379274,0
1,0.8721655685786733,1
0,0.03401664038743917,0
0,0.003931699561735987,0
0,0.028059127963094652,0
0,8.639134494938235e-05,0
0,0.4539163490964411,0
0,0.00011208545097150723,0
0,0.5452570319133462,1
0,0.1223534406396553,0
0,0.04531509086631979,0
0,0.3107617565126713,0
0,0.3448141445034201,0
1,0.5531483694963806,1
0,0.07912904244953733,0
1,0.7532464718832987,1
0,0.2707259231950332,0
0,0.08592737521677592,0
1,0.8426061434593133,1
0,0.5480390627595622,1
1,0.7692790936993594,1
0,0.032379990993432174,0
0,0.47913105333327743,0
0,0.03128433327240305,0
0,0.24828452280658492,0
0,0.0026434664069580776,0
1,0.8002742054156686,1
1,0.44919309461382395,0
0,0.21911235462160183,0
0,0.009926589207244482,0
0,0.6830951038803893,1
0,0.2833930191239284,0
0,0.013990307356935431,0
0,0.22376573674891156,0
1,0.9936230402494974,1
1,0.9684227545298404,1
0,0.006445394011503114,0
0,0.11894136217796458,0
0,0.8132232039161409,1
0,0.02148689384702675,0
1,0.7893628868694988,1
0,0.46059859562644145,0
0,0.02640283410588679,0
1,0.8914030700365668,1
0,0.31591653440633416,0
1,0.43348985569924564,0
0,0.5599507788467661,1
0,0.5351652686015009,1
0,0.0023384382524301653,0
0,0.013440486205214756,0
1,0.7071951581342595,1
1,0.7025660578925645,1
0,0.09065187253181006,0
1,0.8064015538593677,1
0,0.8715041492854226,1
1,0.9268298972669555,1
0,0.4062305017844254,0
1,0.8860627361943649,1
0,0.11261737094625916,0
0,0.3413798375763893,0
0,0.10281544966687174,0
0,0.20000744146294835,0
1,0.8686486930444625,1
1,0.8867835700856521,1
1,0.6338640546734646,1
0,0.0962959723716034,0
0,0.0046486180357475995,0
1,0.8991843982654526,1
1,0.93618205216152,1
0,0.008086131326361315,0
0,0.03292817264432413,0
0,0.009259792992412431,0
0,0.1305907034436963,0
0,0.4267806878395051,0
0,0.08225610917808164,0
0,0.08722760690548334,0
0,0.006729592605317959,0
0,0.49535311097311885,0
0,0.6806665935419687,1
0,0.3254356521708411,0
0,0.46532131102233487,0
0,0.43044412469651283,0
0,0.45868935217569967,0
0,0.36166954246708355,0
1,0.5512522703180983,1
0,0.1853720315014248,0
0,0.08425075470935672,0
0,0.05172143839454177,0
0,0.04455994315497462,0
0,0.5682172564863542,1
0,0.09706638959261124,0
1,0.4503146325944127,0
0,0.06876913120333464,0
1,0.803112836585693,1
0,0.1752492417049694,0
0,0.4081210378397029,0
0,0.025742329825682784,0
0,0.023575342343333874,0
0,0.047807071819727605,0
0,0.0036413047273761083,0
0,0.8059894791456303,1
0,0.008322369671290169,0
0,0.1927540335618341,0
0,0.0335274910635826,0
0,0.4588724434476606,0
1,0.8515088430811251,1
0,0.8304326486219505,1
1,0.300112737204282,0
0,0.006232504308651466,0
0,0.25004333168492593,0
1,0.5125255216777463,1
1,0.8939703164520801,1
1,0.8771194103307504,1
1,0.9036966885869526,1
0,0.5292591737777336,1
0,0.5211541698537953,1
0,0.03630022742005872,0
0,0.0036452086699989834,0
0,0.004096754526336228,0
0,0.5947673131714055,1
0,0.07831879512677706,0
1,0.943833724796858,1
0,0.03533138766611575,0
0,0.24865284811231253,0
0,0.005864530498538964,0
0,0.007566887899972399,0
0,0.004723867087516393,0
1,0.4956610760031364,0
0,0.469430753691825,0
0,0.03531069130517453,0
1,0.6659450619040143,1
1,0.9589466892531114,1
1,0.6083112762631266,1
1,0.6850214257777226,1
0,0.3135902789999666,0
0,0.7210132772098007,1
0,0.1404168706436961,0
0,0.0019705563760800825,0
0,0.3671066324253744,0
0,0.038598841625380347,0
0,0.03628028017283494,0
1,0.9025745556989881,1
0,0.7069350219419422,1
0,0.13376320802535047,0
0,0.09417413588307881,0
0,0.6607470872169354,1
0,0.3897089043165172,0
0,0.05695671044788124,0
0,0.003602494145455431,0
0,0.025084157049769296,0
1,0.8828098433155144,1
1,0.3936971433628997,0
0,0.014458142670056512,0
0,0.6379380813704342,1
1,0.7065532396442926,1
0,0.0271139966034416,0
0,0.0018263378513521408,0
0,0.44134588765366384,0
0,0.5773088921424893,1
0,0.10065037614935186,0
0,0.1557052935568509,0
0,0.1014380644949672,0
0,0.004504254601121307,0
0,0.0007401501918394212,0
0,0.17145209690091687,0
0,0.03419458366087436,0
0,0.5728260226286122,1
0,0.01864461049299157,0
1,0.1797784858967425,0
0,6.0598209922097376e-05,0
0,0.10536866412245496,0
0,0.6986006737549846,1
1,0.9011729726569543,1
0,0.009842632875482898,0
0,0.3625847510692546,0
1,0.9938986932679864,1
0,0.0024785994871401925,0
0,0.04972417040309782,0
0,0.003244977876854373,0
1,0.9736667186580489,1
0,0.016651588759690576,0
1,0.835726271058314,1
0,0.07745450776301441,0
0,0.35487086093998454,0
0,0.3437584152563909,0
0,0.4322405027430521,0
0,0.0003254774221094019,0
0,0.15007487463938698,0
0,0.5693625774590809,1
1,0.9808329552075667,1
0,0.21097690759183285,0
0,0.46778778722563297,0
0,0.5713287261132071,1
0,0.004769749887446562,0
0,0.7749860594335641,1
0,0.002402327920787161,0
0,0.6084053322887745,1
0,0.47427158104516226,0
0,0.04920448327771751,0
0,0.027461711019170654,0
0,0.003978066643897925,0
0,0.03233143583163642,0
0,0.047957930858541754,0
0,0.010251192009712862,0
0,0.3530438153881062,0
1,0.6708271769488022,1
1,0.5061600669765566,1
0,0.1588685164496432,0
0,0.016875586550759488,0
0,0.22491485082686075,0
0,0.3862573012800442,0
0,0.019012166655033868,0
0,0.13055091327176024,0
1,0.7347417862709633,1
0,0.15339662309837543,0
0,0.36170810229709793,0
0,0.46403653025708147,0
0,0.005164139327673728,0
1,0.9175300601634345,1
0,0.6891481176308993,1
1,0.8013479027337851,1
0,0.012405368282991026,0
0,0.2194824430621977,0
0,0.004847078165335591,0
0,0.16910588057032966,0
0,0.4315622848314363,0
0,0.5264650115261936,1
0,0.060472421977826096,0
0,0.040876258371348305,0
0,0.0290560216040002,0
0,0.2541592541086916,0
0,0.023010869847938525,0
1,0.31931236312027184,0
0,0.057304523739333625,0
0,0.5650137434268027,1
0,0.019800934636295738,0
0,0.0013028434210363108,0
0,8.639134494938235e-05,0
0,0.08768749849439814,0
0,0.3340687690941438,0
0,0.048991104036456186,0
1,0.4116760181744392,0
0,0.5024178387828439,1
0,0.685782390549368,1
1,0.8921964073907351,1
1,0.2730073838247772,0
1,0.5841304074802388,1
0,0.5807658850449403,1
0,0.21035354262717018,0
0,0.010300979427024126,0
0,0.7535776074809895,1
0,0.5889978467124727,1
0,0.36566273889946044,0
0,0.5925179216515322,1
1,0.4680733950528753,0
0,0.893103346059904,1
0,0.06213587010703758,0
0,0.050336460667601494,0
0,0.629181524783199,1
0,0.13106818864942377,0
0,0.1353869966946535,0
0,0.8250937416830084,1
1,0.8584486805036577,1
0,0.8488402008512801,1
0,0.017516195249831695,0
0,0.08957091224164195,0
1,0.8696381518663854,1
1,0.23388917619612276,0
1,0.6576092750408423,1
0,0.0011230470186816212,0
0,0.7317524604334478,1
0,0.016476449939225656,0
0,0.688662966120828,1
1,0.6636605501932191,1
0,0.48431405455226145,0
1,0.35496619673386237,0
0,0.0035646725650227136,0
1,0.753388219048208,1
0,0.19042335663037235,0
0,0.0032070989663674043,0
0,0.6697165500160664,1
0,0.02748800139434472,0
0,0.004115533272661889,0
0,0.11060922321499661,0
0,0.014446128719015015,0
0,0.232587546725289,0
0,0.43779414986265464,0
0,0.02424876631462545,0
1,0.3495635348963911,0
0,0.006133195842335561,0
0,0.0006185469384354878,0
1,0.9123775992164191,1
0,0.2850458578605721,0
0,0.4496190659803646,0
1,0.9833069488671953,1
0,0.0396951062374322,0
0,0.05129899901129193,0
0,0.7357191313556736,1
1,0.7010893776951878,1
0,0.012572024347188715,0
0,0.044574565347627736,0
0,0.19337957096589506,0
0,0.6221541577280395,1
0,0.06922454450214822,0
0,0.3654564722796079,0
0,0.23425298760849708,0
0,0.6474597464549935,1
1,0.6533280791065482,1
0,0.12128966802327909,0
0,0.025955995145695847,0
0,0.2143391335501315,0
0,0.6191524957304457,1
0,0.5675425391298111,1
0,0.1510221294739604,0
0,0.7224629454335882,1
0,0.011211568576688143,0
0,0.8150643203015046,1
0,0.012057254442514653,0
0,0.198123747429777,0
0,0.12837353091847323,0
0,0.019069600710492268,0
0,0.06735431926097721,0
1,0.9058125330824479,1
0,0.00939644217524882,0
0,0.012628800755962458,0
1,0.5980609324379456,1
1,0.8533848494025168,1
0,0.07643935025181936,0
1,0.8220805366692494,1
1,0.8748333339764158,1
1,0.6434217810618804,1
0,0.003747302424378173,0
0,0.410933183174525,0
0,0.19415449395223083,0
0,0.35668545251861833,0
0,0.29123412810969335,0
1,0.6978178107926378,1
1,0.4669124714122799,0
0,0.006050858862522279,0
0,0.06531836541875298,0
1,0.6381264853790155,1
0,0.04163406437586132,0
1,0.726125958721202,1
1,0.4886115881956077,0
0,0.0172877841654881,0
0,0.06130158509934385,0
0,0.16487662982579898,0
1,0.1938202888292987,0
0,0.12796436475888284,0
0,0.019894806177054376,0
0,0.055857557639285724,0
0,0.6227955048819479,1
0,9.600004000169715e-06,0
0,0.5167403772568857,1
0,0.4320074029085231,0
0,0.06079951526836483,0
0,0.46442975340886583,0
0,0.16077115853562732,0
0,0.012290720468991266,0
0,0.001294038944797227,0
0,0.23306102971596887,0
0,0.45706790431470284,0
0,0.4764759151714229,0
0,0.36502058765050366,0
1,0.9403540696427016,1
0,0.0003033795184026787,0
0,0.013486068469684656,0
0,0.01486111194243884,0
0,0.6010248988732702,1
0,0.03738594693358211,0
0,0.7552889479145982,1
0,0.024489033732398725,0
1,0.8620361077727756,1
0,0.038243519298558494,0
1,0.8509668758524505,1
0,0.02008339380669808,0
0,0.5895561583429134,1
0,0.5673570822165986,1
1,0.9769291847818867,1
0,0.8015311945333697,1
1,0.6053434051456642,1
0,0.21682469609296698,0
0,0.38366083171835585,0
1,0.8625825296638694,1
0,0.07053035318071604,0
0,0.13945375060670778,0
0,0.035691560040108955,0
1,0.9112679457560646,1
0,8.452170698944206e-05,0
0,0.062172918788672635,0
1,0.7738443011319792,1
0,0.36471028051553295,0
0,0.01186469331246541,0
0,0.0026372165026053228,0
1,0.7736302292983376,1
1,0.867350937260421,1
0,0.39116358298119275,0
0,0.008215714895923093,0
0,0.30925751933626566,0
0,0.17644624653445523,0
0,0.2693947392678726,0
0,0.3660773321440398,0
0,0.4886065047666294,0
0,0.5528268522972296,1
1,0.7264541153252975,1
0,0.05618924343410118,0
0,0.642140247540133,1
1,0.994941459761521,1
1,0.8965558774619388,1
1,0.7837004032930878,1
0,0.2781366382428692,0
1,0.8988771034562052,1
1,0.803985766924009,1
0,0.6873512840384087,1
0,0.02427799579344395,0
0,0.5628209178876094,1
0,0.044235214720553445,0
0,0.7309928758324316,1
1,0.9776072689015257,1
0,0.36557949667468354,0
0,0.0012801340699867402,0
0,0.005971279235587897,0
0,0.16413273971021014,0
0,0.007249675868016149,0
0,0.02974318702394714,0
0,0.158015303792065,0
0,0.6906932866776834,1
0,0.7262616173543504,1
0,0.7696267881161524,1
0,0.05099496286443138,0
0,0.0269320508431977,0
0,0.6343893350291516,1
0,0.0331001778916794,0
0,0.5828043541510946,1
1,0.8553770632120099,1
0,0.23484011299978017,0
0,0.025250633797255815,0
0,0.0032572009841178346,0
0,0.032490889060088485,0
0,0.06561815947461681,0
0,0.4137456803992174,0
0,0.714176350831579,1
0,0.04986044854712635,0
1,0.8650492733311931,1
0,0.009911642625948928,0
1,0.5433064600215893,1
0,0.0038995555179675923,0
0,0.010045334375553312,0
1,0.901369098660035,1
0,0.03890657092354497,0
0,0.09227870854784627,0
1,0.973427971293952,1
1,0.6953109736864639,1
0,0.0003146792256740636,0
0,0.37313361581259435,0
0,0.7657697676052364,1
1,0.6585638338653592,1
0,0.06461954473139532,0
0,0.8181226375399279,1
1,0.9121215491585588,1
1,0.3163198319905549,0
1,0.8839346380743607,1
0,0.0006270556441797673,0
0,0.016148835413706274,0
0,0.029340244553423874,0
0,0.05852683143505032,0
0,0.01594881789164049,0
0,0.010688716984453723,0
0,0.22762908540115462,0
0,0.016675923532949232,0
0,0.2715055789284366,0
1,0.9825490653243086,1
0,0.0024784038726619593,0
0,0.03586725665376131,0
0,0.3936581868917322,0
1,0.9037701464702976,1
0,0.6940565262432382,1
0,0.1912423975768385,0
1,0.6891198516232349,1
1,0.9749310695845251,1
0,0.025510738364855543,0
0,0.394087568627001,0
0,0.15346266448020943,0
0,0.008749756926505974,0
0,0.06732268875789121,0
0,0.6113866865309823,1
0,0.3424527610051131,0
1,0.6267679614921831,1
0,0.0003398111057856018,0
1,0.9950714127577112,1
1,0.9066433528180492,1
0,0.4088686625725972,0
0,0.3402412556171331,0
0,0.7355985724008417,1
0,0.06188907333486998,0
1,0.5622287395529457,1
0,0.002207223335077447,0
0,0.07230597111907582,0
0,0.0950728820226925,0
1,0.9608840493076993,1
1,0.6953708599130577,1
0,0.833821727064462,1
0,0.11585751647366012,0
0,0.19364054377568715,0
0,0.715885715476417,1
1,0.7774517113670157,1
0,0.055139529092579756,0
1,0.9794608507130814,1
1,0.9502188954311661,1
0,0.13380917358572905,0
0,0.0002684049896042499,0
0,0.1179214527546448,0
0,0.03412823937335286,0
0,0.7494847466704162,1
0,0.01010031871565214,0
0,0.0003745573688617613,0
0,0.020619691308473267,0
0,0.1405141002149576,0
0,0.0008869168620526868,0
1,0.590916428465874,1
0,0.0006907314068313709,0
0,0.8555019406956635,1
0,0.08246486965951891,0
1,0.9173178404500906,1
1,0.9025523130608567,1
0,0.6897891913382341,1
1,0.31491160148632424,0
0,0.04078784857459512,0
0,0.06793693638851442,0
0,0.016376924493120306,0
1,0.840825455071184,1
0,0.26044030108932165,0
0,0.2452697685649638,0
0,0.5728496212007097,1
1,0.9938525545965446,1
1,0.9079728455350742,1
0,0.01576641721306273,0
0,0.7725462005950948,1
0,0.2881978503689984,0
0,0.2876488436494716,0
1,0.5209275127182525,1
0,0.5353893386632277,1
0,0.7921337531909779,1
0,0.009258327069678027,0
1,0.8859202566840709,1
1,0.8932221769972345,1
1,0.7984672623170838,1
0,0.1277054182510986,0
0,0.02433359586851549,0
0,0.047124499702033626,0
0,0.746144258547308,1
0,0.3187195299721297,0
0,0.20451582146761085,0
0,0.0263957253723103,0
1,0.519464371311798,1
0,0.37166757446209187,0
1,0.7397625273328462,1
0,0.3659037183253511,0
1,0.8695032023256647,1
0,0.1927536047083549,0
0,0.5362562118986358,1
1,0.575879023428454,1
0,0.03974735652947908,0
1,0.9700630549535354,1
0,0.15733682989702838,0
1,0.9508286389504383,1
0,0.5247110991686046,1
0,0.7442236639573587,1
1,0.6399408492282456,1
0,0.10959021322515504,0
0,0.07414389438134976,0
0,0.0034886375244988174,0
0,0.06142482192231408,0
0,0.06763323913986202,0
0,0.05552384186573567,0
1,0.5137758706773387,1
1,0.9170545743788545,1
1,0.9312042272672086,1
0,0.5368438863261326,1
0,0.011131630849432883,0
0,0.21873859055421563,0
0,0.009324182533458958,0
0,0.45969336832345475,0
0,0.14396405758871472,0
0,0.38656812666909124,0
0,0.0013116582210259313,0
1,0.9799351777054678,1
0,0.07550071189365322,0
0,0.04367507530558098,0
1,0.42828273442712705,0
1,0.6638277893169215,1
0,0.06115981899174647,0
0,0.9157482707962044,1
0,0.1118965910277887,0
1,0.7886514411792893,1
1,0.6721784044126871,1
0,0.065425583134025,0
0,0.008037095382283449,0
1,0.8384189849548943,1
0,0.050827657540781876,0
0,0.3012082979400341,0
0,0.2801449947793606,0
0,0.2819110036810746,0
1,0.542890354764232,1
0,0.3314684388831606,0
0,0.4245571859967252,0
0,0.024723323544906202,0
0,0.009510963589168994,0
0,0.06041566351582288,0
0,0.028097131400021583,0
1,0.9084576255716047,1
0,0.011207265554629258,0
0,0.0022139505177294293,0
0,0.4705349439519414,0
0,0.27746513607866496,0
0,0.014794187099979065,0
1,0.9125816042163327,1
0,0.1572660835377175,0
0,0.018881410481868813,0
0,0.3199211571080338,0
0,0.0587600277934146,0
0,0.5177740145792272,1
0,0.009281938383178909,0
0,0.00690771824018706,0
1,0.9943580845229675,1
0,0.07692612507310351,0
0,0.4529126539813177,0
0,0.6318488488837246,1
0,0.8925577203217074,1
0,0.01070580556970269,0
1,0.6800771572983916,1
0,0.17410159395154898,0
0,0.035288634545332535,0
0,0.14065813103315986,0
0,0.604834840265228,1
1,0.7095107153671372,1
0,0.5086230806710759,1
1,0.7328551718753654,1
0,0.3729031905337931,0
1,0.9866922156077377,1
0,0.03708496132433511,0
0,0.1630624858663217,0
0,0.25367887341821294,0
0,0.9099620534755511,1
0,0.0016422169016191536,0
0,0.3303123091144506,0
0,0.2370420407341911,0
1,0.9300667709799181,1
0,0.2743420463359593,0
0,0.07960843763977553,0
0,0.29821897128205566,0
1,0.6087946084844643,1
0,0.09600236911809368,0
0,0.01221450182014501,0
0,0.1387543310070778,0
1,0.7087704402976791,1
0,0.7209411801742849,1
1,0.8494744263109952,1
1,0.8873362848665788,1
0,0.1631637408330503,0
0,0.022296286787892465,0
0,0.2475531219136442,0
0,0.07297950408932284,0
0,0.36772822957244233,0
0,0.7301366334933318,1
1,0.8897367267416469,1
0,0.8266541839683449,1
0,0.21888719267662063,0
1,0.8553740019691177,1
0,0.10660871809254678,0
0,0.49786273728072,0
0,0.02885048245311136,0
0,0.05011015061679334,0
0,0.3038159848553765,0
0,0.19434267350856135,0
1,0.6877413454075724,1
0,0.14796171071399317,0
0,0.014735934062878805,0
0,0.0018456098843291258,0
0,0.00046539877286882526,0
0,0.016659031390410226,0
0,0.16889892883833585,0
1,0.4966015396193838,0
0,0.16556151705197417,0
1,0.5903831153016994,1
0,0.022088408607699693,0
1,0.9885098852310589,1
0,0.01467351101481807,0
1,0.6683610414524028,1
1,0.9862278044926515,1
0,0.5507827472939024,1
0,0.3223977497352706,0
0,0.005378157383381497,0
0,0.554468270044558,1
0,0.05465269497498616,0
0,0.1899406661299293,0
0,0.46842907600458156,0
0,0.7736244477317836,1
0,0.3298858693399748,0
0,0.047056050192926954,0
0,0.13028353600915107,0
0,0.09973280585430698,0
0,0.0019350243483444577,0
0,0.32321074724261273,0
0,0.035540069747993924,0
0,0.0013228446527640727,0
0,0.02716344407015061,0
0,0.7824735051565826,1
0,0.014566240327487453,0
1,0.4105028282031833,0
0,0.0319281785561629,0
0,0.05599903538118235,0
0,0.3808999010836097,0
1,0.9764352239071679,1
0,0.056143680186979794,0
0,0.4026475777376639,0
1,0.9398161956090952,1
1,0.4386880838066824,0
0,0.41963298259314463,0
0,0.008444540314938773,0
0,0.3781008144635444,0
1,0.4455927284532175,0
0,0.16671414587726618,0
0,0.013150405030150948,0
1,0.7488556813285289,1
1,0.756008386613829,1
0,0.1969603850712675,0
0,0.47219149628197327,0
0,0.1705249603167519,0
0,0.37677881146021347,0
0,0.5597961991964485,1
0,0.7590014554529613,1
0,0.4102996933816041,0
1,0.7151211520968542,1
0,0.0634839255121182,0
0,0.2484182253784275,0
0,0.6794721835873998,1
0,0.003680685677599135,0
0,0.0016150923339887412,0
0,0.536692191370557,1
1,0.6197962989577697,1
0,0.0022971442572049705,0
0,0.6368927733331637,1
0,0.1522728567220958,0
0,0.8537728106561294,1
1,0.8114846203690941,1
0,0.0780917879090318,0
0,0.0646898910779491,0
0,0.014835545930774281,0
0,0.07710934310232032,0
0,0.006736179088731352,0
0,0.2900187780640026,0
0,0.31459632225507034,0
0,0.36635363285743244,0
0,0.008387790221661235,0
0,0.5716917042954617,1
0,0.031946920429065946,0
0,0.050798915027480705,0
0,0.008761686519292846,0
0,0.015173987433270293,0
0,0.032858121008502654,0
0,0.18725294072975304,0
0,0.6985275535021302,1
1,0.9763840222663718,1
0,0.30146652791488865,0
0,0.0009617434800927749,0
0,0.8509542823047123,1
0,0.3276258651746,0
1,0.43451282484360526,0
0,0.03300115862526262,0
0,0.006885865208898655,0
0,0.09774102560935823,0
0,0.03252055891694501,0
0,0.1339003760599914,0
0,0.009164899272987173,0
0,0.29468552784861274,0
0,0.0002038525211359747,0
0,0.4125838889605841,0
0,0.3137035565893324,0
1,0.4243097506068683,0
1,0.5740301357219877,1
0,0.620643639662799,1
0,0.008700203195115113,0
0,0.06551347049280798,0
0,0.0024405972744851252,0
0,0.0006104897252093713,0
1,0.5777132607760781,1
1,0.4735037251314843,0
0,0.1359520689033916,0
0,0.1342413979798508,0
1,0.30859595770462495,0
1,0.827395441607215,1
1,0.23449756707833452,0
1,0.8813458310512728,1
0,0.6825801891860787,1
0,0.007865972070421508,0
0,0.14052280346492083,0
0,0.3680679026105266,0
1,0.7188644622903029,1
0,0.5576977366171767,1
0,0.009078490743150827,0
1,0.9957022580612268,1
0,0.47966477184659273,0
0,0.18859584840921945,0
0,0.017754526651109357,0
0,0.004601483391189459,0
0,0.05185761771691025,0
0,0.38265393760729166,0
0,0.3736230314800443,0
1,0.8952707122848098,1
0,0.46618751723318763,0
0,0.023909306496378843,0
0,0.1537230289263332,0
0,0.5264927387301479,1
1,0.588456504146487,1
0,0.018881211036602005,0
0,0.38590927669010683,0
0,0.19656185487854005,0
0,0.05705905358022887,0
1,0.612286008188081,1
0,0.836336431200671,1
0,0.06271600577678241,0
0,0.18736301428051913,0
0,0.09715168169876781,0
1,0.8401768557714304,1
1,0.45412561928541806,0
0,0.14421487674288258,0
0,0.0030770438738595756,0
1,0.8749265182442109,1
0,0.031941023804374524,0
1,0.834109022497982,1
1,0.54093363820814,1
0,0.041702856172554426,0
0,0.5370834308728257,1
0,0.4618795046614565,0
0,0.03648989004811086,0
0,0.1942455604151824,0
0,0.2958552394144972,0
0,0.6328082055632023,1
0,0.039102877122737426,0
0,0.20744144435961645,0
1,0.9101225228035477,1
0,0.00035573229213917905,0
0,0.0023550142275990645,0
1,0.802115293581162,1
0,0.7914160055300732,1
0,0.015685905273587302,0
1,0.8740461251680769,1
0,0.0019375152714013288,0
0,0.44460285374414477,0
0,0.04257699047513583,0
1,0.7853389130086078,1
0,0.26803280538204977,0
0,0.09124790553115426,0
0,0.003190532292375868,0
0,0.08274916836521058,0
0,0.269712604089303,0
0,0.037627821825778084,0
1,0.5621334161500403,1
1,0.836115395532846,1
0,0.06278143806993895,0
0,0.0006716889244509216,0
0,0.5352241871007765,1
1,0.4905854182641637,0
0,0.123920583186211,0
0,0.7998665097273648,1
0,0.048745962904482985,0
0,0.08828328879738824,0
1,0.9786861193110752,1
0,0.5298485653465299,1
0,0.8011008290681678,1
0,0.16046910865557945,0
0,0.22512647411314063,0
0,0.11605496777572663,0
1,0.13989050068362502,0
0,0.004295078053463554,0
0,0.2549620201380521,0
1,0.9067837899328248,1
0,0.6242876827159394,1
0,0.5462848799264557,1
0,0.20013547483759792,0
0,0.0060627930325821075,0
0,0.09477503956343604,0
0,0.8343894384308091,1
0,0.0008388638040818307,0
0,0.004195606725000121,0
0,0.7597323133998837,1
1,0.7941977133383291,1
0,0.1930225458754888,0
0,0.007702652322122674,0
0,0.003073196415810507,0
0,0.2994473895149838,0
1,0.9258137370912797,1
0,0.5456718709793703,1
1,0.6226131531695507,1
0,0.10922050442994925,0
1,0.4906451311892032,0
0,0.7295345439274932,1
0,9.267420907120254e-05,0
1,0.9873693929535386,1
0,0.20134370137082389,0
0,0.16106648966615555,0
0,0.289696691511382,0
1,0.8263451112702213,1
0,0.5583645758283582,1
0,0.08804061320370622,0
0,0.006738228083920785,0
0,0.5507390257130489,1
1,0.6564948047073399,1
0,0.16979381673840396,0
1,0.9887977468046584,1
1,0.5171246402243342,1
0,0.7392629427417128,1
0,0.024404199882879347,0
0,0.2668792638331035,0
1,0.9075332915693535,1
0,0.018346759504702038,0
0,0.13952723026629202,0
0,0.10609348862056837,0
1,0.5901035158921341,1
0,0.17628856007673163,0
0,0.5245130492587221,1
0,0.8231934467111218,1
0,0.024206205505954346,0
0,0.20202614223302967,0
0,0.18099968560499333,0
0,0.040524010101332414,0
0,0.5940597128331935,1
1,0.9777434157159401,1
0,0.048901305439107985,0
0,0.5245378314029594,1
1,0.9721072194684574,1
1,0.7880932087926544,1
1,0.9630041932675681,1
1,0.8815203435352337,1
0,0.17734948678221793,0
0,0.14412926791685968,0
0,0.03992273065133072,0
0,0.02916955566295911,0
1,0.4805801087034568,0
0,0.09554870533463192,0
1,0.6698813040255412,1
0,0.02303709867875655,0
1,0.624185177999319,1
0,0.40701073011080713,0
0,0.3435391070713099,0
0,0.011986781105726872,0
0,0.14715174501828535,0
0,0.32737359516561904,0
1,0.30498665623100085,0
0,0.020786362773938086,0
0,0.40085566795602523,0
0,0.021030048881048112,0
0,0.008468083492761732,0
1,0.9850865238460023,1
0,0.22629888181143382,0
1,0.833229180523548,1
0,0.5911017375337857,1
0,0.016201935918693587,0
0,0.0005370130836525504,0
1,0.6433156851044269,1
1,0.9177159179688434,1
0,0.010258035238103579,0
1,0.5821477733679259,1
0,0.08236101412001857,0
0,0.16959135278517265,0
0,0.43601335035065014,0
0,0.4675954460178146,0
0,0.21447178315979296,0
1,0.9336554623695518,1
1,0.8979555237790234,1
0,0.21165198865108434,0
0,0.5176902343611961,1
0,0.09879406485115812,0
1,0.5977366271762008,1
1,0.49102827350425865,0
0,0.19672644329567712,0
0,0.14412449323643112,0
1,0.5764332583690845,1
1,0.6816961770074396,1
0,0.31536251936630466,0
0,0.39451820262987347,0
1,0.8788319653646598,1
1,0.8443342202248068,1
0,0.010941634101047176,0
0,0.008650025390298384,0
0,0.19747304395294127,0
0,0.03748176661623561,0
0,0.3367676525636485,0
0,0.744908432653272,1
1,0.9392751002098895,1
0,0.013444819721463825,0
0,0.004123108820871648,0
0,0.5103949154897207,1
0,0.027213014436975113,0
0,0.01082756447721432,0
0,0.4599148320202224,0
1,0.8406509181770702,1
0,0.025840949575393683,0
0,0.04762334388005639,0
0,0.025131087542276987,0
0,0.6208659344748246,1
0,0.16465191103632035,0
0,0.22997616050146916,0
0,0.02702425249595839,0
0,0.5548214968566165,1
0,0.00869981356971493,0
0,0.13505329180419917,0
1,0.6640653899544045,1
1,0.9636937125293606,1
0,0.20295623776630176,0
0,0.0003659250851447929,0
0,0.15584373953651837,0
0,0.7086626508502499,1
0,0.060257907950702065,0
0,0.2936185520455453,0
0,0.07897044925610402,0
0,0.002741364967096516,0
1,0.11327313359118195,0
0,0.13221650146249023,0
0,0.15499216918841063,0
0,0.39779846225613674,0
0,0.060014635517541194,0
0,0.20698069031266503,0
0,0.715310359287413,1
0,0.0961502248483429,0
0,0.00477126307570702,0
0,0.02421194495301056,0
0,0.06334136572165146,0
0,0.616111599428397,1
1,0.7206253527966844,1
0,0.06321519733770946,0
0,0.0031807238261800197,0
0,0.23530057356108414,0
0,0.004051468509140408,0
0,0.5786345704659546,1
0,0.21677082666273725,0
1,0.9085742650625861,1
0,0.6098729304271447,1
0,0.6288274178263684,1
1,0.6286421337239692,1
0,0.10947182118932434,0
0,0.0002684049896042499,0
0,0.01928725784857921,0
1,0.9149435048706998,1
0,0.002226175161208238,0
0,0.17374329115220963,0
0,0.3532743140876262,0
0,0.2923604435091027,0
0,0.00041320928526671535,0
1,0.619855264652824,1
1,0.8644462090011323,1
0,0.056741763226662925,0
0,0.24450974707787643,0
0,0.002876010773460859,0
0,0.1712327673591204,0
0,0.02127217048337243,0
0,0.6603977530498981,1
0,0.04160086783800288,0
1,0.09102115213774224,0
1,0.9015219272831162,1
0,0.431183704042912,0
1,0.5329482269196567,1
0,0.035128773670345996,0
0,0.0010037466116494653,0
0,0.019656428912996484,0
1,0.9092777540956638,1
0,0.007142625679638052,0
0,0.0076762517081514344,0
1,0.5225610206180631,1
0,0.46818914052806593,0
0,0.4175460956518363,0
0,0.045980172694271314,0
0,0.4901351976076535,0
0,0.028352815534377004,0
0,0.8793829833535675,1
0,0.01706128084804205,0
0,0.21952909735227755,0
1,0.7678279377234101,1
0,0.04221279410613892,0
1,0.9797685988633795,1
0,0.015433536563302562,0
0,0.04637332030424901,0
1,0.8559399053405086,1
0,0.07792072128690582,0
0,0.10906973837674162,0
0,0.07653541422555867,0
0,0.2442713917139833,0
0,0.16682226047969942,0
0,0.46403335743715113,0
0,0.043221773034399356,0
1,0.9383209525399758,1
0,0.08030241332637632,0
0,0.039877948911639656,0
0,0.3908005430285554,0
0,0.5389626527362381,1
1,0.8096311987784808,1
0,0.001172160518084488,0
0,0.000867546566999584,0
1,0.8323272810195212,1
0,0.07521559193199397,0
0,0.562393857572395,1
0,0.19262885147641784,0
0,0.0009949138920274001,0
0,0.021517538671136257,0
1,0.7367306211347964,1
1,0.9388572067074642,1
0,0.008652944701625845,0
0,0.6353341971102351,1
1,0.9918048673804583,1
1,0.7916594756625174,1
1,0.854839617477483,1
0,0.0016861666034941162,0
1,0.9140298274422604,1
1,0.8400355661790879,1
1,0.870060590312706,1
0,0.0010025140646579866,0
1,0.8704175617723229,1
0,0.12359084841287905,0
1,0.46816898907251425,0
1,0.9905088242596728,1
0,0.4958725478479132,0
0,0.0013962702583371215,0
1,0.8634669595324702,1
1,0.5607239190269078,1
0,0.1016498769632584,0
1,0.9158781917027301,1
0,0.02441827424125541,0
0,0.8382148147433998,1
0,0.09954956970994566,0
0,0.09083154686596208,0
0,0.46982215660002385,0
0,0.07603278033138378,0
0,0.8439288746889899,1
0,0.1740528476093523,0
0,0.0002534858076267432,0
0,0.09974342572993258,0
0,0.053620449220463134,0
1,0.6965116514319422,1
0,0.002080659762618439,0
0,0.004352471541071306,0
1,0.8932746141919169,1
0,0.04126971034447468,0
0,0.24721905737030464,0
0,0.014288963721497802,0
0,0.05076936667132086,0
1,0.6164435843237871,1
1,0.9759745482284825,1
1,0.7977032973133293,1
0,0.007753070857023716,0
0,0.7692170107064946,1
0,0.5727884257001203,1
1,0.9670915053036807,1
0,0.11417661079015475,0
0,0.34405447084278995,0
0,0.0236771511902654,0
1,0.4455998874199268,0
1,0.8344694482544794,1
1,0.9651611147748946,1
1,0.5550609217046563,1
0,0.010833133083111787,0
0,0.0107452763842079,0
0,0.3668446402137221,0
0,0.31737889914835504,0
0,0.020456806744309174,0
1,0.6801544934747374,1
0,0.004092688629467183,0
0,0.6011485026582992,1
0,0.0001022698080551758,0
0,0.7032140676033894,1
0,0.02103332779187421,0
0,0.15088905962074955,0
1,0.7818691765690098,1
0,0.2126983625475884,0
0,0.0028719808511397317,0
0,0.0774468616314827,0
0,0.04607614099355054,0
0,0.426917108576222,0
0,0.41448531522680687,0
0,0.008978303578491269,0
0,0.016758096899970334,0
1,0.03912013793701259,0
1,0.6544137163447495,1
0,0.387942277663688,0
0,0.0033905349180264606,0
0,0.0022328408053901585,0
0,0.015476302693579929,0
0,0.00430472919623594,0
0,0.3096513307201439,0
1,0.28154358737150137,0
0,0.09498607593221632,0
0,0.6072107262100185,1
0,0.3482884595407529,0
0,0.0014721081517273962,0
1,0.9531681986059864,1
0,0.3321655660823382,0
0,0.27965033991075605,0
0,0.22533439556229187,0
1,0.5462198521225774,1
0,0.6311667290626441,1
1,0.4834405584670342,0
1,0.44175034764703175,0
0,0.2814835237151556,0
1,0.5464651746541329,1
1,0.6663084706712458,1
1,0.42455964420056724,0
0,0.04801995890500091,0
0,0.11116319804904741,0
0,0.12103706983301088,0
0,0.536250405144806,1
0,0.19490801254581933,0
0,0.001276522140395077,0
0,0.8169860075330426,1
0,0.00021951936597307815,0
0,0.6999536531976893,1
0,0.048745344359872,0
1,0.5173048861744847,1
0,0.19487113841446177,0
0,0.006622021758223792,0
1,0.8507855822217388,1
0,0.19291278810542922,0
0,0.010341549056208635,0
0,0.15260077510204226,0
1,0.8783717739414673,1
0,0.13989208746999862,0
0,0.23940508413206293,0
0,0.31741871555394185,0
0,0.010969954949226207,0
0,0.20427738280011082,0
1,0.7977512940091113,1
0,0.033658829727735644,0
0,0.037005210557773664,0
0,0.0008553932238354621,0
1,0.6177492896278173,1
0,0.3256812900775378,0
1,0.9925199010898204,1
0,0.07818709658090964,0
0,0.025539135241072555,0
0,0.415575595410383,0
0,0.136909935541734,0
0,0.028841153552242975,0
0,0.29764785620017686,0
0,0.16692208116939103,0
0,0.0028340390782224494,0
0,0.446723364674887,0
0,0.01950221895835948,0
0,0.0018050809285852377,0
0,0.00014680967418059522,0
0,0.0011287309740336637,0
0,0.5797928870634932,1
1,0.5490694191071952,1
0,0.10707537182147199,0
1,0.8178145226374135,1
0,0.49638956782585164,0
0,0.73584937340667,1
1,0.657157366343877,1
0,0.016732697526551907,0
0,0.04694975050535377,0
1,0.850773726624839,1
0,0.20689899464104444,0
0,0.19164966967319402,0
0,0.05524329681985699,0
0,0.4499804376693288,0
1,0.4217910797329538,0
0,0.4887570510956151,0
1,0.4277048874225843,0
0,0.027669477614651185,0
0,0.018013313722317705,0
0,0.28208936307643345,0
0,0.005895034540107876,0
1,0.18275497133207544,0
0,0.2183567094623353,0
0,0.227446771691185,0
0,0.0028574954203171967,0
0,0.12245880750603656,0
1,0.9747409885463795,1
0,0.20637711807477802,0
0,0.002147663890311545,0
0,0.8726469832298204,1
0,0.39702871611593715,0
0,0.0005808003883724255,0
0,0.08094725271148566,0
0,0.6548350983692872,1
0,0.005401362473260373,0
0,0.030519170555585447,0
0,0.24126656217917372,0
0,0.03360553068898865,0
0,0.03993363347634464,0
0,0.06789556729420933,0
1,0.9062486867463012,1
0,0.0003422506215914544,0
0,0.37254394259331514,0
1,0.6745987827873827,1
0,0.04300148806856375,0
0,0.06708741904784259,0
1,0.8939242685995039,1
1,0.4051728709793122,0
0,0.2343862348231042,0
1,0.9873184811387669,1
0,0.05664505352753133,0
1,0.8809601694388948,1
0,0.08560434436317567,0
0,0.016779241435604643,0
1,0.3762402518506765,0
0,0.19965039064710316,0
1,0.3283474503260246,0
0,0.5265619935733399,1
0,0.20232847533471462,0
0,0.9038321671742252,1
0,0.008578062947429584,0
0,0.3732146130490333,0
0,0.5347438394044723,1
0,0.033235580923398775,0
0,0.06936708555275939,0
0,0.41187987315765495,0
0,0.006128565564522078,0
0,0.0005421044650690964,0
0,0.005147886914778377,0
0,0.12165896724417542,0
1,0.4877091933958744,0
0,0.00922836998905799,0
0,0.03113895043394832,0
0,0.010231655649331256,0
1,0.891130335268188,1
1,0.9841874798672233,1
0,0.5881443248460249,1
0,0.26708080065968065,0
0,0.4501464581283445,0
0,0.3442783262450069,0
0,0.004128307187888977,0
1,0.7123651524488538,1
0,0.09666344689545879,0
0,0.05774916659053652,0
1,0.9161345036762392,1
0,0.23164687079575658,0
1,0.6782028270957773,1
0,0.5958215470672653,1
0,0.005348867792588818,0
0,0.061538216167889556,0
0,0.036514210391047686,0
1,0.9757937999081169,1
0,0.8368299708451954,1
1,0.9045883806511881,1
0,0.2799102224634789,0
0,0.43800926712511457,0
0,0.17730512148710262,0
0,0.6029309539174229,1
0,0.42248765402246136,0
0,0.021595337447391384,0
0,0.6737268307077691,1
0,0.04206829935632888,0
0,0.07509087761145115,0
0,0.00011693566284623591,0
0,0.7432051574476767,1
1,0.7958226193973789,1
0,0.019033207939119563,0
0,0.634213043596669,1
1,0.44475613125003605,0
1,0.992866889699921,1
0,0.41737050855757607,0
0,0.007638057973136713,0
0,0.04240658055560067,0
0,0.6148792747023814,1
0,0.006671465306834376,0
1,0.08562922219326216,0
0,0.05789461844697237,0
0,0.1925419534429507,0
1,0.7180439067900741,1
0,0.14626497445264228,0
0,0.2663852776160105,0
1,0.8117083756796892,1
0,0.06728660219232559,0
0,0.239833513757043,0
0,0.17758422311161134,0
1,0.8753317423195428,1
0,0.06212161403118428,0
0,0.006435203939789035,0
0,0.15680641329614464,0
0,0.0009766825941905492,0
1,0.9424036840042856,1
1,0.9947705552985207,1
0,0.015267798744314168,0
0,0.6563081798622776,1
1,0.9316315695689998,1
1,0.6005344785744061,1
0,0.37042691179131726,0
0,0.21751016286627609,0
1,0.49791122661511894,0
0,0.04204753628716565,0
0,0.00718115371449099,0
0,0.01224111160369426,0
0,0.044241574778499486,0
0,0.5122198658679735,1
0,0.281088255118983,0
1,0.10090620700251593,0
1,0.2684842708068945,0
0,0.07561595677774573,0
1,0.3296469161789895,0
0,0.11523605627655838,0
0,0.38029049570890244,0
0,0.0009662201649473357,0
0,0.024996077863917207,0
1,0.7916203173826971,1
0,0.10547825455980041,0
0,0.6703663844101876,1
0,0.10757896673373187,0
0,0.010005773073500786,0
0,0.23132182341843674,0
0,0.3799362006337697,0
0,0.05895646604935893,0
0,0.058554944320814546,0
0,0.2894062187093321,0
0,0.3212508433415597,0
0,0.5160173102866932,1
0,0.017113859725431706,0
0,0.580548732225814,1
1,0.9013523133998911,1
1,0.7557515180071888,1
0,0.16247482215955855,0
0,0.7260772400637641,1
0,0.1119173074856189,0
1,0.9059364657450795,1
0,0.0974455612851603,0
0,0.01701380947843453,0
0,0.24357730995011356,0
0,0.024342932017970696,0
0,0.40520112675636016,0
0,0.8034154289350925,1
0,0.028870983515213115,0
0,0.09478590777112333,0
0,0.4941222004243415,0
1,0.9852793064876605,1
0,0.31865120243102346,0
0,0.12650954733956377,0
0,0.3915000187008726,0
0,0.16036367929095077,0
0,0.7503039441872604,1
0,0.17380811164528692,0
0,0.3294323956073109,0
0,0.11233401940973385,0
1,0.360216873703467,0
0,0.6710869784263862,1
0,0.6700930914468536,1
0,0.47517376947492496,0
0,0.10536377169532125,0
1,0.28817733617876723,0
1,0.7920361507410498,1
1,0.601555966408143,1
0,0.8913708762827323,1
0,0.5468359422540011,1
0,0.5623299831046098,1
0,0.0031521822327484363,0
1,0.991949792860031,1
0,0.002040119758294322,0
1,0.21826166476726983,0
0,0.017028127216955003,0
0,0.37167779766501075,0
1,0.7414069327040248,1
0,0.7744997679536827,1
0,0.20774351666069948,0
0,0.05341228953981065,0
1,0.6877846833491099,1
1,0.9390317203331112,1
0,0.03037292928524314,0
0,0.2058999479325471,0
0,0.7313371849475543,1
0,0.08660804966356458,0
0,0.00011355240411170126,0
1,0.58382173034796,1
0,0.007249068566438364,0
0,0.09108405222462881,0
1,0.3700554525912411,0
0,0.05563160711522259,0
0,0.030944078322416874,0
0,0.4055336339241361,0
0,0.013236582691521342,0
1,0.24982149592312236,0
0,0.5874514741474354,1
0,0.2411967042242513,0
0,0.02074051069449269,0
1,0.5380077032247644,1
0,0.14054390465388691,0
0,0.31581723488910285,0
0,0.5074348595504681,1
0,0.6902608469760145,1
0,0.1736233056682055,0
1,0.9075407752618833,1
0,0.3732279476294562,0
0,0.04448850447575037,0
0,0.003110707393630745,0
1,0.8965707283990436,1
0,0.07898676285194127,0
1,0.9301098401615927,1
1,0.813698319109103,1
0,0.05069325557151725,0
0,0.47683443987178314,0
0,0.06728167483321965,0
0,0.6733855560073089,1
0,0.0005298234404221673,0
0,0.3067407894033692,0
1,0.5924006857701672,1
0,0.28432480316427383,0
0,0.5906640715109139,1
0,0.36005384169587645,0
1,0.9824884719554723,1
0,0.310266799714414,0
0,0.6556063471278242,1
0,0.04281594243412778,0
0,0.06401928189184795,0
1,0.4050542710020101,0
0,0.03788411839389818,0
0,0.30532504848808883,0
0,0.3185704460315148,0
0,0.007898978966743232,0
0,0.06296644148789401,0
0,0.00708087622217699,0
1,0.8857782065286229,1
0,0.06895032727565799,0
1,0.7323153092609104,1
0,0.04498073803511721,0
0,0.1262120694157495,0
0,0.02844829512974624,0
1,0.9202245874520562,1
0,0.48417826925652224,0
1,0.5157884120116588,1
0,0.053015126585631525,0
0,0.00944039905671404,0
0,0.8166353614668602,1
0,0.2115832326750267,0
1,0.6426697319455634,1
0,0.02757243151822505,0
1,0.8919373427173802,1
0,0.06367788059981667,0
0,0.017023837070165537,0
0,0.08077205969600922,0
0,0.5006886346887496,1
1,0.3869825470051349,0
0,0.5232375891610851,1
0,0.005576236868331594,0
0,0.05042587749746001,0
0,0.5290833808425046,1
0,0.26418028386695036,0
0,0.0030684869204467063,0
0,0.028364466849821614,0
0,0.21316218622507016,0
0,0.001875528689201272,0
0,0.03562787967429048,0
0,0.6039863486724879,1
0,0.052330765143171705,0
0,0.0013415890281958192,0
0,0.21750641111385918,0
1,0.6550408159782082,1
0,0.040350138092414084,0
0,0.01934644072865532,0
0,0.19353273038229787,0
0,0.12511492142695194,0
0,0.8147307980053814,1
0,0.42332072569191787,0
1,0.9778626026755317,1
0,0.6325859941563277,1
0,0.15496578246946932,0
1,0.6725064327232296,1
0,0.0014208641814063524,0
0,0.00477218093419384,0
0,0.03554270952106008,0
1,0.8189987461993503,1
0,0.0005123094400152726,0
1,0.7708450355749485,1
0,0.5385823027928401,1
1,0.8749094594508097,1
0,0.13680107124553478,0
1,0.916700141242588,1
0,0.21331784152372332,0
0,0.008401317166161862,0
0,0.14318464054443772,0
0,0.023271501442212274,0
0,0.061980165792283895,0
0,0.6499156050234901,1
1,0.9209891034640681,1
0,0.003151034755761709,0
1,0.9661064890519355,1
0,0.17343989719975955,0
0,0.006539893037418721,0
1,0.902565372954197,1
1,0.6054321441720157,1
0,0.46124669064240414,0
0,0.25890205085128554,0
0,0.00891782325686029,0
0,0.02520879945048038,0
0,0.33168253051104474,0
0,0.009513251404763915,0
0,0.011697287152586276,0
0,0.2912207093793499,0
0,0.07269677357827843,0
0,0.9058900552099857,1
0,0.019548233765046646,0
0,0.7744257944783806,1
0,0.7265842908809337,1
0,0.06649878364055739,0
0,0.01309978791318896,0
0,0.07529234978548763,0
0,0.002088042680901335,0
0,0.5811400984570305,1
1,0.8028474595797244,1
1,0.7363734920383764,1
0,0.002861906593166099,0
1,0.6150948778957677,1
0,0.07776577458030413,0
1,0.5277959790487695,1
0,0.17748400648539703,0
0,0.09025222412087275,0
0,0.5276741696902779,1
1,0.8955569807352697,1
0,0.049460977933943176,0
1,0.3442216156516612,0
0,0.016995394249899803,0
1,0.9788848457173793,1
0,0.005125893060517891,0
0,0.00048434951288202604,0
0,0.3988937110979097,0
0,0.5080083527511995,1
0,0.6256531427587264,1
0,0.466368078474607,0
0,0.09486221648913834,0
1,0.49562758554957725,0
0,0.2182607203877379,0
1,0.5181993068046508,1
1,0.8887439109133841,1
1,0.47157357693383706,0
0,0.036040649110057894,0
1,0.8030202137819631,1
0,0.10223563599893094,0
0,0.11678798566611663,0
0,0.027908008926975605,0
0,0.03265582323198487,0
0,0.7503788315850786,1
1,0.43795831348946357,0
0,0.3868753101425234,0
0,0.02795760763311226,0
0,0.009537855293856704,0
0,0.16026354188903377,0
1,0.984745231290839,1
0,0.1098604300975533,0
0,0.06224844904228327,0
1,0.8026633185661832,1
0,0.3000835240364933,0
0,0.07558110998779029,0
0,0.022382063614988786,0
0,0.013524282449911128,0
0,0.006462522417685068,0
0,0.31877796338597825,0
0,0.3683897254369415,0
0,0.0466646035646275,0
0,0.7798186797136705,1
0,0.5860001132164023,1
0,0.004695416172505388,0
1,0.5917769128595551,1
0,0.5202981798311928,1
0,0.005857993631690977,0
0,0.6439627297954735,1
0,0.026367888616683915,0
0,0.10119252427224376,0
0,0.2501178509014118,0
0,0.21753975189200578,0
1,0.38296707474886,0
1,0.4576652009398356,0
0,0.27545674172656537,0
0,0.5648697233365655,1
0,0.3872824734638788,0
1,0.9629835050669826,1
1,0.5241712769357809,1
0,0.03672987073675209,0
0,0.011964825834827523,0
0,0.06522263516370747,0
0,0.5234889829342861,1
0,0.07099653554418436,0
0,0.1176114679949692,0
1,0.8926906718938754,1
0,0.5258255275902227,1
0,0.06430898947987693,0
0,0.000630880354598344,0
1,0.9171599984732872,1
1,0.884518892858785,1
0,0.2974682301474529,0
1,0.9851364693297319,1
1,0.6612330268979496,1
1,0.35364346859292684,0
0,0.057478827034251945,0
0,0.02382821960377765,0
0,0.017062710825499174,0
0,0.0900357868827073,0
0,0.011048611067429706,0
1,0.5412111931012388,1
1,0.1639163631168438,0
0,0.00025216449007554507,0
0,0.3959458303501855,0
0,0.3200367368685351,0
1,0.7947200205448763,1
0,0.27876950194185013,0
1,0.5056999490659309,1
0,0.34759701707481033,0
0,0.24978642539738846,0
0,0.07410798000989928,0
0,0.11267255165783514,0
0,0.7802725018715441,1
1,0.7959387372663613,1
0,0.5915329185015201,1
0,0.013507832889478943,0
0,0.7035679773602713,1
0,0.372974708239542,0
0,0.3903930845042691,0
0,0.09222916116469967,0
1,0.7981996131481317,1
0,0.4721262406149954,0
1,0.8768014058323801,1
0,0.05918787780943704,0
0,0.0004623577897966036,0
1,0.9219544747402367,1
0,0.612870787283253,1
0,0.10869358543272417,0
0,0.32721773484535743,0
0,0.24294645699792697,0
0,0.412284949995488,0
0,0.03246088896911334,0
1,0.8088645424362201,1
0,0.4025836224347752,0
0,0.00042205838326208955,0
0,0.4142090975726874,0
0,0.007586997101302594,0
0,0.384803677014807,0
0,0.004957599044760217,0
0,0.3931207875156545,0
1,0.6619097230700549,1
0,0.12406051836177191,0
0,0.05482806522662979,0
1,0.8447454361245924,1
1,0.887864717163469,1
1,0.9718473547980241,1
1,0.8041808937638715,1
0,0.013540898171774823,0
1,0.6419572622463181,1
1,0.8193302751478055,1
0,0.07581308163331621,0
0,0.036653143639095935,0
1,0.8622348066650919,1
0,0.05370377386086125,0
0,0.27337132283850124,0
0,0.0028248954703555037,0
0,0.051249281037885196,0
0,0.7269225041277408,1
1,0.8752295582027322,1
0,0.3976211065569093,0
1,0.7906577332930677,1
0,0.0020786255777715504,0
0,0.20185878900091306,0
0,0.4425343188025445,0
0,0.7562834512841924,1
0,0.33746827656702266,0
0,0.3516746086018694,0
0,0.23825121655331405,0
1,0.9894942543750147,1
0,0.0016649807817055119,0
0,0.6346375458168406,1
0,0.1740835208630234,0
0,0.44536622429410727,0
0,0.34043625283009393,0
1,0.9877822802501112,1
0,0.09045124777773805,0
0,0.036315583060078004,0
0,0.27766141361502555,0
1,0.9154752194035652,1
0,0.008525433533435251,0
0,0.8610302654184504,1
0,0.004470329976573959,0
0,0.02727786775101567,0
0,0.03223674591079449,0
0,0.7128034237224008,1
0,0.21430977419615563,0
0,0.501299073350677,1
0,0.13235350564936804,0
0,0.6278270029266478,1
0,0.09897366469555391,0
1,0.8838818213884871,1
1,0.7744730977100279,1
1,0.9621765857290709,1
0,0.39590109951039704,0
0,0.04682265030253562,0
0,0.06094477560230831,0
0,0.48601093596703454,0
1,0.8460284583668273,1
0,0.10005712749518249,0
1,0.9868545290761886,1
0,0.17467363457231902,0
0,0.01840418730368191,0
0,0.023979999705345742,0
0,0.18735274075901298,0
0,0.010586436163304402,0
1,0.7827763719783389,1
0,0.15203464736098274,0
0,0.027466289724916115,0
1,0.9295989851927942,1
1,0.05339380500490318,0
1,0.8873162427247445,1
0,0.1531212000488443,0
0,0.04304034203152676,0
1,0.8645392899610126,1
0,0.0005092096632968254,0
0,0.5340122822262163,1
0,0.29856728400941585,0
1,0.8691141439353607,1
0,0.10613094312662175,0
1,0.8267737500592859,1
0,0.7631665303295104,1
1,0.9281246415015736,1
0,0.0018116320937577649,0
0,0.0022099733462420485,0
0,0.01560489973924131,0
0,0.7080081150222733,1
1,0.6624567421511869,1
0,0.4951285469704687,0
1,0.7757334851738921,1
0,0.3966272716966436,0
0,0.2342757300888682,0
0,0.20767050185732322,0
0,0.21108482139287799,0
1,0.6715543519495747,1
0,0.8102351673381195,1
0,0.0326458461421502,0
0,0.007871105750073788,0
0,0.07052847598490125,0
1,0.8835871157394667,1
1,0.98102124228954,1
1,0.9692779178645342,1
0,0.1613897443571718,0
0,0.22356945290603444,0
0,0.21619696239294336,0
1,0.7857856277612465,1
0,0.27538220357220916,0
0,0.21927140738552534,0
0,0.45487180631482216,0
1,0.6933373726428358,1
0,0.13169798616694786,0
1,0.6755337904563403,1
0,0.027266791469720716,0
0,0.00646767828639808,0
1,0.9112708701086186,1
0,0.29698697866105783,0
1,0.8839027452481119,1
0,0.3639117321157927,0
1,0.22518562021316602,0
0,0.011686166768041767,0
0,0.554483088455073,1
1,0.379776763428986,0
0,0.013871633393116171,0
0,0.277839792752105,0
0,0.34088374497018264,0
0,0.43529116756916997,0
0,0.020001507714989573,0
0,0.04258559072175153,0
0,0.09066428362932513,0
0,0.031365041659794694,0
0,0.11666325620624872,0
0,0.006539357868823642,0
0,0.22221136626731866,0
0,0.0008685573695330613,0
0,0.3609313626249587,0
0,0.02628238362404981,0
0,0.23046890422956673,0
0,0.1325146022477483,0
0,0.0008131134028137575,0
0,0.14305882208834572,0
1,0.8760039751441469,1
1,0.8712847878376088,1
0,0.3914669620482067,0
0,0.0037364024931364824,0
0,0.00818693338414799,0
0,0.38793811760136193,0
0,0.8643442250424962,1
0,0.012505265186942453,0
1,0.8532001441163356,1
0,0.515759643393062,1
0,0.0017569234595096231,0
0,0.02493153850833284,0
1,0.7125577791515024,1
1,0.6076560719429195,1
0,0.4286124032864767,0
0,0.4431305928282621,0
0,0.00328201798958175,0
0,0.768821237034532,1
0,0.03407366003656264,0
0,0.0283427806090951,0
0,0.7027812240902611,1
1,0.3039125791267428,0
0,0.5938494992198526,1
0,0.011759639196829957,0
0,0.6925177927318703,1
0,0.6581555663477853,1
0,0.0787219950076296,0
0,0.0067887974239008815,0
0,0.702919858429689,1
1,0.8974838525794336,1
0,0.09808324235523344,0
0,0.018759378298432237,0
0,0.8207115793287522,1
0,0.011833885872148788,0
0,0.10927195807863607,0
1,0.6769552969330445,1
0,0.046459648711491344,0
0,0.0010879790335130925,0
0,0.0015405811322770325,0
1,0.6262679694905444,1
0,0.00728913956160937,0
0,0.01758470442144744,0
1,0.9113609472859423,1
0,0.044482861000654544,0
0,0.6548187109031134,1
1,0.8636810680679469,1
1,0.858734406943045,1
0,0.0370705846490669,0
0,0.0445300815298297,0
0,0.31206358268325046,0
0,0.013426761086623561,0
0,0.02686723171924301,0
0,0.01679820608655455,0
0,0.5050088052490335,1
0,0.05968789379111042,0
0,0.3406180117829102,0
0,0.004594249608765863,0
0,0.007721098344832235,0
0,0.18424900544109546,0
1,0.8899468627871617,1
0,0.4707436058293972,0
1,0.6498795844275329,1
0,0.4091639863201987,0
0,0.03958692614736506,0
1,0.42387150724013534,0
0,0.2572512070614786,0
0,0.8206074444312679,1
0,0.08416010449335608,0
1,0.8169515535887765,1
0,0.08573845507371686,0
0,0.007831502567590212,0
0,0.36501010008076695,0
0,0.6952424579715251,1
0,0.524888160836939,1
1,0.706835728576419,1
0,0.16016612400364136,0
1,0.9812642437113819,1
1,0.5355010189852805,1
0,0.002263349146012365,0
1,0.9332263357032662,1
0,0.18963534413217256,0
0,0.003205028523680563,0
0,0.22171523994177866,0
0,0.004263530314599491,0
0,0.00963535094105169,0
0,0.0384471099493041,0
1,0.9122588512205468,1
0,0.025696010214126687,0
0,0.02557468004721406,0
0,0.0791464942498228,0
0,0.36938185234591203,0
0,0.05867842328441622,0
0,0.07175847888631724,0
1,0.6507959026392339,1
0,0.037776735438897424,0
0,0.001288459596027776,0
0,0.6246161182329861,1
0,0.03873387931494292,0
0,0.447689021015664,0
0,0.43952054969424714,0
1,0.9122976870134478,1
0,0.0019973904564901416,0
1,0.7417917032482382,1
0,0.36984143368461053,0
0,0.3152060504551221,0
0,0.21986314715747748,0
0,0.23883521907706898,0
0,0.12078680480710091,0
0,0.07748660137467026,0
0,0.04423771728223781,0
0,0.12236712745550654,0
0,0.026710255486576635,0
0,0.42614425511078086,0
0,0.13605156687146053,0
0,0.03995888811727283,0
1,0.9669019261647356,1
0,0.004580048368755482,0
0,0.5344851510681998,1
0,0.05699155504542245,0
0,0.16613537292591335,0
1,0.902065650454931,1
0,0.03285290384042541,0
0,0.144244025820217,0
0,0.727952044290846,1
1,0.5601012102775565,1
0,0.7175178617948135,1
0,0.010706720162280936,0
0,0.7611095971961637,1
0,0.29485587164634147,0
0,0.06475938613823518,0
0,0.03890310303215269,0
0,0.6782495181606685,1
0,0.36660717490024386,0
0,0.6365900607802663,1
0,0.00035902180213873277,0
1,0.777741242216645,1
0,0.033818656291624706,0
0,0.3743416760151572,0
0,0.14706519972350623,0
0,0.2605149781213091,0
0,0.6124530479448277,1
1,0.315079161515974,0
0,0.01271560481911612,0
0,0.09594128806349932,0
0,0.01234484343087548,0
1,0.9914841640651715,1
0,0.004160941088938739,0
1,0.9574495545270966,1
0,0.1564383818943166,0
0,0.003723871639745616,0
0,0.7197252486009055,1
0,0.010010053355457611,0
0,0.5982604429876204,1
0,0.6692840206549114,1
0,0.08938275360797364,0
0,0.007386387965408863,0
0,0.3010549541023881,0
0,0.663564566523101,1
0,0.04845274905670816,0
0,0.749709699338692,1
0,0.01789611379858694,0
0,0.077594653441548,0
1,0.9789012285773269,1
0,0.0345416249566121,0
0,0.8810418846778915,1
0,0.08074236837731032,0
1,0.9795841818710668,1
1,0.5156030692953532,1
0,0.8838539260574815,1
0,0.6097555776946749,1
0,0.036264922021840014,0
1,0.7533348852633679,1
0,0.2803741731018911,0
0,0.0026563487166035888,0
1,0.9875126225205969,1
0,0.28532658101473074,0
0,0.004585849845434197,0
0,0.3031991149801628,0
0,0.25898719279521865,0
0,0.027273102864802282,0
0,0.04781404957380323,0
0,0.1744965705677465,0
0,0.7927717614716073,1
0,0.23413293598955434,0
0,0.0020315559019153445,0
1,0.24923659269865325,0
0,0.5721651515330393,1
0,0.24363958275378464,0
0,0.015163889212236794,0
0,0.6024197674960196,1
0,0.0044728907019536916,0
0,0.24443777714602558,0
1,0.7704231970776542,1
0,0.6817554458569862,1
0,0.4286002309788729,0
1,0.7053486214705471,1
0,0.004742910279690108,0
0,0.0194423600280435,0
0,0.07157789536762654,0
0,0.18323089095051845,0
0,0.8917572045046449,1
0,0.24253403459734593,0
0,0.09287079198649768,0
0,0.4316623938608951,0
0,0.030213288016460046,0
1,0.754791402520204,1
0,0.0008202333846410123,0
0,0.6594176499200344,1
0,0.29761800154763735,0
0,0.6147633184645139,1
0,0.06289321833890377,0
0,0.0616336895774784,0
0,0.4204440084053335,0
0,0.5845638494990079,1
0,0.01197951616469365,0
0,0.4266801762962116,0
0,0.001250188372242316,0
0,0.325788253230554,0
0,0.6199138348207476,1
0,0.2045008738420738,0
0,0.1020623061787109,0
1,0.8031802194679336,1
0,0.1446575554736769,0
0,0.2220488778522985,0
0,0.06121597929583592,0
0,0.43925233276200754,0
0,0.010379200796470938,0
0,0.03441250937636069,0
1,0.33221542743270377,0
0,0.0017225737975848077,0
0,0.00823053119150015,0
1,0.29794052088085615,0
1,0.9050274964623793,1
0,0.12976315270402855,0
1,0.9872784014217657,1
1,0.6410325205163805,1
0,0.3988932290133647,0
0,0.02473264858919571,0
1,0.7118064106433191,1
0,0.7001240262844418,1
0,0.030991018897751518,0
0,0.01723054289653011,0
0,0.6987962238537418,1
0,0.6800086584210289,1
0,0.014929827498387485,0
0,0.13679997248545198,0
0,0.3359599305105396,0
1,0.9794554845855808,1
1,0.8085729412870996,1
0,0.2285996230142038,0
0,0.13131902637892295,0
0,0.038635179755176295,0
0,0.005603478778624447,0
0,0.0011807761226917107,0
0,0.268561351653061,0
0,0.026811728570447498,0
0,0.8234602200560143,1
0,0.2566504190904162,0
1,0.5349694651266369,1
0,0.0005334568443476696,0
0,0.6483817502725615,1
0,0.04309244308228697,0
0,0.26980218910056486,0
1,0.6420195593765806,1
0,0.030787572998310874,0
0,0.053117361909900136,0
0,0.019330889240040814,0
0,0.03616233335613783,0
1,0.6434123771645628,1
0,0.005919645764650158,0
0,0.05178916434531002,0
0,0.5364523585113734,1
0,0.12409847903291343,0
1,0.8047621657513189,1
0,0.03500397844968416,0
0,0.11803651876157427,0
0,0.021238521725156653,0
0,0.13217491332715567,0
0,0.04170294480025328,0
1,0.6032441971353463,1
0,0.06128189124535384,0
0,0.28511994962659365,0
0,0.0819731078360998,0
0,0.005002537062458858,0
0,0.054959129140970474,0
0,0.4879971444659668,0
0,0.0012701348749891118,0
0,0.030955818826528533,0
0,0.0696598988467929,0
0,0.004617630029567335,0
1,0.960135544621267,1
0,0.004591637720925214,0
0,0.6534863709226045,1
0,0.43887752783797285,0
0,0.27198548870102296,0
1,0.6272381850196674,1
0,0.5114652139254349,1
0,0.054818624547633685,0
1,0.6391848126762094,1
0,0.002482356872163715,0
1,0.9925954622104783,1
0,0.002211908255225047,0
0,0.06491948187800142,0
0,0.14309270843581057,0
0,0.061928772397657955,0
0,0.5012899927042173,1
0,0.27944355428400663,0
0,0.013823514666589525,0
0,0.5977899702275458,1
1,0.8433766852996377,1
0,0.3397044749830131,0
0,0.026303262396099553,0
0,0.026360637204733698,0
0,0.09889585889269817,0
0,0.1505805084008353,0
0,0.6292088114697115,1
1,0.6671497692997793,1
0,0.3724628745179764,0
1,0.6842450219670053,1
0,0.5387288085782299,1
1,0.7520240096008428,1
0,0.5425038095371435,1
1,0.030664852753715898,0
0,0.5482762438430276,1
0,0.03137222925903351,0
0,0.06870617136486036,0
0,0.17488088525717832,0
0,0.024824954430063002,0
0,0.4630893111632606,0
0,0.40350103408484417,0
0,0.09184866137852228,0
0,0.008230501955415552,0
0,0.026724805867263494,0
0,0.18392812268802072,0
0,0.6620150409002867,1
0,0.001971116121797566,0
0,0.01309987084609599,0
1,0.06545126374182547,0
0,0.04557342879213392,0
0,0.11507029822682005,0
0,0.7578554746624999,1
1,0.8497772333098712,1
0,0.6218900734393032,1
1,0.9216928846208875,1
0,0.007051505379503446,0
0,0.23376123565972998,0
0,0.018875659822545562,0
0,0.014937386624006288,0
0,0.06668016636598816,0
0,0.022114051800354508,0
0,0.004808315601274886,0
1,0.8014213781460543,1
0,0.15063114709471667,0
0,0.0321985295325564,0
0,0.7346526483421736,1
0,0.8498287629024756,1
0,0.10849205721081671,0
0,0.8930136521014509,1
0,0.3003443681472009,0
0,0.022508242570714158,0
0,0.0208641967630131,0
0,0.012137236949261297,0
0,0.017111067093469098,0
0,0.0013638175606009379,0
0,0.7110144944765091,1
1,0.8414760307301049,1
0,0.21659597491527094,0
0,0.11430302030614137,0
0,0.04490766120181459,0
0,0.03287332657307593,0
0,0.0598616107350481,0
0,0.031727135912326315,0
0,0.0527654162406466,0
0,0.3185916951758903,0
0,0.4989213732812257,0
0,0.07158518706339763,0
0,0.02759899789961906,0
1,0.48238451863310683,0
0,0.8427528568237745,1
1,0.8704874681475279,1
0,0.7240362259090918,1
0,0.30024531233220697,0
1,0.4057655727222939,0
0,0.005966180364608345,0
0,0.04743648497549971,0
0,0.22619671472299616,0
0,0.6461470820253105,1
0,0.20823310462405645,0
0,0.690845723776609,1
0,0.3300899358431979,0
0,0.3212563032677062,0
0,0.05761974483218026,0
1,0.929672851837313,1
0,0.0792357067839823,0
0,0.017668328005333484,0
0,0.13190333556824144,0
1,0.7709676848995144,1
1,0.7479002134694075,1
0,0.01441081837312081,0
0,0.021649803047925274,0
0,0.0074927707027870275,0
0,0.6418315853947459,1
0,0.12052269858351648,0
0,0.20470555494376644,0
0,0.7021085572145671,1
1,0.8976404205911305,1
0,0.5606208034035073,1
0,0.05667824687716086,0
0,0.028839969460787433,0
1,0.46640706008776844,0
0,0.5931545716213649,1
0,0.08483375338539226,0
1,0.9860001581492374,1
0,0.3452722148627984,0
1,0.8495147571994619,1
1,0.052433998575356765,0
0,0.4319394065739064,0
0,0.2267084678577156,0
0,0.7094748231783391,1
1,0.8478033644660401,1
0,0.07675794074115745,0
0,0.004748990598389405,0
1,0.8715678333395585,1
0,0.031421415095473575,0
0,0.44625402556379357,0
0,0.02596402629772656,0
0,0.04353279669595005,0
0,0.04825973751420699,0
0,0.17728684878398385,0
0,0.8291091835514551,1
1,0.5406368687485378,1
0,0.001200089711705888,0
0,0.22630475029950683,0
1,0.8431381327668056,1
0,0.6244036932485761,1
0,0.05925188048637664,0
0,0.00891827255842915,0
0,0.014656291682486808,0
0,0.5336434202528648,1
0,0.7922537979632788,1
0,0.04001409922298677,0
1,0.7605632906488548,1
0,0.3963594116418652,0
0,0.007300145576210255,0
0,0.28875678607917726,0
0,0.11540127726273638,0
0,0.08171699467701606,0
0,0.08230107941409173,0
1,0.6754099479098833,1
1,0.4238974503058113,0
0,0.005544200161237981,0
0,0.06321324007818706,0
0,0.061245440087185715,0
0,0.014198933148893946,0
0,0.1784110378282347,0
0,0.0015026639279400505,0
0,0.6602474394875447,1
0,0.3381725195757136,0
0,0.002177216821938672,0
0,0.6628121281754722,1
0,0.8732127121100333,1
0,0.6601472319801366,1
0,0.6946930610897855,1
0,0.7093256145932382,1
0,0.014346699212648651,0
0,0.02101237575710635,0
0,0.002281670686348194,0
0,0.04126680126568093,0
1,0.29037138371356963,0
1,0.6568280851263608,1
0,0.43492390954892984,0
0,0.005323693899325992,0
1,0.6791785159124442,1
0,0.046737023296683326,0
0,0.008411350765537616,0
0,0.6806705595224376,1
1,0.8281818797371006,1
0,0.3929199221829118,0
0,0.0020778339171639145,0
1,0.6292729255397131,1
0,0.15898346031462385,0
0,0.5492420598122633,1
0,0.001285531728192616,0
0,0.2535606340624214,0
1,0.7522087910639548,1
1,0.8362285005606492,1
0,0.01257488453559728,0
0,0.5446962560397912,1
0,0.0003606362497476518,0
0,0.040018863167061804,0
0,0.5941151972292102,1
0,0.05495735036112102,0
0,0.19224736598062334,0
0,0.07285937061557803,0
0,0.2206882068663954,0
0,0.17278529396804088,0
1,0.022098507712930912,0
0,0.021773496794374892,0
0,0.03643102820717134,0
0,0.22040783774944145,0
0,0.09663818115854395,0
0,0.14592019585758997,0
1,0.7332161326747025,1
0,0.03333024115920891,0
0,0.8489354397622246,1
0,0.7268058782190985,1
1,0.628945988156626,1
0,0.1362365743693323,0
1,0.7157052921419053,1
0,0.4548892730684798,0
1,0.37464966902961794,0
0,0.3875647462269587,0
0,0.16343507566963522,0
0,0.19148749422812103,0
1,0.8854513185834897,1
0,0.4081308625914959,0
0,0.09346233944636015,0
0,0.39743480560942623,0
0,0.33546666131446706,0
0,0.5299477948916702,1
0,0.16715609402273296,0
1,0.7231096671609007,1
0,0.025159991956684568,0
0,0.03783068711553661,0
1,0.8412274549342794,1
0,0.0759474348747041,0
0,0.6839073309178589,1
0,0.40398399393590545,0
0,0.5195783284276908,1
1,0.9933634699914563,1
0,0.0723463362415741,0
0,0.006940389969283606,0
0,0.5233807627750199,1
1,0.07034766128338285,0
0,0.008905582154635616,0
0,0.5250381031155095,1
0,0.0021098133428581515,0
1,0.5366539700212459,1
1,0.8496960787490988,1
0,0.15015689196600882,0
0,0.05353867674102122,0
0,0.655318406552673,1
0,0.42547424589808275,0
0,0.10696935707988747,0
0,0.4046223985781909,0
0,0.8946224652219624,1
1,0.7553383929039608,1
1,0.7719233651363578,1
0,0.20962934242455808,0
1,0.1677902142546043,0
1,0.8533373674096896,1
1,0.5263640737832388,1
1,0.9045896915853487,1
1,0.8977675801231638,1
0,0.10613478961825469,0
0,0.002500336729193219,0
0,0.5143951492251088,1
0,0.4390441792006007,0
0,0.07277551799455532,0
0,0.031382561988096115,0
0,0.0011670535889218296,0
0,0.38440134960665523,0
1,0.400118084824048,0
0,0.00011355240411170126,0
1,0.5752048664363202,1
0,0.002031956349617175,0
1,0.7627986098691976,1
0,0.2005455185424974,0
1,0.9913351530649999,1
0,0.3138053861834804,0
0,0.6870067706018367,1
1,0.14863792228668862,0
0,0.2129652905374234,0
1,0.6505641458630117,1
0,0.1447624647097586,0
0,0.1108585418279633,0
1,0.8167711851885773,1
1,0.7907622515158362,1
1,0.3019236452649292,0
0,0.07223438053373796,0
1,0.8569631732990638,1
0,0.5304670247515668,1
0,0.8809347747654427,1
0,0.0033810913103289003,0
0,0.0027379176734480533,0
0,0.08614059444418747,0
1,0.8945485556030637,1
1,0.8625252715155987,1
0,0.3364307038251647,0
0,0.12473411923376686,0
0,0.6279148078929416,1
0,0.12391939244366537,0
0,0.24068996481660676,0
0,0.08761502378545873,0
1,0.7591735839637181,1
0,0.022870569181628057,0
0,0.5740197899610187,1
0,0.21069167378467948,0
0,0.006329228673406205,0
0,0.15775157824100158,0
0,0.12084515013903305,0
0,0.03334463399152321,0
1,0.6989757644932459,1
0,0.021405062607251592,0
1,0.8510477652598222,1
0,0.09617421646972925,0
1,0.9851161190142425,1
1,0.6177490159157234,1
1,0.979482956482523,1
1,0.9229692146540956,1
1,0.485497312877103,0
0,0.3743416611441556,0
0,0.14395703824597544,0
0,0.0077438816682010286,0
0,0.39822871385297487,0
0,0.08040734919537892,0
0,0.08138032677850238,0
0,0.4749106703188829,0
0,0.051175236213919104,0
0,0.021186249384931848,0
0,0.0029265592138771777,0
0,0.7272148312119442,1
1,0.2693058499901373,0
0,0.447464576758586,0
0,0.01691018040546885,0
0,0.3211782369030167,0
0,0.0017974619387798275,0
0,0.6273564164901794,1
0,0.15608990580282756,0
1,0.21031749551333329,0
0,0.0038195582163929533,0
1,0.284300462983525,0
1,0.9186845707093507,1
0,0.8000979008844513,1
0,0.027853266799168643,0
0,0.9333155325322182,1
1,0.7651011475368305,1
0,0.5453271580190777,1
0,0.11634962421268837,0
0,0.048364422006977055,0
0,0.500304340049863,1
0,0.6378714505364748,1
0,0.07414379636919455,0
0,0.02212677278064993,0
0,0.3892747723192538,0
0,0.3321734600735743,0
0,0.7601726462946516,1
0,0.4645658662391199,0
0,0.00779558853890949,0
0,0.12018178684518496,0
0,0.005755408601779768,0
0,0.30074331536366394,0
0,0.14943319228123456,0
0,0.050056925735570544,0
0,0.3504260550991261,0
0,0.08569880975819913,0
1,0.9890755466106498,1
0,0.20711982545420712,0
1,0.592256753862858,1
0,0.7200811546876582,1
0,0.05342893861464955,0
0,0.48031371843202864,0
1,0.8565183353646219,1
0,0.3314776047543729,0
0,0.10248923640791838,0
0,0.10827834889354103,0
0,0.578910500356457,1
0,0.17159840926398007,0
0,0.019698425412191193,0
0,0.2233866354369044,0
0,0.1621909654431071,0
1,0.7885086390648127,1
0,0.10871969393350886,0
1,0.4234339013693445,0
1,0.8211224040216307,1
0,0.15205953452176307,0
0,0.17241065330809338,0
0,0.6465067740815775,1
0,0.0062435619282080685,0
0,0.4834925091786036,0
0,0.2798263851094415,0
1,0.5876365424791602,1
0,0.1583791334909867,0
0,0.11369935183970936,0
0,0.02104728510309084,0
0,0.5838388185907428,1
0,0.12167142487331165,0
1,0.8908866316244088,1
0,0.3000960527039814,0
0,0.010202031521140171,0
0,0.020839666934523465,0
0,0.0029989816223426778,0
0,0.00016118833191215527,0
0,0.01820593009470721,0
1,0.2455598145068505,0
0,0.021097964108916855,0
1,0.9668060425409806,1
1,0.9838629632154707,1
0,0.42686461299464945,0
1,0.40851045094605204,0
0,0.25553541890760395,0
0,0.37273625365159124,0
0,0.018172680034025477,0
0,0.06640133496961194,0
0,0.13707353880181578,0
1,0.09116224265815678,0
0,0.019544664235407745,0
0,0.07962503591678019,0
0,0.34038790126975815,0
1,0.35127296907289535,0
0,0.00019836515458825294,0
0,0.04205953271308033,0
0,0.6004596529472359,1
0,0.3896683770047398,0
0,0.5412928680527288,1
0,0.016460143141591783,0
1,0.22994322715347826,0
1,0.27966448141607214,0
0,0.5786331690240966,1
0,0.03525729620477546,0
0,0.11630125457649217,0
0,0.0016163418175099253,0
0,0.07573513586932987,0
0,0.24340177919846043,0
0,0.07045282019369903,0
0,0.16177678681129065,0
1,0.8107818339871542,1
0,0.057736495016325336,0
0,0.390810121112989,0
0,0.6156612548705852,1
0,0.24916558098662397,0
0,0.08720479406515794,0
0,0.00018365294971151296,0
0,0.2707251708551081,0
0,0.031048517464197994,0
1,0.8048604937407442,1
0,0.07985626299919694,0
0,0.14328624559342706,0
0,0.029832278302970156,0
0,0.04159556314071233,0
0,0.0001933446760497875,0
0,0.6892799595166423,1
0,0.007407375592064177,0
0,0.017210863119317833,0
0,0.07014194712481503,0
0,0.00411835429368075,0
0,0.000269924451600967,0
0,0.7488615054746176,1
0,0.5918532504990937,1
0,0.0032957869460243715,0
0,0.02612476894210597,0
1,0.9776285999210432,1
0,0.138023911284661,0
0,0.2686137242610899,0
1,0.6719004960163765,1
0,0.4901565047415422,0
0,0.0009200627759834078,0
0,0.05639671260317729,0
1,0.8741763066199743,1
1,0.004940829099476445,0
0,0.15592037757661134,0
0,0.14684930826945589,0
0,0.19746086080392278,0
0,0.7906083936480889,1
1,0.7976388708785226,1
0,0.8006462231973355,1
0,0.21623852051889847,0
1,0.9097599067425214,1
1,0.5615048270723703,1
0,0.07794862652562176,0
0,0.7173454555671228,1
0,0.09330828007988771,0
0,0.022756333985374695,0
1,0.574254949839507,1
1,0.8811884447971707,1
0,0.000247749350801,0
0,0.3917171686236742,0
1,0.9074597199632838,1
0,0.704101067732662,1
0,0.03616815066113807,0
0,0.5328729207179317,1
0,0.012931833961450177,0
1,0.6612196035117118,1
0,0.04897279654363721,0
0,0.07964540815843786,0
1,0.7968838977867703,1
1,0.9887112483472227,1
0,0.3013709301911681,0
0,0.553949825268519,1
0,0.3716137065791354,0
0,0.21001719379540687,0
0,0.18767865246980006,0
0,0.23549087550176362,0
0,0.2351361940897442,0
1,0.7665004779938474,1
0,0.08345733442617381,0
1,0.7093676257898934,1
0,0.5014379986176294,1
1,0.36067686248759967,0
0,0.00095278710722262,0
1,0.6424920493578051,1
0,0.48883681451567335,0
0,0.24730041911613782,0
0,0.16906676133447585,0
0,0.00042523869965392636,0
1,0.8877490018259476,1
0,0.8989150436671961,1
0,0.00720422382396071,0
0,0.010498050076943488,0
0,0.27849165345370464,0
0,0.036773727863927796,0
0,0.08316821715049845,0
1,0.974265654047119,1
0,0.05198703518271854,0
0,0.018649595349407102,0
0,0.12138065631714413,0
0,0.005919031228335731,0
0,0.45093461757409725,0
0,0.014627821757826369,0
1,0.9933236443497014,1
0,0.17464537170405803,0
0,0.006001331372772322,0
1,0.8183998903021925,1
0,0.2305147393015478,0
0,0.6275749102781615,1
1,0.9454475012688378,1
0,0.1631331699313228,0
0,0.11526920541498041,0
1,0.7979930219535255,1
0,0.000841313597276336,0
0,0.09123390436126964,0
1,0.9938967257841612,1
0,0.4060105849355631,0
1,0.8634196442041219,1
0,0.15197901973782882,0
0,0.0068642977203592385,0
0,0.008396336126103016,0
0,0.653233431768348,1
1,0.6544387762483047,1
0,0.41927306831100847,0
0,0.18500439420157763,0
1,0.7597782147811467,1
0,0.004708981055332106,0
0,0.1537425597901775,0
1,0.8515055053549011,1
0,0.04815005398745015,0
0,0.24242748636210834,0
1,0.8031694081705043,1
0,0.7185582163683186,1
0,0.8382061160080684,1
0,0.7034759643258052,1
0,0.030954208452248135,0
0,0.06403315906353756,0
0,0.03650993733079654,0
0,0.08204657910559066,0
1,0.839312663378699,1
0,0.0008192408080752735,0
0,0.3516731580267866,0
0,0.12116797922695076,0
1,0.917737369876206,1
1,0.9448011349114188,1
1,0.4024505307068413,0
1,0.9797530793013759,1
1,0.4700426249602344,0
0,0.00038255891515287706,0
0,0.030856550804151908,0
1,0.5947398111433492,1
0,0.36575535937940024,0
0,0.026241473845794828,0
0,0.6159545655016785,1
0,0.0015415323188600512,0
0,0.004430380551395289,0
0,0.669675316883288,1
0,0.15911655882181258,0
0,0.0019774534348149736,0
0,0.1489241629760591,0
0,0.726705541342839,1
0,0.43970190095496064,0
0,0.2346343843515785,0
1,0.458933497796522,0
0,0.03264282840679985,0
0,0.7008527156964515,1
0,0.004346278978457109,0
0,0.09212153586849718,0
0,0.018343389336923425,0
0,0.006571900186364562,0
0,0.034962141815338126,0
0,0.00709751071879442,0
0,0.27973675179777274,0
0,0.08076739347978507,0
1,0.8566038802298398,1
0,0.004591912198730275,0
0,0.000155793573053999,0
0,0.05044576390833141,0
1,0.911887724582968,1
0,0.20092176379867063,0
0,0.017748496256438488,0
0,0.015166620550088323,0
0,0.02421205877111401,0
1,0.6638863976251053,1
0,0.009078157735980627,0
0,0.5199667584974058,1
0,0.3041912214211706,0
0,0.264325283685243,0
0,0.7346036135113666,1
0,0.5361632233632108,1
0,0.5469088291367984,1
0,0.48572785270774727,0
0,0.005656707796813111,0
0,0.4454258986558647,0
0,0.04274221049061061,0
1,0.8318060757157285,1
0,0.31459497562660516,0
0,0.005820464850204557,0
1,0.39849138443481014,0
0,0.018056854315082884,0
0,0.48861664577114167,0
0,0.47656672063349814,0
0,0.1157188359645497,0
0,0.5722721257863435,1
0,0.0033125364957410507,0
0,0.0907190717050052,0
1,0.6889484729859606,1
0,0.012595892529688627,0
1,0.39556959232994493,0
0,0.27476223292177615,0
0,0.40524494099363245,0
0,0.00309500076987303,0
1,0.41070794743054273,0
0,0.31088963070139974,0
0,0.5282182262021563,1
0,0.15476670778282886,0
0,0.0840569160457691,0
0,0.012832257882110567,0
1,0.6263201046711465,1
0,0.005018529500680604,0
0,0.10931802152221723,0
0,0.05200471426711766,0
0,0.038283468637216905,0
0,0.18184088675092958,0
1,0.5632848565799975,1
0,0.000550683679335613,0
1,0.9464062416893836,1
0,0.007505830213591267,0
0,0.25163279098235586,0
0,0.592431432889164,1
1,0.9956421122822606,1
0,0.027235444917186057,0
0,0.6697529371207644,1
1,0.9270734344917401,1
0,0.37193840813559764,0
0,0.022507864328482813,0
1,0.4161622563497468,0
0,0.23320485326770968,0
0,0.19847069313897672,0
0,0.47861230569927454,0
0,0.003932161745886354,0
0,0.788879086045311,1
0,0.13312493320732002,0
0,0.22452042456969962,0
0,0.027358457936231605,0
0,0.0006968164951731873,0
0,0.1777242633268158,0
0,0.03335407051409906,0
0,0.00037031830140321794,0
0,0.42986473626788446,0
0,0.035701820593294305,0
0,0.38851325883176496,0
0,0.4451018904551369,0
0,0.06605112225632895,0
0,0.03255900030720608,0
0,0.02454707179747417,0
1,0.9758717513627229,1
0,0.01951652606865586,0
0,0.18932318081327923,0
0,0.10800132026974957,0
1,0.43364579741851483,0
0,0.37124893113800594,0
0,0.4482659261484966,0
0,0.5772298306751363,1
1,0.5109440756113536,1
1,0.6036630843516847,1
0,0.10564438413585667,0
0,0.14583981206425578,0
0,0.03400923715167615,0
0,0.7011513518685516,1
0,0.01263397349782438,0
1,0.8577262882962398,1
0,0.02123269110299684,0
0,0.7315290174591346,1
1,0.9105211158827086,1
0,0.19338144892189796,0
0,0.007200822950773974,0
1,0.6999004854493411,1
1,0.8811455024700773,1
1,0.2486284808815184,0
0,0.07406625164077817,0
0,0.0016630439061356209,0
0,0.002876010773460859,0
1,0.9635085960511729,1
0,0.08339438699401323,0
1,0.892405847690776,1
0,0.10979167918049529,0
1,0.9186394854994975,1
1,0.8593575756813071,1
0,0.035668036346783276,0
1,0.7469386750917983,1
0,0.4072636859969939,0
1,0.923966624719634,1
0,0.0031819807699533763,0
0,0.02907119954775527,0
0,0.7811872814353135,1
0,0.03800690951512816,0
0,0.56653556442042,1
0,0.6923907328326716,1
0,0.2458846551779744,0
0,0.39837138705026076,0
0,0.5416315179572959,1
0,0.020274621167109097,0
0,0.13586379957742886,0
0,0.15078644626505885,0
0,0.0028882224752197153,0
0,0.11679665494464975,0
0,0.008311634509465178,0
0,0.14288224765115076,0
1,0.6851832701066957,1
1,0.6984112820750588,1
0,0.0008806746362915243,0
0,0.02354917177184708,0
1,0.9029569630304581,1
0,0.010836013645028796,0
0,0.007579917333763138,0
0,0.0015886860178921383,0
0,0.9086154248022321,1
0,0.005372005010714869,0
0,0.22593443026359375,0
0,0.3293881498497973,0
0,0.06321568919296913,0
0,0.4134770145936412,0
0,0.6559156013203439,1
0,0.14609596147444728,0
0,0.012497088385191825,0
0,0.20970325458435737,0
0,0.07010347495078512,0
1,0.9609806396871787,1
0,0.0047848213062000496,0
0,0.23126086665645468,0
1,0.4791927623859221,0
1,0.7054379663561072,1
1,0.711014887841122,1
0,0.5657924977010321,1
0,0.08051169435048698,0
1,0.7830668232258458,1
0,0.045736117445033135,0
0,0.7504483746700589,1
0,0.1777938176695933,0
1,0.8466544971205601,1
0,0.1150679819590078,0
1,0.7310181851344147,1
0,0.01572561784804443,0
0,0.5628875976199009,1
0,0.003912224329481677,0
0,0.03403478010675367,0
0,0.10227894064481627,0
0,0.6528632322169563,1
0,0.8278210059423284,1
1,0.9875593342605362,1
0,0.2853451481055007,0
0,0.09245034689904538,0
1,0.16417990952115988,0
1,0.7546122378237553,1
0,0.066403248033266,0
0,0.06677673231834587,0
1,0.17185942391085166,0
0,0.017606317409683474,0
0,0.2617500927733549,0
0,0.07574122182080335,0
0,0.23921086212619164,0
0,0.099038160729601,0
1,0.9049013434776485,1
0,0.3819505357387258,0
0,0.24969680263874675,0
0,0.6726955779968549,1
0,0.23129831225912748,0
0,0.03651423019730979,0
0,0.4867017821201775,0
1,0.8886219577408533,1
1,0.6881336074640807,1
0,0.81613104911569,1
0,0.3418254062511109,0
1,0.8216323327803967,1
0,0.004690843852903755,0
1,0.9032558962256402,1
0,0.4269773937952463,0
1,0.8180467395037149,1
0,0.07954166174955789,0
0,0.046847757153452504,0
0,0.29977437491459286,0
0,0.3714028270767332,0
0,0.4890500988609003,0
0,0.03449265134190079,0
0,9.267420907120254e-05,0
1,0.8035466206514918,1
1,0.9761739985915716,1
0,0.007491162949308056,0
0,0.005127584169581901,0
0,0.2684405564897654,0
0,0.00778491421638946,0
0,0.07147168030154727,0
1,0.989301889550253,1
0,0.18461391393819584,0
0,0.0070836419582917315,0
1,0.8674638062500623,1
1,0.5748117637741379,1
0,9.267420907120254e-05,0
1,0.9724482663324028,1
1,0.4385923945400412,0
0,0.29413998280026993,0
0,0.5993609439552959,1
1,0.7459677301235215,1
0,0.08087493422514042,0
0,0.007175861496285991,0
1,0.9155168359007159,1
0,0.4416711524137803,0
0,0.5376566630226033,1
0,0.5457349563078309,1
0,0.02138972179266466,0
0,0.08357002640412588,0
0,0.01465685766628942,0
0,0.35177088007044227,0
0,0.3835762657181196,0
0,0.05358027408700919,0
0,0.005985101636313542,0
0,0.05770360697100653,0
0,0.007087002896468785,0
0,0.0673161237539106,0
0,0.20783382302986605,0
1,0.8693404346607685,1
1,0.7502738631168975,1
0,0.24744577603846712,0
0,0.21226972629845292,0
1,0.5732629711083359,1
0,0.6121539933937317,1
0,0.0021199071718755983,0
0,0.5861919139425606,1
0,0.029660372309787745,0
0,0.21740302033557474,0
0,0.013766733488517969,0
0,0.002213129107872403,0
0,0.1789613779734673,0
0,0.2794906342797317,0
0,0.006920279121534005,0
0,0.01656874798752638,0
0,0.2766078934046206,0
0,0.3894409962267254,0
0,0.47479263870106325,0
1,0.9954278808550858,1
0,0.002651963890758316,0
0,0.3321141486690601,0
0,0.5945432262007929,1
0,0.005110639873393551,0
1,0.8664488747088156,1
0,0.13829848015401283,0
0,0.0016924285306046027,0
1,0.9247110012021943,1
1,0.520483157589738,1
1,0.5973482889112233,1
0,0.2567846290338964,0
0,0.2738026486877063,0
0,0.03267832148314345,0
0,0.08041336911099102,0
0,0.06689359603903705,0
0,0.8100220202050646,1
0,0.12143249181520072,0
0,0.008340736761282753,0
1,0.9001184831860037,1
0,0.3884386282142625,0
1,0.7172061456514814,1
0,0.6010934753432751,1
1,0.6614488973342689,1
0,0.0933137262892359,0
1,0.648231871498759,1
0,0.16553493144243236,0
0,0.7606825826250835,1
1,0.9915202078481261,1
0,0.0016143541088162012,0
0,0.23307023455082831,0
0,0.020069169756276418,0
0,0.45488709394067117,0
0,0.29792604801392014,0
1,0.29824822700532316,0
1,0.906267756484534,1
0,0.2500319824950764,0
1,0.43141916292310584,0
0,0.011657361150693634,0
0,0.06664000438523299,0
0,0.020437037998898927,0
0,0.008426223216073546,0
0,0.7614833693196814,1
0,0.058319568281838874,0
0,8.244761134150564e-05,0
0,0.38312134847091533,0
0,0.7603530279726818,1
0,0.4337019491948916,0
1,0.2488939848759135,0
0,0.7900531187196002,1
0,0.0011746261087556,0
0,0.012652808648195648,0
0,0.5597699849592838,1
0,0.8766103054404482,1
0,0.48200138177103913,0
0,0.2917795526671865,0
0,0.4286181098412112,0
1,0.7006391945463187,1
0,0.19880970132306272,0
0,0.0038772577413769566,0
0,0.0017719344129122974,0
0,0.010596644428019846,0
0,0.105911857206269,0
0,0.01260284036240515,0
0,0.02865352541202108,0
0,0.06704044202318057,0
1,0.6956244962144686,1
0,0.04174890448562031,0
0,0.5323929515731846,1
0,0.1275135368906165,0
0,0.6044635582952909,1
0,0.12034799549142323,0
0,0.1189183362315106,0
0,0.0003928442405654421,0
0,0.33722681656453657,0
1,0.44942761589042635,0
0,0.5264157879963772,1
0,0.03171282963824696,0
0,0.6327553876897706,1
1,0.5447182901919162,1
0,0.7170737310822449,1
0,0.005312762213314809,0
1,0.8384451851961414,1
0,0.012478174619607412,0
0,0.15401275938176173,0
0,0.7489867528091158,1
1,0.9062176237578846,1
0,0.16515115986135043,0
0,0.12833071728131873,0
0,0.03166795764554409,0
0,0.6141010810884722,1
0,0.25099678280117066,0
0,0.0024309761223249055,0
1,0.0882674453612154,0
0,0.3495835004703007,0
0,0.2833173428035979,0
1,0.865282857782835,1
0,0.03547312484912759,0
1,0.9212038024033142,1
0,0.86021793425445,1
0,0.08549440451131489,0
0,0.4186424614237142,0
0,0.22760730375722224,0
0,0.5562407963183538,1
1,0.7768721593553313,1
1,0.822123403197196,1
0,0.3304208894183847,0
0,0.030005381949440444,0
0,0.7625323114744353,1
0,0.19189771919993195,0
0,0.27364221183872345,0
0,0.511974238370092,1
1,0.6044202457492619,1
0,0.0202207623635577,0
0,0.053150193700845755,0
0,0.29566188980297636,0
0,0.007639758378327226,0
0,0.11305444782825651,0
0,0.36005357367823676,0
0,0.0068653529071601585,0
1,0.9796663427265357,1
1,0.1453721847531773,0
0,0.011836837817826962,0
0,0.026264236793051402,0
0,0.7006626537766443,1
0,0.19907267167626594,0
0,0.1973430994369397,0
0,0.057102903627805214,0
0,0.23993604078627834,0
1,0.9908809664068753,1
0,0.0020390794092433073,0
0,0.41182109073469825,0
0,0.0492365187686073,0
0,0.182883254283849,0
0,0.4651118926039878,0
0,0.6429483695328064,1
1,0.8756302153166735,1
0,0.3169314140466714,0
1,0.7879749821519016,1
0,0.0004021147777364642,0
0,0.003710281307402514,0
0,0.15675659884727244,0
0,0.18412650963435975,0
0,0.005598845200140042,0
1,0.49689924788172923,0
0,0.018653746418631375,0
0,0.020013936329286868,0
1,0.4555551361506387,0
0,0.6167657859755202,1
1,0.6204167728170918,1
0,0.12926281354716598,0
0,0.02653425770395822,0
0,0.051917594298168,0
0,0.3249172770868639,0
0,0.2151845085048744,0
1,0.6766840406797642,1
0,0.2651384320456593,0
1,0.7926615338782845,1
0,0.4563920726165451,0
0,0.022823797427894553,0
0,0.01973029982614047,0
0,0.5967689309015163,1
0,0.06776711296889243,0
1,0.791239964108961,1
0,0.22035553748009856,0
0,0.02126194253797963,0
0,0.2450415422685205,0
0,0.009794451748718498,0
1,0.9577198533341266,1
0,0.03289928527501036,0
0,0.6058014558855356,1
0,0.05428717393873243,0
0,0.44375767458661586,0
0,0.03691062225925515,0
0,0.2515077671409158,0
1,0.8363112902535111,1
1,0.9049162103791313,1
0,0.059494020279279726,0
0,0.009137889396380479,0
0,0.009134299047031716,0
0,0.31554263487014056,0
0,0.0613799166395671,0
0,0.0009090476079278559,0
1,0.9740032350011821,1
0,0.3669981635226641,0
0,0.0020761320054101915,0
0,0.01853931260092013,0
0,0.007796585082810389,0
0,0.08563942506808818,0
0,0.011155715069501774,0
0,0.03036708938704231,0
1,0.9300210692327423,1
0,0.3465842208574083,0
0,0.07482315231542876,0
0,0.0978923066415143,0
0,0.09561850072143493,0
0,0.0053193162613320855,0
0,0.02805701901836164,0
0,0.3166840671497318,0
0,0.004916894034864936,0
0,0.010001804625260432,0
0,0.046934888935477835,0
0,0.02677815245846873,0
1,0.6510458069476355,1
1,0.7233060879703522,1
0,0.034912432216865,0
0,0.013664975748135811,0
1,0.6812032815311676,1
1,0.7599158181931165,1
0,0.11959722441561314,0
0,0.23751901407499698,0
0,0.02647265923766654,0
1,0.4398857224253506,0
0,0.08506231524798023,0
0,0.13786700625337847,0
0,0.012934258527026093,0
0,0.19358291180631346,0
0,0.00946429912074667,0
0,0.07504173527641152,0
1,0.520543922335639,1
0,0.3390976235251925,0
0,0.47638394559884545,0
0,0.0049816336229951816,0
0,0.01744105090279219,0
0,0.0015109402100844406,0
1,0.7819541130510239,1
0,0.0001908262403769815,0
0,0.357591043537706,0
0,0.6992290116352471,1
0,0.344166454492651,0
0,0.011923386282849998,0
1,0.8987965785148339,1
0,0.0018875036794862524,0
0,0.3108401533836732,0
0,0.05004727200314578,0
0,0.06606428185224003,0
0,0.33307699103394567,0
1,0.7905921039967819,1
1,0.49868015595459714,0
0,0.0016347927883094396,0
0,0.0019453841156346408,0
1,0.9645185661546858,1
0,0.6726914442939779,1
0,0.013988056315063202,0
1,0.3029372380384215,0
0,0.26835119462001,0
0,0.23796403978986555,0
0,0.06271941037914351,0
0,0.1830875291083391,0
0,0.004088700737762904,0
0,0.007894547303646597,0
0,0.5206734550218757,1
1,0.9419675174846844,1
0,0.052699491666032855,0
0,0.32397171419214466,0
0,0.30698412716804807,0
0,0.5983907786733653,1
0,0.11078109784859909,0
0,0.05785873422311063,0
0,0.017414778460401313,0
1,0.8594098889233084,1
0,0.10313968304644873,0
0,0.7924849046567383,1
0,0.03433221645008442,0
0,0.3378662048848296,0
0,0.7755877986005673,1
0,0.0031077755702080103,0
0,0.8699444151833052,1
0,0.0006721573927652726,0
0,0.28483703736415905,0
0,0.0034447488357153013,0
0,0.0072163749906242365,0
0,0.004810448502861038,0
0,0.004504907832948866,0
0,0.0004308147654222636,0
0,0.4467868485146749,0
0,0.027186493864093268,0
0,0.8385915989394551,1
1,0.40001249336059663,0
1,0.8201907950950643,1
1,0.4126425591717942,0
1,0.7988322958468971,1
0,0.1815266350636709,0
0,0.030879937774955585,0
1,0.8254511236081524,1
0,0.04703155362360732,0
0,0.0029902857369123815,0
1,0.9018314457659532,1
0,0.32879402325570234,0
1,0.5509773299085294,1
0,0.45246998235681635,0
0,0.6865389943715142,1
1,0.878956372061056,1
1,0.9535164943632437,1
1,0.9045000399079294,1
0,0.6323534139405249,1
0,0.03409426319667366,0
0,0.1653856801413074,0
0,0.028483093879554278,0
1,0.6836586920944625,1
0,0.0027406649700412768,0
0,0.6744170680570047,1
0,0.05208753700627983,0
0,0.025787318510301874,0
0,0.014615650414575061,0
1,0.34447182160055273,0
0,0.23743701810053017,0
0,0.10061955195533147,0
0,0.6691959599677644,1
0,0.004886735327692749,0
0,0.044603103569992364,0
0,0.48110695562357186,0
0,0.09966303146730829,0
0,0.0910984265231548,0
0,0.2886160532955827,0
0,0.09020391012208065,0
1,0.7103476665058148,1
0,0.3594328169885482,0
1,0.9902204566867473,1
0,0.6512920626435227,1
0,0.021789606161790334,0
0,0.5152528567274498,1
0,0.1167089050568783,0
0,0.3373328482391667,0
0,0.037241596778159,0
0,0.28787375039894786,0
0,0.0023492381288798664,0
1,0.5968041806929579,1
1,0.9049473998001306,1
1,0.2536298766160797,0
0,0.06526983249282821,0
0,0.1917472706885631,0
0,0.08460374713181291,0
0,0.07954015521574574,0
0,0.08346134889802033,0
0,0.09525693814670434,0
0,0.7884897139925848,1
0,0.003400909254059391,0
0,0.007143638486204815,0
0,0.013599548232357834,0
1,0.9029472352020904,1
0,0.1085840284079438,0
0,0.3339237206098476,0
0,0.016248202429525616,0
0,0.29519748046995364,0
0,0.10755162130081909,0
1,0.9313073563103857,1
0,0.5768292704001128,1
1,0.9887184264877442,1
0,0.7430033285628408,1
0,0.002929254218810773,0
0,0.3607603257586555,0
0,0.04900822806293681,0
0,0.008259929308696075,0
0,0.026885249798120913,0
0,0.23030808094370958,0
0,0.04390041261815076,0
0,0.054164902651684506,0
0,0.6573725329080609,1
0,0.01577138361423704,0
0,0.5467953538528224,1
0,0.631598720319087,1
0,0.5743184548380238,1
1,0.7285185502092713,1
0,0.3498854477687722,0
0,0.6267321784957415,1
1,0.29469702367628725,0
0,0.15350895824712726,0
0,0.610575235107543,1
0,0.05881174558522736,0
0,0.4084015689570303,0
0,0.028094823700476765,0
1,0.6548868505873217,1
0,0.2144728304009504,0
1,0.670793973071599,1
0,0.045597865535650435,0
0,0.05772654014374979,0
0,0.04913542704341232,0
0,0.7826465800815622,1
0,0.018767943719922,0
1,0.8160775599961276,1
0,0.4906811744950081,0
0,0.05659401205610195,0
0,0.24949513949159793,0
0,0.014088723645171036,0
0,0.527544475928516,1
1,0.842109284767038,1
0,0.6981740649497487,1
0,0.00314420961409791,0
0,0.007755850136432396,0
1,0.6946798673700696,1
0,0.0013655375482041685,0
1,0.9213287977051965,1
0,0.5160085916829957,1
1,0.7965715841877317,1
0,0.010739846875736668,0
0,0.7340826669487714,1
0,0.3421887974825485,0
0,0.5339777284809767,1
0,0.03728923095271126,0
0,0.2839133933421498,0
0,0.1659656513208534,0
0,0.0021964345033201895,0
0,0.08916694212769702,0
0,0.6035318324675557,1
0,0.39991968803007116,0
0,0.13956900521280305,0
1,0.8483352629753489,1
0,0.06716805249168484,0
0,0.004420637818675221,0
0,0.05957456211661249,0
1,0.9041245842774107,1
1,0.829658839495327,1
0,0.01740965687528892,0
0,0.015364159250076215,0
0,0.01635455144450256,0
0,0.6325856129894651,1
0,0.16984552727990587,0
0,0.1646705336268795,0
0,0.18329945182477594,0
0,0.008360536581660234,0
1,0.819863156835474,1
0,0.24523833811614437,0
1,0.3208087922456496,0
1,0.5509495940106599,1
0,0.07000747430615674,0
0,0.042990430987969196,0
0,0.04682508907348119,0
0,0.343589716514064,0
0,0.20000407321316685,0
0,0.3654721775692522,0
0,0.03941314649578013,0
0,0.02116690220816949,0
1,0.8313576866594559,1
0,0.5957269452717289,1
1,0.5232572670904679,1
1,0.9926262986843359,1
0,0.26423475837026883,0
0,0.44564534836651776,0
0,0.020750403114135414,0
0,0.2897896071495864,0
0,0.27099037790303115,0
0,0.55288766687811,1
0,0.038557235326749054,0
0,0.384844486295924,0
0,9.267420907120254e-05,0
0,0.10695276466098874,0
0,0.0013116582210259313,0
1,0.8232139567824088,1
0,0.024115757573349696,0
1,0.8082687415346109,1
1,0.6000878024467216,1
0,0.15189388449164484,0
0,0.056936045979281286,0
1,0.6992865060882161,1
0,0.7043664834640446,1
0,0.004110594977810687,0
1,0.842972741380471,1
0,0.7193180611631925,1
0,0.5981433901060943,1
1,0.7288899578630589,1
1,0.06473254552412958,0
0,0.39833064417228337,0
0,0.2590632988546185,0
1,0.8096863576134545,1
0,0.0411986694692104,0
0,0.0232850273383109,0
1,0.10396974900380661,0
1,0.8909192633051176,1
0,0.13577674163153852,0
0,0.045884562483431,0
0,0.10869904255444349,0
1,0.7376354029036789,1
0,0.009120595999206142,0
0,0.24850243239906353,0
0,0.0017102361720791194,0
0,0.426585893151003,0
1,0.7910142561530699,1
1,0.9488735150424594,1
0,0.010691522172114236,0
0,0.04449207090953042,0
0,0.026498024045834505,0
1,0.9834076440794485,1
1,0.4799287593806149,0
0,0.028553229757096014,0
1,0.8206612067909287,1
0,0.049334835594517915,0
1,0.9221454526601576,1
0,0.1331851048173966,0
1,0.6375864465075552,1
0,0.06659768782029961,0
1,0.8237783132619692,1
1,0.5275692320169806,1
0,0.01767918894983155,0
1,0.6673636972360546,1
0,0.008315555307675276,0
0,0.3087804374218337,0
1,0.9685407664367045,1
0,0.10124030835063283,0
0,0.2881799804409636,0
0,0.062414147506013574,0
1,0.9868546089171943,1
0,0.3792358452926511,0
0,0.4523737303554921,0
0,0.22981111633000423,0
0,0.5747777108704277,1
1,0.8396226877807816,1
1,0.9205553077351372,1
0,0.5995104795283042,1
0,0.5010109261773725,1
0,0.031006681325054092,0
0,0.002906945025173385,0
0,0.8708443758154732,1
1,0.873952070550487,1
0,0.5646461583279455,1
0,0.09069737297078673,0
0,0.005101295226344804,0
0,0.3804059336326611,0
0,0.02178516394558836,0
0,0.05530644250991506,0
1,0.9122262843847443,1
0,0.004501383234777229,0
1,0.7371367000510839,1
0,0.00012151128131757718,0
1,0.6444576263237951,1
0,0.0075337113958664405,0
0,0.003417232227284987,0
0,0.11229778778033465,0
1,0.9923100096135565,1
0,0.6655351929382639,1
1,0.30159297705985655,0
0,0.3194647352311298,0
0,0.14926737386454045,0
0,0.5590104742599168,1
0,0.034280278079197334,0
0,0.21965528090389946,0
0,0.0052977808343090465,0
1,0.8391840131746559,1
0,0.1413296452304728,0
0,0.16240382352947674,0
0,0.013929348544708798,0
0,0.6814852910937025,1
0,0.07573084635517159,0
0,0.0172689425069816,0
0,0.5491169277487755,1
0,0.016959857840057328,0
0,0.5128199716111772,1
0,0.07321593743844229,0
0,0.060847976665646175,0
0,0.49257647906547164,0
0,0.12237383801267017,0
1,0.8903809577352411,1
1,0.7470509259931881,1
0,0.2074653159197063,0
0,0.06089013780860474,0
1,0.968750929597409,1
0,0.12001321965642824,0
0,0.5919275264230565,1
0,0.1890753725794521,0
1,0.7177049482641876,1
1,0.5949782190945136,1
0,0.009244831753600857,0
0,0.5006093329809119,1
1,0.969396849651001,1
0,0.09801802041670314,0
0,0.03515616976716315,0
1,0.9945410452748557,1
0,0.002388589114098048,0
0,0.42831243992377316,0
0,0.5244821019952703,1
0,0.024964977950803387,0
0,0.609167130967603,1
0,0.0029471628985367937,0
1,0.8347009373702342,1
0,0.43592623019077514,0
0,0.39376407255368145,0
0,0.14572666829648812,0
0,0.0474064693695366,0
0,0.06453996222063144,0
0,0.4635129799436611,0
1,0.9718849632485089,1
0,0.012679396788350008,0
1,0.9307177505886948,1
1,0.601710238876062,1
1,0.9306427164016462,1
1,0.9481576024275054,1
1,0.958155602424179,1
0,0.26048637976630984,0
0,0.35086396923072843,0
0,0.07032473142397684,0
0,0.020850040075997597,0
0,0.021169282330502158,0
0,0.4573845269849552,0
0,0.279593378247301,0
0,0.5882370617813245,1
0,0.0026075428409144032,0
1,0.7457960837166007,1
0,0.29425637260524706,0
1,0.7413723847074959,1
1,0.9852616047727875,1
0,0.5625995515100184,1
0,0.35726702306139185,0
0,0.04125003003056854,0
0,0.19465019306482967,0
0,0.41760436283286234,0
0,0.11281999669522624,0
0,0.7487020943276783,1
0,0.02420756753025381,0
0,0.05873125381662611,0
0,0.48068139190668335,0
0,0.4802434092145019,0
0,0.21991899709854418,0
1,0.6008495950967442,1
1,0.9793259223573925,1
0,0.4346748692714,0
0,0.5203145572554357,1
1,0.8991952950817352,1
0,0.20746192063232174,0
0,0.18391070190934683,0
0,0.3633560635893002,0
0,0.021772824715525954,0
0,0.0007051068701271684,0
0,0.03774050715021597,0
1,0.8880608142862826,1
0,0.39142796540488,0
0,0.0013657943370768018,0
0,0.35627064337532144,0
0,0.2825160270535719,0
0,0.1875437251368522,0
0,0.5527581373307314,1
1,0.7242172709880956,1
0,0.08858131344389902,0
1,0.7514849991590598,1
0,0.2419431896136366,0
0,0.526956622748521,1
0,0.35176549098873283,0
1,0.7280009653001257,1
1,0.8345260753664608,1
0,0.025228625577029536,0
0,0.0860874758958634,0
0,0.05407745290063926,0
0,0.007025313457836253,0
0,0.08862996677014771,0
0,0.12439444184382997,0
0,0.18431402366440328,0
1,0.9902327624659768,1
1,0.9194557335688696,1
0,0.0005092096632968254,0
0,0.1468244237514444,0
0,0.002241243185160454,0
0,0.26377430272789,0
0,0.0005461559406142714,0
0,0.06501483824374064,0
1,0.5898346001669563,1
0,0.025506994240984106,0
0,0.36416725355729057,0
1,0.8160187173841119,1
0,0.05596533954867453,0
0,0.007186952135864799,0
0,0.251016115446126,0
0,0.11941286968798175,0
0,0.047098137366087846,0
1,0.9357923633473147,1
0,0.01817796946852783,0
0,0.10216819183316864,0
0,0.00045525403046211443,0
0,0.2471729111501196,0
0,0.7048780018230685,1
0,0.009499365338009172,0
0,0.6997806358920335,1
1,0.17500177869719763,0
0,0.08185406241052126,0
0,0.43434931702926616,0
0,0.2056987711673498,0
0,0.028414548617771384,0
0,0.018120114291519784,0
0,0.018205222852458,0
1,0.7822529276180046,1
0,0.08088543116442119,0
0,0.003086390942933512,0
0,0.00044780623350914065,0
0,0.0284337792578109,0
0,0.5113707396416987,1
1,0.5530038640285587,1
1,0.6783275805873699,1
0,0.004004483670913088,0
0,0.15226799161876473,0
1,0.20032209175762697,0
0,0.011300967203976452,0
0,0.096162059677309,0
0,0.4402655415408742,0
1,0.06833076912368985,0
1,0.9560369382064048,1
0,0.41359916168041233,0
0,0.04500363766148572,0
0,0.19228815928603826,0
0,0.5559084604492681,1
0,0.07873871104739336,0
0,0.015666458878752985,0
0,0.4050356329727539,0
0,0.000155793573053999,0
0,0.0046030282922194035,0
1,0.9894516650634722,1
0,0.5786835566678422,1
0,0.016469820724509417,0
0,0.4699494390077596,0
0,0.5398711621090138,1
0,0.40091777839747894,0
0,0.16406924849980328,0
0,0.007617626334137839,0
0,0.2782662973622542,0
0,0.011349158753379166,0
0,0.07176783319336963,0
1,0.8205628316001083,1
0,0.6116439433017595,1
0,0.2143318987596436,0
0,0.01391712109356917,0
0,0.029686655472346016,0
0,0.9116037508959228,1
0,0.05814959966491584,0
0,0.005362520624757452,0
0,0.5659270086711978,1
0,0.1313234133405657,0
0,0.055382949857477076,0
0,0.4501730852829813,0
0,0.20759489486434451,0
1,0.9698504569615971,1
0,0.05683442871074798,0
0,0.056391343427305334,0
0,0.01605924983421086,0
0,0.06925517240656216,0
0,0.2963165295668791,0
0,0.458963952298767,0
0,0.016810776339448486,0
0,0.07330195329551603,0
0,0.5211973978532557,1
1,0.8413648002493306,1
0,0.010995762724388326,0
0,0.37480846607933366,0
1,0.8830997502741822,1
0,0.8219987748560669,1
1,0.8899066964311908,1
0,0.0585419651557408,0
0,0.036946707798404074,0
0,0.0012404060378844474,0
0,0.13568277873135526,0
1,0.8250259028151198,1
0,0.004395387822841753,0
0,0.03413925242283637,0
1,0.8820010447122735,1
0,0.5353857311034722,1
0,0.3214375489012016,0
1,0.7113896058741661,1
0,0.1200178396930649,0
0,0.03968445493156046,0
0,0.5727986220010646,1
0,0.17961475815952171,0
1,0.4216565124311935,0
1,0.7199746350626405,1
0,0.5574064962218476,1
0,0.00621179469601554,0
0,0.01773353998272309,0
1,0.8531392569038403,1
1,0.8943351032500749,1
1,0.8881474355072955,1
1,0.9174727021442999,1
1,0.9932107074821666,1
0,0.38253651584285797,0
0,0.005255789926142547,0
1,0.03878813975993069,0
1,0.9823699411730948,1
0,0.2053176359736625,0
0,0.023214522661348703,0
0,0.004875584355763315,0
1,0.8645408945247937,1
1,0.9721019817742157,1
0,0.40641464698342555,0
0,0.49715367485596146,0
0,0.12898370003245901,0
0,0.0059739047110209395,0
1,0.6519514049964846,1
0,0.6768634174315754,1
0,0.5737667921800299,1
0,0.05599094661565589,0
0,0.06149661778169506,0
0,0.15893403494080058,0
0,0.0018875036794862524,0
0,0.0611227470628019,0
0,0.03505313114419184,0
0,0.09035694866356142,0
0,0.3093536340556933,0
1,0.7097408483644723,1
1,0.9227722463283397,1
1,0.7337392132343192,1
0,0.0026954980587401804,0
0,0.18592376310096678,0
0,0.7443706966005854,1
0,0.0024857410575833128,0
1,0.7883660364064312,1
0,0.1666642977586518,0
1,0.5975597105793755,1
1,0.5889043599357151,1
0,0.007743051173981262,0
0,0.37300485709333436,0
1,0.735795507118431,1
1,0.6647584980068507,1
0,0.11052486534472858,0
0,0.22921860015507153,0
0,0.3612058384789191,0
0,0.010961447797649824,0
0,0.19672335518838613,0
0,0.0077304203847301444,0
0,0.0062048777374979274,0
1,0.5131854103996768,1
0,0.0017528245675585503,0
0,7.890717828870675e-05,0
1,0.4289135933547823,0
0,0.4291971340590717,0
0,0.010812575876268306,0
1,0.7811235253997184,1
0,0.1997915109904968,0
1,0.91038458410275,1
1,0.8067076397222479,1
1,0.8690423257772166,1
0,0.12706092903487196,0
1,0.927912929064959,1
0,0.007315433912963519,0
0,0.7629944156024192,1
1,0.9092941959510544,1
0,0.00011355240411170126,0
0,0.12290989489878955,0
0,0.20993650217838883,0
1,0.5489821702759837,1
1,0.8695846879142598,1
0,0.7937234837218476,1
0,0.0674043982378048,0
0,0.017987566663987646,0
1,0.6609763812632664,1
0,0.023707987458820207,0
0,0.03388283399400704,0
1,0.6276675379703363,1
0,0.22442608675260586,0
0,0.001056451208451842,0
0,0.19685291777752817,0
0,0.2845900832467906,0
1,0.5125021655158468,1
0,0.02109000125237342,0
0,0.6478658196153607,1
0,0.0003330094054570519,0
0,0.4305300811797113,0
0,0.004476822914889245,0
1,0.7733669271059075,1
0,0.005128579244589681,0
1,0.9720602239543371,1
0,0.7797823613423334,1
1,0.8671402492640743,1
0,0.49247918795860895,0
0,0.03260414222407137,0
0,0.5638160600623352,1
0,0.11766911238493356,0
1,0.4950434636467646,0
0,0.8372431014185214,1
0,0.016124890867910344,0
0,0.05589859262125883,0
0,0.0090217343970151,0
1,0.24344581064280835,0
1,0.6913917551571578,1
1,0.43963401063941643,0
0,0.003304147540490311,0
0,0.0011492786952122657,0
0,0.5872252835429065,1
0,0.029274674779723526,0
0,0.000587427635426371,0
0,0.07104937728408937,0
0,0.3265951312415199,0
1,0.7817180292423349,1
0,0.03156868595032561,0
0,0.028045801473289476,0
0,0.004178385028521016,0
0,0.0015436728860836345,0
0,0.2916537735456328,0
0,0.011446774143752458,0
1,0.6902133275525212,1
0,0.002955952782056432,0
0,0.002014900727129384,0
0,0.10930151898778054,0
1,0.9227329034912461,1
0,0.8234018813192302,1
1,0.5451804847646288,1
1,0.34692143155508653,0
0,0.0026474638525404723,0
0,0.052851969869956335,0
0,0.0117146210930407,0
0,0.017168466525534744,0
0,0.058893787802203855,0
0,0.0013981133378686735,0
0,0.006324735532161129,0
0,0.05527670372897447,0
0,0.5074949404326894,1
0,0.45502308739366354,0
0,0.012355377146555714,0
1,0.8686675438772742,1
0,0.3439701814600365,0
0,0.20623013981840718,0
0,0.20580026221236794,0
1,0.803947069487492,1
0,0.4553160405698685,0
1,0.365690021191523,0
0,0.437312860929339,0
0,0.012286365526393598,0
0,0.5161535152146693,1
0,0.0853838505215175,0
0,0.1057124451594111,0
0,0.1099875320686487,0
0,0.025035797669130753,0
1,0.8450855414861845,1
1,0.45246252630917344,0
0,0.6366680656694196,1
0,0.8117176506422138,1
1,0.9923742666502612,1
0,0.003668585619010063,0
0,0.01801733795131035,0
0,0.06356828700621514,0
0,0.019748097089643823,0
1,0.9105293366589345,1
1,0.4800900345656589,0
0,0.8859069593653682,1
1,0.9705616202340763,1
0,0.6310451602069829,1
0,0.043290744807076224,0
0,0.14856392176943833,0
0,0.01787997264944133,0
0,0.06700955936805553,0
0,0.3267698635330176,0
1,0.7038538510738722,1
0,0.8018917232880947,1
0,0.11093787895548947,0
1,0.6031965910327517,1
1,0.6749757561414694,1
0,0.05498271247348011,0
1,0.3636118507033737,0
0,0.026725811891944555,0
0,0.3534230415905044,0
0,0.72478633062372,1
0,0.0037492918497058804,0
0,0.5170538538804497,1
0,0.0013665173329228937,0
1,0.8670832816064389,1
0,0.005415532563891251,0
0,0.02119926511286131,0
0,0.020921276586969993,0
1,0.5303750720411213,1
0,0.0846918125305993,0
0,0.3761453058364449,0
1,0.9823600473356341,1
1,0.971515688821841,1
0,0.005201463697628889,0
0,0.03640112808551531,0
0,0.012227200639480719,0
0,0.8313597839836064,1
0,0.149289702904872,0
0,0.0015492633382963316,0
0,0.8685753695579538,1
0,0.058372307173766784,0
0,0.19494777787494583,0
1,0.7209965057194812,1
0,0.1369532782724693,0
0,0.005133226502885741,0
1,0.7417954922565212,1
1,0.5756544098378685,1
0,0.06398822124180487,0
0,0.2039759457036599,0
0,0.25395326701569504,0
0,0.7015080015107438,1
0,0.47526870434476415,0
0,0.477750991651676,0
0,0.07651859150735814,0
0,0.04324311184487832,0
0,0.0004897864532251233,0
1,0.46354824873805645,0
0,0.00025400283881525047,0
0,0.24268431360339374,0
0,0.3116589130860812,0
1,0.758536461990594,1
0,0.016915894025454327,0
0,0.3621858093332878,0
0,0.5685726902460102,1
1,0.03227231080312969,0
0,0.19028033475389597,0
0,0.13519115412309005,0
0,0.6863656309457004,1
0,0.42058808745660414,0
0,0.2389352727523899,0
0,0.5811058315641527,1
0,0.12211030217403718,0
0,0.09292629025039649,0
0,0.16692506437107535,0
0,0.28738931471722234,0
0,0.726233814090505,1
0,0.8898100712901902,1
0,0.00025021090223283294,0
0,0.01652802436004591,0
0,0.7733168772642356,1
0,0.10437649099267404,0
0,0.11358569070026694,0
0,0.02447661450490891,0
1,0.8558210675001917,1
1,0.6296829038343156,1
0,0.012658305225496817,0
1,0.9567775221439819,1
1,0.14102386792975394,0
0,0.6092794303558933,1
0,0.48634806677950954,0
0,0.03492415751977802,0
0,0.5248870004490842,1
0,0.696955572721991,1
0,0.45568185680828266,0
0,0.14433925839204106,0
1,0.5990425411088085,1
0,0.8521714661747072,1
0,0.0010661141496724025,0
0,0.008688869729038436,0
0,0.07962762111908042,0
0,0.6649955201839939,1
0,0.4078834643704725,0
0,0.13407824890826953,0
0,0.012434559702537267,0
0,0.14124639307140532,0
0,0.1750723408936712,0
0,0.14355661787942667,0
0,0.05064905867992471,0
0,0.01153527324342524,0
0,0.021723094441095613,0
1,0.3881582805865744,0
1,0.8768248718438421,1
0,0.23508634546629287,0
0,0.032477061515023865,0
0,0.09350411461783746,0
0,0.16660894758257958,0
0,0.028032671255875753,0
1,0.21553915444265337,0
0,0.19601388030151387,0
0,0.03250375755987886,0
0,0.1445133376786907,0
0,0.18691081685922928,0
0,0.19444662717957803,0
0,0.39258913961203123,0
0,0.4665711776931242,0
0,0.06552987921788857,0
0,0.04152359894384448,0
0,0.011343433770274367,0
0,0.17436920280260756,0
0,0.713722647104045,1
0,0.003151337916633664,0
1,0.5738510490617267,1
0,0.004101953258900962,0
0,0.05587902279876715,0
0,0.27082358336767914,0
0,0.22136199586265945,0
0,0.3440974812427638,0
1,0.9406564992981602,1
1,0.7326885579292212,1
0,0.13809506175195493,0
0,0.12735033511738322,0
0,0.6908342719166595,1
0,0.006937683911956644,0
0,0.5949404790637783,1
0,0.23066284358513703,0
1,0.6583651217856646,1
0,0.5222176597366086,1
0,0.47953606479721494,0
0,0.005610729613011837,0
0,0.008601897151127314,0
0,0.06880370480972686,0
0,0.22396602115598066,0
0,0.3109384704409171,0
0,0.002254677135270406,0
0,0.3201455389898096,0
0,0.5447512330368599,1
0,0.11337772243110576,0
1,0.9390234321630785,1
0,0.011375288354189765,0
0,0.016361185219377423,0
0,0.03759111529306388,0
0,0.2255685240530334,0
1,0.5763443546904288,1
0,0.02643704643153939,0
1,0.9701721912426264,1
1,0.8663769055582865,1
0,0.31731534096675684,0
0,0.3047834784174833,0
1,0.4672817777354915,0
0,0.00014300777964686137,0
0,0.5525690731469874,1
0,0.13448547676256434,0
1,0.3320437158985911,0
0,0.3384009984963815,0
0,0.18682551292569674,0
0,0.10361484183847242,0
0,0.07455159421352321,0
0,0.011358708631922974,0
0,0.411671951797515,0
0,0.0009657076305072238,0
0,0.6212109656571464,1
0,0.1562434027440768,0
1,0.7617951172035714,1
0,0.358146278243312,0
1,0.8270656881713437,1
1,0.8415906909311186,1
1,0.8117398872528161,1
0,0.6234302725570986,1
0,0.015762182336611686,0
0,0.02887752718726259,0
0,0.029705765446716045,0
0,0.3520257936055531,0
0,0.04143962007662329,0
0,0.015115743963966578,0
0,0.02829680862919897,0
0,0.02116818147339328,0
0,0.7132765350875591,1
1,0.9563915477731604,1
0,0.17320801052142193,0
0,0.04610980745340036,0
0,0.04408762768834494,0
1,0.8630912031216499,1
0,0.011643418873786823,0
0,0.048651608924854706,0
0,0.4428076544757158,0
0,0.4360017308373178,0
0,0.1633668967965286,0
0,0.812237019397851,1
1,0.8153100783594761,1
0,0.2812486934086724,0
0,0.006919875595752647,0
0,0.6799877254194401,1
0,0.4244746149064727,0
0,0.10037312995442785,0
0,0.006328147908525762,0
1,0.524730755575013,1
0,0.054524620721463406,0
0,0.2945853713608384,0
1,0.8013198139192959,1
0,0.5155101982891422,1
0,0.008328757287459809,0
1,0.9096676646331664,1
0,0.03969631319776325,0
0,0.014025731845265923,0
0,0.2740824586596804,0
0,0.39832119847983427,0
0,0.06386871455965261,0
0,0.0018603071343772616,0
0,0.018990817544814385,0
0,0.8611196080238648,1
0,0.00549126537118383,0
0,0.01941653049830172,0
0,0.17735825687592624,0
0,0.02847344562687331,0
1,0.8576757451841782,1
0,0.354392326476952,0
0,0.14022596757612094,0
0,0.258460933921254,0
1,0.6658142735477107,1
0,0.13532269387929952,0
0,0.0016911818738452782,0
0,0.013035237224091143,0
0,0.2915524827718935,0
0,0.07754947419604091,0
0,0.801312295740978,1
1,0.8179605941010414,1
0,0.033702712492688594,0
0,0.0029340741190776796,0
1,0.6341284799914223,1
0,0.1719682549714171,0
0,0.23778270967686557,0
0,0.37775409125466713,0
0,0.023936286595565296,0
0,0.8437633135236553,1
0,0.07628219676954587,0
1,0.8902591038050371,1
0,0.008207482049746986,0
0,0.017464319511606742,0
1,0.9757290625341126,1
1,0.7189431035266923,1
0,0.012094995428538003,0
0,0.014574213870457469,0
0,0.17005481329447997,0
0,0.1645791319141178,0
1,0.9782504538625767,1
0,0.6383156890370354,1
0,0.41214033752646795,0
1,0.9463233237179974,1
0,0.11009801882556172,0
0,0.49782321108637073,0
1,0.8283908839476536,1
1,0.8286539240756685,1
0,0.04218347490601601,0
0,0.010132803324801392,0
0,0.7808913854925715,1
0,0.3994198786161226,0
0,0.034092162726592164,0
0,0.008541003227342484,0
0,0.4156778660780145,0
0,0.006878333098835309,0
0,0.041966208754046726,0
1,0.8455839207732356,1
0,0.002708556885821621,0
0,0.34967114075214406,0
0,0.006750831608070721,0
0,0.5302326409930797,1
0,0.031232683461907308,0
0,0.08267905675741849,0
0,0.3070119871458853,0
0,0.05798123209934304,0
0,0.0764459063910929,0
0,0.40013467346708176,0
0,0.19155974442163426,0
1,0.48824904952551823,0
0,0.7163468863451173,1
1,0.9545916262932309,1
0,0.13155981429780608,0
0,0.059817204734038766,0
0,0.14407642114030755,0
1,0.8554872988396492,1
0,0.0765857299775456,0
0,0.05489639315728406,0
1,0.7578090897592842,1
0,0.1275925457313093,0
1,0.600752622589493,1
0,0.7958473603013614,1
1,0.8604758011938577,1
1,0.7075157791547864,1
0,0.023383445901031964,0
0,0.45676468274819076,0
1,0.5968647385011002,1
1,0.850392134762286,1
1,0.45008796301144616,0
0,0.2307546986364405,0
0,0.046854618539631264,0
0,0.6039571206038928,1
0,0.003412060933965723,0
0,0.0745492310431994,0
0,0.34269688079383104,0
0,0.29047717244303994,0
0,0.24130666376786317,0
0,0.873469673928852,1
0,0.1468236980142587,0
0,0.22256807796480582,0
1,0.7552562328209972,1
0,0.7921490267764719,1
0,0.6963358906450492,1
1,0.9460374348589792,1
0,0.6254288179470001,1
0,0.05798923758405981,0
0,0.1533500715924353,0
0,0.18491316877054303,0
1,0.6653880717626136,1
0,0.14300578292971192,0
0,0.07439328110287727,0
0,0.03529613296164387,0
1,0.9094865641273234,1
0,0.7737240153585583,1
0,0.07203326110457009,0
0,0.24379556869609356,0
0,0.5035046765308944,1
0,0.06498349664655081,0
0,0.7825273807155254,1
0,0.24482205476673755,0
1,0.7127833503630299,1
0,0.12476299720623073,0
0,0.05800414823862166,0
0,0.0034060936703853204,0
0,0.00033204899088063513,0
0,0.5226284992013043,1
0,0.13480730048971076,0
0,0.30964949105836775,0
0,0.529017305973948,1
1,0.6728588087347535,1
0,0.05398013914330872,0
0,0.5971902118559673,1
0,0.2349321530917023,0
0,0.01593483366764978,0
0,0.2231306901231782,0
1,0.9314560939942843,1
0,0.011458308255572909,0
0,0.05491002870490209,0
0,0.024170429671300567,0
0,0.01603288646960294,0
0,0.8655207348969137,1
0,0.00068051943544827,0
0,0.10276334328072406,0
1,0.12718245302480394,0
0,0.10583142252044951,0
1,0.9330102248125343,1
1,0.23037717661266433,0
0,0.06777777676835865,0
0,0.48480758885165803,0
0,0.04678506289365662,0
0,0.56846683982658,1
0,0.01005407796924777,0
0,0.08050473793661837,0
0,0.11280473411137606,0
0,0.012323262614973613,0
0,0.16912776095526408,0
0,0.2677252999545704,0
0,0.49103280581500014,0
1,0.3363649315043655,0
0,0.6915538837560129,1
1,0.835791133548416,1
1,0.9122543230563519,1
1,0.47480067145735994,0
0,0.1544606879729163,0
0,0.30267677180002767,0
1,0.9950483597062343,1
0,0.24497572735637793,0
0,0.04707563859137717,0
1,0.9830456714325315,1
0,0.041521131024316094,0
0,0.00010051708931009866,0
0,0.4739987022303259,0
0,0.40693733673755483,0
1,0.3627805491740806,0
0,0.2610315803316038,0
0,0.10689053944095787,0
0,0.4233205445285054,0
1,0.7674314131342672,1
0,0.7210042351664129,1
0,0.11062801754476889,0
0,0.0008944579053203168,0
0,0.0021342044060601475,0
0,0.021492412626778257,0
0,0.8098879924387723,1
0,0.3032550414030796,0
0,0.2543773298953609,0
1,0.7966514360456275,1
0,0.0852279006441323,0
0,0.004730353461018535,0
0,0.025035589526963577,0
1,0.5875718603029675,1
0,0.45897989915434523,0
1,0.9324841392927876,1
1,0.9792178972093578,1
0,0.012579350382093896,0
0,0.17200014566927208,0
1,0.8035024380958589,1
0,0.3741447373180739,0
0,0.5150525276223947,1
0,0.4530737430272756,0
0,0.01753674686356184,0
0,0.2581996870190894,0
1,0.847374696451417,1
1,0.9068220156852786,1
1,0.7685472483918128,1
0,0.0061212301912163085,0
0,0.1059356208426516,0
0,0.0013533991812817933,0
0,0.9680423733296704,1
0,0.8409104952679851,1
0,0.765581660118134,1
0,0.030221555815937967,0
0,0.7112701245739506,1
1,0.49175630869805664,0
0,0.365651070070742,0
0,0.2842142631440199,0
0,0.0017139141619109163,0
1,0.45365964273640164,0
0,0.3128531857746593,0
1,0.9627927000943399,1
0,0.001379018070037072,0
0,0.007483539971294808,0
0,0.035639262067730645,0
0,0.31752127891444304,0
0,0.6000346536782846,1
0,0.11186166107540735,0
1,0.976318506252928,1
0,0.03263404042931464,0
0,0.004696648411105197,0
0,0.7209285275641503,1
0,0.17899647280639377,0
0,0.06607458109711253,0
0,0.006807399253595331,0
0,0.30628867722880093,0
0,0.14202943096259196,0
0,0.6718469497449606,1
0,0.3406617964419804,0
0,0.01750529929266196,0
1,0.9850937940545468,1
0,0.3217706080037438,0
1,0.5535293187858631,1
0,0.10505480252389794,0
0,0.01105568485804165,0
1,0.8719917212703211,1
0,0.010577229302138095,0
0,0.41460615205684204,0
1,0.8631886699896122,1
0,0.0005657775859212397,0
0,0.07786268203019228,0
0,0.29782552422793973,0
0,0.0037798348869818484,0
0,0.014517789527000825,0
0,0.030794410484461854,0
1,0.568603651407419,1
1,0.9886311958351892,1
0,0.024118963566231246,0
0,0.0002144446604432886,0
0,0.6232381900522159,1
0,0.011382646269286244,0
0,0.6653148748795091,1
0,0.15897471276301586,0
0,0.005022006363747268,0
0,0.06953831328315725,0
0,0.044394944378349156,0
1,0.7609032187687336,1
0,0.004046663727650622,0
0,0.02294210868407113,0
0,0.2187936367026731,0
0,0.0020966854227571123,0
1,0.714435309112957,1
0,0.0010568700861515374,0
0,0.2570265285659367,0
0,0.004969590418291617,0
0,0.1681024855137319,0
0,0.052034561484068646,0
0,0.012874148384936095,0
0,0.4729730674709084,0
0,0.4952312839892799,0
0,0.1189085493989024,0
0,0.05520802203342465,0
0,0.015426522072452337,0
0,0.11932839524372132,0
1,0.7433470886945163,1
0,0.025128549171356738,0
0,0.15491369513842052,0
0,0.6424063359969802,1
1,0.7720736540429046,1
0,0.26724259884853263,0
0,0.0037138045839625825,0
0,0.04051990525742051,0
0,0.33123368929880515,0
1,0.686083587067853,1
1,0.8487866332966174,1
0,0.012880070875413334,0
0,0.01699284313173212,0
1,0.6113377870113763,1
0,0.003417232227284987,0
0,0.023529484206053598,0
0,0.05282427169752509,0
1,0.8819281886445313,1
0,0.510661154594689,1
0,0.02399818219107313,0
0,0.5778967330303362,1
0,0.3597838598687957,0
0,0.012174355837645093,0
1,0.5953022645289475,1
0,0.022745050430738906,0
0,0.02487735962263129,0
0,0.004461413740000766,0
0,0.6597106502140491,1
0,0.5078136562454708,1
0,0.016276833076291353,0
0,0.29365247417586304,0
0,0.505477749550789,1
1,0.5488678674357218,1
1,0.47088757663348113,0
0,0.4261952444658838,0
0,0.1399196017487274,0
0,0.003172254024459454,0
1,0.7193856829870834,1
0,0.0007824561218961547,0
0,0.08883127860933014,0
1,0.6400872523255465,1
0,0.5225156132919989,1
0,0.15919954074006162,0
0,0.0018065804301013713,0
0,0.4165824627065383,0
0,0.002677824153976906,0
0,0.04836751693805754,0
0,0.07152993869545737,0
1,0.8813327899718382,1
0,0.019671519564882195,0
0,0.11406451537936498,0
1,0.7646073425460174,1
1,0.8872079881833899,1
0,0.0022942650704169,0
0,0.0010300789097365752,0
1,0.3824161606012116,0
1,0.9515245458406321,1
0,0.6482739132944614,1
1,0.4186683126789516,0
1,0.2250638902591452,0
1,0.7623434929554038,1
0,0.48105180177980655,0
0,0.010457085528668579,0
0,0.07662090435018172,0
0,0.07110439088266847,0
0,0.20285512122144522,0
1,0.03968441117523957,0
0,0.04408540372461536,0
1,0.9126763278862362,1
0,0.008777418741437544,0
1,0.5338432632310567,1
0,0.029597800353028603,0
1,0.8734031690234104,1
0,0.5427983511109471,1
1,0.18410137096406623,0
0,0.0017478028129820093,0
0,0.5744763328645491,1
1,0.7063406163503193,1
1,0.8823753421645919,1
1,0.6524910220334209,1
0,0.0033039762252420036,0
0,0.7232803315106634,1
0,0.5805412818938367,1
1,0.6618087850232562,1
0,0.018273811327065993,0
1,0.7375090470878292,1
1,0.7338822470062835,1
0,0.11867724716387423,0
1,0.8829957562658554,1
0,0.26071632672682277,0
0,0.015083008088430777,0
0,0.5295483389569945,1
0,0.0009090476079278559,0
0,0.03163893390985375,0
0,0.02955694147271401,0
0,0.7776111385175363,1
1,0.9478936989784791,1
0,0.0011598657895163782,0
0,0.15751509848887485,0
0,0.05497130135932477,0
0,0.7918781917773982,1
0,0.18730315045880863,0
0,0.29689779406885947,0
0,0.020005830884000028,0
0,0.004473333563856746,0
0,0.30061433566491347,0
0,0.6553472832841257,1
0,0.681082406426105,1
1,0.8259728970298378,1
0,0.2758971475235018,0
0,0.10204901306444496,0
1,0.9133432978843651,1
0,0.04240574798844934,0
0,0.7887999847623302,1
0,0.0008851295051089597,0
0,0.01989221366032019,0
0,0.3394934768159803,0
0,0.0035290386656687328,0
0,0.19115849128072268,0
0,0.04339184509060186,0
0,0.14090878410483315,0
0,0.00476484000002846,0
0,0.34165216183245706,0
0,0.6780477764561194,1
0,0.17041856366851238,0
0,0.00912176813675201,0
0,0.2613350768241911,0
0,0.05052043834893222,0
0,0.04645654747665649,0
0,0.39376820245920663,0
0,0.03684097877450808,0
0,0.03073012097577688,0
0,0.023733434399396108,0
0,0.12939484765018355,0
0,0.10308657052164838,0
0,0.8620477952638214,1
0,0.4122350689888296,0
0,0.10546608312243742,0
0,0.01804436860284335,0
0,0.26199251294884107,0
0,0.14938784403352193,0
1,0.7035168221636016,1
0,0.08753203109402963,0
0,0.004775666330550398,0
0,0.14282776298586392,0
0,0.03370176047058516,0
0,0.0413747036641535,0
0,0.053017052525480994,0
1,0.7820021921725627,1
1,0.8957823874444398,1
1,0.01773109031362949,0
0,0.0085457511980108,0
0,0.02963280016766663,0
0,0.014529870055967403,0
0,0.36756472820077996,0
0,0.07594901571135032,0
0,0.3221169039921749,0
1,0.9576621197318055,1
0,0.041816063340473934,0
0,0.26533540289232194,0
0,0.3415648095736475,0
0,0.0911333650480184,0
1,0.9588040611230662,1
1,0.9893631359391309,1
0,0.022609022023730014,0
0,0.0006666732969832307,0
1,0.8625063694665748,1
0,0.8700464456409054,1
0,0.02251324330712809,0
0,0.6056561438417778,1
0,0.43070108373367255,0
0,0.012436212470589837,0
0,0.613694656753397,1
0,0.505454679881194,1
1,0.6451418292003736,1
0,0.27365657929312065,0
0,0.014907910934347651,0
1,0.5181005087168993,1
1,0.8692128431955687,1
0,0.46377535726235486,0
0,0.0024484376558022575,0
0,0.09399664937562481,0
1,0.976111479749962,1
1,0.8978567704267921,1
0,0.7633057971852532,1
0,0.002467078882001086,0
0,0.12480929737788886,0
1,0.9832534397463163,1
0,0.09380699518601349,0
0,0.01948683120228944,0
0,0.42142975395164767,0
0,0.04823392591995294,0
0,0.04511861596994832,0
0,0.8184058986790677,1
0,0.04367830637586821,0
1,0.7067041334172807,1
0,0.28501001075572424,0
0,0.1989838902709589,0
1,0.9845333368504958,1
0,0.6472772590529012,1
0,0.12192460827370316,0
0,0.012628075484813707,0
1,0.5827274525872707,1
0,0.023260509705233134,0
0,0.6131434262110624,1
0,0.4653203929089103,0
1,0.8974803792803154,1
0,0.8173831851086694,1
1,0.9277079013551618,1
1,0.9760413653201789,1
0,0.3780204191449695,0
1,0.6094418092434757,1
1,0.9898012597042373,1
1,0.8476333216685606,1
0,0.6286312173167664,1
0,0.1526844549022274,0
0,0.0013952406447067618,0
0,0.0031484292311434697,0
0,0.006028085218814244,0
0,0.19900592152881239,0
1,0.9840535557595796,1
0,0.02268237616390537,0
1,0.836456324092727,1
0,0.004632727326682645,0
0,0.17883511998201954,0
0,0.023101102966553568,0
0,0.0376997163325663,0
0,0.47411221132370485,0
0,0.012911702527570864,0
0,0.3561486984492576,0
1,0.19945521819752352,0
0,0.09375628869568396,0
1,0.7692807697112691,1
1,0.995906905316766,1
0,0.16824058688306848,0
1,0.8196952058418199,1
1,0.5483032390458041,1
0,0.04780537883286402,0
0,0.0275498166894406,0
0,0.007928309888895336,0
0,0.05508117041301436,0
0,0.010259611636316234,0
0,0.022016667712566884,0
1,0.8422754554481559,1
0,0.6743192897360415,1
0,0.5505362028209793,1
0,0.030240117516535256,0
0,0.022882701977978166,0
0,0.10389887519938427,0
0,0.4188235163495977,0
0,0.036146137023737375,0
0,0.30407302452378604,0
0,0.6726550394054293,1
0,0.48195435795138164,0
0,0.11084826528872237,0
0,0.001171448425016983,0
0,0.15228240934095583,0
0,0.2200425739523605,0
1,0.9285268083469763,1
0,0.0328444810050108,0
0,0.2489963115092957,0
0,0.7486028961526241,1
0,0.0012401264119699692,0
0,0.0172154601354252,0
0,0.21740619949583012,0
0,0.3305509591856634,0
1,0.4094612684607316,0
0,0.3504599084503221,0
1,0.5536370569554745,1
0,0.25623243844941546,0
0,0.2272628980720365,0
0,0.10460192721348026,0
1,0.8861667583382744,1
0,0.17963015479362246,0
1,0.6478245823784216,1
0,0.000724683482666698,0
0,0.551164332117891,1
0,0.36835591343044294,0
1,0.9906856287316337,1
0,0.4891977965930469,0
0,0.4294959506555322,0
0,0.0013307393836982533,0
0,0.07706759516743861,0
0,0.43839104882726476,0
0,0.005799435529030601,0
0,0.0050826038431922745,0
0,0.0005122245288593275,0
1,0.8609085909721443,1
0,0.004453087728019989,0
1,0.5713583834064581,1
0,0.27996744367385074,0
0,0.04452398231491531,0
1,0.6345460887517318,1
0,0.05897756065546099,0
0,0.34008737672278,0
0,0.07256068540322534,0
0,0.7260556727515244,1
1,0.5266569448699238,1
0,0.11409088343040721,0
1,0.4777955805733674,0
0,0.47616409791091313,0
0,0.013359423755167073,0
0,0.9033542891474303,1
0,0.20691450171092154,0
0,0.022125355301647335,0
0,0.016287159462943426,0
0,0.010526454743740163,0
1,0.6568903806109488,1
0,0.005280946662837796,0
0,0.00019542756931746106,0
0,0.03270800522951518,0
0,0.023713853729979056,0
0,0.035886723229258254,0
0,0.8767761309904457,1
1,0.6691014503827426,1
0,0.006586675809808409,0
1,0.9603465450044054,1
0,0.16128923507562243,0
0,0.8474165756124558,1
1,0.11045603242574775,0
0,0.08523465261327744,0
1,0.8065240013723329,1
0,0.1365356771661642,0
0,0.022957678499635703,0
0,0.1836887361367791,0
0,0.46730334668242657,0
1,0.9686177910777851,1
0,0.10092501853102868,0
0,0.0007495888751382196,0
0,0.022280134008258373,0
0,0.0006393813370599779,0
1,0.9491234004806794,1
0,0.06930088846628144,0
0,0.44773984480607726,0
0,0.03365263222710437,0
1,0.9643445339045982,1
0,0.014885637247117417,0
1,0.7878686715121229,1
0,0.10078806431960899,0
0,0.3620364843223307,0
0,0.27832664785072214,0
0,0.004265881440811623,0
0,0.5037117005556843,1
0,0.04351191571955439,0
1,0.30909135091259393,0
1,0.8309900885291597,1
0,0.1246782084724615,0
0,0.06796682854755115,0
0,0.8293632461258243,1
0,0.3514632699308728,0
0,0.06031110355823015,0
0,0.4193427940281135,0
0,0.07212190768452963,0
1,0.9815902193607347,1
1,0.8734811638156093,1
0,0.6723982464258165,1
0,0.35654822039027656,0
0,0.01946628779881202,0
0,0.03573106338669855,0
0,0.49309135474241733,0
0,0.0004238037861528915,0
0,0.6258898264588526,1
0,0.49410418015288143,0
1,0.9895815709370589,1
1,0.58567317757167,1
1,0.9147002269106027,1
1,0.8140010789709603,1
0,0.038517416770438566,0
0,0.013732792270053364,0
0,0.17369074701232304,0
0,0.01633278333195294,0
1,0.8512371751795565,1
0,0.07153143675288175,0
0,0.005145278961893442,0
1,0.5116354806358104,1
0,0.33988500825815665,0
0,0.004993361372522474,0
0,0.14437639639781788,0
1,0.6273604591056676,1
0,0.19924175932887353,0
0,0.6533969469432164,1
0,0.007868089459129122,0
0,0.6946016738463876,1
1,0.21978196037304884,0
1,0.977548313436575,1
0,0.02160539141460274,0
1,0.7790304085887196,1
0,0.3013431224104544,0
0,0.014069030601187651,0
0,0.05952487220868169,0
0,0.016048698950424652,0
0,0.020044915987146944,0
0,0.45999940320526556,0
0,0.06639472010403116,0
0,0.7810246366031997,1
0,0.08598787854369028,0
0,0.23884246999574274,0
0,0.010369893488369673,0
0,0.09155580792250534,0
0,0.26180642233956875,0
0,0.04127917224548485,0
0,0.008923824686752914,0
0,0.6442185233068748,1
1,0.5717346911045617,1
0,0.3167930637624699,0
0,0.0017847385961608005,0
0,0.5977518363133684,1
1,0.8168603230963196,1
0,0.33295092666013165,0
0,0.23561375442762952,0
0,0.009308208141581011,0
1,0.8347335950062442,1
0,0.3757842112115293,0
0,0.02018629378846819,0
0,0.011290450070358855,0
0,0.6839381447419608,1
0,0.15341392470407775,0
1,0.9824665985437734,1
0,0.0003745573688617613,0
0,0.05185890336070729,0
0,0.336766399293978,0
0,0.8437819961789065,1
0,0.005478469278923197,0
0,0.08900164510443401,0
0,0.13986318533691464,0
0,0.19855997320441612,0
0,0.08411366500301629,0
0,0.000326709010248043,0
1,0.749474229564496,1
1,0.977182210951626,1
0,0.0062087524681295305,0
0,0.6907974298045416,1
0,0.6183963605531206,1
0,0.6263149666175781,1
0,0.5371652884388965,1
0,0.5476195996497331,1
1,0.9887933285728029,1
0,0.001241748200410222,0
0,0.013344700651105396,0
0,0.00019750798256940288,0
0,0.077520184314381,0
0,0.48705803870783343,0
0,0.6570962240622876,1
1,0.806290389487283,1
0,0.0011377965012055677,0
0,0.012424475226423514,0
1,0.8451208768406315,1
1,0.6844172594970507,1
0,0.008026601711175222,0
0,0.03549296876333717,0
1,0.5418951699597453,1
0,0.024950541236792752,0
0,0.020909719607369346,0
0,0.6161311727444051,1
1,0.6921203151109697,1
0,0.6890109642372252,1
0,0.024902017774310573,0
0,0.02486220047492318,0
0,0.03146770250156254,0
0,0.010555936569693124,0
0,0.6604323183730261,1
1,0.6875488195421522,1
0,0.40667183772542087,0
0,0.16767405849823797,0
1,0.5050332463302643,1
0,0.07828166810083471,0
0,0.10360565581165301,0
0,0.21421667301345237,0
1,0.1364468693694569,0
0,0.07677615288537377,0
0,0.00044104090796745157,0
1,0.9905791853002558,1
0,0.15280366535885243,0
0,0.01569643811526382,0
0,0.21666047757755583,0
1,0.8734831168175589,1
1,0.9545988236017716,1
0,0.07261920100565321,0
1,0.2959962285603869,0
0,0.035453095672923915,0
0,0.012249651258123303,0
0,0.23549355041724904,0
0,0.037814507216160864,0
0,0.5425386208107018,1
0,0.10108950221298915,0
0,0.0008567165270889245,0
0,0.5636147763223905,1
0,0.16223232774795251,0
0,0.14824481953986576,0
0,0.11316239355780015,0
0,0.139190367687272,0
0,0.15933107373879968,0
0,0.0016744274523923216,0
0,0.007803778381304192,0
0,0.1183974049038778,0
1,0.5298591583223575,1
0,0.024031495663678664,0
0,0.002544607839519646,0
1,0.4099085179964482,0
0,0.006230283284042237,0
0,0.015190321073218532,0
0,0.0029053031903087446,0
0,0.007937609352194622,0
1,0.7555546377623494,1
0,0.7401070869655371,1
0,0.19815531795899943,0
0,0.1394890215370391,0
0,0.3059010657974414,0
1,0.9382636784218981,1
0,0.01740710598688461,0
0,0.03751849719206978,0
0,0.00014680967418059522,0
1,0.9050238068586401,1
0,0.7321871477512678,1
0,0.11660389433761362,0
0,0.35056209774690505,0
0,0.22771996601458583,0
0,0.7996616681243601,1
1,0.8868746535001438,1
0,0.013086340676586814,0
0,0.0008017683716765735,0
0,0.05411899787161597,0
0,0.6557141430922707,1
1,0.8485340130289354,1
0,0.00579604089892408,0
0,0.0014510330862822754,0
1,0.8716890654555132,1
0,0.28503380045374055,0
0,0.03131177977331921,0
1,0.31214374998934435,0
0,0.03578932573526784,0
1,0.9925574081154726,1
0,0.5662209313081406,1
0,0.31615393437636613,0
0,0.04285884557361745,0
0,0.408763231599154,0
0,0.07872117404441802,0
0,0.7950173574104199,1
1,0.8885042697512247,1
0,0.5387484830113397,1
0,0.5898307990419772,1
0,0.004786740093534021,0
0,0.30200624504135665,0
0,0.7302561250851316,1
0,0.7246011209037492,1
0,0.029231788157406596,0
0,0.0038054012205984856,0
0,0.9213410098790367,1
0,0.007518866766596178,0
0,0.09874818905898956,0
0,0.10914177357511495,0
1,0.7037593232422569,1
0,0.8394338559972921,1
0,0.545499526468377,1
0,0.012247370435107858,0
1,0.9774948573342257,1
0,0.010909734284571291,0
0,0.3043924663489063,0
0,0.5455380248314025,1
0,0.0035641382141641032,0
1,0.35124055493907697,0
0,0.39375706024496304,0
0,0.2709334105973555,0
0,0.3194959692195446,0
0,0.03185763212689102,0
0,0.2831083276127667,0
0,0.46206730774473725,0
0,0.762535175314758,1
1,0.8907364153746351,1
0,0.4990218707019996,0
0,0.023302801266997224,0
0,0.12354426697859527,0
1,0.8363132113048629,1
0,0.03785916685305655,0
0,0.764696136557806,1
0,0.00044728556739854374,0
0,0.0008944579053203168,0
0,0.7228327761536926,1
0,0.013608211527808256,0
0,0.5305403566839386,1
1,0.27623745939983624,0
0,0.023483638842435293,0
0,0.008887836558846552,0
0,0.002501060076162041,0
0,0.015874352538092457,0
0,0.3852214755641655,0
0,0.38844225462232274,0
0,0.0043035282583551784,0
0,0.015227215823432404,0
0,0.00039657931139656406,0
0,0.29642195293732304,0
0,0.02962230614958033,0
0,0.4925382278958901,0
0,0.039359411137991324,0
0,0.4868290734039138,0
0,0.0420383396519825,0
0,0.29103092209397063,0
1,0.5440863513248111,1
0,0.2412901736101378,0
0,0.5531247991296754,1
0,0.10311833374698136,0
1,0.990908015725462,1
0,0.07762744327093461,0
0,0.5197923094236123,1
0,0.19939356670493766,0
1,0.8031441437608702,1
0,0.6807352595716134,1
0,0.3660940581941036,0
0,0.06691665095542638,0
0,0.21718979859803833,0
1,0.8061245023766276,1
0,0.0011206059121789138,0
0,0.008259983862603768,0
0,0.004233567863236728,0
0,0.24139022588088505,0
1,0.5887531815870042,1
1,0.7488012618323228,1
0,0.0322763802926644,0
0,0.40175452777004766,0
0,0.040590906161682226,0
0,0.003405393053130196,0
1,0.056414287289468276,0
0,0.5022103526028214,1
1,0.8603644788669856,1
0,0.4116153504988571,0
1,0.5969850400118591,1
0,0.5837909752886303,1
0,0.2522949639231464,0
0,0.34950180578888207,0
0,0.9099855592854866,1
0,0.009029321241033186,0
0,0.1276479152746315,0
0,0.09291146202984107,0
0,0.07392880178673156,0
0,0.013529718363881489,0
0,0.7489900258237722,1
1,0.792835016300002,1
0,0.8453719086403494,1
0,0.3842908325982485,0
1,0.8839419140953603,1
1,0.8830839162120677,1
0,0.10105141010558681,0
1,0.9275353818652744,1
0,0.05534584696786364,0
0,0.07832466644719244,0
0,0.014805429238655679,0
0,0.5210079686938275,1
0,0.21624743567741608,0
0,0.10176181578577581,0
1,0.9817394678368879,1
0,0.25703271927105303,0
0,8.986735054727035e-05,0
1,0.9736986622296837,1
0,0.12855120131993292,0
0,0.5366403080232929,1
0,0.08740519961757608,0
0,0.07642909978919649,0
1,0.719226430449464,1
0,0.6553732837984366,1
0,0.17907058620780753,0
0,0.2265576892176413,0
0,0.391704047079139,0
1,0.7608966804769708,1
0,0.3094474708477592,0
0,0.7592482329945153,1
0,0.5127344824704064,1
0,0.08687045617331922,0
0,0.0016871303207522381,0
1,0.45451059843273034,0
1,0.6525267785182759,1
0,0.9047791078574814,1
0,0.07956201325396467,0
0,0.005835346899593308,0
1,0.5650303930619084,1
0,0.12809918465730027,0
0,0.07334062241487087,0
0,0.5027779961247163,1
0,0.045813542834347735,0
0,0.028443198166413896,0
0,0.009814655547272833,0
0,0.0412990143418842,0
1,0.6366109608701311,1
0,0.42148574493690427,0
1,0.45118699132948137,0
0,0.04803516253120737,0
0,0.18494234401943804,0
0,0.7903329920240865,1
0,0.5730819871961789,1
0,0.4421336799326079,0
0,0.13221010384107826,0
0,0.004286090989958153,0
0,0.06653502721879083,0
1,0.7192697923972537,1
1,0.8404490864289419,1
0,0.5835823676896112,1
0,0.029411180510502604,0
1,0.771344168386158,1
0,0.7655284979547825,1
0,0.18277326439636754,0
0,0.6165314834031684,1
0,0.2768990789976601,0
0,0.6523473970578092,1
0,0.002938522171585174,0
0,0.41116745975378843,0
0,0.3458535574133142,0
0,0.07355905536541286,0
0,0.13796700252737906,0
0,0.6314891875136227,1
0,0.07999046263753797,0
0,0.40417591990578167,0
0,0.45523051038850515,0
0,0.02350264330684157,0
0,0.10555782565417947,0
0,0.054604220085667246,0
0,0.07446664769020597,0
0,0.17723631000054876,0
0,0.5526799358141785,1
0,0.0008984895024627988,0
0,0.0021342044060601475,0
0,0.159694024840634,0
1,0.806429000295025,1
1,0.6030631825320095,1
1,0.892548445137329,1
0,0.4258600330809636,0
1,0.6996769615556189,1
1,0.8118630779565169,1
0,0.010020000839533008,0
0,0.09346165147161507,0
1,0.9922542116873098,1
0,0.02961819063729468,0
1,0.9149819912337283,1
1,0.9884606153046808,1
0,0.5054916683474256,1
0,0.2828372233821384,0
1,0.4594793451426241,0
1,0.7797398555841023,1
0,0.49461871068752783,0
0,0.02143794420814155,0
1,0.9874354217487841,1
0,0.8046311537388012,1
1,0.5052146181522713,1
1,0.7526483826472037,1
0,0.021795044996682857,0
0,0.027541562309718,0
1,0.28947193542529703,0
0,0.021267302886699112,0
1,0.8640188471581047,1
0,0.01367974684972187,0
0,0.5264334820603824,1
0,0.01867593390034787,0
1,0.6507856065774352,1
0,0.0075373894363991,0
0,0.04558716818824427,0
0,0.000809618162877523,0
0,0.0022999729954368054,0
0,0.6886407593530092,1
1,0.8270210271655284,1
0,0.005261472372075068,0
1,0.8465167113159197,1
0,0.0237539583099703,0
0,0.13822726115954206,0
1,0.8732012924287631,1
0,0.09518092656377457,0
0,0.015235981283773011,0
0,0.674995793958034,1
0,0.8889981715736733,1
0,0.30387814846579564,0
0,0.3339632506286134,0
1,0.9520757726638926,1
1,0.14650654561694545,0
0,0.000546572641516017,0
1,0.8250453330050075,1
1,0.9302484387656621,1
0,0.0019002959450402708,0
0,0.07537998233958645,0
0,0.3629154527280718,0
1,0.6288916889930336,1
0,0.10291993774791967,0
0,0.5607091784969569,1
0,0.033447794151989146,0
0,0.009389294451772999,0
1,0.7197168583705493,1
0,0.0009963132739279556,0
0,0.09850907536224944,0
0,0.01599391391273304,0
0,0.1465067108486453,0
0,0.00895404538714388,0
0,0.010376430983965986,0
0,0.0006402488408512756,0
0,0.2500221681647021,0
0,0.11307766043313751,0
0,0.05919434324488638,0
1,0.5854405638733745,1
1,0.7929721624035743,1
1,0.7913438721467198,1
0,0.10587456111984002,0
0,0.0055607258024552905,0
1,0.9208552604724306,1
0,0.6418810725776701,1
0,0.24632575766664933,0
0,0.0751025599684497,0
0,0.14959005623267826,0
0,0.4862754635269971,0
0,0.7251887734274608,1
0,0.2388009878835966,0
0,0.058130154024197696,0
0,0.5958780909849072,1
0,0.005974065246773083,0
0,0.16139925512414627,0
1,0.9770579310559488,1
0,0.02221711979769818,0
0,0.005789441292909887,0
1,0.7169372537252157,1
1,0.452381735647641,0
0,0.005292396820274098,0
0,0.09134053773645923,0
0,0.0006730569017878306,0
0,0.21802344055188172,0
0,0.13773168777624592,0
1,0.8829425508831868,1
0,0.0003422506215914544,0
0,0.005611496860159161,0
0,0.5060484229889967,1
0,0.21635867994709437,0
1,0.2205043440612116,0
0,0.004247148206732505,0
0,0.33059797481634473,0
0,0.004916008295090183,0
1,0.12587045961579707,0
1,0.9092375610220504,1
0,0.5377760426498648,1
1,0.7885957938017941,1
0,0.14190161786215996,0
0,0.5010716800730122,1
0,0.4782069963161055,0
1,0.6652473351404423,1
0,0.006379033591743093,0
0,0.07608999362123618,0
0,0.1340815343453337,0
0,0.2006998728064062,0
1,0.944946199718559,1
0,0.0006182410617572402,0
0,0.02015369087303356,0
0,0.37506912493358013,0
0,0.1615471070688718,0
0,0.7788030112513608,1
0,0.10017654807608962,0
1,0.8924011156514077,1
0,0.7577813064267338,1
0,0.1653016513202379,0
0,0.2525036196510059,0
0,0.7664054552528032,1
0,0.4053379137073779,0
0,0.28984926984931275,0
0,0.4329817880671199,0
1,0.7483963819649271,1
0,0.8326004458568397,1
0,0.21246222615611524,0
0,0.3917709313843708,0
0,0.0047990362894450795,0
0,0.10409072466987383,0
0,0.0029371358691563224,0
0,0.5182495641477312,1
0,0.7981113708785804,1
0,0.0946449215227957,0
0,0.031014344671604105,0
1,0.6313889889100774,1
0,0.0646445985427911,0
0,0.25078181341333716,0
0,0.13701935154370268,0
1,0.8266874895175337,1
1,0.19414205559882267,0
0,0.46979374411165775,0
0,0.052685352192233,0
0,0.08869990131254085,0
1,0.5437714262088654,1
0,0.1324408856782072,0
1,0.17269479675585006,0
0,0.06055669845071875,0
0,0.2550603877921291,0
0,0.0071869630977118145,0
0,0.02062009591280443,0
0,0.11074026894937106,0
1,0.8911302214066362,1
0,0.10611594437349019,0
0,0.6841234784267064,1
0,0.005451563983024194,0
1,0.44962888178818494,0
1,0.8415164681371953,1
0,0.012064130942708905,0
0,0.347685539728051,0
0,0.6223832068736866,1
1,0.854606923944971,1
0,0.018634696804870985,0
1,0.8442357666337094,1
1,0.9665234142072705,1
0,0.43837504555073725,0
0,0.25668846403250245,0
0,0.6269457974650285,1
1,0.968098500304032,1
0,0.08616321199407471,0
0,0.30317817012528936,0
0,0.5376918169381019,1
1,0.5837130052302036,1
0,0.4699817746845585,0
0,0.204780073703243,0
0,0.47299449246809266,0
0,0.2518890407603812,0
0,0.29137652894722604,0
0,0.11183852943020951,0
0,0.13111290505802659,0
0,0.39247662213406187,0
0,0.021410557221043625,0
0,0.32542573247603507,0
1,0.9910101506429837,1
0,0.4451288103169323,0
0,0.00935787771406518,0
1,0.5351660186493371,1
0,0.6780024478299573,1
0,0.8077945493191465,1
0,0.5621853072396255,1
1,0.9282728133761805,1
0,0.0017668612567843104,0
0,0.16478479139787092,0
1,0.6532188684754635,1
0,0.07787916349229362,0
0,0.42428567091077884,0
0,0.009581852594938094,0
1,0.9931201379591452,1
0,0.007499578933961669,0
0,0.00446591134626616,0
0,0.013282119140497805,0
1,0.018174801722622307,0
1,0.3776227636570694,0
0,0.32115941720347224,0
0,0.5315097780074058,1
0,0.0034625678162204733,0
0,0.09900713292176518,0
1,0.6720611815887068,1
0,0.729601624351398,1
0,0.5260411301204647,1
1,0.8063844479491206,1
0,0.05994412309276838,0
0,0.3380235977809579,0
0,0.03140945084899822,0
0,0.7424048500672648,1
0,0.010993268879603136,0
0,0.05187061656350582,0
1,0.8177297748487974,1
1,0.5840681144175588,1
0,0.07094257947986785,0
0,0.03410879679813586,0
0,0.001957800099393212,0
0,0.3133055768688201,0
1,0.8123613990520837,1
0,0.04894257706817829,0
0,0.39027973019406204,0
0,0.0748191621133169,0
0,0.7657157345191773,1
0,0.4472608321192837,0
1,0.9706348904538301,1
0,0.13054003872200046,0
0,0.43237143410637713,0
1,0.9285146420609505,1
0,0.3667843515241071,0
0,0.20444039185442256,0
1,0.5258510962519328,1
0,0.4505974763124134,0
0,0.022646475787887258,0
0,0.009946543433963544,0
1,0.9253447231170702,1
1,0.4065757741160752,0
0,0.6714461237014585,1
0,0.5589338660869196,1
0,0.008021432463274438,0
0,0.08741831704959024,0
1,0.94622878710882,1
0,0.8080274478576844,1
1,0.9941143597954636,1
0,0.6191856365142789,1
1,0.4209511307226021,0
0,0.7312333483084442,1
1,0.6993309503060939,1
1,0.9327453687826215,1
0,0.2429758268874861,0
1,0.7091948696279615,1
0,0.4077294823797479,0
0,0.010119616153665686,0
0,0.043479660881291696,0
1,0.7106982501534039,1
0,0.33077943781859226,0
0,0.4242403859033755,0
0,0.05000319078672704,0
0,0.28340044753414245,0
0,0.2882212503047583,0
0,0.0027692354681364663,0
0,0.10926657884572043,0
0,0.16174125673875117,0
0,0.08321732263547595,0
0,0.17755950650608865,0
0,0.023150614661802623,0
0,0.029213750278930965,0
1,0.24916351259465358,0
1,0.9955550378322723,1
0,0.076013078239029,0
1,0.5811214571866471,1
0,0.0996993231846242,0
0,0.3666302514356221,0
0,0.7773869267241271,1
0,0.5020242124492819,1
0,0.18504751146792672,0
0,0.004034383795410888,0
0,0.07024346581326488,0
0,0.0006248977663974022,0
1,0.49225845145716507,0
0,0.011657160018993739,0
0,0.00017087124726903658,0
1,0.8586202819611137,1
0,0.18993227986277247,0
0,0.013573304663423642,0
0,0.1352142211938712,0
0,0.002519842688639405,0
0,0.3559594167457172,0
0,0.05315157913084574,0
0,0.06923456067126375,0
0,0.007007739383511031,0
0,0.04427301763616832,0
1,0.8711615496550127,1
0,0.5004036600378731,1
1,0.31120231469970766,0
1,0.9914461570384585,1
0,0.0021601873928745975,0
1,0.9234453166955884,1
0,0.009223035246287599,0
0,0.39038415571359686,0
1,0.8953213184621266,1
1,0.3987718656978122,0
0,0.06142480815658337,0
0,0.011731812726172464,0
1,0.7105299526954155,1
0,0.02476676325454954,0
0,0.3263316435200073,0
0,0.18917935944469427,0
1,0.7833325013703218,1
0,0.0042211396120747,0
1,0.994563131226126,1
0,0.023472861335020325,0
1,0.7785550912825865,1
0,0.5938353247030185,1
0,0.5653260758745469,1
0,0.18995975370995008,0
0,0.06576386748178455,0
0,0.11317259903447353,0
0,0.30224736570411664,0
0,0.007429879313000469,0
0,0.0016527420433631696,0
0,0.0008847676466838025,0
0,0.04004173870225715,0
1,0.7834929082604116,1
0,0.012248282776759595,0
0,0.3008401593278946,0
0,0.004207056592959103,0
0,0.07427509026798108,0
1,0.9762388159077358,1
0,0.05265668880102415,0
0,0.06088671919652841,0
0,0.00011355240411170126,0
0,0.06617917992650395,0
0,0.7160764130673883,1
0,0.37293359803714876,0
0,0.05628190966326598,0
0,0.7759214711016277,1
0,0.03837838203116318,0
0,0.16438932098671025,0
0,0.8196361656699938,1
0,0.005342886049967913,0
0,0.016344143945080956,0
0,0.06890563470007391,0
0,0.3001299366122757,0
0,0.34272338226722954,0
0,0.32862613913419314,0
1,0.9763907372492853,1
0,0.00177380059804853,0
0,0.043319354664393045,0
1,0.625867641230142,1
0,0.014328259972976607,0
0,0.10250936087619512,0
0,0.023985288750173268,0
0,0.0026851597895352717,0
0,0.0009256838373855047,0
1,0.5594269449671914,1
0,0.11804659758958615,0
0,0.0729717762233631,0
0,0.16046530535215606,0
0,0.0012279577099057997,0
1,0.7073237323443151,1
0,0.27984182230090476,0
0,0.0001493554568721994,0
0,0.6581705118005355,1
1,0.6507567983193234,1
0,0.08207878272228149,0
0,0.0026773594743820473,0
0,0.018819601759741775,0
0,0.01140026867326788,0
1,0.6085263444974257,1
0,0.5272729298864146,1
0,0.13382873533194092,0
0,0.23489897763499235,0
0,0.25341643543372155,0
1,0.9302789730410541,1
0,0.09869173787633066,0
0,0.7018925980987365,1
0,0.24519887979212862,0
0,0.014224966534735112,0
0,0.0038854325788560064,0
0,0.045895394234522775,0
1,0.5755434787437537,1
1,0.7888262394616288,1
0,0.6175637535098479,1
0,0.0017815790888969407,0
1,0.7772682085053724,1
0,0.500452081808704,1
0,0.009149825920966751,0
0,0.10720196367475097,0
0,0.048085959166427994,0
1,0.02510361135462925,0
0,0.8466283485598084,1
1,0.8219128742223053,1
0,0.008274985068207905,0
0,0.02471039315232938,0
0,0.1427230669685066,0
1,0.36657079271816556,0
0,0.025941390233144502,0
0,0.5829660154259386,1
0,0.8541960078616849,1
0,0.02704280479969698,0
0,0.6798117429004024,1
0,0.029237693434775263,0
0,0.23436181345487442,0
0,0.008191257872462896,0
1,0.9205557536734768,1
0,0.055360260687166055,0
1,0.4211503634167197,0
0,0.3028221686847256,0
0,0.3675759602386317,0
0,0.2524813979936675,0
0,0.03126055076458547,0
1,0.2890155811826759,0
0,0.06120703264002356,0
0,0.4011717237274412,0
0,0.005628400006981588,0
0,0.6902474903540313,1
0,0.018824314732222264,0
1,0.6131809520630436,1
0,0.0025577226819680217,0
0,0.004847722067547374,0
1,0.5511229875402273,1
1,0.7810769156848482,1
0,0.4567803318562196,0
1,0.7731509439384219,1
0,0.8396845782751026,1
0,0.003365629334029653,0
0,0.22790925943558918,0
0,0.04665853224114462,0
0,0.0985662596988724,0
1,0.667352480559001,1
0,0.0038792100602171487,0
1,0.5284296579988577,1
0,0.03805335847705847,0
1,0.46305755132576404,0
0,0.5673018335748944,1
0,0.4316957394099843,0
0,0.09236112791060509,0
0,0.5916156929909097,1
0,0.007368618098518815,0
0,0.438867463302637,0
0,0.0653736444310082,0
1,0.5399073776940191,1
0,0.050303886792267063,0
0,0.2783724306878143,0
0,0.7855414897835138,1
0,0.22101787660407804,0
0,0.029317416178294458,0
0,0.05719739180945098,0
0,0.03559369686978779,0
1,0.6169639308009464,1
0,0.5122733957352472,1
0,0.03929927165837733,0
0,0.03494395965045787,0
1,0.4211656162139654,0
0,0.007538072848714923,0
0,0.3597503415270314,0
0,0.06570186229357794,0
1,0.9935327464774072,1
0,0.5127078301044157,1
1,0.6223105343995241,1
1,0.5949992982457287,1
0,0.44141517719427364,0
0,0.7813432135253144,1
0,0.20112861657895814,0
1,0.5716060454085056,1
0,0.4842854777849954,0
0,0.021109769158234197,0
0,0.0006009694801869737,0
1,0.3997268778537653,0
1,0.6473265653654391,1
0,0.4410381438019004,0
0,0.035677593795288856,0
0,0.0008568280610750643,0
1,0.4763865544053666,0
0,0.011946865814856324,0
1,0.8487267808485184,1
1,0.7729568763755813,1
0,0.1228742295053717,0
0,0.7632246691383106,1
1,0.8019661152769773,1
0,0.05037068207036314,0
0,0.0035495762394359386,0
1,0.9772037978519936,1
0,0.0010054783635323867,0
0,0.8972144958835677,1
0,0.42146468964619765,0
0,0.05082870022192508,0
0,0.07809047404682284,0
0,0.17632637986943137,0
1,0.16112233279623495,0
0,0.14866694071169761,0
0,0.053535963184498075,0
0,0.4932184890100104,0
0,0.0018271287579934596,0
0,0.03338474205908517,0
1,0.4934927352799438,0
1,0.7877665165957689,1
0,0.01183967902754105,0
1,0.9094501699576173,1
0,0.49513335231144223,0
0,0.02906733152148647,0
0,0.11047714706547174,0
0,0.026461114928426045,0
0,0.011871651451870125,0
1,0.7511972634272428,1
0,0.3572272713595885,0
0,0.37112180550845364,0
1,0.99023602624798,1
0,0.3332637233982776,0
0,0.5089557908237723,1
0,0.011184878200675727,0
1,0.7534776443853642,1
0,0.1372751943422399,0
1,0.32226795084473514,0
0,0.03125869302815312,0
0,0.03711242525224864,0
0,0.0014555452008656446,0
0,0.004424315090248777,0
0,0.23812734153186188,0
0,0.2992694755462742,0
1,0.9734208234890724,1
1,0.983029993347176,1
1,0.5805399797060722,1
0,0.10094505547636791,0
0,0.42908941889109947,0
0,0.10284257176355384,0
0,0.004133437925318996,0
0,0.09337284131317673,0
0,0.20418533708430964,0
0,0.35213571984876907,0
0,0.06059063704941739,0
1,0.9224109797182592,1
1,0.5782831127427989,1
1,0.7470621876743595,1
0,0.007912854330950932,0
1,0.6971907880359234,1
0,0.43027886135562793,0
0,0.9149219148692742,1
0,0.050474347355817434,0
0,0.16426115615444029,0
0,0.5635410491125855,1
1,0.6098492122549221,1
0,0.3457278613003853,0
0,0.09219876490420771,0
0,0.8031239315834178,1
0,0.4204890598108204,0
0,0.3075300538181218,0
1,0.7612353045372432,1
0,0.3813044011381139,0
1,0.8731893027880695,1
0,0.09270328555131349,0
0,0.5213833159735352,1
0,0.1605336426363669,0
0,0.001005352114525075,0
0,0.29517194745350617,0
1,0.6527977090839807,1
1,0.38740808659235887,0
0,0.09246987512287326,0
0,0.11027601075507124,0
0,0.37132988604887723,0
0,0.4071154652936759,0
1,0.726852819998697,1
0,0.03711367074798248,0
1,0.27233201422223413,0
0,0.18991631481253224,0
0,0.0016470854779937008,0
0,0.010227620870168016,0
0,0.004034250013621483,0
1,0.9376430779145163,1
1,0.696328757427722,1
0,0.6554786286144939,1
0,0.07898880127287118,0
0,0.07854240261708441,0
0,0.16383156862766227,0
0,0.0016129414573981607,0
0,0.527541758084536,1
0,0.1290918049701773,0
1,0.883320656964289,1
0,0.022362047573683774,0
0,0.00011693566284623591,0
0,0.3635678770770114,0
0,0.03567324585274999,0
0,0.0005279992354887808,0
0,0.02822926338815087,0
0,0.6453970177071044,1
1,0.9897447734547485,1
1,0.9115128947067541,1
0,0.037829913612277104,0
1,0.8975149395735869,1
0,0.12956386272469825,0
0,0.12615044292563943,0
0,0.015908563051766376,0
0,0.07189968035465572,0
0,0.7456909056406493,1
0,0.00022192226023409571,0
0,0.24348630602684337,0
0,0.2351103508830939,0
0,0.16959945031063045,0
0,0.021813104277424365,0
0,0.06332549435558435,0
0,0.0677042252467395,0
1,0.4672675643010511,0
0,0.8392472089670635,1
1,0.989914685402732,1
0,0.04642072027898148,0
0,0.15172056777551557,0
1,0.18791293206067314,0
1,0.8071549832473516,1
0,0.05841850126714012,0
1,0.5414050040687208,1
0,0.3767635323593613,0
0,0.41952682699074106,0
1,0.7828274172664442,1
0,0.1757393601521441,0
1,0.8759692928986224,1
1,0.21340691605536766,0
1,0.9718544080788691,1
0,0.0699373803614422,0
1,0.870445766832202,1
1,0.7248515937881368,1
1,0.47900601058004233,0
0,0.06790974844279907,0
0,0.38369668254829714,0
0,0.2744493173586812,0
1,0.47391652342223645,0
0,0.5500375463278391,1
0,0.0004014958024326419,0
0,0.0033693525663272875,0
0,0.04071935222067246,0
0,0.043267244376588826,0
0,0.4127003935340475,0
0,0.7693821381747178,1
1,0.4174230024616536,0
0,0.04046212116099215,0
1,0.8707485515767263,1
0,0.8408572633532738,1
0,0.3771777269383232,0
0,0.020919889483566257,0
0,0.24831973365770058,0
0,0.008378231012405347,0
0,0.3514223810571505,0
0,0.0009934123655523641,0
0,0.004115684126826585,0
0,0.10848701772195864,0
0,0.04039851756429513,0
0,0.5269023418787666,1
0,0.6408722428641002,1
0,0.2766875414769997,0
0,0.16515491377969946,0
0,0.009063183117231904,0
0,0.07710951875363632,0
0,0.0015546152060808894,0
1,0.2401067517158389,0
1,0.656571099608009,1
0,0.32003936255162313,0
0,0.07257355156684778,0
1,0.864948537223637,1
0,0.0004954677387586973,0
0,0.02862002864746555,0
0,0.130881102353388,0
0,0.40816497410733354,0
0,0.72815363039666,1
0,0.011812238893543563,0
0,0.8531758324656461,1
0,0.01948925264296708,0
0,0.05432669884587785,0
0,0.5211552973819463,1
1,0.7931003248071344,1
0,0.057248753122438635,0
1,0.6894787959252888,1
1,0.9151913087685294,1
0,0.15239069470298752,0
0,0.6150586335563178,1
1,0.918548237154491,1
0,0.2206247230587799,0
0,0.8901032074724238,1
0,0.3671387412016009,0
0,0.031143348329174092,0
0,0.2544752692959835,0
0,0.4855262700900829,0
0,0.22163452597891325,0
0,0.4218473330858738,0
0,0.5448710031023527,1
0,0.41084894528589205,0
1,0.9771220469788698,1
0,0.3662242617523448,0
0,0.3981862543630351,0
1,0.7246198560411035,1
0,0.18566604712045726,0
0,0.007472767245474602,0
1,0.5968843108886429,1
0,0.46327384419390966,0
0,0.08485812359634691,0
1,0.6927636371676016,1
0,0.3585993621980772,0
1,0.9229599872562019,1
0,0.08380531597724952,0
1,0.6325921653567008,1
1,0.3331393501415072,0
1,0.8454254739066233,1
0,0.18038861997916886,0
0,0.10159150524401087,0
0,0.2346079575077323,0
1,0.8570337615599241,1
0,0.010371080531220432,0
0,0.0033903187133021554,0
1,0.6797116548788512,1
0,0.00793876220987212,0
0,0.46021962582144754,0
0,0.005564908959629697,0
0,0.5475325718244441,1
0,0.6132338219186451,1
0,0.7048324260730795,1
0,0.01500358679513806,0
0,0.594325730440665,1
1,0.8890406926471546,1
0,0.0381028807535832,0
0,0.09778871326353328,0
0,0.00040871653950377065,0
0,0.3339839750616349,0
0,0.0017846512359577156,0
0,0.05803588353899895,0
0,0.10206954352966251,0
0,0.15792060537017952,0
0,0.00989351144935294,0
0,0.3662868144768541,0
0,0.01768452349170445,0
0,0.006171209439322398,0
1,0.6841663502217712,1
0,0.42638343821812025,0
0,0.6598540059275712,1
1,0.75970243348491,1
0,0.5313475195883637,1
0,0.1866697041782792,0
0,0.06908819849522509,0
1,0.987234825832957,1
0,0.32743277984130936,0
0,0.04830711491489016,0
0,0.03817768144464044,0
0,0.13326959557483686,0
0,0.39356522202627997,0
0,0.0005167196591904268,0
1,0.6343655774190091,1
0,0.4436994172011176,0
0,0.02834304964535237,0
0,8.639134494938235e-05,0
0,0.24940757507215938,0
0,0.017268614973222116,0
0,0.22523474066593116,0
0,0.00012206993693301601,0
0,0.4112577109475901,0
0,0.6451258719236054,1
1,0.6855353861175641,1
0,0.12203928865467771,0
0,0.340798663186186,0
0,0.17542473716176227,0
0,0.6331842143001464,1
1,0.7396082605650499,1
0,0.4505236568948528,0
1,0.708218997353499,1
0,0.02307273317028013,0
0,0.0063561253154292355,0
0,0.10713449243048467,0
0,0.0877288576048406,0
1,0.8056484541058532,1
0,0.8629245414267458,1
0,0.002753691746932882,0
0,0.5020200418576293,1
0,0.05034552438312318,0
1,0.7303900508433365,1
1,0.6435027162491177,1
0,0.4994734792920206,0
0,0.2362499136172934,0
1,0.9769870642173804,1
0,0.04136428978263376,0
1,0.34021398639569894,0
0,0.014566259366167247,0
1,0.7999873832133847,1
1,0.342216731783005,0
1,0.8097413622850591,1
1,0.7406034259756198,1
0,0.14987149868305782,0
1,0.7036213709404423,1
1,0.874250020691231,1
0,0.36996866836812614,0
0,0.1663900477533706,0
0,0.010728306377101586,0
1,0.34736267580570607,0
0,0.0006097311928519922,0
0,0.8161277221797958,1
0,0.759665721087204,1
1,0.11417933855041758,0
0,0.02439187804046253,0
0,0.03940083021562635,0
0,0.6278483876597808,1
0,0.4083097912018009,0
0,0.18855370250578818,0
0,0.4874727402281873,0
0,0.007999283489579324,0
0,0.05864384321547128,0
1,0.2711980614902899,0
0,0.1006538083402368,0
1,0.5524335394075369,1
0,0.300742828320831,0
0,0.5469269295671126,1
1,0.9100225778031658,1
0,0.8265163933803072,1
0,0.3809335431855874,0
1,0.9869282637019995,1
0,0.015438262158848269,0
0,0.0438504981659833,0
1,0.5033327262540009,1
1,0.9920976282146426,1
0,0.1110935843833941,0
0,0.13277541388168912,0
1,0.008947115802175378,0
1,0.881621278162973,1
0,0.11795336016100653,0
1,0.6110893414029334,1
0,0.18134729514737344,0
0,0.05544480787326484,0
0,0.29654664676661174,0
0,0.013781146293964567,0
1,0.8999392847387058,1
0,0.016732211033515607,0
0,0.4590147713538775,0
1,0.7377773812268985,1
0,0.020492869758757703,0
0,0.03636672467071432,0
0,0.0017447776069234807,0
1,0.9199942739239344,1
0,0.41869890946776084,0
0,0.02625449226320635,0
1,0.7658956249714718,1
0,0.11194115669758942,0
0,0.3597140126662903,0
1,0.9531350813618106,1
1,0.4032630200522139,0
0,0.07596325578686183,0
1,0.6672240071241111,1
1,0.8068543003618515,1
1,0.55167325808276,1
0,0.48723548791636595,0
0,0.004950278409220977,0
0,0.012097359993033307,0
1,0.8844935815050473,1
0,0.1319531191830139,0
0,0.37384459723272967,0
1,0.8429745286168242,1
1,0.8324883588742897,1
0,0.7231744115220137,1
0,0.02382414200853626,0
1,0.8380419665809026,1
1,0.8748360849261847,1
0,0.4614551250302867,0
0,0.1896725117705887,0
0,0.43488373422151777,0
1,0.8852491719065197,1
1,0.8892142263328073,1
0,0.02849418533665156,0
0,0.00907351839060056,0
0,0.0033643172396719302,0
0,0.11497417168569178,0
0,0.13052776429386925,0
0,0.5503972203296851,1
0,0.027283612457715913,0
1,0.6611064830441172,1
1,0.7728790098504272,1
0,0.006119725778661226,0
0,0.6895014512405966,1
0,0.04176297006883912,0
0,0.3195724040635015,0
1,0.9220196136289182,1
0,0.030475813432375758,0
0,0.07360397119566439,0
1,0.7481724378620127,1
1,0.8881879225711538,1
1,0.9380944606798134,1
0,0.5724884050025135,1
1,0.4667049078803928,0
1,0.5619884851899828,1
0,0.0013657943370768018,0
0,0.24209054897081936,0
0,0.16585859494912866,0
0,0.33600617431755514,0
1,0.9855867873768767,1
0,0.4434977174493895,0
0,0.7092474131695791,1
1,0.8158502159474428,1
0,0.28528486981594975,0
0,0.003066807642980673,0
1,0.34159431203801155,0
0,0.014918046365258847,0
1,0.7634161599479885,1
0,0.029505322913598336,0
1,0.8728971059313045,1
0,0.11881256357761819,0
0,0.08558273579630128,0
1,0.8585309697281454,1
1,0.8023232471733212,1
0,0.41949835117686624,0
1,0.9879519714621158,1
0,0.005287688828151523,0
0,0.020902948624215885,0
0,0.2730349825084209,0
0,0.1698651528156095,0
1,0.9923802017403235,1
0,0.08539022727096238,0
0,0.006844953826507866,0
0,0.6294953323347379,1
0,0.002067936484835423,0
0,0.01533983691084293,0
0,0.02468069495349792,0
0,0.04164771044967002,0
0,0.3839986185911884,0
1,0.8823981425723345,1
0,0.12384431221485134,0
0,0.00397375589643471,0
1,0.5704952776260277,1
0,0.7768191612117931,1
1,0.8849139453734104,1
1,0.35494504630526774,0
0,0.0013223981040418834,0
0,0.671063085867687,1
0,0.005466566951636443,0
0,0.008749062894062994,0
1,0.6022668362986473,1
1,0.9704601776875834,1
0,0.18550277677078308,0
1,0.9615815223056141,1
0,0.14503073736741123,0
0,0.741301985015222,1
0,0.21987064491423974,0
0,0.4447538195938496,0
1,0.7264627419707725,1
0,0.001985109277728491,0
0,0.02619560406992443,0
0,0.41570522634409995,0
1,0.19605616366763573,0
1,0.8084576345177995,1
0,0.3490562982493034,0
1,0.9114324751279584,1
1,0.5348110249215714,1
0,0.23664359464852044,0
0,0.009740774707622397,0
0,0.12355040857440291,0
0,0.005765766639810804,0
1,0.9953852352270045,1
0,0.20895064883833675,0
0,0.4116754078773084,0
0,0.26098489133785785,0
0,0.15757429296334374,0
0,0.6071887461257914,1
0,0.0879692312231893,0
0,0.28637648665275095,0
0,0.0005220824570364451,0
1,0.9720966582124152,1
0,0.018426327265290535,0
1,0.7636924592866694,1
0,0.12078590671512683,0
0,0.0005167196591904268,0
1,0.8294953776872531,1
0,0.6057426468006032,1
0,0.47784908597395354,0
0,0.18644284960513807,0
0,0.19397083344515967,0
0,0.05679091513868587,0
0,0.024516416016146028,0
1,0.6877658030741717,1
1,0.5895712575187654,1
0,0.22770551117564472,0
0,0.013394227610398863,0
1,0.9797126816671058,1
0,0.14199140444084507,0
0,0.07410767892501145,0
1,0.6447902867099216,1
0,0.03174595116422635,0
1,0.45703937559284363,0
0,0.2777842489123741,0
0,0.009329416765527983,0
0,0.07681937437817514,0
0,0.08347659575751788,0
0,0.4442948951419774,0
0,0.29329375630313037,0
0,0.44823935941437004,0
0,0.8777286034326373,1
0,0.011788113382380018,0
0,0.0004830094136770519,0
0,0.6988626748129648,1
0,0.6997356494028073,1
0,0.0489071979083829,0
0,0.021472179191416595,0
0,0.836469552820079,1
0,0.16443940637380441,0
0,0.02795349046619022,0
0,0.0405715516429672,0
0,0.1397402182546779,0
0,0.634620563560853,1
0,0.4824998065512325,0
1,0.6899599242794202,1
1,0.8226247820345317,1
1,0.7074917545718957,1
0,0.8131899809761894,1
0,0.024956046694339453,0
0,0.03152690342699974,0
0,0.061353098714572014,0
1,0.7440217204450122,1
0,0.8016575601741477,1
1,0.8800700582957309,1
0,0.48143660127708066,0
0,2.1609911021391907e-05,0
0,0.27051029993048026,0
0,0.023978056715095224,0
0,0.6588998119771201,1
0,0.14140415426322359,0
0,0.012966701374411908,0
0,0.000556007613378916,0
1,0.7698158269856825,1
1,0.8267625430712717,1
1,0.6939248998658042,1
0,0.011907924722616613,0
0,0.02798492496957937,0
0,0.34698368701128324,0
1,0.9623066713221273,1
0,0.006303097260286053,0
0,0.014025614226525469,0
0,0.01949315496546123,0
0,0.6665161709970029,1
1,0.7245476904066298,1
0,0.015088838400333898,0
0,0.46103324051584865,0
0,0.2940756751565558,0
1,0.39564326053036963,0
0,0.12276349948125682,0
1,0.6201031435968261,1
1,0.8863564669650695,1
0,0.5596129625363385,1
0,0.07465956202032493,0
0,0.03218190911974689,0
0,0.12203937062473301,0
0,0.03930994984365867,0
0,0.3316934349629188,0
1,0.9637198861141463,1
0,0.19213127689938672,0
0,0.6628120091681162,1
0,0.10945008810974019,0
0,0.0034200240618635943,0
1,0.5847126805990008,1
1,0.6723519462818796,1
0,0.8412250111169816,1
1,0.9105320109869685,1
0,0.11415778936868967,0
0,0.3419710648323081,0
0,0.048208583249283926,0
0,0.07104543090612775,0
1,0.576065134689284,1
0,0.06378388368004102,0
0,0.4651255864118152,0
0,0.15243517683438257,0
1,0.875505092537003,1
0,0.6383500446773649,1
0,0.053425339200476346,0
0,0.4995993944704958,0
0,0.14131477295979247,0
1,0.9415923029521341,1
0,0.4865174454735986,0
1,0.8297941878832235,1
1,0.8995293133655563,1
0,0.21550604001100676,0
0,0.015490415589801352,0
0,0.10280653908474162,0
0,0.2728287431907582,0
0,0.00035573229213917905,0
0,0.5246152925386823,1
0,0.10463684230437881,0
1,0.07662052922108835,0
0,0.1666719040392547,0
0,0.043253993776535264,0
0,0.259992205792112,0
0,0.2597260037166429,0
1,0.7715871800164935,1
1,0.7961199583417125,1
0,0.12190292488474479,0
0,0.0006272050169321305,0
0,0.7650047897100778,1
0,0.08330730495103267,0
1,0.40676216261780235,0
1,0.06949379270871336,0
0,0.06788403201484024,0
0,0.2613358080160593,0
0,0.39055695650345296,0
1,0.6826188556661311,1
0,0.18634544803930475,0
1,0.8518618009403556,1
0,0.5127588675862372,1
0,0.08741172697330178,0
1,0.853562280482109,1
0,0.5477422465818326,1
0,0.0005675915243337382,0
0,0.7566753624410956,1
1,0.8955744864594393,1
0,0.5644256100544849,1
0,0.12029071068452574,0
0,0.17944457818521561,0
1,0.7768035974580817,1
0,0.22950400506934931,0
1,0.07881237801892604,0
0,0.07013521487099646,0
0,0.17791950210676677,0
0,0.002424343871878505,0
0,0.3014628416645747,0
0,0.5960724007018803,1
0,0.0035755925732379765,0
0,0.033236153208654355,0
0,0.025523985125016163,0
1,0.7932199534073967,1
1,0.9329875524651662,1
1,0.9948609806794353,1
0,0.0038134525736138528,0
1,0.749907364713393,1
1,0.7752150120275949,1
1,0.4068656235080929,0
0,0.012912394556069564,0
0,0.11082000990352302,0
0,0.3533715077759164,0
1,0.508506274394388,1
0,0.004845546201771564,0
0,0.15817104041381777,0
0,0.02165960298721589,0
0,0.06136631778291271,0
0,0.08273729193290563,0
0,0.01429907797740341,0
0,0.1300109634407024,0
0,0.09126708287826168,0
0,0.7026054495476862,1
0,0.40391723765611187,0
1,0.9765376397406127,1
0,0.38182901333254016,0
0,0.24428111388158077,0
0,0.18240778700523508,0
0,0.41160066003792245,0
0,0.004351093136282006,0
0,0.17843620529605603,0
0,0.12201849563782625,0
0,0.4597628915140117,0
0,0.0077235487737018806,0
0,0.815330671224595,1
0,0.06707748867306712,0
0,0.2129496976988145,0
0,0.06253128917313466,0
0,0.5457155942290886,1
1,0.6867677423401913,1
0,0.5585477755342692,1
0,0.011807366941828393,0
0,0.7003610749954804,1
1,0.7185469143478336,1
0,0.44855924379881895,0
0,0.6245716236724876,1
0,0.008391318703093105,0
0,0.31491881910493186,0
0,0.38861077621049467,0
0,0.002395737548550109,0
0,0.6341318602892788,1
0,0.24319707388411482,0
1,0.8544256353231302,1
0,0.1738726380259741,0
0,0.13260756100883087,0
1,0.6335338018979799,1
0,0.23096054180837722,0
1,0.5628963491371579,1
0,0.41324966475860175,0
0,0.30005501146587293,0
0,0.010613062612881306,0
1,0.888728954724506,1
0,0.7756321775637998,1
0,0.00029212624346203095,0
0,0.28112338808367643,0
0,0.28605356612924576,0
1,0.6609430886230081,1
0,0.6483071430335708,1
0,0.2773353981003595,0
0,0.006540590782662722,0
0,0.49744699409011467,0
0,0.03987811824629312,0
0,0.5221504721607014,1
0,0.8200718572384537,1
0,0.45865685574044485,0
0,0.2517868503303391,0
0,0.26148695745775136,0
0,0.6791180172144341,1
0,0.23601855648621703,0
0,0.7858739438901552,1
0,0.0005248309775793223,0
1,0.21112373485887465,0
1,0.802699746700557,1
1,0.880630605208357,1
1,0.8051839225719196,1
0,0.007527012900994971,0
0,0.47684044940449977,0
1,0.45386796831776155,0
0,0.20768944084885263,0
1,0.9088771053494145,1
0,0.5462319984937829,1
0,0.04660925331244153,0
0,0.5011182887458934,1
0,0.6219553546594758,1
1,0.9100159787986091,1
0,0.6999358052701067,1
0,0.0025252217651597257,0
1,0.898037837542594,1
0,0.0012555478695706614,0
0,0.1715927125958142,0
0,0.014813025545437442,0
0,0.031885549236196666,0
0,0.015222256409311902,0
0,0.14212051902107783,0
0,0.09563309263408108,0
1,0.7998555609353947,1
0,0.0203982578934175,0
1,0.9586791251230334,1
0,0.25097828569244535,0
0,0.4901756881649231,0
0,0.3100344479769109,0
0,0.2934197412921488,0
0,0.8633544359668669,1
0,0.31127814089416916,0
0,0.415518949225554,0
0,0.5937752315971574,1
0,0.0006499583615196284,0
0,0.1282554926994062,0
0,0.25779665825251347,0
1,0.8368010885158389,1
1,0.24524388954522738,0
0,0.026201867591167827,0
0,0.031164315794627015,0
0,0.0977731646442715,0
0,0.2982467111754681,0
0,0.011523493380015773,0
1,0.8479693959107312,1
0,0.20922380612676433,0
0,0.028280382528537526,0
0,0.5072320971990648,1
0,0.08678873973098583,0
0,0.8819101107033991,1
0,0.01767225239954817,0
0,0.41491012908119507,0
0,0.015217426638709354,0
0,0.8808016909434587,1
1,0.8582768469683053,1
0,0.459813180112228,0
0,0.03966301593642066,0
1,0.5245862418199029,1
0,0.7402245384306513,1
0,0.007811948051099168,0
0,0.19420085896382114,0
1,0.9288076481752386,1
1,0.8954612183477688,1
0,7.841953529352844e-05,0
0,0.49835774243804576,0
0,0.01489914160977368,0
1,0.8810694592410635,1
1,0.6184430529518685,1
0,0.24628565490744564,0
0,0.48363728473810386,0
0,0.5153553841209004,1
0,0.0016444857703881227,0
0,0.47216775741731226,0
1,0.8942801008877368,1
0,0.5139823506262969,1
0,0.20053308797221708,0
0,0.36508848003377137,0
0,0.8032766051959199,1
0,0.0025573170290692547,0
0,0.0031039666185297917,0
1,0.6537154921054373,1
1,0.9150716020004451,1
0,0.16244468863409803,0
0,0.258294619239856,0
0,0.24916714385815902,0
0,0.0015183470689036785,0
1,0.9830608319961258,1
0,0.4303942776506011,0
0,0.09559903679799296,0
0,0.3214045458840843,0
0,0.009340263702797153,0
0,0.06795480875906014,0
0,0.026286536288315274,0
0,0.0683863977085103,0
0,0.3331096942393193,0
0,0.13351433447468053,0
0,0.0322050719308633,0
0,0.008509554817127356,0
0,0.48202101202906267,0
0,0.4980729319181797,0
0,0.6066909838365186,1
0,0.133765796162621,0
0,0.09868513734051101,0
1,0.46232791871862966,0
0,0.0639876734573017,0
0,0.15118669194914153,0
1,0.99168097150448,1
0,0.4141856524219058,0
0,0.10487754819386176,0
0,0.02507230875890743,0
0,0.020741330947615225,0
0,0.0289346615133411,0
0,0.4186695103678554,0
0,0.0015849823776237129,0
0,0.7598610250869429,1
0,0.002133366844887487,0
1,0.9861368536993769,1
0,0.8292921233526517,1
0,0.2314554247515947,0
0,0.0013375906252807775,0
0,0.5801162738668648,1
0,0.09849921382136283,0
0,0.15744842632847664,0
0,0.8067536457619638,1
0,0.10093884999687847,0
0,0.07120301679815147,0
1,0.4034575871787177,0
0,0.0032825409345511227,0
1,0.883208807279435,1
1,0.7799871906023725,1
0,0.15282443890570385,0
0,0.07890660367408883,0
0,0.3575744906547394,0
0,0.1783699787743786,0
0,0.4489077936023202,0
0,0.053237530399617795,0
0,0.11398131679075,0
0,0.35421260651781394,0
1,0.6506847041120949,1
0,0.022083500564586012,0
0,0.08592577171384477,0
0,0.4921647699909809,0
1,0.9768896525836805,1
0,0.014960984209292287,0
0,0.7509534514788073,1
0,0.0033112900747432365,0
0,0.018372967674054316,0
1,0.7726452845999077,1
0,0.5697841873420241,1
0,0.03421612098622134,0
0,0.02108784757738608,0
0,0.17773175378074393,0
0,0.007758055618983731,0
0,0.026577148823201183,0
0,0.6309037416884439,1
0,0.08403836240076018,0
0,0.0044285198274534344,0
1,0.6053839486417655,1
0,0.5617415975280253,1
0,0.19244026367827405,0
0,0.4840341209707967,0
1,0.7908918991138012,1
1,0.7501223328228106,1
0,0.12143555527111877,0
0,0.00647755558941856,0
0,0.542963174010728,1
0,0.0013695353826872437,0
0,0.08491554886382648,0
0,0.6594522623305248,1
0,0.012702402084027757,0
0,0.1104836690402705,0
0,0.27649883280216264,0
0,0.4942478617057866,0
0,0.5021317691252359,1
1,0.8122436546661523,1
1,0.8057474693212799,1
0,0.025967704693060492,0
1,0.45497615057457097,0
0,0.14883520199650035,0
0,0.0017031577922077502,0
0,0.06781900933955487,0
0,0.7016051063789753,1
1,0.9334305003571429,1
0,0.025838805524114786,0
0,0.1461695266376059,0
0,0.008354588882212572,0
0,0.49818651489911997,0
0,0.18925556931566367,0
0,0.8165046006632004,1
1,0.9839903797946706,1
0,0.026433580252560124,0
0,0.10688362531782256,0
1,0.8862251514043242,1
1,0.9865841733390986,1
0,0.023341326456511748,0
0,0.21375945396240306,0
0,0.06722502700571924,0
0,0.46795029892529005,0
0,0.13006575111627594,0
0,0.19767657148690476,0
0,0.0014791160749501391,0
0,0.030706104456955277,0
0,0.004329851533743528,0
0,0.4163703401456725,0
0,0.03967818402917136,0
0,0.6685539880044168,1
0,0.03816279868828124,0
0,0.06013526355799775,0
0,0.019965786219822236,0
0,0.0892654025527401,0
0,9.267420907120254e-05,0
0,0.8921360781528859,1
0,0.11318529292563859,0
0,0.1861726805398421,0
0,0.04062465093625927,0
0,0.35446062851836396,0
1,0.7137346573669177,1
1,0.6682133164403035,1
0,0.11919174825999707,0
0,0.01495747829884616,0
1,0.4902076278659611,0
0,0.7521306508625117,1
1,0.6090937209560593,1
0,0.0877372660374853,0
1,0.9307078801564073,1
1,0.9895204848204299,1
0,0.7119513303098947,1
0,0.25824930475803226,0
1,0.8117586430420154,1
0,0.14857927382468972,0
1,0.8603406610876259,1
1,0.677997060902113,1
0,0.519324468780311,1
0,0.09702773704562054,0
0,0.05140638075136361,0
0,0.20391492390014215,0
1,0.9871245734974508,1
0,0.19007791971194007,0
0,0.05097381691064623,0
0,0.004563746763081578,0
0,0.0198830477611112,0
0,0.2851227341217004,0
0,0.15472398052917966,0
0,0.04882179372621942,0
0,0.46236343554010584,0
1,0.5905786285155408,1
1,0.9834512152716862,1
0,0.023822118115199357,0
0,0.46916000371801525,0
0,0.006306113934509298,0
0,0.0022306468120367375,0
0,0.02013594481020097,0
0,0.4555520515613711,0
0,0.0004860417739657536,0
0,0.004933105370747686,0
0,0.06793355220892665,0
0,0.04584619361991724,0
1,0.6413779257659923,1
0,0.14301783380369645,0
1,0.5012184559068893,1
0,0.004314611845759401,0
0,0.007836675419083117,0
1,0.8984814811120859,1
1,0.811475459536809,1
1,0.24555235158185354,0
0,0.019901304658114058,0
0,0.4474804209549296,0
1,0.7955090117921425,1
0,0.7171054633544425,1
0,0.49704745825372515,0
0,0.0037354529671987336,0
0,0.20355152531207593,0
0,0.030393923798368895,0
1,0.27037582965339474,0
0,0.11078939807992427,0
1,0.6517535957918711,1
1,0.8498551721503607,1
0,0.5500891060033957,1
1,0.8594251406892566,1
0,0.4166109818367792,0
0,0.12441457641825479,0
0,0.2533314122196439,0
0,0.7947418774003819,1
0,0.017892045226215337,0
1,0.09503515420891778,0
0,0.03070586877986598,0
0,0.4955882276536387,0
0,0.11485453995612414,0
0,0.07127641485408927,0
0,0.07748134364642724,0
0,0.013095385050891587,0
0,0.34974248296386845,0
1,0.9816783632940663,1
0,0.17223789554369318,0
0,0.004306010896969422,0
0,0.04768551739613113,0
0,0.1415926447516348,0
0,0.05398674447935245,0
0,0.42177263369086904,0
1,0.3659451699783011,0
0,0.11335776316400437,0
0,0.09167222595719643,0
1,0.9019559971115035,1
1,0.8524637544130755,1
0,0.04267580895989486,0
1,0.7702659187192061,1
0,0.6029466476194953,1
0,0.046369662424215786,0
0,0.47348320074245304,0
0,0.34058733301995847,0
0,0.010877192344899237,0
0,0.2505672168946537,0
0,0.7984648051391406,1
0,0.42089978903532976,0
0,0.00033653484424191774,0
0,0.09386404792161201,0
0,0.3979126492747038,0
0,0.33623683899572965,0
0,0.009678038821803146,0
0,0.4446048633543683,0
0,0.2536763246017739,0
0,0.5624487468745679,1
0,0.052851308632292586,0
0,0.491717101655575,0
1,0.9953189689964971,1
0,0.010651792380136667,0
0,0.16578208648524767,0
0,0.5710236585523273,1
1,0.8430349790401311,1
0,0.6369709866046116,1
0,0.00037031830140321794,0
0,0.008779304424004679,0
0,0.04673699262324515,0
0,0.2008330752519398,0
0,0.4140317295801481,0
0,0.006060795854181899,0
0,0.5103506797076327,1
1,0.6437601850409433,1
0,0.46124184215309033,0
0,0.5613181962681686,1
1,0.43297126442274164,0
0,0.07488456898677269,0
0,0.14155230330754334,0
0,0.47839965986420396,0
0,0.3096658963589286,0
0,0.21078479834011943,0
0,0.4466249349336137,0
0,0.1192938749910246,0
1,0.5683580156369493,1
0,0.3361977937781022,0
1,0.8808793524657382,1
1,0.8629354292350548,1
0,0.0911771696460426,0
1,0.5477650488836661,1
1,0.9927137696718508,1
0,0.2859864953644198,0
0,0.0010062188546180013,0
1,0.8526081201934008,1
1,0.7812547216912696,1
0,0.12879930161607678,0
0,0.1964535368987517,0
0,0.6991284003738828,1
0,0.0004060878084266006,0
0,0.4022838088823734,0
0,0.061268909828799484,0
0,0.0007066869976447952,0
0,0.0023330174324117485,0
0,0.0008199298170155695,0
0,0.01196916005421063,0
0,0.1116438922598204,0
0,0.24707275581529903,0
0,0.007787519749436459,0
0,0.0013868220523500024,0
0,0.030731592881484103,0
0,0.0001926700405036851,0
0,0.053968340828601434,0
1,0.729062622795411,1
0,0.47768514140544027,0
0,0.03861134908349967,0
0,0.03497739083956061,0
0,0.7610954149963779,1
0,0.054725352548582934,0
1,0.5656034320940339,1
0,0.3622573835643987,0
0,7.230436254423835e-05,0
1,0.16786199789097658,0
0,0.07558939971122917,0
0,0.07015047239437747,0
0,0.5192081892794514,1
0,0.08586446906709572,0
0,0.359290792770486,0
0,0.302357534658946,0
0,0.02533041251933759,0
0,0.031377117763380945,0
0,0.0031813586512552438,0
0,0.3050804158643683,0
0,0.008848284215474143,0
0,0.010570401498888453,0
0,0.5673375095725809,1
0,0.03791999854079835,0
1,0.8665838546904183,1
0,0.699747128015559,1
1,0.8893809254405938,1
1,0.7806773172135458,1
0,0.3479668756406576,0
1,0.9143743928550083,1
0,0.005228457611630027,0
0,0.23563256858967657,0
0,0.5835731812704116,1
0,0.028418085118264068,0
1,0.8700972487963378,1
0,0.4796100340692561,0
1,0.9636239890301238,1
0,0.2750234086188185,0
0,0.27839943223713165,0
0,0.6700110476187457,1
0,0.038627757825169313,0
0,0.019283880944958386,0
1,0.7405017738120826,1
0,0.2716377230603933,0
1,0.9905198686966168,1
0,0.00014680967418059522,0
0,0.7703080882728184,1
0,0.749808075069193,1
0,0.000155793573053999,0
0,0.03775510217356923,0
0,0.5975321783495126,1
1,0.9482946839329245,1
0,0.15106624190816934,0
0,0.8749998009561099,1
0,0.0012402480156312404,0
0,0.7109356457178708,1
0,0.15434703973045416,0
1,0.459968863440513,0
0,0.024030911673645815,0
1,0.9218320967821404,1
0,0.10167854286315404,0
1,0.9299353026531081,1
0,0.6669035029179756,1
0,0.003067181413385286,0
0,0.03384051402252954,0
0,0.38523476344322466,0
0,0.011236270738613635,0
1,0.9744645016301212,1
0,0.0017052644729535849,0
0,0.11083862443344669,0
0,0.07682020359090248,0
0,0.0007902081318484504,0
1,0.8078972300409527,1
0,0.293159571955729,0
0,0.01967685759450376,0
0,0.05300782528791188,0
0,0.019232066984230165,0
0,0.5821865161214705,1
0,0.02390598501815639,0
0,0.7101346611245214,1
0,0.018105596283996855,0
0,0.8829520881048624,1
1,0.9909264908517298,1
0,0.6567137018649014,1
0,0.28369796388403573,0
0,0.0028096957581373564,0
0,0.003488836162901042,0
0,0.16580935832051502,0
0,0.7788991526624642,1
0,0.16914311123053338,0
0,0.3226055631942902,0
0,0.004260515017427113,0
0,0.3598487001404078,0
1,0.9703629751509886,1
0,0.7757932320768558,1
0,0.16500493438321248,0
0,0.4906849174217848,0
0,0.3980824304120814,0
0,0.10520543999091157,0
1,0.5247988570228548,1
0,0.056819610339485335,0
0,0.6590860191772836,1
1,0.7443347179877275,1
0,0.0783404647276077,0
1,0.900636325521905,1
0,0.15889607577029904,0
0,0.078281273821232,0
0,0.07025565309294657,0
1,0.5936922039245073,1
0,0.03357563443225378,0
0,0.10045290172639604,0
0,0.19997842787695538,0
0,0.7809588317845392,1
1,0.4546667553555407,0
0,0.32057774792022287,0
0,0.3969649251112206,0
1,0.9768978697964377,1
0,0.2763142820197248,0
1,0.9884604923226767,1
0,0.4456227897769464,0
0,0.4321568226259169,0
0,0.06375054378017114,0
0,0.561778658298139,1
0,0.33240612431156935,0
0,0.3825839885541349,0
0,0.07007150086634738,0
0,0.05260815801486514,0
0,0.6263690390066669,1
0,0.3825162276255834,0
1,0.9958794996156839,1
0,0.3400401707938275,0
0,0.4227141738730097,0
1,0.929566704669813,1
1,0.4726782493461071,0
0,0.23294688451570128,0
0,0.0020905471102288594,0
1,0.8761602628988184,1
0,0.4575899065018703,0
0,0.44247825253708395,0
1,0.9320251184032285,1
1,0.9395740740835797,1
0,0.40606623982087325,0
0,0.14267856977009002,0
0,0.7176208173889915,1
0,0.2655455412689134,0
0,0.09315167579027321,0
0,0.18236884052667787,0
1,0.8909936917693067,1
1,0.8894988399533963,1
0,0.15039543522849813,0
0,0.1439410098420917,0
0,0.03431574027327693,0
0,0.022556874830551406,0
0,0.1450116729607973,0
1,0.9761554793482808,1
0,0.13737888447864438,0
0,0.32040346472199543,0
0,0.01330352163900567,0
0,0.4045866397010494,0
0,0.026021470874179456,0
1,0.4613376608799557,0
0,0.07477327825389078,0
1,0.8275004698366197,1
0,0.03211807821618549,0
0,0.10126215426456144,0
0,0.6385062440075672,1
0,0.4239852661306689,0
0,0.08340293332453083,0
1,0.8891170905364056,1
0,0.40347069335550806,0
0,0.20872709677396653,0
0,0.004460217235941441,0
0,0.009396336781113256,0
1,0.8599626108603843,1
0,0.5323721535571452,1
0,0.24738955414068503,0
1,0.9842129866619814,1
1,0.8394858542625361,1
0,0.6275749455005212,1
0,0.001126717258992845,0
0,0.02043303001963662,0
0,0.4170298088737453,0
1,0.8396188411956145,1
0,0.02873847466566787,0
0,0.025229490044423826,0
0,0.22458837502078002,0
0,0.5627086216247869,1
0,0.01631478054775761,0
0,0.06599004517376236,0
0,0.007133043441017705,0
0,0.007179423079747146,0
0,0.5816878543850416,1
0,0.4512660645932891,0
0,0.32664400862766807,0
1,0.698591980982111,1
0,0.16739297883166707,0
0,0.2875565386520418,0
0,0.2591551412788141,0
1,0.8983331491609141,1
0,0.4458309475418121,0
1,0.8472956001808752,1
0,0.004669173919077987,0
1,0.42292010785924955,0
0,0.00045720846141151237,0
0,0.04223336413819433,0
0,0.3913860181411433,0
0,0.001613308269358699,0
1,0.7607483193453438,1
0,0.03300278729417449,0
0,0.4415247806580217,0
1,0.9760021371742744,1
0,0.6987417686050252,1
0,0.12246446542448945,0
0,0.2826360278293315,0
0,0.13302660765856777,0
0,0.2853143646534216,0
0,0.08652276014400521,0
0,0.000533893617280746,0
0,0.003191522941953958,0
0,0.30273884991117833,0
0,0.30417062583583226,0
1,0.9727893937375379,1
0,0.09348296805427747,0
0,0.4693914306022191,0
0,0.09769014292812923,0
0,0.12048483560997703,0
0,0.0032324507481488415,0
0,0.06823231858553183,0
0,0.35122268000280177,0
0,0.04119177823271792,0
0,0.02070326584306263,0
0,0.11036514502819433,0
0,0.01630838861866209,0
0,0.027878396500144606,0
0,0.016314143003996754,0
0,0.039461363532749885,0
0,0.04618492394469671,0
0,0.38904780569904457,0
0,0.007906517977968335,0
0,0.01237262612409083,0
1,0.8936635335229804,1
0,0.1209736088765244,0
0,0.15123504881641064,0
0,0.1869700293041436,0
0,0.4234025649646688,0
1,0.6913919994282948,1
0,0.00805275893358932,0
0,0.5200584096594949,1
0,0.18188921835967775,0
0,0.6430642957299216,1
1,0.14804651371497826,0
1,0.9081732717853578,1
0,0.7248108325008255,1
0,0.04228734552518942,0
0,0.009894706071109914,0
0,0.3176727961578696,0
0,0.13900675298263226,0
0,0.018132908429274674,0
0,0.1201633199327053,0
1,0.45213557557969236,0
1,0.6911716930367374,1
0,0.21642218519371942,0
0,0.3269832750353909,0
0,0.18052427928761822,0
0,0.12308328508979599,0
0,0.8873596040751545,1
1,0.8431362767243027,1
1,0.9851972014019492,1
1,0.9080175604783718,1
1,0.7593819880853423,1
0,0.07663592947856128,0
0,0.00557277456209195,0
0,0.07276282074999164,0
0,0.00577628336335734,0
1,0.8527892729155291,1
1,0.94259246800682,1
1,0.9946523762105692,1
1,0.898044872053638,1
1,0.9904026248724502,1
1,0.5787890104751596,1
0,0.5732269282444354,1
0,0.03885065094480691,0
1,0.9809399711048843,1
1,0.11342798953827775,0
1,0.8688970922069978,1
0,0.4464413946902429,0
0,0.5658008633810726,1
1,0.8559799204379601,1
0,0.36042161832972675,0
0,0.3777504950372935,0
0,0.5285327313667736,1
0,0.020878341058601625,0
1,0.8021203931959285,1
0,0.014312010101281372,0
0,0.16289740678889056,0
0,0.3141518232192428,0
0,0.16143113602695508,0
0,0.1512651877289078,0
0,0.0033313650705449915,0
0,0.022561618802574474,0
0,0.7126862754190608,1
1,0.8218545329349781,1
0,0.4812336266632051,0
1,0.8470974231097234,1
0,0.15012886542151618,0
0,0.6693468794221358,1
0,0.13968964320343852,0
