y_true,probability,prediction
1,0.6799795937589996,1
0,0.08948476935752338,0
0,0.055009927931946825,0
0,0.4802968391275943,0
1,0.8502100856859374,1
1,0.7512163865640862,1
0,0.018938037712080025,0
0,0.04154207756729751,0
0,0.11977680095079762,0
1,0.9992636239532531,1
1,0.9983304209391312,1
1,0.6147267474763257,1
0,0.0015028443552769176,0
1,0.9970854731368464,1
0,0.015076144027920645,0
0,0.6613329109491675,1
0,0.027594147803893958,0
0,0.11590905733611402,0
1,0.5271952079748731,1
0,0.19718119565158376,0
0,0.6698845168052348,1
1,0.9468875947454023,1
0,0.9629069195598,1
1,0.5561707195406282,1
1,0.5869135859390203,1
0,0.6714129895219112,1
0,0.0008425709247256517,0
1,0.9966564356312722,1
0,0.27549928658396394,0
0,0.7450351161665978,1
1,0.8947049904048728,1
0,0.04963375252000198,0
0,0.16903834109267876,0
0,0.4946651994163604,0
0,0.19429503322459854,0
0,0.3663475521787493,0
0,0.01051866019636974,0
1,0.7583384814957314,1
0,0.2719797813443965,0
0,0.6101588881858465,1
0,0.0009903903218620978,0
0,0.016361045182922685,0
0,0.5737427080340161,1
1,0.9975647720036529,1
0,0.01162699603775684,0
0,0.6557665826170622,1
0,0.07074433072255756,0
0,0.00038497609786670577,0
0,0.018336948474464633,0
0,0.16356462981864692,0
0,0.5710262822724451,1
1,0.6618606380063002,1
0,0.04269758576972569,0
0,0.44608813952336346,0
1,0.9954032586803871,1
0,0.027587810803406183,0
0,0.049862632747756305,0
1,0.8961404673592864,1
0,0.5540617087250412,1
0,0.14457929121850552,0
0,0.017492027381056246,0
1,0.6536956146089272,1
1,0.9897230514296926,1
0,0.02291857730842466,0
0,0.045473577340204886,0
0,0.3667819172675424,0
0,0.00819924104475429,0
1,0.9437358519285477,1
0,0.2574379004962045,0
0,0.08893689566730066,0
1,0.03096559201771859,0
0,0.14894718596163176,0
0,0.6788102991820449,1
0,0.1314876535698735,0
0,0.01023190606923855,0
1,0.8945399062636467,1
0,0.4966908785155749,0
0,0.003931049102642142,0
1,0.9992156025233231,1
1,0.48922945399245027,0
0,0.05166525693886972,0
0,0.05413912229987258,0
0,0.15767999701095045,0
0,0.32826111925769536,0
0,0.056573755187826556,0
0,0.04347560230256651,0
0,0.5586213639754194,1
0,0.04064677878060504,0
0,0.020493910191918104,0
0,0.7679702178403984,1
0,0.78794397183208,1
0,0.023067640822691027,0
0,0.5036586738084261,1
0,0.24705978089569464,0
0,0.011535631141836485,0
1,0.9985868137085121,1
1,0.7561258211130548,1
1,0.6023328796803769,1
0,0.14176928947591205,0
1,0.9972834022397,1
0,0.5253758946080654,1
0,0.5260409634756318,1
1,0.9225237581854365,1
0,0.016311827207892704,0
1,0.9419108036666587,1
0,0.01691851602811883,0
1,0.998312636305022,1
1,0.9236232500954451,1
1,0.2904328868870945,0
0,0.7483722654270546,1
1,0.8916969403888665,1
0,0.01599388729259917,0
0,0.0016739929818896852,0
0,0.11113358943614192,0
0,0.005989230738617221,0
1,0.17869093143069126,0
1,0.8978010265602718,1
0,0.010700913197851842,0
0,0.0017013444861772426,0
0,0.038513557728298876,0
0,0.330753696768101,0
0,0.16451035044947218,0
1,0.7173315500582552,1
0,0.7179774952353265,1
0,0.5974619771351137,1
0,0.009214662190478595,0
0,0.42358615075645356,0
0,0.04234356521326444,0
0,0.01215156290196284,0
0,0.6284910483574435,1
0,0.00201926973494156,0
1,0.9718543322318965,1
0,0.02614951629119512,0
0,0.3237795097271783,0
1,0.11133717136707401,0
0,0.04494091731197372,0
0,0.7936080557965253,1
0,0.1855317671268435,0
0,0.0035242199076708633,0
0,0.2899774790329953,0
0,0.20069022478104956,0
0,0.10929414540949406,0
0,0.01910301958689381,0
0,0.325643211023945,0
1,0.6587407200735188,1
0,0.017157448809197156,0
1,0.10424252193098155,0
0,0.005145027401248755,0
0,0.09921897235551276,0
0,0.024391905248786785,0
0,0.2804853519690957,0
0,0.0268626114545157,0
0,0.5880486557642697,1
1,0.9813872397345345,1
0,0.28196739967600715,0
0,0.7341632746573049,1
0,0.7519103394953253,1
1,0.8509581440683698,1
0,0.11873044059455486,0
0,0.0009897899262658594,0
1,0.9973601535466504,1
0,0.803480037910448,1
0,0.001211654335235222,0
0,0.6003337109745116,1
0,0.1649517259706031,0
0,0.0089977588375621,0
0,0.010687992493324045,0
1,0.9836570819289558,1
0,0.021619167125054274,0
0,0.202552154926176,0
0,0.019539076630857032,0
0,0.03475731029314823,0
0,0.014826134921050234,0
1,0.819797231271412,1
1,0.8705686483174563,1
1,0.9994077306076199,1
0,0.019987514670139938,0
0,0.01144393555679269,0
0,0.029631190288830916,0
0,0.20930991728487772,0
0,0.6549320933858667,1
0,0.007926945487180996,0
0,0.6287063015732046,1
0,0.4910751191179235,0
1,0.9161381652041486,1
1,0.7486357759731262,1
0,0.001775617065514413,0
0,0.03396865053205652,0
0,0.001840021526252106,0
0,0.026458254671428018,0
0,0.6009867907196139,1
1,0.7518191599411584,1
0,0.03489386073032305,0
0,0.11486341156507761,0
0,0.0013992442034258996,0
1,0.9866094521138211,1
0,0.04733892323655964,0
1,0.9591410858423258,1
0,0.09203844194265808,0
0,0.06127424058662177,0
1,0.5420894033751391,1
0,0.7129156147233056,1
0,0.13320869424440615,0
0,0.8167548938422174,1
0,0.6712251217982351,1
0,0.1251835925431892,0
0,0.5569348095612815,1
0,0.06794624874054069,0
0,0.04297297303337077,0
0,0.00799765572676217,0
0,0.0018784988088460751,0
0,0.5797724920113178,1
1,0.5613595724811166,1
1,0.3963057907446836,0
0,0.13570722725344342,0
0,0.09233308660501921,0
0,0.35600793206283626,0
1,0.9943751047028069,1
0,0.8688686657160488,1
0,0.45117626499436597,0
0,0.4143862393228983,0
0,0.046078720029514554,0
1,0.35178642257295817,0
1,0.8544783952255979,1
0,0.019264819647532443,0
0,0.5394163521555961,1
1,0.9874743588266243,1
0,0.06944442769035285,0
0,0.012697327001370483,0
1,0.8473976453291592,1
1,0.7188314122927696,1
0,0.6919003250172023,1
0,0.0014754674889530673,0
1,0.24512397885410334,0
0,0.07169419225116704,0
0,0.12680625805204496,0
0,0.004687710768962168,0
0,0.027888295008126025,0
0,0.2967276244313771,0
1,0.9005177418706889,1
0,0.14930719273158063,0
0,0.6717058972174726,1
0,0.1440030205455711,0
0,0.053168951065891326,0
0,0.37979563737546645,0
1,0.9951915296836881,1
0,0.6687186096042999,1
0,0.01311875806282121,0
0,0.4354198762308552,0
0,0.030636022472265004,0
0,0.015634054981234997,0
0,0.0017052555477751038,0
0,0.28470671863572017,0
1,0.7556610074339662,1
0,0.5564495795423271,1
1,0.6033854829288822,1
1,0.9984480683133679,1
0,0.023673749321011375,0
1,0.9043457348266479,1
0,0.06167927976787046,0
0,0.4417349462696399,0
1,0.8542597220474244,1
0,0.000375511089512562,0
0,0.010609773928229487,0
1,0.6808079933711347,1
1,0.999036224782491,1
0,0.2502604668879391,0
1,0.996031473759991,1
0,0.7093232911218882,1
1,0.2057655033455041,0
1,0.8394269050935672,1
0,0.006766932975567907,0
0,0.27260339763917885,0
0,0.01539962820324273,0
0,0.0012559134795969457,0
0,0.31181887916125506,0
0,0.6479998059079811,1
0,0.4384025526954591,0
0,0.04204584512062972,0
1,0.8134097658953486,1
0,0.2850342345898377,0
0,0.007563543410141979,0
1,0.8598818653349413,1
0,0.004845220559390151,0
0,0.014890138756719499,0
0,0.4725234828295457,0
1,0.9927139760975041,1
0,0.5462156881301753,1
0,0.05805689350827038,0
0,0.19317726346763556,0
0,0.050158355121939655,0
0,0.044682306053105164,0
1,0.9900580001972517,1
1,0.9934718114765592,1
1,0.5506046536064197,1
0,0.13153292747424605,0
0,0.006577686027834375,0
0,0.06078286879799878,0
0,0.016996082104245597,0
0,0.295405998041672,0
0,0.10116695302919451,0
0,0.1536861472060544,0
0,0.04394175172614577,0
0,0.12143169370321481,0
0,0.04717194714950753,0
0,0.26005178556991837,0
0,0.0007384730683470893,0
0,0.014430308196034096,0
1,0.9978121841360487,1
0,0.07152922011007566,0
0,0.45970660751786135,0
1,0.9978433814963261,1
0,0.009206375617618827,0
0,0.07422457003427144,0
1,0.988227637438874,1
1,0.5826377171331841,1
0,0.4930753285209333,0
1,0.856978084324214,1
0,0.2632384750345806,0
0,0.0350471587317495,0
0,0.4076924296843851,0
1,0.7655056500001739,1
0,0.16785183245172589,0
1,0.70038443529962,1
0,0.09143963837556603,0
0,0.004516470772518771,0
0,0.0014810693073979311,0
0,0.0391081456372775,0
0,0.1315604305238642,0
0,0.003116705204962573,0
0,0.07177661347863544,0
1,0.9991289796602081,1
0,0.05698748141345429,0
0,0.4119770140357255,0
0,0.0013957092955650453,0
0,0.30292181194046824,0
0,0.6905481357553649,1
0,0.001919279653320071,0
0,0.584285386663034,1
0,0.1048933214348643,0
0,0.8004649820869214,1
0,0.3769051339331706,0
0,0.030919611650059457,0
0,0.007815133314886234,0
0,0.6607116690507888,1
0,0.059282664337524715,0
1,0.9665474407037642,1
1,0.1188950036321337,0
0,0.013172031620738241,0
1,0.2582746579573357,0
0,0.1855770060831476,0
0,0.5644943699087623,1
0,0.18814838579460355,0
0,0.08872840125178175,0
0,0.023611186267754297,0
0,0.029928986449094065,0
1,0.9802658864560477,1
0,0.16502197788187867,0
0,0.029481913054366402,0
1,0.23672144150551175,0
0,0.12434154544804239,0
0,0.19855369258615518,0
0,0.07054553498675012,0
0,0.0024024093372075565,0
0,0.019134804861901947,0
0,0.44965328822069184,0
1,0.8049014784450715,1
1,0.9985550902885867,1
1,0.996467406345896,1
0,0.20247840582935026,0
0,0.02803112419885883,0
0,0.1622934399731904,0
1,0.591664812199891,1
0,0.03347031413423679,0
0,0.8887391758617735,1
0,0.7296099563713899,1
0,0.006015233192821677,0
1,0.8704156341822495,1
0,0.14714277911783885,0
0,0.019744379013269673,0
0,0.0479753472133281,0
0,0.006934632042331689,0
0,0.02443563559831558,0
0,0.10427936397422594,0
0,0.6395029581442983,1
0,0.029982688399983717,0
0,0.33138714519763496,0
0,0.0540178512680937,0
0,0.7040955438825911,1
0,0.8174200019253454,1
0,0.20847982714508848,0
0,0.02399170222596837,0
0,0.8754489790346448,1
0,0.034924396779103126,0
0,0.01824528580325734,0
1,0.8668776524488823,1
0,0.0044568868545580495,0
0,0.007967763965855617,0
0,0.5569329839283041,1
1,0.9981953008029927,1
0,0.05005048730027091,0
0,0.8850871592498585,1
0,0.8406909745348188,1
0,0.16090008995164798,0
0,0.646503915736779,1
0,0.036913406026616344,0
1,0.8998219332971846,1
0,0.006023772343220565,0
0,0.006064969516795039,0
1,0.7113172671292839,1
0,0.03476348360789235,0
1,0.9735065169069429,1
1,0.6299650021957635,1
0,0.022547054448826456,0
0,0.8501471344424533,1
1,0.633285901487458,1
0,0.12803952994635517,0
0,0.029651421657196312,0
0,0.6443041684418067,1
0,0.0030235794128715032,0
0,0.14569277590365645,0
0,0.7297488556025314,1
0,0.09729652136221553,0
1,0.9978801111394905,1
0,0.012438493623220814,0
0,0.1672657180532763,0
1,0.7845644314635611,1
0,0.020149743260208998,0
0,0.04827117265993968,0
0,0.025758428696696364,0
0,0.01781982557886361,0
1,0.9984511316442741,1
1,0.2471236351883596,0
0,0.26353640794886646,0
0,0.008433707229815113,0
1,0.6717058972174726,1
0,0.0068073095804866415,0
0,0.0016415941566649186,0
0,0.06817617407560679,0
0,0.8156033181200186,1
0,0.004326452341200798,0
0,0.005736345378811007,0
0,0.5724826991601792,1
0,0.02611584697637941,0
1,0.5007841468505954,1
0,0.013290184710330772,0
0,0.30553514493283207,0
0,0.1266114028604579,0
1,0.9869253904665375,1
0,0.4807324359930987,0
1,0.54945380805338,1
0,0.15423865561788108,0
0,0.009565806941007437,0
1,0.9882047195322385,1
0,0.21163031836011933,0
0,0.19008333054899812,0
0,0.2575232185940245,0
0,0.0013454199093641398,0
0,0.02124011150861605,0
0,0.02736681696789145,0
0,0.010522442261159675,0
1,0.8756473971561243,1
0,0.023791453255999927,0
0,0.3164578082763218,0
0,0.1457125846713659,0
0,0.024878573415412077,0
0,0.1011779502289607,0
0,0.17883207371657872,0
0,0.6328200561353283,1
0,0.013704682360896064,0
0,0.2014683921901083,0
0,0.3216839856374048,0
0,0.0018924654744810771,0
0,0.22908369415884997,0
0,0.1532815646591902,0
0,0.04877729000833476,0
0,0.7198017897512313,1
1,0.845353023418838,1
0,0.7091021663545458,1
1,0.6221801751548132,1
0,0.4578625699253179,0
0,0.14296018177532782,0
0,0.5949713635108436,1
1,0.9948286017790041,1
0,0.20486745823814503,0
1,0.9955401781869468,1
0,0.8152691708399994,1
0,0.08083389916673175,0
0,0.02235351681868957,0
0,0.2568615795686154,0
0,0.30153874007504583,0
0,0.5286200512386922,1
0,0.012072109737365638,0
1,0.6986026892835432,1
0,0.39457573080546754,0
0,0.0076461733077289335,0
0,0.015550575746008297,0
0,0.7342035490698854,1
0,0.0011379147956157567,0
0,0.08190422138739786,0
0,0.05972175104241039,0
0,0.13069483102451918,0
1,0.2763672100441144,0
0,0.22329717700726226,0
0,0.021795495561095744,0
0,0.20859043102262712,0
0,0.02560567534656328,0
0,0.4302294252698709,0
1,0.9864412229036916,1
0,0.013044643456378631,0
0,0.10484179525167918,0
0,0.2947280193125376,0
1,0.7782679321856902,1
0,0.06767025652912187,0
0,0.003425574092155015,0
0,0.8021170239411561,1
0,0.012479583434396486,0
0,0.6809489966719192,1
0,0.006625745381621736,0
1,0.30151768495897985,0
0,0.05993585132674856,0
0,0.47044471722628683,0
0,0.20857528693851585,0
1,0.9985929876458413,1
1,0.6505545898449383,1
0,0.0010149983443905693,0
1,0.975788982924451,1
0,0.8580413961512734,1
0,0.11982595250189308,0
0,0.037846181648563404,0
0,0.007638922209994326,0
0,0.06014516963637553,0
1,0.8777579384913261,1
0,0.3026401814923308,0
0,0.0016746527257562867,0
1,0.7708320819203908,1
0,0.8330211706044961,1
1,0.6186595220516495,1
0,0.6380702296932127,1
0,0.08999875878897469,0
0,0.08738148563519348,0
0,0.16067607081643237,0
0,0.001130547442486665,0
1,0.7589748481899795,1
0,0.004100645269968217,0
0,0.06696593975693828,0
0,0.4549517106937869,0
0,0.04788116070170706,0
0,0.5995824962878402,1
0,0.19083188242682517,0
0,0.7729018078557226,1
0,0.39956483359560696,0
1,0.8918256546237601,1
1,0.08214203808597147,0
1,0.6957401273735371,1
0,0.008291123488436117,0
1,0.8366507254321072,1
0,0.6283903992384219,1
0,0.2250942500698287,0
0,0.1261536526067674,0
0,0.6092059160251406,1
1,0.9045814423700133,1
0,0.018440441907349295,0
0,0.6665723567103676,1
0,0.029111657297358245,0
0,0.5565391465868724,1
1,0.8586294499230543,1
0,0.12281917309216951,0
1,0.6260799011295396,1
0,0.02193309637215505,0
0,0.6246631864027055,1
0,0.004338280529278523,0
1,0.7331832429774431,1
0,0.3161940631183519,0
1,0.9033041860325214,1
0,0.04063128237676685,0
0,0.011655455998794374,0
0,0.02708180367449262,0
1,0.8377304134623604,1
0,0.009711514676640007,0
0,0.4987248491268669,0
0,0.0794218672076282,0
0,0.4814391603978029,0
0,0.0041764904643686995,0
0,0.0473883098256085,0
0,0.20640045837200904,0
0,0.07968794191694384,0
0,0.0424568029490814,0
0,0.02024032498539696,0
0,0.155787101259761,0
0,0.05466410920217488,0
1,0.8477400815194359,1
0,0.0973356139403843,0
0,0.14959404273801571,0
0,0.09219065975419444,0
0,0.040581918143660654,0
0,0.17528155874635504,0
0,0.008658811995247364,0
1,0.8628572942182199,1
0,0.005921181344188224,0
1,0.7282216636373913,1
0,0.028782962738581882,0
1,0.8500284565665196,1
0,0.7557619078475983,1
0,0.0383203250708401,0
1,0.5830493071849555,1
0,0.005035095439072074,0
0,0.7151491905996137,1
0,0.006777362770106573,0
0,0.022193937152424178,0
0,0.6304712775659199,1
0,0.0026746192878482028,0
1,0.9896351384777248,1
0,0.46356519295257204,0
0,0.0012037055856797927,0
0,0.5983288703653903,1
1,0.9813175889144304,1
0,0.3748665093956829,0
0,0.09222809100046533,0
0,0.0018223352973491338,0
1,0.7982064994659348,1
0,0.002677278446045511,0
0,0.762031535900123,1
1,0.2615751703394081,0
0,0.1355960943467666,0
0,0.013863471519940312,0
1,0.9962452276642894,1
1,0.8143377509836396,1
0,0.046364288669217955,0
0,0.006397737518857565,0
0,0.11729284396580687,0
0,0.36421828730602285,0
0,0.13337299279216086,0
1,0.12558561138746005,0
1,0.8418596366254243,1
0,0.05613428878283389,0
0,0.13528970918618055,0
0,0.7840197156901597,1
0,0.14025450357259797,0
0,0.23297412198696613,0
0,0.018561883294122065,0
0,0.0009346961885752235,0
1,0.9565538151494035,1
1,0.15632040021417168,0
0,0.011256140485609696,0
0,0.004239304332280262,0
0,0.595054121382266,1
0,0.16278440451834306,0
0,0.22835407795081428,0
0,0.08930445623224252,0
0,0.002810231768922168,0
0,0.11607323624956642,0
1,0.8118820858314781,1
1,0.997831027274578,1
0,0.0027203181537966757,0
0,0.004828181264688369,0
0,0.000772601107615222,0
0,0.002325191365375429,0
1,0.7491483859104476,1
0,0.04972048512641571,0
1,0.9981065917108618,1
0,0.12714518250293072,0
0,0.20954719109803993,0
1,0.9984930074108419,1
0,0.4411005679310536,0
0,0.022570047239629878,0
1,0.8474287697497558,1
0,0.035282860377560045,0
1,0.7948212176263355,1
0,0.07327471757051798,0
0,0.4981342606904754,0
1,0.8477635325504819,1
1,0.9884517274120506,1
0,0.00317727496237514,0
1,0.8266459995762894,1
0,0.00078761478109555,0
0,0.267647469233371,0
1,0.8813827539257777,1
0,0.012755876414732638,0
0,0.11789194301400317,0
0,0.8635479720586492,1
0,0.08578136679350422,0
0,0.016342205348552442,0
0,0.09184370014446946,0
0,0.042830063039750614,0
0,0.4571055407825437,0
1,0.9897585255262006,1
0,0.07275434046662543,0
1,0.9868641434525679,1
1,0.6683826992795004,1
0,0.06006081323470828,0
1,0.5987276572844306,1
0,0.12855985457030739,0
0,0.001635348052268444,0
0,0.5029008682072655,1
0,0.15668537459234605,0
0,0.018154932215377832,0
0,0.130252800278353,0
0,0.09207100387907892,0
1,0.8442051819083696,1
0,0.6610244263742328,1
1,0.9943247750430816,1
0,0.11563101871394108,0
1,0.8247078279472777,1
0,0.8441872113814636,1
1,0.9899642195196059,1
0,0.04033793093191049,0
0,0.012121366650632142,0
1,0.7311451380250622,1
1,0.9927536671357943,1
0,0.0016139701470966508,0
1,0.9870735307868288,1
1,0.8434691295363824,1
0,0.005343447863375252,0
0,0.08277866125815556,0
0,0.2625485296670837,0
0,0.002350476383038531,0
1,0.9985946385723866,1
0,0.011836649572472381,0
0,0.004072850726141826,0
1,0.9974714640591437,1
0,0.2940490113453702,0
0,0.11710082053347319,0
0,0.16703604245030698,0
0,0.16912052562862614,0
0,0.04787921690982004,0
0,0.18911674166682704,0
0,0.16855161068480098,0
0,0.003625646416802337,0
0,0.7724600846381909,1
1,0.8926390308067104,1
0,0.6306233086704848,1
0,0.055067815525260584,0
0,0.017559298759775015,0
1,0.6357157213855467,1
0,0.1239216251155346,0
0,0.07291484523562358,0
0,0.03148524724227626,0
0,0.004003196660624806,0
0,0.47960874423371086,0
1,0.8259874951810258,1
0,0.035452606311229234,0
0,0.024795383157507702,0
0,0.030362804658234703,0
1,0.8831802102823519,1
0,0.7066876948514604,1
0,0.10715326150109161,0
0,0.046599540620999205,0
0,0.2568129817976155,0
0,0.5416479748974712,1
0,0.004816245434838814,0
0,0.061337651872915594,0
0,0.7111546529120424,1
0,0.10455831706279571,0
0,0.006140166628774786,0
1,0.5084475745757808,1
0,0.5554810831161603,1
0,0.023791669786103736,0
1,0.873434284844468,1
0,0.6268152229528144,1
0,0.0010041195788252366,0
0,0.6532253839077952,1
0,0.0031549354791055523,0
0,0.1315115254958514,0
0,0.5472147360829772,1
0,0.05839315486245736,0
0,0.16938596805014053,0
0,0.033365970288122875,0
0,0.6635761363340628,1
0,0.3778973971529585,0
0,0.0407859314943676,0
1,0.9982536137879061,1
0,0.24862075504409514,0
1,0.8384690153976189,1
0,0.003294598322449578,0
1,0.38420590351324585,0
0,0.521918982581068,1
0,0.5741803369563842,1
0,0.04326609691003586,0
1,0.7327899222593769,1
0,0.10576079389438106,0
0,0.004056060162012462,0
1,0.9972112328109762,1
0,0.7764906585737259,1
0,0.011775854479879985,0
0,0.14209610256018307,0
0,0.0915406041330583,0
1,0.9975305564215569,1
0,0.7375782454373536,1
0,0.6933009200394992,1
1,0.9166690607326188,1
0,0.002662997229998572,0
0,0.9032699690916856,1
0,0.05845212492239326,0
1,0.8542284926226884,1
0,0.3664688499969991,0
0,0.3492379531407838,0
0,0.03060575116068143,0
0,0.0024071065154879457,0
0,0.6418180722400951,1
0,0.02556150121498691,0
0,0.023448794634131548,0
0,0.06207321514952079,0
0,0.0006214899313779175,0
0,0.7523887613995285,1
0,0.8622823030220316,1
0,0.029952126842815265,0
0,0.10161460174467445,0
1,0.44636226165894605,0
1,0.9355248976420192,1
0,0.71721373398355,1
0,0.02287239630434446,0
0,0.05744845528211137,0
0,0.9352620158680166,1
0,0.009057439741031077,0
0,0.051433095973651186,0
0,0.11569716218040013,0
1,0.9912644000046681,1
0,0.04676751691605979,0
0,0.05690233074073412,0
0,0.027145014502561092,0
1,0.7827798980121358,1
1,0.7719089841002398,1
0,0.1005096569393666,0
0,0.09047736739832468,0
0,0.02901329994566764,0
0,0.0009008849978503186,0
0,0.007001831742167546,0
0,0.008781048608897503,0
0,0.6086503087049931,1
0,0.0035998485469671024,0
0,0.34305001564633913,0
0,0.3648485182656223,0
0,0.02216705648418235,0
0,0.026118680251136908,0
0,0.0905057009988668,0
1,0.9452421995770737,1
1,0.3678713209597149,0
0,0.006062803136677711,0
0,0.5215938959177499,1
0,0.001987558194323302,0
0,0.5784303611382998,1
0,0.009467207817821463,0
1,0.3767507447132414,0
0,0.08278502132889437,0
0,0.8582549261861201,1
1,0.904578214531458,1
1,0.9989306901497931,1
0,0.01911401724858166,0
0,0.4021875052568057,0
0,0.004191679460833132,0
1,0.6211148293886325,1
0,0.03221814302454214,0
0,0.0012711034065352208,0
0,0.8266229059112852,1
0,0.004231083344077258,0
0,0.25932831781221655,0
0,0.014311517775766327,0
0,0.1264579967416502,0
1,0.9033116048355229,1
0,0.14888176414157786,0
0,0.12924822622984972,0
1,0.9893351736785609,1
0,0.0029943677816613307,0
0,0.024081641596372494,0
0,0.2504825165735072,0
0,0.017971619541819334,0
0,0.14611833984448505,0
0,0.6754398916540414,1
1,0.5946704079850255,1
0,0.041349466409305924,0
0,0.11435971961470469,0
1,0.9875811424502837,1
1,0.7605155463149312,1
0,0.00966654539345049,0
0,0.0517455297283808,0
0,0.5973385101191829,1
1,0.8869689170002283,1
0,0.6681124924169183,1
0,0.4712702088321168,0
0,0.8438293718522393,1
0,0.052933527752970395,0
0,0.18166254311948438,0
0,0.0027440542887244234,0
1,0.06786654298545572,0
0,0.5216587399521904,1
0,0.05627291138267656,0
0,0.001216178402041663,0
0,0.00110529483052226,0
0,0.5212864853397835,1
0,0.029263862206514675,0
0,0.32029399796466757,0
0,0.6197374957601602,1
0,0.120402150814582,0
0,0.0023872795644929684,0
0,0.04352093090997645,0
1,0.727846339062314,1
0,0.05053715943192023,0
1,0.9208792242459295,1
1,0.8446795437704633,1
1,0.9424919529496105,1
0,0.00322420463666289,0
0,0.09746082078355926,0
0,0.31272321525542773,0
1,0.838622201743248,1
0,0.08155144327140275,0
1,0.9209385529114664,1
0,0.014708942262806793,0
1,0.8279091445495927,1
1,0.8487903922374429,1
1,0.38529653908167294,0
1,0.8248105644523265,1
0,0.007836953472267703,0
1,0.8240630881627448,1
0,0.11995660270757451,0
1,0.5881497853125874,1
0,0.1257106564290882,0
0,0.8733464881533981,1
0,0.001649753588584822,0
0,0.8575709066251526,1
0,0.026999547044931953,0
0,0.6931666433163228,1
0,0.15154064146336305,0
0,0.6388425361396594,1
1,0.7985573508836994,1
0,0.06542695261938598,0
0,0.021218307442198006,0
0,0.15680053306314518,0
0,0.933740745028374,1
0,0.5513956777360983,1
0,0.2533869323894016,0
0,0.015250774739282979,0
1,0.982829358737619,1
0,0.02410298441555099,0
0,0.09672325947322447,0
0,0.012100230082257404,0
0,0.46345718522314017,0
1,0.9984284032269919,1
0,0.08376051326464432,0
0,0.04586551112820714,0
1,0.9948300212460902,1
0,0.5910837500041218,1
0,0.8714516020706377,1
0,0.004472308904114266,0
0,0.0015743932383375774,0
0,0.39298917848931203,0
0,0.0005069518595609179,0
1,0.9918144685544825,1
0,0.17241831549961417,0
0,0.0003789346260500859,0
0,0.031166006693476522,0
1,0.8919369855170876,1
0,0.046652746321749934,0
0,0.003960070872665304,0
1,0.9203425891438757,1
0,0.07598635509811841,0
0,0.028226603408447733,0
0,0.00873687869368003,0
0,0.06361390956371075,0
1,0.6872461221970698,1
0,0.14026622301471298,0
0,0.0033456737531547746,0
1,0.9062384489464697,1
1,0.8954435501076837,1
0,0.005924746199676341,0
1,0.9857711272029529,1
0,0.25879866424515025,0
1,0.3725702792893531,0
0,0.02882511943018692,0
0,0.38896223966037435,0
0,0.5835334934535233,1
0,0.09581473863543277,0
0,0.6341012690722614,1
0,0.09908057597171145,0
0,0.003042598107698513,0
1,0.9962988388038369,1
0,0.011889146321017558,0
0,0.055085281151515626,0
0,0.8335146437298718,1
0,0.05154468853037731,0
1,0.23687741704059692,0
0,0.014687890277800838,0
1,0.4549799644041216,0
0,0.0035278174642998784,0
0,0.01769034373863678,0
0,0.33779220127923965,0
0,0.020919872104548494,0
0,0.02559636155796754,0
0,0.5541216334589287,1
0,0.0012568905490688972,0
1,0.8214602226998835,1
0,0.3813896777024542,0
0,0.03987557784040578,0
0,0.4307570962541938,0
1,0.9886311123188808,1
1,0.9271213930506805,1
0,0.0007994189384716849,0
1,0.9983630683245445,1
0,0.09356100443441785,0
1,0.8418201225132446,1
1,0.9287628871938582,1
0,0.0028241561612973947,0
0,0.24820975725315836,0
0,0.01571585578475867,0
0,0.720279043754198,1
0,0.0025007157979474045,0
1,0.8078708541994712,1
0,0.3969536517911769,0
1,0.5853036221836455,1
1,0.8297618216023298,1
0,0.11982791700882056,0
1,0.7077174594225442,1
0,0.007755573061700246,0
0,0.6953442207850311,1
0,0.010090071036364136,0
0,0.8168223312003812,1
1,0.9730657985613814,1
0,0.05650726279112079,0
0,0.014359308669352311,0
1,0.8781341891310931,1
0,0.015184805413240516,0
1,0.44502123223566653,0
0,0.58504380008624,1
1,0.9994070837039355,1
0,0.001483272249218523,0
1,0.9930462604019212,1
0,0.047737689617003906,0
0,0.017233742840914702,0
0,0.008212691318846704,0
0,0.5080150313978865,1
1,0.6229712055593644,1
0,0.1541603420010338,0
0,0.006807050999487776,0
0,0.0045328032810879795,0
0,0.003482339008528521,0
1,0.772048915460104,1
0,0.027045491276314695,0
0,0.044129522573591026,0
0,0.014863571476939156,0
0,0.0010028303860636313,0
0,0.7346014145441335,1
1,0.42946941318686543,0
0,0.004668078244940288,0
0,0.05075040272185655,0
0,0.654319023146137,1
0,0.6349558427115238,1
0,0.0580909110711329,0
0,0.014434478466357094,0
0,0.11180849318096632,0
1,0.973306539920763,1
0,0.22366093288557842,0
0,0.045566960989220945,0
0,0.003269678258793363,0
1,0.8506423003806571,1
0,0.33795230092728923,0
0,0.004407004930910194,0
0,0.34265757792187,0
0,0.0012151260587469105,0
0,0.021779920826814264,0
1,0.6927937528967671,1
1,0.9968429540728975,1
0,0.6700112379930985,1
0,0.8814243136552333,1
1,0.9879080750135081,1
0,0.03743532419517617,0
0,0.0010374104374966172,0
1,0.9276155477991227,1
0,0.01823097790039324,0
0,0.002857573019070787,0
1,0.9874385001265306,1
0,0.35200052060922943,0
0,0.004995859984962238,0
1,0.6568750468981448,1
0,0.06359368862572147,0
0,0.024321764641668978,0
1,0.9976494292623228,1
0,0.006517917165028453,0
0,0.028873278157641298,0
0,0.010970620063495114,0
0,0.058635144235419406,0
0,0.013375517639650466,0
1,0.9965439529393288,1
0,0.0027065991218589666,0
0,0.0026029164818164923,0
1,0.9906438365817133,1
0,0.036565119134428024,0
0,0.09515918771890329,0
0,0.577224705777508,1
0,0.01639265078595201,0
0,0.09529449859814212,0
0,0.0005670480894077899,0
0,0.0010539347229944131,0
0,0.4395071271936964,0
0,0.005758423161083053,0
1,0.9847900654955906,1
0,0.0033408738146158135,0
0,0.7000650126793895,1
0,0.32101124950519966,0
0,0.32979439615164163,0
0,0.6750664053977021,1
1,0.7972318373631138,1
0,0.03385850557723989,0
1,0.699604797746882,1
0,0.2860911060208801,0
1,0.8378855606334712,1
0,0.08451468794632329,0
0,0.006545891342420958,0
0,0.1757544924310551,0
0,0.25718715423853905,0
0,0.005885616870010712,0
0,0.02723237711007935,0
0,0.37812803595965544,0
0,0.9213105547809556,1
1,0.8272597674413036,1
0,0.6666321214097238,1
1,0.9821459488869644,1
0,0.00803818907036035,0
0,0.0627241345263415,0
0,0.013373113796037454,0
0,0.14063738883304164,0
0,0.5339579396941736,1
0,0.039179611393354,0
0,0.3982749493269605,0
0,0.3411459121638086,0
0,0.0290951465021933,0
0,0.23441723688295216,0
0,0.003961342033556114,0
0,0.01573188960509393,0
0,0.015330724025231487,0
0,0.40210834519050764,0
0,0.5486573675506292,1
0,0.7912279309884104,1
0,0.009023453010407656,0
0,0.38782008130891693,0
0,0.0025348894152086676,0
1,0.7507387855112289,1
1,0.9250699881131909,1
1,0.981015525082386,1
1,0.8820877311723435,1
0,0.03876583372769184,0
0,0.13128561889465748,0
1,0.22260709482841182,0
0,0.5514975647769752,1
0,0.026259538284487974,0
0,0.15160567009877884,0
0,0.04866611210531764,0
0,0.6482536775505814,1
0,0.04408846928672577,0
0,0.031236394478747046,0
0,0.9124225352737223,1
0,0.04787313587000179,0
0,0.2678389142676851,0
1,0.6303305223680828,1
0,0.005506298839738834,0
0,0.019360179720262494,0
0,0.31697409850781566,0
1,0.8776334641772512,1
0,0.049176003112894134,0
1,0.5555803795899988,1
0,0.8651308968971825,1
0,0.0018130653961267707,0
0,0.013249862824302613,0
0,0.2596874000376913,0
1,0.33432581956666674,0
0,0.0018622603271306903,0
0,0.3554900343949319,0
0,0.1642224452279247,0
1,0.9977418843485166,1
0,0.035513934913010935,0
0,0.2898813962812456,0
0,0.5104503208989867,1
0,0.6238604217429773,1
0,0.16127647076858367,0
0,0.10798185578533524,0
1,0.9820209490592717,1
0,0.03897911760877647,0
1,0.7717136245048407,1
1,0.8430634271524474,1
0,0.44306676771740733,0
1,0.9890880148082356,1
0,0.0011703516093121602,0
0,0.04968273046641983,0
1,0.7016376348189436,1
0,0.006292777723609299,0
0,0.6542201542383241,1
0,0.14654348101144643,0
0,0.08503027273349112,0
0,0.029719246835804843,0
0,0.0012947287036059964,0
0,0.4257777396954611,0
0,0.8888918266203387,1
0,0.09788040850452724,0
0,0.015283689472452037,0
0,0.013169060194336021,0
1,0.998734789916885,1
0,0.459178504757515,0
1,0.8233959579324571,1
1,0.9968806565191746,1
1,0.8247524510278725,1
0,0.7756836996805425,1
0,0.6816227593484816,1
0,0.041830085164276394,0
0,0.7135952191342443,1
1,0.17767343257236265,0
0,0.011406053545967122,0
1,0.9143734646877826,1
0,0.7815266854590842,1
1,0.8932982109216362,1
0,0.007033750555788372,0
0,0.004449910280689354,0
1,0.8311578010038142,1
0,0.06953008461339628,0
0,0.8365956004239535,1
0,0.1283260406203432,0
0,0.09488577645145736,0
0,0.03214005135392298,0
0,0.006508366726257792,0
0,0.13708456719016235,0
0,0.7366980979280205,1
0,0.6061817434032623,1
0,0.12150129085728241,0
0,0.7836950683899331,1
0,0.8574749044165564,1
0,0.07901012243453352,0
1,0.8130926553592716,1
1,0.025732028244519166,0
1,0.9983068009955761,1
0,0.649476815798159,1
0,0.0777439107713004,0
1,0.9954840113366716,1
0,0.2688833149194131,0
0,0.44777052910149406,0
0,0.835482048083517,1
0,0.003196537244751645,0
1,0.9783866161396134,1
0,0.28868465880968575,0
0,0.02543491929391722,0
0,0.11046198950163777,0
0,0.027424260890466078,0
0,0.03477500549881924,0
0,0.8510643193717091,1
0,0.23418132444468398,0
1,0.5811497032588528,1
0,0.09313723931199734,0
0,0.04685228237807037,0
1,0.8994284269366029,1
0,0.5028416945173774,1
0,0.0029566929029835615,0
1,0.5902438480975184,1
0,0.053136947361620834,0
0,0.051616948430826794,0
0,0.46379031685224054,0
1,0.8751461915056735,1
0,0.08660078801147664,0
0,0.018764679619503174,0
0,0.08794809924291334,0
0,0.8318560690461587,1
0,0.012342921549363207,0
0,0.005251972052793791,0
0,0.06501590118590819,0
0,0.011188088876822058,0
1,0.8658358949624303,1
0,0.00125569234428742,0
0,0.006781451440044684,0
1,0.8980094286283802,1
0,0.14748457695853864,0
1,0.8362888271296807,1
0,0.05821342532748142,0
0,0.009924251776246968,0
1,0.7919387097693213,1
1,0.8700592748004338,1
0,0.004490031075377597,0
1,0.7490710975727676,1
1,0.6683967385865898,1
0,0.06097552910448072,0
0,0.020751458984571015,0
0,0.014049909844768222,0
0,0.0965188955577495,0
0,0.003091801462807227,0
0,0.06024859391010151,0
0,0.002914239275297967,0
0,0.004340528622701224,0
1,0.9886305649978174,1
0,0.0024638073591779553,0
0,0.4180736271758521,0
1,0.777964806631319,1
0,0.0006780312376652015,0
0,0.2000125345423251,0
0,0.00565611258951122,0
0,0.12916307141775296,0
0,0.4506043911361555,0
0,0.007850499970674475,0
0,0.12772305660465635,0
0,0.885930563434225,1
0,0.34897125612896573,0
0,0.18432014016022272,0
0,0.46006175795460874,0
0,0.1610696227489325,0
0,0.0266331368412558,0
0,0.3905718339897094,0
1,0.14942747496441927,0
0,0.009021054058273777,0
0,0.17125469879683738,0
1,0.80374117191149,1
1,0.9353596174324696,1
0,0.011741533455745797,0
0,0.21635889514043252,0
0,0.41136622650611415,0
0,0.05280812831793046,0
0,0.0851183346636272,0
1,0.5558747762022681,1
0,0.02503346723713714,0
0,0.0005904305190991922,0
0,0.8097367845814866,1
0,0.5901688669257212,1
1,0.7164672265615694,1
0,0.025437614202165323,0
0,0.2525531216039216,0
0,0.003950966488246998,0
1,0.5436488869637216,1
0,0.037239006932368236,0
0,0.02643618845236187,0
0,0.00373001925928959,0
0,0.2571791290299623,0
0,0.0008150968822124331,0
1,0.9949741958320849,1
0,0.6346745124706697,1
1,0.9986030064811131,1
1,0.6973567718869379,1
0,0.041106847122971156,0
0,0.18756633321351654,0
0,0.04799689281880042,0
0,0.03514941222203797,0
0,0.002913704844628088,0
0,0.011410034790057283,0
0,0.02865224751506202,0
0,0.0017931726699116632,0
0,0.7580525566605459,1
0,0.009086631910429287,0
1,0.3621535451261806,0
0,0.027861160130191312,0
0,0.0012283167836052175,0
0,0.01330880702050697,0
0,0.8011060574586015,1
1,0.7298283911513479,1
0,0.21222776815012245,0
0,0.007030844963182176,0
0,0.03570371457197873,0
0,0.014017979186446237,0
1,0.8373455084002889,1
0,0.1345194630840667,0
0,0.972036773329332,1
0,0.0069221517363375114,0
0,0.03478239374692892,0
0,0.27970941090651985,0
0,0.8157937831602113,1
1,0.9993537028322113,1
1,0.6629307289703762,1
0,0.0061574267332820554,0
0,0.625410656324196,1
1,0.6781884629732421,1
0,0.0073138138131914904,0
0,0.016791760551207145,0
1,0.9971736027012689,1
1,0.9000764633716885,1
0,0.03681874109506603,0
1,0.9991723629314749,1
1,0.634624674519039,1
0,0.01330244422406388,0
0,0.05819060094047967,0
1,0.8865272107544059,1
0,0.03253143024248283,0
0,0.0027270534013530017,0
0,0.04039716668020638,0
0,0.594259631571918,1
0,0.03419513313428314,0
0,0.4217996281359329,0
0,0.8419129946586034,1
0,0.4361530110615441,0
0,0.00881271924070964,0
0,0.832352415468475,1
1,0.8166283690202654,1
1,0.760609638450999,1
0,0.19636048623461855,0
0,0.089847889936188,0
0,0.00867394517996154,0
0,0.05626295235423316,0
0,0.5405358833615921,1
1,0.7067225317611736,1
0,0.1076278358355963,0
0,0.022900795078108833,0
0,0.4695105721510453,0
0,0.5920679654732631,1
0,0.0010305389539102979,0
0,0.053064874881772355,0
0,0.013201799463079691,0
0,0.07061650329672088,0
0,0.8739971998079402,1
1,0.8178348462000842,1
0,0.7332274267914155,1
1,0.8951826156220557,1
0,0.31895898638329473,0
0,0.725835536726546,1
0,0.006553513490195546,0
0,0.07648048079739657,0
1,0.929804688986491,1
1,0.6895706519834187,1
0,0.16084443581759497,0
0,0.18013079105753155,0
0,0.06316426205355873,0
1,0.6936438229372289,1
0,0.2977758287851731,0
0,0.0100687886627857,0
1,0.8894079229287507,1
0,0.594873572250776,1
0,0.00819534420632351,0
0,0.047390477785392335,0
1,0.9898883754097878,1
0,0.0011141526184335693,0
0,0.13230975365763725,0
0,0.1267204415702357,0
0,0.021988982868697944,0
1,0.7385944259981007,1
0,0.6309028925552774,1
0,0.004033131869755445,0
1,0.8704046715396638,1
1,0.25726882630702075,0
0,0.010340655334602395,0
0,0.6185543477827625,1
0,0.10714909878642849,0
0,0.008567181504025585,0
0,0.11591590563513833,0
0,0.26125962912599404,0
0,0.08268952617194213,0
0,0.02256658432390399,0
1,0.5430003428781017,1
0,0.027782488270556283,0
0,0.18091851946434698,0
0,0.8239762260149848,1
0,0.17670589542523615,0
0,0.007857088223249627,0
1,0.8135912582981527,1
1,0.9689316398765745,1
0,0.03578373249212059,0
0,0.4549424402061264,0
1,0.8902818909378284,1
0,0.027880690308665818,0
0,0.7457304637625394,1
0,0.7637678874947966,1
0,0.4751731710729389,0
0,0.008258426796557788,0
1,0.08291470203695793,0
0,0.530583753933128,1
0,0.3497654910927618,0
0,0.032079525631114776,0
0,0.10047576198529037,0
0,0.007365213166754446,0
1,0.9840192651292703,1
1,0.6786375640182971,1
0,0.6913059716714757,1
0,0.02697761720008146,0
0,0.0003640713390978081,0
1,0.6652790774363065,1
0,0.027425118355895776,0
0,0.37084846856892717,0
0,0.007489392822720292,0
0,0.4335763897605071,0
0,0.03470979774968442,0
0,0.259876003608243,0
0,0.017214258993830906,0
1,0.9443132013741994,1
0,0.06969192115046158,0
0,0.15281293780173089,0
0,0.13986730953597842,0
0,0.6900456971368468,1
0,0.47359661648035895,0
0,0.005352891938410939,0
0,0.06538164117747507,0
1,0.8236733982298042,1
0,0.1042247739268486,0
0,0.5256207717103769,1
1,0.8054829196728067,1
0,0.0923068165832822,0
0,0.08147278164418952,0
1,0.9965723353841961,1
0,0.22857208498122442,0
0,0.584815422437094,1
0,0.34959543063194815,0
0,0.024840787338838155,0
1,0.5939510244078336,1
0,0.5746807854745284,1
0,0.19458064134154868,0
1,0.8028898111587538,1
0,0.002530502506386412,0
0,0.28637507812593366,0
1,0.9994351758236348,1
1,0.4709177282583843,0
0,0.5887926307223391,1
0,0.43104353017238883,0
0,0.005273404752339038,0
0,0.6251232963891384,1
0,0.7926819073615159,1
0,0.8550420565369838,1
0,0.08411820255167389,0
0,0.03794229085747454,0
0,0.004216588776358484,0
0,0.009727856757988302,0
0,0.012720547582604814,0
0,0.0028600942848173764,0
0,0.7080462686406858,1
1,0.9880541430299423,1
0,0.026136578514733257,0
1,0.8791581777855227,1
1,0.9343864027434148,1
0,0.721161746986268,1
0,0.6994197336333282,1
0,0.5462784255477268,1
1,0.8564582561439438,1
0,0.5147288554582845,1
1,0.985091353095566,1
0,0.5744496849005675,1
1,0.7534272383022339,1
0,0.08270762284524277,0
0,0.0075025024473976305,0
0,0.059001792374741846,0
0,0.6226609132094184,1
1,0.8635925763360224,1
1,0.8122152441489282,1
0,0.013822135779427805,0
1,0.5731104931756168,1
0,0.02672201124447592,0
0,0.0005551948032738424,0
0,0.602974271501168,1
1,0.8741922727996086,1
1,0.46613940861376496,0
0,0.0324739710116102,0
1,0.6183163941302452,1
0,0.05416716262913912,0
0,0.1255547761867094,0
0,0.01415451001985332,0
0,0.018046301758150095,0
0,0.020723077254241884,0
0,0.0031470409184776436,0
0,0.30149205387007866,0
0,0.21360097648201537,0
0,0.15079106665730807,0
0,0.10646261467995724,0
0,0.17217265676852309,0
0,0.19481969443968747,0
0,0.021589273870572554,0
0,0.5161924036222012,1
0,0.144821863548293,0
0,0.00838141629001441,0
0,0.5813560218622844,1
0,0.010903746667920157,0
0,0.8539853638160555,1
0,0.009078746921243686,0
1,0.8880759718448711,1
0,0.08497581532835871,0
0,0.0199996417049127,0
1,0.5899901252745552,1
0,0.5621041422912735,1
0,0.041950364479178534,0
1,0.7746282261380613,1
0,0.21684411303192086,0
1,0.909891716062739,1
0,0.13684943937060767,0
0,0.8071912585192813,1
0,0.0016441124475682289,0
0,0.041550119529747936,0
0,0.6279585026926079,1
1,0.5466597616699215,1
0,0.014098969411633726,0
0,0.011607397554952187,0
0,0.062809643995823,0
0,0.012227362834576,0
0,0.007901016298056307,0
1,0.9299959309715699,1
1,0.9123317680410448,1
0,0.1054772388660437,0
0,0.5100971688997465,1
1,0.8642189638815017,1
0,0.1490576694792802,0
0,0.3967091561372599,0
0,0.03736731729463903,0
0,0.018080471438150475,0
0,0.0007877316130737836,0
0,0.0037630872862420735,0
1,0.6948964767609098,1
0,0.19358709081480452,0
0,0.005426803817369992,0
0,0.003133709386576275,0
0,0.7702711440993524,1
0,0.06705418397564533,0
0,0.011605301970933707,0
0,0.018721733096814127,0
0,0.00960316369772792,0
0,0.3353499914229643,0
1,0.9907360634694529,1
0,0.2137826463938668,0
0,0.009009015743758125,0
0,0.0014167771952821153,0
1,0.7721076640173039,1
0,0.2147010592580962,0
0,0.0011369037532957891,0
1,0.8445034704816234,1
1,0.6245890877210559,1
0,0.8358526584296164,1
1,0.7981981054254892,1
0,0.030193152417235105,0
1,0.6833835876787274,1
0,0.36837314595315634,0
0,0.28325950263004546,0
0,0.03798083939134664,0
1,0.37417218529561674,0
0,0.8314638784285739,1
0,0.004259859010832092,0
0,0.25809280677430024,0
0,0.3359260072055945,0
1,0.7512068839617927,1
1,0.9085572112373906,1
1,0.9777401604409739,1
0,0.3961809802232367,0
0,0.7714131848544831,1
1,0.6450794827550629,1
0,0.06442634425464124,0
0,0.07163829784767291,0
0,0.324899840473422,0
0,0.0024475070101773987,0
0,0.7505623858045914,1
0,0.028961657091957912,0
0,0.08149704001863621,0
0,0.38982104572561466,0
1,0.9092020558421161,1
0,0.0027689223689732123,0
0,0.017826755880154678,0
0,0.04412871439371796,0
0,0.7539233007476535,1
0,0.7049554060327948,1
0,0.0016504021846692628,0
0,0.010082652423461083,0
1,0.9975743249242736,1
0,0.2975160781131657,0
0,0.021771064315881366,0
0,0.5089940015545248,1
0,0.7837564522674714,1
0,0.061677200906026214,0
1,0.8192717688397869,1
0,0.01153904974521825,0
0,0.20024298221783773,0
0,0.36457458097848655,0
0,0.7860906533472224,1
0,0.14324789431203422,0
0,0.9043127716277909,1
0,0.027164909450598237,0
1,0.9984133175916113,1
0,0.07049992311859306,0
0,0.020996018221979943,0
1,0.5609073808448533,1
0,0.28120353844814605,0
1,0.7772476767057594,1
1,0.9042527900917177,1
0,0.044714409444880025,0
0,0.023499753291992435,0
0,0.1419066413316228,0
0,0.014027007820516421,0
0,0.075233600038548,0
0,0.004836146291469948,0
0,0.44972544683967386,0
1,0.9982964554625368,1
1,0.785057498625845,1
1,0.09820738942493065,0
0,0.005691030125409123,0
0,0.04544655745131621,0
0,0.6471911766442494,1
0,0.6478597697886382,1
1,0.3094238849327134,0
0,0.005360372316948753,0
0,0.0573057529474004,0
0,0.8773388901693616,1
0,0.036664083698577814,0
1,0.9983166807517483,1
0,0.008516751478063677,0
0,0.3898200044246347,0
0,0.8693853770959756,1
0,0.03128078835239673,0
0,0.006456672292321823,0
1,0.8951702516465043,1
0,0.5981754655100537,1
0,0.014127761410388578,0
0,0.05886554413116064,0
1,0.819071391736899,1
0,0.0092757965069223,0
0,0.08410869289070429,0
0,0.02431550510434476,0
0,0.6456858442957936,1
0,0.32233171588913473,0
0,0.2658258650012715,0
1,0.8770386816283574,1
0,0.006110611889740184,0
1,0.9179560906799472,1
0,0.003169119205915756,0
1,0.9989412831528759,1
0,0.02312167271126606,0
0,0.5044273078777195,1
1,0.9860032175026983,1
0,0.02806258543855853,0
0,0.22325716252508782,0
0,0.18141735499449568,0
0,0.1503923178845103,0
0,0.3234480787055889,0
0,0.2563633528351541,0
0,0.3815380600677861,0
0,0.0009008849978503186,0
0,0.18982951557362057,0
0,0.4294826860712117,0
0,0.07285839659249109,0
1,0.950678617101995,1
0,0.4748800430011333,0
0,0.595092915964973,1
0,0.07093720697599104,0
1,0.5462146864498931,1
0,0.4310228936385391,0
1,0.9256037441537421,1
1,0.989826604387727,1
0,0.17547586138764165,0
0,0.006080707952955488,0
0,0.3356895411597598,0
0,0.0009478283602379571,0
0,0.20631861722101258,0
1,0.9909637066842303,1
0,0.0018501632899260525,0
0,0.016036570871086387,0
1,0.5906859984990792,1
0,0.5218787295018714,1
0,0.0350102159044654,0
0,0.0011844809820655076,0
0,0.0376966266207592,0
0,0.016884661490493863,0
1,0.8275661972152745,1
0,0.11531830640729863,0
0,0.36517357994572464,0
1,0.1201215349243396,0
0,0.20265859602325578,0
0,0.26380645171356937,0
1,0.9950312784827923,1
0,0.4312373273448034,0
0,0.7103527067496471,1
0,0.022570063155238972,0
0,0.9985740371924287,1
0,0.5169433666661891,1
1,0.7857218510615925,1
0,0.02168153894170074,0
0,0.8890063365902774,1
0,0.061812516391252764,0
0,0.2598026045396193,0
0,0.06522863538484515,0
0,0.025664461736375738,0
0,0.0023030397724102774,0
0,0.001000223099902249,0
0,0.3025477329960218,0
1,0.9994830706400872,1
0,0.010108918672498062,0
1,0.9984192322961075,1
0,0.8784019895094484,1
0,0.28379060420580593,0
0,0.0158165185061423,0
1,0.9940998672952877,1
0,0.039768514095402496,0
0,0.17345323722963432,0
0,0.042688858682689505,0
0,0.06388699317464648,0
0,0.001988644165256037,0
0,0.18152336309591005,0
1,0.9983002215547095,1
1,0.9343603653528222,1
0,0.16791347455325367,0
0,0.02132068129737834,0
0,0.030666407338652876,0
0,0.6041030238391467,1
0,0.5806557115510655,1
0,0.0015176335281637233,0
0,0.5235629451786229,1
0,0.05406709895270093,0
0,0.0010905101205527289,0
0,0.031721734155473115,0
0,0.5792472792965692,1
0,0.028069462132721105,0
0,0.048344422363179776,0
0,0.20742155289356695,0
0,0.764744415702584,1
0,0.0018736641358216644,0
1,0.9296698791177368,1
0,0.808875498545814,1
0,0.024029002761342406,0
0,0.014743731842709568,0
0,0.17038361873886435,0
0,0.02537844246210024,0
0,0.11685498534950767,0
1,0.5804405243547184,1
0,0.04690136661723441,0
0,0.02292820636476171,0
1,0.5555341370120684,1
0,0.9318828636696757,1
0,0.0019026446901653402,0
0,0.2074960599291495,0
1,0.6677836735288275,1
1,0.8990357459852205,1
0,0.2971606142909555,0
0,0.3283518756843748,0
0,0.19895214961812388,0
0,0.31027742781830187,0
0,0.3133091577960265,0
0,0.01751649094802646,0
0,0.016424710867276593,0
0,0.21556975502370707,0
0,0.012919657413467052,0
0,0.05642011534093534,0
0,0.002683505590738524,0
1,0.9440271909527912,1
0,0.01033769375291352,0
0,0.5481151379349312,1
1,0.9882295498477579,1
0,0.6247355052693453,1
0,0.026578648458821585,0
0,0.6648135615251874,1
0,0.5206067413845826,1
0,0.5262609434387604,1
0,0.3441220411817648,0
0,0.005888473542825343,0
0,0.5601510840394274,1
1,0.6377135135555475,1
0,0.8440641910326153,1
0,0.0029288871670052176,0
0,0.03951276926382807,0
0,0.002490354473740196,0
1,0.9783376991115693,1
0,0.004687260679389871,0
0,0.002807518684635381,0
0,0.17614803065795367,0
1,0.9915107356605634,1
1,0.8742733683103135,1
1,0.7150284345885173,1
0,0.036111019715076076,0
0,0.013572957447434914,0
0,0.0030135880566760967,0
1,0.7611871392336215,1
0,0.07113597516487738,0
0,0.01704949699757805,0
1,0.8868740830466261,1
1,0.9986145252036233,1
0,0.0011985732513045027,0
0,0.7333032153802427,1
0,0.08644073748694706,0
1,0.8178728293436236,1
0,0.003550116871030977,0
0,0.15064792648029138,0
0,0.1572718924755641,0
0,0.835763827714723,1
1,0.9498386080830541,1
1,0.3755369561273937,0
0,0.00045724877211681173,0
1,0.789887522915985,1
0,0.0037295299983488395,0
1,0.8297025963351915,1
1,0.8780902625708792,1
0,0.0016544413922945464,0
0,0.2977918172815975,0
1,0.9870365031944088,1
0,0.005005186390411269,0
0,0.6982497426837136,1
0,0.2774339911390471,0
0,0.5234130825160416,1
0,0.8056038377074778,1
0,0.020460201550395116,0
1,0.8343003996066277,1
0,0.004337914599621847,0
0,0.09720612913649508,0
1,0.13672439846224482,0
0,0.002496857060316902,0
0,0.11174660070463376,0
1,0.9988225011640893,1
1,0.9004309504003745,1
0,0.5211143664002617,1
0,0.8917666602497688,1
0,0.7928199615114486,1
0,0.9010975571155228,1
0,0.0012905159258345866,0
0,0.009760161678517803,0
0,0.6274002800600296,1
0,0.027285057895288508,0
0,0.470760385305899,0
0,0.020657123396763944,0
0,0.10395505492509752,0
0,0.49521603962925526,0
0,0.8953983664491479,1
0,0.7632222626867367,1
0,0.002743538093335321,0
0,0.32392074147374683,0
0,0.22653178622316625,0
0,0.814129335386944,1
0,0.6680712825763094,1
0,0.011288174920417678,0
0,0.09645155525751495,0
0,0.009837824546352956,0
0,0.05022281822186197,0
0,0.03264929733681925,0
0,0.03324567012726452,0
0,0.883173383968653,1
0,0.011548382855237802,0
0,0.27386389918639237,0
0,0.10016103725231769,0
0,0.0013497039063946614,0
0,0.8218748100548259,1
0,0.741777330805116,1
0,0.10661453365759213,0
0,0.6744167794746607,1
1,0.8277781625463444,1
0,0.27769066824289246,0
0,0.0019938673035607896,0
1,0.9969790477671197,1
1,0.5699506629277588,1
0,0.15178528444828215,0
0,0.17868414666678767,0
0,0.004016340485817234,0
1,0.9668266165921531,1
0,0.08040000218166093,0
0,0.6568334523932536,1
0,0.8565726382941736,1
1,0.9228257778377914,1
1,0.9136367695982511,1
0,0.14061431084384016,0
0,0.528399303638674,1
0,0.004991822334153467,0
0,0.0012371864064800555,0
0,0.1136009462330478,0
0,0.8284785171282242,1
0,0.03732028024730571,0
0,0.7715758615289064,1
0,0.039061948312848774,0
1,0.054170158034381875,0
0,0.135032913478554,0
0,0.003146444605391372,0
0,0.6085289890296283,1
0,0.20742953602358527,0
0,0.001942700318213382,0
0,0.5217007788726373,1
1,0.15539738944900836,0
0,0.008833533266506101,0
0,0.019819430781565454,0
0,0.19815311565297825,0
0,0.129027989308243,0
0,0.7407922377414644,1
0,0.0019507575490679261,0
0,0.7063053563792435,1
1,0.7417203744486315,1
1,0.9098016654681236,1
0,0.002631110928937855,0
0,0.03319844884932801,0
0,0.026469333402244413,0
0,0.04703444353268141,0
0,0.10458946872454639,0
1,0.8204657734514829,1
0,0.0839310751521119,0
1,0.9325325937959362,1
0,0.03785863408742559,0
0,0.6489239930134962,1
1,0.3658969923323702,0
0,0.7429070455732996,1
0,0.2137414640393696,0
0,0.2751419889567403,0
1,0.8406073615673353,1
1,0.028243846797007203,0
1,0.9983376161740992,1
1,0.19102763726065053,0
0,0.09625798622623626,0
1,0.8171476312413991,1
0,0.6287063015732046,1
0,0.8852090387984775,1
0,0.20614485364448554,0
0,0.03957646282443874,0
0,0.7014880927665773,1
0,0.4185046318406259,0
0,0.33102087060604063,0
1,0.8557331418530377,1
0,0.2298136357939235,0
0,0.026788639433075995,0
0,0.0078079841352588705,0
0,0.0724743519662401,0
0,0.768531353931583,1
0,0.006498256576835621,0
0,0.0007655549354088571,0
0,0.9911440709372329,1
0,0.33484539888651066,0
1,0.8227855968862737,1
0,0.23486626939537553,0
0,0.6929702174224792,1
0,0.4896650028658651,0
0,0.02912618432053146,0
0,0.02236465358128019,0
0,0.7626929060074165,1
0,0.1494090829024697,0
1,0.43311828820476134,0
0,0.6963052096901735,1
1,0.7940970297495011,1
1,0.6517925488029294,1
1,0.9973229160620738,1
0,0.006032279205265501,0
0,0.03180259130917731,0
0,0.0013908408577525623,0
1,0.24199223725092084,0
1,0.9138825494136347,1
0,0.13466861916211664,0
0,0.019816998389465334,0
0,0.006373310302052637,0
1,0.7424605596478862,1
0,0.3045306513247395,0
1,0.8921045499319035,1
0,0.011156694032902476,0
0,0.2706454425772781,0
0,0.0035195868511653725,0
1,0.3300584158533465,0
0,0.251438469954469,0
0,0.11840787782158099,0
1,0.9719034366930671,1
0,0.0160724069324455,0
1,0.9135449107190475,1
1,0.8377695549905839,1
0,0.10978644656561365,0
0,0.0016751422214541134,0
0,0.1392307459089253,0
0,0.04506701070093849,0
0,0.10795962148453678,0
0,0.01698351539470608,0
0,0.7309071305322746,1
0,0.5054324970151765,1
0,0.01691793855990889,0
1,0.972335405482744,1
1,0.9054910662206559,1
0,0.3882574636472823,0
0,0.020141366323284567,0
0,0.5337733296697567,1
1,0.6416940520878238,1
0,0.5828497951554888,1
0,0.0858369535954724,0
0,0.007827542346707057,0
1,0.9541052951559055,1
0,0.47979214602402254,0
1,0.9973543239401236,1
0,0.2112353504909717,0
1,0.9744642697856586,1
1,0.7472137119678636,1
1,0.8863950516428115,1
0,0.4422351997119021,0
0,0.009134119707131684,0
0,0.34542794363029583,0
0,0.001840417548151502,0
0,0.18171790635823912,0
0,0.21933988708394955,0
0,0.002278440816851796,0
0,0.0035389742164410746,0
1,0.7093424896793178,1
0,0.4112364720572254,0
0,0.8020398176191565,1
0,0.009433045545564296,0
1,0.9923225507377607,1
0,0.9009345784003695,1
1,0.9742463061716491,1
0,0.26115966068606516,0
0,0.6351073479276158,1
0,0.11476626456353999,0
0,0.004638299716757231,0
0,0.15457563671936683,0
0,0.0526870333830019,0
0,0.6722569422939795,1
0,0.003420910715311073,0
1,0.6821643915168495,1
0,0.10485592224680752,0
0,0.11283260234893983,0
0,0.009010951409477235,0
0,0.027969500451807447,0
0,0.0009462893732385386,0
0,0.005573178054615044,0
0,0.09478591226939628,0
0,0.5304559016251188,1
0,0.07740234876415202,0
0,0.0017612302696429654,0
1,0.9798466900178209,1
0,0.5486318131712495,1
0,0.0025977870644867764,0
1,0.9589945154262526,1
0,0.001351486654572674,0
1,0.8444497089876505,1
0,0.012685022255574595,0
0,0.004248972205604751,0
0,0.004093659168201013,0
0,0.042455090026370816,0
0,0.4074986018344425,0
0,0.0033823148903887597,0
1,0.8863223207166175,1
0,0.001968357245923754,0
0,0.15789277651549163,0
1,0.9124000080102574,1
1,0.8300263661448287,1
0,0.012621978632269503,0
0,0.4018969541344049,0
0,0.16936406969815734,0
0,0.32638955288208016,0
0,0.8620455587846197,1
0,0.037396129983614176,0
1,0.9939056886700344,1
0,0.04250803839797751,0
0,0.03804234217347868,0
1,0.7754460613586416,1
0,0.0035451647171776592,0
0,0.014782093349274356,0
0,0.3506846709648886,0
0,0.000562741431552427,0
0,0.03997726447474437,0
0,0.026797704869463874,0
1,0.7879999302230778,1
0,0.20265098811950427,0
0,0.018924316357513904,0
0,0.059943597402755414,0
0,0.05393315380940569,0
0,0.0006780312376652015,0
0,0.5161969971606716,1
0,0.0022371404799465,0
0,0.046151770023576746,0
0,0.02393509337760108,0
0,0.0008477281502789135,0
0,0.6237042443352766,1
0,0.03214930638663861,0
0,0.10493174058605344,0
0,0.5079189550683426,1
0,0.03328789908203989,0
1,0.9633303283410855,1
0,0.06209739587992635,0
0,0.021191963013277488,0
1,0.9985237107406523,1
1,0.934924103861455,1
0,0.09282483692381678,0
0,0.007696308387882375,0
0,0.0667720432992886,0
0,0.03170486128438181,0
1,0.6801306773702519,1
0,0.009495194203524772,0
0,0.4402763115858777,0
0,0.7412644635662254,1
0,0.0854440547188308,0
0,0.5632456435474573,1
1,0.7069478878259123,1
0,0.16248508243741555,0
0,0.7195739352893451,1
0,0.8698024106630835,1
1,0.870740831865814,1
0,0.44582172731309966,0
1,0.9959320115557533,1
0,0.05609311911204931,0
0,0.04840721116860976,0
1,0.7629321224963986,1
1,0.18558382220467406,0
1,0.9923464661295187,1
0,0.5535929551841112,1
0,0.9313109998905397,1
0,0.03893934187308433,0
1,0.9770812069913765,1
1,0.9985657791204375,1
0,0.06768091095196943,0
0,0.019949494442385602,0
0,0.0028482016473293844,0
0,0.0030561422428436445,0
0,0.007961510211242185,0
0,0.22044612719511325,0
0,0.051868398911560636,0
1,0.6072267620888565,1
1,0.7752586880649796,1
0,0.20971251330535098,0
0,0.03871174661037921,0
0,0.7159868206931238,1
0,0.03362813556879362,0
0,0.7339590621154556,1
0,0.000872434138086242,0
0,0.1603974261550453,0
1,0.8754483913092355,1
0,0.023752573318066444,0
0,0.02227885020116065,0
1,0.8400932952258601,1
0,0.0868993622351445,0
0,0.02086248043396724,0
0,0.7503933878532953,1
1,0.821403132409977,1
0,0.13619549932039995,0
0,0.4162740336206629,0
0,0.049707443090897696,0
0,0.45015073795729754,0
0,0.07717049249021897,0
0,0.010048573169706315,0
0,0.01414706065183388,0
1,0.8570996816763548,1
1,0.45573655636187177,0
0,0.13208991821037114,0
0,0.002784457953250353,0
0,0.11603855900687249,0
1,0.8866315159989022,1
0,0.2051420645875008,0
0,0.00842128400316189,0
0,0.6182263939616391,1
0,0.0174910123679039,0
0,0.013583418403125443,0
0,0.5474952454582196,1
1,0.36940242419706265,0
0,0.07878649332126009,0
0,0.0025118813538453247,0
0,0.068657201158071,0
1,0.46331028464737883,0
0,0.012515963074065758,0
1,0.9974186684067516,1
0,0.17660727571311838,0
0,0.02885023391006182,0
0,0.00902744573889823,0
0,0.03129825268671398,0
0,0.15129559432688658,0
0,0.739167389721097,1
0,0.12264596257022538,0
0,0.26221445820370304,0
1,0.5013486754619016,1
0,0.5362702528540866,1
0,0.02579674682686673,0
1,0.885405592813932,1
0,0.6604941745266655,1
0,0.03511375623893745,0
0,0.004445565667813559,0
1,0.927475702603436,1
0,0.52360786833142,1
0,0.42652700370332725,0
0,0.13297905917622432,0
1,0.755687922350041,1
1,0.7197228937721791,1
0,0.03399939754355964,0
0,0.18533610257224917,0
0,0.43715762169647043,0
0,0.276274654124681,0
0,0.7023437528993219,1
0,0.029228010016828922,0
0,0.05867644060774015,0
0,0.13498523066191112,0
1,0.13724048078543094,0
0,0.13997964403316115,0
0,0.3101216251635376,0
0,0.30998665379199186,0
0,0.21602058415448336,0
1,0.9899232603877354,1
1,0.7924276290154323,1
0,0.06529692113781309,0
0,0.02624749762620836,0
0,0.015251849084391013,0
0,0.46417506042238077,0
0,0.28440755680282115,0
0,0.6836264297599663,1
1,0.6582361162374847,1
0,0.05167810002339443,0
0,0.06200868406718337,0
0,0.11382230929305337,0
0,0.3615170005499245,0
0,0.06652158042211621,0
0,0.08376695751001759,0
1,0.9858652663923716,1
1,0.819810594783009,1
0,0.055372890217348175,0
1,0.9296653400497017,1
0,0.7123204700369066,1
0,0.372875343844651,0
0,0.0451623674226451,0
0,0.012757231754391998,0
0,0.17117698766387487,0
0,0.5519234705719793,1
0,0.1623613516586295,0
1,0.9045930517601317,1
0,0.555915495697572,1
0,0.019258196891666853,0
0,0.08266980465709563,0
0,0.19459030554882692,0
0,0.0037250685504966537,0
0,0.07642184073776266,0
0,0.095416917877385,0
1,0.5754612297235493,1
0,0.3780071169485825,0
0,0.697966356504138,1
1,0.9875812650560518,1
0,0.10010590490733552,0
1,0.8586640125221587,1
0,0.29283403967496724,0
0,0.04413490529924225,0
1,0.8043521424535107,1
0,0.23048797703436003,0
0,0.3384105609845483,0
0,0.0279393603725498,0
0,0.008410689798098779,0
0,0.002456955198232389,0
0,0.05150952276835978,0
0,0.813377291479519,1
0,0.8340440644739456,1
0,0.8972060621926514,1
0,0.4665986616318079,0
0,0.012178614597620725,0
1,0.872661138087386,1
1,0.9158285210853471,1
0,0.0038684846699852103,0
0,0.3162105850018691,0
1,0.608006435908015,1
0,0.010241623695379573,0
0,0.10609084816278008,0
0,0.04275538782288136,0
0,0.006584469438464133,0
0,0.027111158211335022,0
0,0.5714775033590026,1
1,0.8029670200873278,1
1,0.7286488777423287,1
1,0.6788782777713375,1
0,0.34450039200784166,0
0,0.14210207923394452,0
0,0.0016889602645751949,0
0,0.0016716633169229778,0
1,0.934970111969618,1
0,0.019121155205358103,0
0,0.1601651808944948,0
0,0.002269003183581278,0
1,0.7000800201666956,1
0,0.5798782567926831,1
0,0.023027306199848007,0
0,0.003177816085806248,0
0,0.08879433150372003,0
0,0.07549797092313884,0
0,0.5121280123715393,1
0,0.0056037993022637666,0
0,0.04233818704240482,0
0,0.015047232254000526,0
0,0.21068474528832154,0
0,0.0176368299674759,0
0,0.14631273712183954,0
0,0.3355873479813169,0
0,0.8235842145932464,1
1,0.8649985505584741,1
0,0.06432916415038561,0
0,0.18601727602313814,0
1,0.9991164696168263,1
1,0.9960705724734311,1
0,0.012561473836777835,0
0,0.015244333356054723,0
0,0.23467504759443894,0
0,0.002115280804807229,0
0,0.2245402824380021,0
0,0.5321398333615152,1
0,0.0032420061019815616,0
0,0.818391068005271,1
0,0.001835822706845057,0
1,0.8938670967980767,1
0,0.0309762218414744,0
0,0.0036685532960465863,0
0,0.5630955874248014,1
0,0.0402792203210291,0
1,0.6947663983335447,1
1,0.18727614329601175,0
0,0.5296216456848255,1
0,0.002166453490714481,0
1,0.8103777945854111,1
1,0.904117643084034,1
1,0.9992313976299931,1
1,0.9969283581338854,1
0,0.00181560719809586,0
0,0.001967838175569097,0
1,0.9933076968480101,1
0,0.005723876678280455,0
0,0.31111460380848466,0
0,0.48668819971261856,0
0,0.0013877905063860235,0
0,0.21172969786325543,0
0,0.0007628864529337415,0
1,0.3341868120776326,0
0,0.030554073190637313,0
1,0.9831320597684587,1
0,0.005485423997425101,0
0,0.6026422501461083,1
0,0.4005649160308934,0
1,0.6665564212244498,1
1,0.4633646067019445,0
0,0.010704230589476081,0
0,0.003921495632846347,0
1,0.7401475218804616,1
1,0.9977966861083019,1
0,0.09803384370744216,0
0,0.2181768901929153,0
0,0.15010217618134009,0
0,0.33435561028398864,0
0,0.025141230890473015,0
0,0.011384801964028982,0
0,0.005952189902851201,0
0,0.7495137941658273,1
0,0.06334047021333858,0
0,0.19905546717792802,0
0,0.4015725123075435,0
0,0.09245935472154028,0
0,0.23824606563488582,0
0,0.003925744448895252,0
0,0.012438730515139693,0
0,0.6293415966834804,1
0,0.12334604540527913,0
0,0.4284422463459336,0
0,0.014396523926605656,0
1,0.8347313410730822,1
1,0.5371532663615984,1
0,0.043046068180996974,0
0,0.026400283141242282,0
0,0.01748210295830751,0
1,0.7643579773045934,1
0,0.2522098835702569,0
0,0.20884739840725486,0
0,0.020355499411491375,0
0,0.00043119940713057486,0
0,0.9082062953410511,1
0,0.765707712055305,1
1,0.9064844699642555,1
0,0.46196402343613013,0
1,0.988265862728196,1
1,0.9969111333553463,1
0,0.5165259140645985,1
0,0.17895864897764222,0
0,0.09486767282701242,0
0,0.06626847959397271,0
0,0.7010079849749637,1
0,0.010270668163154128,0
0,0.2850590183748847,0
0,0.5192113705532693,1
0,0.18889752972953697,0
0,0.09453911145692043,0
1,0.47103223075887024,0
0,0.0021158406628420862,0
0,0.13603533894604272,0
0,0.031344213149417675,0
0,0.03176762679807552,0
0,0.014970596439574557,0
1,0.5464289365799399,1
0,0.824897157917886,1
1,0.5679904088558523,1
0,0.007017525235167803,0
0,0.0033184101177132167,0
0,0.013152054675300617,0
0,0.012899600022461146,0
1,0.9802917166973619,1
0,0.13749652266081727,0
0,0.006158129736751579,0
0,0.01002199213620223,0
1,0.876819017701518,1
1,0.816376718296113,1
0,0.06168103029203726,0
0,0.03419360392083467,0
0,0.0896577422574862,0
0,0.0011140459462683479,0
0,0.7682562510177544,1
1,0.4501835972561095,0
0,0.028094731250280724,0
0,0.45436429109230225,0
0,0.03015233874302983,0
0,0.0031382809956824187,0
0,0.427280597562476,0
1,0.8381499634251476,1
0,0.005174228892061215,0
0,0.28516123597116105,0
0,0.13595280687678174,0
0,0.2351493155437895,0
1,0.3852959559080265,0
0,0.5026361882319487,1
0,0.4126432377975521,0
1,0.5371592402595099,1
0,0.34335695694949314,0
1,0.5744536125768837,1
1,0.3504305118133827,0
0,0.09069496927405434,0
1,0.9555554202706784,1
0,0.7951555043662406,1
1,0.9615585782179317,1
0,0.05254462077957321,0
0,0.7735824372729648,1
0,0.0005427185803601279,0
0,0.3698150272536246,0
1,0.5572684942006702,1
1,0.5916658843667867,1
0,0.7835833972872863,1
0,0.0013246479366564978,0
0,0.1509454970773152,0
1,0.9012445251473088,1
0,0.02711157714025323,0
0,0.002378468436582042,0
0,0.006067623861185148,0
1,0.9245137229619015,1
1,0.11005061686138948,0
0,0.8050919027366793,1
0,0.0011436639447120406,0
0,0.0326660905154721,0
1,0.9984175733519637,1
0,0.05984323388464711,0
0,0.15363842750228165,0
1,0.8726360120950349,1
0,0.16461709241728786,0
1,0.985266969997778,1
0,0.018117641946192073,0
0,0.0014838725564037555,0
0,0.24083327785310796,0
0,0.008703036371224212,0
0,0.008957715178389407,0
0,0.2066209056612789,0
1,0.5729018905747577,1
0,0.07771771335064745,0
1,0.3789029946536158,0
0,0.09279537417612138,0
0,0.00965963724978156,0
0,0.001374490339666291,0
0,0.0019436839374806362,0
1,0.9974110793827838,1
0,0.007265531542911822,0
0,0.028419519252641922,0
0,0.018756914500062234,0
0,0.3303632810774721,0
0,0.821502501052107,1
0,0.28030204683115933,0
0,0.1202069045321425,0
0,0.055795620032752416,0
0,0.07414841300414814,0
0,0.02719034888866592,0
0,0.03482983326938267,0
0,0.5636695502288621,1
1,0.8579241631211626,1
0,0.08470042049539285,0
0,0.02961210205475918,0
0,0.0375771161839004,0
0,0.5634389479521948,1
0,0.007910776805578335,0
0,0.3440517663453675,0
1,0.9320985625773104,1
1,0.7173167958139047,1
0,0.05104395524169673,0
0,0.0033349523932259774,0
0,0.017166180845119523,0
0,0.006856017761761238,0
1,0.9908506007896299,1
0,0.06327794413835472,0
1,0.7471026232225667,1
0,0.012323667980922114,0
0,0.1623747827934519,0
0,0.03551949444335736,0
0,0.07524592088970816,0
0,0.08112464727345657,0
0,0.04313228390208333,0
0,0.0021763938644313576,0
1,0.9193417228221076,1
0,0.015175261830663608,0
0,0.15035711330712748,0
0,0.2956662734863745,0
0,0.14308794532058894,0
0,0.5683971820797248,1
0,0.6891252434625558,1
0,0.07897665272343253,0
1,0.8108086651998977,1
1,0.8965255065716269,1
1,0.6044889547680887,1
0,0.015310749212461465,0
0,0.06953789066765771,0
0,0.10795604195135103,0
0,0.012675148960123037,0
0,0.34872386154300233,0
0,0.11535439077880213,0
0,0.4013025697990358,0
0,0.07585662281718683,0
0,0.1387340345561329,0
0,0.03489401981194884,0
1,0.8928842481825711,1
1,0.9971813210423222,1
1,0.7293130546049379,1
0,0.036316556523045905,0
0,0.5528741343374265,1
0,0.5565680717628336,1
0,0.0023461253594960437,0
0,0.07807311015407903,0
1,0.9032107516370598,1
1,0.9467943476332091,1
0,0.012795359169398843,0
0,0.03624191412873412,0
1,0.9954814607674999,1
0,0.07254044862524844,0
1,0.541990543107149,1
0,0.004479687904785226,0
0,0.07452456927211602,0
0,0.029133224456589536,0
0,0.04813654149669989,0
0,0.606344780327933,1
0,0.860362391663202,1
1,0.8961170231712804,1
0,0.009563514709198414,0
0,0.06751686534917956,0
0,0.3220730947616745,0
1,0.996036140398594,1
0,0.05959127371448099,0
0,0.0011871035994628649,0
0,0.9009403888833735,1
1,0.7402313465469528,1
0,0.0342154217855297,0
0,0.07910763107440895,0
0,0.002781356427418145,0
0,0.8570823599741442,1
0,0.03234771445213018,0
0,0.0895145590604153,0
0,0.005554828093444776,0
0,0.010024581186534957,0
0,0.38382411345646206,0
1,0.9887049977373776,1
1,0.9983325370253426,1
0,0.17540377964262974,0
1,0.9113933113404618,1
0,0.8713018675098706,1
0,0.0367808991738279,0
0,0.07325621729269886,0
0,0.0015093736739738497,0
1,0.7389503532160091,1
1,0.8521917634655808,1
1,0.965427121671671,1
0,0.047721921196368824,0
0,0.050787584977110355,0
0,0.2575646205685409,0
1,0.5896821012705656,1
0,0.8293107783029857,1
0,0.013371535670405924,0
1,0.9158971791711784,1
0,0.003635638778724378,0
0,0.002964751731635996,0
1,0.5518288386254504,1
1,0.545417871774911,1
0,0.049605496372640424,0
0,0.2962501683653241,0
0,0.0009989642675069428,0
0,0.16689387838519007,0
0,0.15784928651489258,0
0,0.0014471633681241434,0
0,0.12345485106401834,0
1,0.9903374369460383,1
1,0.8384225876417819,1
0,0.2820554198328344,0
0,0.04116640969027805,0
0,0.014162991353762108,0
0,0.6261203100890623,1
0,0.003972603763257618,0
1,0.9984592703948002,1
0,0.036945624506017696,0
0,0.04079376592403675,0
0,0.6536276162341063,1
0,0.0007115739568398362,0
1,0.6964074460448458,1
1,0.99944516827305,1
0,0.7123982130354887,1
0,0.30301417644079837,0
1,0.9966864888182287,1
0,0.18583120664600786,0
0,0.6825055216914889,1
0,0.5837993218218123,1
0,0.001694807469812337,0
0,0.0028945389302432434,0
0,0.04480198256271727,0
1,0.09812485289525737,0
0,0.24788179410108677,0
0,0.0885852539713068,0
0,0.16068174592786771,0
0,0.2071309811761261,0
0,0.5829072586440879,1
0,0.06493548715325713,0
0,0.0012093964978828501,0
0,0.0836524532440003,0
0,0.011148129887239351,0
1,0.08454775422505095,0
0,0.0005085596064366243,0
0,0.0296531384036521,0
1,0.997984160128718,1
0,0.19080234938730709,0
0,0.2802831298382761,0
0,0.04593242289280143,0
0,0.3031179925714047,0
0,0.021723598967221553,0
0,0.551432910948806,1
1,0.6158679752314974,1
0,0.02387122667117709,0
0,0.7447922854533857,1
0,0.7470796447163054,1
0,0.02196190619954422,0
0,0.00206457186419171,0
0,0.04078195537039029,0
1,0.9969989304512983,1
0,0.0028801487052732134,0
1,0.8583757828836116,1
1,0.9734845874586684,1
0,0.5666120723963713,1
0,0.022018751239771737,0
0,0.046471069406187455,0
0,0.6108960157513308,1
0,0.015175666289357983,0
0,0.006864339204454141,0
1,0.8613513205318232,1
0,0.04384509221259921,0
0,0.698851228505405,1
0,0.03406565744042498,0
0,0.05275527753999504,0
0,0.617866451621766,1
0,0.07385075713424287,0
0,0.7899975100519198,1
0,0.4865290866284575,0
1,0.998189425021089,1
1,0.0832403165842461,0
1,0.6627207485037837,1
0,0.019183192001330788,0
1,0.40657319543643844,0
0,0.03997779830287817,0
0,0.36174936769243926,0
0,0.1656909182601459,0
1,0.8906505144860213,1
0,0.6285367865338755,1
0,0.6624959720024898,1
1,0.9715384658909103,1
0,0.01066453983962693,0
0,0.8070857220887563,1
1,0.4127914228290905,0
1,0.945509722558069,1
0,0.039401417559518315,0
1,0.03995016726733328,0
1,0.9039418607439262,1
0,0.045186061729478345,0
0,0.005712888803338757,0
0,0.010591736197627492,0
0,0.03456573938123042,0
1,0.9877991312252267,1
0,0.0102408436927419,0
1,0.9813890166551245,1
0,0.003266840110689228,0
1,0.050860161117268106,0
0,0.765111004548118,1
1,0.9973899272837978,1
0,0.046243904013772826,0
0,0.5625648835914543,1
0,0.5620829290113748,1
0,0.34289672676860833,0
1,0.5740968883120764,1
0,0.7406254751743531,1
1,0.8691091416133453,1
0,0.43108151214483487,0
0,0.021411759266696362,0
0,0.465966987226456,0
1,0.7035388859794655,1
0,0.01727017496112369,0
1,0.9282653930045474,1
0,0.005952445725523782,0
0,0.0441565225048053,0
1,0.8474836614206823,1
0,0.02099800055089418,0
0,0.5823000083539572,1
0,0.06102053000484802,0
0,0.11309425989131291,0
0,0.14361716259617616,0
0,0.00167498179232213,0
0,0.3781784093707716,0
0,0.43610052101538804,0
0,0.22052412614750977,0
1,0.7257322687303069,1
0,0.014693955889512687,0
0,0.010493308597936376,0
0,0.04436469872467039,0
0,0.1740212711655801,0
0,0.4645914393454782,0
0,0.0011950884359593628,0
0,0.030308608901954262,0
0,0.03206921843184529,0
1,0.9096100917701416,1
0,0.006749633380701491,0
1,0.9881053769672404,1
0,0.07533968352334702,0
0,0.04714086458632447,0
0,0.03962111997125646,0
1,0.991531363943367,1
0,0.6386854249891997,1
0,0.0015662013021740067,0
0,0.34722042487976723,0
1,0.9850360485727652,1
0,0.00501857268249044,0
0,0.11749266352790753,0
1,0.635852250038498,1
0,0.018652260973162176,0
0,0.024028375177967666,0
0,0.15884455219507476,0
0,0.01277094529258637,0
0,0.0015302493662813132,0
0,0.06685015997531153,0
0,0.0739241386639205,0
0,0.1593743667968204,0
0,0.016753690315064546,0
0,0.8353350509727203,1
0,0.20781107762057063,0
0,0.044527560204513005,0
1,0.48941102479032517,0
0,0.16893458948189521,0
1,0.5089576908988338,1
1,0.7357489762921829,1
1,0.7693855451210359,1
0,0.005799437018722187,0
0,0.06577499424648449,0
0,0.2815068120055187,0
0,0.16041697583979708,0
0,0.011731530446703225,0
0,0.04376560324461509,0
0,0.07074550359994393,0
0,0.5257232215888803,1
0,0.1297340475723475,0
0,0.9108117707686392,1
0,0.03239844079486715,0
1,0.31629913832315254,0
0,0.28642758011822733,0
0,0.5033923829526823,1
1,0.9705106521253257,1
0,0.007664121429574687,0
1,0.9526624330370876,1
0,0.20728333156348083,0
0,0.5557430499982817,1
0,0.9278807300483769,1
0,0.17888581455010785,0
0,0.7401567677088403,1
0,0.43678797594629765,0
1,0.5971395121469176,1
0,0.23890650229261054,0
0,0.008624168432749083,0
0,0.4300019712986461,0
1,0.5451676108533215,1
0,0.08793482962593525,0
1,0.916592790753235,1
0,0.7132446808946468,1
0,0.00446949089252697,0
0,0.005489475814177517,0
1,0.9816165811476014,1
0,0.03873958220245252,0
0,0.29505663113604685,0
1,0.9294611605650243,1
0,0.41686790841349053,0
0,0.006225287247683733,0
0,0.702562601788522,1
0,0.8441996139164732,1
0,0.011352214320333034,0
1,0.9899372986595601,1
0,0.7156273206599636,1
0,0.9196617503828074,1
0,0.002152129077704698,0
0,0.04402647001318243,0
1,0.7939713122776423,1
0,0.06350192400553795,0
0,0.26805791345718044,0
0,0.41419537988907085,0
0,0.03007350461190363,0
0,0.06017227133169247,0
1,0.8478524638902691,1
0,0.1822146658580064,0
0,0.010106524723948265,0
0,0.01417257547327958,0
0,0.0018305005859370603,0
0,0.5147288554582845,1
0,0.010217609311543767,0
1,0.665707664450567,1
0,0.001620193658481271,0
1,0.98393220381587,1
0,0.03750205659928813,0
0,0.021722800310212547,0
0,0.2831249862703923,0
0,0.05374396471278241,0
0,0.10941202701743308,0
0,0.00046495812386543415,0
0,0.2773984072627558,0
0,0.0032618462832517793,0
0,0.043509079514764175,0
0,0.22370470808773046,0
0,0.49014790881556614,0
0,0.623993591155006,1
0,0.06959791771163368,0
1,0.7331548041776368,1
0,0.0019693201563093163,0
0,0.016096570799566216,0
0,0.11752180083782546,0
1,0.5806907655133834,1
0,0.005946881885334055,0
0,0.07671706967249181,0
1,0.9233244218746633,1
0,0.07410948566457261,0
0,0.3531005267879161,0
0,0.3197970319517644,0
1,0.9975194903696742,1
1,0.9498160673707323,1
0,0.062022179097398135,0
0,0.18325328468435154,0
0,0.34832492100028517,0
0,0.38267868082028605,0
0,0.7103873359571514,1
0,0.568111560985136,1
0,0.012942033998123163,0
0,0.8299244325994602,1
1,0.8600095410515058,1
1,0.8709019485299798,1
0,0.12638259696593476,0
1,0.9614464263812609,1
0,0.5433490976177097,1
0,0.0284592072505588,0
0,0.0016248877901334977,0
0,0.01794240679710663,0
0,0.0038324244479334916,0
1,0.5814121317895459,1
0,0.0636352396241211,0
0,0.03509054884579436,0
1,0.717987765934791,1
1,0.8671827185083366,1
0,0.7141494809047486,1
0,0.20132842885752197,0
0,0.019754977653365157,0
1,0.8518289366392682,1
1,0.9974058841234968,1
0,0.01593204950496815,0
0,0.08302820975754138,0
0,0.07710329403824853,0
0,0.2903744239386511,0
1,0.37626174767137255,0
0,0.005763521592085267,0
0,0.1245869080123388,0
0,0.20291661926493823,0
0,0.30112281625930665,0
0,0.0012310559238185254,0
0,0.6370062191440021,1
0,0.039099938493476635,0
0,0.09807361639540717,0
0,0.5131375935445132,1
0,0.5906859984990792,1
1,0.7672916827607649,1
0,0.025143940029783686,0
0,0.0017560800249153347,0
0,0.06247456530779586,0
1,0.9797368603265546,1
0,0.0204212425965786,0
0,0.04221328071728168,0
0,0.023092892778626223,0
0,0.05257451662042927,0
1,0.8838469162252401,1
0,0.005954206301091287,0
0,0.11626746776867021,0
0,0.8931447569111594,1
0,0.001521354641177292,0
0,0.0016165112886279201,0
0,0.047070031447360605,0
0,0.0020083830906116465,0
0,0.6418384726711952,1
1,0.9986496651125649,1
0,0.002634183842729039,0
1,0.8100471248756663,1
0,0.20750664098407173,0
0,0.3302222849810617,0
1,0.8326348153493006,1
0,0.021192889949270155,0
0,0.8568326636810946,1
1,0.7484512800798268,1
0,0.16132037050869014,0
0,0.0016115969837225267,0
0,0.009460522772422863,0
0,0.03237385263635252,0
1,0.9767602339303304,1
0,0.24181436035662757,0
1,0.9982429204407054,1
0,0.7268588310390053,1
1,0.8834179009524651,1
0,0.001168008187274627,0
0,0.11511104597278729,0
1,0.792925802009223,1
1,0.6698523719290769,1
0,0.8890629583867941,1
0,0.001569181658912434,0
1,0.7193527572201169,1
0,0.27107068009406443,0
0,0.20387513061070672,0
0,0.009879157323015681,0
1,0.9971753898566806,1
0,0.7711039492810895,1
0,0.029031205097564752,0
1,0.5173599940686696,1
0,0.043697630229784665,0
0,0.005365581121702856,0
0,0.055683292822377335,0
0,0.4194308219128015,0
0,0.023276173366286977,0
0,0.06313770897597624,0
0,0.4917663350597568,0
0,0.6907838409562465,1
0,0.013936044350439963,0
1,0.824150519230865,1
0,0.7550890543100177,1
0,0.05138396514301171,0
0,0.6499851060634217,1
0,0.0016503194299927295,0
0,0.4082638888621803,0
0,0.02479977407821125,0
0,0.7652520608127835,1
0,0.06532040114739343,0
1,0.5637537653266743,1
1,0.9959338763588623,1
0,0.01108381022239929,0
0,0.002200901419340688,0
0,0.09513400342567759,0
0,0.001061604007667582,0
0,0.006397587348209031,0
0,0.0203420608814333,0
0,0.046190974782191696,0
1,0.9860626621544492,1
0,0.3437869842878197,0
1,0.8468346279612423,1
0,0.052375333149089466,0
1,0.7077147181131878,1
0,0.047405072279861224,0
0,0.4630675482755864,0
0,0.5440213892953623,1
0,0.026558830760208724,0
0,0.05174267646870783,0
0,0.01354533123475062,0
1,0.7233287798056297,1
1,0.9985558936987802,1
0,0.7722792131299171,1
0,0.06530945624750771,0
0,0.019979298688139326,0
0,0.004867390086208039,0
0,0.002681727090891645,0
1,0.9174052254137003,1
0,0.7559325788963913,1
0,0.1066130264830697,0
0,0.11494522223821212,0
0,0.0014386919870625272,0
0,0.002873205177539844,0
1,0.8936027493267454,1
1,0.9984075806850652,1
1,0.8435606242116823,1
0,0.6718054491510106,1
0,0.21281751028595405,0
0,0.04280306905594903,0
1,0.8997925939655868,1
0,0.2722260900567682,0
0,0.07374867745068357,0
0,0.3062555550745546,0
0,0.6774732373596177,1
0,0.38684915344778176,0
0,0.44602594242419774,0
0,0.8064983657683401,1
0,0.4080375495334666,0
0,0.014896502427743135,0
0,0.044024879775254225,0
0,0.0015342190042097867,0
1,0.35360038885040823,0
0,0.024616810271040693,0
0,0.6272264605838311,1
0,0.5438618786582119,1
0,0.01944333701514845,0
0,0.5317326615226322,1
0,0.058130797789672506,0
0,0.032202345310659374,0
0,0.0011613086888088917,0
1,0.8765931485648517,1
0,0.011009523697927473,0
0,0.028380547228251327,0
0,0.8794402686125468,1
0,0.007933593948518461,0
1,0.5845187323866721,1
0,0.8660310633157817,1
0,0.029691266319259,0
1,0.882889914247936,1
0,0.1766503158926516,0
0,0.4930671547991338,0
0,0.5205330910592546,1
0,0.5515553999682776,1
0,0.016352342920780322,0
0,0.017521152392345092,0
1,0.9153589563911627,1
0,0.2716541864025248,0
0,0.0027413173430040475,0
0,0.2455034412577094,0
0,0.33200947886068893,0
0,0.06769312066575692,0
1,0.2561887079166668,0
0,0.010201575875005479,0
0,0.4275011380647513,0
0,0.23300842817312634,0
0,0.04283182427889041,0
1,0.9946645065782915,1
1,0.9029546894788202,1
1,0.8849385663793361,1
1,0.7242213175020322,1
0,0.002804856722631162,0
0,0.16159981068885196,0
0,0.023786132835368838,0
1,0.45685880431204845,0
1,0.8075097160191693,1
0,0.007010538694037186,0
0,0.022663761037595827,0
0,0.5430290930287403,1
1,0.9346062429259121,1
1,0.6109947430059247,1
1,0.8906971732210063,1
0,0.24561617862158014,0
0,0.2508911163656477,0
0,0.5895655555552011,1
0,0.00562681781550307,0
0,0.13931389062699084,0
0,0.5150572743126971,1
0,0.6108579600062596,1
0,0.09400249380089593,0
0,0.7738290790246883,1
0,0.24802919897117612,0
0,0.01048439025350571,0
0,0.3314281122337688,0
0,0.2394195045535209,0
0,0.6407167832444062,1
1,0.7841279820025553,1
0,0.012871136060677519,0
0,0.3612618934071031,0
0,0.0037752268059522733,0
1,0.9140184648970499,1
0,0.06427462842048243,0
1,0.9891121783024108,1
0,0.7741344027556194,1
1,0.764993633730241,1
0,0.012869778858927676,0
0,0.2646992222925732,0
0,0.018525606245766824,0
1,0.9950150533808111,1
0,0.015691064669624576,0
0,0.5231381071380586,1
0,0.020210386518341734,0
0,0.0038158134651842426,0
0,0.8266459995762894,1
1,0.38337780678554917,0
0,0.017078682279198284,0
0,0.003502619640108324,0
0,0.2909073102247272,0
0,0.2490432429246938,0
0,0.0015872217458424063,0
0,0.004221355860390128,0
1,0.9236110559461926,1
0,0.0044601683464211015,0
0,0.3957480655632911,0
0,0.03222802797601022,0
0,0.04698918310309968,0
0,0.03614572886125314,0
0,0.19141956946824012,0
0,0.2488597037070351,0
0,0.004611003543842261,0
0,0.9007396187511556,1
0,0.18776377897248395,0
0,0.03063235657796282,0
1,0.9041143038598897,1
0,0.03415822980289734,0
0,0.007498303863946787,0
0,0.11827399003525806,0
0,0.6709990054734151,1
0,0.7181078523919894,1
0,0.01042416160897628,0
0,0.005427804528651921,0
0,0.0018829675421174591,0
0,0.06696572642562312,0
0,0.536879276441666,1
0,0.12550898493897586,0
0,0.5989247830302722,1
1,0.9891417661062641,1
0,0.05549318432746479,0
1,0.8676390384374636,1
1,0.49101399588489064,0
0,0.6401065893495164,1
0,0.25185620554293264,0
0,0.03732942555822931,0
0,0.00368826522511241,0
0,0.0009966291585000308,0
0,0.04815098369752143,0
1,0.9988067842302533,1
0,0.012991925553068827,0
0,0.34317889253699563,0
0,0.16378114083833137,0
0,0.08004733311532167,0
0,0.8560451945937694,1
0,0.024559438365983243,0
1,0.6702260658580863,1
0,0.004180065422413415,0
0,0.061566590564023915,0
0,0.002231611400634879,0
0,0.6652680497423994,1
0,0.06272943436481684,0
0,0.013230056571448144,0
1,0.9920042103256954,1
0,0.05587392094511685,0
0,0.11055385501636811,0
0,0.12779503139367263,0
0,0.18311259437367974,0
0,0.8784538621115267,1
0,0.5895427386264125,1
1,0.8427401313307172,1
1,0.8418513916608313,1
0,0.039236789513921004,0
1,0.2409362834552388,0
1,0.8038724218585189,1
0,0.011361660723997717,0
0,0.9027948030423573,1
0,0.5741944478161315,1
1,0.09366526753089065,0
0,0.06774789815065209,0
0,0.7383135075416164,1
0,0.9032699690916856,1
0,0.018840301869550474,0
0,0.09457643789408617,0
1,0.9650959463681208,1
1,0.9231906741270134,1
0,0.008393419656346648,0
0,0.3456052036787317,0
0,0.03285495671848891,0
0,0.1347773050244287,0
0,0.7400925200912284,1
1,0.9975913539134181,1
1,0.9751867089144799,1
0,0.8353088840111124,1
0,0.27848620224209375,0
0,0.0046620235811633964,0
0,0.019436600197246655,0
0,0.012107932533205827,0
0,0.0002380076766240408,0
0,0.6398786149658869,1
0,0.6121937134857811,1
0,0.006972857980080168,0
0,0.004576197812916803,0
0,0.4247287743981709,0
0,0.7295183300695156,1
0,0.053854348960753355,0
0,0.6925723352587133,1
0,0.049627817316418917,0
1,0.7525583876821936,1
1,0.9922705854603752,1
1,0.9216568565531204,1
0,0.0855763591840202,0
0,0.11360873033563909,0
0,0.5332273421297818,1
0,0.09341299019993916,0
0,0.0016437003533697606,0
0,0.6042576141515459,1
1,0.4815769111984865,0
0,0.010598362394711777,0
0,0.5875535163742015,1
0,0.5640922728089102,1
0,0.015304398248692076,0
0,0.591533851855804,1
0,0.003582372225822822,0
0,0.013510196586843715,0
0,0.04814770825408587,0
1,0.6567356206482002,1
0,0.3283878501548554,0
0,0.0014291749665113823,0
0,0.10017913766196163,0
1,0.9993637589697479,1
0,0.86307247063912,1
0,0.017579179444928112,0
0,0.07690765846686674,0
1,0.6719969217715295,1
0,0.0030161365453458848,0
1,0.8164281563398355,1
0,0.008010627022920595,0
1,0.8517162496965599,1
0,0.05128749473926746,0
0,0.06422320218037625,0
0,0.30676278281444724,0
0,0.6201481705053169,1
0,0.06094473872730743,0
0,0.6302239248843252,1
0,0.24231462392387415,0
0,0.06985436236207893,0
0,0.0039700914673540125,0
0,0.7153704174487111,1
0,0.3881769918735812,0
0,0.242512218879609,0
1,0.5750017919488093,1
0,0.7621238581526334,1
0,0.7256332821952237,1
0,0.0014894020410272872,0
0,0.01753570393446952,0
0,0.007948071230021007,0
0,0.29427928730950875,0
1,0.9940780373596478,1
0,0.02628606402758669,0
0,0.01646630154663176,0
0,0.24899594095445085,0
0,0.4283614520102584,0
1,0.9968694285722745,1
0,0.006669369034317609,0
1,0.8652760024188632,1
0,0.09533826377981748,0
0,0.0023908692407312547,0
0,0.47282874102777167,0
0,0.36625297121252415,0
1,0.7467269434295111,1
0,0.008875573701808463,0
0,0.08625321171571929,0
0,0.7033749260267977,1
1,0.9985540225772173,1
0,0.01785850247936814,0
0,0.0014681725695520672,0
0,0.3008810959948918,0
0,0.6748978504336335,1
0,0.09261890396501297,0
0,0.019573974724425996,0
0,0.5031938204707859,1
0,0.4382922328417919,0
0,0.0040741114492365334,0
0,0.5313268993274519,1
1,0.9937892008192187,1
0,0.10158702969129314,0
1,0.8808389955598688,1
0,0.4084791001669525,0
0,0.834239393847725,1
0,0.1488961803534452,0
0,0.08749328323465008,0
1,0.6938191296347643,1
0,0.012494682609955746,0
1,0.9896718006502653,1
0,0.6519990009118515,1
0,0.6767604414598174,1
1,0.9992623618682783,1
0,0.24179433998574215,0
0,0.016686299903030756,0
0,0.055255374418236615,0
1,0.599561504864888,1
0,0.5953989647261915,1
1,0.8411403838759951,1
1,0.8361817877020583,1
0,0.6306967945366428,1
0,0.04672146653962588,0
0,0.017316186249840406,0
0,0.07409601516723746,0
0,0.10456082745211732,0
1,0.8199780537347933,1
0,0.5484652184293208,1
0,0.0018957128363428434,0
0,0.06735035162369558,0
0,0.03792114728391168,0
1,0.9761437712375151,1
0,0.036414680203293096,0
1,0.9181998505475093,1
1,0.7024743472211213,1
1,0.7688612725776169,1
1,0.9053117740271942,1
0,0.004251411408900654,0
0,0.0816623070387595,0
1,0.5680097161117288,1
1,0.7940389737862341,1
0,0.19152931113613297,0
0,0.6891958754062256,1
0,0.00693863091390025,0
0,0.00425400576269898,0
1,0.6898420454002147,1
0,0.028578786567790535,0
0,0.06296093683757374,0
0,0.0034274023694214383,0
0,0.0019012097935414613,0
0,0.009767553254988012,0
0,0.24291692601733741,0
0,0.30087060872097554,0
1,0.8837636096014483,1
0,0.018133669075354894,0
0,0.02994522049980724,0
0,0.6740550617724441,1
0,0.16660854147550483,0
0,0.0015598210803492417,0
0,0.024479029922658418,0
1,0.8444337402859666,1
0,0.05100073066343402,0
0,0.33272759678832464,0
0,0.058353760202151626,0
0,0.15571137477888244,0
0,0.15326815924202736,0
0,0.679860801934422,1
0,0.1570674007261113,0
0,0.07524920868339816,0
1,0.7399377505674667,1
1,0.5428076028207569,1
0,0.0350362113781283,0
0,0.032821414831718305,0
1,0.9444452333800705,1
0,0.8842890746971309,1
0,0.04952994670282631,0
0,0.5022197538709975,1
0,0.06585249459593184,0
0,0.0844759821150541,0
0,0.042492471944506595,0
0,0.07186391614412518,0
0,0.005029428799862642,0
1,0.9239019506712619,1
0,0.13637306831482002,0
0,0.0023054749621553047,0
0,0.10194537327873236,0
0,0.13720452868477004,0
1,0.9991249624954608,1
0,0.00870817082014288,0
0,0.07249098478827314,0
0,0.43696988429778394,0
1,0.04701056900883071,0
0,0.2087341157869183,0
0,0.04225619002834622,0
0,0.0014599000918805083,0
0,0.5873803491346087,1
0,0.004317376232581513,0
0,0.0012569818936342407,0
0,0.360620323842364,0
0,0.002205364544070843,0
0,0.04248344152828075,0
1,0.9008379617400459,1
0,0.7437076821790976,1
0,0.598302053451018,1
1,0.7460982985241488,1
0,0.0075145652883284305,0
0,0.060785966836813816,0
0,0.7304637636217892,1
0,0.01023041296515804,0
0,0.04128634594876522,0
0,0.1032984170911791,0
0,0.21353798010158231,0
0,0.0011369037532957891,0
0,0.02690459675952709,0
0,0.5938968201322419,1
0,0.09871815756717622,0
0,0.05080115956997037,0
0,0.03818631930982722,0
0,0.0030053746468229154,0
0,0.004974883018177376,0
0,0.06012180718690522,0
0,0.816149560189597,1
0,0.4263486310479811,0
0,0.005030586744045928,0
1,0.7526877118340168,1
0,0.031431984982890265,0
1,0.8600492796644117,1
0,0.054157375301627717,0
1,0.7103325176790808,1
0,0.2289002557959041,0
0,0.0444516065700828,0
0,0.012183034654554985,0
0,0.010997808671474367,0
0,0.1196193223727761,0
0,0.15518128801112627,0
1,0.4781541544002946,0
0,0.026987346615341655,0
0,0.6248194818000493,1
0,0.007649821330269982,0
1,0.917213348602461,1
0,0.003223412387734261,0
0,0.013534203527358334,0
1,0.6913180796341171,1
0,0.040177602400468665,0
0,0.5451450838243495,1
1,0.9355320049387577,1
1,0.5679670179268551,1
0,0.1452563906256302,0
1,0.34097373038741613,0
1,0.7443384375024358,1
0,0.005275750383934258,0
1,0.5601101930025986,1
0,0.04857443632039729,0
0,0.5690995324556656,1
0,0.025413532690242737,0
0,0.0027220188644799842,0
1,0.9329961101866328,1
0,0.0033216415154744923,0
0,0.02820083146075126,0
0,0.001065422066629402,0
0,0.0008961216048388249,0
0,0.006758597042493839,0
0,0.01658137095656051,0
0,0.029180652293551334,0
1,0.7109224246163891,1
1,0.9977208601697934,1
0,0.20441905351342102,0
0,0.054639747332283606,0
0,0.15245748378684654,0
0,0.13122165269193425,0
0,0.544374456721944,1
0,0.0015318060844761656,0
0,0.19593525154666258,0
0,0.0009050839934294236,0
0,0.8945009662675432,1
0,0.0009612420648179516,0
0,0.0032353149040773082,0
0,0.2696995543582075,0
0,0.019335082092514617,0
0,0.009468411887806038,0
0,0.0038731235900974544,0
0,0.018201974225810536,0
0,0.5630455324918053,1
0,0.0031665929061199306,0
0,0.0053614018970068855,0
0,0.5497895570331132,1
0,0.014673825897677295,0
0,0.4028599623170666,0
1,0.8324287784040275,1
1,0.47731852729478214,0
0,0.24430474661377635,0
0,0.0032447601271578213,0
0,0.02405536678836979,0
1,0.7058595071101207,1
1,0.9530487976997712,1
0,0.11331849381117114,0
0,0.0006705141850226007,0
0,0.22911507366416825,0
0,0.7946996154834833,1
0,0.0030988970442364545,0
0,0.5479682200077676,1
0,0.024302827586082827,0
1,0.8526799838319885,1
1,0.13231006625529496,0
0,0.2267139180043894,0
0,0.0018799158521244877,0
1,0.8724006250057745,1
0,0.04541008475009388,0
0,0.05172697820496307,0
0,0.08367895376324666,0
0,0.0360224216016219,0
0,0.011502293280885721,0
1,0.5582650962211382,1
0,0.017053166874396865,0
0,0.34011080229338175,0
0,0.0006044192237155432,0
1,0.05800673150578066,0
0,0.03946183511010075,0
0,0.0012621676494124147,0
1,0.942571423440332,1
0,0.7313993272101618,1
0,0.3738250685858583,0
0,0.7168909032683107,1
0,0.25704563184615403,0
0,0.06107967409539151,0
0,0.9113047985132294,1
0,0.03563708511044548,0
0,0.5088998821979922,1
0,0.6633508697857998,1
0,0.13428596405524895,0
1,0.08980166160837837,0
1,0.9984774714954351,1
0,0.12400826541999986,0
0,0.03484757076132723,0
0,0.0117606975342464,0
0,0.2696962029542212,0
1,0.9982857307069308,1
0,0.17551619894249348,0
1,0.6745196509159185,1
1,0.9006612454268964,1
1,0.8563868632449049,1
0,0.0017283831973906154,0
0,0.05125057745141535,0
0,0.08470804397934566,0
0,0.0016395150078359732,0
1,0.9811613112429522,1
1,0.8119776519771402,1
0,0.43245656273498245,0
1,0.7595601553146185,1
0,0.2717026391578669,0
0,0.5718974373492984,1
0,0.02731776098904901,0
0,0.1066984331755638,0
0,0.03226410572375565,0
0,0.022175232634760095,0
0,0.005522604166733368,0
0,0.09492114731565982,0
0,0.1800557029974595,0
0,0.7826314829212279,1
0,0.018523835732861267,0
0,0.009635006040396151,0
0,0.03030811983579544,0
1,0.3651744098652986,0
0,0.014067346238955067,0
0,0.04105172920890555,0
0,0.02608374724988165,0
0,0.0012533154832808982,0
0,0.020714231087764372,0
1,0.755212531106987,1
0,0.577735177016624,1
1,0.33947621314948306,0
0,0.17054638526839824,0
0,0.3291808080442046,0
0,0.005567579005042481,0
1,0.9388145733291863,1
0,0.0045912028486424636,0
1,0.3452636604110858,0
1,0.9867177515361455,1
0,0.10025103136934832,0
0,0.9035462780470173,1
1,0.8133646660088797,1
0,0.021611885465828064,0
1,0.9959098302676572,1
0,0.035455300054787434,0
0,0.034919982700094415,0
0,0.11307080213515003,0
0,0.06526201386668905,0
1,0.8911711647211608,1
0,0.03840118827477933,0
0,0.021236360876853884,0
0,0.16781835352318794,0
0,0.0029743971572334803,0
0,0.027723442812348863,0
1,0.6045331828775601,1
0,0.1294822350489682,0
0,0.017116550724022045,0
0,0.1460332129785668,0
0,0.19965659933646893,0
0,0.06522260835717962,0
0,0.053781977104760154,0
0,0.35897893497432753,0
1,0.38277324306823257,0
0,0.006026599936729157,0
0,0.10690200363275087,0
0,0.38439526445533,0
0,0.05926516132007266,0
0,0.0016198949647630032,0
1,0.9919523025928696,1
1,0.8365201021485678,1
0,0.23944708693967914,0
0,0.018954425899534666,0
1,0.6809202056692106,1
0,0.13203665072092707,0
0,0.29174080624606513,0
0,0.05327445227534515,0
0,0.1898632769258355,0
0,0.23797122751965644,0
0,0.0043548663943870905,0
0,0.04368601455663485,0
0,0.000804615238488802,0
0,0.009417031359749332,0
1,0.9745041553744818,1
0,0.8337638327544318,1
0,0.18279285835920303,0
0,0.016777770181218916,0
1,0.8949819541403918,1
1,0.9984341900720052,1
1,0.26712667167368365,0
0,0.3376989750041256,0
0,0.020332720917970504,0
1,0.9271443322468554,1
0,0.008432720760258687,0
0,0.143563576979504,0
0,0.10993605113240203,0
0,0.008334807899913801,0
1,0.6624718645036612,1
0,0.09884159873667221,0
0,0.002755005859136025,0
1,0.44349170823344136,0
0,0.005062791758243989,0
0,0.0030610059727054916,0
0,0.14955042260724882,0
0,0.011990857330103575,0
0,0.022002066146063586,0
0,0.20194750009463613,0
0,0.0024136052517098544,0
0,0.5602152237002275,1
0,0.278854075144143,0
0,0.015661305923668153,0
0,0.16799125755601785,0
1,0.9978061098552495,1
0,0.009774634660525196,0
0,0.05203726821712914,0
0,0.6791636837306163,1
0,0.00339991669451078,0
1,0.29124165526647566,0
0,0.03255589040287591,0
0,0.4250306026140804,0
1,0.9938503775467821,1
0,0.8925518417178472,1
1,0.06330096617091455,0
0,0.7400433333087899,1
1,0.9950016950060963,1
0,0.17542819181981356,0
0,0.8619505030406308,1
0,0.20407155303287064,0
0,0.007036075681216435,0
0,0.006259249872036719,0
0,0.08108325461079609,0
0,0.09189642379455441,0
1,0.7092356263811156,1
1,0.9159900282701188,1
0,0.15090390423820113,0
0,0.004653237108493879,0
0,0.06460551858246992,0
1,0.9981639424271491,1
0,0.03406176516112599,0
1,0.9385557672264343,1
0,0.027587360705636218,0
1,0.998635138695698,1
0,0.41049583913348753,0
1,0.9959619782027477,1
0,0.1054407255382737,0
0,0.012953162192160491,0
1,0.9873619747838658,1
0,0.12426147173856027,0
0,0.8232039002856063,1
1,0.9946890593992096,1
1,0.594206415684767,1
0,0.8397239179235634,1
0,0.5820084627843612,1
0,0.46135641373103564,0
0,0.043760195034814243,0
0,0.052476389245691944,0
0,0.7779906864478446,1
0,0.026050932567770618,0
1,0.8947619204370404,1
0,0.38668282893971945,0
0,0.12229876380429494,0
1,0.9918654695869369,1
1,0.7191864535488175,1
0,0.21742537199012194,0
0,0.013539165171195286,0
0,0.01615232695885198,0
0,0.03439855662645797,0
0,0.14150267205492176,0
0,0.05273306210564629,0
0,0.6200010017551804,1
0,0.13374463424200672,0
0,0.024290076071588576,0
0,0.2143307966629441,0
0,0.0158220153946187,0
0,0.6834909305166592,1
0,0.033548383793010665,0
0,0.027237568477957563,0
0,0.10366132265905852,0
1,0.9896111248076266,1
0,0.09478409990938134,0
0,0.6540974189233776,1
1,0.9319114880462747,1
0,0.19653349683595478,0
1,0.8636253877846513,1
1,0.9975975251979345,1
0,0.0011827961453694125,0
0,0.02385835575064914,0
0,0.31319125882207305,0
0,0.11374317127220866,0
0,0.758790402284786,1
0,0.08005902158688362,0
0,0.8369486133977303,1
0,0.808698300377384,1
0,0.8333127811872992,1
1,0.9415507078901879,1
0,0.7773252483092586,1
0,0.07372428591946828,0
1,0.45059673825038943,0
0,0.01814262989301909,0
1,0.4507167015524474,0
0,0.10111069164251753,0
0,0.03670910268645669,0
1,0.0321745545284621,0
0,0.23435359157196245,0
0,0.5192085297386083,1
0,0.2000324996389063,0
0,0.0012665050588802703,0
0,0.035652117017479834,0
0,0.005205734123466819,0
0,0.5326824785727038,1
0,0.7417932876819454,1
0,0.0009708895080999178,0
0,0.8038492657174094,1
0,0.4294351918352059,0
0,0.01114128628395409,0
1,0.8102618560832758,1
0,0.018403932300280396,0
0,0.08744690291288493,0
0,0.14301878215829159,0
0,0.018783087560576252,0
0,0.5079320568753147,1
0,0.06958978143119429,0
0,0.591382628645225,1
0,0.0061404350749334185,0
0,0.11665308743274941,0
1,0.5392825378656015,1
1,0.9258822028109424,1
1,0.7645999695213777,1
1,0.901331431536953,1
0,0.0030805166019755473,0
0,0.5778238708494101,1
0,0.002112787827731953,0
0,0.001061604007667582,0
1,0.2857369351959866,0
0,0.0054164364970016735,0
0,0.6042325335138432,1
1,0.888189864810635,1
0,0.2136018330683955,0
0,0.04211120807126942,0
1,0.8564538060350387,1
0,0.0019451289732800808,0
0,0.014085398972165623,0
0,0.0028731406863549878,0
0,0.0012265274513349673,0
0,0.3681814812638473,0
1,0.6978214048859087,1
1,0.9987312057761784,1
0,0.038168322770825186,0
1,0.8394313447582433,1
0,0.004509714684421523,0
0,0.005516904011261862,0
1,0.9972756073313704,1
0,0.07333129343889665,0
1,0.8269949971120937,1
0,0.06585213708304093,0
1,0.8690389388671764,1
0,0.38202393819127944,0
0,0.14914162915210402,0
1,0.9964961588665653,1
1,0.872375626715062,1
0,0.564570054338686,1
0,0.02612708590499467,0
0,0.2561121077295422,0
0,0.007115536614499874,0
0,0.4354128096860186,0
0,0.26964629305867505,0
0,0.0017452336251449437,0
0,0.14581677017902633,0
0,0.04875291081169074,0
0,0.0013293325839543626,0
0,0.8976324365286491,1
0,0.002343986246686926,0
0,0.050592026962008214,0
1,0.5770936571094428,1
0,0.4500632411787085,0
0,0.18961236105188337,0
0,0.29205251182133374,0
1,0.10275372297570584,0
0,0.3109151142550085,0
0,0.18509188748872593,0
1,0.7996335234552822,1
0,0.024421672517337286,0
0,0.35916203951546344,0
0,0.08415810761222162,0
0,0.0042235144535756886,0
1,0.36221014350057806,0
0,0.8139540580251922,1
0,0.2770063886283146,0
0,0.03333104142926035,0
0,0.022263816070718315,0
1,0.7812038525255766,1
0,0.01636955048365566,0
0,0.014736144817983517,0
0,0.06290083315501235,0
0,0.0732257111976078,0
0,0.0018007392627878988,0
0,0.01008301408810482,0
0,0.011246958085170894,0
0,0.33856242080718507,0
0,0.02767486954725384,0
0,0.7315540553431047,1
1,0.857033744744953,1
0,0.10648345056482643,0
0,0.015764540478433862,0
1,0.8551200911246214,1
0,0.01168884062521819,0
1,0.6286122976717419,1
0,0.0015605074766539583,0
0,0.1250276650165128,0
1,0.8203503904590244,1
0,0.4510608872502265,0
0,0.6290761321662403,1
1,0.17858711962638116,0
0,0.06975353320430754,0
0,0.7975313362795253,1
0,0.008876033056614782,0
0,0.006113085638881115,0
0,0.8436166523599214,1
1,0.8641223596099049,1
0,0.5951777806445091,1
1,0.9154889240545545,1
1,0.9984680144512514,1
0,0.002234244680315856,0
1,0.8147559231998164,1
1,0.9869005781021023,1
0,0.08868100271663544,0
0,0.020664409009014385,0
0,0.03884131130549275,0
0,0.0724861046465582,0
0,0.7099844553959976,1
0,0.10129838005625334,0
1,0.9973997239681835,1
0,0.7076330273607389,1
0,0.009646540208321982,0
0,0.03563905833117112,0
0,0.3483886631256874,0
0,0.9097561231735747,1
0,0.9213944881864011,1
1,0.7857184990428695,1
1,0.8792989711572069,1
0,0.03580518225699012,0
0,0.014707270330754396,0
0,0.12975001958843002,0
0,0.003039593764545498,0
0,0.05210171142200505,0
0,0.8861375034736807,1
0,0.003518465360375477,0
1,0.9854808457522539,1
1,0.20119092152929946,0
0,0.8292845069060968,1
0,0.3907312853339767,0
0,0.05698663803384377,0
0,0.001196958354659361,0
0,0.05611311501042558,0
1,0.8841566262467009,1
0,0.005807737215203949,0
0,0.16947684740178298,0
0,0.0050055049727722265,0
0,0.1334749662428866,0
1,0.3113769383049972,0
0,0.8321356432634159,1
0,0.0024549154044827912,0
0,0.33666004950572304,0
0,0.22349341114511093,0
0,0.2700018622091913,0
0,0.2507509828853902,0
0,0.4799501140510414,0
0,0.10459046621339586,0
0,0.0032196161477986204,0
0,0.0016115443644576534,0
0,0.06339125314414192,0
0,0.08735304929777653,0
1,0.9898601341506176,1
0,0.011534566814784456,0
0,0.004909259053410369,0
0,0.0014811174714036163,0
0,0.031866299600660675,0
0,0.002090874253141006,0
1,0.9988270738173401,1
0,0.049639256703502194,0
0,0.11679546486698573,0
0,0.7383462686794566,1
0,0.012416659218849055,0
0,0.16302741701675022,0
0,0.5199147784606182,1
0,0.04002663688242169,0
0,0.8627868305915296,1
0,0.1699628079175148,0
0,0.28767446876134667,0
0,0.011304806025701919,0
0,0.006818865549684471,0
0,0.16899454291996102,0
0,0.9505966583855625,1
0,0.006748292858547188,0
0,0.5603588585177378,1
0,0.038450083893547246,0
0,0.05744192285281546,0
0,0.031241335358041574,0
0,0.03483446694061553,0
0,0.3090623393485248,0
0,0.0012886099485467605,0
0,0.038271752395349454,0
1,0.6766068185264098,1
0,0.8616925204532153,1
0,0.27542363486045984,0
0,0.07040378691107677,0
1,0.7155695402280549,1
0,0.028515529226290203,0
0,0.001479328122407931,0
0,0.7386128605240037,1
0,0.6497143168582583,1
1,0.7865793430257623,1
0,0.1726856440907275,0
1,0.4197057294599122,0
0,0.3675352631249319,0
0,0.14854638011822605,0
0,0.03257401503092711,0
0,0.5833969877079975,1
0,0.006110692313576544,0
0,0.017167881136822032,0
1,0.072078327870307,0
0,0.1207419951568573,0
0,0.8563086029275679,1
1,0.9993963922444206,1
0,0.0025355390843931043,0
0,0.0046325356571294656,0
0,0.5684000602941756,1
0,0.008202150468555797,0
0,0.619840672058225,1
0,0.026757583881302307,0
1,0.8913386655201623,1
0,0.012552312060104865,0
0,0.010140151663200418,0
0,0.7149237204233656,1
0,0.20950165614174998,0
0,0.007619882964575832,0
0,0.06605672345979573,0
0,0.01296155678562786,0
0,0.11114300976694169,0
0,0.061986729815222484,0
1,0.5015466195366577,1
0,0.11944392557536399,0
0,0.03764289570615448,0
0,0.004016073607588039,0
0,0.005990256281161225,0
0,0.8614872746019858,1
0,0.0037366269476283302,0
0,0.009534843803152119,0
0,0.24540683120073586,0
1,0.9042401335475565,1
0,0.11907809512047537,0
0,0.023087289329817847,0
1,0.5233796961475571,1
0,0.010475404979291161,0
1,0.8706384319124326,1
0,0.037832457237960755,0
0,0.009639867195893749,0
0,0.022683045261197844,0
0,0.0016938441300239644,0
0,0.2137685818067155,0
0,0.9066960265896712,1
1,0.8627294782201185,1
0,0.49204191668525304,0
0,0.011074653822649026,0
1,0.056722842340801216,0
0,0.02124642863442355,0
1,0.9987834586520778,1
0,0.0966364716101777,0
0,0.06807478760374668,0
0,0.44904688970398643,0
0,0.42698460198156885,0
1,0.49561520019935645,0
0,0.5061802632198501,1
0,0.004626908617374721,0
0,0.14791942302006067,0
0,0.07707101732608874,0
1,0.8996147345299689,1
1,0.840714283197777,1
1,0.5806079538096903,1
0,0.004605622997220663,0
1,0.9346830999367081,1
0,0.006925197487069213,0
0,0.01396813084820453,0
0,0.3298356315086643,0
1,0.8190436584368939,1
0,0.09604631439714849,0
0,0.00887273326458818,0
0,0.0004923459033815858,0
0,0.04373838011752681,0
1,0.1414346669698022,0
0,0.001797922572074923,0
0,0.007788824818819967,0
1,0.56753768643049,1
0,0.0010905334745130318,0
0,0.028737785537242138,0
0,0.11056173999051953,0
0,0.5174522923990592,1
1,0.9901943656137613,1
0,0.03479104293069595,0
0,0.7555242196497842,1
0,0.06452681606834666,0
0,0.004298532794746388,0
0,0.0012412974351417568,0
1,0.9229396720840181,1
0,0.015160993492792096,0
1,0.9934814139663959,1
1,0.7800462144240629,1
0,0.1862604750427846,0
0,0.7125476848952174,1
1,0.9329612729347433,1
0,0.021548849691116503,0
0,0.3360559498486575,0
0,0.0011617604346531424,0
0,0.7812137598435254,1
1,0.9975273236234175,1
0,0.0031202182854846365,0
0,0.011001472635756116,0
0,0.1617548528884125,0
1,0.32183912743018556,0
0,0.10047728899132742,0
1,0.8804360473275699,1
1,0.8220967467222801,1
0,0.07612605371328855,0
0,0.008390369054733681,0
0,0.014385985039918099,0
1,0.6822069852196819,1
0,0.2625941914196326,0
0,0.0040122490896349694,0
1,0.564394710513691,1
0,0.7094977045716314,1
0,0.1418460252935637,0
0,0.8542167701849867,1
0,0.028932517003331073,0
0,0.10473467491761337,0
0,0.0011478623792813916,0
0,0.05597818087655466,0
1,0.7219449720198039,1
0,0.4129569967067329,0
1,0.9187866524590432,1
0,0.011435328311750351,0
0,0.03441423706759355,0
1,0.5399399123256773,1
0,0.5819766210939683,1
0,0.4164727012220942,0
0,0.002740763082642988,0
0,0.056741886792150295,0
1,0.8130048355764199,1
1,0.8348189837181434,1
1,0.9422643883693588,1
0,0.0881200143867498,0
0,0.011648859405542585,0
0,0.8548194841275634,1
0,0.5192770170291136,1
0,0.8026216173202229,1
1,0.7899269100162657,1
1,0.8915823100557257,1
0,0.16386018786878703,0
0,0.39142243048220055,0
0,0.07941166981192364,0
0,0.012366924507833893,0
0,0.013546341029244213,0
1,0.7070718157564676,1
0,0.5400510503472512,1
0,0.6703598938203188,1
0,0.5160699886100283,1
1,0.9088333449158703,1
0,0.0019338880871242884,0
1,0.7894954818287033,1
0,0.7929949924736693,1
0,0.5045756506834924,1
0,0.5483896088756419,1
0,0.27484959636455447,0
0,0.04659280874643518,0
0,0.005144604663581859,0
1,0.48662850165347904,0
0,0.7203624296965966,1
0,0.9423106838858164,1
0,0.9078168011971043,1
0,0.5427996542298222,1
0,0.012343152239603306,0
0,0.025595972829821317,0
0,0.046663861639903235,0
0,0.051695233479063366,0
0,0.00040267042689196307,0
0,0.07489244207201934,0
0,0.0015830269369409105,0
0,0.5905575803307417,1
0,0.9157888236060233,1
0,0.13953859659055928,0
0,0.8921045499319035,1
1,0.42397438943453697,0
0,0.03136891826116483,0
0,0.14932734736975864,0
0,0.5574955050466611,1
0,0.9039189395579565,1
0,0.4053774670655453,0
0,0.015955857331103298,0
0,0.07809357578409229,0
0,0.35672867705857536,0
1,0.8176562657239645,1
0,0.8306816786372271,1
0,0.00463183241456785,0
0,0.020537551767853008,0
0,0.11553505329827679,0
1,0.8106492860634693,1
1,0.9979175183911039,1
0,0.4286441713492073,0
0,0.8080912663625963,1
1,0.955407706390106,1
1,0.8498122619119861,1
1,0.9978611868118396,1
0,0.07271084636071,0
0,0.48077393086186726,0
0,0.8675036635553827,1
0,0.32056121426649253,0
1,0.8391593463352595,1
0,0.004572758645803971,0
0,0.04331926355320922,0
0,0.729104019151278,1
0,0.3433287480254828,0
0,0.11465248993502404,0
1,0.9890464833062717,1
0,0.0011270849682415219,0
0,0.03097693787262695,0
0,0.3842034245475699,0
0,0.03605595639127967,0
0,0.03373292682025436,0
0,0.0076674484850349795,0
0,0.04079367376416621,0
0,0.4363962229862374,0
0,0.02196532973656518,0
0,0.45750697035690546,0
0,0.8491531077922865,1
1,0.8913062908350932,1
1,0.996898584550064,1
0,0.2554428052144787,0
0,0.015011641419968169,0
0,0.023616878705024665,0
1,0.9943280946455093,1
0,0.8393574293353894,1
0,0.024290937840562604,0
0,0.7221193165760652,1
0,0.3930405593397704,0
1,0.7620017998820557,1
0,0.6941031733234792,1
0,0.2561974625610841,0
0,0.02040047313504008,0
0,0.20752452556922474,0
1,0.8080929348059955,1
0,0.008000856260511885,0
0,0.030494359248738397,0
1,0.8880210267172531,1
1,0.9970075206939887,1
0,0.01331352986060183,0
0,0.7777612648264167,1
0,0.16020840846499793,0
0,0.002317746330466915,0
0,0.019879510110752747,0
0,0.04098903049540588,0
0,0.09734237386898659,0
1,0.8734113240502186,1
0,0.005422606875500314,0
1,0.7485865303911647,1
0,0.011886663731518213,0
0,0.13312765683094363,0
0,0.005571294434268204,0
0,0.335454018546246,0
0,0.0010227111037396238,0
0,0.023205392485543895,0
0,0.004920878401546742,0
0,0.003910211319580042,0
0,0.062257074719795004,0
0,0.25500321621039107,0
0,0.30478119611402943,0
0,0.8460021305505119,1
0,0.8681663910315788,1
1,0.8568431030461023,1
0,0.08211895144894896,0
0,0.697365648227308,1
1,0.12684457085703216,0
0,0.02742244365518101,0
0,0.28838804802833246,0
0,0.017887382230662142,0
0,0.2659857808756245,0
0,0.009296004774302136,0
0,0.04210740677935095,0
0,0.0734353354398364,0
1,0.9359558672377521,1
1,0.6945052437511919,1
1,0.7999439675987274,1
0,0.0053452321315647245,0
0,0.7247966307484296,1
1,0.6608467250927437,1
0,0.035628587547098495,0
0,0.06940486842759563,0
1,0.31900561605059724,0
0,0.36247655394958794,0
1,0.994785300559976,1
0,0.3886914199177609,0
0,0.1315955293260344,0
0,0.5759194062367092,1
1,0.9956690904552027,1
0,0.009643674522299903,0
0,0.7099331338986161,1
0,0.401768886175103,0
1,0.388750406451402,0
1,0.591220928536517,1
0,0.6406934326071096,1
0,0.2819504650630547,0
0,0.09710875366099236,0
0,0.01792427856974908,0
0,0.15081047577449466,0
1,0.6199178833305529,1
0,0.13312399743528391,0
0,0.5357364646996582,1
1,0.5810111439113168,1
0,0.20350467000882003,0
0,0.8822570354782172,1
0,0.0584878803053104,0
0,0.478367668813377,0
0,0.002237393954625371,0
0,0.051803501777502654,0
0,0.5015249859971078,1
0,0.5422387760623345,1
0,0.027381404276974716,0
1,0.9971044707779108,1
1,0.9255902477941957,1
1,0.7220140431236968,1
0,0.02336654943309459,0
0,0.0016254650385923006,0
1,0.6078876985239943,1
0,0.0030552778219063454,0
0,0.03169287696694241,0
0,0.7831511684571343,1
0,0.012878113627002216,0
0,0.3364922455401513,0
0,0.7871928691238029,1
0,0.004654811445515168,0
0,0.1669467579054242,0
0,0.013307596069659748,0
0,0.1479663883528101,0
1,0.9888783972377788,1
0,0.2450112476324284,0
0,0.9349759724224074,1
0,0.28825011025538055,0
0,0.0011186451397857044,0
1,0.7482360270470968,1
0,0.10349799902403267,0
0,0.39538020233533966,0
1,0.20631330878628892,0
0,0.006569049470433495,0
1,0.6493421199962895,1
0,0.0007428055237243393,0
1,0.8289215274485794,1
0,0.6635005579937916,1
1,0.7301359019640792,1
0,0.8831687409363763,1
1,0.7992583786123563,1
1,0.8920973047987458,1
0,0.03971686048118511,0
0,0.7510031314024863,1
0,0.3952989282762582,0
0,0.2834478926792169,0
0,0.11892324880228786,0
1,0.7976365740584495,1
1,0.773080018318009,1
0,0.006140278766460122,0
1,0.860220908509288,1
1,0.8085404659317885,1
0,0.913688711070204,1
0,0.1698690544296131,0
0,0.15465871363504682,0
0,0.004035696199383656,0
0,0.0018723902078662616,0
1,0.9926219106612446,1
0,0.19252786642047764,0
1,0.9202903142148352,1
0,0.09031754851674054,0
0,0.8183919035142954,1
0,0.1900289428157766,0
0,0.037138511585824464,0
1,0.8988404055638431,1
1,0.6968917173608831,1
0,0.00894254396532656,0
1,0.3058251057717651,0
0,0.2683516560355607,0
0,0.016273080916227006,0
0,0.01807911223928776,0
0,0.27379222471021336,0
0,0.2398080315220096,0
0,0.656600880033947,1
1,0.7173760140531605,1
1,0.7424597735131659,1
1,0.8921970657369495,1
0,0.09557015426726898,0
0,0.018214567611514437,0
0,0.2442228831624591,0
0,0.8862483612313796,1
0,0.12138228162697162,0
0,0.6532253839077952,1
0,0.9089564166366108,1
0,0.04223050255889221,0
0,0.0023934776615385607,0
0,0.3534393713473944,0
1,0.6437981428666556,1
0,0.03569983635519686,0
0,0.6651628247320741,1
1,0.977793791508118,1
0,0.14345577192546058,0
0,0.30178903896877063,0
0,0.0044426787357089775,0
1,0.9044640963578356,1
0,0.0022263920694192427,0
1,0.8770258386612854,1
0,0.8758113488474842,1
0,0.730551189578575,1
0,0.04748312857194819,0
1,0.9993224190069903,1
0,0.021486378476127856,0
0,0.5710005919647659,1
0,0.020508608359657888,0
1,0.9973719174690161,1
0,0.4161749731271419,0
0,0.2781629015368802,0
1,0.9021547771679683,1
0,0.46407709511969747,0
0,0.015896497138251215,0
0,0.5889778702284072,1
0,0.3896071029667021,0
0,0.7633263679935315,1
1,0.9989627129627021,1
0,0.6591716986219125,1
1,0.6904517688160347,1
0,0.011773732789136506,0
1,0.0967167954429993,0
1,0.7585811428674634,1
0,0.22350371411388284,0
0,0.10928969546799695,0
0,0.701147082628433,1
1,0.9053186526505053,1
0,0.12014106163157591,0
1,0.7003577780293166,1
1,0.7919240701413098,1
0,0.06081164111323553,0
0,0.5335976526182399,1
1,0.9936154126165536,1
0,0.15118726851278053,0
0,0.9654540511185892,1
1,0.017875963065578596,0
0,0.02198616286387986,0
0,0.0023183557374536357,0
1,0.8111392100346205,1
0,0.059215281880022584,0
0,0.6468802043329406,1
1,0.9018363552855629,1
1,0.8670591427246905,1
0,0.14005960867083386,0
0,0.3231617161296867,0
0,0.8008367760015127,1
0,0.6956037575834952,1
0,0.021438270677003938,0
0,0.019660127768059258,0
0,0.04338280751354295,0
0,0.32926663619208685,0
0,0.16654668803033282,0
0,0.016139173899699166,0
0,0.03071857451286455,0
0,0.8054864737280464,1
0,0.07825868974424917,0
0,0.03750196648408794,0
0,0.0033630327628244245,0
0,0.854722505017599,1
0,0.11227493554536498,0
0,0.027083977263482335,0
0,0.5763312872576324,1
1,0.9253761299701823,1
0,0.010880915290540749,0
0,0.47888679383652366,0
1,0.5053868242038089,1
0,0.001224185092680852,0
0,0.7641665123711484,1
1,0.34577832443758555,0
1,0.12874273995471136,0
1,0.9985509172238157,1
1,0.10927992236855513,0
1,0.9868228226682171,1
0,0.4552756814679659,0
0,0.02306202967090448,0
0,0.13726887597005788,0
0,0.03963824709804587,0
0,0.22298317849808966,0
0,0.6454221311144281,1
0,0.0566900673347078,0
0,0.0012200323672318448,0
0,0.6060507059880872,1
0,0.1664843506201136,0
1,0.736143773284383,1
0,0.002896125003878985,0
1,0.9885087791380073,1
0,0.027612117563942044,0
1,0.8968564979336847,1
1,0.871058622921117,1
0,0.01337533039319965,0
0,0.08491760386401953,0
0,0.47585176835061394,0
0,0.018241566377548014,0
0,0.250380188160184,0
1,0.49552560304256843,0
1,0.2678643861318322,0
0,0.030941521160203236,0
1,0.49450679209755993,0
0,0.017001657348146636,0
0,0.011918229483749744,0
0,0.04790420040600084,0
0,0.17477085672841017,0
0,0.050921161785031435,0
0,0.013008390406521624,0
0,0.35566599763529955,0
0,0.23415101726152798,0
0,0.9374421912368802,1
0,0.0058106930243616095,0
0,0.6698543472738442,1
1,0.864519757406401,1
0,0.009990878480017028,0
1,0.8812315404863191,1
0,0.6403668310156565,1
0,0.02133971144753435,0
0,0.21745160164291163,0
0,0.10723860491175802,0
0,0.2679872881435012,0
0,0.8518591707436145,1
1,0.18064054564682322,0
0,0.04867630675090231,0
1,0.5679668071744606,1
1,0.9040688146916811,1
1,0.27376146894782977,0
0,0.2686446205297486,0
0,0.11128171310213647,0
0,0.07205171514972737,0
0,0.5893111830386728,1
1,0.7433557442978675,1
0,0.12572396649608159,0
0,0.03454397474097154,0
0,0.5713621466757209,1
0,0.0062628984641942345,0
1,0.9229501448507792,1
0,0.44232850897173565,0
0,0.2639852556742757,0
1,0.6137309521474417,1
0,0.0011073260625527426,0
0,0.02096135442104752,0
0,0.041694482396266386,0
0,0.03601441756032827,0
0,0.3350691256700968,0
0,0.0026232403978623275,0
1,0.997174324718654,1
0,0.006991218741124303,0
0,0.05696631773505373,0
0,0.6786999673172855,1
0,0.6109256633980865,1
0,0.162048927238973,0
0,0.01127087706619805,0
0,0.018814868661113707,0
0,0.7289160432409265,1
0,0.03327550123095511,0
1,0.7499247509374647,1
0,0.3510071130068037,0
1,0.9391806993316191,1
1,0.8479879158976885,1
0,0.021223954548474526,0
0,0.5935384210783391,1
0,0.008496400563404711,0
0,0.07305266477258257,0
0,0.12367246924776028,0
0,0.8543994557122948,1
0,0.22203673612838112,0
1,0.5528497851596663,1
0,0.040740770359280816,0
0,0.004098773066755696,0
1,0.46625685940700984,0
1,0.7595326197771567,1
0,0.1227795963886076,0
0,0.0758513105925965,0
0,0.0014350024389130132,0
0,0.4290105126943797,0
0,0.03300749788294633,0
0,0.5878019124472225,1
0,0.008134668948923783,0
0,0.20885842975261507,0
1,0.5023498269720579,1
1,0.36478131401016817,0
0,0.07087941661562625,0
1,0.8010003518362474,1
0,0.08135779774673718,0
1,0.5372900638181812,1
1,0.4348521814095219,0
0,0.05209475237679941,0
0,0.05652228038424748,0
1,0.7713401127010716,1
0,0.5749545627197491,1
1,0.8365780002042204,1
0,0.026095640324945026,0
0,0.5903784970021642,1
0,0.148796486023397,0
0,0.27423993678682607,0
0,0.19827730869902047,0
0,0.0027083674091201147,0
0,0.008980600387218343,0
0,0.5835468848124441,1
0,0.29907167627423387,0
0,0.07051333132344373,0
0,0.12839524355847318,0
1,0.8796164612597448,1
0,0.32522490597916887,0
1,0.812442685131444,1
0,0.6405932434004261,1
0,0.07430256426993032,0
0,0.013316322594618532,0
0,0.8359176961750466,1
1,0.5119213210185927,1
0,0.0036094764715053095,0
0,0.07732183146981819,0
0,0.5456217569059822,1
0,0.018521166590962267,0
0,0.01032488103567343,0
1,0.31460926419598406,0
0,0.7661056213266915,1
0,0.7434817770619367,1
0,0.5362624916473869,1
0,0.062221161643012224,0
0,0.014168873080443647,0
0,0.03465662708456768,0
1,0.9972830454312571,1
0,0.35677826517519906,0
0,0.6036117142243963,1
0,0.8877567585904792,1
0,0.5625609246621616,1
1,0.942665679461973,1
0,0.2822186070220663,0
1,0.49624809666196307,0
0,0.399143505129272,0
0,0.10688941076874292,0
0,0.06125134731913653,0
0,0.6686917194122041,1
1,0.12433718285659101,0
0,0.0009445291306243514,0
0,0.0030924696856722803,0
0,0.09888456475564994,0
0,0.33086476861438535,0
0,0.04509252821448337,0
0,0.060564552055736375,0
1,0.9959146701136404,1
0,0.08103364544785423,0
0,0.019319355607952417,0
1,0.525305530527829,1
0,0.0060288071267647824,0
1,0.9609708385015002,1
1,0.1975378255890173,0
0,0.1154482293955651,0
0,0.01165539909441846,0
0,0.0010663974070664072,0
0,0.002445067865829111,0
1,0.8797061582147983,1
0,0.03323340554641522,0
1,0.8045524426371926,1
0,0.05922981338118513,0
0,0.8890508629223182,1
0,0.01331402870172713,0
1,0.9974313875895809,1
0,0.5362222134143653,1
0,0.10972927316523225,0
0,0.028522863549016005,0
0,0.0013174682201479073,0
1,0.9110236404045599,1
0,0.05779754349770632,0
1,0.9859703585195558,1
1,0.9972986196736018,1
0,0.06765082556500421,0
0,0.012228253686777886,0
0,0.810333147326405,1
0,0.002009751650775762,0
0,0.7804302582476932,1
0,0.037097594183874635,0
1,0.9687905651895745,1
0,0.02708496835039532,0
0,0.00355996071888886,0
0,0.05021411831473195,0
0,0.0013165669613832592,0
0,0.08553746414602957,0
0,0.0018338165701324179,0
0,0.05655236513982219,0
0,0.008757604182579305,0
0,0.12126584871380477,0
0,0.0987996794503479,0
0,0.17802878318219503,0
1,0.8902332417922515,1
0,0.07978039768150141,0
0,0.3035122852181762,0
1,0.9798946229214963,1
0,0.03122802869114028,0
0,0.0054921293200707695,0
1,0.8599857347250794,1
0,0.3603758949982154,0
0,0.0008976876407414011,0
1,0.19011062331209908,0
1,0.5849117045795243,1
0,0.188060924469504,0
0,0.0030407441764962614,0
1,0.8934681364269724,1
0,0.0016336182980870165,0
0,0.011851515678067144,0
0,0.5969679510020764,1
0,0.00367737284454752,0
1,0.8270530522155175,1
0,0.19794467382514117,0
1,0.872978467582514,1
0,0.11184695042028077,0
0,0.10167351244707769,0
0,0.019408706270124396,0
0,0.06641630400038097,0
0,0.6499389978820653,1
1,0.6263439398463383,1
1,0.9978314475971479,1
1,0.5015972027283615,1
0,0.7884820503768174,1
0,0.00040303962158517233,0
0,0.1532030423492888,0
0,0.0682063398726833,0
0,0.04154050709987165,0
0,0.10919198863397911,0
0,0.020296181233554207,0
0,0.0008277172674724574,0
0,0.041234334542505705,0
0,0.04725320587668467,0
0,0.396253688879363,0
0,0.05622346973935027,0
0,0.06725879155177379,0
1,0.9884265788169311,1
1,0.8563642591285268,1
1,0.9029958309378805,1
0,0.21574363980903882,0
1,0.9414140614131501,1
1,0.8444639348148114,1
0,0.8550333535011383,1
0,0.5161484601248454,1
1,0.06913648151342845,0
0,0.28561118453742895,0
1,0.8447311165858088,1
1,0.9346525591658852,1
0,0.3016381024460884,0
0,0.008748478713573062,0
1,0.9738326803073072,1
0,0.6578251632492839,1
0,0.8725637568820047,1
1,0.9976190714525519,1
0,0.35285687852355674,0
1,0.9895359168771833,1
0,0.07247623509234055,0
0,0.0028921991571438004,0
1,0.8260308374601942,1
1,0.45788020293274034,0
0,0.041984288744628014,0
0,0.7033174252407186,1
0,0.5657999354726198,1
0,0.023727038206194193,0
1,0.9004309504003745,1
0,0.03644913861234106,0
1,0.8581785137670962,1
0,0.37991682454265446,0
0,0.01473827685809999,0
0,0.004517073870832162,0
1,0.7103434373740184,1
0,0.04270433661952288,0
0,0.03603014652590735,0
0,0.0011268796719974684,0
0,0.02543157140732957,0
0,0.038650182025188724,0
0,0.020431319954833996,0
1,0.3259595578136085,0
0,0.11169750483572873,0
0,0.056289548641581075,0
0,0.4222257160999446,0
0,0.05702434138928124,0
0,0.010090668814149654,0
0,0.5263067306721243,1
1,0.69563749769823,1
0,0.07733051939167489,0
0,0.6289509202166649,1
0,0.5667855901252424,1
0,0.9238462386173293,1
0,0.7938767682465557,1
1,0.7393718774461847,1
1,0.37166221195848187,0
1,0.9982363878695124,1
0,0.0707366900555196,0
0,0.006208549409540455,0
0,0.7940896849581504,1
0,0.006960404447923884,0
0,0.714939662522545,1
0,0.043283421262210464,0
0,0.33846802494439004,0
0,0.041156776866167685,0
0,0.01874018178638902,0
0,0.035521287106453865,0
1,0.7995086177456876,1
0,0.6640864404297456,1
0,0.24915278730225743,0
0,0.8846190978791812,1
0,0.9335944187037549,1
1,0.9257373527845111,1
0,0.01779194134072557,0
1,0.7809301690678431,1
1,0.8206996350064859,1
0,0.30053183798242866,0
1,0.703174463011657,1
0,0.8205179387066422,1
1,0.8775165782567075,1
0,0.15447291724169476,0
0,0.051169699079236006,0
1,0.8727607103027545,1
0,0.6801911798493289,1
0,0.11991538355939889,0
0,0.013092079630137848,0
0,0.14106488563193262,0
0,0.019083665879110107,0
1,0.9965443628806304,1
0,0.07356844849970268,0
0,0.4340728310398053,0
0,0.7752548114637458,1
0,0.050362512173567096,0
0,0.6147476087419548,1
0,0.009581090199753995,0
1,0.5018806945824674,1
1,0.6025098884462502,1
0,0.41259552812029887,0
1,0.8941970101802217,1
0,0.002735249988427782,0
0,0.6695631139114937,1
0,0.028192420480761406,0
0,0.5691572030832005,1
1,0.9963601666427283,1
0,0.01831246037525566,0
1,0.7096790276977601,1
1,0.9888372614429395,1
0,0.016587261159221035,0
0,0.10552538814989208,0
1,0.8704312357200769,1
0,0.9214585215335849,1
0,0.16593999851908986,0
0,0.23793228961195736,0
0,0.3904531300609442,0
0,0.14522558017871032,0
0,0.009052014654524184,0
0,0.010495504047891346,0
0,0.002328057212615009,0
0,0.02530196224523327,0
0,0.13228783488696033,0
1,0.709979480652707,1
1,0.35720860287023803,0
0,0.0337176382625463,0
0,0.21285965392014733,0
0,0.17567825039162563,0
0,0.2533529012269997,0
0,0.03825481174086379,0
1,0.8288156594023927,1
0,0.7967574196925779,1
1,0.08011943739979487,0
0,0.6713063658284703,1
0,0.01273285665822478,0
0,0.03669440471884342,0
1,0.9974329911632701,1
0,0.0013059895680797352,0
0,0.04874787402236789,0
0,0.0015948128622418106,0
0,0.38610313301485216,0
0,0.30048825963921155,0
0,0.018158928548708212,0
0,0.3272876305085367,0
0,0.8539474445838612,1
0,0.5891689920408552,1
1,0.6948842631065042,1
0,0.0653787480867976,0
0,0.5755912547880696,1
0,0.001207363544327094,0
0,0.7535296715037967,1
0,0.40108951554554995,0
0,0.0040166794113438995,0
0,0.0016777975668151683,0
0,0.10558463774432073,0
0,0.01710309959423861,0
1,0.9076159169865087,1
0,0.04275538782288136,0
0,0.16679321676436057,0
0,0.20133031126436532,0
0,0.0019958347691949913,0
0,0.0637856124299728,0
0,0.0055818187949303755,0
0,0.7082393267552684,1
0,0.5692780824345722,1
1,0.9913052254987186,1
1,0.8443673397185469,1
0,0.0036727526721400663,0
0,0.001631444793932198,0
1,0.9385014162433308,1
0,0.06025848096889609,0
0,0.011361284042076987,0
0,0.32310111770860916,0
0,0.033291623981850565,0
0,0.0813980139712492,0
0,0.5388133021820715,1
1,0.8921222163342379,1
0,0.0014454765999530436,0
1,0.876229065751913,1
0,0.626240295262385,1
1,0.9869407927172671,1
0,0.7900674011625296,1
1,0.9388296781922861,1
0,0.7794157319467642,1
1,0.8768001934023183,1
0,0.11391935423623166,0
0,0.03771639339614777,0
1,0.8659224659134189,1
0,0.005974307054006298,0
0,0.4508663588081716,0
0,0.02262885268509589,0
0,0.0499752773524034,0
0,0.0851263847341817,0
1,0.2014950298439379,0
0,0.8757358105429651,1
0,0.006793328606456387,0
0,0.8013811893314242,1
1,0.9602467369829802,1
0,0.20015971288480994,0
1,0.254238912666986,0
0,0.001658020876551594,0
0,0.10923422372942741,0
0,0.6898386420700264,1
0,0.06494025477566634,0
0,0.0026352094939846053,0
0,0.0012706832408381154,0
1,0.8931244758859229,1
0,0.11455586869493821,0
0,0.20288351619520642,0
0,0.1422340301914833,0
1,0.864813947996434,1
0,0.001589619927921856,0
0,0.1418736835106808,0
0,0.5987948959599997,1
0,0.027050695815805666,0
0,0.0020834665156459257,0
0,0.4833525372622796,0
0,0.12085850125460926,0
0,0.06125814360479134,0
1,0.9560002840872911,1
0,0.06090469350373375,0
1,0.9889886013002188,1
0,0.6063604476270346,1
0,0.7224703504981921,1
1,0.9364619249822755,1
0,0.007135187369636056,0
1,0.9821631684463452,1
0,0.09448411315258266,0
0,0.33296700627,0
0,0.009427448563279149,0
0,0.29958525474388736,0
0,0.416869233276914,0
0,0.7328543579805754,1
1,0.931372350427832,1
0,0.035325692682767154,0
0,0.2173199592292597,0
0,0.03935042516060417,0
0,0.032648806755541895,0
0,0.07997814226678285,0
0,0.0831748162862832,0
1,0.9001691810920712,1
0,0.10116315663916782,0
0,0.3126621962984272,0
1,0.8696134637621363,1
0,0.006929618017713401,0
0,0.013643100871092653,0
0,0.0935498649990689,0
0,0.03942025481309069,0
0,0.5690272556165767,1
1,0.9975982532007627,1
1,0.856684589867267,1
0,0.019061491434948966,0
0,0.07276198226844613,0
0,0.010749793877234397,0
0,0.8245248269639912,1
0,0.0965708079660252,0
0,0.6323578501190088,1
0,0.020217018852265237,0
0,0.04937617855009149,0
1,0.8749283314591224,1
0,0.015185923161186082,0
0,0.17272679858979287,0
0,0.03979211497484313,0
0,0.11349409238528799,0
0,0.24806078327582554,0
0,0.0003146916063924152,0
0,0.23485923912777365,0
0,0.6476591682347285,1
0,0.002346408718672044,0
0,0.1935674491253827,0
0,0.2104608844476704,0
1,0.8935989328581853,1
0,0.5618602766676445,1
0,0.07669169640102326,0
0,0.5701205442919934,1
0,0.0747678397527903,0
0,0.836697291353484,1
0,0.016665058390681664,0
1,0.5874877944183841,1
0,0.38473383182709864,0
0,0.15448680425359215,0
0,0.01866310985090375,0
0,0.5116342833389097,1
0,0.02475619289677497,0
0,0.04821799513060065,0
0,0.13496241211097013,0
0,0.03300454444982454,0
1,0.4318707007921257,0
0,0.1525422038469257,0
0,0.05651017521987131,0
0,0.006688694362374602,0
0,0.008487768058799977,0
0,0.6849027108029238,1
0,0.1401082397002505,0
0,0.5665897284627477,1
0,0.02724333555469796,0
0,0.009964429743020113,0
0,0.0030755560771537033,0
0,0.08504507875811941,0
0,0.006728029595836199,0
0,0.030285893713587052,0
0,0.0032483775390337744,0
0,0.02102189615636536,0
0,0.0011191966072117436,0
1,0.37686782632137156,0
0,0.020883344228992323,0
0,0.4150382825865445,0
0,0.8681576145808408,1
0,0.8818333677035076,1
1,0.5516334772039664,1
1,0.851274815002546,1
0,0.025518955324018096,0
0,0.20742703739524054,0
1,0.9850199829059276,1
0,0.9294572974273279,1
0,0.010934441392341598,0
1,0.9964389477523441,1
0,0.8278931332835264,1
0,0.3744972160944269,0
0,0.6821470112979423,1
0,0.009981447622487252,0
0,0.23527713732208375,0
0,0.0026598904906841663,0
1,0.6277820838489213,1
0,0.6891005274144629,1
0,0.027720624355594338,0
0,0.39689149754997377,0
0,0.012834968747944583,0
1,0.5012769126464305,1
1,0.9974281796921863,1
0,0.4989629599820491,0
0,0.20968754980832346,0
0,0.021032364617792756,0
1,0.9346363706424831,1
0,0.11722054052839379,0
0,0.9143722082359671,1
0,0.3238276825609794,0
1,0.2630162539300722,0
0,0.015279526011581817,0
0,0.015951207465725335,0
0,0.022650965906643387,0
0,0.3872624231522814,0
1,0.7633738367656927,1
0,0.017287907435223883,0
1,0.4335858206050868,0
0,0.0007978902317908354,0
0,0.17429628941054806,0
1,0.9873825235385393,1
0,0.21378035420817432,0
1,0.9965030941972592,1
1,0.641105814317192,1
1,0.8031689898291176,1
0,0.0037355314835561897,0
0,0.022820926890056253,0
1,0.7475296229178874,1
0,0.7833561293359411,1
0,0.9306340449020175,1
0,0.7411283653081463,1
0,0.7406487795875023,1
0,0.03381708299929352,0
0,0.04146531214405543,0
1,0.8608559882168894,1
0,0.7709612965400653,1
0,0.9444094628490345,1
0,0.0036515466253399954,0
0,0.7248926291150634,1
0,0.5824639671049888,1
1,0.9778023474845992,1
0,0.00621066211430437,0
0,0.06625616725879574,0
0,0.019029529911625986,0
0,0.4348918264095431,0
0,0.04156786095068006,0
0,0.24559639871195973,0
0,0.19053304665122275,0
0,0.007923292862434258,0
1,0.9913094398503733,1
0,0.001238975898691467,0
1,0.5930950603860391,1
1,0.999257021496655,1
0,0.005183473946743858,0
0,0.006177906488689633,0
0,0.3527083033122492,0
0,0.029452326817801938,0
0,0.39995273178111734,0
1,0.7124770370823433,1
0,0.00487729945774833,0
0,0.23937745862726043,0
0,0.0050012514923508155,0
0,0.011361413150570373,0
0,0.07209567559440756,0
0,0.007530804068551173,0
0,0.2114310412746929,0
0,0.008740345301575752,0
0,0.24060393329942845,0
0,0.05566000248207551,0
1,0.8343115555458737,1
0,0.06328065264749606,0
0,0.054225901045068865,0
1,0.982807904062024,1
0,0.37624828402003513,0
1,0.6500082386375984,1
0,0.08084448935236722,0
0,0.17510183815174246,0
0,0.06524800351771431,0
0,0.0035027996476387113,0
0,0.07044998086871439,0
1,0.865157817802796,1
1,0.9068779118372936,1
0,0.013139884581811704,0
0,0.016372121116883985,0
0,0.13053621188183293,0
1,0.996598026832513,1
0,0.09969255089210638,0
0,0.0164118263531004,0
1,0.14121196496835567,0
0,0.034263509337606315,0
0,0.06227955171028879,0
0,0.04302971414238845,0
0,0.09155556582076634,0
1,0.9987925081355078,1
1,0.752905750010522,1
0,0.013202051479607946,0
1,0.48580320407242433,0
0,0.030309492849365575,0
1,0.8311767933392123,1
0,0.10497723500730413,0
1,0.6165630944032744,1
0,0.0008054902888334774,0
1,0.6866618120739293,1
1,0.7403901277726647,1
0,0.21010750535682238,0
0,0.007116590788318299,0
0,0.3623766039718609,0
1,0.9539038889922902,1
0,0.05320518158068978,0
0,0.1554647747002446,0
0,0.001838709918226692,0
0,0.016190812581563643,0
0,0.6037745998836238,1
0,0.018095116733544366,0
0,0.029519285096786967,0
0,0.1622509471918787,0
1,0.9467832988214671,1
0,0.12352555882994398,0
1,0.893437015103169,1
0,0.14058739588390837,0
1,0.78687599672249,1
0,0.006139480129690572,0
0,0.03186929455514332,0
0,0.22674474021360252,0
0,0.012376670632023494,0
0,0.0004647807321211411,0
1,0.8118120834719142,1
0,0.032524226770855244,0
0,0.03458429905951455,0
1,0.7726048918777716,1
0,0.027499988616943298,0
0,0.044625263312813745,0
0,0.006104805871802606,0
0,0.03371035297913747,0
0,0.35615950299262206,0
1,0.6291458482945175,1
0,0.12052908479920427,0
0,0.024596874074567416,0
0,0.5286602894060031,1
0,0.3903182822571758,0
0,0.0014315841339001712,0
0,0.009383010317720882,0
0,0.2737532837393642,0
0,0.0754717702043807,0
1,0.7995549067383556,1
1,0.9972273221061444,1
0,0.38504418501173243,0
1,0.9989077483557846,1
0,0.06336269710789269,0
0,0.0014190837988098538,0
1,0.5786181719434264,1
1,0.9363618298246685,1
0,0.0035014479597423034,0
0,0.6738771049122144,1
0,0.04503703260164588,0
0,0.007426651086958283,0
0,0.028901246891462826,0
0,0.003523729728983993,0
0,0.22952246300155324,0
0,0.188364015657879,0
0,0.04083475569106055,0
1,0.938157223523901,1
0,0.031070332587937007,0
0,0.04233929549359009,0
0,0.1728273302338226,0
0,0.028807941411384805,0
0,0.1344063242122275,0
0,0.6742496985057318,1
0,0.012436923164769053,0
0,0.3022937120087826,0
0,0.6790358126781787,1
0,0.8381410796232025,1
0,0.11905546122087134,0
1,0.997933922475617,1
0,0.3180982709057331,0
0,0.0031851679944907524,0
0,0.0011618423830536094,0
0,0.006026034781268394,0
0,0.006133894544987649,0
0,0.013626093500467904,0
0,0.5294988857719706,1
0,0.32597860060784023,0
0,0.7724987937210425,1
0,0.010861785252943436,0
0,0.07385929667098981,0
0,0.01610907925531344,0
1,0.9989646488033309,1
0,0.5173943575259161,1
0,0.866894355910929,1
1,0.9938629838807028,1
0,0.8202720882882781,1
0,0.6007516440485909,1
0,0.0005977016859094855,0
0,0.0023986429011967542,0
0,0.0015727136049894855,0
0,0.7405719148855568,1
1,0.9965888284011467,1
0,0.014813854921991245,0
0,0.20081863925167695,0
0,0.042031779662323396,0
0,0.32155494061746953,0
1,0.9993216103426195,1
0,0.020160039815850142,0
0,0.0010636374352444807,0
1,0.6776393120598612,1
0,0.513871325341809,1
0,0.001186080337047285,0
0,0.2377226042829393,0
0,0.835730396527989,1
0,0.006818865549684471,0
0,0.295673281090314,0
0,0.0013323060381070539,0
0,0.028278593536438926,0
1,0.741061793105725,1
0,0.1120533947828812,0
0,0.8430823858173767,1
1,0.8073599004724296,1
0,0.5430754604456283,1
0,0.0028028240737702167,0
0,0.31843425339441994,0
0,0.021447686377468928,0
0,0.20015310345872697,0
0,0.0008125675112503254,0
1,0.7344610150531181,1
0,0.02032313979440242,0
1,0.8792253196001174,1
0,0.2400661850999504,0
0,0.24807116129056045,0
0,0.0014894020410272872,0
0,0.0025441820403296635,0
0,0.04686072367298455,0
0,0.6805411092418823,1
0,0.07645888815227764,0
0,0.2853762591552548,0
0,0.30519767863142944,0
0,0.10264723507401849,0
0,0.011579144293850298,0
0,0.007190389833034743,0
0,0.5327709331112761,1
0,0.05702903504219995,0
0,0.1035894696292115,0
0,0.018019846482963838,0
0,0.02820510388202468,0
0,0.11908252753417135,0
0,0.8900459081042766,1
0,0.09392980147920728,0
0,0.015421376101154386,0
0,0.219288537819269,0
0,0.0084407221237262,0
0,0.6095275962358686,1
0,0.17219554510579418,0
0,0.6494627295394508,1
0,0.016746359990503216,0
0,0.2918527362609296,0
0,0.2826365298084071,0
0,0.0743532152578316,0
0,0.05484825116161392,0
0,0.6795774557229683,1
0,0.012991256310168398,0
0,0.1143125132956541,0
0,0.02659739106993185,0
0,0.030858762750980307,0
0,0.06050868958124684,0
0,0.09994206450766877,0
0,0.0035683256030145057,0
0,0.09528158525768692,0
0,0.22073667152174922,0
0,0.008939426345919464,0
0,0.03067370596418356,0
0,0.01998467271032854,0
1,0.9906281760571606,1
0,0.13583949742528975,0
0,0.2713687604452109,0
0,0.026976997768001817,0
1,0.9953615830768269,1
0,0.5997686916758773,1
1,0.7462980768568991,1
0,0.03582317677437373,0
0,0.009461889870549075,0
0,0.03563874954124445,0
1,0.9835172304027472,1
0,0.3148797024416083,0
0,0.49308232743609415,0
0,0.01946382247762728,0
1,0.7786703714700746,1
0,0.0011369037532957891,0
0,0.13987998914947544,0
1,0.9974094120836627,1
0,0.02441883665533149,0
0,0.1850629997169466,0
0,0.722152606659135,1
0,0.04412191957120978,0
0,0.07366939414997138,0
1,0.9911204724188839,1
0,0.5156295423858811,1
0,0.4132800896750548,0
0,0.7535762045790426,1
0,0.5185844420734244,1
0,0.009067561172312335,0
0,0.0430848824142328,0
0,0.024240970118836885,0
0,0.3729360430675679,0
0,0.18079356057197746,0
0,0.5147288554582845,1
0,0.07369853765215613,0
0,0.2588924927825524,0
1,0.8952557205615302,1
1,0.9899452086963967,1
0,0.1578954058596791,0
0,0.009635080474976285,0
0,0.08026080342197871,0
0,0.46724425522646207,0
0,0.00671274328961364,0
1,0.9960096521024545,1
1,0.9984527019037611,1
0,0.1956113256489775,0
0,0.5723632286767113,1
1,0.058371725131159,0
1,0.988392352241747,1
0,0.07375347434530438,0
1,0.9830844153844649,1
0,0.01935187878173299,0
1,0.8700474648450709,1
0,0.8706291053314824,1
0,0.086741399077969,0
0,0.5750554640048331,1
0,0.04494657593004567,0
0,0.5914123371501395,1
0,0.0025616375556571625,0
0,0.058617244078577824,0
0,0.08579524258827238,0
0,0.004664348339425473,0
0,0.0036902936226369844,0
0,0.5520272285837801,1
1,0.6984230802169625,1
0,0.041616850161220784,0
0,0.5384405841629928,1
0,0.03843531282763521,0
0,0.3262889151095725,0
0,0.0011032147362216177,0
0,0.23555148776054083,0
0,0.006077012340777968,0
0,0.1114491761231484,0
1,0.7369268897046278,1
0,0.24970323781407408,0
0,0.04180721345380697,0
0,0.6016968265067489,1
0,0.2650990508568278,0
0,0.3144360780310831,0
1,0.6118498543873713,1
0,0.510258199292515,1
0,0.025224635092488415,0
0,0.016599070009301945,0
0,0.44869921605577523,0
0,0.6362584349695372,1
1,0.99450148893068,1
1,0.9866664230396037,1
0,0.067238354353255,0
0,0.0016269457042395279,0
1,0.7397465920092047,1
0,0.7435041614241246,1
0,0.35851514617357766,0
0,0.13968146465647888,0
0,0.026929696884189693,0
1,0.8412071267417093,1
0,0.7594285243174594,1
1,0.7689335923646271,1
0,0.057199008848826394,0
1,0.5537112443474289,1
0,0.7523440667958154,1
0,0.04691748909923628,0
1,0.7612666721228424,1
1,0.5527146702289281,1
0,0.2574297344790554,0
0,0.0036935086560971665,0
0,0.05177562369540799,0
0,0.05311093182667034,0
0,0.009134321312306785,0
0,0.22461726702337464,0
0,0.1881381581782423,0
0,0.0008962512038464775,0
0,0.03972289795341353,0
0,0.011358788266175151,0
1,0.7405263041567801,1
1,0.9973050544121054,1
0,0.004527913280824224,0
0,0.004122413015085817,0
0,0.0012360218834028944,0
0,0.27427516437998367,0
0,0.09924676321526915,0
0,0.5602989122850248,1
0,0.12591288776399936,0
1,0.9989271308416756,1
0,0.9149798879563755,1
1,0.9350918330465506,1
0,0.0024110594704052127,0
0,0.02141881250810231,0
0,0.005726391482033062,0
0,0.5678314023862062,1
0,0.024075080560004875,0
0,0.1654441113271996,0
1,0.8368803097240002,1
0,0.005219603897729573,0
0,0.3355852739821075,0
1,0.41811177311552533,0
1,0.8699839326990831,1
0,0.031042973320584154,0
0,0.01589518212118924,0
0,0.07515635021036267,0
0,0.03981841556223711,0
0,0.022244325956521305,0
1,0.8755218213825069,1
0,0.07338504408368289,0
0,0.0015546440580713403,0
1,0.7233515044858785,1
0,0.17153253930362355,0
0,0.7991101153497775,1
0,0.001061604007667582,0
0,0.027378094652731853,0
0,0.28165496576029625,0
0,0.042879380990777524,0
0,0.00047922068533201177,0
0,0.0012173365861669594,0
0,0.010308565383802473,0
0,0.030843297553953698,0
1,0.945276580579262,1
0,0.0009590565049563737,0
0,0.34637943456091497,0
0,0.00377805618720167,0
0,0.07576331109101059,0
0,0.7314287657149793,1
0,0.04776309742274964,0
0,0.024179592514115625,0
0,0.005144594066458767,0
0,0.4955759417598741,0
0,0.4547705478223448,0
0,0.0020635507129401513,0
1,0.9941101934678707,1
0,0.0015584543985326538,0
0,0.7069235713588117,1
0,0.10330306117531615,0
1,0.7339259766899143,1
0,0.29513305949043656,0
0,0.2653706998690903,0
0,0.0058823478755993305,0
0,0.00075600444661281,0
0,0.044147064955617425,0
0,0.6071311433455313,1
0,0.36581653685648186,0
0,0.11056294198465064,0
0,0.7773173643759248,1
0,0.31971754449021555,0
0,0.004915653775243698,0
0,0.016296082811677062,0
1,0.995864253551436,1
0,0.20726160423560908,0
0,0.04026654025766871,0
1,0.9627729719120532,1
0,0.33482512082775434,0
0,0.16783086282943419,0
1,0.9147711073637318,1
0,0.04268426901909837,0
0,0.27052636458286977,0
0,0.04693404855352916,0
1,0.9125841916158327,1
0,0.09367658430516325,0
0,0.022273875264036107,0
1,0.988109969502518,1
0,0.04536708597141089,0
0,0.27729663893516293,0
0,0.017455988136800007,0
0,0.003542854373149989,0
0,0.8344344232571591,1
0,0.015062914764288957,0
1,0.2074921440310012,0
0,0.07750122524370706,0
1,0.8930302137934528,1
0,0.6178627753717874,1
1,0.9992425082694257,1
1,0.9443132266257381,1
1,0.6284655372000412,1
1,0.9909591244662621,1
0,0.7796973255437788,1
1,0.9975635089418794,1
0,0.12871227387875353,0
1,0.49256541193419584,0
0,0.9283645871226842,1
0,0.20671580610188228,0
0,0.00468973902363265,0
0,0.016264233799841116,0
0,0.9257919993386966,1
1,0.6293181301120102,1
1,0.9109693648117848,1
0,0.7109766034206612,1
1,0.940100142222747,1
0,0.043813414212876566,0
0,0.7170346747434277,1
1,0.9989146038963113,1
1,0.8103602771573977,1
0,0.17701701096121544,0
0,0.805516622490855,1
1,0.5035383980942265,1
0,0.011909149323417032,0
0,0.006152765714491667,0
0,0.6365254934389848,1
1,0.5353505264542459,1
0,0.15204237350277391,0
0,0.0021765258746437844,0
1,0.6912532599704727,1
1,0.9977033555584691,1
0,0.5849102408755462,1
0,0.4480518652656544,0
0,0.3443200691159835,0
0,0.0034819029272153525,0
1,0.9186812680761376,1
0,0.005354768320919749,0
1,0.9990786772393919,1
0,0.012831906187441835,0
0,0.03722362572281551,0
1,0.897796752441988,1
1,0.7825600494017038,1
0,0.08924358247312279,0
1,0.8798741762199855,1
1,0.998632932113602,1
1,0.9063222034210318,1
0,0.0009573798607739539,0
0,0.5898491089096386,1
1,0.285552108707737,0
0,0.03956635972075306,0
0,0.8129171704106289,1
0,0.010251812222988304,0
0,0.001681674167343328,0
0,0.0174506062450899,0
0,0.0269795900980302,0
0,0.007759674116013778,0
0,0.7349332054331449,1
0,0.26794223975944614,0
0,0.8717771128130598,1
0,0.06402668861041626,0
0,0.010183205002601186,0
1,0.8572451871102575,1
1,0.6629276131506378,1
1,0.5815474013786864,1
0,0.03998888721703885,0
1,0.8195114494447934,1
0,0.06602126787745957,0
0,0.9725034245680962,1
0,0.7067654481447747,1
0,0.023443708710777663,0
0,0.018463416976443603,0
0,0.010430820246318185,0
0,0.004167157442496769,0
1,0.8988203385969841,1
1,0.9149900666939736,1
0,0.03844166774102631,0
0,0.0026171046389993264,0
0,0.22662370798846646,0
0,0.6149041685912314,1
1,0.7242594907366491,1
0,0.5881691802118859,1
0,0.41293205886678136,0
0,0.0016834805375763515,0
0,0.04074800990183763,0
0,0.11486499531037883,0
1,0.8780826690708315,1
0,0.10429296652221061,0
0,0.2343548063318025,0
0,0.01109770257305794,0
1,0.9932373263718284,1
1,0.6000567276659603,1
0,0.051789690099964786,0
0,0.004836037618864778,0
0,0.06577861723171782,0
0,0.6539658560565097,1
0,0.4167174479991073,0
1,0.6836659070184202,1
0,0.04165332983016229,0
1,0.9986268124984293,1
0,0.0068477327855424085,0
0,0.015551875891329036,0
0,0.12610450376131427,0
0,0.6690940027118485,1
0,0.0032017323775094995,0
0,0.020500649151951215,0
0,0.0029173905867435823,0
0,0.23996842129689647,0
1,0.9971444464031655,1
0,0.4645644819231378,0
0,0.7048854625148094,1
0,0.12209497694599786,0
0,0.9181046359824684,1
0,0.3085468916828594,0
0,0.019918785905843193,0
0,0.0016293447661168876,0
0,0.5017151560805079,1
0,0.6561760314675736,1
0,0.05632784330628011,0
0,0.05077329524572774,0
0,0.7745126747293336,1
1,0.904845857539099,1
1,0.4304192694894265,0
0,0.6672995637511596,1
1,0.8786153027913002,1
0,0.41006131611559427,0
0,0.032324868675585344,0
0,0.16541809248936531,0
0,0.10337569731245995,0
0,0.19335781140181363,0
0,0.13323752965409005,0
1,0.9946961136371322,1
0,0.05895438172647398,0
0,0.15242944237447012,0
0,0.022373202899538796,0
1,0.35708840226734156,0
0,0.01187109942187215,0
0,0.20095557136472142,0
0,0.06986426110139769,0
0,0.37493219377941917,0
1,0.9994450967959523,1
0,0.05326677064426365,0
1,0.37743409853339255,0
0,0.17112137003228686,0
0,0.038290456936126475,0
0,0.7384711305938395,1
0,0.012233839472362213,0
0,0.015057710752950811,0
0,0.6864547160937781,1
0,0.8713429155770491,1
0,0.11047485069231164,0
0,0.3813583120725972,0
0,0.0039951032679659505,0
0,0.00733149921180026,0
0,0.014804783170615976,0
0,0.0032444030743230194,0
0,0.10538087199801918,0
0,0.3311163700061305,0
0,0.83864029290857,1
0,0.03727300723881902,0
0,0.21527964382527753,0
0,0.14755817961628082,0
0,0.002633886452779237,0
0,0.03445681392554119,0
0,0.6718591375910298,1
0,0.003465432491902692,0
0,0.4634156333598188,0
0,0.7657714280900626,1
1,0.6071768058460977,1
0,0.011601627083951493,0
0,0.5160886055775039,1
0,0.032541869096586754,0
1,0.6772646418177406,1
0,0.018395604058121684,0
1,0.37192619319069103,0
0,0.016648541917493282,0
0,0.018718176586238384,0
0,0.00965730748776958,0
0,0.5131340824608811,1
0,0.05647870111053311,0
0,0.6857113919100299,1
1,0.7231172498046974,1
0,0.20532068857822494,0
0,0.005274175317615092,0
0,0.006283449094783819,0
0,0.8921854724353989,1
0,0.04775711799096125,0
0,0.15607763847754197,0
0,0.41301403783680124,0
0,0.018353329491088095,0
0,0.7178752131200182,1
0,0.26104163355452015,0
0,0.3518526739349955,0
1,0.7126322254749483,1
0,0.010455093903845915,0
0,0.15878658956093036,0
0,0.11841176718834139,0
1,0.7777693802775738,1
1,0.2983139624720677,0
0,0.4848455608405122,0
0,0.09444636506747306,0
0,0.02248207618684713,0
0,0.0023538144981298044,0
0,0.0218226822204714,0
0,0.011076093302534378,0
0,0.5019394818797658,1
0,0.6929134713763198,1
0,0.2645663025101624,0
0,0.0478971124453732,0
0,0.20753743610766298,0
0,0.05481656618143692,0
0,0.06334817073760235,0
0,0.0015251534343729085,0
0,0.004263481853285287,0
0,0.0515566220544242,0
0,0.02543133535250942,0
1,0.7213121764677657,1
1,0.9171062635463056,1
0,0.027170292512031242,0
1,0.10551736053763952,0
0,0.023594860960296362,0
0,0.03323779522453831,0
1,0.9984957653010184,1
0,0.025329372475309874,0
0,0.07005943070756032,0
0,0.09295542696819181,0
1,0.634708080379542,1
0,0.1653385622820892,0
0,0.6125023940073728,1
0,0.3542555210046218,0
1,0.8156529294678937,1
0,0.036995431821072663,0
0,0.10576074217186784,0
1,0.8992262323308451,1
1,0.7759556291825278,1
0,0.9096623287818653,1
0,0.15626025335171428,0
0,0.03646860300289794,0
0,0.08418190594870467,0
1,0.6081984665044761,1
0,0.008018242084374193,0
0,0.035409521599167375,0
0,0.0021953421910232683,0
0,0.24362867427711857,0
0,0.5853514383618041,1
0,0.05257451662042927,0
0,0.007832587100531176,0
0,0.016888650783874443,0
0,0.7419982591366729,1
0,0.043854641337478996,0
0,0.24238343726831169,0
0,0.17977250867634717,0
0,0.8433788788100782,1
0,0.03747469021747258,0
0,0.4951878478906683,0
0,0.021127081234338322,0
1,0.8197814276963984,1
1,0.7326442741423981,1
0,0.15369952499033934,0
0,0.04256868947916211,0
1,0.9993716321020346,1
1,0.2435304871377363,0
1,0.9979913502298692,1
1,0.7979392525879954,1
0,0.0002558838101851613,0
1,0.8628483695844142,1
0,0.13695212126767653,0
1,0.9528377398243835,1
0,0.11895373486516093,0
0,0.03001333624068111,0
0,0.014544508157790362,0
0,0.010862077943888633,0
0,0.5696179782262292,1
0,0.053391133958333024,0
0,0.45876557479663055,0
0,0.016876035814423936,0
0,0.048127499517599606,0
1,0.19176987530579603,0
0,0.37817655413912066,0
1,0.5029578116725468,1
1,0.7490703532528149,1
0,0.01449741836530052,0
0,0.006467961522296986,0
0,0.012197516509618141,0
0,0.5334752127565556,1
0,0.7310832451871856,1
1,0.6037185412746886,1
0,0.04103770628073152,0
0,0.08677780666100617,0
0,0.0010810097094846123,0
0,0.20227394101384835,0
0,0.5453645608439633,1
1,0.6229712055593644,1
0,0.06403952106897219,0
0,0.028225041030437832,0
1,0.8108130984625533,1
0,0.05667477489739591,0
1,0.6636536893354853,1
0,0.035807365707538855,0
0,0.6951148188300157,1
0,0.03864636892249588,0
1,0.7609600716794165,1
0,0.7324790609244134,1
0,0.11592214898281071,0
0,0.011088093947899842,0
0,0.8394003763174539,1
1,0.8503561783975994,1
0,0.02411409766354188,0
1,0.547835131901588,1
0,0.7764362952277314,1
0,0.16669371134082958,0
1,0.6200010017551804,1
0,0.018457996207447515,0
0,0.7818302837752806,1
0,0.33205551442933556,0
0,0.004508032908193937,0
0,0.03666585683289572,0
1,0.40690793121877866,0
0,0.5550229137088489,1
0,0.1049322317138367,0
0,0.016382908825918835,0
0,0.002214470458200572,0
0,0.5543417079972057,1
0,0.8211046519680473,1
0,0.007186787652227897,0
0,0.08046833248606348,0
0,0.02846358152455784,0
0,0.0019315856880320775,0
1,0.7943750886957543,1
1,0.5461677205833537,1
0,0.0255426998568715,0
0,0.2835547184612694,0
0,0.1462180375551248,0
0,0.4225267933219605,0
0,0.39208214780507383,0
0,0.003202679821254858,0
0,0.03597778165727791,0
0,0.001261211294500816,0
1,0.8745374675721916,1
0,0.004884849963120365,0
0,0.04815258021835376,0
0,0.019811974290336803,0
0,0.24125073381391857,0
1,0.6683210623564383,1
1,0.9928276971073774,1
0,0.012613259127052823,0
1,0.7636131930139245,1
0,0.0547680189895443,0
0,0.6439487467108052,1
0,0.5279581406430439,1
0,0.5399829799974637,1
0,0.003022454163737355,0
0,0.1171288922610711,0
1,0.9379143365194947,1
0,0.6158953873062217,1
1,0.9852948288481788,1
0,0.4721907796260777,0
0,0.025527900719368748,0
1,0.9926351061584178,1
0,0.009771211765681364,0
0,0.016231683641678072,0
0,0.008873001069859205,0
0,0.07557744625491351,0
0,0.8231901810664688,1
1,0.8349002265810956,1
0,0.08370853878588591,0
0,0.2730493692846631,0
0,0.0487991138770871,0
0,0.325490396033211,0
0,0.0006780312376652015,0
0,0.02205871327527307,0
0,0.0026612869910018207,0
0,0.07430051739661019,0
0,0.001925129178273828,0
0,0.6754117557816961,1
0,0.06256603007751123,0
0,0.025198637985310676,0
0,0.16400225022243445,0
0,0.41550496136582676,0
0,0.8474449266129179,1
1,0.997240896476528,1
0,0.038463696559539094,0
0,0.18463577067635412,0
1,0.5446862398853346,1
0,0.5009962567401381,1
0,0.19494266276465513,0
0,0.04065096195873648,0
0,0.11293424022528596,0
1,0.9855368263763105,1
0,0.8899138160210373,1
0,0.013922968150594118,0
1,0.9983659138630643,1
0,0.04295112521144312,0
0,0.0143255585419233,0
0,0.04147410186792444,0
0,0.1447082982838568,0
0,0.34230989650678345,0
0,0.025004413124279864,0
0,0.010750248198236088,0
1,0.9779721584359857,1
0,0.003331683519727061,0
0,0.76599209888092,1
0,0.6715698235272485,1
0,0.6923353334942085,1
0,0.08058662246828299,0
1,0.9979091254390853,1
0,0.08434426730201616,0
0,0.027009017111870693,0
0,0.031557573088709184,0
0,0.07175862064525222,0
1,0.9049718687730262,1
0,0.02810356746678367,0
0,0.07127750307146173,0
0,0.11034155852612557,0
0,0.0068422537221429405,0
1,0.9990468967926507,1
0,0.05325069041699113,0
0,0.030626941248180023,0
0,0.19111328497182975,0
1,0.8504284127174968,1
0,0.0034591379729854853,0
0,0.0016763916569343883,0
1,0.9972347839395173,1
0,0.39789990868131314,0
0,0.45380111056815364,0
1,0.49969578693388356,0
1,0.5199147784606182,1
0,0.006419053637078436,0
0,0.007121373381978478,0
1,0.26348074654852804,0
0,0.0006795115205324739,0
1,0.06456640681212701,0
0,0.006561547744175462,0
0,0.0363507723146223,0
0,0.07427823956985785,0
0,0.7995157346769244,1
1,0.6124193971459019,1
0,0.00191760546829207,0
0,0.17268882654815304,0
0,0.01909204741592005,0
0,0.0422320564140291,0
0,0.7826687622006074,1
0,0.782757462209572,1
1,0.3787832489428845,0
0,0.021416524223372844,0
0,0.6658727593244718,1
0,0.01044891460822091,0
0,0.07665520347260846,0
0,0.0007641806906775476,0
0,0.10950920312861784,0
0,0.11443737729452884,0
0,0.031949301830828704,0
1,0.9953376243303912,1
0,0.09844463539781277,0
0,0.0010051981563780955,0
1,0.8828845256437767,1
0,0.3042169431846462,0
0,0.006233679915930209,0
0,0.598744096738548,1
0,0.19739378860844017,0
0,0.3867878140847764,0
0,0.18135321796373638,0
0,0.05141531274429128,0
0,0.10911484815724269,0
0,0.06277780212968426,0
0,0.020175784617219385,0
1,0.8802878726298606,1
0,0.0519785642149794,0
0,0.2630766372315143,0
0,0.025155105860242905,0
0,0.2514513573021011,0
1,0.9883941831048879,1
0,0.01961095951943402,0
0,0.2938857404069654,0
0,0.0015743932383375774,0
0,0.012241814620825487,0
0,0.3971655873363878,0
1,0.5038188725353566,1
0,0.0042918720726280914,0
0,0.01742484104034135,0
1,0.5574759911096264,1
1,0.8453050155069537,1
0,0.01072708161900517,0
0,0.005648248766340142,0
0,0.011204989089694846,0
1,0.6978587031130661,1
0,0.03879655227527672,0
0,0.627885154736687,1
0,0.07026157153067296,0
1,0.9072663097415465,1
0,0.005197464904593131,0
1,0.734809188792391,1
0,0.1292306572580035,0
1,0.9795050446747416,1
0,0.0022254328134201705,0
0,0.28711154783950565,0
0,0.48533443364084045,0
0,0.08011388601082439,0
0,0.5983663545202521,1
0,0.0011995393070338431,0
0,0.02289884060548683,0
0,0.007731040298425217,0
1,0.990149606949899,1
0,0.040456335508111015,0
1,0.9918103620215505,1
0,0.033203190680748944,0
0,0.009564640138361986,0
0,0.021729973628160232,0
0,0.7145819355030829,1
1,0.9903832513481712,1
0,0.3821681911682013,0
0,0.058658502643104606,0
0,0.012753786723662869,0
0,0.4730799333377583,0
0,0.3675133608664694,0
0,0.03282555592292639,0
0,0.36421828730602285,0
0,0.002449896948847874,0
1,0.9968682305583966,1
0,0.3231742055256023,0
0,0.04556352505806899,0
0,0.1906337051314104,0
1,0.9054015412784244,1
0,0.07587358272236837,0
1,0.8996942071933548,1
0,0.5250544304943316,1
1,0.5861080738198804,1
0,0.029329323660968378,0
0,0.007691841877555862,0
0,0.6397057285295461,1
0,0.012413466650857241,0
0,0.6248678764467821,1
0,0.07129062204350449,0
1,0.7741537708494811,1
0,0.028256879237971832,0
1,0.7610196858401129,1
1,0.540924073748035,1
0,0.0007488110738040957,0
0,0.04380288795868531,0
0,0.04162256449463888,0
0,0.47333302845120917,0
0,0.78028165803439,1
0,0.0006847335155070936,0
1,0.9986472712159363,1
0,0.5771305526159834,1
0,0.9052112723879965,1
1,0.6530761554921463,1
0,0.02471499154971245,0
0,0.07022012665210185,0
0,0.029913608076795647,0
0,0.1522859894055969,0
1,0.4159660395662146,0
0,0.5835783168834217,1
0,0.0403033410193749,0
1,0.8078234388336695,1
0,0.046607933305516214,0
0,0.11063709289612017,0
0,0.029622155247170195,0
1,0.9896620512090902,1
0,0.015366588620050702,0
0,0.027982180079469263,0
0,0.03037426788141257,0
0,0.0009392821636354081,0
0,0.1682426832029135,0
0,0.003406179370551162,0
0,0.05146278836296945,0
0,0.03154233311532684,0
0,0.23465925897298065,0
0,0.1752496531975797,0
1,0.6451718843926412,1
0,0.010899650046615089,0
0,0.38692771574377266,0
0,0.07704074784409105,0
0,0.4070571620646515,0
0,0.006713014066536108,0
0,0.020579775753729265,0
0,0.001605272814321017,0
0,0.0018419737479116694,0
0,0.08446342259196105,0
1,0.9972428296662383,1
0,0.021739681717335757,0
0,0.011657348094854974,0
0,0.7354808618879978,1
0,0.6657727560485359,1
0,0.6971084549578794,1
0,0.019087113774034412,0
1,0.818347587913845,1
0,0.038211802962501366,0
0,0.009718824803025827,0
0,0.054900773060974094,0
0,0.018291917384381528,0
0,0.002698768260181063,0
0,0.0035179566373732597,0
0,0.5740147047373408,1
0,0.0018123966144491402,0
0,0.23050636117306286,0
1,0.9415780100934397,1
0,0.0893650048230339,0
0,0.00944765594961166,0
0,0.8634729489138532,1
0,0.2530431256888271,0
0,0.31346909528593486,0
0,0.8374898933723627,1
0,0.005923490275088895,0
1,0.9981671204326508,1
1,0.6574329055514554,1
1,0.8569768053551928,1
0,0.013953185408842583,0
0,0.9826953757034039,1
0,0.7771569200016681,1
1,0.2212597046955639,0
0,0.07045690447566218,0
1,0.9141301218046486,1
0,0.011391906750649583,0
1,0.6100888256475718,1
0,0.11995697805985589,0
0,0.08804740460664283,0
0,0.08260164879103744,0
0,0.7003646121804703,1
0,0.021873263135693505,0
0,0.008572040454264719,0
0,0.33224354641742293,0
0,0.20532894006473087,0
0,0.10101792641559935,0
0,0.785279646089095,1
0,0.31540497010615215,0
0,0.09615141086927444,0
0,0.022233432992932164,0
0,0.43753004463339534,0
0,0.6829780634444926,1
0,0.7544440697530886,1
0,0.00966861903351654,0
1,0.9217974038359449,1
1,0.6018861022599007,1
1,0.1965302881007855,0
0,0.48830910428667906,0
0,0.0013760089631052166,0
1,0.9967526450156713,1
0,0.13740275051523676,0
0,0.0021171498602639703,0
1,0.9831033590685115,1
1,0.7514175235432253,1
0,0.05709783658429549,0
0,0.5794414011968382,1
1,0.7133046114808452,1
0,0.6379532582318527,1
0,0.38413704854631076,0
0,0.09724846182398518,0
0,0.6800489861911297,1
0,0.011990252967503117,0
0,0.5546599657536665,1
1,0.7447371712015084,1
0,0.011933209034491006,0
0,0.3596556647596787,0
0,0.07005682357804059,0
0,0.0011801721279683277,0
0,0.030179775976099187,0
1,0.09773810105210659,0
1,0.6400967303388607,1
1,0.7914107596482272,1
0,0.009209214742087808,0
0,0.007887129986201662,0
0,0.2651168161612403,0
1,0.9449474373015011,1
1,0.9991116013316779,1
0,0.0768876329187015,0
0,0.008896890866713445,0
1,0.9973325143036647,1
0,0.07834831146478902,0
1,0.9692191253086869,1
0,0.08489463577282476,0
0,0.4307858067175835,0
0,0.0034883572624889022,0
0,0.0007337183941231299,0
0,0.017098359991317386,0
0,0.47643093982926193,0
0,0.03851262087661838,0
1,0.9981551506752917,1
0,0.0625177523170879,0
0,0.08490400816378349,0
0,0.7937139947733445,1
0,0.14842707881918338,0
0,0.4318763863556972,0
0,0.31482032316175285,0
0,0.004294756269449542,0
0,0.0007290207686001046,0
0,0.0013666160618753334,0
1,0.9982508751146448,1
0,0.7268560182347562,1
0,0.2556803978889468,0
0,0.005257282004635493,0
1,0.856782881001486,1
0,0.0018880230855503836,0
0,0.02153164578618962,0
1,0.9839446392499385,1
0,0.8679864093776392,1
0,0.0044694634281131325,0
0,0.10237724462302714,0
1,0.37630333559441537,0
1,0.5849709789891933,1
0,0.12718047633090399,0
0,0.6397455037218798,1
0,0.003933983885221282,0
0,0.004243353231597386,0
0,0.006607342243191393,0
0,0.2450583691106731,0
1,0.8220150677192756,1
0,0.14722116642029992,0
0,0.03002660912928699,0
0,0.058871404992050236,0
0,0.10509227686281457,0
1,0.9731932692614582,1
1,0.9983668721906881,1
0,0.19493487823699543,0
0,0.008671056087590131,0
1,0.8945525566650688,1
0,0.05483161125060207,0
0,0.06192799445282138,0
0,0.08942015530391224,0
1,0.9301634475367571,1
1,0.8269444067710142,1
0,0.04251994568210115,0
0,0.7080227674621493,1
0,0.12046436999644039,0
1,0.8420171169022103,1
0,0.04468267381776083,0
0,0.01317319112710031,0
0,0.0197225526877703,0
0,0.15024637822208073,0
0,0.025453912821382253,0
0,0.003250877814947731,0
0,0.011463831935283412,0
0,0.025013089580854263,0
0,0.014603273868522983,0
0,0.02276427692864556,0
0,0.038787154280503576,0
1,0.753230997187387,1
0,0.5941214034181206,1
0,0.20136940833145678,0
0,0.695817343006898,1
0,0.537664880854261,1
0,0.02662192092910172,0
0,0.0701499373621012,0
0,0.4380329719782044,0
1,0.8794543740801212,1
0,0.7493581317136869,1
0,0.020355910649787503,0
0,0.0730822673881805,0
0,0.016036224014082744,0
0,0.010321829146024827,0
0,0.013705544050772556,0
0,0.006228318755293885,0
0,0.045157925042026724,0
0,0.33552183777260286,0
0,0.21057414229132923,0
0,0.0973366260191206,0
0,0.08205855461417268,0
0,0.0038607792928974463,0
1,0.9286126970414,1
0,0.007926804619200862,0
0,0.06847286122949489,0
0,0.34497905763439823,0
0,0.01648312107686226,0
0,0.009022459310222018,0
1,0.16778051475375824,0
0,0.037504418962426685,0
0,0.009047336436133653,0
1,0.9966068096332865,1
0,0.17754913424330906,0
0,0.6523776195212864,1
0,0.01706427023624671,0
0,0.6973037266265946,1
0,0.00891715480494469,0
0,0.5867258484076937,1
0,0.6402049071032307,1
0,0.3497954448661537,0
0,0.2542824534270949,0
1,0.8819605912371536,1
0,0.016613487596074967,0
0,0.458736233123525,0
0,0.3944302252381284,0
0,0.5908156619879593,1
0,0.008125271861598636,0
0,0.010202691798024825,0
1,0.9142888930304002,1
0,0.04400922327680389,0
0,0.5283731070925672,1
1,0.6659588779393514,1
0,0.6464851614639943,1
0,0.5874059072994642,1
0,0.8300733756682303,1
0,0.7478998667866007,1
0,0.8332621110968109,1
0,0.012589245816618942,0
0,0.8263324595125393,1
0,0.02976989039940391,0
0,0.00747271392342652,0
1,0.9157148617170757,1
0,0.00824054684448253,0
0,0.13030268529836747,0
0,0.6189951547556932,1
1,0.7640395499867524,1
0,0.004901838846139808,0
0,0.04130957312088335,0
1,0.5231081475927056,1
0,0.004534513482404491,0
0,0.08454866171814836,0
0,0.13712547915923498,0
0,0.010913611715785422,0
0,0.06136677953450941,0
0,0.03727589637787893,0
0,0.022512135640157176,0
0,0.05133693601564943,0
0,0.4482061013661845,0
0,0.0314351538234156,0
0,0.004427589870170526,0
0,0.08272593512902904,0
0,0.012862688819884718,0
0,0.02345785170075572,0
1,0.9103190572787097,1
0,0.6139533370000726,1
1,0.9977604979378378,1
0,0.07444060309784975,0
0,0.4955074240408369,0
0,0.10329969906767013,0
0,0.09295365412317295,0
0,0.027274477961332092,0
0,0.234932282931117,0
0,0.002633886452779237,0
0,0.02134356047989574,0
0,0.006775700035829686,0
1,0.8225301495105407,1
0,0.15487793887371668,0
1,0.8528985540850377,1
0,0.08479970299805929,0
0,0.37282201346471466,0
0,0.04783242190691539,0
0,0.020195835304166153,0
0,0.20200682361187602,0
0,0.5339006514963939,1
0,0.024355663157560846,0
1,0.9952106911019861,1
0,0.4108457568643653,0
0,0.008365402904770143,0
0,0.425423490462252,0
0,0.07511536956799397,0
0,0.5907985034884289,1
0,0.04782251342161109,0
0,0.027618421075373753,0
1,0.5703517432498931,1
1,0.6244376788108617,1
0,0.0009445291306243514,0
0,0.11490757362728149,0
1,0.6549320933858667,1
0,0.03199272386160345,0
0,0.17347978265675365,0
1,0.7904412934702751,1
1,0.8999701740312155,1
0,0.039693082053370736,0
0,0.07071413434048997,0
0,0.0029775441743936783,0
0,0.4869683363250012,0
0,0.14983982028632423,0
0,0.03865071619882064,0
0,0.12453374423550038,0
0,0.14853032718242679,0
0,0.22450531121313672,0
1,0.4916948303837683,0
1,0.9233056732177959,1
0,0.0015276948473625198,0
0,0.013766042112712576,0
0,0.1383022141754239,0
0,0.05370762554347065,0
0,0.0033924204640184944,0
0,0.20031727500179308,0
0,0.1553847566073041,0
1,0.9981400532121933,1
0,0.05724508066488864,0
1,0.8831472372028462,1
1,0.7146941620166496,1
0,0.02171774569922088,0
0,0.4395679399096038,0
1,0.8766747105519515,1
0,0.016992780803601837,0
0,0.0023846390725633304,0
0,0.7790026745145803,1
0,0.0027488012867486304,0
0,0.014724077410179316,0
1,0.6717058972174726,1
0,0.47196634955461575,0
0,0.022964313222256852,0
0,0.1377971342257143,0
1,0.5402004534927343,1
0,0.6963910189794955,1
0,0.08813985792862156,0
0,0.3841766852227134,0
0,0.8411252304693091,1
0,0.04055375916331589,0
0,0.022466459062508395,0
0,0.010182604126053414,0
1,0.989925442451019,1
1,0.7178591740870356,1
0,0.07709269963986207,0
0,0.4874508705059829,0
0,0.004204994764300444,0
0,0.01333342919037853,0
1,0.20878572410534557,0
0,0.06691959986668229,0
0,0.08537979787996093,0
0,0.0007543763432218294,0
1,0.5662370873746948,1
1,0.47772594217007563,0
0,0.4332804026123137,0
0,0.03171289707187996,0
0,0.2221954439811213,0
1,0.99540775069693,1
0,0.5152232024991212,1
1,0.3154236211939357,0
0,0.002841701527563572,0
0,0.596757065235252,1
0,0.20092558259822796,0
0,0.11215496143381629,0
0,0.002240230015422829,0
1,0.878895780093004,1
0,0.4437359491352451,0
0,0.6094220556263165,1
0,0.01973742150515822,0
1,0.8900536666124416,1
1,0.9154130071745042,1
0,0.30587487936535457,0
0,0.3856805764429058,0
1,0.868019914890611,1
1,0.9986397931341737,1
0,0.7138358276803003,1
0,0.8092148295567712,1
0,0.5330354388456765,1
0,0.3999089759309913,0
1,0.5710603193743845,1
0,0.5202664761234982,1
0,0.006853224563290161,0
1,0.9984171085602135,1
0,0.3921109675591499,0
0,0.14756698667976187,0
0,0.02297433604111473,0
0,0.18977273726340732,0
0,0.5472915431048426,1
0,0.6928442207089153,1
0,0.11292072760393482,0
0,0.011968675337850777,0
0,0.002322460379398276,0
0,0.006297939623198721,0
0,0.028596222255964407,0
0,0.018369784555669167,0
0,0.011947671912031119,0
0,0.02897262633964088,0
1,0.9937877989440504,1
0,0.007364522720174016,0
0,0.0013420759202444298,0
1,0.9817976866622945,1
0,0.4693978879612003,0
0,0.31075237997725635,0
0,0.001278768324176603,0
0,0.7780786495636126,1
1,0.7553817551819382,1
0,0.034943073867865354,0
1,0.9986416968618123,1
1,0.675401417278863,1
0,0.0012835521291277322,0
0,0.04109565363875896,0
0,0.5768505059007495,1
0,0.012923023641433391,0
0,0.06375159541791904,0
0,0.8728980259661834,1
1,0.9053016026332924,1
0,0.0572596095967807,0
0,0.006419887475944836,0
0,0.19734136411247566,0
1,0.7866897229119462,1
0,0.02447028781494347,0
0,0.15934186095362673,0
1,0.01696572490582968,0
0,0.01543660467993887,0
1,0.9225001253697386,1
0,0.0028340175901968687,0
0,0.014179852970770648,0
1,0.6894501042936341,1
0,0.6824103613746593,1
0,0.0095526370690945,0
0,0.5885502229139463,1
0,0.0020935857972544498,0
1,0.8286116554067148,1
0,0.6323578501190088,1
0,0.01646895020665434,0
0,0.15125521784708204,0
1,0.8858912568144169,1
1,0.42286752901505376,0
0,0.11126080405325585,0
0,0.009717119718231347,0
0,0.0630262257700888,0
0,0.04219559502129355,0
0,0.02661700939027612,0
1,0.21474338529788015,0
0,0.27114145191749084,0
0,0.006762717081735268,0
1,0.28373395581241134,0
0,0.0032815046725050033,0
0,0.005588751489097684,0
0,0.047036876393260096,0
0,0.01279168148212521,0
1,0.7687443915269193,1
0,0.7592127649623626,1
0,0.10943240694858142,0
0,0.0022757944522981736,0
0,0.02086856482044301,0
1,0.8486113974541878,1
1,0.9916592465202003,1
0,0.16602513057646753,0
0,0.021183141676736704,0
0,0.05550244051083593,0
1,0.9947138336240867,1
0,0.3060614856246038,0
0,0.0062628984641942345,0
0,0.01646133836397288,0
0,0.1412854264853269,0
0,0.06979331288688863,0
0,0.22369108840058402,0
0,0.19121590026854118,0
0,0.38815083340242856,0
0,0.1829012487464549,0
0,0.005500174492039335,0
1,0.344173451342296,0
0,0.28715076930916034,0
0,0.011177669292477327,0
1,0.8905761762370905,1
0,0.036093728996178846,0
0,0.027198664686983755,0
0,0.7182768857057006,1
0,0.0034350039577467225,0
0,0.07422457003427144,0
0,0.025772893998128574,0
0,0.7250441606587432,1
1,0.8496754356033644,1
0,0.08732858165320126,0
1,0.89190212903559,1
0,0.6737816415952703,1
0,0.07126587155269194,0
1,0.8773345606471127,1
0,0.006553906129834128,0
1,0.7740001990499539,1
0,0.08479750694354093,0
0,0.10315697532719854,0
0,0.00665926576128371,0
0,0.014906699370582768,0
0,0.00988098822828765,0
0,0.0044287067138056736,0
0,0.9225752611602089,1
0,0.006009214175410922,0
1,0.8106238999796673,1
0,0.6323278749209519,1
0,0.007499985834187375,0
0,0.05342282426475883,0
1,0.999360792485324,1
0,0.0037578630603967754,0
0,0.0232203046204209,0
0,0.4503072577455177,0
1,0.8943274278827255,1
0,0.007235716477160135,0
0,0.0015929971593991732,0
1,0.9864234361553598,1
0,0.011375788135782513,0
1,0.993012208077055,1
0,0.39493864108915755,0
1,0.6040693856858556,1
0,0.007603112167673845,0
0,0.04095004037414107,0
1,0.7200213629273147,1
0,0.07135606590195472,0
0,0.4901658891890862,0
0,0.07490653001457041,0
1,0.9923604654405856,1
0,0.4581127962021805,0
0,0.010811460194937348,0
1,0.9017898942405284,1
0,0.7200724466521186,1
1,0.9984402908305593,1
0,0.10991157962527646,0
0,0.045975910885299696,0
0,0.013413442785825977,0
0,0.02119506906402924,0
0,0.04424245456233178,0
0,0.008218320967784467,0
0,0.8950101413138568,1
0,0.021198795461900503,0
0,0.024420150999314955,0
0,0.3445780646597245,0
0,0.15290905666620508,0
1,0.9954165901887002,1
0,0.29073448417983594,0
0,0.051382598336579065,0
0,0.4341313033429872,0
0,0.6998950786737126,1
1,0.9972363472372991,1
0,0.9385431734188362,1
0,0.0603058490786307,0
0,0.02400090631534367,0
0,0.0014783181524804117,0
0,0.08967645358528581,0
0,0.7428043181330378,1
0,0.08649629793730157,0
0,0.02881991299165797,0
1,0.9329947179062638,1
0,0.8780264659155917,1
1,0.866696671765284,1
0,0.18616583642861534,0
1,0.8785504895931925,1
0,0.2040192229571976,0
1,0.564959026803242,1
1,0.9941612725517492,1
0,0.33343925566141464,0
0,0.7304201667745958,1
0,0.31908396781104614,0
0,0.20280925962461818,0
1,0.9967295724567478,1
0,0.007866082158899175,0
0,0.0008237045796198558,0
0,0.002798839103724461,0
0,0.10110854863676372,0
1,0.5463914507099504,1
0,0.06413668904902607,0
0,0.8380053310822335,1
0,0.027357015924123543,0
0,0.0019640215707230416,0
0,0.16207762893994093,0
0,0.020245796098939357,0
1,0.9903892562237715,1
1,0.8497482851148861,1
0,0.015929654914181534,0
0,0.0030387160863587642,0
0,0.7695773345762165,1
1,0.8295627798373109,1
1,0.8865617179764372,1
1,0.9838223715444004,1
1,0.9906366393546123,1
1,0.675710459191698,1
0,0.05068020157853095,0
1,0.8586357539188338,1
0,0.007933240687624772,0
0,0.06261355468253801,0
0,0.6826814278275277,1
1,0.4389193490191666,0
0,0.33792908147726386,0
0,0.02483402161682875,0
0,0.009179122957835743,0
0,0.0008107802766801345,0
0,0.044653317874853896,0
0,0.022791078090734603,0
0,0.0007639622615898746,0
0,0.23281025227124852,0
0,0.0015364730557714896,0
0,0.011325840735718656,0
1,0.7619471791898084,1
0,0.02688545558512861,0
0,0.8369494196796129,1
0,0.01394417764283146,0
0,0.01968971499192718,0
0,0.2926224823841767,0
0,0.30768063803961065,0
0,0.14005912834366452,0
0,0.308456030656507,0
0,0.04073561220916732,0
0,0.0038438833141629155,0
0,0.022509458117327425,0
1,0.24559344521320367,0
0,0.012681810836795664,0
0,0.18143236840400093,0
0,0.2986060418492421,0
0,0.4591590378358037,0
0,0.6885913038045512,1
1,0.8402361641598358,1
0,0.07871977393907238,0
0,0.060192870099563506,0
0,0.5104110185904117,1
0,0.016574898244044498,0
1,0.9978388431871864,1
0,0.16378428509305024,0
0,0.1289197207104444,0
1,0.8583196870224559,1
0,0.6140721462307894,1
1,0.8333624522878587,1
0,0.001418935112360371,0
0,0.03599631660839475,0
0,0.16477910763154777,0
0,0.24774815932994945,0
0,0.003342518243063573,0
0,0.5057928221653436,1
0,0.014774907709323068,0
0,0.27231527661278915,0
0,0.022243860583765075,0
0,0.041961195270072305,0
0,0.021287216393529915,0
0,0.3801280964110341,0
0,0.05239147205238571,0
0,0.13646368020748126,0
0,0.0730201556744584,0
0,0.7969498017047152,1
0,0.6345315311960033,1
0,0.048662423869671144,0
0,0.0641485417968342,0
0,0.027768298686766803,0
0,0.35591277708232344,0
0,0.49286618448482805,0
0,0.011460939320364176,0
0,0.019519115736994698,0
0,0.0017686503101467933,0
0,0.14704129659793858,0
1,0.44550258407287574,0
1,0.9989450736472252,1
0,0.024871127085690177,0
0,0.08651284820138996,0
0,0.037600284639559896,0
0,0.024617006237510716,0
0,0.08835895877941984,0
1,0.4871636029071319,0
0,0.011907230676311617,0
0,0.003702732359599988,0
0,0.007818646854903813,0
0,0.22526181907204698,0
0,0.6744421680290832,1
0,0.060207075398774075,0
0,0.15717915355682402,0
1,0.028122750359166643,0
0,0.011775835523827704,0
0,0.5273368516201219,1
0,0.0018152861400748007,0
0,0.6938455658941489,1
0,0.07423161939789362,0
0,0.002518963407221494,0
0,0.6814776932130339,1
0,0.22813236014010252,0
0,0.7972015088061147,1
0,0.005120377324279216,0
0,0.15395277533126758,0
0,0.0108542596167922,0
0,0.11442979615712039,0
0,0.009411169159928899,0
0,0.001229253071777322,0
0,0.015855233641917807,0
0,0.003076440846530054,0
0,0.17115276459159878,0
0,0.08679817792293573,0
0,0.02030250798817385,0
0,0.5145543515033945,1
0,0.021719327311364674,0
0,0.7039761850220928,1
0,0.002734120232665536,0
1,0.854438244050156,1
1,0.9486182865890158,1
0,0.47953491350494176,0
0,0.0023939020242359794,0
0,0.8093733456333634,1
1,0.7354248048063535,1
1,0.9387058860194232,1
0,0.07812526967488127,0
0,0.1895022281422357,0
1,0.7594658296372271,1
1,0.6821668185197571,1
0,0.07866332009992674,0
0,0.029003289880730955,0
0,0.006886564163042674,0
0,0.019837959482579392,0
0,0.07653508930927555,0
0,0.026488614349203028,0
0,0.031010713687873885,0
0,0.30752349658927863,0
0,0.012199919263884243,0
0,0.0014921023738325805,0
1,0.8087144133356076,1
1,0.8660926800044841,1
1,0.533708249638091,1
0,0.3625660247761645,0
1,0.8145517484461583,1
0,0.0019026446901653402,0
0,0.02818397780897353,0
0,0.7300411612222438,1
0,0.21526428213319873,0
1,0.4979760905902454,0
1,0.5230165622815269,1
1,0.9973478080608849,1
0,0.062279557067567146,0
0,0.389169001502457,0
1,0.8335370877115112,1
0,0.002052046931807535,0
0,0.3139846828234364,0
1,0.9931954077944469,1
0,0.00989504961019344,0
0,0.03965548092514282,0
0,0.44904920047721486,0
1,0.15072371013922128,0
0,0.05697342492652469,0
1,0.602839591764083,1
0,0.11049608794930026,0
1,0.8228936495291731,1
0,0.0018198733097735567,0
0,0.004794329911265839,0
0,0.0012290713901111003,0
0,0.018572608415557575,0
0,0.13029977095119102,0
0,0.5163847275712717,1
1,0.7666977203931048,1
0,0.10855451471265651,0
1,0.2812585965214782,0
1,0.9413545381147447,1
0,0.21151165235463149,0
1,0.9672979604078742,1
1,0.6689980073539591,1
1,0.9166812008575367,1
0,0.0014980621215810684,0
0,0.11661898309230968,0
1,0.7295754536931878,1
0,0.8107908893568401,1
1,0.7695478731737531,1
0,0.701283404519424,1
0,0.04637989581101345,0
1,0.9985754676965779,1
0,0.990295297725655,1
0,0.030611276213510345,0
0,0.002146649235242258,0
1,0.994655200144431,1
0,0.8284781191103274,1
0,0.0015612564771004555,0
0,0.057560069427873034,0
0,0.0013172436192160234,0
1,0.8318544567449607,1
0,0.014129683627421823,0
0,0.014445329828610149,0
0,0.8011729658118978,1
1,0.8771043767776838,1
0,0.8908594146280451,1
0,0.025828388085990826,0
0,0.8269120470810647,1
1,0.9089011205904738,1
0,0.6293922795225432,1
0,0.4296804635669956,0
0,0.00701133507647445,0
0,0.06293576634260746,0
0,0.017626380486434636,0
0,0.8016284529065932,1
0,0.029493920597292007,0
0,0.009819432469064042,0
1,0.08131580755440408,0
0,0.008772252336568734,0
1,0.7978469450835753,1
0,0.12838799296299366,0
0,0.04211778669225294,0
0,0.2679697187554273,0
0,0.01052577495472276,0
0,0.5555321391247158,1
0,0.7752285402388209,1
0,0.0017760578647703239,0
0,0.6594001924680777,1
0,0.05245140641730655,0
1,0.57792509721112,1
0,0.3183508803872788,0
0,0.008630265055091185,0
0,0.934014500094961,1
0,0.008426590359911387,0
0,0.12713672063556938,0
0,0.3794207523167651,0
0,0.0011504285670504038,0
1,0.9857784487960827,1
0,0.023478463716102328,0
0,0.002290501370893509,0
0,0.10875600305560243,0
0,0.02220639141809733,0
0,0.09903731838033476,0
0,0.6310804000273694,1
1,0.9842087153184201,1
0,0.22792521412563907,0
1,0.9872502664677205,1
0,0.3818034925784052,0
0,0.1888223898125877,0
1,0.1804105143046965,0
0,0.5449730811373644,1
0,0.04087487342842801,0
0,0.3713968001164328,0
0,0.48678149334752,0
0,0.28979906917697645,0
0,0.8733978618671085,1
0,0.3971854923963262,0
0,0.45266231462357,0
0,0.003412061043396574,0
1,0.932634286751707,1
1,0.9739796765528218,1
0,0.12091429017304513,0
0,0.600580951739804,1
0,0.014415735210131073,0
1,0.8812596974674779,1
0,0.37256172091710005,0
0,0.023762421544546133,0
0,0.682493363385565,1
1,0.9691192771244712,1
0,0.0018879643701211603,0
1,0.6199112398502991,1
1,0.5718003682036116,1
0,0.0015791822732129333,0
0,0.007951224836657549,0
0,0.010691591237268414,0
0,0.011240323022827512,0
0,0.0066435837175538685,0
0,0.0009583137824558408,0
0,0.040683481524149696,0
0,0.002850643148441221,0
0,0.1412975777169909,0
0,0.028284573202860267,0
1,0.7616873816461612,1
1,0.7546290031041736,1
0,0.5583469920281228,1
1,0.7297485132426602,1
1,0.5513565734969865,1
0,0.21477724881938454,0
0,0.0015393262358794645,0
0,0.15415481217154245,0
0,0.2533785711979946,0
0,0.24591892970685977,0
0,0.0005971165030579022,0
0,0.8114345987138275,1
0,0.010206633841738524,0
0,0.38220647968790716,0
0,0.018659531276285588,0
0,0.779864883924646,1
1,0.8850630945613336,1
0,0.4268727316914214,0
0,0.04150272073196374,0
1,0.8602052959102683,1
0,0.07121636872723044,0
0,0.6606039979309619,1
0,0.814129335386944,1
0,0.29206373349748876,0
0,0.053032134992030036,0
0,0.015428520525072415,0
1,0.4435864825397158,0
0,0.1503067387107558,0
1,0.6043330720675432,1
0,0.475808509998051,0
0,0.014111074648968209,0
0,0.005631669548244598,0
0,0.8744818949811795,1
0,0.000941635915481815,0
1,0.901219908185115,1
0,0.025554231363991337,0
0,0.268356326681676,0
1,0.9109963012758031,1
0,0.0033349523932259774,0
1,0.9965969683656359,1
1,0.9089619136279874,1
1,0.805695354814579,1
0,0.16397324330245058,0
0,0.8390640911058865,1
0,0.07786239128088837,0
0,0.011998414877547076,0
1,0.9966834590440018,1
0,0.13535558407819803,0
0,0.03193728222319789,0
1,0.9973755467654384,1
1,0.9964782183085383,1
0,0.001418263487625418,0
0,0.490323798880827,0
0,0.15311547445995047,0
0,0.5821963353514324,1
0,0.1136700809706899,0
0,0.1586777208966197,0
0,0.04509422371702419,0
0,0.1320610530893453,0
0,0.46241970735952603,0
0,0.6063802875280204,1
0,0.09332003186223832,0
0,0.5291489866743675,1
0,0.002293788784157099,0
0,0.15732870549491426,0
0,0.05522315085166217,0
1,0.9951961712415966,1
1,0.9975947936407124,1
0,0.07516311073972935,0
0,0.014424101791448693,0
1,0.026535667598421533,0
0,0.3509057546668618,0
0,0.01777540769940631,0
0,0.6066422662147414,1
1,0.1417408842281884,0
0,0.10146346053120517,0
1,0.9992836618595877,1
1,0.9992086823876865,1
0,0.06570924984273918,0
0,0.035916373706349695,0
1,0.6346745124706697,1
1,0.9226773177466401,1
0,0.23991130698429394,0
0,0.0025441820403296635,0
0,0.06818470226273012,0
0,0.07132390091588402,0
0,0.15927637082458235,0
0,0.08703406631519937,0
0,0.44746293763346706,0
1,0.9596388640837679,1
0,0.7790788824617616,1
1,0.9914864637891829,1
0,0.2488597037070351,0
0,0.6408888147079747,1
0,0.0090542208583476,0
0,0.04640210630521467,0
0,0.0032155921677463786,0
0,0.17295852137630435,0
0,0.3529570824445498,0
0,0.17087914291801615,0
0,0.002451691792497597,0
0,0.02203685603593198,0
0,0.0038240572024155336,0
0,0.021897601226872558,0
0,0.38376243272983546,0
0,0.5966454991004028,1
0,0.06102891118332531,0
1,0.8859299198225582,1
0,0.7894287521315583,1
0,0.003145085141966797,0
1,0.8968663584544029,1
0,0.006993031164610539,0
1,0.8855185526113405,1
1,0.2732788110044155,0
0,0.044450641064741794,0
0,0.10097860121748146,0
0,0.02127912061720222,0
0,0.04957890652108814,0
1,0.5687067457251724,1
0,0.8418507898694845,1
0,0.02744644555090272,0
0,0.005671898313837324,0
0,0.00557660311899148,0
0,0.01622505399406842,0
0,0.2376146909593975,0
0,0.009469367379014817,0
1,0.8839950801653775,1
0,0.005532490297781341,0
0,0.10442913253564828,0
0,0.6297261772958971,1
0,0.7663289735877832,1
0,0.18252537246533235,0
0,0.001174520263406357,0
0,0.12670071047645234,0
0,0.002992202321624534,0
0,0.2672656224742229,0
1,0.8709080571555158,1
0,0.11769162002799578,0
0,0.7347104593932547,1
1,0.6094521051364312,1
0,0.1643855677914676,0
0,0.04987496567832264,0
0,0.0051935911653875405,0
0,0.0029534855687856766,0
0,0.06419059821820096,0
1,0.9949093609957943,1
0,0.013554811266099314,0
0,0.6283844393331034,1
0,0.10967533224254118,0
1,0.7296835423882134,1
1,0.8154106310086273,1
0,0.19410963199164627,0
1,0.3829300241887729,0
0,0.0018976606610125151,0
1,0.9879490048803383,1
0,0.001669796900372658,0
0,0.018257910467498088,0
0,0.046861483059111204,0
0,0.5949853190070545,1
0,0.811853979117996,1
1,0.8579180058600125,1
0,0.4855918801316014,0
0,0.04537699172395879,0
0,0.7313661005479802,1
0,0.019096291923107345,0
0,0.009970448135141606,0
0,0.018030258380183115,0
0,0.27682676571201004,0
0,0.036717223060471774,0
0,0.13376013846955168,0
0,0.000874676379000913,0
1,0.6311905997172859,1
1,0.5449731187921419,1
0,0.20159699156085362,0
1,0.6817557533792583,1
1,0.9868765757310731,1
0,0.34985890638672995,0
0,0.030339569062258202,0
0,0.0016322103540826745,0
0,0.0047007570920459,0
0,0.1635556308352761,0
0,0.22389413145975637,0
0,0.8443191529618621,1
0,0.8048907638320082,1
0,0.8803294183724619,1
1,0.9890563756148933,1
0,0.0035267777475094476,0
0,0.004804621124451958,0
0,0.020504101630501103,0
0,0.06025705513997793,0
0,0.0171699230763295,0
1,0.4766956861284473,0
0,0.001441419471390482,0
0,0.08598507064677144,0
0,0.02663446745770978,0
1,0.3711038134267871,0
1,0.8528784497237114,1
1,0.9995154823473094,1
0,0.47397401473983336,0
0,0.017142396002921976,0
0,0.015074984416242988,0
0,0.8934613570956594,1
0,0.03346218744886087,0
0,0.6305386163517772,1
1,0.8765971603357866,1
0,0.3013388756549272,0
0,0.05328595747084306,0
0,0.00944062819973484,0
0,0.026781862763990354,0
0,0.045506555125375145,0
0,0.018587858489636292,0
0,0.0015743932383375774,0
1,0.9932144408453141,1
0,0.005172291708366863,0
0,0.105084994939699,0
0,0.11200103408057574,0
0,0.05274122787500083,0
0,0.21093165931735888,0
0,0.34496816922728324,0
0,0.023168927858925048,0
0,0.1610898705281491,0
0,0.6728542168690713,1
0,0.04326697837369072,0
0,0.06472649439785583,0
0,0.04342350166335729,0
0,0.6582934859137457,1
0,0.0012431109755088707,0
0,0.0006031536179852449,0
1,0.5681404365493729,1
0,0.6121621988636695,1
0,0.04953258213735097,0
0,0.22938314300150212,0
0,0.5534657658176668,1
0,0.0973876549390851,0
1,0.6197572857846176,1
0,0.09054420773812845,0
0,0.8093532567594436,1
0,0.06521897707671577,0
0,0.06549535540421786,0
0,0.1048985678821912,0
1,0.8182043654144707,1
0,0.07817475311274878,0
0,0.4516825884326514,0
0,0.13144618439562375,0
0,0.1581385334874619,0
1,0.9981838712493875,1
0,0.647401243889188,1
0,0.08096033517278373,0
0,0.09755671233445674,0
1,0.6931489967385227,1
0,0.12229857145738897,0
0,0.7258206981174805,1
1,0.7338176781113093,1
0,0.12547282135953938,0
0,0.1562675532015754,0
0,0.46128310711191695,0
0,0.5734597051349093,1
0,0.043523250958616526,0
0,0.667185305839398,1
0,0.14811066923384694,0
0,0.26373084462627605,0
0,0.5748406226760402,1
0,0.0013725551611058506,0
0,0.014306720898528668,0
1,0.8462943102245942,1
0,0.02298311313679262,0
0,0.006409094842600345,0
0,0.2393572277099857,0
0,0.013028697920202207,0
0,0.5292701276831989,1
0,0.011426450690927395,0
0,0.40643961654576055,0
0,0.025100114462391125,0
0,0.0074405738730115465,0
0,0.8665626081672081,1
1,0.9924284426367774,1
0,0.0810335981302119,0
1,0.8696290162277523,1
0,0.002545490619873352,0
0,0.010579425633659111,0
0,0.008520013448167614,0
0,0.20852826093798815,0
1,0.9985637404342184,1
0,0.0006450285656791785,0
0,0.43601112701899947,0
1,0.5438341947693319,1
1,0.8101540421688571,1
0,0.6659416893300165,1
0,0.36036869563862933,0
0,0.4435536988723286,0
1,0.9150110223139467,1
1,0.8932717921238413,1
1,0.1195344618582184,0
1,0.8323050041633341,1
0,0.0022575307565613186,0
0,0.1244699371693621,0
0,0.024588919445840896,0
1,0.8564276024517115,1
1,0.326552196807446,0
0,0.10567529398288551,0
0,0.04297356836216135,0
1,0.5123545782001929,1
0,0.8453897252692141,1
0,0.17744889397178037,0
0,0.9338296986109371,1
0,0.06750258311911442,0
1,0.618785224156152,1
0,0.006432231418661955,0
0,0.0017192835144728754,0
0,0.010368142209841395,0
0,0.19288214755944272,0
0,0.44525411825191213,0
0,0.13103883789025111,0
0,0.001741396765345879,0
0,0.5954414235237937,1
0,0.5995666814455151,1
1,0.9884176660548538,1
0,0.8414170679109653,1
1,0.8145687859143138,1
0,0.1643943396099031,0
0,0.1015841349851481,0
0,0.7792716744315653,1
0,0.0107641777568621,0
1,0.9402029651238126,1
0,0.004461557823721524,0
0,0.015992492670213843,0
0,0.6193193703397649,1
0,0.0811621253365533,0
0,0.11756197117654171,0
0,0.050521863782534725,0
0,0.09944448713443688,0
0,0.4732201729480892,0
0,0.07173890548013971,0
1,0.604729710631566,1
0,0.01433356677948711,0
1,0.27837169005107937,0
0,0.0086172147000508,0
0,0.07405589175197241,0
1,0.9082306644764089,1
1,0.8896686568784,1
1,0.9902678160792522,1
0,0.6452370999233112,1
1,0.9981414399251624,1
0,0.25950356627046767,0
0,0.022812545921531115,0
0,0.5391522627729876,1
1,0.8894079229287507,1
1,0.9694611225379159,1
0,0.10750398730020284,0
1,0.9163860984759898,1
0,0.0016264077208164205,0
0,0.016706553518632726,0
0,0.016254410766066433,0
1,0.9003439454876538,1
0,0.16109632889159128,0
0,0.08697933416540148,0
0,0.0027088536196661077,0
0,0.04776090470522091,0
0,0.007520845875395752,0
0,0.0485381752254476,0
0,0.014375255769914207,0
1,0.921215317182031,1
0,0.008033831455005752,0
1,0.805597526995757,1
0,0.7495257874539965,1
0,0.3514483760029851,0
0,0.17446358552657681,0
0,0.485863328780379,0
0,0.17331777708870955,0
1,0.9988035777111094,1
1,0.9985868137085121,1
0,0.4184111578541013,0
0,0.3378109516032874,0
0,0.630194395108804,1
0,0.0245221787291396,0
0,0.29666268209183655,0
0,0.03824094751639111,0
1,0.7001183591402659,1
0,0.5934476796211111,1
1,0.9917292225287507,1
0,0.0069147898580118414,0
0,0.032250918463151826,0
0,0.02336171219040441,0
1,0.5873803491346087,1
1,0.9993655492982907,1
0,0.001569777314087081,0
0,0.25623904582954493,0
0,0.18282068299403828,0
1,0.9261318457636255,1
0,0.013649529699426977,0
1,0.9163145519663488,1
1,0.5907183802167478,1
0,0.7417266355800325,1
0,0.09159801923684101,0
0,0.00925919172984101,0
0,0.12268515128954485,0
1,0.9859449603756634,1
0,0.11117226334867754,0
0,0.044303126249539054,0
0,0.3174603012047331,0
1,0.8944217553431616,1
0,0.5745112288923088,1
0,0.0010051981563780955,0
0,0.06376615986787441,0
0,0.040600777976862,0
1,0.871597458669699,1
0,0.19399186022080678,0
1,0.9973469842986679,1
0,0.11706787713260816,0
1,0.9989703314429542,1
0,0.014444839135900013,0
0,0.049966057690122,0
0,0.003998419008246075,0
1,0.9980971068017482,1
1,0.9957157876583291,1
1,0.9080360111538612,1
0,0.22313951002153676,0
0,0.12636163000934192,0
0,0.023616324538094147,0
1,0.5385659950020945,1
0,0.5133452627451529,1
0,0.3026925074130518,0
0,0.0033215013376029436,0
0,0.7208201322458504,1
1,0.8132564002455261,1
0,0.6985045182390758,1
0,0.21849008587359603,0
0,0.028621789721037672,0
0,0.25001538880180285,0
1,0.278982437719614,0
0,0.1620010139408722,0
0,0.0012214057141077342,0
0,0.008236264719896733,0
0,0.27522471688959127,0
0,0.34231503430333454,0
1,0.9994715197711295,1
0,0.05892086477749892,0
1,0.9979567449417537,1
0,0.0031883741464551756,0
0,0.4448983465550732,0
0,0.06355449726747164,0
0,0.8966790159747694,1
0,0.7187666697910773,1
0,0.35501621638616004,0
0,0.05938189751968308,0
0,0.10925015000475702,0
1,0.8451472384122851,1
0,0.07720908039824588,0
0,0.3707685536793985,0
0,0.04675565938887189,0
0,0.015022262568660799,0
0,0.0034005271169810776,0
1,0.7994504470542699,1
0,0.008596557129697749,0
0,0.3996675118668268,0
0,0.005908483304529487,0
0,0.004592648878397465,0
0,0.084091489671158,0
0,0.21813447272139133,0
0,0.05916032052727738,0
1,0.8037032298972714,1
0,0.06171075031204743,0
0,0.0118275071998876,0
0,0.002849198813571228,0
1,0.6626233055149748,1
0,0.8835182469600505,1
1,0.06846821128509531,0
1,0.743329645144406,1
0,0.7140399138808499,1
0,0.07541705114142083,0
0,0.07231506265916653,0
0,0.0032006651065552014,0
0,0.0017925458496623197,0
0,0.32706818119515424,0
1,0.9011782952568204,1
1,0.7458780819037029,1
0,0.0020143521591835575,0
0,0.7407687319523438,1
0,0.018799905955378626,0
0,0.04240744723629534,0
0,0.157936666919032,0
0,0.019708919029258122,0
1,0.991961962807806,1
0,0.7041253555481853,1
0,0.07246843387236084,0
0,0.21008245432825173,0
0,0.668385851594737,1
0,0.9235897773891957,1
0,0.7123294685349517,1
1,0.8110835260337588,1
0,0.1102235374767762,0
0,0.010033301156078749,0
0,0.11528397003023694,0
0,0.12123453376696089,0
0,0.2212999071509046,0
0,0.03438596163070376,0
1,0.8639399556879582,1
0,0.10105273770018774,0
0,0.022880729171366427,0
0,0.05684111647450083,0
0,0.01483847579450027,0
0,0.058759795939620364,0
0,0.014878150398431184,0
1,0.9993010806034239,1
0,0.010845937205349489,0
0,0.028476145416093186,0
0,0.02696163351308206,0
0,0.565684557735298,1
1,0.9176558621801628,1
0,0.1927806145654388,0
1,0.8795899621248043,1
0,0.0010804868914022852,0
0,0.12602246105046608,0
0,0.0030751153571240723,0
0,0.010765486336469007,0
1,0.9979398765610852,1
0,0.039380776537904845,0
0,0.4776953349682774,0
1,0.8487397653083233,1
0,0.06027107263380583,0
0,0.4201652466305851,0
0,0.632606874268494,1
0,0.03440877357580872,0
1,0.04588234870787408,0
0,0.05624899568256241,0
0,0.05884892470992808,0
1,0.8852393521238743,1
0,0.5975755698321465,1
0,0.0007956050949177702,0
1,0.7244013620707073,1
0,0.03562740675194842,0
0,0.37691474671884545,0
0,0.3609015195465701,0
0,0.18949513982950983,0
1,0.7574348072225683,1
0,0.10572247296006311,0
0,0.04514582526825601,0
0,0.8299244325994602,1
0,0.006929385707868583,0
0,0.43117795198298814,0
1,0.9968837560820304,1
1,0.8659827607282242,1
0,0.10722662741262257,0
1,0.9980462129190826,1
1,0.1803198351928657,0
0,0.9035656095443281,1
0,0.4744083487193805,0
0,0.0378212431990357,0
0,0.004906017904855412,0
0,0.040426356064846056,0
0,0.7564597883176043,1
0,0.008652272016289382,0
1,0.9281492634359012,1
1,0.7303331837739571,1
0,0.008442670296857347,0
0,0.5475259999136972,1
0,0.032102273947573846,0
0,0.02268048380598406,0
0,0.0863291411883847,0
0,0.06974188352928068,0
0,0.6095944322806148,1
1,0.8985922302898345,1
0,0.9492854046077229,1
0,0.006417332826198725,0
0,0.6104186517991873,1
1,0.6386572190259653,1
0,0.006890971749702638,0
0,0.08924128025099719,0
0,0.20519548165671136,0
1,0.7549806236669461,1
0,0.0006456277507149114,0
1,0.6246453738477243,1
1,0.46865679644432395,0
1,0.24905979348958768,0
0,0.5899981592738471,1
0,0.5011994424310868,1
1,0.10280811520724349,0
0,0.0019256385950558355,0
1,0.8769161857094561,1
0,0.8409305444105042,1
0,0.5002626238566654,1
0,0.002265932145641706,0
1,0.28685973250435604,0
0,0.018617274828207964,0
1,0.2664388905109316,0
0,0.1953723456207793,0
1,0.6191231205023833,1
1,0.8621583319320446,1
0,0.0380645510217078,0
0,0.031088708578825494,0
0,0.0062921455229872185,0
0,0.012960889670925952,0
0,0.006468628205054654,0
0,0.37665380857521186,0
0,0.019574661782205103,0
0,0.1766950852862951,0
0,0.006141299973413695,0
1,0.8250420757728598,1
1,0.8530602296456667,1
0,0.1107864721709436,0
1,0.7509418580135532,1
0,0.002320401059866436,0
1,0.9993028954592592,1
0,0.0880921800039572,0
0,0.0025060663380892427,0
0,0.7157170213238245,1
0,0.589375119963109,1
0,0.01806602348703183,0
1,0.842541714223674,1
0,0.3551126939734366,0
0,0.659940831474537,1
0,0.23909006233987581,0
0,0.04754415624038229,0
0,0.25530845153256115,0
0,0.105244014020632,0
0,0.5037662170292413,1
1,0.9967146454295095,1
0,0.1913861234603149,0
0,0.028685093298252428,0
1,0.1910049959260927,0
0,0.00701664227343617,0
0,0.0442006135895105,0
0,0.08886234558693763,0
0,0.021412558498349225,0
1,0.9990685138922359,1
1,0.26774497943593295,0
0,0.9250029759968587,1
0,0.010519352464790964,0
1,0.9993636413258017,1
0,0.0010020002915760834,0
0,0.13477533859023247,0
0,0.00595012433689824,0
0,0.004151684439885609,0
0,0.7977025419492814,1
0,0.001366408038449141,0
0,0.7384924017978524,1
0,0.053767698495008794,0
1,0.8674671352290699,1
0,0.33628823229136207,0
0,0.08439364488209725,0
1,0.9983071715835786,1
0,0.00726440836758422,0
0,0.07925142266204585,0
0,0.17943177177336134,0
1,0.661570683428383,1
0,0.10146267892786011,0
0,0.00679395162506377,0
0,0.6365579101821053,1
0,0.024288423920327696,0
0,0.06816812849672961,0
1,0.9977351648658066,1
0,0.018198550068825592,0
1,0.8771651745880245,1
0,0.7561973683183011,1
0,0.01144656866196453,0
1,0.6916824024271834,1
0,0.00989371618511839,0
0,0.03886646951820638,0
0,0.11214271958235823,0
1,0.9987028792153939,1
0,0.009623495732151606,0
0,0.017887606741324096,0
0,0.10078586336651882,0
0,0.002262206449021287,0
0,0.2623836676029895,0
1,0.9970311804763916,1
0,0.09540763031898607,0
0,0.03676805015680213,0
1,0.8558938410088281,1
0,0.4270806770223188,0
0,0.5743570016510661,1
1,0.8897179353707745,1
0,0.0010646493704624268,0
0,0.16656324648683618,0
0,0.7537724945273117,1
0,0.0042918163888607565,0
0,0.0013867720084978497,0
0,0.02099673501373292,0
0,0.11125695282519255,0
0,0.5774050226110881,1
0,0.04757282919534306,0
0,0.062310454239685203,0
0,0.5028386230949208,1
0,0.10181738833019192,0
1,0.8946049799454404,1
0,0.0049448710813192525,0
0,0.14389986745554165,0
0,0.06997838315309154,0
0,0.07654458733717746,0
0,0.21205514078964255,0
0,0.5218078063166871,1
1,0.4039619192328656,0
0,0.0014783181524804117,0
0,0.0005191336808708825,0
0,0.5770319779730394,1
0,0.003918348845692374,0
0,0.4858222199267355,0
1,0.6929137776197294,1
0,0.017551775586618797,0
0,0.0021834011414514853,0
1,0.6670198196009086,1
1,0.88820399689582,1
0,0.8639844039581015,1
0,0.0018748098899485205,0
0,0.027987930436663477,0
1,0.5928126612336935,1
0,0.010234591741679165,0
0,0.1969581566992036,0
0,0.5983423701372914,1
0,0.6154536472840874,1
0,0.839357096970892,1
0,0.03800220441178153,0
0,0.4589376889701438,0
0,0.02909528450944039,0
0,0.00394310479683319,0
1,0.8734048425892293,1
0,0.4776570152792375,0
0,0.044551584765927466,0
0,0.2337661293972094,0
0,0.07144746215569725,0
1,0.9966579992634134,1
0,0.0032746395314316723,0
0,0.03259677337197073,0
0,0.0021288827305347693,0
0,0.01721978645049359,0
1,0.9972578501671184,1
0,0.08025206445193508,0
0,0.07360453474111123,0
0,0.07823724519545977,0
1,0.7885729364751632,1
0,0.20427197840125844,0
0,0.0841333265839215,0
1,0.9874459387206573,1
1,0.8151892140027887,1
0,0.06355344266421328,0
0,0.6595324472383426,1
0,0.013320902150453715,0
1,0.811005310044351,1
0,0.48556870014946635,0
0,0.08759207918213234,0
0,0.45832416263309633,0
0,0.10502965105883752,0
1,0.9180771637487776,1
0,0.5713938553227927,1
1,0.8451188492121093,1
0,0.6731224746305133,1
0,0.16916149943755296,0
0,0.013681632733889863,0
1,0.9290010780637441,1
1,0.1611285040272868,0
0,0.018037514731807987,0
0,0.8016264007471657,1
1,0.11132431711104689,0
0,0.01600577034993639,0
1,0.6190471701253798,1
0,0.04824738934177419,0
0,0.20692404721509247,0
0,0.0010636374352444807,0
1,0.8021499255536244,1
0,0.004229410999122393,0
1,0.9970952731420957,1
0,0.6087241707557425,1
0,0.1569882319836081,0
0,0.32271629608422997,0
0,0.004828523649601939,0
0,0.0021709660564697814,0
0,0.23064404193804225,0
0,0.03970442876842812,0
1,0.6079636772033863,1
0,0.02175852952735893,0
1,0.997037070592398,1
0,0.07159491902743552,0
1,0.9972374276383957,1
0,0.10736896883944051,0
1,0.99777763927255,1
0,0.0012415179290396735,0
0,0.03718573916814037,0
0,0.06936488743400086,0
0,0.008616862416653765,0
0,0.05006301590358172,0
0,0.06905342506346422,0
0,0.8544885635867012,1
1,0.9204769814033,1
0,0.6132480373649473,1
0,0.6559799259800057,1
0,0.8936684309087221,1
0,0.24165067996172265,0
0,0.037783104320701734,0
0,0.5007993686766459,1
0,0.015562987892760349,0
0,0.24204335091392973,0
0,0.3487135055717267,0
0,0.03920881848177409,0
0,0.021608134834983393,0
0,0.006457533008165744,0
0,0.7059611332608585,1
0,0.006346373554150321,0
1,0.37649246475095005,0
0,0.8446207845009993,1
0,0.19112697431692963,0
0,0.01948689746987186,0
0,0.14990564815650886,0
0,0.014814663155867732,0
0,0.03271816886811867,0
0,0.4750195257884585,0
0,0.3505039085302011,0
0,0.8167196322336628,1
0,0.44283698385583325,0
1,0.46833141975046805,0
0,0.4228726935950873,0
1,0.9211056205712466,1
0,0.1116593626477381,0
1,0.8341817379764185,1
0,0.6923929139142403,1
0,0.06778407008253945,0
1,0.47410276339278457,0
1,0.9865973334995078,1
1,0.998291295958559,1
0,0.46039401529939056,0
0,0.17630937647857536,0
0,0.23447985712024325,0
0,0.015934160459580456,0
0,0.3353371402027239,0
0,0.40143164315110386,0
0,0.0015058270597558766,0
0,0.011863184398758253,0
1,0.5766534544382396,1
0,0.4916337180521773,0
0,0.4554099836399698,0
0,0.030991942638506773,0
0,0.014196636190080535,0
0,0.00201711571738851,0
0,0.34765837430166885,0
1,0.9980509762570065,1
1,0.8631754981845473,1
0,0.1863653757996393,0
0,0.06371497811403713,0
0,0.1295429842054709,0
1,0.2184092332769763,0
0,0.02042827333635035,0
0,0.23535680816433446,0
0,0.017909774330051535,0
1,0.8903285412732768,1
0,0.43475205772584735,0
1,0.7016811194256696,1
0,0.0027546505867571116,0
0,0.01545631393360873,0
0,0.0025763541628387628,0
0,0.13169408065122068,0
1,0.9923893040821148,1
1,0.9479371227975845,1
0,0.6694825116712534,1
0,0.3939691075429286,0
0,0.06217667331766859,0
0,0.632379990442692,1
0,0.04569505007830479,0
1,0.9994551251045747,1
1,0.8797495549127127,1
1,0.9046407847217883,1
0,0.12467502140180328,0
1,0.9765993894966527,1
0,0.013050680886661704,0
0,0.009955376133345831,0
0,0.14337035909927093,0
0,0.17453924690205813,0
1,0.19195355563810693,0
0,0.20644813880193089,0
0,0.0014664895966944866,0
0,0.8193446898691316,1
0,0.0014768451246421576,0
1,0.5645136193764304,1
0,0.03774966734125019,0
0,0.4994868932318594,0
1,0.5809037926805675,1
0,0.09204562214902068,0
0,0.023608830245172477,0
0,0.5738312846663859,1
0,0.19189086435614758,0
0,0.5917064769305159,1
0,0.24830704467941142,0
0,0.7631756616031805,1
0,0.15949691391888646,0
0,0.054544824908568705,0
0,0.014800160883244387,0
1,0.8897747817713488,1
1,0.5477479246343224,1
1,0.9992778904506578,1
0,0.001964638303516415,0
0,0.05175751124151048,0
0,0.7073021554092983,1
0,0.5874254608253536,1
0,0.630132647990015,1
0,0.13470050199592423,0
0,0.009076842585787311,0
0,0.08314599616523821,0
1,0.9092198654690601,1
0,0.029316123844888263,0
0,0.008626980709463574,0
0,0.0010434617595097082,0
0,0.0021190111982018803,0
0,0.5671468231888391,1
1,0.838428604716064,1
0,0.013632511532599829,0
0,0.566793808688707,1
0,0.33204545971173033,0
1,0.7581434017198562,1
0,0.0009581922557604086,0
0,0.0178110863814914,0
0,0.059941485406733684,0
1,0.9833699393786258,1
0,0.0030100996537826843,0
0,0.6889956920658725,1
0,0.006137086356244152,0
0,0.6064893104965868,1
1,0.5038268100656839,1
1,0.7337103330491569,1
0,0.8028033884024535,1
0,0.034969317684390426,0
0,0.7110341635276717,1
0,0.0034180629049329636,0
1,0.4851545706573976,0
0,0.025619285773723223,0
0,0.052871827820731784,0
1,0.8951346106493937,1
0,0.038264460810382823,0
0,0.004532962239339054,0
0,0.004778234825525941,0
0,0.03450017456784009,0
0,0.024373736873124933,0
0,0.004067572305787258,0
1,0.8788525012442191,1
0,0.0022373293355305917,0
0,0.715208932327232,1
0,0.0677293572397721,0
0,0.016185290573696925,0
0,0.007575098603345422,0
0,0.8334730118856664,1
1,0.8826250793825177,1
0,0.05098599234425949,0
1,0.6764276475841661,1
0,0.007395381906755213,0
1,0.9245348683712213,1
0,0.032785007759936646,0
0,0.01869737041430464,0
0,0.2048556386321971,0
0,0.0011869867028052876,0
0,0.2949008901775107,0
0,0.002164181202756788,0
0,0.040767959172748565,0
0,0.8750699555907229,1
0,0.5815786845266567,1
1,0.8659455326635522,1
0,0.02108186894088212,0
1,0.5820708212026697,1
0,0.6985812592190157,1
0,0.0012483997520886365,0
0,0.3155097686378159,0
0,0.48318081371086524,0
1,0.3094304171167948,0
1,0.8898319810133846,1
0,0.02521064855664743,0
0,0.4391103528101322,0
0,0.005451556229689767,0
0,0.06907401753834182,0
0,0.524380828551983,1
0,0.541246546984952,1
0,0.02198498447592947,0
0,0.05652910803324922,0
0,0.00546755892192901,0
0,0.0059638138560719,0
0,0.0026458244560282644,0
0,0.0486677036918697,0
0,0.008558011791851512,0
0,0.8882126812846778,1
0,0.376001588991513,0
0,0.004679920586682044,0
0,0.040762136566295966,0
0,0.305694299056693,0
1,0.7822675049579642,1
0,0.06335939362943546,0
0,0.5571299827228205,1
0,0.04955463962319624,0
0,0.01946434042725971,0
0,0.0010245432165776568,0
0,0.1100573899315359,0
1,0.12442431989572707,0
1,0.34320822664996675,0
1,0.6124794392439816,1
1,0.7778822091223707,1
0,0.0014900823356944132,0
0,0.4348415364608024,0
0,0.008632253107082464,0
0,0.0016894815471911212,0
0,0.003690054776912721,0
0,0.6488231060001567,1
0,0.11605300067955665,0
1,0.85728909809418,1
0,0.1722018560589769,0
0,0.7663308386562442,1
0,0.6284060039776299,1
1,0.9802323525209334,1
1,0.8278196941881047,1
1,0.6333878931113135,1
0,0.09935944897849174,0
0,0.3662145690564803,0
1,0.773453179169085,1
1,0.6421352487820469,1
0,0.0033561444451845617,0
0,0.04121409441042164,0
0,0.0011185164034537977,0
1,0.2805125630303933,0
0,0.05773603696683547,0
0,0.012243786899471532,0
0,0.3488146576570053,0
0,0.004262179566232616,0
0,0.0013489587464002193,0
0,0.8346600919222344,1
0,0.7534720009950011,1
0,0.3041863743387273,0
1,0.998139147230118,1
0,0.7564224776801982,1
0,0.022459778200647977,0
0,0.21801106687316749,0
0,0.03465031885822808,0
1,0.8018219623745317,1
0,0.18018229295945837,0
0,0.30687311112170906,0
1,0.939367661941635,1
0,0.08224584257515755,0
1,0.9971108050837386,1
0,0.00630906020044825,0
0,0.0009300062655792518,0
0,0.008419771367475641,0
0,0.028301437988429056,0
1,0.5178551622660732,1
1,0.98441632861624,1
0,0.0026152499963489934,0
1,0.847120390770927,1
0,0.07436450896017302,0
0,0.0041193826491317444,0
0,0.07202969166082761,0
0,0.24859090249215898,0
0,0.0052022223590031435,0
1,0.13195062186783646,0
1,0.7367117706138985,1
0,0.5320534112541195,1
1,0.8646127212545901,1
0,0.011107118771860908,0
0,0.1029775407462396,0
0,0.00725570069651388,0
0,0.042842227738083986,0
0,0.009927240861261002,0
0,0.15703572026139515,0
1,0.8419487227231653,1
0,0.09571710776262285,0
0,0.0989798438188488,0
1,0.8775495908661353,1
1,0.6243075222432387,1
0,0.6074896539044778,1
0,0.6060073281353463,1
0,0.005162037713738164,0
0,0.03441975849370824,0
0,0.01788617470216992,0
0,0.0009150585303110821,0
0,0.45859547402199924,0
0,0.19436943943915558,0
1,0.654322935137252,1
0,0.8483639184933166,1
0,0.7850158857111749,1
0,0.0024611040261445453,0
0,0.010875073070589634,0
0,0.01568408935657316,0
0,0.4103593098518892,0
0,0.08678334290065098,0
1,0.00909834028604102,0
0,0.12435479234367536,0
0,0.2776762165830534,0
0,0.04652445709220469,0
0,0.02832670222560154,0
0,0.0022409070809768796,0
0,0.8974177605258491,1
1,0.7916172627090847,1
1,0.7091937349608611,1
0,0.10348430428777165,0
1,0.9696089673189476,1
0,0.0019327908395603446,0
0,0.05695080874958279,0
0,0.8351462195630152,1
0,0.0260595476654693,0
0,0.0070534917451645345,0
0,0.01595124289775374,0
1,0.9839465579591589,1
0,0.39026104480535906,0
0,0.0039411632999045276,0
1,0.5921663621055508,1
0,0.3655045597347595,0
0,0.6711666577436992,1
1,0.9797116337169596,1
1,0.974367876957584,1
0,0.0009732244062155965,0
0,0.6441036378075446,1
0,0.11433185701326037,0
0,0.2958679747304872,0
0,0.0010643341476277365,0
1,0.9985710690649068,1
1,0.9027538969660887,1
0,0.008164096020029682,0
0,0.021236349047422342,0
0,0.20871534485571064,0
0,0.2002621898322942,0
0,0.03538088365783108,0
1,0.9559398897131931,1
0,0.008896544148421533,0
1,0.9967874030888411,1
0,0.8947993613240504,1
0,0.06485446646918482,0
1,0.7807650758430192,1
0,0.5463259910211615,1
0,0.3378598800447918,0
0,0.044146959446690365,0
0,0.04683885824019006,0
0,0.021374733771296815,0
0,0.051404516518656976,0
0,0.8711515638483601,1
0,0.031493935119959966,0
0,0.0010643341476277365,0
0,0.25562802164501236,0
0,0.8459527647617126,1
1,0.8831671736388893,1
0,0.11455017280283565,0
1,0.935692787021297,1
0,0.16324444630066362,0
0,0.030535897931490044,0
0,0.0020094785756689785,0
0,0.029750830947524762,0
1,0.7780019765044479,1
1,0.9893480545531369,1
0,0.29168108926791836,0
1,0.9554095898510906,1
0,0.007161635916086761,0
1,0.8478783765053072,1
0,0.1392592680930056,0
0,0.36927609749582874,0
0,0.74992004588909,1
1,0.48278956052247907,0
0,0.7762052059866078,1
0,0.031629406836113885,0
0,0.05496931381599282,0
0,0.1499131969544213,0
0,0.25838405655450863,0
1,0.7092877038927176,1
0,0.5929166311943541,1
0,0.05068646899454106,0
0,0.028262662632077204,0
0,0.3348572919085434,0
0,0.11040475770587152,0
0,0.1432551442436856,0
0,0.5376888577522593,1
0,0.9013635102900174,1
1,0.9657131687827806,1
0,0.18947604743106253,0
1,0.9721725029857412,1
0,0.03743324952628702,0
1,0.4002025538159359,0
0,0.13102411405413592,0
0,0.1302553714038095,0
0,0.18200549617215478,0
0,0.9076207942055879,1
1,0.8367700323727519,1
0,0.03894292420289445,0
0,0.6281282929781531,1
1,0.9963790311249515,1
0,0.02478937988208696,0
0,0.536928537493028,1
0,0.12636643559226696,0
0,0.47276009292925797,0
0,0.00047661028132590754,0
0,0.011447045075542504,0
1,0.5323054195395346,1
0,0.009825628267157924,0
0,0.003868876275028705,0
1,0.6656699547000066,1
0,0.30323943798326375,0
0,0.14832340171533018,0
0,0.04704496550395869,0
0,0.14241218894507163,0
0,0.20813434226169517,0
0,0.008592331916770267,0
0,0.0021612541570197284,0
0,0.026169865030603683,0
1,0.4319230702750793,0
1,0.9981376114077953,1
0,0.18695622784597654,0
0,0.028650806982302192,0
0,0.09630758438818174,0
0,0.12461460472320784,0
0,0.023651287579843607,0
0,0.001605272814321017,0
1,0.912871422675867,1
0,0.15234258006899576,0
0,0.031745871444320305,0
0,0.5184306326797952,1
0,0.0011436639447120406,0
0,0.024023345669216312,0
0,0.030964220032356358,0
0,0.0075890970465016085,0
1,0.5934520158936476,1
0,0.08009272156826018,0
0,0.10955194466104723,0
1,0.9974036854149162,1
0,0.6955472769413518,1
1,0.31662326507268684,0
1,0.9875063102480007,1
0,0.12929539821853722,0
1,0.9961294163824267,1
1,0.9915929998622551,1
1,0.793366568941829,1
1,0.7239230836184993,1
1,0.8075097160191693,1
0,0.02674151511774666,0
0,0.45412759711824474,0
0,0.016964814560040634,0
0,0.04305961851470053,0
0,0.1176419576528896,0
0,0.16729767322540964,0
0,0.010399559441878745,0
1,0.9251982633598815,1
1,0.8250033454539075,1
1,0.7626843099995058,1
0,0.104447402875019,0
0,0.002763330599736001,0
0,0.001110787188323661,0
0,0.8150024940807926,1
1,0.9383422309113402,1
0,0.00800354458393948,0
0,0.06772492057158322,0
0,0.00642894057859464,0
1,0.568443087009191,1
0,0.004422663393424438,0
0,0.2508533042718767,0
0,0.5273171821838081,1
0,0.21080819820237157,0
0,0.02579227251765067,0
1,0.8175715146860512,1
0,0.8811335049779995,1
0,0.07015508649463552,0
0,0.01092252962028299,0
0,0.1602914648220614,0
0,0.10407436700024829,0
1,0.9440726377205769,1
1,0.9964077638259156,1
0,0.030057765131986935,0
0,0.005620313962437796,0
1,0.9962853622853391,1
0,0.049375054965399845,0
0,0.0041646859366469184,0
0,0.010756706696886567,0
0,0.07961778533682513,0
1,0.9407312263769044,1
1,0.3931390065760186,0
0,0.11447240680328769,0
1,0.887755670643421,1
1,0.9985310194729063,1
0,0.023759158928742086,0
0,0.04457222719911463,0
0,0.5769192610703129,1
0,0.21630621079703516,0
0,0.2480441767211276,0
1,0.9141689899019978,1
1,0.35128132137742674,0
1,0.9783471315301858,1
0,0.005211227015404947,0
1,0.9992699788509336,1
0,0.02535651127919626,0
0,0.015510554307974676,0
0,0.07353312976850386,0
0,0.06000012845614691,0
0,0.46723444662966596,0
0,0.008472699793720891,0
0,0.013027252988203246,0
0,0.08961909382004543,0
0,0.637392374928083,1
0,0.7201781817087521,1
0,0.5432811410605337,1
0,0.20728899975010381,0
0,0.8007625644544383,1
0,0.06157507863232291,0
0,0.06391240782300282,0
0,0.5557782951846109,1
1,0.8338175876131386,1
0,0.016245030871576496,0
0,0.6169139604490382,1
0,0.6303305223680828,1
0,0.014599818016557109,0
0,0.0016024012826660588,0
1,0.7215766661663021,1
0,0.0056222425980237455,0
1,0.8722622994288982,1
0,0.4875665768502607,0
0,0.001973985473030968,0
0,0.0060557598894141985,0
0,0.5392734832181589,1
0,0.15613035991962995,0
0,0.0009145848443897552,0
0,0.804900875546646,1
1,0.997989962979349,1
0,0.12705409102055362,0
1,0.9354543450645194,1
0,0.24581918141942866,0
0,0.5084747508867591,1
1,0.8877877916545641,1
1,0.4387303219782791,0
1,0.20816799192086763,0
0,0.03903921132389102,0
0,0.0018805977085028795,0
0,0.0008277172674724574,0
0,0.19057118004821663,0
0,0.8464380553449526,1
0,0.015340956537311736,0
0,0.32246466583527705,0
0,0.010918261457578706,0
1,0.9335096738467263,1
1,0.8577935765643169,1
0,0.005643074842343533,0
0,0.09972937792432386,0
0,0.21936985296804054,0
0,0.27751439292211494,0
0,0.19132144427435932,0
0,0.2895956580458246,0
0,0.6120898633833363,1
0,0.12682222215130276,0
0,0.3438849924612612,0
0,0.005358054071485395,0
0,0.02490503745061209,0
0,0.004496191749761989,0
1,0.7080957066001357,1
0,0.0010539347229944131,0
1,0.923874293415297,1
0,0.12796420396822983,0
0,0.018362062990488065,0
1,0.8264855064858313,1
1,0.881294835369344,1
0,0.5460861263869864,1
0,0.01181235963287654,0
0,0.059130838294678814,0
0,0.0788279327075424,0
0,0.37916200849722065,0
0,0.010226226980539129,0
0,0.25860496933063765,0
0,0.021334818175209543,0
0,0.005598112166557808,0
0,0.10134030161195934,0
0,0.49197762341710993,0
0,0.7584492089805425,1
0,0.003848735431959018,0
1,0.9134532210369223,1
1,0.8316209169386835,1
1,0.998460642093666,1
0,0.7649991546983078,1
0,0.5472143000320817,1
1,0.8119545533006776,1
0,0.0010959473122233547,0
0,0.04536039413225634,0
0,0.13106435042174058,0
0,0.0008976876407414011,0
1,0.876942006111972,1
0,0.33070452247707993,0
0,0.508777535379348,1
1,0.9098589849468874,1
0,0.0917729364811482,0
0,0.00434198054452419,0
0,0.6424992256830955,1
0,0.012467199157412057,0
0,0.0035290961137472462,0
1,0.8041294293100272,1
0,0.43258266885647995,0
1,0.5810135005496954,1
0,0.7379624068818932,1
0,0.0925480029619985,0
0,0.09890099990715635,0
0,0.3139379601033726,0
0,0.10470567389668943,0
0,0.0413839452299911,0
0,0.024289284465850533,0
0,0.026633818478666766,0
0,0.0022575307565613186,0
0,0.00848038289838984,0
0,0.013551266198690806,0
0,0.09712649370819323,0
0,0.0212722126536596,0
0,0.13593634336181357,0
0,0.005230386739521316,0
1,0.9984958788049741,1
0,0.5026371459563089,1
0,0.043424238082806765,0
1,0.991725574055674,1
1,0.9396654957151533,1
0,0.0027886724946900193,0
0,0.2003844390649522,0
0,0.008026716261342073,0
1,0.9499063850860054,1
0,0.004392503570899515,0
0,0.35996714940683094,0
0,0.04158959365932676,0
0,0.40401653571192414,0
0,0.5076155273024449,1
0,0.6002028753944402,1
0,0.022132780403947706,0
0,0.007815206507105458,0
0,0.11377654665271023,0
0,0.06517179002166591,0
0,0.03160892145376036,0
0,0.05028842923502855,0
1,0.8676303391561795,1
0,0.8710092291856566,1
1,0.9986118009282927,1
0,0.003743804030920712,0
0,0.215802107617742,0
1,0.9951913113578009,1
0,0.05345470321793755,0
0,0.005883012628119906,0
1,0.9879939049215049,1
0,0.3995474928295753,0
1,0.7393430375494003,1
0,0.33284881677021055,0
1,0.907618607905703,1
0,0.801434903894323,1
0,0.06890835579052478,0
0,0.5942090247622572,1
0,0.25417462371933025,0
0,0.0012345667006672552,0
0,0.015175002232514528,0
0,0.26260797513828193,0
1,0.9955083660781273,1
1,0.015721041984713618,0
0,0.14677631373529818,0
1,0.9967626201356351,1
0,0.18222434213944386,0
0,0.07671314643199635,0
0,0.04938032374084672,0
0,0.0030774344114816487,0
0,0.7195292664064847,1
0,0.6964275534649805,1
0,0.036011374183634995,0
0,0.002120745529404683,0
0,0.3184205646744861,0
1,0.6832114061914741,1
0,0.01128941723052593,0
0,0.4570977951681359,0
0,0.027063995116629318,0
1,0.8200735564666374,1
0,0.008404903355032294,0
0,0.004859272720138336,0
0,0.1734006152181656,0
0,0.007376292982282091,0
0,0.013066615228457685,0
0,0.06933504838950717,0
0,0.3465066109830962,0
1,0.9895693476296055,1
0,0.004701623278543445,0
0,0.47708790672732265,0
0,0.06911321278396618,0
1,0.44109003896348825,0
0,0.05625220270978334,0
0,0.0034016195016216386,0
0,0.0022461783613210913,0
0,0.019848031625320214,0
0,0.004459635206413946,0
0,0.8150350574258505,1
0,0.8762803829132821,1
0,0.037442910820336746,0
0,0.07219920129742746,0
0,0.17493668990273206,0
0,0.04009622496153069,0
0,0.2910051235227909,0
0,0.6536222358145439,1
0,0.04716308335996054,0
0,0.8345595385542824,1
0,0.7484079973607517,1
0,0.015532500922549208,0
0,0.6558692478687493,1
0,0.012162618155702784,0
0,0.09456928586641114,0
0,0.43466243867953885,0
0,0.008726310754794095,0
0,0.13620464242507718,0
0,0.0350435499129873,0
0,0.06361805268452367,0
1,0.6978648560215481,1
0,0.004891989347428605,0
1,0.9944924824628638,1
0,0.004000981939135071,0
0,0.020482360879299857,0
1,0.9959285589434438,1
1,0.9972734730979734,1
0,0.5954131062748227,1
1,0.9253441357854411,1
0,0.5540715226836986,1
1,0.6782039988044247,1
0,0.012677173770281604,0
0,0.052922183873530856,0
0,0.1690567795914682,0
0,0.021358791082602403,0
1,0.8523877822505458,1
0,0.5210771366643733,1
0,0.17294591372831583,0
0,0.5788912440605236,1
0,0.01931878754432804,0
0,0.22690003262671943,0
0,0.1736973312936008,0
1,0.9994607282141578,1
0,0.7361206432843765,1
0,0.01319857629855679,0
0,0.020887199254934995,0
0,0.8950486493983509,1
0,0.22032412779142194,0
1,0.8244113771478933,1
0,0.3014186815453091,0
0,0.14558063743720578,0
1,0.02208386476875042,0
1,0.574114105032616,1
0,0.08209545015829921,0
0,0.5902525964911213,1
0,0.8719767423333862,1
1,0.5995478695566773,1
0,0.02463708921005084,0
0,0.08924432710444506,0
0,0.004726237751521444,0
0,0.17821248259011502,0
0,0.08208503399979587,0
0,0.04568795964679377,0
1,0.98954541485286,1
1,0.8431663083452773,1
1,0.9944334734831352,1
0,0.10627312313285793,0
0,0.07678864881153037,0
1,0.7891393875856534,1
0,0.8915964677645959,1
0,0.3809520797894625,0
0,0.004419832364933756,0
0,0.11838860297964947,0
0,0.4458368303120566,0
0,0.00866483731405623,0
0,0.0021143047061416495,0
1,0.6570740922006871,1
0,0.005843274106819246,0
0,0.7498371926938511,1
0,0.5050737282955534,1
1,0.6486971277879545,1
0,0.17916540061809166,0
1,0.9991311266367982,1
0,0.026655903454202715,0
0,0.0450494644609728,0
0,0.03429478750123203,0
0,0.007157018036476618,0
1,0.9957472565615173,1
0,0.09127540967283486,0
1,0.6115477884977163,1
0,0.33636357356558727,0
0,0.012877123928103085,0
0,0.030276269810981388,0
0,0.3228376406739204,0
0,0.07745728872771175,0
0,0.03560719105169808,0
0,0.05798208673306076,0
0,0.6729192954096221,1
0,0.6385503209192349,1
0,0.0019589494403556623,0
0,0.028288489534625275,0
0,0.058797849879793,0
0,0.025036181064392968,0
0,0.04705093740029772,0
1,0.996954360008145,1
0,0.00114625180957034,0
0,0.001064937408526402,0
0,0.741054780372905,1
1,0.8436109019715202,1
1,0.349685373153172,0
0,0.7612290976717189,1
1,0.9909639287919918,1
0,0.5460501995429139,1
0,0.8451888887870967,1
1,0.998200196457006,1
0,0.8466501079238421,1
0,0.01884824441763323,0
0,0.44721061102034637,0
1,0.37121170770334533,0
0,0.07924310707653248,0
0,0.005035646383356559,0
1,0.9961727983827987,1
0,0.005457817861095718,0
0,0.45630534557553065,0
0,0.5992909390011177,1
0,0.516587343343782,1
0,0.026618324141468055,0
0,0.03118638693677911,0
0,0.32827068548924476,0
0,0.050147256773915044,0
0,0.01375083159839455,0
0,0.6828435221160293,1
0,0.02898546690831124,0
0,0.22480166174292585,0
0,0.10618471710641555,0
0,0.04200909213782301,0
0,0.25763431862184893,0
0,0.2349139648498902,0
0,0.005606723650835612,0
1,0.7204262891665563,1
1,0.5395373925651128,1
1,0.9880541430299423,1
0,0.0733552870388799,0
0,0.047887247797343144,0
0,0.0013152527797170865,0
0,0.01509815457223074,0
0,0.04523319947059547,0
1,0.33737815722234976,0
0,0.566220410253344,1
0,0.07322692261862569,0
0,0.09105380990610105,0
0,0.09512334148457012,0
1,0.766663682553607,1
1,0.8469230258404292,1
0,0.19919755582917031,0
0,0.11263892786459033,0
0,0.0033072962060737973,0
0,0.16275914374719705,0
0,0.7735666282937659,1
0,0.09648116700155296,0
0,0.5373372349793258,1
0,0.17240595340207482,0
0,0.06488213173508091,0
1,0.9264237829593714,1
0,0.011129053059201121,0
0,0.165907961043226,0
1,0.9327498293114984,1
0,0.19956421448780434,0
0,0.028075004579382237,0
0,0.6691108076121401,1
1,0.7140746216066285,1
0,0.03672245314985007,0
1,0.7433967217033075,1
0,0.19484491753904298,0
0,0.2800214987601844,0
0,0.5271589312459222,1
1,0.5835783168834217,1
1,0.5165814966783928,1
0,0.29547638739449716,0
0,0.1615175278215938,0
1,0.7024140899089569,1
0,0.14127237301973913,0
0,0.049714738513981345,0
0,0.7983219697818854,1
1,0.7426336588661735,1
0,0.06962878584287154,0
0,0.0186377009834651,0
0,0.0020062083523795025,0
1,0.9244760403504159,1
0,0.4457984630885374,0
0,0.0011416398784551902,0
0,0.0235329651872076,0
1,0.8928861663313468,1
0,0.014976013633532757,0
0,0.41524185818163245,0
0,0.07564344075246057,0
0,0.003099028114104817,0
0,0.0023297319859865375,0
0,0.4128823173366178,0
1,0.9992549866080814,1
0,0.15472800591313463,0
0,0.025346123562990246,0
0,0.8652556703476141,1
1,0.9985200255230529,1
0,0.0006038703019326057,0
0,0.5953420978625176,1
0,0.5458921092935344,1
0,0.25502416876001943,0
0,0.29775804478540346,0
0,0.6042733184438226,1
0,0.001126326127858915,0
0,0.19444422583239626,0
0,0.00685226505514773,0
0,0.12869873419580447,0
0,0.009350944819195038,0
0,0.17491184794091402,0
1,0.8100195151341327,1
1,0.8261259113703485,1
1,0.6564782680816533,1
0,0.004318755116382997,0
0,0.38607778984722424,0
0,0.00046288543634209083,0
0,0.038841896679247985,0
0,0.03126035096750047,0
0,0.055705538916823276,0
0,0.102830075172081,0
0,0.573316694280122,1
0,0.013271544956765685,0
0,0.36710920047163204,0
0,0.5823595929424237,1
1,0.8106222668872787,1
0,0.02834859281755795,0
1,0.9986378255619194,1
0,0.16212010179874806,0
0,0.11139970550397885,0
0,0.04986896938917403,0
0,0.014009795189846082,0
0,0.019097928851853775,0
0,0.00638353688240187,0
1,0.8213770791649265,1
0,0.0321361392993701,0
1,0.8865568529619772,1
0,0.22843828224561682,0
0,0.0017093529085374527,0
0,0.055281186610926424,0
0,0.10231704422768557,0
0,0.023499753291992435,0
1,0.7819255949858841,1
1,0.03835504212347829,0
0,0.6863216707048201,1
0,0.22199503942203264,0
0,0.1492587483146443,0
0,0.033048947895555424,0
0,0.019445938037047965,0
0,0.05323683863734086,0
0,0.3606385413561501,0
0,0.7182438237564498,1
0,0.09474546555902785,0
0,0.004118513250022852,0
1,0.28947138173908654,0
0,0.025544609602172825,0
0,0.08967432646923243,0
0,0.01237081951652013,0
0,0.015509563073926796,0
0,0.0029541751638866055,0
0,0.5080635967595348,1
0,0.13333328924441362,0
0,0.06192739337508876,0
1,0.9935781229005962,1
0,0.004187221906615479,0
1,0.6736667252404741,1
0,0.11031755825649313,0
0,0.04905478292014156,0
1,0.7913508378772902,1
1,0.9352683150427593,1
0,0.021832237773288472,0
0,0.543448898875289,1
1,0.9087813518641925,1
1,0.6741938217086847,1
0,0.36711812360206386,0
1,0.8100714260168675,1
1,0.9089438270704072,1
0,0.029787540394824643,0
0,0.1735647912957349,0
0,0.07202472060589363,0
1,0.885896678610464,1
0,0.7898695044410482,1
0,0.01846170246474645,0
0,0.04703390693703,0
0,0.8634883934579485,1
0,0.5958402562814388,1
0,0.04338131401139384,0
0,0.047297049359100035,0
0,0.31282900383494283,0
0,0.0296393655273553,0
0,0.054888155114407734,0
1,0.9853229688522754,1
1,0.9969541767895435,1
0,0.11041387500568674,0
0,0.009743417784373522,0
0,0.11122374627845376,0
1,0.8630168154811229,1
0,0.001666540476903115,0
1,0.9819727823090979,1
0,0.007877079901112024,0
0,0.10747663235425715,0
0,0.015852180121140678,0
1,0.8571922701896154,1
1,0.46419782867925224,0
0,0.03118149052805525,0
0,0.21329669023522305,0
0,0.004815404113496685,0
1,0.3019241978546741,0
0,0.8013380120645757,1
1,0.9916903147848501,1
0,0.29964617694516615,0
0,0.824163126259235,1
0,0.4018638924069441,0
0,0.10879252618818006,0
1,0.7958553790908686,1
0,0.010891187301857043,0
0,0.14167925887874228,0
0,0.011912030504811572,0
0,0.03243632151361596,0
0,0.09338666719765298,0
0,0.021428468308005662,0
0,0.7329538477845995,1
0,0.021818498097976063,0
1,0.8017725313381296,1
1,0.9962610344408558,1
0,0.021173359450603814,0
0,0.018484733045169777,0
1,0.39885629501433734,0
0,0.019886547726367516,0
0,0.14436921820286142,0
0,0.003471871622215909,0
1,0.4727109253776209,0
0,0.019089257769533234,0
1,0.8079385898185466,1
0,0.31040387342677045,0
1,0.30975900294687253,0
0,0.3245011101256137,0
0,0.567445885292427,1
1,0.9007332507650314,1
0,0.05816617441858808,0
0,0.08504360814189876,0
0,0.0028409934895077937,0
1,0.5787343008057431,1
0,0.008072911989173587,0
0,0.05868221784519104,0
0,0.738277520904379,1
0,0.027410236276416446,0
1,0.74898596335491,1
0,0.0942689263746385,0
0,0.4384172895040531,0
0,0.25090326477984876,0
0,0.052050482028928875,0
0,0.13372314493503437,0
0,0.8359068546655513,1
0,0.34967571208350345,0
0,0.559167987795747,1
0,0.5707686195267822,1
0,0.5371343563522528,1
0,0.0042174715762442055,0
0,0.03970994430265131,0
0,0.05286873673436595,0
0,0.005168081893648982,0
0,0.003264142046366546,0
0,0.022893034965723445,0
0,0.0769778313962858,0
0,0.6870340717103842,1
0,0.004626989220473481,0
0,0.6643739816212788,1
1,0.7869974454979228,1
0,0.03505615290969495,0
0,0.1904842254055277,0
0,0.0374532317334106,0
0,0.4425505508097871,0
0,0.004170794413893749,0
0,0.5945801570475581,1
1,0.5850642169567806,1
0,0.15939216354582023,0
0,0.7365903975047504,1
0,0.6177942290919234,1
0,0.43224045116220977,0
0,0.013100978053815146,0
0,0.5966192404405111,1
0,0.32187533598743856,0
0,0.005413666330428708,0
0,0.6647387136890557,1
1,0.7664159793021321,1
1,0.1258772632993373,0
0,0.6262972417930096,1
0,0.8401956330064536,1
0,0.049188317982870516,0
1,0.7623141519793654,1
0,0.0017450287655022838,0
0,0.24043805573856403,0
0,0.0021254359536844896,0
0,0.26817389558056903,0
0,0.0020936186339815897,0
1,0.7964716306780222,1
0,0.030246632150722298,0
0,0.0006314302888981269,0
0,0.27923413062483854,0
0,0.5183086830998166,1
0,0.6644555465918558,1
1,0.43572783682946603,0
1,0.7037107201683076,1
0,0.6588108789066442,1
1,0.2969259423833117,0
0,0.13747922202829954,0
0,0.04861785191926445,0
1,0.693529010018293,1
0,0.11251256212197966,0
0,0.009706697239874685,0
1,0.6512538476479135,1
0,0.0016689354257375397,0
0,0.06776221956835995,0
0,0.1294259622058282,0
0,0.19108383561593698,0
0,0.47542453334707374,0
0,0.0017584737763830423,0
1,0.8715875175443543,1
0,0.0038296535734733995,0
0,0.11136852696331444,0
0,0.1071137251511758,0
0,0.027174584020491995,0
0,0.04523642688138635,0
0,0.0014002132009861882,0
0,0.8668863160695742,1
0,0.0010112724219600742,0
0,0.8623947233789575,1
0,0.09645044617427355,0
1,0.8007892178349877,1
0,0.14024128553115978,0
0,0.00984420122027992,0
0,0.4623560283341623,0
0,0.4945131033278711,0
0,0.0037732631315959392,0
0,0.009736547201434635,0
0,0.7091021663545458,1
0,0.21040078995515185,0
0,0.13569465188009053,0
0,0.0019997618026279377,0
0,0.056263259157605015,0
0,0.05317728414436818,0
1,0.8798444023583692,1
0,0.0012251141616693559,0
1,0.9116964231775078,1
0,0.15578314781384942,0
0,0.17426953038008938,0
0,0.26061606246560287,0
1,0.9968825093267261,1
0,0.5427498288738838,1
0,0.006807496983443582,0
0,0.06617592703592659,0
0,0.8139288617128532,1
0,0.7646201582972643,1
1,0.9178897995228856,1
0,0.030344055397206426,0
0,0.051779050761119376,0
0,0.04090758723020854,0
0,0.008989811559261901,0
0,0.0006054788597854858,0
1,0.6632442878439491,1
1,0.998382589130577,1
0,0.004766730690327323,0
1,0.5450364393353412,1
0,0.006197141557902966,0
1,0.9908772961435836,1
0,0.08454276076167475,0
0,0.7235487928677606,1
0,0.022199272234946246,0
1,0.9434520301183205,1
0,0.003982812791417946,0
0,0.002154934463783694,0
1,0.9976768929012441,1
0,0.12019519119707643,0
0,0.20845360832327897,0
1,0.9115294668814001,1
0,0.05276618650635287,0
1,0.8998090876609663,1
0,0.011599366318729489,0
0,0.047989652699886795,0
0,0.09177859948309679,0
0,0.0649751148575537,0
0,0.5938856141552924,1
0,0.30874823812002855,0
0,0.0015919075883895225,0
1,0.9119250569342564,1
0,0.18259336511366303,0
0,0.01844121735764048,0
0,0.07538214248238947,0
0,0.3857995370414288,0
1,0.9109147871634123,1
0,0.018571419821515143,0
0,0.021224620884008,0
0,0.6296077251632519,1
1,0.9758522610760307,1
1,0.8723211205103828,1
0,0.06041846863769302,0
0,0.017792015672642388,0
1,0.7070258167814363,1
0,0.07705692764752677,0
0,0.003249453254644465,0
0,0.029042155700200606,0
0,0.03244405791529033,0
1,0.9962666551459545,1
0,0.0017683883940890436,0
0,0.6643460915285668,1
0,0.748668914170979,1
1,0.06878404495929376,0
0,0.029195881530510004,0
1,0.08621023778100036,0
0,0.3610633493888538,0
0,0.01894989788217055,0
0,0.036297555190089204,0
0,0.02649174669907606,0
1,0.30437082629289425,0
1,0.3088767848712599,0
0,0.6116539453751778,1
0,0.10045755063760578,0
0,0.4597659802537816,0
1,0.3767513687654628,0
1,0.5783071484344348,1
0,0.6272536873716142,1
1,0.7487912584210181,1
1,0.7958676031039146,1
1,0.85992844675224,1
0,0.005524124258977231,0
0,0.015167555542561086,0
0,0.8421065363117162,1
1,0.8397239179235634,1
0,0.15824341376471532,0
1,0.9954887448497686,1
0,0.0060341237862568675,0
0,0.019700719532809195,0
0,0.052529777144892084,0
0,0.2625678742436859,0
0,0.8825052283632161,1
0,0.015741229111527057,0
0,0.8462322850293307,1
0,0.25434096939171574,0
0,0.009304590479010623,0
0,0.07345817750126091,0
0,0.011712610462836061,0
0,0.02949278083588559,0
0,0.41829291556587395,0
0,0.009559746769703581,0
1,0.9279531147598167,1
0,0.02206850281964891,0
0,0.8347680291530067,1
0,0.002562305422920876,0
0,0.08282746408185328,0
0,0.0021059291758708434,0
1,0.8107752629089294,1
0,0.0010539347229944131,0
0,0.019528361077968067,0
0,0.013902497144873559,0
1,0.979812459593878,1
0,0.058085298215408775,0
1,0.16101517999751444,0
0,0.842304605240405,1
1,0.9951697217766933,1
1,0.890351071025516,1
0,0.004444329373280234,0
0,0.40991778470774004,0
1,0.8004230998399998,1
0,0.07777924571770171,0
0,0.2023754036186046,0
0,0.26386166713863113,0
0,0.3468715035412883,0
1,0.854576260970627,1
1,0.9969774682858444,1
0,0.033903603237789806,0
0,0.011573995962532817,0
1,0.9489583195253211,1
0,0.017479798980665755,0
0,0.008039365947164548,0
0,0.33967424075017644,0
0,0.03885249072005411,0
0,0.007022514597700127,0
0,0.047968812698727645,0
0,0.2171926921985002,0
0,0.0019200958267648251,0
1,0.6454676358554217,1
0,0.22461531821326464,0
0,0.15743490745238112,0
1,0.9955193405907689,1
0,0.0049015075560068936,0
0,0.1807557993004596,0
1,0.8508445630454761,1
0,0.6272877462687882,1
0,0.01202236174172503,0
1,0.7131296683922725,1
0,0.005778503275003368,0
1,0.08235764712165608,0
0,0.02646205762107054,0
0,0.03192142069653482,0
1,0.9516009129741871,1
0,0.12427371610012436,0
0,0.0012874336593776087,0
0,0.003329195150246811,0
1,0.6460262228735898,1
0,0.06999925120417076,0
0,0.0015328400154989497,0
0,0.11290200071101332,0
0,0.026733105727363374,0
0,0.024830527347996355,0
0,0.18010837964904064,0
0,0.00789173916785068,0
0,0.40538403766779557,0
1,0.47589849347855245,0
0,0.16625300301994386,0
1,0.8694963941010241,1
0,0.8107301886497829,1
0,0.12375996750251593,0
0,0.0023015650228170193,0
0,0.031197307338917485,0
1,0.9976290025126859,1
1,0.7091068984708727,1
0,0.0040457911276818095,0
0,0.17899421532304405,0
1,0.45484108764904946,0
1,0.9877799688285314,1
0,0.029750459777233947,0
0,0.23707274987415827,0
1,0.7852549915837803,1
0,0.03407734360064553,0
0,0.11511562012030377,0
0,0.002194317487930244,0
0,0.23589246889968365,0
0,0.012534887682273461,0
0,0.2757404113031385,0
0,0.41397175170133055,0
1,0.9873897428893211,1
0,0.47319120766455747,0
0,0.006609438529559654,0
0,0.049038985759198676,0
0,0.10308671287432078,0
0,0.003124872796978868,0
0,0.031087650477789944,0
1,0.05183764637392729,0
0,0.6113230303862784,1
0,0.9200976181657574,1
0,0.07771765548719549,0
1,0.7037171365436529,1
0,0.017840275937349704,0
0,0.9005934853536234,1
0,0.30988129617635574,0
0,0.6304703893608936,1
1,0.9950915194569392,1
1,0.9064083952993065,1
0,0.3044241974425004,0
0,0.5019132007073783,1
0,0.019495978870143538,0
0,0.020298197479421416,0
0,0.00549026691404543,0
0,0.3186572284998939,0
0,0.9415779050309879,1
1,0.7329674113044948,1
0,0.026386905161490625,0
0,0.49988090976208216,0
0,0.9161731068833721,1
0,0.47465768869283553,0
1,0.7201824948508148,1
1,0.8492130869974827,1
1,0.17654131204652457,0
0,0.0574804954924899,0
0,0.5436864872924689,1
0,0.23146217039629868,0
0,0.01242908079610923,0
0,0.0031404418913216848,0
0,0.15087340449336312,0
1,0.9762235442557606,1
0,0.012567992621288701,0
0,0.8939591858907535,1
1,0.9977885570423551,1
0,0.6984243743471972,1
0,0.6447985902067084,1
0,0.028072292532078345,0
0,0.3884723003169868,0
1,0.6012880688642654,1
0,0.1256302693928648,0
0,0.10377716125390417,0
1,0.7434369721502513,1
0,0.5319490958235287,1
0,0.10759293891921469,0
0,0.35992211813542013,0
0,0.12543642819459455,0
0,0.013043567257112164,0
0,0.001142587071013822,0
1,0.9966741246596968,1
0,0.12273737194329941,0
1,0.9135949965238592,1
0,0.25648134823966895,0
0,0.18416843875382796,0
1,0.9960105793959968,1
1,0.29511961949458493,0
0,0.7874395607476129,1
1,0.8075814706851147,1
0,0.16159354644557,0
0,0.6382599217289501,1
0,0.8136801200842472,1
1,0.9871767042122015,1
0,0.2792530607097551,0
0,0.023763118127347282,0
1,0.8353727429528528,1
1,0.1077673051743044,0
1,0.7962756478258994,1
0,0.626756535364571,1
0,0.19041446452330704,0
0,0.025414129606876806,0
0,0.04838161830064977,0
0,0.002583208610746993,0
0,0.0680996203263697,0
0,0.002475506048438424,0
0,0.044509525153970546,0
0,0.0846454106778662,0
1,0.6198580013498719,1
0,0.760871864049334,1
0,0.002520593501766629,0
0,0.29919906054629936,0
0,0.09254393541057138,0
0,0.001375070247412218,0
0,0.002514252842466728,0
0,0.1372066716962579,0
0,0.0014439438081654643,0
0,0.0016983716785403358,0
0,0.01233975152607483,0
1,0.9479314608819147,1
0,0.003942621082388729,0
0,0.07107072336236937,0
0,0.06177232336124116,0
0,0.025502925738970565,0
1,0.9899897990350917,1
1,0.9231420727377831,1
0,0.029517301836199838,0
0,0.02396777296987139,0
0,0.18944093864194622,0
0,0.0020124226371375045,0
0,0.16718239003026816,0
1,0.809378157165171,1
0,0.0914909367659787,0
0,0.0037167340745878396,0
0,0.03980623280093729,0
0,0.12396790305459336,0
0,0.4677243942200693,0
0,0.007443366949092195,0
0,0.8920056398021068,1
0,0.18695121189268502,0
0,0.26758357045428366,0
0,0.839832683204935,1
1,0.9928656509451453,1
1,0.9898107945992608,1
0,0.05983134375499326,0
0,0.33660453535482887,0
0,0.00758999954152182,0
0,0.24033461205102713,0
0,0.01105717173281803,0
1,0.9968936965524603,1
1,0.7644116883232304,1
0,0.0031267636509338874,0
0,0.0010254179414112613,0
0,0.001712996319564864,0
0,0.683362372875283,1
0,0.5570938284468351,1
1,0.877714819780492,1
1,0.5996065331805708,1
0,0.474197034617487,0
1,0.6795603247364295,1
0,0.19383567215025047,0
0,0.007879609618114408,0
1,0.9926086453198614,1
1,0.9923644606269953,1
0,0.8941477617564879,1
0,0.07237534255606275,0
1,0.804273883106587,1
0,0.30577755241161025,0
1,0.8347483491250688,1
0,0.7578116014521706,1
0,0.17351039180198774,0
0,0.6506383929092076,1
0,0.6427278205522748,1
0,0.3684248324026195,0
1,0.8602652966855174,1
1,0.9985554816002972,1
1,0.8530750036607113,1
0,0.6849823579278097,1
0,0.8407236384102332,1
0,0.10574020469497877,0
0,0.07247502829596267,0
0,0.5412065509013827,1
1,0.912538028562388,1
0,0.7958770805958528,1
0,0.353018273462581,0
0,0.000867316492871156,0
0,0.06069915625017937,0
0,0.07732797424648835,0
0,0.19677752310954877,0
1,0.746688587011765,1
0,0.005608650915679469,0
1,0.9897932831355227,1
0,0.08727568029178616,0
0,0.04904548292404433,0
0,0.1307354322433655,0
0,0.011043688786429674,0
0,0.07303238849536801,0
0,0.8216281351762501,1
0,0.21935503855471253,0
0,0.021377293383562982,0
1,0.9081527781644704,1
0,0.051171303262429066,0
0,0.1361637938550198,0
1,0.3609863125190213,0
0,0.06235576234671129,0
0,0.026824688531984726,0
0,0.0680414108851137,0
1,0.9971167062751193,1
1,0.7452580125088998,1
0,0.013457459046431076,0
0,0.05485798296663747,0
0,0.2720172093901128,0
1,0.7818807508929178,1
0,0.07583434638935677,0
0,0.010096142152509134,0
0,0.0010344679555149695,0
1,0.879821718511423,1
0,0.7000721871379229,1
0,0.023497178482465148,0
0,0.6294136375010134,1
0,0.005905668047970961,0
1,0.998993852773624,1
0,0.026739284915480666,0
0,0.001433322110607755,0
1,0.8173126984083534,1
0,0.04446159164458715,0
0,0.0005415581336972088,0
0,0.080519713704089,0
0,0.1256393519577717,0
0,0.002297180924698195,0
0,0.01005354257455272,0
0,0.11445122015512484,0
0,0.11368547436535648,0
0,0.07077419367205272,0
0,0.8800121881529762,1
0,0.06189188204237271,0
0,0.006473736420164252,0
1,0.9958732638575204,1
0,0.055967987334458215,0
0,0.5279950817903875,1
0,0.2702552551333148,0
0,0.7155228323700409,1
0,0.06960074234662876,0
0,0.0282231765506311,0
0,0.23291326217807712,0
0,0.7364818282392828,1
0,0.07712118292966698,0
0,0.03753204948618276,0
0,0.07825169393577149,0
0,0.04470867048946831,0
0,0.7149406901014127,1
1,0.8860626874888873,1
0,0.022187872939527963,0
1,0.988627667438831,1
0,0.23758764114490427,0
1,0.4818126355711928,0
0,0.033558181175007286,0
0,0.23109628597803217,0
0,0.17237893296152196,0
0,0.15935873319591146,0
1,0.8797075876998596,1
0,0.30193288400684193,0
0,0.046739042649792895,0
0,0.10461783533281147,0
1,0.8755641368649753,1
0,0.003217349273994085,0
1,0.7379443669156337,1
0,0.003689292531251131,0
1,0.7990837399667989,1
0,0.7241016846087492,1
1,0.7633182324562308,1
0,0.004744966743059121,0
0,0.0604146078455079,0
0,0.09111171010491424,0
0,0.06459915636679858,0
0,0.626849381771728,1
0,0.7124516516131676,1
1,0.9992948312869269,1
0,0.008497956964213469,0
0,0.21690572276710085,0
0,0.034356183926296524,0
0,0.06936471168782772,0
0,0.00966343050910021,0
0,0.006536147684373266,0
0,0.006128667893220689,0
1,0.9823148792177646,1
0,0.585976993859814,1
0,0.08294467467219899,0
0,0.02875419388445625,0
0,0.3091329332762331,0
0,0.1267856222428582,0
1,0.9902704253100331,1
0,0.004082927171983133,0
0,0.023138639435112185,0
0,0.02840797043339713,0
0,0.5140779403875558,1
0,0.24936491737578625,0
0,0.2140510791479098,0
0,0.49502101416973676,0
1,0.8804210628068676,1
0,0.022351806128611405,0
1,0.7184439767297215,1
0,0.20772558437819708,0
0,0.05671057035880804,0
0,0.3322211159018231,0
0,0.023590089838859466,0
0,0.31870224098393646,0
0,0.34969685281171903,0
0,0.002522982781739841,0
1,0.45476227165392896,0
0,0.8705453394867481,1
0,0.4541013699094773,0
1,0.6542512518170772,1
0,0.06289674758656767,0
0,0.0029990348340647242,0
0,0.2852971727861718,0
0,0.001090583246517164,0
0,0.06766840714231749,0
0,0.13996635270978752,0
1,0.8774216171671182,1
0,0.05666879605794546,0
1,0.8622841199320906,1
0,0.42141595792981756,0
1,0.46428490479613976,0
0,0.017500055483976512,0
1,0.9974393556449772,1
0,0.6257733780724518,1
1,0.9809488999236303,1
0,0.02415515998162974,0
0,0.5300624371032016,1
1,0.6012756785133493,1
1,0.9076798266702791,1
0,0.01365101607768432,0
0,0.1638619083127764,0
0,0.0013247868210205101,0
0,0.814102021652795,1
1,0.8203503904590244,1
0,0.10140605634461111,0
0,0.1662720010736368,0
0,0.01234449388007657,0
1,0.8715914966241693,1
0,0.001495391856096345,0
0,0.08820827091336497,0
0,0.7403091223877993,1
0,0.26818699938471907,0
0,0.05022276041460907,0
1,0.9978774941498966,1
1,0.6309993324035867,1
0,0.004130599800266184,0
0,0.03310215395181275,0
0,0.4491129177783921,0
0,0.07325555757604442,0
0,0.6209252364390334,1
0,0.03720515047677453,0
0,0.17951941683072617,0
0,0.796134355260094,1
1,0.9891736179752801,1
0,0.13651340354145336,0
0,0.30335752794527765,0
0,0.698562948874555,1
0,0.0956871370264568,0
0,0.033266099125931425,0
0,0.01425207329683203,0
0,0.011939879250494523,0
0,0.10221492448341381,0
0,0.3297235338591908,0
0,0.500329798403067,1
1,0.7682103596196782,1
0,0.15274002082952387,0
1,0.9878755585834108,1
0,0.06099557227730223,0
0,0.697345232393794,1
0,0.2244297291454855,0
0,0.1673615867069139,0
0,0.6364930596714126,1
0,0.13938423848672277,0
0,0.09092511389711405,0
0,0.0413533065777776,0
0,0.49371367694483026,0
0,0.02640028608833523,0
1,0.7331944994759341,1
0,0.3279657002417616,0
0,0.0010636374352444807,0
0,0.08533679069956825,0
0,0.07950193835991787,0
0,0.5015568088547624,1
0,0.04628680144455978,0
1,0.676619065691954,1
0,0.0005625355490638943,0
1,0.36208721012842215,0
0,0.5502523541252925,1
1,0.8607787257365684,1
0,0.6048810567064081,1
0,0.32101124950519966,0
0,0.0029229964221763574,0
0,0.0033405343681608087,0
0,0.21254300841605592,0
0,0.03319989018902286,0
0,0.6125873856056343,1
0,0.0026592956261930257,0
0,0.10281346800145641,0
0,0.01985118529923809,0
1,0.6592781263664994,1
1,0.9948591925822116,1
0,0.4487185338088582,0
0,0.03610835636250411,0
0,0.0793983277855034,0
0,0.0067513638798827645,0
0,0.09261029038438962,0
0,0.010891005244040092,0
0,0.26876178600635725,0
1,0.7113865840732746,1
0,0.005509903262592532,0
0,0.8816196523594226,1
0,0.03700083977756584,0
0,0.08672511981398365,0
1,0.7432323122348787,1
0,0.021731870159944135,0
1,0.7543489797074707,1
1,0.839537445201534,1
0,0.4797684082141719,0
1,0.6023328796803769,1
0,0.10131099780288719,0
0,0.04085268916302667,0
1,0.9982057780893548,1
0,0.0014523775828549255,0
0,0.18046793018160392,0
1,0.0919009196233352,0
0,0.6667893323571726,1
0,0.0027344619786487793,0
0,0.7426336588661735,1
0,0.0005904305190991922,0
1,0.08579140211855021,0
0,0.08751976568578584,0
1,0.9986024794515272,1
0,0.31600065885651335,0
0,0.6357740257940195,1
0,0.4171413587241887,0
1,0.9611804585452806,1
0,0.00019776495963004496,0
0,0.08612141121240359,0
0,0.025083453257964017,0
0,0.035228774893445294,0
0,0.14535645085217858,0
0,0.04731091556679051,0
0,0.010055547317179588,0
0,0.10247054680648693,0
1,0.9962507821074539,1
0,0.001413406153539851,0
0,0.2199036560742463,0
0,0.029675498148436362,0
1,0.9954389354120956,1
0,0.6159660142864904,1
0,0.002135392710679414,0
0,0.40410345204469583,0
0,0.43897219565369433,0
0,0.03438872843074963,0
0,0.0033401323072343634,0
0,0.006823613892233343,0
0,0.538904120815365,1
0,0.7852331608267819,1
1,0.7332410138354307,1
0,0.05956766815519903,0
1,0.10983908495165426,0
0,0.004744517991993297,0
0,0.005994217439509345,0
1,0.9977526103509946,1
1,0.8393234202210943,1
1,0.9973668716209122,1
0,0.041198472566916805,0
1,0.7784254180019731,1
0,0.0917823115671296,0
0,0.40560153985675673,0
0,0.006536993380402243,0
0,0.054501914250972686,0
0,0.3505225736153333,0
0,0.018326589195754143,0
0,0.9114550158696224,1
0,0.02889594391747331,0
0,0.036284978357099665,0
0,0.0007919111349808232,0
1,0.5448892445064653,1
0,0.4245085076112658,0
0,0.0010051981563780955,0
1,0.3802391914236465,0
0,0.13029418331006856,0
0,0.673777903997517,1
0,0.019133377874213462,0
1,0.3906063383906488,0
1,0.9621796143000009,1
0,0.004767112439796013,0
0,0.15638825703083656,0
1,0.6788795542884969,1
0,0.41303211188288447,0
0,0.016125304287497554,0
0,0.15461825534748,0
0,0.01251022559280622,0
0,0.7684527931012559,1
1,0.22419823116343227,0
0,0.15002615503157246,0
1,0.8939619699714507,1
0,0.5012603877888919,1
0,0.2191552556164418,0
0,0.02552871977556759,0
1,0.9981683422617764,1
0,0.7224352655539902,1
0,0.12282976262808659,0
0,0.15721536408031464,0
0,0.610278796364828,1
0,0.13400902894574596,0
0,0.4345231422130098,0
0,0.44182699628783634,0
0,0.05333928457606554,0
0,0.17499291985613355,0
0,0.06367775806516794,0
0,0.4750815968388809,0
0,0.028006914320844473,0
0,0.38450414344325157,0
1,0.6262373638814346,1
0,0.0017039303475358627,0
0,0.06563557519068168,0
0,0.017282760727590427,0
0,0.040891715892531315,0
1,0.5381817059348174,1
1,0.42299252275429106,0
1,0.13130383958504627,0
1,0.9165790957580807,1
0,0.07738818521546294,0
0,0.19268819104839677,0
0,0.4446209717219124,0
0,0.0009692578088717224,0
0,0.5223470357563972,1
0,0.0028938298864622765,0
0,0.01953438359591395,0
1,0.7715059760175741,1
0,0.009358228819424278,0
1,0.8860224869538743,1
0,0.047315214237988665,0
0,0.04122155759569912,0
0,0.010906021785614237,0
0,0.011436793002293768,0
0,0.4437852636634146,0
0,0.000955559857013236,0
0,0.14981635463296422,0
0,0.03214410577625957,0
0,0.009789448376271812,0
0,0.040218228031859066,0
0,0.6200936619439082,1
1,0.8707237659256625,1
0,0.028247618956661107,0
1,0.9886526991770482,1
0,0.7692637027957414,1
0,0.029268691325846037,0
0,0.009304920012623195,0
0,0.01747883876341773,0
0,0.20811582505055243,0
1,0.6429105394096865,1
0,0.024195039541920916,0
0,0.5390057778046538,1
0,0.4631183916543206,0
1,0.8354701632174082,1
0,0.21908567820970337,0
1,0.7220784271450155,1
0,0.03267087522109999,0
0,0.0024685727144078545,0
0,0.01979494475490178,0
0,0.16591532316008722,0
0,0.0014143205951360315,0
1,0.9994299907726748,1
0,0.06287758387711295,0
0,0.07584601954442631,0
0,0.15992429810547468,0
0,0.07699612439298632,0
0,0.2237470424397813,0
0,0.8022817880010189,1
1,0.9918733661721449,1
0,0.17108027942675702,0
1,0.9844938692411119,1
0,0.006706541580248035,0
1,0.6962759755700357,1
1,0.707556261673575,1
0,0.0006317110561300627,0
0,0.1532948199605025,0
0,0.2377987290745927,0
0,0.1909421629938871,0
1,0.6553396005190971,1
0,0.04619908960862043,0
1,0.33476538387664556,0
0,0.12872519107986224,0
1,0.6407914539360106,1
1,0.421311256758667,0
0,0.4665552386709475,0
0,0.9174029762554016,1
0,0.6397891203247524,1
0,0.08240940342822509,0
0,0.006869584287995097,0
1,0.9920479273302553,1
0,0.048974507153530904,0
1,0.7389099544203845,1
1,0.998901278542434,1
1,0.998088063757186,1
0,0.5889973429492348,1
1,0.9414647701343244,1
1,0.8356249039819875,1
0,0.012667625111874404,0
0,0.8953915976111737,1
0,0.015692728091741586,0
0,0.01588183267529397,0
0,0.10667202852700779,0
1,0.9974689568076286,1
0,0.046957030610080594,0
1,0.8806598891547452,1
0,0.6044428613453937,1
1,0.7712002427586865,1
0,0.03637169007967833,0
1,0.4596443076542539,0
1,0.6545854785001148,1
0,0.0018141395797266746,0
0,0.2291918254091286,0
0,0.53033681232465,1
0,0.05815127923959761,0
1,0.8910066036623163,1
1,0.8559565133592172,1
0,0.07756917162748128,0
0,0.6704495197851722,1
0,0.37768110535501886,0
0,0.011107578975228988,0
0,0.006813689197898702,0
0,0.0012770277496593938,0
0,0.4642897378188616,0
1,0.9983568250778757,1
0,0.753376281852304,1
0,0.6670155241587624,1
0,0.5830629722110401,1
0,0.0012808651734984452,0
0,0.3753743764511912,0
0,0.008789660752904032,0
0,0.09064726845468968,0
0,0.31211511470367287,0
1,0.9816631356721414,1
0,0.001696860415720613,0
1,0.8756399595561806,1
0,0.009789467365933738,0
0,0.008049266391673844,0
0,0.6892627309701708,1
1,0.9868497269086743,1
0,0.01625870767346899,0
0,0.0024281467221425744,0
0,0.01316106371014894,0
0,0.09643743134705365,0
0,0.09185678181064671,0
0,0.03630236720268756,0
0,0.0674925395835821,0
0,0.004275225697332327,0
0,0.01238054339838099,0
0,0.1590870672453254,0
0,0.04305539995608452,0
0,0.009725259463412664,0
0,0.005258189408767525,0
0,0.0603881591151,0
0,0.18688285422513082,0
0,0.0915788642205,0
0,0.04862253514452269,0
0,0.1641369017371642,0
0,0.28825831592779255,0
1,0.8906633282897986,1
1,0.7754434178298418,1
1,0.7946281478278082,1
1,0.9909232059258499,1
1,0.8812841925789566,1
0,0.024605830008657716,0
1,0.9493726376691339,1
0,0.28473086170442974,0
0,0.041858591261485265,0
0,0.027084470589745627,0
1,0.912411230019658,1
0,0.011703699711388682,0
0,0.18091948786745365,0
0,0.02545613128323602,0
0,0.1673438454962767,0
0,0.07869783547690946,0
0,0.002214254686563772,0
0,0.017582596827373436,0
0,0.6854098404785917,1
1,0.9852858474977884,1
0,0.0016800231419763104,0
0,0.17388266085144188,0
0,0.0005400511303890909,0
0,0.9341323250713012,1
0,0.03313924928310759,0
0,0.009086415093108638,0
0,0.02652707462600133,0
1,0.9160742370703616,1
0,0.06404920237142722,0
0,0.02698081146499472,0
1,0.6465680702587723,1
0,0.19743638268677607,0
0,0.7690030759300633,1
1,0.8145721680223025,1
0,0.7246787690280332,1
1,0.8566530366929921,1
0,0.0008007907501433489,0
1,0.8559213034620365,1
0,0.07736640541463022,0
0,0.02464621334782518,0
0,0.37740194512745223,0
0,0.0132871284151141,0
0,0.022109033864354487,0
0,0.16642303718626766,0
0,0.0010734094540000058,0
0,0.015642438881720542,0
0,0.0006313419995035487,0
0,0.0012542053549965647,0
0,0.0009077095315224807,0
0,0.02234352866880234,0
0,0.009121908429986359,0
1,0.3747791503417648,0
0,0.004761968748761183,0
1,0.7945653645674273,1
1,0.9255600146137614,1
1,0.8248924608370765,1
0,0.047091000377733915,0
0,0.1547781195406955,0
0,0.42672719382894786,0
1,0.8338186766495518,1
0,0.03749887295615459,0
0,0.03594994333020244,0
0,0.36030339953494733,0
0,0.0024615377564307477,0
0,0.05137695162870852,0
0,0.25998646135081604,0
1,0.7776997438865547,1
1,0.997168305742031,1
0,0.0023564581547694937,0
0,0.005624670530707631,0
0,0.19088259147808637,0
1,0.4460836732898454,0
1,0.9460380496636931,1
0,0.09611860663159523,0
1,0.6561093335227581,1
1,0.8903866516260712,1
1,0.7375231489087909,1
0,0.025282987016654906,0
0,0.016543591270292764,0
0,0.4208950866746563,0
1,0.9072717632922342,1
1,0.6634245896035201,1
0,0.0026629565254969166,0
0,0.08208526302557867,0
0,0.2682248059285791,0
1,0.5571066295047431,1
0,0.0682552361482664,0
0,0.029320724837282108,0
1,0.35541600170441195,0
1,0.979633149472813,1
0,0.892793450561224,1
0,0.005631725961315187,0
0,0.001147423818922629,0
1,0.895305962952649,1
0,0.10408491690572444,0
0,0.15506053748599954,0
0,0.0077692864502303585,0
1,0.31949464719067694,0
0,0.0006278652405183283,0
0,0.6761445774327912,1
0,0.13621486215420575,0
0,0.09941283070264073,0
0,0.482476965551977,0
0,0.6616997964456369,1
0,0.8163194915289735,1
1,0.9105170806808828,1
0,0.015282902100940412,0
0,0.1707156588779797,0
0,0.38026743393474327,0
0,0.21741771842863195,0
0,0.19891829606560105,0
0,0.7551301208604866,1
0,0.0112197403076106,0
0,0.002730334554559294,0
0,0.030319459427469646,0
0,0.014567743679095631,0
1,0.7835132466483452,1
0,0.22385519668437215,0
0,0.19415041797973726,0
0,0.013587450370182705,0
0,0.29353093800254004,0
1,0.8768343717311039,1
0,0.6218244020288417,1
1,0.8838860466085745,1
0,0.06537240944839483,0
0,0.1464817144188377,0
0,0.014081639716962751,0
0,0.04669454083355441,0
1,0.6929848582747838,1
0,0.15070378639743962,0
0,0.0017250393995482034,0
0,0.11050643827025565,0
1,0.8529660165308192,1
0,0.07287998995821751,0
1,0.4820634537749742,0
1,0.8301074649687781,1
1,0.9977083437949984,1
1,0.21184466688965164,0
0,0.2032974898383354,0
0,0.5822858822291543,1
0,0.18198690544378968,0
0,0.8617859081497014,1
1,0.4018033266627065,0
0,0.018973121121152684,0
0,0.041252305679418906,0
0,0.4939936106268569,0
0,0.2136723091199314,0
1,0.725523642782222,1
0,0.7670814539113798,1
1,0.9004054090417916,1
1,0.8000680109183147,1
0,0.00741776891304859,0
0,0.16045968511318465,0
1,0.7565574133844803,1
0,0.06667170145617356,0
0,0.06472160794757463,0
1,0.8425881654561249,1
0,0.0006313419995035487,0
0,0.0712320741009063,0
0,0.029174502765690086,0
0,0.006839049392429393,0
0,0.19793516216743592,0
0,0.20323311083532855,0
0,0.07216617130819335,0
1,0.9918401460553983,1
0,0.019244023249125605,0
0,0.08436817028744112,0
0,0.11848859194359296,0
0,0.04458289141664836,0
0,0.040083465435686826,0
1,0.8331935889944982,1
1,0.9744086781129773,1
0,0.0006440258064814879,0
1,0.6562399369833449,1
1,0.9038825404578023,1
0,0.673282712011697,1
0,0.22253353910738644,0
0,0.5714566706007086,1
0,0.0013776996104578655,0
1,0.9310224390438149,1
0,0.6645704336746527,1
0,0.007633893808616997,0
1,0.9198057805878754,1
0,0.24999430082056154,0
1,0.93008927111856,1
0,0.6069112931143867,1
0,0.11347683273717094,0
0,0.09189096868338693,0
0,0.029462075529454363,0
1,0.6539528206908585,1
0,0.035984697646071255,0
1,0.9002455837571925,1
0,0.24280874759851606,0
1,0.40549540847981486,0
0,0.00046922980214055926,0
0,0.027271773455935962,0
0,0.0004981139929629695,0
0,0.8114305760658187,1
0,0.4736517964632048,0
1,0.6405678297150407,1
1,0.8294640676234029,1
1,0.8816714772567033,1
0,0.8295083588144035,1
0,0.09038468750123127,0
0,0.09476738916988069,0
1,0.07644119908897017,0
0,0.0589198284320534,0
0,0.2663428966917847,0
0,0.3336289842600532,0
1,0.9842767502383208,1
0,0.11743802371451684,0
0,0.7612357877440769,1
0,0.753830957627867,1
0,0.40301869099450605,0
1,0.327031797353926,0
0,0.20655995316343126,0
0,0.00543570041148981,0
0,0.022689802664270033,0
1,0.8507573198245872,1
1,0.6965767544997781,1
0,0.7782823187592749,1
0,0.3795251517271976,0
0,0.05609970029622452,0
0,0.08289191512697926,0
0,0.007447366002809297,0
0,0.0550675312665087,0
0,0.0025778004784307576,0
0,0.7560733269904326,1
1,0.9981431527406046,1
0,0.5153900694787762,1
0,0.4699559974479779,0
0,0.08916764035217072,0
1,0.9096029961443622,1
1,0.7461176990523428,1
0,0.001467484120637893,0
0,0.02059425265525606,0
0,0.5960630277476616,1
0,0.012983682678893702,0
0,0.011302274281361473,0
0,0.1822010690835364,0
0,0.13332667427107678,0
0,0.4677793956066913,0
0,0.17371917893264413,0
0,0.43636971789842866,0
0,0.878962685312715,1
0,0.4489071866353565,0
1,0.51123920266472,1
0,0.19104893662904524,0
0,0.15036061554266503,0
0,0.502091200155119,1
0,0.07210171063871199,0
0,0.8046877847791001,1
0,0.04208180275298561,0
1,0.810387418165246,1
0,0.21002443751462146,0
0,0.27534724553095663,0
0,0.9019244356683132,1
1,0.8678326459776434,1
1,0.4441665080048662,0
0,0.5518511497922269,1
0,0.015687741748008476,0
0,0.03718266407695596,0
0,0.06714121828595575,0
0,0.863040571644075,1
0,0.5542278211389535,1
0,0.007543011592635237,0
1,0.9023636298435631,1
0,0.8240523720060406,1
0,0.04126682581847752,0
0,0.08790363329522176,0
0,0.05376231096044382,0
0,0.36638114137595906,0
0,0.0194114039242322,0
0,0.0012269942111504627,0
0,0.012596245027749094,0
0,0.4019501241054487,0
0,0.03203791327949125,0
0,0.02556409185994808,0
0,0.05073723208160594,0
0,0.04338796129200979,0
1,0.7788109281276895,1
0,0.08481693582450683,0
0,0.0011480028341490673,0
0,0.0011869839974299606,0
1,0.6520305463731885,1
0,0.821913265295165,1
0,0.018060084666441486,0
0,0.040721130522318565,0
0,0.8140966056170582,1
0,0.02415713552928367,0
0,0.790174247320992,1
0,0.6871724190526932,1
0,0.6921408630398554,1
0,0.8661139546826017,1
0,0.16534859902676863,0
0,0.0015498747807815507,0
0,0.015962374500565826,0
0,0.8309578875169181,1
0,0.00658447871793949,0
0,0.8534087793069888,1
0,0.006986646116990354,0
0,0.24824008404350953,0
0,0.019583140249753637,0
0,0.40305639804645527,0
0,0.09311611603060768,0
1,0.8837653100379395,1
0,0.0037433031736374485,0
0,0.9152956288242611,1
0,0.012382714204894682,0
0,0.6673448059443268,1
0,0.43848272896588797,0
0,0.023371797696444575,0
0,0.8640724470996006,1
0,0.006864025161542174,0
0,0.7166103502477561,1
0,0.31794025506895657,0
0,0.02588699675275738,0
0,0.1592718579021151,0
1,0.9142824185172445,1
1,0.9858721543086825,1
0,0.7798378028560196,1
1,0.6718515168785122,1
0,0.2785232706545954,0
1,0.6533545435499739,1
0,0.7884624342590001,1
1,0.17090589974357726,0
0,0.0014016508073378512,0
0,0.041782360938943455,0
0,0.09252066692612004,0
0,0.004633860034778947,0
0,0.035017648045692684,0
0,0.0030085309932301662,0
0,0.004289256154281226,0
1,0.9892165535547245,1
0,0.24905221533666874,0
0,0.009605954658866971,0
0,0.5262095445432137,1
0,0.03569429328405715,0
0,0.15035294260105375,0
0,0.6179407961273183,1
0,0.004501470203812513,0
0,0.6182259087134714,1
0,0.5238590868490787,1
0,0.05895906171626038,0
1,0.8926512038797356,1
1,0.7670491352311781,1
0,0.3528809530468049,0
0,0.5553967332172278,1
0,0.42804218894286367,0
1,0.9382928171230087,1
1,0.9979611318919047,1
0,0.01987841829315299,0
0,0.47279861364465453,0
0,0.5051971845476579,1
0,0.30995144269329183,0
0,0.005978803610052072,0
0,0.38363762616246105,0
0,0.7697347467722646,1
1,0.4485943750015212,0
1,0.909171078498349,1
0,0.0021766523913020874,0
0,0.006468199458587532,0
0,0.008805247701399267,0
0,0.687109321660379,1
0,0.4102923260397525,0
0,0.5752905433058252,1
1,0.9797764309411617,1
0,0.4612315610562296,0
0,0.026306392658652724,0
1,0.706459346601702,1
1,0.9782873269517834,1
1,0.6665110308901939,1
1,0.9875817664521003,1
0,0.046134651473773325,0
0,0.022311873080811395,0
0,0.0041222105782823355,0
0,0.4113006333864709,0
0,0.06627500444321928,0
0,0.026079058935505765,0
0,0.011186835013022813,0
0,0.005535907543317198,0
1,0.7873064473212571,1
0,0.910372796977738,1
0,0.06009305182761905,0
0,0.8012366475209333,1
0,0.0025086874348363855,0
0,0.02231097639446781,0
1,0.750786802752737,1
0,0.06174060021580623,0
0,0.003559571035773243,0
0,0.0008328872887388346,0
1,0.8507493838390361,1
0,0.013638261897383177,0
0,0.5421688412604199,1
0,0.7795994155597792,1
0,0.2641248554288367,0
0,0.39437889973995455,0
0,0.33937260839380706,0
0,0.05790139343604048,0
0,0.004263769635184086,0
0,0.011723708214255254,0
0,0.135751693011167,0
0,0.009192100663355542,0
0,0.002692682786576441,0
1,0.37211187059401424,0
0,0.0060111482981544916,0
0,0.016813971217006896,0
1,0.8306094289670047,1
0,0.0009083587262537609,0
0,0.8519701964499593,1
0,0.034377819082334796,0
0,0.031435902448757394,0
0,0.1083465522406697,0
0,0.8122430883099827,1
1,0.9975099664845452,1
1,0.9993180835880456,1
0,0.056943321482587475,0
1,0.05064423836412756,0
0,0.0554203226246796,0
1,0.6003092818324289,1
0,0.3110897505800644,0
0,0.09738221555499524,0
0,0.1364131297421794,0
0,0.0020510225805484158,0
1,0.329841607124884,0
1,0.9761715709669155,1
0,0.5817261266874675,1
0,0.20207640952481332,0
0,0.18551901724071462,0
0,0.027266058871639777,0
0,0.004097870959553722,0
0,0.23790245800344806,0
0,0.0015003365562617653,0
0,0.5835783168834217,1
0,0.6027769413334644,1
0,0.8263844801470136,1
0,0.6005107963310666,1
0,0.008258816588960364,0
0,0.006194235820657062,0
0,0.021966044468551944,0
0,0.7228631304120984,1
0,0.04741113432473582,0
0,0.5264946514023209,1
0,0.041636180757472545,0
1,0.6039443073143721,1
0,0.0240525696462004,0
0,0.6206153375447386,1
1,0.3939691075429286,0
0,0.5834772882405944,1
0,0.10619628088118732,0
0,0.7460793870070995,1
0,0.8880772776072543,1
1,0.5912467750523874,1
1,0.6328877615307644,1
0,0.0745151623678083,0
0,0.014274960468449177,0
0,0.8165678557914471,1
1,0.8753872575667846,1
1,0.9977667271075971,1
1,0.9964083764243737,1
0,0.24110037853212274,0
1,0.9926426112750565,1
0,0.8814079220076406,1
1,0.40734523037124537,0
1,0.8214368593106779,1
0,0.023805586302208127,0
1,0.9902036795862442,1
0,0.5092028221680105,1
0,0.08922619966264651,0
0,0.01328802474493804,0
1,0.818347587913845,1
0,0.005489019475989456,0
0,0.012992258433642979,0
1,0.8081041093189412,1
0,0.07949226008951313,0
0,0.06487449612615098,0
0,0.34763963180856067,0
0,0.044531406193894396,0
0,0.651995462479216,1
0,0.027711267990803267,0
1,0.9981399087718484,1
0,0.013434167851206229,0
1,0.7927223788742255,1
0,0.018183104830506516,0
0,0.7269564576742988,1
0,0.02497883118924585,0
0,0.7071361686704332,1
0,0.015000317152101608,0
0,0.30461730094987766,0
0,0.8964027003812679,1
0,0.030843576399161746,0
0,0.04416104850298554,0
0,0.2815930343896604,0
0,0.24009631580217702,0
1,0.9313781629681074,1
0,0.9217733236685487,1
1,0.9929796438235141,1
0,0.00745843551175277,0
0,0.021223754891275384,0
1,0.9861253891706062,1
0,0.0030336509273548155,0
0,0.8415196175438326,1
0,0.35224097079145905,0
1,0.7966077487308025,1
1,0.9031685883656642,1
1,0.7892608190328746,1
0,0.003495857934604975,0
0,0.027130688522481353,0
1,0.8111995252981102,1
0,0.011768541847626065,0
0,0.3407697790910374,0
0,0.007546512975634476,0
0,0.0016255687855308348,0
0,0.30934242158358805,0
0,0.3197540824599457,0
0,0.007645283744606586,0
0,0.026875330431843317,0
0,0.19357556987877658,0
0,0.04361761351398612,0
0,0.021700805113393784,0
0,0.6826278513457782,1
0,0.1105654666454826,0
0,0.040967446639725714,0
0,0.47713357805047224,0
0,0.022112802546030715,0
0,0.023061167702115266,0
0,0.11744210574134327,0
0,0.04994547181830464,0
0,0.02293914868483718,0
0,0.09009803871311146,0
0,0.004198516628371295,0
0,0.0018661325211901782,0
0,0.3566908674610721,0
1,0.824218136925727,1
1,0.998428387896705,1
0,0.0008916022205750503,0
0,0.07901885114815962,0
0,0.001644546183010851,0
1,0.81256256390707,1
0,0.04876725619977981,0
1,0.9897196582539796,1
0,0.03855251802783752,0
1,0.8589397375210939,1
0,0.011874791453609807,0
1,0.8844521335664818,1
0,0.007912812795439964,0
0,0.30446856825922153,0
0,0.1751042464089416,0
0,0.28589537794592956,0
0,0.2623393542633621,0
0,0.044423670479564296,0
1,0.8476234260420843,1
0,0.6338889372884903,1
0,0.16307368429218613,0
0,0.014939122548314317,0
1,0.8900629390958564,1
0,0.006825378181944029,0
0,0.0023878877767914606,0
0,0.3896071029667021,0
0,0.28060229435867806,0
1,0.8897109044404947,1
1,0.9911465226363326,1
1,0.9548740322567275,1
0,0.07249514999644645,0
1,0.997824932752078,1
1,0.9983300443503894,1
0,0.288964894751877,0
0,0.013839287532625257,0
0,0.33996109618334697,0
0,0.814733008369171,1
0,0.0022301634054896096,0
0,0.007549494864629836,0
0,0.08262276352173847,0
0,0.036850892624530965,0
0,0.3794907431813055,0
0,0.003547758667559183,0
1,0.8016089135635189,1
0,0.5311813709602936,1
0,0.2557854059357789,0
0,0.4157554692974338,0
0,0.021806021724130188,0
1,0.7883426751705848,1
0,0.3460783519017799,0
0,0.015029173321646655,0
1,0.9866266453252159,1
0,0.009539294801073286,0
1,0.8502758344361147,1
0,0.7866654846579703,1
0,0.3215217116706953,0
0,0.02614837512483873,0
1,0.6239892578566408,1
0,0.025149761010666592,0
0,0.21140629153860696,0
1,0.8132797289730781,1
0,0.009266902070600117,0
0,0.6584639218453091,1
0,0.021506077337213696,0
0,0.015724333238618174,0
0,0.016759180856514424,0
0,0.1778080270576665,0
0,0.020665230653980893,0
1,0.8297931144770105,1
1,0.6780182971895167,1
0,0.002175182023541926,0
0,0.03314114257182894,0
0,0.02343445960424706,0
0,0.8767424091422544,1
0,0.2955543369644497,0
0,0.696119239115904,1
1,0.8475856802452975,1
0,0.06735480757764176,0
0,0.007997241435695768,0
0,0.9354415883313452,1
1,0.6914985874145473,1
1,0.8508020299111777,1
0,0.06738782898417342,0
1,0.10102726427793879,0
0,0.02689775010029162,0
0,0.8270117970582541,1
0,0.09251079810126375,0
0,0.0093520201885915,0
1,0.2178201957667147,0
0,0.09828492937708679,0
0,0.6007428281335758,1
0,0.014022449245044071,0
0,0.025250432279113534,0
0,0.5489761817735026,1
0,0.06464389488067965,0
0,0.0762922895502747,0
0,0.3949615402621537,0
0,0.01271124317318899,0
1,0.7435194523287715,1
0,0.0017042798021433753,0
0,0.4990061372837314,0
0,0.004231089731354551,0
0,0.1595033993657358,0
0,0.21302806653633538,0
0,0.024938563278142905,0
1,0.3576879402984355,0
1,0.9943038767643312,1
0,0.011693433303361072,0
0,0.003829942841701825,0
1,0.9890156629683853,1
0,0.0889684516370599,0
0,0.31130562658415495,0
0,0.8238225519323196,1
0,0.005387729624993456,0
0,0.8685153888169292,1
0,0.012040270281727555,0
0,0.08708361779026849,0
0,0.8583496575576259,1
0,0.6283363979075212,1
0,0.007402096952818335,0
0,0.5095980361175957,1
0,0.003355001681397191,0
0,0.004634653092742956,0
0,0.02631362576596286,0
0,0.023836956070611728,0
0,0.5172970037107357,1
0,0.036236710053337014,0
0,0.05165947774454935,0
0,0.06875240763636158,0
0,0.2230482903068962,0
0,0.0009077095315224807,0
0,0.18328427955396812,0
0,0.010349540531947431,0
0,0.05958014031346738,0
0,0.3496766541817958,0
0,0.6350333185366106,1
1,0.9414149818836275,1
0,0.03831640841688054,0
0,0.6504462898947733,1
0,0.12819252724660166,0
0,0.017897123742593928,0
1,0.6522672716702241,1
0,0.4843063611179919,0
1,0.3444872551509186,0
0,0.0538515916240732,0
0,0.2392258278165348,0
0,0.014327085729486684,0
0,0.0014494877069987123,0
1,0.8897718467453066,1
0,0.028933211112407074,0
1,0.4417686113792702,0
1,0.8513188866396093,1
0,0.012356755221721472,0
0,0.08147694833603174,0
0,0.5851252591610022,1
0,0.4635525264469986,0
0,0.032283977380139876,0
1,0.8219729424055976,1
1,0.9010499600852238,1
0,0.002390000412453017,0
0,0.7402506709166649,1
0,0.25404512146548835,0
0,0.0015681543645602524,0
0,0.8469352744707568,1
0,0.3482882874836438,0
0,0.028327044145125057,0
1,0.8947991562626072,1
0,0.04967230967751634,0
0,0.0008083939315579223,0
0,0.013376024716732729,0
0,0.03751608242220438,0
0,0.7096633652382174,1
0,0.17015259786540313,0
0,0.863732660510606,1
1,0.666945398695665,1
0,0.15173239129312377,0
1,0.6178319910298018,1
1,0.7146668378495101,1
0,0.084198932876559,0
1,0.8476648382768592,1
0,0.07177987895003868,0
1,0.8188614940676469,1
1,0.6840548722523474,1
0,0.07720619261398204,0
0,0.4289608606900426,0
1,0.9920849891726223,1
0,0.031731049556524636,0
0,0.21019691490416006,0
0,0.2792108988776331,0
0,0.3138136485504687,0
0,0.4937915447530374,0
0,0.16196574060130164,0
0,0.08875016609740187,0
0,0.28045562785938827,0
0,0.03503559318401076,0
1,0.8633925420052708,1
0,0.0047436500248170905,0
0,0.231014802351543,0
0,0.028720805965635917,0
1,0.9983833663937092,1
0,0.0006911046712806219,0
0,0.018535319925310486,0
0,0.09524491189779333,0
0,0.18578137835053726,0
0,0.1058911260213798,0
0,0.2377008118876496,0
0,0.03367291884624476,0
0,0.056934446099879375,0
1,0.13541316654362512,0
0,0.0015516639942390476,0
0,0.06840371437089562,0
1,0.8714481113336177,1
0,0.020698200689882824,0
0,0.01723538200024104,0
0,0.2552579553542676,0
0,0.0018614209135098248,0
0,0.03684514695114016,0
1,0.18671405032137342,0
0,0.42569646213424106,0
1,0.9158964904918396,1
0,0.005423794046968059,0
0,0.18303377276263072,0
0,0.6957590984577392,1
0,0.002187900697085264,0
0,0.0363981508001575,0
0,0.2776556192205219,0
0,0.014368867040468462,0
0,0.10091342859314135,0
0,0.05517952446677543,0
0,0.7270116206695167,1
1,0.9967263639685172,1
0,0.6685606877098081,1
0,0.004154640725708372,0
0,0.003340685425312936,0
0,0.6476045515109934,1
1,0.9919803791473979,1
1,0.8553761409581734,1
0,0.23566556662951302,0
0,0.0019140191925208418,0
0,0.0009084127406976697,0
0,0.6771965584161189,1
0,0.10615672276942187,0
0,0.03873734816223493,0
0,0.007510819316018694,0
0,0.6818739476280646,1
0,0.366813267001203,0
0,0.6839694045302174,1
1,0.9807542299121433,1
1,0.8876922367172364,1
1,0.8280335433159332,1
0,0.0022078127125786293,0
0,0.1011292950285041,0
1,0.9983278487154723,1
0,0.035848572772768705,0
0,0.6226462347505745,1
0,0.09682070701576939,0
0,0.01078604637381454,0
1,0.940245829634575,1
1,0.9756244161392785,1
0,0.6163014675347367,1
1,0.8162837222884145,1
1,0.8608847310123743,1
0,0.3728440831053758,0
0,0.22309117257872924,0
0,0.2137001312071906,0
0,0.007480973066010299,0
1,0.797801398032619,1
0,0.028653839113103933,0
0,0.868203912642433,1
0,0.0010097729818064932,0
0,0.0018035239575202118,0
1,0.5555678596612169,1
0,0.17942048451325157,0
1,0.9396442616828559,1
1,0.998684965389027,1
0,0.04560790590394318,0
0,0.3497654910927618,0
0,0.0812398877578818,0
0,0.1761677942087147,0
1,0.74927122774509,1
0,0.0557007083041252,0
0,0.028963239157721858,0
0,0.7955441490539257,1
1,0.9854182879634206,1
1,0.24175779790050297,0
0,0.6717058972174726,1
1,0.8909549474532115,1
0,0.02340301016960267,0
0,0.044860812391016726,0
0,0.027961991797415042,0
0,0.023951850978852815,0
0,0.09796459380880163,0
0,0.0500033026855099,0
0,0.34482404234848346,0
1,0.8421812933788194,1
0,0.463955429155484,0
1,0.999412878449488,1
0,0.003082719349936826,0
0,0.040923521589239224,0
0,0.019969914118873017,0
1,0.8850982218939453,1
0,0.14973895796476325,0
0,0.016984202572022544,0
1,0.042121045837864655,0
1,0.8228678243768519,1
0,0.026419576795525014,0
0,0.0011840927984093736,0
1,0.7698120769701947,1
1,0.7933661923845534,1
1,0.9987166372049903,1
0,0.3265981951176987,0
0,0.01719458576585132,0
0,0.15405820238992732,0
0,0.581471113928306,1
1,0.98722630623274,1
1,0.9984520425853068,1
0,0.35405193621691916,0
1,0.6183295240082998,1
0,0.03021188336696561,0
0,0.22334600696582618,0
1,0.9985716004506109,1
1,0.9896368150389758,1
0,0.005794175963672589,0
0,0.46335542458229984,0
1,0.9809295873814863,1
0,0.0443657637784078,0
0,0.04048683413663196,0
0,0.9287945267986315,1
0,0.002551797534508252,0
0,0.03570208316048701,0
0,0.8103185250624697,1
0,0.026296538748406543,0
1,0.9972314393593595,1
1,0.8980899538920839,1
0,0.02880595537660979,0
0,0.8914193622464339,1
0,0.22725513358234165,0
1,0.7594537068774174,1
0,0.0016016405536278201,0
0,0.008320429021572666,0
1,0.8397745506169244,1
1,0.4299236414902074,0
0,0.06411048069714398,0
0,0.26656453938599983,0
0,0.010657428536304322,0
0,0.0033850258490274003,0
1,0.7362150928782908,1
0,0.049252592749780784,0
1,0.9904618519849807,1
0,0.026629621512658956,0
0,0.60016894151225,1
0,0.0010768146324892519,0
0,0.18760000660966067,0
1,0.3488277201789914,0
0,0.13039886420122188,0
1,0.8317815074459401,1
0,0.4333633854798419,0
0,0.0035973057974383296,0
0,0.830994130837956,1
1,0.7803141570787407,1
0,0.15078569767995748,0
0,0.48272802580442187,0
1,0.44555686482463897,0
1,0.893718292180975,1
0,0.36421828730602285,0
0,0.618171155889997,1
0,0.022997900036979876,0
0,0.09266031548188484,0
0,0.04794796055137461,0
0,0.6679296406190212,1
0,0.001303241412221587,0
0,0.017448029638646365,0
1,0.9213018559184195,1
0,0.0025451306690863025,0
0,0.11204992038199131,0
0,0.30765667686951936,0
0,0.040252429514208855,0
0,0.6282563052439266,1
1,0.7455116429014992,1
0,0.10838880010533336,0
0,0.011107982078465951,0
1,0.6567041138679118,1
0,0.07829481249647897,0
0,0.36798050718738246,0
1,0.7714803917926883,1
1,0.8753032565510831,1
1,0.5840675382268019,1
0,0.02754937296609685,0
0,0.013649552300446918,0
0,0.005080659493179487,0
0,0.046523152706915864,0
0,0.46801044997415425,0
1,0.9968075245609935,1
0,0.7148400157615463,1
0,0.017105316705195037,0
1,0.6116999195293428,1
0,0.016055276832712757,0
0,0.0023942635692565002,0
0,0.002257333754911357,0
0,0.31182778951922463,0
0,0.7159356184274268,1
1,0.9343063713012094,1
0,0.008680337191909972,0
0,0.03365297218941355,0
1,0.7078912159549481,1
1,0.375970424888856,0
1,0.9016229495251538,1
0,0.10687762928759659,0
0,0.004907613180091718,0
0,0.008361396554224514,0
0,0.005446691270453229,0
1,0.9812703025517254,1
0,0.23823524228920293,0
0,0.010277899148316161,0
1,0.41214191789139737,0
1,0.8899369968630997,1
0,0.01995788709874954,0
0,0.001254007405589505,0
0,0.2213264707118471,0
1,0.9920783686031763,1
0,0.19536963366740606,0
0,0.0013808017566536738,0
0,0.06774671258045036,0
0,0.0031367991170013327,0
0,0.12328161995162529,0
0,0.5472587212697525,1
0,0.030871481670456745,0
0,0.45432887292606683,0
0,0.8255565915371945,1
0,0.008897887866721124,0
0,0.037925745179853525,0
1,0.6318362759826129,1
0,0.13619942354399217,0
0,0.029729524474341535,0
0,0.1367004487468845,0
0,0.8918723771167893,1
0,0.0029047521078193724,0
1,0.5086803208840182,1
0,0.0056632582865987074,0
0,0.10640124296379758,0
0,0.6394662039689947,1
0,0.016077716285146825,0
0,0.6379839979470738,1
1,0.9967052456426502,1
1,0.837201692488349,1
0,0.019458723790082705,0
0,0.9393254442760571,1
0,0.6669011579465504,1
0,0.0958123955157883,0
0,0.46191611593805987,0
1,0.9943503946935194,1
0,0.7123122144156954,1
1,0.9887037473878106,1
1,0.2652465674285352,0
1,0.998586295550415,1
0,0.015459728516564745,0
0,0.5522840239718718,1
0,0.500883906387173,1
0,0.0017887251273489418,0
0,0.10377748433297741,0
0,0.052460974799156394,0
0,0.10871680090273335,0
0,0.17158674530686704,0
0,0.01592357949355122,0
0,0.1024861841926934,0
0,0.009649479668402877,0
0,0.022135155432696445,0
0,0.0020766042189894907,0
1,0.9761036527754698,1
0,0.035277712404908734,0
0,0.12190740760014473,0
1,0.8812166864666212,1
1,0.996997300407361,1
0,0.6932312316303246,1
0,0.28976744858426773,0
0,0.022296104968690833,0
0,0.0030169057158027568,0
0,0.5614781810497669,1
0,0.2984785754196179,0
0,0.010580192451686145,0
0,0.1522728025100898,0
0,0.008266352006614162,0
0,0.030441566506753445,0
0,0.7749934538061797,1
1,0.8659575801605429,1
0,0.24177005384502054,0
0,0.10244993991061482,0
0,0.015299677947277714,0
0,0.006443715742866676,0
0,0.028765718324209905,0
1,0.08951202059743768,0
0,0.41793070672811417,0
0,0.8652856327230989,1
0,0.0007543763432218294,0
0,0.0015585359504576856,0
0,0.022558852270484396,0
0,0.013696674841351003,0
0,0.5054536210612641,1
1,0.8301102180926933,1
1,0.03311703094919647,0
0,0.0257089705219991,0
0,0.0025728856786320945,0
0,0.04866193236520716,0
0,0.006316103121412575,0
1,0.9993468011107512,1
0,0.001995815376648611,0
1,0.9878777167446533,1
0,0.17028807126414877,0
1,0.7380192043256344,1
1,0.6034769347622926,1
0,0.07382279500923047,0
1,0.942307577606015,1
1,0.9040042840960383,1
0,0.0016306570293302604,0
0,0.83379514069789,1
0,0.002428533838494397,0
1,0.7383187468432515,1
0,0.03747637843531216,0
0,0.10428479976623568,0
0,0.18823071594662616,0
0,0.07532406231337248,0
0,0.03345361260613368,0
0,0.12627707975591024,0
0,0.13209943707184543,0
0,0.011327593431055317,0
1,0.9453237153948615,1
0,0.03913839647577737,0
0,0.06355344266421328,0
0,0.05677360482972152,0
0,0.6993306239404495,1
0,0.30699791352739897,0
1,0.9900505131898184,1
0,0.008983626639282262,0
0,0.1256095993190573,0
0,0.06778009810421318,0
0,0.056369689804169905,0
1,0.8308460334707355,1
1,0.9164944544744366,1
1,0.9388003960108204,1
0,0.24329315083711633,0
1,0.9969500159602237,1
0,0.02873790046483699,0
0,0.616822884014894,1
0,0.38719596107693705,0
0,0.36837314595315634,0
0,0.0015265022797452895,0
1,0.8852171283601105,1
0,0.6567300151916952,1
0,0.010755787246419558,0
0,0.006556900186251115,0
0,0.5246111916854834,1
1,0.9986872041615505,1
0,0.1486067741953965,0
0,0.0016475189127847921,0
0,0.0038629242881367907,0
1,0.42785117083053287,0
1,0.7505053038643974,1
0,0.7783935568553618,1
0,0.032709363074873904,0
0,0.12823393254702228,0
1,0.7797104470969416,1
1,0.7038311055239169,1
0,0.028559043319467316,0
1,0.8834943273493435,1
1,0.5073785873052408,1
1,0.9477715375390722,1
0,0.5854235221349248,1
0,0.6449899629957921,1
0,0.08802031195326704,0
1,0.8741466569786851,1
1,0.9973974896403001,1
0,0.5643265317018922,1
0,0.6515349581583711,1
0,0.31768353434365004,0
0,0.02265500422145821,0
0,0.010650935097277351,0
0,0.35946630913517347,0
1,0.884745133540175,1
0,0.004409373585449718,0
0,0.11392920333141808,0
0,0.6062325285087785,1
0,0.7786190317585119,1
0,0.02439040294338535,0
0,0.6165646863603955,1
1,0.7374856766277671,1
0,0.016727924649400615,0
0,0.10389580281067275,0
0,0.31272321525542773,0
0,0.7117790094264211,1
0,0.003159667079296398,0
0,0.3607890500883467,0
0,0.8398101988835482,1
0,0.052747901602870205,0
0,0.0018504700202187558,0
0,0.0021101602731783305,0
0,0.01095570580542949,0
0,0.06480308716426067,0
0,0.0006197690846352398,0
0,0.6950005912743529,1
0,0.047508067817166474,0
0,0.01398783578286207,0
0,0.21361322832239546,0
0,0.44925702354202807,0
0,0.049287020425441974,0
1,0.7511212709079307,1
0,0.26372501001673593,0
0,0.0058149616538088035,0
0,0.10167198890791876,0
0,0.5542731865046225,1
1,0.9982213472102864,1
1,0.986207101479148,1
0,0.07121672834389771,0
0,0.16950998637490114,0
0,0.03405358185266774,0
0,0.0431727722103824,0
0,0.03138094262125586,0
0,0.6265481634293517,1
0,0.0068042763154092314,0
0,0.04057927925795819,0
1,0.9994117565535493,1
0,0.2848729631148966,0
0,0.4378548501944562,0
0,0.032058562271791415,0
1,0.5095081106899425,1
0,0.01874453081584724,0
0,0.8885434300469088,1
0,0.03634674700016539,0
1,0.9309929778688925,1
0,0.016241535025579512,0
0,0.576772710939528,1
0,0.004235593979075015,0
1,0.7803274261984101,1
0,0.22156838640618995,0
0,0.03421266075610574,0
0,0.22439647758321712,0
1,0.866346436357594,1
0,0.03697542518212888,0
0,0.002808478071521988,0
1,0.871009098808231,1
0,0.0038054226587118357,0
0,0.017364291384200644,0
0,0.01825579379227258,0
0,0.022086478109676684,0
0,0.23813142339511623,0
0,0.11809626181842103,0
1,0.9168105878500651,1
0,0.2567838812429446,0
0,0.014205674247213121,0
0,0.07627578897896409,0
0,0.49932997305886456,0
0,0.0018864336419656498,0
0,0.003870176232389705,0
0,0.2306899818709848,0
0,0.03252653875958939,0
0,0.2136018330683955,0
0,0.8317541009113734,1
1,0.7480047541477729,1
0,0.8719090147277386,1
0,0.27210944579195323,0
0,0.9192859727474073,1
0,0.2689816812182157,0
0,0.1009182797652377,0
0,0.08222988238261132,0
0,0.11669042736452463,0
0,0.007275845424441513,0
1,0.9856889007640884,1
0,0.04671668134793014,0
0,0.0057360503483147385,0
1,0.9599838376463616,1
0,0.0675351388089312,0
0,0.5894540573677618,1
0,0.7288000475651188,1
0,0.0368989150182178,0
0,0.34963340099963297,0
0,0.07316324616122305,0
0,0.6837289870285822,1
0,0.0938219415575124,0
0,0.2105981052972098,0
0,0.00521206687722356,0
0,0.5786059765135223,1
0,0.057926303449525804,0
0,0.8024630216080224,1
1,0.9986654170337421,1
0,0.336936261610306,0
0,0.5514301657178393,1
0,0.003633076543480169,0
0,0.0034145179095881476,0
1,0.6115791161988086,1
0,0.001052566125893627,0
0,0.0038931024937020253,0
0,0.0025330702531729987,0
0,0.08779406526450655,0
0,0.03766133980205945,0
1,0.9339593877053518,1
0,0.020980684521986804,0
0,0.4155630625252725,0
0,0.1704548741597086,0
1,0.6592741534981947,1
0,0.012448055347034014,0
0,0.46587535729611446,0
0,0.34239319309259547,0
0,0.0021398071107124684,0
0,0.6606827911996861,1
0,0.045789201011654734,0
1,0.8798691674653989,1
1,0.8689284497654045,1
0,0.003280867922610482,0
0,0.00028394498551280093,0
1,0.6664746373708929,1
0,0.005729338298834713,0
0,0.055372890217348175,0
0,0.27959055795266813,0
1,0.8600313896327518,1
0,0.0021612541570197284,0
1,0.5423561279878772,1
0,0.5721980272637538,1
0,0.07685515734923029,0
1,0.1717615236520001,0
0,0.1644567042380926,0
0,0.036128911586550294,0
0,0.004609897826945716,0
0,0.10406172420923429,0
0,0.04839300752210983,0
0,0.40549460293237055,0
0,0.09703888402459906,0
1,0.9878626927293517,1
0,0.7259925956167441,1
0,0.0011671365192544296,0
0,0.4649073482298467,0
1,0.7590546104480425,1
0,0.17223510325167293,0
0,0.12767195777307566,0
0,0.009134529441090342,0
0,0.13655444636218156,0
0,0.07346761431018241,0
0,0.12649664480591427,0
0,0.7676994973682156,1
0,0.19954212646311173,0
0,0.001254493980513029,0
0,0.05097898779441358,0
0,0.45189726011684034,0
0,0.7485058276597054,1
1,0.8474296618380238,1
0,0.014563446722607154,0
0,0.12858115283455493,0
0,0.5920612422878355,1
0,0.007524720517186631,0
1,0.9964428247211509,1
1,0.987895839666116,1
1,0.8782735111792748,1
0,0.6993611118530606,1
0,0.23501435388343053,0
0,0.005902074582713155,0
0,0.03288182347502095,0
0,0.041122523788663524,0
0,0.18637981495461728,0
0,0.10013910491217337,0
0,0.02013876225890524,0
0,0.00683890777964069,0
0,0.5999571432124124,1
1,0.9992533060113007,1
0,0.7487206495876181,1
0,0.001232527424353151,0
1,0.5864030875521837,1
0,0.003023007753977535,0
0,0.05028823438374594,0
0,0.9344113680507833,1
0,0.023151343583790316,0
1,0.9985003526058613,1
1,0.7840585914940625,1
0,0.03378608779391605,0
0,0.4413367858986778,0
0,0.0021371070024901124,0
0,0.05963325107246125,0
0,0.0019986275256935106,0
0,0.0037375143554006485,0
0,0.08480646398867189,0
0,0.0018946289631095671,0
0,0.06981947690153836,0
0,0.46447043364416996,0
0,0.4177948428383054,0
1,0.897572351174454,1
1,0.9278536682238477,1
1,0.870980535117063,1
0,0.1253227638314227,0
1,0.9968707793551813,1
0,0.5126244520126355,1
0,0.008487026073082469,0
0,0.5722454231915982,1
0,0.4744083487193805,0
0,0.8783362903114387,1
0,0.03875000034499983,0
0,0.006150121409966657,0
1,0.8073588329688365,1
1,0.8837902345858496,1
0,0.18919631717902585,0
0,0.02559989305445416,0
0,0.022992090889889873,0
0,0.020366777261888444,0
1,0.8618457630548422,1
1,0.9976201664229407,1
0,0.008016773741488337,0
0,0.019425633757743536,0
0,0.009828859545753939,0
0,0.18367563274692122,0
0,0.3278642320989641,0
1,0.34779440717162635,0
1,0.8412272896965479,1
0,0.8698293368444553,1
0,0.582773608346971,1
1,0.9800433948195946,1
0,0.03121751989630249,0
0,0.01929420610982384,0
0,0.04722613196452219,0
0,0.33909224706684254,0
1,0.9010703688539937,1
0,0.5439306208943179,1
0,0.05542607167638789,0
1,0.5559526539635211,1
0,0.7045723735515887,1
0,0.044021936744426685,0
0,0.17432424878523128,0
0,0.09342569124698005,0
1,0.9982810107954018,1
0,0.06485138657903718,0
0,0.028453903852067374,0
0,0.1742106668896042,0
0,0.43938586646661926,0
1,0.6870617279737244,1
0,0.002751525148596819,0
0,0.009584332715686223,0
0,0.40005521629337054,0
0,0.3195322446429053,0
0,0.20649387259753246,0
0,0.046330352464506716,0
0,0.008458779817174402,0
1,0.7196022935517493,1
1,0.3327643583569872,0
1,0.84079654777278,1
0,0.17573857711682844,0
0,0.04336498443113486,0
0,0.020635113484449845,0
0,0.29571050392944126,0
0,0.37761011006434975,0
0,0.030239225309112296,0
1,0.8006412073245267,1
0,0.11901236159278211,0
0,0.11127050089997424,0
0,0.8752959743062241,1
1,0.8228408349744881,1
1,0.3739498856320871,0
1,0.5626362447156155,1
0,0.10697562687468248,0
0,0.10529678870036269,0
0,0.0022723425311629623,0
0,0.01627739306369799,0
0,0.43365775910741017,0
0,0.2160924246347793,0
1,0.8652596865381743,1
1,0.5909182360195219,1
1,0.996719248497738,1
0,0.011374002070228782,0
1,0.9831423900826228,1
0,0.024203528587419313,0
1,0.22894376934916105,0
1,0.46055030422755094,0
0,0.00661696508703822,0
1,0.7577914222005984,1
0,0.30697029884783833,0
1,0.9625212079885812,1
1,0.8746389072844499,1
0,0.0021673176741564527,0
0,0.42411700676481523,0
0,0.7803197062982801,1
1,0.7925151073483078,1
0,0.017213927626875698,0
1,0.9983034020602047,1
0,0.010446353987528518,0
1,0.8200443556028757,1
0,0.08920837178190741,0
1,0.9981235523135892,1
0,0.14057667392101142,0
0,0.018064087106123082,0
0,0.04054942463846299,0
1,0.6615785473290593,1
0,0.01170488277526945,0
0,0.014437788622632706,0
1,0.999274608715788,1
0,0.5955943059556134,1
1,0.15598970431207576,0
0,0.00936080165993114,0
0,0.5039514774812054,1
1,0.7179818664291991,1
1,0.81935893583908,1
1,0.7444625043488025,1
0,0.139867038754045,0
0,0.32184175244009366,0
1,0.7859208515691459,1
0,0.07744381471015746,0
0,0.03670349040464121,0
1,0.7322774871595908,1
0,0.004417889446814449,0
0,0.01465972030754844,0
0,0.0469209372554705,0
1,0.7327796325639956,1
0,0.0015418452248148866,0
0,0.11130514755837552,0
0,0.4306519703398551,0
1,0.9963396944805507,1
0,0.0030523330724813273,0
0,0.00524911658612604,0
0,0.0588396114268525,0
0,0.04531370200907684,0
0,0.06572434909751759,0
0,0.2174894433808043,0
0,0.034263174767639265,0
1,0.9978598050113113,1
0,0.0009424967945280325,0
0,0.27007246071351243,0
0,0.06088368770522991,0
1,0.4728259092692764,0
0,0.3922971595527699,0
0,0.002003192076161578,0
0,0.05790918802877416,0
0,0.029274027821247217,0
0,0.46835631503209313,0
0,0.0011184598570116008,0
0,0.2810133468250212,0
0,0.003846033557453474,0
0,0.12371807733586565,0
0,0.08702214021961263,0
0,0.44284906077921926,0
0,0.06859148037416443,0
0,0.17951140965853704,0
0,0.12987197921753563,0
1,0.9251399921875588,1
0,0.07520160855554112,0
0,0.4744083487193805,0
0,0.826842163968927,1
0,0.4534309299903558,0
0,0.010356901114113323,0
0,0.04450817498972338,0
1,0.335184551130778,0
0,0.7779414443581414,1
1,0.8554361007010256,1
0,0.06271195818740734,0
0,0.3325066237724625,0
0,0.3229525375984025,0
1,0.9057048453797071,1
0,0.06144674870286714,0
0,0.019945515057991837,0
0,0.025609974322532196,0
0,0.035631411187312535,0
1,0.7869429011348811,1
0,0.0035483747786175263,0
0,0.3399927470208298,0
0,0.019279847937182598,0
0,0.04457414246895676,0
0,0.0975569937781006,0
0,0.9008929705436713,1
0,0.5158190685192329,1
1,0.586921091507288,1
1,0.99078606106932,1
1,0.7503004971283512,1
0,0.01493497439265025,0
1,0.8643360856483322,1
0,0.8971708996907667,1
0,0.005033733664219572,0
0,0.870261672954908,1
0,0.1205675356641305,0
0,0.31074208867780495,0
0,0.042455117202422864,0
0,0.03021564702119524,0
0,0.060889663268137426,0
1,0.7954149933931853,1
0,0.02933721034359928,0
0,0.057170677321545904,0
0,0.04555637286631521,0
0,0.07563131070589033,0
0,0.02236570899272159,0
1,0.7655852288832583,1
0,0.4432748547736266,0
0,0.10152214579571742,0
0,0.033328130480301095,0
1,0.9976421675138182,1
0,0.1012512891979317,0
0,0.0011259152940419706,0
0,0.8472735013901106,1
1,0.9838682293450906,1
1,0.9893202411433709,1
1,0.9385248428851414,1
1,0.9409639762785517,1
0,0.7474975353658149,1
0,0.13009503825256244,0
0,0.02902502263493059,0
0,0.09320594239024325,0
0,0.008190297061120703,0
0,0.011424618497318453,0
0,0.12659682389021795,0
0,0.12105000752129666,0
0,0.5342067341014054,1
1,0.6387064892006643,1
0,0.9219230697420344,1
0,0.11144184047036586,0
0,0.6694673710339901,1
1,0.677947412294894,1
0,0.006459339337685288,0
0,0.20196703880461753,0
0,0.07986833006932322,0
1,0.9122667577954844,1
1,0.6382607718228478,1
0,0.06900550028884053,0
1,0.9973114431247885,1
1,0.9971294283364418,1
1,0.908268570605752,1
0,0.029895517990817008,0
0,0.004689385393835488,0
0,0.8304271263393067,1
1,0.7666177051917521,1
0,0.04129471027281776,0
1,0.8402361234921486,1
0,0.0018490957630766958,0
0,0.0358174631974446,0
1,0.7860946489608047,1
1,0.900299021535944,1
0,0.0017407238064649333,0
1,0.7945776294542841,1
1,0.9045144673104123,1
1,0.8153777142691746,1
0,0.5742669945628484,1
0,0.009755555350402923,0
0,0.019532364121000182,0
0,0.47078577026573465,0
1,0.7522611239980157,1
1,0.6685855746516891,1
0,0.5825449778815368,1
0,0.7934592352646398,1
1,0.9780445260542825,1
1,0.9029396413255188,1
1,0.6462248302231761,1
0,0.4129568618944357,0
1,0.722152606659135,1
0,0.11286229759815997,0
0,0.0006065112290982224,0
0,0.0200880441232749,0
1,0.34196089510809563,0
1,0.7829704408431,1
1,0.4211792103877928,0
1,0.8639924294432626,1
1,0.5317326615226322,1
1,0.9154734914321557,1
0,0.04546159039471472,0
0,0.008912760756434795,0
0,0.07022442779455038,0
1,0.7963600519196941,1
1,0.9991304052937994,1
0,0.09015131076012926,0
0,0.006594484172512876,0
1,0.9092956360959127,1
1,0.927406863919793,1
0,0.7002258643370658,1
0,0.07433639836746296,0
0,0.16353710840623076,0
0,0.4389303410403128,0
0,0.5748891325075889,1
0,0.01658057235563062,0
0,0.07914331228548267,0
1,0.2377057220365795,0
0,0.8241677462460955,1
1,0.6821723238141036,1
1,0.9257385933159935,1
0,0.026621089010101726,0
0,0.16990616919091764,0
0,0.021607326817926608,0
0,0.15799972465131523,0
1,0.6583636501612097,1
1,0.17313050736252344,0
1,0.11398648357828461,0
0,0.7393535226294171,1
0,0.060600270556143476,0
1,0.7433545264585321,1
0,0.0071535327437270485,0
0,0.7061343020814163,1
0,0.08666310783155233,0
0,0.35236415955916084,0
0,0.09701702130363936,0
0,0.007409614077042495,0
0,0.016486826151835495,0
0,0.5920679654732631,1
0,0.16643258282992268,0
0,0.0318029550937976,0
0,0.024889635468114436,0
1,0.47733073600697323,0
0,0.020093877729575153,0
0,0.0010010790200074722,0
0,0.738494971214183,1
1,0.8571276623608738,1
0,0.03195561422065365,0
0,0.6960462738336783,1
1,0.870577299906953,1
1,0.8740767052577987,1
0,0.020867767954927122,0
0,0.6790687999592553,1
0,0.0684375392647008,0
1,0.8517971995959891,1
0,0.019744381726734754,0
0,0.07001914932910958,0
1,0.9832610082718327,1
1,0.7505744267486543,1
0,0.4563079720647358,0
1,0.6023716737652074,1
0,0.0011431003036347228,0
0,0.003500955276821489,0
0,0.15339504033822507,0
0,0.6825868542422493,1
1,0.9971215804230074,1
1,0.29571921603099083,0
0,0.08271941027064195,0
0,0.8646564918848078,1
0,0.6819672999463487,1
0,0.6766254463326898,1
0,0.0095500021092884,0
0,0.06308318267524846,0
1,0.9841080648414667,1
1,0.9971051284545867,1
0,0.03033444963340881,0
0,0.014016058006771383,0
0,0.7236746487849757,1
0,0.10278634820775245,0
1,0.9316958530555182,1
0,0.018007705317234578,0
0,0.3563490561583743,0
0,0.07270515543923362,0
1,0.1783935198305227,0
0,0.39464054608056803,0
0,0.7247028964487601,1
0,0.08678154216754953,0
0,0.0013674167435954554,0
0,0.18837431422824413,0
0,0.48883492107944915,0
0,0.06653520833924705,0
0,0.02403955774887073,0
1,0.850603856181063,1
0,0.2856028763401249,0
1,0.12476144571852978,0
0,0.015536123107988279,0
0,0.06384200531088068,0
0,0.2687210510033627,0
0,0.08338811223715445,0
0,0.19773328929805697,0
0,0.007417549715979293,0
0,0.013188196607960091,0
0,0.8276208488794735,1
0,0.005039292534672356,0
0,0.021321453720743132,0
0,0.010535055209157767,0
0,0.007774609306441911,0
0,0.010833292345079152,0
1,0.9700374056386402,1
0,0.014902319834678027,0
1,0.4239402570656185,0
0,0.03252048616527127,0
0,0.4126432377975521,0
0,0.025111952187560325,0
0,0.0048789288637047165,0
0,0.2527179697052148,0
0,0.03932873723355354,0
0,0.0016720474237866653,0
1,0.9983027677702242,1
0,0.02093348443870516,0
0,0.0010926616988837935,0
0,0.47410396649079845,0
0,0.7452855137457507,1
1,0.9828273605297351,1
1,0.9984616116706835,1
0,0.6127975437039785,1
0,0.0019592651678697437,0
0,0.01566657400181037,0
0,0.32161099607359217,0
0,0.4363259850789867,0
1,0.9966418488351884,1
1,0.9014824995678625,1
0,0.06121201162738185,0
1,0.9861911867520846,1
0,0.2642445309728016,0
0,0.0036403640840398624,0
0,0.17347237892838732,0
0,0.006978933473804463,0
0,0.04477939409627727,0
0,0.02945541365169178,0
0,0.03367288177144237,0
0,0.033413401168300765,0
0,0.6989877651958067,1
0,0.007066852881002768,0
0,0.5220751460097584,1
0,0.043670631394565,0
1,0.9971293360958263,1
0,0.0007003946262520846,0
0,0.11742611247118753,0
0,0.07563551238218345,0
0,0.13579768693443633,0
0,0.055250884268700555,0
0,0.41976574646524695,0
0,0.0891838784395608,0
0,0.19992463875628738,0
0,0.03016019388786398,0
0,0.22723345585986834,0
1,0.9748481081651236,1
0,0.01388575631265892,0
1,0.282249954090274,0
0,0.008083120175674613,0
1,0.8827469030652793,1
0,0.08436410497097775,0
0,0.421576273109808,0
0,0.06926305307470522,0
0,0.04411938973900735,0
0,0.11366188442534333,0
0,0.16858174866508097,0
0,0.5002330847471859,1
0,0.012423926390559037,0
0,0.12996329267019516,0
0,0.23818675732486083,0
0,0.0016215508469435104,0
1,0.9985349993610745,1
0,0.007918824688677805,0
0,0.4924460639389656,0
0,0.5416148592918278,1
0,0.013342616093909028,0
0,0.7337307822392584,1
0,0.19005904745331217,0
0,0.6333009717080361,1
1,0.3738858341557175,0
1,0.6692688398799287,1
0,0.029928713575317643,0
1,0.0937122525425759,0
0,0.0022857312325428925,0
1,0.31875266232486854,0
0,0.35911657623758325,0
0,0.8464463095085114,1
0,0.0030266634467907808,0
0,0.4744083487193805,0
0,0.17080307520778168,0
0,0.2877676352442297,0
1,0.8665045767492052,1
0,0.0007571253325443977,0
0,0.0016293389049926925,0
0,0.03754748685060355,0
0,0.0041447661671733735,0
0,0.15097677705375537,0
0,0.06890738955783228,0
1,0.5088183706381866,1
0,0.001340705707928356,0
1,0.34372346212121796,0
0,0.10454050249780059,0
1,0.41724978669837137,0
0,0.00038325981702467225,0
0,0.010802974068618961,0
0,0.20908667678051676,0
0,0.03549140940335451,0
0,0.028893755239080332,0
0,0.0034379350920599764,0
0,0.05113300741239025,0
0,0.17100304875961103,0
1,0.71498509002766,1
1,0.2970920021854525,0
0,0.03099626844389291,0
0,0.3649151260382447,0
1,0.8466555721359678,1
0,0.007853463106795498,0
0,0.015543324719277463,0
0,0.025084894996061126,0
0,0.00957824591979318,0
0,0.004478644091140432,0
0,0.4806837642058189,0
0,0.5652757797745137,1
1,0.9170937202592727,1
0,0.3382618330191546,0
0,0.001261170603286541,0
0,0.021072224623221295,0
0,0.005710388095333698,0
0,0.06402574806355461,0
0,0.0032066451708442456,0
0,0.03596487509302556,0
1,0.7133347811941705,1
0,0.3957115781496819,0
0,0.033279297128662816,0
0,0.7878596350661162,1
0,0.8393684422147968,1
0,0.8199676642639369,1
0,0.07004917105639037,0
0,0.0032658238763568605,0
0,0.35028068641481885,0
1,0.8615496432694169,1
1,0.7188406327971869,1
0,0.013373856775709509,0
0,0.028200463479373918,0
0,0.058101270790171154,0
0,0.1443296865493713,0
0,0.08529802784291417,0
0,0.3541723176096064,0
0,0.015617430172518095,0
0,0.8660401567356465,1
0,0.0019315856880320775,0
0,0.007651690988549268,0
0,0.026917380212405185,0
1,0.8449809951399024,1
1,0.9956261192793803,1
1,0.9988754195589108,1
0,0.06204212560644271,0
1,0.8595538655863844,1
0,0.013121352880199517,0
0,0.15646713168167922,0
0,0.00586398221573863,0
0,0.5058027469698404,1
0,0.9003820648835811,1
0,0.007662559761729594,0
0,0.7478604489081631,1
0,0.09476834885420925,0
0,0.7264987571409685,1
0,0.31728191831781327,0
0,0.5129226574503443,1
0,0.00038325981702467225,0
0,0.0004141962886986334,0
0,0.06036797454293494,0
0,0.04145611388212395,0
0,0.7639594443321567,1
0,0.04345914630967838,0
0,0.05143570383568193,0
0,0.017606988722409806,0
0,0.10323042285310749,0
1,0.8758995631566816,1
1,0.823754624571512,1
0,0.5374905310205733,1
1,0.9135417057563299,1
0,0.6283838429869274,1
0,0.8930216620785193,1
0,0.009191504454518785,0
0,0.0021179952266395497,0
1,0.8877960283099303,1
0,0.13041114665110862,0
0,0.07966355048917695,0
0,0.13447999816895093,0
0,0.027337984064024566,0
0,0.7612176124517008,1
0,0.07031876051475269,0
0,0.02449447324404643,0
0,0.018425249389941573,0
0,0.1461602119803821,0
0,0.06701014130526181,0
0,0.08281675289522208,0
0,0.00486430647446734,0
0,0.91622583557705,1
0,0.28159351027083895,0
0,0.02551703137479058,0
1,0.846453813151441,1
0,0.0011049817371633953,0
0,0.23448230468807912,0
1,0.5563222151170991,1
0,0.007722283956496926,0
0,0.015117217727192862,0
0,0.10004653651637842,0
0,0.027229726912063063,0
0,0.0012508665181503564,0
0,0.01189317588037832,0
0,0.8187489343143735,1
0,0.5460357039833467,1
1,0.9976706373580068,1
0,0.0038167410654975763,0
0,0.09693105332286867,0
1,0.806663960472838,1
1,0.9951565392936815,1
0,0.0019338035185728606,0
1,0.33120147514147064,0
0,0.0009540371908197839,0
0,0.0023228371423230938,0
0,0.023971417908034337,0
1,0.8405749457011166,1
1,0.2605108121931945,0
0,0.6021489469129764,1
0,0.34561686409132325,0
1,0.9719839725802267,1
1,0.7347370162122723,1
0,0.04526299502563381,0
0,0.021612760761496333,0
1,0.8914047435872829,1
0,0.8640441860904678,1
1,0.3276292491600359,0
0,0.10801872216335216,0
0,0.6772307007775219,1
0,0.27506645246488937,0
1,0.7240041396781395,1
0,0.03836086512960228,0
0,0.005441329201430317,0
0,0.28620169545901314,0
0,0.26264496225761835,0
0,0.03996106508038098,0
1,0.16867999991740473,0
0,0.5488113963637998,1
0,0.001802047003133217,0
0,0.05858386393851135,0
0,0.06817397375160293,0
0,0.01782579093584867,0
1,0.7613074304475345,1
1,0.8280244959739551,1
0,0.5256749162476906,1
1,0.46094501334270194,0
0,0.29465639236889646,0
0,0.041896350245660845,0
1,0.5893334031492108,1
1,0.8185301048921262,1
0,0.049773341740004716,0
0,0.013961587783874883,0
1,0.9976254089886484,1
1,0.8348109974849564,1
0,0.0011386436324711416,0
0,0.04960034923991463,0
0,0.15667698055544355,0
0,0.172175279983737,0
0,0.034742813155853404,0
0,0.001423361831331211,0
0,0.0046612565683707636,0
0,0.5070082055531634,1
1,0.9431342600026852,1
0,0.46350507129132723,0
1,0.3505026721201439,0
0,0.028177226407679862,0
1,0.6079513382968053,1
0,0.23663159976405232,0
1,0.5134793287912599,1
0,0.1760515320704094,0
1,0.9465633288956568,1
0,0.05464989842214509,0
0,0.040030296373952806,0
0,0.002195288722570034,0
0,0.040842069293484766,0
0,0.003220818081329787,0
0,0.056239490037885705,0
0,0.37536851965630996,0
0,0.21837162413934463,0
0,0.31221731434994965,0
0,0.08309078007348311,0
1,0.8941095762158433,1
1,0.9987911023424836,1
0,0.008790264656350666,0
0,0.025174071642370708,0
1,0.8832795647167744,1
1,0.9320481800742874,1
0,0.045900916606485466,0
0,0.02979695991333183,0
0,0.005978637618857931,0
0,0.745641994999741,1
0,0.008220552271625018,0
1,0.988175872495156,1
1,0.8551893875038747,1
0,0.003740303772432494,0
0,0.002730750815208818,0
0,0.1336352789259424,0
1,0.3795519207162396,0
0,0.07790414683196092,0
0,0.5234351631573543,1
1,0.9984968509999568,1
0,0.04578162208143611,0
0,0.018786788291796697,0
0,0.09671599133336334,0
0,0.12873897210434876,0
0,0.14835495728160933,0
0,0.37331641014620853,0
1,0.03366021149425187,0
0,0.0454716730581462,0
0,0.09407142977055842,0
0,0.010175846648069944,0
0,0.023259051567018418,0
0,0.040426779319052066,0
0,0.4655019722772186,0
1,0.37875211617100657,0
0,0.03490449690015438,0
0,0.0054022758220099555,0
0,0.5293630243576929,1
0,0.5397749163038046,1
0,0.8215021398232422,1
0,0.3342515793453042,0
0,0.008374494327110894,0
0,0.6244736774944661,1
0,0.04986340553233816,0
1,0.8494609169353425,1
0,0.003232250890404782,0
0,0.028036674767119903,0
0,0.01640689530207196,0
1,0.9992035839656108,1
0,0.021022194517510345,0
0,0.029568368597560766,0
0,0.009462319094384684,0
0,0.022661777495595916,0
0,0.00204350486756483,0
0,0.6815009696288377,1
1,0.708496542280131,1
0,0.03713567146469731,0
1,0.996341221020275,1
0,0.3882574636472823,0
1,0.9129102010533489,1
0,0.22914531845775987,0
0,0.055082015844384484,0
0,0.02744180210060302,0
0,0.8784149098435509,1
1,0.9850518725769507,1
1,0.6243552603072846,1
0,0.04891462709426834,0
0,0.11686207542284126,0
0,0.0013439870168859582,0
0,0.05819668427930415,0
1,0.9924001441173672,1
1,0.9914462104281042,1
1,0.8234685194619682,1
0,0.0026012209859902382,0
0,0.296752016896259,0
1,0.7962331437086212,1
1,0.9189678862787553,1
0,0.8899561005672663,1
0,0.007612555820947864,0
1,0.860236477429839,1
0,0.005073175494870237,0
1,0.4219471343219937,0
0,0.4069601400200084,0
0,0.5099623152685656,1
0,0.1459301937285822,0
1,0.908937473387498,1
0,0.04593749564462273,0
0,0.02227782639081166,0
1,0.9983730269082287,1
0,0.34449631768431715,0
0,0.0064410073521079985,0
0,0.13919968475651426,0
0,0.02440910386966222,0
0,0.03817709079890959,0
0,0.007824605419070933,0
0,0.04993225939203368,0
0,0.060020692773606624,0
0,0.011997924775465685,0
0,0.7220700539042813,1
0,0.02443835588790337,0
0,0.3291842418085672,0
1,0.9092836306115469,1
0,0.29297394672856764,0
1,0.786842838907499,1
0,0.5512418301693917,1
0,0.02409053402496228,0
0,0.005636276119364804,0
0,0.02462414996519666,0
0,0.815307457918334,1
0,0.882189755183314,1
0,0.019553710002593178,0
0,0.8336465934372284,1
1,0.9978693051819937,1
0,0.5569308539151427,1
1,0.6361494143701057,1
0,0.8521933797284047,1
0,0.0092167846438747,0
1,0.998547658403386,1
0,0.8243794724506627,1
0,0.0005379093226934303,0
1,0.8876972634144356,1
0,0.05750592870061436,0
0,0.3926126664997579,0
0,0.5444278655232401,1
1,0.9989897283871383,1
0,0.6340047675977352,1
0,0.3925308397647474,0
0,0.003927071164519931,0
0,0.0016306570293302604,0
0,0.5778626499234882,1
0,0.03548690303844604,0
0,0.40038977468883,0
0,0.14213427166796158,0
0,0.004736548088852332,0
0,0.006126816776139537,0
0,0.08118777006083314,0
0,0.015333164055001196,0
0,0.2485560248586412,0
1,0.8561638593954441,1
1,0.9051138615498224,1
0,0.013839202885037065,0
0,0.6638369218079427,1
0,0.009596630814873563,0
1,0.9028239358424681,1
1,0.9980083336941236,1
0,0.001467484120637893,0
0,0.00710212872469775,0
0,0.05547622389006841,0
0,0.02798009122861604,0
1,0.8568456060822053,1
1,0.9175200993113211,1
1,0.3655777474739687,0
0,0.004527505736852137,0
0,0.3307835849195578,0
0,0.03364458151260741,0
0,0.15463273729419427,0
0,0.13415976275812147,0
0,0.05349365729578406,0
0,0.3629468211223597,0
0,0.03171174547536169,0
0,0.3145695324230492,0
0,0.7002324418897447,1
0,0.5080496014694851,1
0,0.10728109372870934,0
0,0.14548486086903048,0
0,0.029112750266528903,0
1,0.40891400123389127,0
1,0.8289035926712337,1
0,0.9140467856977329,1
0,0.2718443487111864,0
1,0.9320543328617785,1
0,0.0010734094540000058,0
0,0.8436776365226745,1
0,0.2495073572253686,0
0,0.00989139638720532,0
0,0.040336961302220455,0
0,0.04433645507835949,0
0,0.0804559508336226,0
0,0.01044617733013656,0
1,0.3655045597347595,0
0,0.4550340716675671,0
0,0.011358255359658176,0
0,0.03380940004168259,0
0,0.8043906593453836,1
0,0.005085560966867462,0
1,0.9093089026593126,1
0,0.006602723926387761,0
0,0.5205642088414059,1
1,0.9743017238229036,1
0,0.015221407421154853,0
0,0.33647906320639226,0
1,0.9990438665933915,1
0,0.08175144915777463,0
0,0.6519608385404908,1
0,0.4660611416121944,0
0,0.9005878797258321,1
0,0.07698953107965496,0
0,0.026008081211177397,0
0,0.08697142287750248,0
0,0.002993856008338276,0
0,0.005842615958828532,0
1,0.4370975942039992,0
0,0.018452215318780277,0
0,0.0014451618543924205,0
0,0.8350322177837638,1
1,0.3325638827593942,0
0,0.08251506435878231,0
0,0.888033455652035,1
0,0.0016909927717078937,0
0,0.6269437311673385,1
0,0.32540989958127536,0
0,0.002281824151230802,0
0,0.012836924431384882,0
0,0.011713348890416421,0
0,0.25875836574029315,0
0,0.01717369703321255,0
0,0.04098734768394645,0
1,0.998267400339527,1
0,0.022597940215154582,0
0,0.04203397979913558,0
0,0.6102934599899741,1
0,0.003019665431371697,0
1,0.8470740310199756,1
1,0.4575256261849088,0
0,0.0116672356569357,0
0,0.10954184397485928,0
1,0.7986733368346939,1
0,0.10449529523152712,0
1,0.2661635622980768,0
1,0.9989005485045424,1
0,0.018146650520874257,0
0,0.9323961176861332,1
1,0.7104658643547669,1
0,0.135819387020129,0
0,0.028501591128409297,0
0,0.0293503974186986,0
0,0.25368470307075575,0
0,0.07874845003497466,0
0,0.8422570460918116,1
0,0.02948200776058371,0
0,0.0759204077432898,0
0,0.2939234650893255,0
1,0.7854365345059184,1
1,0.9993800892012402,1
0,0.02292404324784687,0
0,0.21713266905723144,0
0,0.04263991230659044,0
0,0.7879398027199603,1
0,0.21766973027946057,0
0,0.3584322209817687,0
1,0.14957796586363054,0
0,0.0029915511262982907,0
0,0.4919716122805645,0
0,0.6179796798828505,1
0,0.4918124915402509,0
0,0.046236287188715995,0
0,0.0016428611502504855,0
0,0.015144764151531397,0
0,0.29993467921961964,0
0,0.06698865729406127,0
1,0.4583873827013962,0
0,0.019293668795049682,0
1,0.9992282287303967,1
1,0.7890896418065271,1
0,0.1885476498601797,0
0,0.9628310222024374,1
0,0.1408662462160708,0
0,0.16315850926844086,0
0,0.678889921705832,1
0,0.06604896484810589,0
1,0.6356706294839467,1
0,0.11942463177547595,0
0,0.795863529930709,1
0,0.05964515610277696,0
0,0.0442915416621184,0
0,0.030705232527109338,0
0,0.825331833634603,1
1,0.5661602359050486,1
0,0.011180819197237218,0
0,0.021609653052339438,0
1,0.2320679344886458,0
1,0.781460479540684,1
0,0.05257660713524634,0
0,0.6542512518170772,1
0,0.023697745869458792,0
0,0.00625700958218909,0
0,0.02286489703032175,0
0,0.05711836379745432,0
1,0.9017660413834098,1
0,0.1697772329986432,0
0,0.17980695518276418,0
1,0.7785841758025629,1
1,0.9563545775657141,1
0,0.656532271183624,1
0,0.02000611348387324,0
0,0.0050403035116081945,0
1,0.7039660432028314,1
1,0.5852219164758166,1
0,0.6287146670724149,1
0,0.007975957883035794,0
1,0.9735734271703315,1
0,0.05606695783008991,0
0,0.07613419268727016,0
0,0.8212356444343609,1
0,0.006390564167609924,0
0,0.3418538638983163,0
1,0.9499472694494795,1
0,0.6567887905499474,1
0,0.7297935475652978,1
0,0.11261517766694659,0
1,0.8960171239387744,1
0,0.04174249421041806,0
1,0.2773415888177619,0
0,0.3636634509047369,0
0,0.45257760808812514,0
0,0.004069387884284058,0
0,0.28041325689862195,0
0,0.11531244369537165,0
1,0.8798377260174527,1
1,0.8578532763650403,1
0,0.516699891097164,1
0,0.009534739516330245,0
1,0.8722962595460716,1
0,0.016483825837187504,0
0,0.8775433551318246,1
0,0.33819122131760887,0
0,0.006038765548925252,0
0,0.013414301187893456,0
1,0.9392803002386273,1
1,0.12514107475982544,0
0,0.42127776047993193,0
0,0.2541027341961644,0
0,0.012364676323421192,0
0,0.0018046872371835195,0
0,0.03494696098273095,0
0,0.2062081705221297,0
1,0.6719969217715295,1
0,0.36150410787768256,0
0,0.19577110133931697,0
0,0.0791232940224897,0
0,0.1666413857868744,0
1,0.988937605380358,1
1,0.864943075199837,1
0,0.029666502287247758,0
1,0.8199551027129659,1
0,0.09508708587235244,0
1,0.21819315501908085,0
0,0.018498355083760736,0
0,0.14448348584012205,0
0,0.8026836042355001,1
0,0.009412465756810453,0
0,0.01401987184465386,0
1,0.7213121764677657,1
0,0.364697328111545,0
0,0.3175875748266534,0
0,0.8290602357729405,1
0,0.31389912790765634,0
1,0.9915595071118434,1
0,0.03349333639882353,0
0,0.004305294734184548,0
0,0.06485405964926787,0
0,0.3165830918391339,0
0,0.06455287242413668,0
0,0.22150298528249748,0
0,0.02782258292164888,0
0,0.28394736750926103,0
0,0.010656892067299369,0
0,0.006067472890098005,0
0,0.8951808442081851,1
0,0.05823495449095153,0
0,0.0015600557816004567,0
0,0.388750406451402,0
1,0.961688826002029,1
0,0.6830744815571138,1
1,0.7905583083243308,1
0,0.011287784880312518,0
1,0.3956805122122797,0
0,0.0012394766790355938,0
0,0.034422778777664226,0
1,0.27309575625801724,0
0,0.08302060574049025,0
0,0.031413571345003465,0
1,0.6008122199332062,1
0,0.34769951294888257,0
1,0.9249877759837686,1
0,0.004807379856429944,0
0,0.39388863374817035,0
0,0.0014887869399680244,0
0,0.003137580345623059,0
0,0.8237730689544392,1
0,0.007456087357821155,0
0,0.7424989600521633,1
0,0.6405981111160861,1
0,0.24774455285338884,0
1,0.9964662188864417,1
0,0.260846618286345,0
0,0.25511528162768654,0
0,0.13314684763462606,0
0,0.00297809964360652,0
1,0.915183188561103,1
1,0.7344083459380242,1
0,0.044030833600217284,0
0,0.48049050053023956,0
0,0.010900562204242634,0
1,0.8957078636780215,1
1,0.9987454286499193,1
0,0.7804467328623726,1
0,0.008955313337044227,0
1,0.9199794122515909,1
0,0.01685335070145492,0
0,0.007355128670814401,0
0,0.031377799427348925,0
0,0.05360626383014073,0
0,0.0025112240478858457,0
0,0.0021229744374354005,0
0,0.0011689907276769406,0
0,0.12602729706482688,0
0,0.0164095241655442,0
0,0.0937702379585817,0
0,0.7752211009202904,1
1,0.8927841076763228,1
1,0.9902607858032471,1
1,0.6108999635181281,1
0,0.20027224501530067,0
0,0.025664342351813734,0
0,0.19439829023691263,0
0,0.011714257814309771,0
0,0.06596063262094976,0
0,0.01911173162517955,0
1,0.7548234514748005,1
0,0.6255359288316361,1
0,0.028454494453983178,0
0,0.22390437029162022,0
1,0.8801685412177924,1
0,0.027453085836802775,0
0,0.18391043954844677,0
0,0.0046563116242347,0
0,0.6659559560212089,1
0,0.06982815150730419,0
0,0.032118983609135086,0
0,0.14285922726955752,0
0,0.2875398953106476,0
0,0.0466352950679244,0
0,0.021610921091211002,0
0,0.0023226050471677356,0
0,0.03983356289117947,0
0,0.14127545287612184,0
0,0.8840046992610991,1
1,0.8630895604854776,1
1,0.6894316782325319,1
0,0.0024222234168573406,0
0,0.9013156014286464,1
0,0.03846473581324016,0
0,0.03325225398835421,0
0,0.02617828918092635,0
0,0.013865613860879913,0
0,0.04351638909829048,0
0,0.8289160740237987,1
0,0.43413363188411125,0
0,0.2578564261153804,0
0,0.4788170854912584,0
0,0.0022513629070298846,0
1,0.7475557077873872,1
1,0.2171453988307401,0
1,0.9977486313553646,1
0,0.0018791443027178787,0
1,0.4162654376762567,0
0,0.025908180382226333,0
0,0.006572878869279657,0
1,0.7794537137882492,1
0,0.037626436208165616,0
0,0.8754386430774971,1
0,0.023340318029403555,0
0,0.0752998263856117,0
1,0.5583815550856642,1
0,0.005254751919925812,0
1,0.8175701449746982,1
0,0.24161192943827706,0
0,0.03458807168033589,0
0,0.6973081517634373,1
0,0.10511006797098557,0
0,0.5257717246093742,1
0,0.15518333841037016,0
0,0.0343879178284858,0
0,0.5100577776729244,1
0,0.9043160381955256,1
1,0.9884600349996822,1
1,0.8274621642237949,1
0,0.7541781801060544,1
0,0.0008886955484224161,0
0,0.14816672992360314,0
0,0.006944073045321863,0
0,0.4107368064886144,0
1,0.9181113131337532,1
1,0.3209029279045003,0
0,0.2858643351946902,0
1,0.8460855666757319,1
0,0.03689952159728664,0
0,0.0040547945439453085,0
0,0.047997485195967166,0
0,0.02215121580037166,0
0,0.006427076700597597,0
1,0.8931764326300773,1
1,0.8204001038286787,1
0,0.0932834170480552,0
0,0.4746330442637124,0
0,0.002104193721158103,0
0,0.26869400467937027,0
0,0.13122227501703787,0
0,0.0019410906274727002,0
0,0.2987548797152716,0
0,0.03074506594681792,0
0,0.2975060152269697,0
0,0.033738609846691726,0
0,0.007296974977656418,0
1,0.8935132723328477,1
1,0.7823203963825377,1
0,0.5439807361138835,1
0,0.0318856414050762,0
1,0.9980566023192042,1
0,0.002583233124940002,0
0,0.6438873043809088,1
0,0.6805822399899393,1
0,0.021851008115366673,0
0,0.009504621190079382,0
1,0.9431277356186157,1
0,0.01667391773998226,0
0,0.3228418862075288,0
0,0.3950208340550569,0
0,0.00807850369142709,0
0,0.020685309464897512,0
1,0.4423637757896699,0
0,0.8087367240236549,1
0,0.022667602646496785,0
1,0.8863886460147506,1
1,0.4458441471771321,0
0,0.08625442422747105,0
0,0.11233603217886103,0
0,0.40108951554554995,0
1,0.8882091458345606,1
0,0.04082438939514079,0
0,0.035062083018661795,0
0,0.564579590409106,1
0,0.1675941176597815,0
1,0.7735489938982102,1
0,0.39220615981822504,0
0,0.027183893507561622,0
1,0.9978763202113415,1
0,0.13361445684692622,0
0,0.2805959248882198,0
0,0.7715175119198164,1
0,0.0998673423571272,0
1,0.9985260504566497,1
0,0.0027328499271392394,0
0,0.14349102713667902,0
1,0.3291629939170577,0
0,0.8907328483052361,1
0,0.45148851815961294,0
0,0.019130283096468994,0
0,0.046154516334756424,0
1,0.7725015272019121,1
0,0.5527680722779128,1
0,0.2180328245421951,0
0,0.7440463993616993,1
0,0.09821356700373969,0
0,0.1374585821306308,0
1,0.9979933426497403,1
0,0.05980509851332484,0
0,0.02552899492236795,0
0,0.17647143453129052,0
1,0.7135865930828985,1
0,0.48824999982989375,0
0,0.014688853794989264,0
0,0.022066246495545127,0
0,0.014983792884514272,0
0,0.007950224367475311,0
0,0.004277477194920949,0
0,0.6262348936935811,1
0,0.3570662075920175,0
0,0.13629191770800195,0
1,0.8571369238082991,1
0,0.08061313634091363,0
0,0.045188854156592996,0
0,0.8499492877162235,1
0,0.2418711332830445,0
0,0.02342700648837739,0
0,0.16994664745788288,0
1,0.8576741802805979,1
0,0.017165365970004183,0
0,0.03385827155574233,0
0,0.7565207313988428,1
0,0.41809892434825646,0
0,0.5215799316463252,1
0,0.5950614551522948,1
0,0.8700727019488355,1
0,0.058604597895088366,0
0,0.016804585200503,0
0,0.002475081913100319,0
0,0.0028417816474323415,0
0,0.8277710214885576,1
1,0.9868233317282358,1
0,0.25054875754925693,0
1,0.9007709263324571,1
0,0.011545488050169127,0
0,0.0026877581291120914,0
0,0.16194473727532732,0
0,0.013013020367032158,0
0,0.6765406478542417,1
1,0.2957754930468698,0
0,0.025120723288180952,0
0,0.63397812518415,1
0,0.02499646329641494,0
0,0.11547054654599236,0
0,0.09503910120470234,0
0,0.01623514517473008,0
0,0.017041821067939878,0
1,0.9971249442948701,1
1,0.7546405874850481,1
0,0.5764445993103422,1
1,0.7880702850370198,1
0,0.00817838264006247,0
1,0.649841783971648,1
0,0.16589957066720668,0
0,0.0020782133640820004,0
0,0.08302145095735032,0
1,0.4816935629395748,0
1,0.6347737272813141,1
0,0.06786179657338456,0
0,0.6987148898867572,1
0,0.2263160066840293,0
0,0.5515200386453842,1
0,0.10046797080858397,0
0,0.2553378204489695,0
0,0.026774909680568282,0
0,0.6642621000265095,1
0,0.787325916487306,1
0,0.013915204068845126,0
1,0.9976238962369661,1
0,0.1766904516873742,0
1,0.9822037803625657,1
1,0.7702218613581517,1
1,0.8740798614904174,1
0,0.2991305040662861,0
1,0.856166712303788,1
0,0.07784990290225437,0
1,0.9983799816869053,1
0,0.056378117470587456,0
0,0.013332163482583578,0
0,0.003943253834569347,0
0,0.012376553804630867,0
1,0.21155861061117315,0
0,0.11295157290643282,0
0,0.17326113002825577,0
0,0.0031404019375122754,0
0,0.11945281918454782,0
1,0.9251969924541753,1
1,0.5351544568805018,1
0,0.013062382119824705,0
0,0.006807025569992677,0
1,0.8152655882967846,1
0,0.09413970801735261,0
0,0.6888682926289047,1
0,0.006228276476302952,0
0,0.08810088721987952,0
0,0.3987249151269394,0
0,0.046635699965117516,0
0,0.25505424884136096,0
0,0.006048111185028796,0
0,0.029485916643204848,0
0,0.36951643898379277,0
0,0.07719285947605241,0
0,0.007752345235409241,0
1,0.9987203935288294,1
0,0.049510236740149045,0
1,0.9992004865902483,1
1,0.49895218338784353,0
0,0.7681770545886729,1
0,0.18971263052231999,0
0,0.33490172500898485,0
0,0.0027500964880089076,0
0,0.0003266086291777031,0
0,0.6151822097734786,1
1,0.12294791481331468,0
0,0.03656985177785199,0
0,0.12093534832284257,0
1,0.9867526047019797,1
0,0.03047130907873384,0
0,0.001749245455203471,0
1,0.8851837458310055,1
0,0.5463914507099504,1
0,0.04364444960608306,0
0,0.366728945210016,0
1,0.40450416817830015,0
0,0.1823454263452174,0
0,0.4988476260984951,0
1,0.9900128488306434,1
1,0.9090441666627794,1
0,0.15532184292604645,0
0,0.024407769076229317,0
1,0.7863608343379577,1
0,0.18964330459641418,0
0,0.0009008849978503186,0
0,0.061245760808261565,0
1,0.20501048112086537,0
0,0.009052889777965882,0
0,0.05935698085058331,0
0,0.338434912175613,0
0,0.061060584760799265,0
0,0.8834176356976354,1
1,0.440162516490875,0
1,0.08930695211710023,0
0,0.0044073385997191895,0
0,0.855231404358429,1
0,0.010379920259777617,0
0,0.044272165534830064,0
0,0.012277830615288357,0
0,0.1317896760509335,0
0,0.008394514141200023,0
1,0.6084907277393445,1
1,0.9193417228221076,1
1,0.8176469550727515,1
0,0.24887748258597037,0
1,0.41281876850554483,0
1,0.8993455312707139,1
0,0.021675477636516154,0
0,0.06293252921596167,0
0,0.001168008187274627,0
1,0.6579428932900697,1
0,0.1341969168036348,0
1,0.996560796100743,1
0,0.051844514655629496,0
0,0.4415432762218313,0
0,0.052793673949424455,0
0,0.33161870716519215,0
0,0.6350534067176912,1
1,0.42153822204386193,0
0,0.774381502485258,1
0,0.0015391742384447686,0
0,0.4175525711487411,0
0,0.021111051123566073,0
0,0.8315689453683611,1
1,0.7069945858011026,1
0,0.131079288065374,0
0,0.06689422042060206,0
0,0.23130494289570616,0
0,0.0019805995719706085,0
0,0.0032517384411402885,0
0,0.3369051602329798,0
0,0.09491452820590622,0
1,0.5485413547632778,1
0,0.7934049101240014,1
0,0.37508724779803626,0
0,0.8986365739670078,1
0,0.17842154384521378,0
0,0.022763356694555096,0
0,0.11843729768941433,0
0,0.021954499693519963,0
0,0.12409507202962183,0
0,0.03636538231790996,0
0,0.02136550949214352,0
0,0.06571137282193644,0
1,0.7686005065218834,1
0,0.1872974622965052,0
0,0.6185781468591082,1
0,0.0017212837639308859,0
1,0.8886460862464107,1
0,0.5873803491346087,1
0,0.014152299878116103,0
1,0.8332498957080365,1
0,0.003323667669052715,0
0,0.000706702311734675,0
1,0.9094983948448735,1
1,0.7284598090463575,1
0,0.15443938946341762,0
1,0.6840787145465004,1
0,0.14562344923789539,0
0,0.025552980790263996,0
1,0.9880196364702327,1
0,0.00517855077931611,0
0,0.20891445345408044,0
0,0.011972997012682004,0
0,0.11485467569852179,0
1,0.24914292648776046,0
0,0.15379415584958123,0
0,0.618942914143598,1
0,0.0266417783461392,0
1,0.6990323397162214,1
0,0.014526999472517545,0
1,0.8968743006971253,1
0,0.2837350440729863,0
0,0.16067226341216634,0
0,0.22558215200063433,0
1,0.513773320677989,1
1,0.839611257495005,1
0,0.01126278629204184,0
1,0.5366395524574878,1
0,0.2951743156265992,0
0,0.04126206491559756,0
0,0.4983525930828084,0
0,0.14797970763167465,0
1,0.9969359105482755,1
1,0.5864010545598162,1
0,0.12083586361698954,0
1,0.9959545302306905,1
0,0.8367024712697495,1
0,0.0031524772131598126,0
1,0.1313601782264556,0
0,0.3931333850853197,0
0,0.6420583006237961,1
0,0.013752536814791624,0
0,0.6815710731930603,1
0,0.0017749607073174428,0
0,0.0457792436401482,0
0,0.5913280668891939,1
0,0.004087042618460423,0
0,0.010398404593024095,0
0,0.008279363468325637,0
1,0.8197847320375354,1
0,0.0037635805674601387,0
0,0.00835069323854275,0
0,0.7869761502688867,1
0,0.02113934607510309,0
0,0.0011649038798755144,0
0,0.6348500321189328,1
1,0.9890173181368492,1
0,0.0034431149468117906,0
1,0.8942380774823984,1
0,0.32944387520942325,0
1,0.37500015074393234,0
0,0.36725519710259225,0
0,0.24366283590468016,0
1,0.5904860366989148,1
1,0.6007506870798344,1
0,0.3666252622922201,0
0,0.010319859679261415,0
0,0.42165024755730646,0
0,0.37739947412882024,0
0,0.03867985497838035,0
1,0.7621441796379664,1
0,0.007195561910814986,0
1,0.5170347561112804,1
0,0.09179799084140797,0
1,0.9402556649017666,1
1,0.867781453411121,1
1,0.9957467972928677,1
1,0.2390790656662225,0
0,0.31755514642904004,0
0,0.0010268941477426332,0
0,0.1543432440787866,0
1,0.6629621046609842,1
0,0.013196139820862741,0
1,0.6182527878663184,1
0,0.05359071365499461,0
1,0.6663053789438129,1
0,0.013458184767203254,0
0,0.6598923224437043,1
0,0.23657965604994985,0
0,0.1429810526298642,0
1,0.9262917007773618,1
0,0.013199615369827928,0
1,0.8295281911321419,1
0,0.04447797285574203,0
0,0.1701888914538747,0
1,0.9363354877311335,1
0,0.23652130567724833,0
0,0.11861769140340947,0
0,0.003468616052116592,0
0,0.08756886710607203,0
0,0.6158272566191549,1
1,0.6346745124706697,1
0,0.5020627257719047,1
0,0.7462998418182281,1
0,0.062393364495301175,0
0,0.033827665678702754,0
0,0.01513593261664849,0
0,0.010459920440637555,0
0,0.022713785310186363,0
0,0.519338322408519,1
1,0.9975033411396544,1
0,0.043397103984768925,0
0,0.02339284019481669,0
0,0.2679742431890002,0
0,0.10353403144994942,0
0,0.7469568621285988,1
1,0.9986488004896955,1
1,0.9990936498522693,1
0,0.0830727601108245,0
1,0.9151110063934536,1
1,0.4261679559853549,0
1,0.911743440710056,1
0,0.7039814568821647,1
0,0.014678674803058733,0
0,0.001582109771032709,0
0,0.007635313907013957,0
0,0.015468398489605916,0
0,0.20822320741800704,0
0,0.021992681043364826,0
0,0.1716869096128259,0
0,0.6799866687715617,1
0,0.061097013357196535,0
0,0.05917498832253084,0
0,0.5133465099310842,1
0,0.00929949313462905,0
0,0.0022683245372393064,0
0,0.019198734217806948,0
0,0.22747363588182337,0
0,0.06697016593048906,0
0,0.023678748234394736,0
0,0.5189533739295289,1
0,0.4071500316328931,0
0,0.10434857462505646,0
0,0.04942303446293202,0
0,0.0007889218473750575,0
0,0.43718944639876806,0
0,0.0045509038205687295,0
0,0.5219995992619021,1
1,0.640430651627527,1
0,0.06881133321745798,0
0,0.03796360761882965,0
0,0.041225083350481244,0
0,0.41714583396551314,0
0,0.03572590275498643,0
0,0.002524978476893323,0
0,0.12850552992685357,0
1,0.9366596729246817,1
0,0.0007776601174655308,0
1,0.7821536516201695,1
1,0.9814569919946818,1
0,0.0077288788711853094,0
1,0.9872502664677205,1
0,0.1548215618259957,0
0,0.28819353096675077,0
0,0.32060790387611887,0
0,0.42609263979541784,0
0,0.6334331878076919,1
0,0.7176426582917902,1
0,0.007368369829874335,0
0,0.028564224867057342,0
0,0.6695422265431709,1
1,0.8893409948741894,1
0,0.011976599710020845,0
0,0.002445067865829111,0
0,0.3556721324261491,0
1,0.5286200512386922,1
0,0.033946728868740894,0
1,0.7497746491107641,1
0,0.3010181935017662,0
0,0.26289484122143014,0
0,0.10047395167271142,0
0,0.1263365136542045,0
0,0.026815227826455477,0
0,0.021140882153076957,0
0,0.183325479591683,0
0,0.2706454425772781,0
0,0.12813407277101152,0
1,0.9888000716544851,1
0,0.3661929081764522,0
0,0.030411229291331807,0
1,0.5952319490389186,1
0,0.36884460607971004,0
0,0.03318158668733733,0
0,0.3360900028300802,0
0,0.17341985350015607,0
1,0.455435118694729,0
0,0.8246434640052914,1
0,0.037011276347332714,0
0,0.5382568509154256,1
0,0.18624067528223343,0
0,0.19848984464716826,0
0,0.0028957938195204366,0
1,0.9180511245489562,1
0,0.03383147416116205,0
0,0.04078415573407689,0
0,0.31344150979371516,0
0,0.17208587629036953,0
0,0.3418788156142281,0
1,0.8288308671985529,1
0,0.2911760218695881,0
1,0.27294558357507254,0
0,0.10460553493073105,0
0,0.009492815227407025,0
1,0.8986677019163577,1
0,0.00438772484405165,0
0,0.2639381510110911,0
0,0.003975259786176193,0
0,0.1216689988084829,0
0,0.008721731283945287,0
0,0.26678954751890754,0
1,0.9793750886826711,1
1,0.9927573899838245,1
0,0.0027405877836810997,0
0,0.42586351347171875,0
0,0.9259869663137156,1
0,0.14532287340848277,0
0,0.0290857933498441,0
0,0.11822325402063735,0
0,0.11420249527244714,0
0,0.00383410145795596,0
1,0.9959818313097903,1
0,0.09264802853622264,0
0,0.5873893165178902,1
0,0.27381639546635833,0
0,0.04084802987276543,0
0,0.03265917853722448,0
0,0.8835192973540363,1
0,0.012490047540761781,0
0,0.0024825792675750307,0
0,0.05096764278729242,0
1,0.18947549159756558,0
0,0.8487327128072814,1
0,0.8522388616431057,1
1,0.7662514760177928,1
0,0.0033116532390979883,0
1,0.8411957663451293,1
0,0.013463058495066453,0
0,0.039976501263188274,0
0,0.2001733600930561,0
0,0.09563486625922246,0
0,0.25982474368702035,0
0,0.1270423435052251,0
0,0.16877310498340045,0
0,0.09332616906908407,0
0,0.10874040362254991,0
0,0.045643156334799935,0
0,0.20413223361292035,0
0,0.19429716443480707,0
0,0.01176430661686756,0
1,0.8049818958212809,1
1,0.6716627250126456,1
0,0.1189965032686527,0
1,0.9188939853128184,1
0,0.7804365680607369,1
0,0.058076745740888724,0
0,0.3126978921914656,0
0,0.5317971205661557,1
0,0.10620145806044205,0
0,0.2146358978274504,0
1,0.026525619938059627,0
0,0.10892974334233059,0
1,0.4321956055733508,0
0,0.01848937719139412,0
0,0.19670230044299905,0
0,0.0562080974323812,0
1,0.7212921857500932,1
0,0.001996078223708619,0
0,0.5926502572539759,1
1,0.9881823036681563,1
0,0.009420345818598035,0
0,0.6318507984692008,1
1,0.3391369100019561,0
0,0.1010508962837524,0
0,0.08912836551048288,0
0,0.008177202127038312,0
1,0.9957705044028919,1
1,0.7116728410893395,1
0,0.059821118515380606,0
0,0.21160733681745938,0
0,0.06443264477406384,0
0,0.028608861521495572,0
1,0.8254124981567648,1
0,0.924198268391654,1
1,0.984274726313018,1
1,0.9830117473454074,1
0,0.025413954567157764,0
0,0.0638914885990428,0
0,0.3963944996410816,0
0,0.6204285345028833,1
0,0.42212005599437885,0
1,0.9109539846791727,1
1,0.878052310556019,1
0,0.016069157288655544,0
0,0.010957541919466669,0
0,0.07476224988086363,0
1,0.43495386246225887,0
0,0.08762656203144914,0
0,0.061933935025215325,0
0,0.005487214980112409,0
1,0.9405968740696539,1
0,0.001696535337336651,0
0,0.012550926809966837,0
0,0.4645347597393244,0
1,0.8501145525991962,1
0,0.03744928244560713,0
0,0.3068417220146021,0
0,0.044191299387296296,0
1,0.702854742717262,1
0,0.7451246182017761,1
1,0.5792454832025918,1
0,0.6019510214411431,1
0,0.002128996798413639,0
0,0.06793226233228446,0
0,0.000962141985613755,0
0,0.03337829236097109,0
0,0.031219209291021024,0
0,0.007327260046610598,0
0,0.07496425681973394,0
1,0.9861443985959605,1
0,0.002697892347428736,0
0,0.08106800560117729,0
0,0.5343851904090384,1
1,0.8253701525458229,1
0,0.8598075202604338,1
0,0.0017593921432702087,0
1,0.9990962555126295,1
0,0.0008279028243346455,0
0,0.019015685601052063,0
0,0.6889680756401281,1
0,0.05922985706336498,0
0,0.005590433849740386,0
0,0.025903013839666676,0
0,0.8003984892716249,1
0,0.06882253826586786,0
0,0.019705241184608115,0
0,0.23971975594830633,0
0,0.09489766137243487,0
0,0.009363986973575822,0
0,0.5421502753070981,1
0,0.17855818085752212,0
0,0.017897738198939448,0
0,0.08024348684675735,0
0,0.03199405600278847,0
0,0.05066084279051589,0
0,0.01622033253850366,0
0,0.031300039177221656,0
1,0.9970707595998481,1
0,0.0017569633796618946,0
0,0.0092980350394391,0
0,0.018453655535353514,0
0,0.15632831907890696,0
0,0.01490633001759219,0
1,0.6839182294576133,1
1,0.9873517221316532,1
0,0.4421110998726027,0
1,0.6070761826906984,1
0,0.20045193891346827,0
0,0.005780184679509861,0
0,0.5314399217051229,1
0,0.17371490877990214,0
0,0.05343129681387265,0
1,0.9189018494279461,1
1,0.9876847111207672,1
1,0.5190098434132608,1
1,0.9847728042777657,1
0,0.3826349364107508,0
0,0.5368349413952188,1
0,0.10558515013899236,0
0,0.44830675514546947,0
0,0.005388120363243408,0
0,0.4725688954473048,0
1,0.799528778813613,1
0,0.03726008283325151,0
0,0.11515059768159128,0
0,0.26824405197659534,0
0,0.12926889153230064,0
0,0.0007440712522767064,0
1,0.9888975061494109,1
0,0.0009926517042235048,0
0,0.5809447677947243,1
0,0.24301183366806425,0
0,0.2570757076903781,0
0,0.5186821233075897,1
0,0.015492942187008842,0
0,0.12273820106687125,0
0,0.6165824979993183,1
1,0.5606100995972529,1
0,0.8357250919935129,1
0,0.036643622239797245,0
1,0.8201960550426649,1
0,0.3632442281865384,0
0,0.0009330445458288135,0
0,0.04076608998543187,0
0,0.007960576560056495,0
0,0.1562422538402443,0
0,0.05709984820861852,0
0,0.36082252947948357,0
0,0.026409244579708495,0
0,0.0927166651073654,0
1,0.9313326944389839,1
1,0.1505261278158549,0
0,0.0023021964510677962,0
0,0.06838506173952694,0
0,0.0013166086719736082,0
0,0.055670943627577484,0
1,0.939184991236756,1
0,0.029286795053993248,0
0,0.14019618888927804,0
0,0.8951970915520714,1
0,0.4071325085606176,0
0,0.07736313638082576,0
0,0.0835511277718282,0
0,0.2594306187807205,0
0,0.5720852211291843,1
0,0.5170959914568977,1
1,0.9976611937489791,1
0,0.14846048614538024,0
0,0.3801916384107121,0
1,0.8579000109255494,1
1,0.9875944638769071,1
0,0.06607385923136103,0
0,0.2996714750644526,0
0,0.02918066516388183,0
0,0.005665746516448625,0
0,0.08951858098377853,0
0,0.4511257420509285,0
1,0.4475659641834234,0
0,0.8738719647010813,1
0,0.324741313552626,0
0,0.0013722437667361249,0
1,0.645435059734336,1
0,0.045006135478557044,0
0,0.15213810930642874,0
0,0.001833129956996836,0
0,0.07233961252153684,0
1,0.9938340913141936,1
0,0.004411530432337762,0
1,0.3539368773279334,0
0,0.08569501914475489,0
0,0.10025073257057902,0
0,0.05068068289878327,0
0,0.5012603877888919,1
1,0.20763524457162072,0
0,0.631074303855469,1
0,0.9912388683136677,1
0,0.05866423302922457,0
0,0.300622623240828,0
0,0.09278688244552911,0
0,0.06441273682745742,0
0,0.7022084176609859,1
0,0.8132824882432896,1
0,0.5336551404893218,1
0,0.23741407551160515,0
0,0.01346721403767413,0
0,0.10102203082979844,0
0,0.5835783168834217,1
0,0.0427170818542874,0
0,0.051447638524416,0
1,0.6800489861911297,1
1,0.9973097010591422,1
0,0.014771012066728605,0
0,0.028895019520029208,0
1,0.17897546587643942,0
0,0.0029848890996629165,0
0,0.8924203985328386,1
0,0.07254050073077646,0
0,0.29271003045040583,0
0,0.3464921116361002,0
0,0.31125027918246057,0
0,0.03560158085078792,0
0,0.000394024868850203,0
1,0.7069914664151631,1
1,0.26907475790299556,0
0,0.018986960913940344,0
0,0.8655702065144206,1
1,0.880773822019182,1
0,0.4150991138220538,0
0,0.02639719105029991,0
0,0.1555085670128957,0
0,0.6259790320977937,1
0,0.034788567866353155,0
0,0.5900324657865117,1
0,0.02309967684925824,0
0,0.1619849614068955,0
0,0.18846142523859516,0
1,0.886216761375974,1
0,0.003518537783667583,0
1,0.8642787902543972,1
1,0.9434170673979615,1
0,0.8010632242140613,1
1,0.999183060726818,1
1,0.9986739943465058,1
0,0.04472130677451971,0
0,0.12253676524742614,0
1,0.9961943945301538,1
0,0.0013807208709746845,0
0,0.03982395500609697,0
0,0.039370508831882374,0
0,0.07098904239518336,0
0,0.07428775141872085,0
0,0.6464890606880104,1
0,0.17502938601905432,0
0,0.22582097742549942,0
1,0.03918537854310206,0
0,0.01571252650221259,0
0,0.4006350850013104,0
1,0.5013824173247041,1
1,0.9943592441716063,1
0,0.0021212678509929445,0
0,0.0026196478106110753,0
0,0.03433690872495886,0
0,0.461717574493718,0
0,0.040465192945358566,0
0,0.6232735700569901,1
0,0.0803541841377863,0
0,0.006650219174168087,0
0,0.02570459483954698,0
1,0.9910987439603272,1
1,0.2667449254139057,0
0,0.031133345916175684,0
0,0.6877647042804207,1
1,0.7445414129867164,1
1,0.8708305076579517,1
0,0.03551936426899171,0
0,0.1541674278584425,0
0,0.04867700882400392,0
0,0.039216782665521796,0
0,0.005063853571157105,0
1,0.9125806713519754,1
0,0.16631599416482395,0
0,0.3519485945636831,0
1,0.5928199894008579,1
1,0.848493422945256,1
0,0.0023672726556928226,0
1,0.8243901239823814,1
0,0.0011608843776417797,0
0,0.021294591571818504,0
0,0.011720263659029175,0
1,0.9039956758906278,1
0,0.06310612094276567,0
0,0.030339717766903345,0
0,0.08739269464659755,0
0,0.1669274786384539,0
0,0.019382538949700285,0
0,0.10489871841210376,0
0,0.8008599534832598,1
1,0.9897830790683118,1
0,0.0062157058998631425,0
0,0.16474929824446363,0
0,0.015126248395612888,0
0,0.23284174645211972,0
0,0.10882760094672123,0
0,0.8559176830231242,1
1,0.9880846833590397,1
0,0.21559603351381712,0
0,0.0036838156258907698,0
0,0.0016271974205402252,0
0,0.024580230611687258,0
0,0.541804997677107,1
0,0.07823834941343213,0
0,0.3504319689146345,0
0,0.0347920554469687,0
0,0.4043712892370205,0
0,0.35123590316410935,0
0,0.0012226609041228482,0
0,0.08170623783837416,0
0,0.6265553338965744,1
0,0.24260838025046313,0
0,0.028048509329970005,0
1,0.7447975212996553,1
1,0.9982405928107534,1
0,0.018784024632548055,0
0,0.39975061571542536,0
0,0.527554331281326,1
0,0.0744585017335245,0
0,0.015659929926888926,0
0,0.7389089588939545,1
1,0.30738629986136984,0
1,0.7495544045948086,1
0,0.656600880033947,1
1,0.8964766196766811,1
0,0.5888250073849786,1
0,0.2975209962077249,0
1,0.9885153267261009,1
0,0.3419005750676066,0
0,0.024389729568531162,0
1,0.8328008878999087,1
1,0.9985457174785988,1
1,0.5840796658347966,1
0,0.8737559561200815,1
0,0.8009717016110113,1
0,0.008812964520280502,0
0,0.0746557207083964,0
1,0.998694275515221,1
0,0.11342255843809991,0
1,0.5920734586690011,1
0,0.5381372449785384,1
0,0.0012898569319393178,0
0,0.19227633817267428,0
0,0.00047829028891131005,0
1,0.0737697823408574,0
1,0.9836959863791395,1
0,0.00122876333437681,0
0,0.03641721195425671,0
0,0.5426085570058903,1
1,0.8051406808819194,1
1,0.9018132958939514,1
1,0.649007491246592,1
0,0.039729432186676655,0
0,0.2808330442714867,0
0,0.22673131826915624,0
0,0.7967425879272038,1
0,0.03485781767727732,0
1,0.6260062688990299,1
0,0.658194209064851,1
1,0.9166445953327341,1
1,0.7260944770995084,1
0,0.4472928164041795,0
1,0.9108813555945353,1
1,0.9988192743401831,1
0,0.18717158826113559,0
0,0.6842186806208852,1
0,0.054454919208868684,0
0,0.22528817021329123,0
0,0.20909646358274034,0
1,0.8313889155565981,1
1,0.8928477185909462,1
0,0.7848155438705262,1
1,0.8056500407647175,1
0,0.04193822129459583,0
1,0.8825171534206535,1
0,0.023943906224487145,0
0,0.08678100220801094,0
0,0.7179646428663148,1
0,0.762236624824488,1
0,0.406638283772567,0
0,0.19874749856617044,0
0,0.49398677746490144,0
0,0.012833486413800452,0
0,0.30895823327831107,0
1,0.997570573192636,1
0,0.0007313737080043096,0
0,0.3310411767086566,0
0,0.023903277916219264,0
0,0.03477722158551643,0
0,0.0014013623098014067,0
0,0.6324076190894479,1
0,0.027570909064074226,0
0,0.03379679596600498,0
0,0.8685325474651274,1
1,0.9884413265721235,1
1,0.778391826746177,1
0,0.0019595870391474254,0
1,0.9983567581040376,1
0,0.22082004783092335,0
0,0.8297352047716505,1
0,0.01203270515753508,0
0,0.008680164044653195,0
0,0.0356219857008793,0
0,0.3442959341603804,0
1,0.990579669696285,1
0,0.5996735441469256,1
1,0.9992554825080662,1
0,0.6135836985705045,1
0,0.005270680203386004,0
1,0.6090976345335777,1
0,0.9188330641760523,1
1,0.8654832443471738,1
0,0.0013611180783467676,0
0,0.15154243834762468,0
0,0.3395489426593587,0
1,0.9206821481057244,1
0,0.05622188529579709,0
0,0.6446509846258667,1
0,0.052997754163715785,0
0,0.020653497484014596,0
0,0.0015093736739738497,0
0,0.0009928181570592165,0
0,0.05820686344909517,0
1,0.662787463306934,1
0,0.49987619401209615,0
1,0.9864484086699722,1
0,0.006100864609403737,0
0,0.058369589544521615,0
0,0.5426356095814406,1
0,0.14949269507941312,0
0,0.44485461883921956,0
0,0.0031382809956824187,0
1,0.6691814142234355,1
0,0.08603861746387892,0
0,0.10863284349551004,0
0,0.4171792280568147,0
0,0.017605857962255805,0
1,0.710325390723672,1
0,0.04744045537527668,0
0,0.011425457687139139,0
0,0.06774879563302035,0
0,0.031433442232890504,0
0,0.12365251059602614,0
0,0.027320761837708804,0
1,0.9834543708963153,1
0,0.8662559576619305,1
0,0.15830615313613491,0
1,0.8768536678130411,1
1,0.9896112536167687,1
0,0.5614724518934737,1
0,0.38860357545325785,0
0,0.40671706173696304,0
0,0.001486301417909302,0
0,0.11406410184966236,0
0,0.01618810622098828,0
1,0.9984120063120719,1
1,0.9984803319329684,1
0,0.19373082066934635,0
0,0.02732279606090818,0
0,0.14658601135085134,0
0,0.11884962992113499,0
0,0.8971492131852112,1
0,0.04924689960279149,0
0,0.5558585090344688,1
0,0.00924872016123147,0
0,0.04687528033322422,0
1,0.5060082726651883,1
0,0.03601477548830425,0
0,0.7705523260618455,1
0,0.13869140420442946,0
0,0.0029051149351050614,0
0,0.010690637677583843,0
0,0.01989793882153729,0
0,0.0007174646618503325,0
0,0.049504532651562606,0
0,0.019151454032118462,0
1,0.9982996380175008,1
0,0.0017144030086339698,0
0,0.0807913684332591,0
0,0.07666751954781222,0
0,0.21096355278244722,0
0,0.8268834564585502,1
0,0.6253837943451598,1
0,0.17105113472171846,0
0,0.46608901720043183,0
0,0.1871042582230913,0
0,0.0012460112516999749,0
0,0.18440124859605636,0
0,0.0329204603814773,0
0,0.02991625145408343,0
0,0.5441488118819356,1
1,0.22819492252423623,0
0,0.0045357610656571274,0
0,0.7269869583773766,1
1,0.4947498655160602,0
1,0.679860801934422,1
1,0.028754754280239738,0
0,0.001868742496912905,0
1,0.3099985576769211,0
0,0.06940628421365524,0
0,0.021271091653026902,0
0,0.7290490320749736,1
0,0.26051020724200463,0
0,0.03486090778994659,0
0,0.05728294517380569,0
0,0.01284821425949742,0
0,0.6264756505694227,1
1,0.9970691430712062,1
0,0.07915140114232515,0
1,0.130034670367386,0
0,0.15085458028511112,0
1,0.8996974993253006,1
0,0.45160176460579954,0
0,0.016477214970451667,0
0,0.014741955006856409,0
1,0.9982380531927314,1
0,0.0011179883416241982,0
0,0.6966656502136556,1
0,0.0028695516316489663,0
0,0.10612578474327772,0
0,0.03895712025785479,0
1,0.1329847485635701,0
0,0.6312230536405182,1
0,0.9411711300744479,1
0,0.016280513328767274,0
0,0.7401261287199062,1
0,0.011867866931711529,0
0,0.6617552715838214,1
0,0.3626288425906812,0
1,0.9968611436533658,1
1,0.7012420834290806,1
0,0.001986159156826819,0
1,0.08538919104582321,0
0,0.028268688355513834,0
0,0.04605871744862793,0
0,0.0560386000347803,0
0,0.008229031051451023,0
0,0.017688023243632448,0
0,0.6901827070738464,1
0,0.010975220726007207,0
1,0.9982367408707511,1
0,0.7622141691268268,1
0,0.6761631136328619,1
1,0.9410901192679418,1
0,0.022107031061833506,0
0,0.055725764979286156,0
0,0.16643246501325437,0
0,0.4129308734274293,0
0,0.8707834813135514,1
0,0.03439671776714942,0
0,0.12246471793071338,0
0,0.002577183328716275,0
0,0.08921577718176087,0
0,0.011022757055486034,0
0,0.24865732814423344,0
0,0.005503677675710265,0
1,0.9027562443340029,1
1,0.9356838246546565,1
1,0.5185545270660711,1
0,0.056559413156429594,0
0,0.036232405425872825,0
0,0.030224006711318318,0
0,0.913670744396119,1
0,0.8517162496965599,1
0,0.35928704052227617,0
0,0.7841524940121706,1
1,0.8576089774040242,1
0,0.37557163054207915,0
0,0.500081691075153,1
0,0.525625534504284,1
0,0.25168276747428897,0
1,0.8193415820613272,1
0,0.12491098026771306,0
1,0.9938096962258415,1
1,0.9513589376903041,1
0,0.02268240272864045,0
1,0.8537814651793946,1
1,0.6192269615420226,1
0,0.577153472233673,1
0,0.008533957116785387,0
0,0.008157537266862792,0
0,0.437850318780355,0
0,0.026570555039475467,0
0,0.7491976679943101,1
1,0.9836237163742896,1
0,0.02333262886172722,0
0,0.599793220981409,1
0,0.1390247425541958,0
0,0.005607824332724047,0
0,0.0004865999996013115,0
0,0.11013043408484743,0
0,0.9085076710365002,1
0,0.20169276686967144,0
1,0.9599756380011149,1
0,0.7852592157173424,1
1,0.6173343190787456,1
0,0.6745247707350979,1
0,0.8997090374217535,1
1,0.42815707410012044,0
1,0.9983457070852615,1
0,0.30554286239904127,0
0,0.14367834068326024,0
0,0.4701994374091176,0
1,0.99874401777171,1
1,0.8384959187472216,1
0,0.03160539410293121,0
0,0.4618496298133351,0
0,0.7109710776731168,1
1,0.8772128703404879,1
0,0.0842551216228561,0
0,0.7223676830641209,1
0,0.08635777268032722,0
0,0.029639562607346192,0
0,0.08708927479216703,0
1,0.9957720797621771,1
0,0.05318480991450134,0
0,0.22783199845516194,0
0,0.17589203038465367,0
1,0.7676293087037526,1
1,0.572765542472474,1
1,0.3409225866502282,0
0,0.46794972209130303,0
1,0.8396668906611255,1
0,0.0038679306018218527,0
0,0.30404776969594727,0
1,0.7469177686933021,1
1,0.9251056382381722,1
0,0.39055364257297054,0
0,0.16318748699038374,0
1,0.998998966242768,1
0,0.3382405810309857,0
0,0.264687290911467,0
0,0.0064507976465377455,0
0,0.8557043580732807,1
0,0.1477270609283792,0
0,0.058398440422946216,0
0,0.13706230094699567,0
0,0.1278805817174592,0
0,0.23938514269697606,0
1,0.9084333072059532,1
0,0.13697655678585755,0
0,0.01673807835125842,0
0,0.2672983078257859,0
0,0.01239923234555648,0
0,0.0020033265670918537,0
0,0.05681579210202815,0
0,0.01306000284959511,0
0,0.0020474674328987796,0
1,0.8906269559921597,1
1,0.7528828806283465,1
1,0.8930415435979723,1
0,0.002890561782593668,0
0,0.01056828143722434,0
0,0.006035191044025409,0
0,0.015525492028959125,0
0,0.367718581027967,0
0,0.34361766500159047,0
1,0.8859472463897742,1
0,0.4352176094932027,0
0,0.3561783138734727,0
0,0.7363101742783533,1
0,0.01345313001476435,0
1,0.9930841259935961,1
0,0.062054073957388385,0
0,0.15325564314532653,0
1,0.35190113640795717,0
0,0.6724199452643642,1
0,0.5374706251585718,1
1,0.6471164311778531,1
0,0.1876283971370351,0
0,0.0954337703061321,0
0,0.08210674708974246,0
0,0.8701813923327345,1
0,0.18117140562429182,0
0,0.012316550926849062,0
1,0.9397733980815746,1
0,0.1321681185105874,0
0,0.10220495727357146,0
0,0.8463236113001693,1
0,0.10173539675912538,0
0,0.05294163456570513,0
0,0.1822310677217989,0
0,0.0013012412051546058,0
1,0.8745626853056976,1
1,0.4327610282846939,0
1,0.42675267861858435,0
0,0.3442350736401274,0
0,0.0005068590734694878,0
0,0.3367997001026463,0
1,0.8873864451222195,1
1,0.9971004412271566,1
1,0.7888505755191049,1
0,0.024739412434482414,0
0,0.10529436110596217,0
1,0.9977770967995777,1
1,0.9970773880742815,1
0,0.2871721432059237,0
0,0.0003668398850084333,0
0,0.32808994726499413,0
1,0.9720564213641597,1
0,0.04549588274793315,0
0,0.5797749923619984,1
0,0.04928187145210771,0
0,0.6188320364599104,1
0,0.1274276393848277,0
0,0.05729019972849341,0
0,0.044517294750867645,0
0,0.038933986466203684,0
0,0.04517284507913949,0
0,0.0008804626861731518,0
0,0.6456833062871712,1
1,0.7958439239804831,1
0,0.013698286312418484,0
0,0.1791782143339108,0
0,0.15284232526069363,0
0,0.04321980900533762,0
1,0.8730050110300314,1
0,0.001732933119767742,0
0,0.0034260430892677136,0
0,0.559867963523435,1
0,0.022635292916564107,0
0,0.06634739890638099,0
0,0.03746200990090638,0
0,0.043561047388533856,0
0,0.10980438973418429,0
0,0.027058666935248936,0
0,0.05421650862549518,0
0,0.19666086975996186,0
0,0.07364638539141581,0
0,0.8048405001808762,1
0,0.007362724610895851,0
1,0.8414631328134117,1
1,0.8995034369979459,1
0,0.023520568766680634,0
0,0.26059106562929396,0
0,0.5892736390054266,1
0,0.08005305032711832,0
0,0.05643453479511975,0
1,0.9096977293201796,1
0,0.5982815596369897,1
0,0.05321044579662349,0
0,0.2561314516525471,0
1,0.5685802827951104,1
0,0.13796232842414555,0
0,0.0467379084325224,0
0,0.005725937859304835,0
1,0.7076330273607389,1
0,0.01809398920414933,0
1,0.06959713260053538,0
0,0.01362544444723537,0
0,0.0534375257713525,0
0,0.009420476274327955,0
0,0.019256971888065615,0
1,0.9959829138818433,1
0,0.13784954932187946,0
0,0.003457293894400282,0
0,0.0020881697527474425,0
0,0.24299999181363457,0
0,0.08940640796895676,0
0,0.0012934030926101978,0
1,0.9990768783632388,1
0,0.5495852391411634,1
0,0.022172342249207472,0
0,0.0679017322995945,0
0,0.0025118813538453247,0
0,0.04052192079934986,0
0,0.006414876972240385,0
0,0.762402273072344,1
0,0.004535770723404007,0
0,0.17919011662171894,0
0,0.08020467679387301,0
0,0.3975527483911777,0
0,0.1332104228074904,0
0,0.014735667939036245,0
0,0.37162735370691835,0
0,0.7460784972282648,1
0,0.013027270168861701,0
0,0.002322940993459392,0
0,0.3387628559852295,0
0,0.0027349374949839898,0
1,0.4287723283657108,0
0,0.5996980870185603,1
1,0.6895365330307116,1
0,0.2970217010207213,0
0,0.004799085793087119,0
0,0.08193606254598212,0
1,0.9277849315475158,1
0,0.09807601493938892,0
1,0.40010561606411166,0
1,0.8806602075179375,1
0,0.514268681407203,1
0,0.6017390828853826,1
0,0.7413048813966027,1
0,0.03369156284013961,0
0,0.08168877478445923,0
0,0.12957141193334848,0
0,0.24424345354068686,0
1,0.94187309284485,1
0,0.0035105711911062173,0
1,0.9123806457287624,1
0,0.08782377551304943,0
1,0.813074939334291,1
0,0.3058252475742063,0
0,0.008190297061120703,0
1,0.8979019003188404,1
0,0.2649139895972183,0
0,0.001469614027748747,0
0,0.028569026167767683,0
1,0.9258375082319109,1
0,0.813299630337584,1
0,0.021721880269041594,0
0,0.07190192881946951,0
1,0.9029759901406459,1
0,0.05721997993357917,0
0,0.04681023649146343,0
1,0.9988330041061017,1
0,0.7172879218696409,1
1,0.9823869353785526,1
0,0.030099563606992424,0
0,0.13441604567432738,0
0,0.0012736822536752773,0
0,0.016658947637933824,0
0,0.0063370856454907105,0
0,0.05223308169636016,0
0,0.06044070304472257,0
0,0.025792086424573632,0
1,0.8814243136552333,1
0,0.007778135463579186,0
0,0.01775768021879529,0
0,0.0019026446901653402,0
0,0.024168892347889315,0
0,0.07105308489882524,0
1,0.9062905662678183,1
0,0.280813254505049,0
0,0.15282621372999397,0
1,0.38757429159942525,0
0,0.6142008571740857,1
0,0.14700517397546903,0
0,0.27443313477568654,0
0,0.423809516014294,0
0,0.1249614064035465,0
1,0.07178972246092936,0
1,0.7769719250663688,1
1,0.9966877360796604,1
0,0.02593897217457281,0
0,0.681743001759821,1
0,0.03460460403742592,0
0,0.6075864023317108,1
0,0.4004584440164835,0
0,0.003094971765429476,0
0,0.0010260906673297927,0
1,0.6877755463215841,1
1,0.9977020910354207,1
0,0.07890828538865131,0
0,0.007608428027589879,0
0,0.029187153110053588,0
0,0.39255188446344874,0
0,0.6557698431328712,1
1,0.8142734429252524,1
0,0.28967383977699546,0
0,0.3130786526113241,0
0,0.002042377478012583,0
0,0.030645104400479458,0
0,0.0044793789596457925,0
0,0.001956007067043436,0
0,0.26084916492271315,0
0,0.8464463095085114,1
0,0.5215489074391446,1
0,0.008887550211054102,0
0,0.032282489155089675,0
0,0.0028032162221779677,0
0,0.005136179248507332,0
1,0.7608634353124399,1
0,0.07446857598853383,0
0,0.03704085443706092,0
0,0.9210627181423526,1
0,0.2087885488292945,0
1,0.839466710021774,1
0,0.5056070474956148,1
0,0.002364769215218416,0
1,0.6170161318912747,1
0,0.01676640821459229,0
0,0.0020838909133263387,0
0,0.4760956634082491,0
0,0.01784761604428834,0
0,0.009032999450153283,0
0,0.2737316403866991,0
0,0.13191147873043188,0
1,0.9857623266429936,1
0,0.13783216274182888,0
0,0.49620219248695313,0
0,0.2167362229640144,0
0,0.013876771207312205,0
1,0.6318806319910415,1
0,0.024542627752681036,0
1,0.8003436898871641,1
0,0.37724745258937,0
1,0.46523356930642834,0
0,0.03514587800688975,0
0,0.33688542127447085,0
1,0.6584639218453091,1
0,0.13822206932693581,0
0,0.005226834043096702,0
0,0.03398228504373363,0
0,0.3348278304953154,0
1,0.9284320085418771,1
0,0.12564724565745744,0
0,0.8803966388192707,1
0,0.004512924221199212,0
0,0.13558546051599057,0
0,0.6292801433416522,1
0,0.010554740608475308,0
1,0.9976555219257803,1
0,0.17090996726473162,0
1,0.875275328840169,1
0,0.00886467520552562,0
0,0.5291663247613415,1
1,0.8329437498636504,1
1,0.9266224515405865,1
0,0.8610548653947847,1
0,0.010809592657379788,0
0,0.001836439162596266,0
0,0.6175502492172305,1
0,0.21572972267271776,0
0,0.002840503923287461,0
0,0.025262393640598388,0
0,0.6012880688642654,1
0,0.00760162964589681,0
0,0.4794246899783167,0
0,0.008416033004370408,0
0,0.4722010799022968,0
0,0.04936408294232887,0
1,0.9904026091310846,1
1,0.9984994245673576,1
0,0.019684700596074876,0
0,0.029837017431487266,0
1,0.7669140781870447,1
0,0.0015391768495300363,0
0,0.05232423682675332,0
1,0.9993013939540982,1
1,0.9025145756597708,1
0,0.00397388976910577,0
0,0.8787826155195032,1
0,0.01853884248364939,0
0,0.018852063202265016,0
0,0.001096775851300664,0
0,0.003763349511888715,0
0,0.039669807939028835,0
0,0.07710845925766376,0
0,0.748834100660399,1
0,0.7156404466896209,1
0,0.016576359383105744,0
0,0.7301075850640757,1
0,0.009041405318881382,0
1,0.9628886580806421,1
0,0.0009615628239520097,0
0,0.9434547895451841,1
0,0.009438582425492836,0
0,0.0009615628239520097,0
1,0.8644856100548508,1
0,0.06731493937264789,0
0,0.01640341545244718,0
0,0.004796658893106477,0
0,0.4579679736741208,0
1,0.8301668181619384,1
0,0.12359147951888833,0
1,0.3269861413040676,0
0,0.14863020848193334,0
0,0.051076336317078294,0
0,0.12174778440182901,0
0,0.8189590981106036,1
0,0.20464582398874245,0
0,0.9109651597404606,1
0,0.008074612066004584,0
0,0.0052343747741827274,0
0,0.026760861440057723,0
0,0.03180915845599784,0
1,0.9972875577522107,1
0,0.4404422638372274,0
0,0.7624425997613536,1
0,0.002167957045507947,0
0,0.020294452503699573,0
1,0.5330584110793272,1
1,0.952059861578929,1
0,0.05313009468999761,0
1,0.9898384695728331,1
0,0.360811665598353,0
0,0.13817867131412193,0
0,0.5957991017916624,1
0,0.088922091041753,0
0,0.03674330528321493,0
1,0.9984994245673576,1
1,0.33923154678625933,0
0,0.475808509998051,0
0,0.000994331847045494,0
1,0.9089438270704072,1
1,0.8648152036715911,1
0,0.004112494170603034,0
0,0.009443292372751586,0
0,0.03625952879597417,0
0,0.006897068794052332,0
0,0.22442567543711253,0
0,0.8049130528262227,1
0,0.009720802456674936,0
1,0.8550909289191643,1
0,0.04166529685392637,0
1,0.7784868370099185,1
1,0.8900530951937999,1
1,0.9960590816739673,1
0,0.0401044130527078,0
0,0.1352066306655353,0
0,0.6608621139296776,1
0,0.18837056098282465,0
0,0.042336559396254296,0
0,0.02400389405193696,0
0,0.7992894761461828,1
0,0.2295946396715375,0
0,0.4131122516444685,0
1,0.3025157189625331,0
0,0.03421105844214084,0
0,0.35752643806413315,0
0,0.006689153665343377,0
0,0.4722989761733715,0
0,0.19170866313374096,0
0,0.31167264237422243,0
0,0.03361595549966353,0
0,0.44389561897654367,0
0,0.028528101610803127,0
0,0.590824961111332,1
0,0.31857571744650365,0
0,0.5475462967991326,1
0,0.05213911406775673,0
0,0.12666786359115215,0
0,0.7200174951254646,1
0,0.0016956426925310217,0
0,0.16356267699777038,0
1,0.6493810648617658,1
0,0.06144522083766724,0
0,0.1129965923406198,0
1,0.9567634523951645,1
0,0.2567621733994427,0
0,0.05622330420066177,0
0,0.015049652117089522,0
0,0.6951921580761024,1
0,0.006426210384265324,0
0,0.21538849125951495,0
1,0.7617585466934981,1
1,0.6343317175007683,1
0,0.0011744168060971684,0
0,0.0804725645934557,0
1,0.8887019210094189,1
0,0.7019059812517184,1
0,0.011735438319879806,0
0,0.13688217679848685,0
1,0.8970709023282503,1
1,0.49606000582036597,0
1,0.23718817784665513,0
0,0.0010959473122233547,0
0,0.01617228968930165,0
1,0.055689193703718304,0
1,0.8550066737476254,1
0,0.021188555803892343,0
1,0.9949692933908669,1
0,0.0007332529944638019,0
1,0.9961874494083147,1
0,0.5011097524168783,1
0,0.06842628712830615,0
0,0.17887119817838118,0
0,0.014719522418177837,0
0,0.07332334911587907,0
0,0.11068731848234896,0
0,0.34570527250125327,0
0,0.14769606203151353,0
0,0.057401281174266315,0
1,0.8440417043543164,1
0,0.3631244533203451,0
0,0.4533728740691164,0
0,0.48145190263503784,0
0,0.001915590337772496,0
1,0.6532231839645962,1
0,0.4120494554371233,0
0,0.04933805566978771,0
0,0.7311342007720836,1
0,0.07097739584973448,0
1,0.9413669714151014,1
0,0.040386013825694546,0
0,0.17155492022037241,0
1,0.9970283084514874,1
1,0.9450346887573251,1
1,0.47475783689037954,0
1,0.9974329781683371,1
1,0.8193395513855759,1
0,0.0007775805273848612,0
1,0.06080266786725026,0
0,0.06966779417006545,0
1,0.7253103587451023,1
0,0.2148055158963591,0
0,0.2569741236290556,0
0,0.30135654099059733,0
1,0.5771799762692544,1
0,0.0010390634063294222,0
1,0.6262908372439523,1
0,0.01053905825293198,0
0,0.05418257898208585,0
0,0.7403151728265527,1
0,0.32111352431424434,0
0,0.0230508096917545,0
0,0.7523564770537821,1
0,0.21347690423463805,0
1,0.9897946590767461,1
0,0.6260123787677778,1
0,0.007119627760600375,0
0,0.6551634661677174,1
0,0.7424806238852069,1
0,0.2639636269424568,0
1,0.527632786596892,1
0,0.09214688585046861,0
1,0.56485027400016,1
0,0.02204478250106615,0
0,0.05158711286491051,0
0,0.05932937834097088,0
1,0.9818002531549946,1
0,0.001928802331052275,0
0,0.03173945655944591,0
0,0.0019008865854893194,0
1,0.522208363999191,1
0,0.08098262193499678,0
0,0.15818209043840134,0
0,0.0037728123515115776,0
0,0.33602036080525943,0
1,0.9977178139009625,1
0,0.03134028106707302,0
0,0.35350786759868025,0
1,0.8653357461805641,1
0,0.09435297518357216,0
1,0.9926473264350699,1
0,0.12133623606376691,0
0,0.28525184269863363,0
0,0.0861242735927895,0
0,0.8323585093942149,1
0,0.16269428890718096,0
0,0.02075161640681842,0
0,0.28008987904786814,0
0,0.7976807990022613,1
0,0.048507307345138063,0
0,0.4736867944506515,0
0,0.1518216316265462,0
0,0.000872434138086242,0
0,0.001970650832853751,0
1,0.8947049904048728,1
0,0.8566462215096354,1
0,0.5437626510424272,1
1,0.9975930237460432,1
0,0.06595330703336238,0
0,0.06150905042664267,0
0,0.02827599653948894,0
0,0.08010906584819061,0
1,0.5532984405384794,1
0,0.18500123001651594,0
0,0.037164428608356705,0
0,0.012815013441324017,0
0,0.8335026837089807,1
1,0.7644631028657517,1
1,0.7743842309024901,1
1,0.9986553749378675,1
0,0.002848750092888101,0
0,0.3003319495087141,0
0,0.8486035202067904,1
0,0.5854803939351985,1
1,0.9889422391915046,1
0,0.0035689376807088065,0
0,0.0612938375621161,0
0,0.2959272023394162,0
0,0.07573157933369568,0
0,0.39212479963054425,0
0,0.6264238430228616,1
0,0.05825797746960819,0
0,0.3880904850808049,0
0,0.003826269811073362,0
1,0.8308687369819067,1
1,0.5813759899202775,1
0,0.0038147546534726177,0
0,0.67132644605905,1
1,0.8970334272580699,1
0,0.4498773865550532,0
1,0.9973248816481218,1
0,0.12550516158990938,0
1,0.9984175733519637,1
0,0.28616830388897024,0
1,0.9147161069154818,1
0,0.46724425522646207,0
0,0.6970104689527086,1
0,0.008783122490238611,0
1,0.5866541242369968,1
0,0.32275062309206776,0
0,0.014127435380368987,0
1,0.2349630104381133,0
0,0.05695295927729166,0
0,0.003456920418300988,0
0,0.04457987600344451,0
0,0.012336426410945012,0
0,0.5506955894955776,1
0,0.5829668253223333,1
1,0.9971826825836018,1
1,0.8734085852372149,1
0,0.0007471094779303891,0
1,0.8463584256638031,1
0,0.03777610857360728,0
0,0.00657554779615963,0
1,0.48856617360498833,0
0,0.06598321940894562,0
1,0.7114754133276582,1
0,0.021719327311364674,0
0,0.008410888380538505,0
0,0.6455100325697172,1
1,0.6693058067563638,1
0,0.08033534410403834,0
0,0.8933617541360491,1
1,0.5748376364709158,1
0,0.8827068649218385,1
0,0.44747755537581924,0
0,0.7446698097667651,1
1,0.5427263375443955,1
0,0.23250700908750632,0
1,0.7554727699964132,1
0,0.7890482387774472,1
0,0.0064522162196735,0
0,0.002178126952294316,0
0,0.5434654495848847,1
1,0.4777732536263957,0
0,0.0008277172674724574,0
0,0.024818264328462153,0
0,0.01633489443956391,0
0,0.02946156519397613,0
0,0.6891134245902945,1
1,0.9911520168624489,1
0,0.16784636796122418,0
0,0.5647474945323538,1
1,0.1922846070333925,0
0,0.10538448707543503,0
0,0.051603673588255905,0
0,0.04272695646934096,0
0,0.1786526545328754,0
0,0.008534180839723958,0
0,0.6816942961098463,1
1,0.22037162317846917,0
1,0.464777969610904,0
0,0.059709394686080754,0
0,0.00218321194242052,0
0,0.5309446450388398,1
1,0.599700249748354,1
1,0.8488873667450053,1
0,0.33970513765849736,0
0,0.04209861445858902,0
1,0.713800720051325,1
0,0.003974183594708631,0
0,0.8462662520457285,1
0,0.6338889372884903,1
0,0.04272247921408229,0
0,0.7081602039341051,1
0,0.0031026995067960205,0
0,0.7338530093632915,1
0,0.6025439269611539,1
0,0.03699681363186373,0
1,0.9259895070580709,1
0,0.00530123332510847,0
0,0.0014010428513460535,0
0,0.01725358080223071,0
0,0.43094563607318875,0
0,0.0009634939461195983,0
0,0.024094947775826617,0
1,0.9472030368511186,1
0,0.0016862410930990463,0
1,0.8895483122740816,1
0,0.0045346728912168946,0
0,0.06832916621017296,0
1,0.9642487697887253,1
0,0.8281633706899867,1
1,0.8612332226245076,1
0,0.0410257660089682,0
0,0.37166683365364367,0
0,0.4370889314431632,0
1,0.9090141725270733,1
0,0.058697517941838806,0
0,0.08617749026138263,0
0,0.7850296684290061,1
0,0.5929906423025444,1
0,0.37314866925426593,0
0,0.03425252906239199,0
0,0.017262860385394607,0
0,0.35355486907262773,0
1,0.9779548801709977,1
0,0.025542709936182448,0
0,0.02215891087360168,0
0,0.010219459554903665,0
0,0.07692843055851425,0
0,0.021034603694145025,0
0,0.11570027031429174,0
1,0.5796794168306519,1
1,0.9971537440810292,1
0,0.27079687049528783,0
0,0.2954396345506145,0
0,0.0015881226050277707,0
1,0.9453379048816525,1
0,0.016098780050062482,0
0,0.7543049379693904,1
1,0.2718443487111864,0
0,0.09233225779224086,0
1,0.8853493802222561,1
0,0.07643185951190423,0
0,0.032470701703247076,0
0,0.3604217311608235,0
1,0.9983663451559528,1
0,0.27195080749345646,0
0,0.48732683309187674,0
0,0.3242419822266435,0
1,0.9980053847984388,1
0,0.14669832406232408,0
0,0.027176390059727194,0
0,0.7138619436912078,1
0,0.07856623638768911,0
0,0.02301073058405466,0
1,0.6151982072338303,1
0,0.06589476584675207,0
1,0.0397792382705515,0
0,0.04871945824870441,0
0,0.5559162928595434,1
0,0.00414542772039505,0
0,0.029200330941996266,0
0,0.025470300489481252,0
1,0.6478483640066864,1
0,0.2114863541517539,0
0,0.0012026702809639354,0
0,0.06395502050213259,0
1,0.8212047438043939,1
0,0.037272178428820725,0
0,0.946416395437193,1
1,0.09960413658328436,0
0,0.25990131413748946,0
0,0.21642594106902363,0
1,0.7662848567186316,1
0,0.08990880499014753,0
0,0.4106576882193801,0
0,0.005068842694812937,0
0,0.41530076278019157,0
1,0.50839839385028,1
0,0.5713938553227927,1
0,0.0029487728791803844,0
0,0.4498655235911599,0
0,0.6301056873994065,1
0,0.0019919895417265425,0
0,0.013731442366595285,0
1,0.85223605218355,1
0,0.08936401702403984,0
0,0.02964886228228451,0
1,0.7393633047229698,1
0,0.010598734204852633,0
0,0.8960133180363753,1
0,0.8000112649264984,1
0,0.30674883858774066,0
1,0.8058002512719452,1
0,0.5277807139644561,1
1,0.9323600532446157,1
1,0.4862191903738355,0
0,0.7270888003159917,1
0,0.6785988474957189,1
1,0.6344931562145932,1
0,0.011901708575623018,0
0,0.10953465962727063,0
0,0.0018013990339781948,0
1,0.7797890483217049,1
0,0.8926802368036981,1
0,0.0010884486839864514,0
1,0.7246304690068609,1
0,0.12170076179316709,0
0,0.801441205568806,1
0,0.7099522689574537,1
0,0.093417550829184,0
1,0.7560979626173934,1
0,0.02253984350204123,0
0,0.05673958885952318,0
0,0.05756252402724349,0
0,0.010179071168624173,0
1,0.8969079042156924,1
1,0.9452639654627335,1
1,0.6149664620988085,1
1,0.7908636859367492,1
0,0.4063043005989898,0
1,0.9732407470195391,1
0,0.7786391900419811,1
0,0.04529097676837528,0
0,0.6985871867686089,1
1,0.9899260422527364,1
1,0.9435877653810363,1
0,0.26699264747924045,0
1,0.8993530164379396,1
0,0.622567171963961,1
1,0.8863843168358786,1
0,0.04354450946832471,0
1,0.8090563604757306,1
0,0.0862804467374828,0
0,0.1381268050502127,0
1,0.37030967670012566,0
1,0.5005475661941363,1
0,0.42432613009032705,0
1,0.8845383661866051,1
1,0.8789105442191028,1
1,0.25736009156032036,0
0,0.07815369913767815,0
0,0.69678030357109,1
0,0.022293975828952654,0
0,0.593014833155871,1
0,0.0015340570717618858,0
0,0.02506075240184617,0
0,0.46130168354007745,0
0,0.08111249367407633,0
0,0.11363663886200683,0
1,0.29167171445485673,0
0,0.39464325961521224,0
0,0.2957939848222925,0
0,0.0438690398325197,0
0,0.004170301707187989,0
1,0.9924279279723929,1
0,0.009687865497139913,0
0,0.5366503420386561,1
0,0.10250824533236204,0
0,0.026122419127553035,0
1,0.7107505094758017,1
0,0.6756669529394335,1
1,0.49051921801577925,0
0,0.14265410782203466,0
1,0.8465075998964677,1
0,0.6702973713362548,1
0,0.3656994001254482,0
0,0.007701870107408847,0
1,0.9481396814895221,1
0,0.47011908501020655,0
1,0.892805596632042,1
0,0.004779814840430777,0
1,0.9930185027655325,1
0,0.0030581002838883102,0
0,0.23281842796494584,0
0,0.009349753518802847,0
1,0.9969312130493275,1
0,0.2613824200715721,0
0,0.04936794506559563,0
0,0.018702316793822848,0
0,0.03413000407682252,0
0,0.06254997209311344,0
0,0.1810750887776264,0
0,0.00860367201949975,0
0,0.06603514737460667,0
0,0.11776627514639622,0
1,0.9331677187021986,1
0,0.05081198319503148,0
0,0.0025451006371758067,0
0,0.0010556742581678295,0
1,0.9976154685140829,1
0,0.0008917347880205721,0
0,0.09738756612520391,0
0,0.01656350240813388,0
1,0.35651456707242485,0
1,0.6825887010196371,1
0,0.009366664357983083,0
0,0.0747908852233747,0
0,0.015328623592313063,0
0,0.9262523251335757,1
1,0.273480317466179,0
0,0.015563218967128725,0
0,0.6241548897901764,1
0,0.3975790980233521,0
0,0.7657763218571676,1
0,0.023679937387130024,0
0,0.10716022048059556,0
0,0.12979062530918448,0
1,0.8198556652928904,1
0,0.0027337698882717726,0
0,0.3074212323145215,0
0,0.38806137171303945,0
0,0.002082256604072047,0
0,0.7200265968837304,1
0,0.07536490472762812,0
0,0.11530473303414568,0
0,0.8008187999945241,1
0,0.023146034310152584,0
0,0.025183965781206283,0
1,0.9961107873053952,1
0,0.23482678033268953,0
0,0.030283772797833133,0
1,0.05752951577557409,0
1,0.678762072116348,1
1,0.9971578224132012,1
0,0.4113612537755981,0
0,0.8313262830163006,1
1,0.9106135358975846,1
0,0.7245845574088285,1
0,0.3909283046669202,0
0,0.052008455988221375,0
0,0.0231760342373306,0
1,0.5304340534697934,1
1,0.37147684831038497,0
0,0.2825439145330864,0
0,0.006409815946773922,0
0,0.0169195497502008,0
0,0.008732209382915093,0
0,0.13925208637300898,0
0,0.1481271708867057,0
1,0.8029626380367939,1
1,0.9301197016406902,1
0,0.07263769625365836,0
1,0.7950317271278136,1
0,0.04100904336923601,0
0,0.041387103956818855,0
0,0.04664421131768405,0
0,0.7161877057649166,1
0,0.7640897952613073,1
1,0.8041262598828373,1
1,0.714580310077474,1
1,0.7188471417705159,1
0,0.011381419508303943,0
1,0.7458795373901067,1
1,0.8810053896763409,1
0,0.8300750199029014,1
1,0.9237222153737104,1
0,0.04156691443849356,0
0,0.014708577489505865,0
1,0.72208965193038,1
1,0.9963221771415588,1
0,0.5329558428303611,1
0,0.3275889672652908,0
0,0.02508696177179346,0
0,0.010648903721471337,0
0,0.008952070293469457,0
0,0.8274380903380569,1
0,0.07199089957187002,0
0,0.035486932837711545,0
0,0.045894711172044605,0
0,0.11861768556410189,0
0,0.07241774370950242,0
0,0.1453064298365829,0
0,0.0022623934854779713,0
1,0.9961316560844637,1
0,0.2292366764263503,0
0,0.006013761448488972,0
0,0.00416289890159213,0
1,0.9849416296965005,1
0,0.028838632330627192,0
0,0.2926956176830456,0
1,0.9163112208306251,1
0,0.07019410221781777,0
0,0.011707133801131944,0
1,0.3873812847540692,0
0,0.21877759528717305,0
0,0.20148640248160324,0
1,0.9985694635277143,1
0,0.012254873383294602,0
0,0.6406094915206301,1
0,0.023369781261767423,0
0,0.6884931151697545,1
1,0.3874243945780904,0
0,0.5021900524764039,1
0,0.007350464070134349,0
0,0.010719324742621128,0
0,0.06935198533620177,0
0,0.0020988704584640684,0
0,0.06370873024838528,0
0,0.24000456487104865,0
0,0.4393712580721082,0
1,0.86900915460414,1
0,0.13169856363375385,0
1,0.6329181964085538,1
0,0.313293520691618,0
0,0.0795564457599678,0
0,0.022852371836418525,0
0,0.08069926406270499,0
0,0.7247714977167148,1
0,0.005503238713227318,0
0,0.15856729184850288,0
0,0.0036465668638648364,0
1,0.620597912402082,1
0,0.08854097209826123,0
0,0.03045903511912139,0
0,0.009589154944783566,0
0,0.012135341883507034,0
0,0.20578826558131477,0
0,0.11067821003153987,0
0,0.1802943930129627,0
0,0.7699791504525517,1
1,0.9024539795977958,1
0,0.4671747001815095,0
0,0.022726840424354397,0
0,0.44863580461635244,0
0,0.06041035942827944,0
0,0.24072954516479866,0
0,0.05408583981305967,0
0,0.0019032902661809124,0
0,0.03991975863198399,0
0,0.19951115523747923,0
1,0.575424625595021,1
1,0.8832768521464897,1
0,0.019919861989008587,0
0,0.023092097048905382,0
0,0.20675846081751148,0
0,0.06069741338042396,0
1,0.8557043580732807,1
0,0.014623590381067126,0
0,0.0005244128553137713,0
1,0.0962020423089985,0
0,0.7676803697483259,1
1,0.6067285105356323,1
0,0.738739286575233,1
0,0.5846739192560495,1
0,0.011973855447202742,0
0,0.8018109949624721,1
1,0.4922805976907381,0
0,0.632647261738792,1
0,0.21273603453085949,0
0,0.0017465790319530843,0
1,0.8450070486366481,1
0,0.0018755922916124969,0
0,0.476243379274541,0
0,0.20195187025454317,0
0,0.2761589718970014,0
0,0.17336121976156224,0
0,0.45448922324823265,0
0,0.1131926330412488,0
0,0.09483141244580183,0
0,0.07753027865830016,0
0,0.2232574308318186,0
0,0.14167592784743846,0
0,0.011987004313710636,0
0,0.009225550577523318,0
1,0.9975935507062227,1
0,0.012666971819202285,0
1,0.8533867771906707,1
0,0.2898178092256932,0
0,0.02072599622990641,0
0,0.3947366893776043,0
1,0.9980004355934275,1
1,0.9971518535436031,1
0,0.08295231238927041,0
0,0.15503296515773518,0
0,0.045473438605170786,0
0,0.006472605325178677,0
1,0.768475551069137,1
0,0.2316062718147788,0
0,0.009218181077183038,0
0,0.0008292068095101778,0
0,0.3455111004296736,0
0,0.5130294658066202,1
0,0.0028696998063551795,0
0,0.550099105694305,1
0,0.016334992267700955,0
0,0.4100696354742386,0
1,0.8057002170979984,1
0,0.085017736776979,0
0,0.3021450094460716,0
1,0.708783294804323,1
0,0.014880293526345616,0
1,0.9986894406701226,1
0,0.06266975147651915,0
0,0.05968659120004492,0
0,0.24898974139953237,0
0,0.7395514407187208,1
0,0.0015638423050557148,0
0,0.6536085928118075,1
1,0.776917879178896,1
0,0.7221874698361435,1
0,0.13330012355642076,0
0,0.42484445458145337,0
0,0.2013768614844554,0
0,0.07250492540872408,0
0,0.18497970739445202,0
0,0.002714623317055729,0
0,0.011390352538023346,0
1,0.9979304825616503,1
1,0.5888410114155886,1
0,0.007074542924419558,0
0,0.835717534442661,1
0,0.021661085285225288,0
0,0.16567295059908832,0
0,0.6674438533187991,1
0,0.7315890326639126,1
0,0.0003516551625620931,0
1,0.9324581100975526,1
0,0.001545676446082118,0
0,0.0010793732492249812,0
0,0.018740445286573128,0
0,0.6284394648498117,1
1,0.7254822876864847,1
0,0.4308750474931721,0
0,0.6598055073706126,1
0,0.2310760943783257,0
0,0.04548517191678456,0
0,0.5381372449785384,1
0,0.04714836178398847,0
0,0.4079000306639533,0
1,0.5817415052418828,1
0,0.028815256859158644,0
1,0.38740491985352715,0
0,0.129421826101163,0
0,0.47972255888488596,0
0,0.2634394193827308,0
0,0.0013193487046820654,0
1,0.9983441561259362,1
0,0.0027500964880089076,0
0,0.042600486210070725,0
0,0.10985596258930141,0
0,0.013130632843561368,0
0,0.006575238334989596,0
0,0.13647758697094825,0
1,0.6483369308746791,1
1,0.9670613763827137,1
1,0.5618240549306189,1
0,0.035101728709692324,0
0,0.09418879202688991,0
1,0.9230156927513393,1
0,0.0015775460313759901,0
0,0.01238257561219829,0
0,0.0029177446861000317,0
0,0.001432764841627541,0
0,0.5554362323427576,1
0,0.5969757691707304,1
0,0.0011741950550967623,0
0,0.05809679787854446,0
1,0.8544774581458737,1
0,0.03963405951294156,0
1,0.9665936329879661,1
0,0.04076888646250611,0
1,0.7452861390242973,1
0,0.254576929229027,0
0,0.12654573766233118,0
0,0.024955435538653818,0
0,0.5615171254143635,1
0,0.14464137975879193,0
1,0.9054351608372987,1
0,0.4291839760874076,0
0,0.6843708771453921,1
0,0.8288116732272356,1
0,0.20111542203514218,0
0,0.011541661445942627,0
0,0.07301115129445841,0
0,0.02644959752281059,0
0,0.5468954611136733,1
0,0.006131424903707397,0
0,0.05798813088169915,0
0,0.3546454796001553,0
0,0.4210638057291609,0
0,0.059080880940184474,0
0,0.3365230381624954,0
1,0.9278055447414199,1
1,0.9164715907251194,1
1,0.9841674689595112,1
1,0.9106527859850347,1
0,0.09841220688810326,0
0,0.9428380442609198,1
0,0.012674479813441983,0
0,0.010966944025310461,0
0,0.027190999815267108,0
0,0.00833643387650366,0
0,0.0044187849860205484,0
0,0.03596901675172552,0
0,0.3539388402437991,0
0,0.11906892782775301,0
0,0.7981271995453998,1
0,0.07580309588283086,0
0,0.04366797532647144,0
0,0.0011995393070338431,0
0,0.015972990467670412,0
0,0.03709590435644493,0
0,0.5032392853870833,1
0,0.7434656181406415,1
1,0.7267295886205261,1
0,0.0012385499772693243,0
0,0.014975897359405273,0
0,0.3734187670433056,0
0,0.08092522639147767,0
0,0.002351132895582245,0
0,0.004128979937609371,0
0,0.0024230025231009237,0
0,0.06585021024629158,0
0,0.03324239420539877,0
0,0.004630571988560732,0
0,0.06576022752668054,0
0,0.36033969578778285,0
0,0.0011140459462683479,0
0,0.4181527131337674,0
0,0.053190723534877006,0
0,0.07048418040881216,0
0,0.11020943667166994,0
0,0.011066353759054359,0
0,0.022807438650547202,0
0,0.36370776019959467,0
0,0.051136882167943785,0
0,0.004313972676971333,0
0,0.22825953402320148,0
0,0.030085850847003565,0
0,0.14680664660169773,0
0,0.04542045126826434,0
0,0.7148830249197294,1
1,0.8020473338847562,1
0,0.004925142069781241,0
0,0.08579833681867192,0
1,0.8783613059722064,1
0,0.015286434123881086,0
0,0.5012491834048216,1
0,0.04907166904576155,0
0,0.23621256258985907,0
0,0.03704690275615837,0
1,0.7246192149014888,1
0,0.006393381380816169,0
1,0.5631060730523141,1
0,0.00028850652860165133,0
1,0.35115067996056226,0
0,0.01581053398472381,0
0,0.10174286910374455,0
1,0.9967935581567205,1
1,0.7760399695795815,1
1,0.9991814726742976,1
0,0.09574435568531173,0
1,0.659180631266741,1
1,0.9982831655323152,1
0,0.5005069492915617,1
0,0.004069006534377981,0
0,0.0193162480235887,0
1,0.8526405016503317,1
1,0.9086798925700605,1
0,0.007213210436519837,0
1,0.546930227397085,1
1,0.9816552577945337,1
0,0.12367089195414446,0
1,0.9890914650984636,1
0,0.14037581054533527,0
1,0.7208887159572606,1
0,0.26372797312356905,0
0,0.37171532738511065,0
0,0.019061314747417617,0
1,0.8755014880634652,1
1,0.8595557788424509,1
0,0.0011662630595498022,0
0,0.009556013509303827,0
0,0.10798718541705848,0
0,0.02832496957454259,0
0,0.03993520279497781,0
0,0.46860506538927804,0
1,0.5980968984604886,1
0,0.7757606490845597,1
1,0.7877256490975943,1
0,0.0023695954575692047,0
0,0.007200599970031651,0
0,0.004525096969859928,0
0,0.42934732980102186,0
0,0.011323626680837407,0
0,0.01996813362083534,0
0,0.07487571257420852,0
0,0.0023197068042253534,0
0,0.013501981248091884,0
0,0.013112284761138196,0
0,0.015313489516358693,0
0,0.039385854439346384,0
1,0.7266568101796748,1
0,0.3681816991791179,0
1,0.9824840495467303,1
0,0.11762627836575129,0
0,0.7634619360692952,1
0,0.04642714853800311,0
0,0.00695214077502557,0
0,0.002053566235630718,0
1,0.6790538748366682,1
1,0.7839435234141999,1
0,0.34933353453465493,0
0,0.14198220411236584,0
0,0.010029450435009692,0
0,0.00663691330541038,0
0,0.013550043719815266,0
0,0.30989063329941463,0
0,0.6743711000870728,1
0,0.04836532409891146,0
0,0.039780887371620395,0
1,0.04332780918297826,0
0,0.03210013345622439,0
0,0.23776116161973282,0
0,0.010002314389848067,0
0,0.10017587246810976,0
0,0.01658174527342207,0
1,0.4632053452708959,0
0,0.4354657581509999,0
0,0.04498432676442811,0
0,0.24393777602805874,0
0,0.002239510359382629,0
0,0.6117576339667448,1
0,0.6916550716570096,1
0,0.09180364345446067,0
0,0.013814740930987883,0
0,0.2792281381428165,0
1,0.90257384283471,1
0,0.41938163940146655,0
1,0.9959735670240766,1
0,0.12997886559416272,0
1,0.8353477024443932,1
0,0.24225427202664718,0
0,0.12907916104352296,0
0,0.5921318852192253,1
0,0.20355552048956083,0
0,0.06935845603658042,0
0,0.028632346250678536,0
1,0.8482079352640314,1
0,0.6368409946249621,1
0,0.012121267387231507,0
0,0.0002755532260309285,0
0,0.001968672606827288,0
1,0.9993529939871107,1
0,0.044326163682772673,0
0,0.012050863755777796,0
0,0.08907807652608928,0
0,0.3463565850382541,0
1,0.8871096649813478,1
0,0.20364806720858147,0
0,0.042038890310872594,0
0,0.025603001469425384,0
0,0.3453538119693813,0
0,0.31652993035087446,0
1,0.9900397478043366,1
0,0.07201380225796768,0
0,0.7392292707062845,1
0,0.7573196397431098,1
0,0.27692296360757185,0
0,0.01220372622382877,0
0,0.05546467386731933,0
1,0.8077027143132751,1
0,0.003818276026617582,0
0,0.06064312927345326,0
1,0.8503319789422643,1
0,0.29960930290507837,0
0,0.09991599389708865,0
1,0.9969141588972115,1
1,0.7124405768794975,1
0,0.33709533340855785,0
0,0.044372788060207065,0
1,0.998639088368958,1
1,0.6553394628803997,1
1,0.38437330700227007,0
0,0.0021999932729784006,0
0,0.05049578477346916,0
1,0.9802480432111422,1
0,0.2081967261403928,0
1,0.700313258372977,1
0,0.0030799668842487354,0
0,0.02273847104178274,0
1,0.6400353334885555,1
0,0.024786434190089593,0
0,0.03747876000733497,0
1,0.6192584863017756,1
0,0.01603364736888814,0
0,0.02869381672336331,0
0,0.0010636374352444807,0
0,0.03819386845373599,0
1,0.41214036193436765,0
0,0.18449625738269698,0
0,0.00330437452354712,0
0,0.007002047443078499,0
0,0.0021431879210223304,0
1,0.9933794353402654,1
0,0.08050516434232946,0
0,0.40965778463966973,0
0,0.838046502294988,1
0,0.6191670287128471,1
0,0.7683996537850094,1
1,0.6581991310104545,1
0,0.007548141495428532,0
0,0.819685045812488,1
0,0.5332219126622293,1
1,0.9725313236931608,1
0,0.013732597106587979,0
0,0.07558346467642987,0
1,0.1313825882357607,0
0,0.07214012911985204,0
0,0.20718202821280135,0
1,0.04992909987040304,0
0,0.05904897864840609,0
0,0.29274416693998395,0
0,0.0012115197477511241,0
1,0.9042342674628173,1
0,0.18079711915137753,0
0,0.6407834338897598,1
0,0.0021374767067219493,0
0,0.001361086034426113,0
1,0.63555580376479,1
1,0.8480193526379562,1
0,0.03004275580474409,0
0,0.0009675954202832722,0
1,0.18243609240868527,0
0,0.542756359274326,1
0,0.21256120695119118,0
1,0.8340183529730069,1
0,0.031828817760972024,0
0,0.008708386869268659,0
1,0.8530716390517701,1
0,0.7358457494177101,1
0,0.19524474733833022,0
0,0.8002826299866034,1
0,0.003765288846423375,0
0,0.015726110068411812,0
0,0.044349290117568906,0
0,0.006122482960901723,0
0,0.5070444443002405,1
0,0.9041017592252149,1
1,0.6780520601512707,1
1,0.42266290853397737,0
0,0.33585999900211805,0
1,0.9450342286625243,1
0,0.32717029994120894,0
1,0.8533524719671374,1
1,0.8965320978785877,1
1,0.7910615857398888,1
0,0.6163461251694893,1
0,0.0296037573046726,0
1,0.9780110853269701,1
1,0.632966010167352,1
1,0.9974480129835741,1
1,0.9982799631093436,1
0,0.063639400066913,0
0,0.009521146450564897,0
0,0.02143149777838393,0
0,0.0010421782729816286,0
1,0.7593221775955064,1
0,0.02971320039640508,0
0,0.3081441832268302,0
0,0.206417712452392,0
0,0.7084578112554246,1
0,0.08418152011931977,0
1,0.8309760586478884,1
1,0.905420943351613,1
0,0.27595209177841623,0
0,0.0459385727203857,0
0,0.3975185394879679,0
0,0.5510047315635197,1
0,0.3949736035421404,0
0,0.05889187927866513,0
0,0.0280247615475077,0
0,0.06698199105357586,0
0,0.22066547450721644,0
0,0.10690742820604417,0
0,0.1153287551341861,0
0,0.19070037924195246,0
0,0.13792657745326956,0
1,0.8209459837741552,1
0,0.024989000941272797,0
0,0.0009908210375672085,0
0,0.2682663981745872,0
0,0.5742669945628484,1
0,0.05889666651347272,0
0,0.00166812158955503,0
0,0.07323467135887858,0
0,0.4982753776168077,0
0,0.0013356048724259164,0
0,0.03857873987985711,0
0,0.42771925111964343,0
1,0.9971846159262987,1
0,0.008384829055904245,0
1,0.9438397936809461,1
0,0.7046442761483602,1
0,0.05672270944383429,0
1,0.30500393497119593,0
0,0.5596078460587148,1
0,0.42658743749437855,0
0,0.4146182144211787,0
1,0.7375255712561983,1
0,0.3317692134826866,0
0,0.2178643515113939,0
1,0.9651459044080887,1
0,0.8787775721303039,1
0,0.002641679491789407,0
0,0.008966736348444316,0
1,0.8172594508901881,1
1,0.9985609747867282,1
1,0.5136475620057729,1
0,0.05967549761096765,0
0,0.02163962692889008,0
0,0.046030593942037956,0
1,0.9242354890101574,1
0,0.6736771110542835,1
0,0.15065784058837425,0
0,0.6581974598573851,1
0,0.02468198579688096,0
0,0.005603104213972849,0
0,0.42084182245961077,0
0,0.02072395254676752,0
0,0.38322989579956096,0
0,0.16134982823863706,0
0,0.26590631111426877,0
0,0.00862217755517628,0
0,0.01225293697368301,0
0,0.028579750758460518,0
0,0.0035273864015503953,0
1,0.9968504627330367,1
0,0.6545154909318556,1
0,0.04734227309088109,0
1,0.7232916187299546,1
1,0.892854474341828,1
0,0.08084592164568609,0
1,0.9888553350207419,1
0,0.07932670163090143,0
0,0.1808053150635426,0
0,0.029273538460912678,0
1,0.9246263225991863,1
0,0.45019172046652645,0
0,0.16359672824235813,0
0,0.054075442327199796,0
0,0.027326138550018888,0
1,0.5088761295503981,1
0,0.0023215007417284835,0
1,0.43382178728498844,0
0,0.2583144637637585,0
0,0.0017794902438770452,0
0,0.5413806599557043,1
1,0.9952166500030792,1
0,0.020275349373072297,0
0,0.48614466098949943,0
1,0.739699192995209,1
0,0.24122146485264437,0
0,0.4660505173900498,0
0,0.639108136945903,1
0,0.09262252388290325,0
0,0.3798562645171011,0
0,0.0609925590834395,0
0,0.020292965454741987,0
0,0.0037412473259416587,0
0,0.00909175548513209,0
1,0.9973744493220784,1
1,0.9871218779661117,1
1,0.8951366165409685,1
0,0.0058374165037555666,0
0,0.0012497007286516705,0
1,0.8188994391358233,1
0,0.002436241687974779,0
0,0.4864873828631711,0
1,0.8497643163888399,1
0,0.6936750149919102,1
0,0.0822662108789234,0
0,0.40115884355111164,0
0,0.689060489268691,1
0,0.8061945217137347,1
1,0.82615677841468,1
0,0.010904195463875688,0
1,0.9428709534572148,1
0,0.0009427316088536523,0
0,0.00030528203261316546,0
1,0.9407453746882709,1
0,0.0027307993617459248,0
0,0.01869157169790513,0
0,0.12049854724364689,0
1,0.5895769241920513,1
0,0.14773155161345639,0
1,0.9769107396306277,1
1,0.8874276420554635,1
1,0.2231915504861488,0
0,0.21975264596149705,0
0,0.16176601585076414,0
0,0.06929471384518543,0
0,0.09634132556800155,0
0,0.001504224345745724,0
0,0.12198877957655509,0
0,0.5344011583819854,1
0,0.0439653110199214,0
0,0.04033114017596469,0
1,0.6096735813442875,1
0,0.6890793508925479,1
0,0.0508344416190919,0
0,0.2413523964887349,0
1,0.9907695546314726,1
0,0.17178900793041407,0
0,0.002041738425568732,0
0,0.006778958302551367,0
1,0.9985224576472048,1
1,0.7732912425089791,1
0,0.2330813382018847,0
0,0.023784727911133022,0
1,0.21322142758044715,0
0,0.002084116273644494,0
0,0.027718534450912092,0
0,0.5032962715024656,1
1,0.9015015369096369,1
1,0.572593735413859,1
0,0.08922481458719192,0
0,0.03283637421399068,0
0,0.08967154965559296,0
1,0.9919805376865938,1
0,0.004043206070758841,0
0,0.010066765953708104,0
0,0.6597572878912582,1
0,0.2359039821051622,0
0,0.04348567395871921,0
0,0.014498602196788692,0
0,0.41227462803430653,0
0,0.017334116808330843,0
1,0.8938483447607504,1
1,0.305381050651415,0
0,0.1441646764466768,0
1,0.8827714249726161,1
1,0.9958399449610035,1
1,0.8533602953503996,1
0,0.0025430777062381994,0
0,0.356322375383456,0
0,0.3381426650124568,0
1,0.64870507773487,1
0,0.3293776480517307,0
0,0.02739637055834514,0
0,0.8162625315085228,1
0,0.004221491848255033,0
0,0.028338395713242943,0
0,0.6430275335581785,1
0,0.021657135344039773,0
0,0.001980162723585448,0
0,0.04238726171340956,0
0,0.6922842484838032,1
0,0.2929269872482261,0
1,0.9222606762739156,1
1,0.9982712095884608,1
0,0.0029139983874807316,0
0,0.4698577062067334,0
0,0.3268751784606023,0
1,0.9981344090176877,1
1,0.9921611023444532,1
0,0.47366901456505617,0
0,0.4206982168685361,0
0,0.07421045731923773,0
0,0.5780481804099337,1
1,0.9983494541613253,1
0,0.028889152441054052,0
1,0.6951221628379605,1
0,0.5735107381740993,1
0,0.21073659341081286,0
0,0.12489192085241728,0
0,0.247259420756966,0
0,0.11248557656498998,0
1,0.9984665677368926,1
0,0.1504307579481442,0
0,0.13736421988739264,0
0,0.673008447663677,1
0,0.39776172882002464,0
0,0.3443200691159835,0
0,0.2658248121387891,0
0,0.09770141824679425,0
0,0.07757523414033259,0
1,0.9902206576039052,1
0,0.008094376719175463,0
1,0.8907516756638377,1
1,0.9232916737209131,1
0,0.31372519521085684,0
0,0.018927019207814578,0
0,0.5263990626001652,1
1,0.9271115228537439,1
0,0.2832656474803207,0
0,0.011801300019909474,0
0,0.6351618353330948,1
0,0.001447583951768605,0
0,0.015904837622136493,0
0,0.0007994189384716849,0
0,0.8338739077750308,1
1,0.8926120838855219,1
0,0.29228564485733344,0
1,0.6471672818725325,1
0,0.4069398231210519,0
1,0.894592760315967,1
0,0.020780715478275133,0
1,0.3545124013145554,0
0,0.05391027773340964,0
0,0.04144809029444076,0
1,0.9937271103654085,1
0,0.3461400446128788,0
1,0.9983577975523559,1
1,0.24435815245494427,0
0,0.011602973552389454,0
0,0.00862664442983801,0
0,0.01063548593717673,0
1,0.8762334206463692,1
1,0.8369784060175554,1
0,0.2442883835909746,0
0,0.26214122919246813,0
0,0.005796299212250868,0
0,0.8551108059230389,1
1,0.4572235962968577,0
0,0.5297197625604179,1
0,0.026349483530711225,0
0,0.8755397217350931,1
0,0.13098373368638977,0
1,0.5401228878250669,1
0,0.138234997363505,0
0,0.0238778659321909,0
0,0.07072526298827435,0
1,0.05523897806052607,0
0,0.017190144829398103,0
0,0.1717926471843586,0
1,0.811965412711785,1
1,0.8906099464343608,1
0,0.038095634765494095,0
0,0.7707167816200382,1
0,0.008238771662016618,0
0,0.22081506485827385,0
0,0.46570499549494365,0
0,0.391778388598519,0
0,0.12357470918660751,0
0,0.5685666734535264,1
0,0.3969896280144874,0
0,0.08533684608473444,0
0,0.02791368006654801,0
0,0.6895060091874821,1
0,0.027208483942594924,0
0,0.049324017040310475,0
0,0.48805587884234625,0
0,0.2826297782520348,0
0,0.06544401788309558,0
0,0.36020611987009327,0
1,0.9987689919522312,1
0,0.04059077409856051,0
1,0.8932945359337581,1
0,0.3989779984472944,0
0,0.3598010523208713,0
1,0.8751592276371978,1
0,0.05125533742150321,0
0,0.00812504519857895,0
0,0.558533813888521,1
0,0.010510275729206498,0
0,0.630778854729089,1
1,0.9882769723243707,1
0,0.003480386737907517,0
0,0.29447569529121104,0
0,0.5654599111368473,1
0,0.2607861229755153,0
0,0.8558094439988161,1
0,0.0012099633888286612,0
1,0.9160492050310524,1
0,0.3143816837363646,0
1,0.9967160509413194,1
0,0.03672405162777137,0
0,0.134541054634413,0
0,0.04048416821107018,0
0,0.04565809445684717,0
0,0.02729980471548725,0
1,0.9562899328645942,1
1,0.9987840972139648,1
0,0.05204591961094182,0
0,0.008691345550041224,0
0,0.4662173552809396,0
0,0.49152449868718734,0
0,0.7184092826972762,1
0,0.03607108023935617,0
0,0.029663928887002908,0
0,0.12487648251075041,0
0,0.03565625917174646,0
0,0.012159663083844757,0
0,0.03233637661600696,0
0,0.0058290489026970585,0
0,0.41785837714016033,0
0,0.03232983480355497,0
1,0.8801614946637061,1
0,0.6800489861911297,1
0,0.005756198247507515,0
0,0.161517536140867,0
0,0.029338437610231558,0
0,0.885966415312222,1
0,0.010743708542304383,0
0,0.0071329431420409034,0
0,0.6022660152048267,1
0,0.0364383279915009,0
0,0.5740029665116283,1
0,0.011706035159397435,0
0,0.36209846303768906,0
1,0.8993167230082674,1
0,0.00934485711036842,0
0,0.023667351356712663,0
0,0.6335269749723262,1
0,0.42781996078020107,0
0,0.003211268263469661,0
0,0.7675248195816806,1
1,0.6690509255337475,1
0,0.7963425966542216,1
1,0.6547582371040093,1
0,0.002672234064566681,0
0,0.001152104972389964,0
0,0.04173841588119918,0
0,0.0037866421523031772,0
0,0.009975476017169936,0
0,0.7596698932978478,1
0,0.01245721639935724,0
0,0.020982329240216934,0
0,0.0010256561565005944,0
0,0.038601788486348224,0
0,0.14613567984517933,0
0,0.1689487071670031,0
0,0.07075892895673691,0
0,0.024482398016084005,0
1,0.8727397946457858,1
1,0.9976088052861481,1
0,0.29963235893583834,0
0,0.00646849617428796,0
1,0.9119532661820491,1
0,0.0021401928065476806,0
0,0.002667188033384296,0
0,0.09613221852617009,0
0,0.0711181509370507,0
1,0.5446426313844888,1
1,0.5209676574012915,1
0,0.062424817805917736,0
0,0.00467681220611979,0
0,0.5112662002652586,1
0,0.030095027719205726,0
0,0.04211247166036769,0
1,0.37093505558129103,0
0,0.2924272431079382,0
0,0.30573130029518075,0
0,0.9062222238454349,1
0,0.6614650620957014,1
0,0.002140619817971233,0
0,0.06358901694266948,0
0,0.001096775851300664,0
0,0.6471888632232187,1
1,0.8636744571005307,1
1,0.9355248976420192,1
0,0.16931485315724915,0
1,0.4370932009025394,0
0,0.6955880715203081,1
0,0.02055241502113066,0
0,0.22573812718218683,0
0,0.28981274224370235,0
0,0.1768609517303304,0
1,0.5740452517859829,1
0,0.5443078263173818,1
0,0.15076941299042268,0
0,0.6370942787858277,1
0,0.3045735522937753,0
0,0.0011897954069610903,0
0,0.06985098958307384,0
1,0.8053770357400939,1
1,0.2362899799021877,0
0,0.21815971151905922,0
0,0.04055497353615634,0
0,0.022845467560150944,0
0,0.14285199065036347,0
0,0.02018806880898486,0
0,0.6341186537022885,1
1,0.8877978251514811,1
0,0.02438434378355266,0
1,0.9953130633061429,1
0,0.010018967821938,0
0,0.01476066227273719,0
1,0.7981822211550601,1
0,0.24297905473429895,0
0,0.0015609248793427666,0
0,0.7987283847033554,1
1,0.5910651169695221,1
1,0.9819002064041042,1
0,0.14633153839257695,0
0,0.8545294159865056,1
0,0.002512256117962205,0
1,0.9910205712633161,1
0,0.003961342033556114,0
0,0.514425052290973,1
1,0.9985439945461333,1
0,0.015522207561985992,0
1,0.6942787914620461,1
0,0.013205742674405429,0
0,0.013636214169567604,0
0,0.001780820504652635,0
1,0.993804496497137,1
1,0.7601715955836474,1
0,0.03365465749839652,0
0,0.30369410622259374,0
1,0.6528144607084335,1
0,0.19210513081015093,0
0,0.0010268941477426332,0
0,0.04033110675267902,0
0,0.029710850503276154,0
0,0.02114355427846144,0
1,0.9952704717619696,1
0,0.02518071218295128,0
0,0.03403034272277987,0
0,0.0015742564379730075,0
0,0.02570672910660706,0
0,0.001550707444237267,0
1,0.8246527723170364,1
0,0.051640534098076944,0
0,0.16995000858788495,0
0,0.001378746578779256,0
0,0.003084548440293956,0
0,0.01515581196895453,0
0,0.6694281664927378,1
1,0.2786665797669373,0
0,0.06380792496853624,0
0,0.2636682450816174,0
1,0.9974727982831054,1
0,0.10842218405640869,0
0,0.015952454083539836,0
0,0.23188029626631165,0
0,0.49111922151706533,0
1,0.20802224416159104,0
0,0.08316256314315777,0
1,0.8542967954110708,1
0,0.07088954581539586,0
0,0.024595231743385546,0
0,0.24697718206432243,0
0,0.039229654775660865,0
0,0.8014259426569634,1
0,0.028888369512023455,0
0,0.1105829672698561,0
1,0.8342634227788989,1
0,0.6224925690781419,1
0,0.29941054355536295,0
1,0.8266858373969578,1
0,0.14436897809654156,0
1,0.41341908838498587,0
0,0.023918306037531156,0
0,0.06962004244379011,0
1,0.7853246145536757,1
0,0.8232266433967719,1
0,0.012094780611730247,0
0,0.21353798010158231,0
0,0.0980890530221217,0
0,0.23842582632231404,0
1,0.9983230380681611,1
0,0.0039054770572231156,0
0,0.13121010923486512,0
0,0.0072110781821602705,0
0,0.7935042209511729,1
0,0.48379810890514197,0
1,0.9936437733802541,1
1,0.8662648629790057,1
0,0.0015019220295008676,0
0,0.21990420368144678,0
0,0.2500612407519135,0
0,0.0037508522785858014,0
0,0.0032543122092539407,0
1,0.9911264843889491,1
1,0.989571925997243,1
1,0.5242263527037103,1
1,0.9002042388730551,1
0,0.24346081177186998,0
0,0.003615079774512822,0
0,0.006644443910864736,0
0,0.03197911071790735,0
0,0.18548492338543443,0
1,0.8687571986932634,1
0,0.005859674984897234,0
1,0.8620763370427038,1
0,0.07884779563568953,0
0,0.1394583377846955,0
0,0.7674653225033781,1
0,0.0029382172565580807,0
0,0.43040529007287,0
1,0.9219777194739195,1
1,0.9645611634466471,1
1,0.5347736388406366,1
0,0.0038571655415897245,0
0,0.1235518415770405,0
0,0.10449245287201833,0
1,0.997714557754317,1
0,0.09588478248481622,0
1,0.1839138161117312,0
0,0.008765817555605541,0
1,0.9903739803846269,1
1,0.9184290146105871,1
1,0.18864968392464482,0
0,0.14280791209949875,0
0,0.13246045809524473,0
1,0.6963473237107679,1
0,0.6541368488790483,1
0,0.0025054783551749713,0
0,0.6674331699023179,1
0,0.09915101586617363,0
0,0.008603715597586586,0
0,0.01604016061226499,0
0,0.1774707985515068,0
1,0.7703314825101875,1
0,0.06851136185401185,0
0,0.002716003463881413,0
0,0.34562927244541425,0
0,0.22793214703143302,0
0,0.001719396790560051,0
0,0.3363519873253797,0
0,0.051648587611702025,0
0,0.1875788100277882,0
0,0.31014989676394067,0
1,0.9154291279777877,1
0,0.012615562361114791,0
0,0.03857368002683401,0
0,0.03825119890193806,0
0,0.0026234607177068998,0
1,0.9826506669353278,1
0,0.008549722641048718,0
0,0.07484603222571488,0
0,0.002104193781162781,0
1,0.7604487431096553,1
1,0.24312666481907508,0
0,0.15914250000910304,0
0,0.07144368711962297,0
0,0.11806272984367318,0
0,0.6449994639760749,1
0,0.005045050257450011,0
0,0.0037843017322474583,0
0,0.008434323214563904,0
0,0.002952564974020919,0
0,0.6048783632303604,1
0,0.1657005327691123,0
0,0.04456981417596591,0
0,0.056367444377985576,0
0,0.0017759439387880923,0
0,0.003785873040305307,0
0,0.001059262452340594,0
1,0.6069041608303103,1
0,0.048591710644907166,0
1,0.9994154268282025,1
0,0.6932762516108593,1
1,0.7957061299673924,1
0,0.024086238310216977,0
1,0.9960758438913887,1
0,0.14678057643867404,0
0,0.10931557570148183,0
0,0.20583689556128545,0
0,0.14906477748372973,0
0,0.12873318086489996,0
0,0.09711650945811938,0
0,0.0054505867171464745,0
1,0.9960728917986507,1
0,0.18179893056449464,0
0,0.06033807312989552,0
1,0.8999474005525627,1
1,0.999134146511266,1
0,0.0640435891369168,0
0,0.06155324156171007,0
1,0.7586820218426854,1
0,0.6877648493586466,1
0,0.035502338974337154,0
0,0.11694066755219087,0
0,0.33665169196788275,0
0,0.035475893778106844,0
1,0.9970175749583805,1
0,0.2104608844476704,0
1,0.8775708006974169,1
0,0.7956028387648516,1
0,0.021463430569069526,0
0,0.06365021113607007,0
0,0.011687246810156114,0
1,0.7472574560703541,1
0,0.04743854793382637,0
0,0.0026968399365692635,0
0,0.019204323123881612,0
0,0.2279628483650613,0
0,0.04064124105898871,0
0,0.040367023347040586,0
1,0.9850713017920355,1
1,0.8678433778696164,1
0,0.2629187823110803,0
0,0.00971460181361195,0
1,0.997354405423227,1
0,0.24700161752797278,0
1,0.6602383705453472,1
0,0.16764654560548126,0
1,0.7927270942623126,1
0,0.13040661405588072,0
0,0.01677541463549872,0
1,0.7188751108337776,1
1,0.8585570275078075,1
0,0.7597076738241471,1
0,0.006601386709495118,0
0,0.01789138227410916,0
0,0.023666728772172033,0
0,0.21826591648990928,0
0,0.13063518750585526,0
0,0.014055446258380391,0
0,0.024822944440352095,0
0,0.03702982393282257,0
0,0.7615849618060253,1
0,0.03526023520032621,0
0,0.05880391884162094,0
1,0.85994515425131,1
0,0.0023060709150173543,0
0,0.06230815680471706,0
0,0.005379666116084062,0
1,0.9246885354991997,1
0,0.005417170900015275,0
0,0.03619247519582452,0
0,0.03178449462246725,0
1,0.9979040299320409,1
0,0.02987079556005392,0
0,0.05220916477381578,0
0,0.5452396765285241,1
0,0.013634871976118937,0
0,0.0451122837751993,0
0,0.03835664920799158,0
0,0.0008802685416765454,0
1,0.6023186950343519,1
0,0.8612171158341058,1
0,0.3510563137686088,0
1,0.9959616743661144,1
0,0.0020710617330744504,0
0,0.8948390840214939,1
0,0.001095796455318296,0
1,0.9945149073285625,1
0,0.5656323278941959,1
0,0.5053288429713827,1
0,0.259147448005817,0
0,0.32819660722239025,0
0,0.1095770222303242,0
0,0.16671381908163144,0
0,0.815125822589177,1
0,0.42237874212108006,0
0,0.0032574097463694256,0
1,0.9984676160761474,1
0,0.3041515384311228,0
0,0.3507401914554943,0
0,0.04724492088787693,0
0,0.024300048722739245,0
1,0.6914897017544265,1
0,0.12769361594149403,0
0,0.14156210168826852,0
0,0.20257572014157113,0
0,0.27029375340576434,0
0,0.06496208559639133,0
1,0.43608926102096335,0
0,0.009641491227933126,0
0,0.01460898849190469,0
0,0.20541338272128198,0
0,0.6846358693399226,1
0,0.021457520786850683,0
1,0.5907129914569834,1
0,0.00386444111791068,0
0,0.9105559292659687,1
0,0.1378903438741608,0
0,0.5001804758048074,1
0,0.033448205577517445,0
0,0.14790724137001718,0
0,0.07622973600784835,0
0,0.013767766385575909,0
0,0.029388892584929802,0
0,0.40745506849347507,0
0,0.09276424875758787,0
1,0.9977052473274307,1
0,0.11695947177360522,0
0,0.0007688813234780984,0
0,0.11129939419363206,0
0,0.19661285031830109,0
1,0.8307221311816088,1
0,0.42596594237541574,0
0,0.038605306434869244,0
1,0.7706650256910218,1
0,0.010483434482543002,0
1,0.9706970621565967,1
0,0.12137618605591712,0
0,0.29265775739539546,0
1,0.5477448139417008,1
0,0.7513277689896749,1
0,0.020164170356817824,0
1,0.8856772637591656,1
1,0.8571292109758224,1
0,0.02996941153119865,0
0,0.006095802575492032,0
0,0.7457304637625394,1
0,0.1201245299711473,0
0,0.35057518048150466,0
0,0.022384617072965483,0
0,0.7795410265528204,1
0,0.018202034771489597,0
1,0.8462265704663345,1
0,0.24937224205753503,0
0,0.013094383783835015,0
0,0.024763165890358672,0
0,0.023784971502217426,0
0,0.37712324045950774,0
0,0.3235449552311973,0
1,0.5032322790115573,1
0,0.0012221065724993879,0
1,0.6396152984269783,1
0,0.8674184167398156,1
0,0.5513542525694632,1
0,0.036717761689627364,0
0,0.019729562425934096,0
0,0.024959914606137626,0
0,0.2889568504710289,0
0,0.01835577234272076,0
0,0.7564078075569591,1
0,0.03757897975733779,0
0,0.21090253270085949,0
0,0.4651511197209794,0
1,0.20415415037527943,0
0,0.012539274112261004,0
0,0.024942325279652997,0
0,0.21958659863421093,0
0,0.9520436285448662,1
1,0.6820083102685431,1
0,0.11702125891455462,0
0,0.0016767460451196686,0
0,0.020395185583304727,0
0,0.575470064435944,1
0,0.01743569261765693,0
1,0.8266823062708438,1
0,0.017450840744306088,0
0,0.24586919740284752,0
0,0.016883243698801845,0
1,0.9133093345879609,1
1,0.6278988782804084,1
1,0.8993281842732536,1
1,0.8100010410656633,1
1,0.7190303333643362,1
1,0.8602179163756302,1
1,0.7365960295103692,1
0,0.3237516126381569,0
0,0.013700210534308766,0
0,0.012380052365254817,0
0,0.8714847842360747,1
0,0.3657752204372797,0
0,0.02568314087802616,0
0,0.6346413285839423,1
0,0.004076889364663901,0
0,0.019680910997523084,0
1,0.8757195731128798,1
0,0.18182941405085168,0
0,0.2742899340173271,0
0,0.018295784391200436,0
0,0.13769360117099577,0
0,0.049345712457415467,0
1,0.5142510282419797,1
0,0.04985331746162403,0
0,0.34229106421485,0
1,0.3536096480777094,0
0,0.0022393874642207844,0
1,0.9989968603664241,1
0,0.09738401712314888,0
0,0.6528144607084335,1
1,0.9972673984112693,1
0,0.04205302425666429,0
0,0.010505294059678916,0
0,0.1867902847802782,0
0,0.0014307766577775227,0
0,0.005834095579033527,0
0,0.05062706794188104,0
0,0.10891764251464474,0
0,0.0011369037532957891,0
0,0.4130731207129487,0
0,0.0012507510529405866,0
0,0.4799926806070806,0
0,0.6754880084248498,1
0,0.10146399064045158,0
1,0.9990865286900206,1
0,0.0011260906172361205,0
0,0.041936535505729074,0
0,0.18314462981772425,0
0,0.025033992128362045,0
1,0.6212563788400807,1
0,0.6442444897407757,1
0,0.12421410124539432,0
1,0.23945228888259065,0
1,0.7102041554870354,1
0,0.002246561948127895,0
1,0.866460414883665,1
0,0.09156995633169071,0
0,0.0011436639447120406,0
0,0.6953618755328241,1
0,0.715752937110827,1
1,0.8975438753886696,1
0,0.06662408619508904,0
0,0.0026625192897154924,0
1,0.9984749710352406,1
0,0.021900643108455735,0
0,0.019642817195764134,0
0,0.48809580196481583,0
1,0.9887016063458964,1
1,0.9778375788505306,1
0,0.002060540525350007,0
0,0.011129714043111395,0
0,0.1109474674615863,0
0,0.6501415831230718,1
0,0.6967597749025525,1
0,0.03378901878270061,0
0,0.014367483263761116,0
0,0.04831302049575607,0
1,0.7259032387050158,1
0,0.006574594877163907,0
0,0.04122831271090402,0
0,0.3669649074788338,0
0,0.65259774762704,1
1,0.7773980486556102,1
1,0.8293499792113221,1
0,0.37919868121831296,0
0,0.8209040710842231,1
0,0.6240298564310519,1
0,0.03304982872819956,0
0,0.061152804753333075,0
0,0.01905752705818256,0
0,0.3013832382408738,0
1,0.20074686197764469,0
0,0.007969435592345179,0
0,0.8252349265506875,1
0,0.036019000825899865,0
1,0.7833386477720543,1
1,0.9206334314784598,1
0,0.019216505037790908,0
1,0.7439734426817721,1
0,0.009308367540398712,0
0,0.03693855811288386,0
0,0.002177374749183858,0
0,0.17614856046805524,0
0,0.007547354796823823,0
0,0.10072920297802838,0
1,0.8713948407146188,1
1,0.697737189067552,1
0,0.11596719467491097,0
0,0.31392855751787624,0
0,0.35389544266496054,0
0,0.0070481661488784935,0
0,0.05746758098867344,0
1,0.33904928824610386,0
1,0.9889428614917977,1
0,0.0013204995547997432,0
1,0.9817751906456041,1
0,0.16891193629756626,0
0,0.018850452704743798,0
1,0.9000550858359356,1
0,0.1924916437049585,0
0,0.004529798155096261,0
0,0.14258177902051541,0
0,0.0036232022586507873,0
0,0.611791025275551,1
0,0.04637464127221288,0
0,0.020375917214598676,0
0,0.5518997720140701,1
0,0.08940479494394114,0
0,0.0020019825039365607,0
0,0.03331745144259487,0
0,0.26328472035359546,0
0,0.020154872499423167,0
0,0.33315470329037006,0
1,0.3737405744570081,0
0,0.09564528072675223,0
0,0.0392905611710986,0
1,0.9925607206155934,1
0,0.08363826083951198,0
1,0.97871001017277,1
1,0.9884517274120506,1
0,0.003626694086441181,0
1,0.8916298492196597,1
0,0.002185113329094855,0
0,0.12571908310716154,0
0,0.3758317429668786,0
1,0.9186034733433872,1
0,0.0047160924088877135,0
1,0.9805982802908245,1
0,0.5213385718447615,1
0,0.8281020270585642,1
0,0.0018368234583421698,0
1,0.6197081781192348,1
0,0.06155013255475317,0
0,0.8766448333334548,1
0,0.04385580240357834,0
1,0.889310107010767,1
1,0.9355494814270223,1
0,0.003275722107679544,0
0,0.048452477054580605,0
0,0.6525833717671412,1
1,0.6466041421184706,1
1,0.9992971405543449,1
0,0.036282211826982935,0
0,0.0013184774407104876,0
0,0.7164817150950813,1
1,0.9178505947557551,1
0,0.049527637150323524,0
0,0.003135447453032932,0
0,0.020790158569577555,0
0,0.0023892393462913173,0
1,0.9778050310429877,1
0,0.2904593241939006,0
1,0.9984026883140473,1
0,0.6735310076804493,1
0,0.44036312580791553,0
0,0.0059016687874806325,0
0,0.0035603584543839957,0
1,0.18547382896076722,0
0,0.031249986532039167,0
0,0.9119455862620347,1
0,0.011864433418531236,0
1,0.9962316212105689,1
0,0.02023617658658038,0
0,0.0022129191997129426,0
0,0.26875911448230594,0
0,0.000587635405312391,0
0,0.023227097905194585,0
0,0.9201749242507506,1
0,0.27809236398648063,0
0,0.0466586996783562,0
1,0.6603897743056238,1
0,0.4573560130841018,0
0,0.0031631206975578146,0
0,0.03713096458308253,0
0,0.0007029368727781867,0
0,0.041944061588050315,0
0,0.5235792679126606,1
0,0.3159886787220625,0
0,0.010763755222378518,0
0,0.3821149973184394,0
0,0.6088775544052343,1
0,0.015167555542561086,0
0,0.002816269256162237,0
1,0.9331016101975609,1
1,0.5395798818139648,1
0,0.08427726019486527,0
1,0.7635325836836497,1
0,0.03609436146871524,0
1,0.15069442230272878,0
0,0.03951150372792235,0
1,0.8383422723346896,1
0,0.0688933993418539,0
0,0.04095590186396955,0
0,0.03065059644838133,0
1,0.7335699439391687,1
0,0.5890782944149932,1
1,0.8544016746531236,1
0,0.6738314273103421,1
0,0.05384345872646035,0
0,0.0010192983052020928,0
0,0.0024722018426304097,0
0,0.4872422516686255,0
0,0.1220558340265911,0
0,0.4803566103391338,0
0,0.015351477729098364,0
1,0.9985015299073343,1
1,0.6329754029278281,1
0,0.2190941811517632,0
1,0.6549320933858667,1
0,0.10865227573276287,0
1,0.9900234551345624,1
0,0.01521504710128347,0
0,0.001992621144454411,0
0,0.05014362958012866,0
0,0.04521896184905522,0
0,0.005037818147610958,0
0,0.007087815681303904,0
0,0.7321729671768689,1
0,0.8489223700752992,1
0,0.017022727287211072,0
1,0.9880279943198196,1
0,0.7046737284711847,1
0,0.47944337972158024,0
0,0.16128951950147985,0
0,0.06131338497755075,0
1,0.7693569786405305,1
1,0.5017373861243803,1
0,0.0057995873940742135,0
0,0.12232991651636423,0
0,0.0019809588597344153,0
0,0.14355144290383975,0
0,0.6192560302925461,1
0,0.5138538076327487,1
0,0.5254357769107593,1
0,0.00896586649071022,0
1,0.8659922984944575,1
0,0.021542843241024314,0
1,0.9278818027839416,1
0,0.028526184605050946,0
0,0.6028871580205617,1
0,0.00783703914330857,0
0,0.41643161176620624,0
0,0.02544903429264897,0
0,0.7149559070761311,1
0,0.016556082939481454,0
0,0.003207882692017082,0
0,0.056842434456702506,0
1,0.7489908849089268,1
0,0.06514361639674439,0
0,0.04267381908100239,0
0,0.2588777390914416,0
1,0.998279224084391,1
0,0.6454058093218271,1
0,0.3027247763544768,0
1,0.8286706041853014,1
0,0.05972124922432763,0
0,0.023836695592462997,0
1,0.7409556351797222,1
0,0.01892838679323666,0
1,0.7563398988805023,1
0,0.03350864262747993,0
1,0.9974629315444425,1
0,0.009074765287435936,0
0,0.7494005135282402,1
1,0.031063830534051665,0
0,0.05864492621939799,0
0,0.03544552694221603,0
1,0.9850393086582029,1
1,0.9901341776179899,1
1,0.7114374351100008,1
0,0.7247177801290267,1
1,0.6907739656199331,1
1,0.9983756549860009,1
0,0.19121416609297412,0
0,0.010008263195834423,0
0,0.0011978956553857071,0
1,0.9900045765349748,1
0,0.05928787257430823,0
0,0.5140499514722829,1
0,0.14056594721342527,0
1,0.9503257000865775,1
0,0.008557383954946367,0
0,0.030040695278318808,0
0,0.364863642213296,0
0,0.0800135182457211,0
1,0.8948137539399864,1
0,0.934481218185673,1
0,0.6659416893300165,1
0,0.856426152766221,1
0,0.39052479662643014,0
0,0.46689745090202944,0
0,0.2064405027872345,0
0,0.008116393890626789,0
0,0.04096556824975704,0
0,0.049152768036178816,0
0,0.23863337844210172,0
0,0.030501371228572466,0
0,0.007342403273972954,0
0,0.07850189398654815,0
0,0.0037669513192991116,0
0,0.07333573577510637,0
0,0.6534642369769581,1
1,0.6109002350883412,1
1,0.23133287536754604,0
1,0.9957381764584841,1
1,0.24815603664128388,0
1,0.9252439257630237,1
1,0.9928643574793586,1
0,0.009142959748743264,0
0,0.6611567770433296,1
0,0.8117392080661288,1
0,0.084570908010311,0
1,0.7399604460927319,1
1,0.5984052949928467,1
0,0.001757774269667868,0
0,0.20644168267663818,0
0,0.030147570479275125,0
0,0.02130020117177572,0
0,0.008878094433771746,0
0,0.8794050698993435,1
0,0.111091340222232,0
0,0.1159311177397271,0
1,0.9843565746414273,1
0,0.05790139343604048,0
0,0.01516286085834847,0
0,0.15645275784075152,0
0,0.05908120737161208,0
1,0.8793254570039551,1
0,0.04044558353260448,0
0,0.03720784043453477,0
1,0.06918340003644854,0
0,0.7143062493206471,1
0,0.3735079691423206,0
0,0.013445143984616886,0
1,0.7193412452546667,1
0,0.1062036496779888,0
0,0.020496345965348942,0
0,0.02133143105839593,0
0,0.4888128253836287,0
0,0.8108211992177975,1
1,0.9946373279815757,1
0,0.5110102034441254,1
0,0.297448335212577,0
0,0.029090024821939432,0
0,0.060153333774265766,0
0,0.005028238736363246,0
0,0.37289393230533274,0
0,0.08491296075280343,0
1,0.7163199822609833,1
0,0.12609781380446475,0
0,0.7705491249149686,1
0,0.06645528008779278,0
1,0.43428944154258503,0
0,0.3732359299558012,0
0,0.008561517606920508,0
1,0.7044439884178872,1
0,0.6131723911819634,1
1,0.8541518537563866,1
0,0.1570812901524973,0
1,0.5899789973261127,1
0,0.8715576981175023,1
0,0.02958089661880555,0
0,0.17484793651550307,0
1,0.8512973780297197,1
1,0.9994863883200354,1
0,0.27957332627077464,0
1,0.7033005845927855,1
0,0.038150114153490976,0
0,0.001063741449441686,0
1,0.7485865303911647,1
1,0.677762293381508,1
0,0.005019316407719434,0
0,0.012410764420056185,0
0,0.12158974831207403,0
0,0.09535511614112127,0
0,0.16388161570712034,0
0,0.36706703791583983,0
0,0.4333925549796458,0
0,0.011454737384896862,0
1,0.9451838631875606,1
0,0.002533450185150339,0
0,0.026840615917987844,0
1,0.9992859152057515,1
1,0.8732173946816153,1
0,0.019032784548520348,0
0,0.005250817131676022,0
0,0.6237066176830507,1
0,0.004855735587399334,0
1,0.5383313928519985,1
1,0.9886627567683607,1
0,0.21410917859654827,0
0,0.06253226882841843,0
0,0.15638068053241772,0
0,0.010811993105447462,0
0,0.7318916268433234,1
0,0.6272455726862298,1
1,0.9177964876725984,1
0,0.27939528934607444,0
0,0.7190604900358007,1
1,0.9867755198730099,1
0,0.03777869987750017,0
1,0.03954046201917449,0
0,0.01692881658494043,0
1,0.735023229892992,1
0,0.0010256561565005944,0
0,0.07655611767246538,0
0,0.6438389252495047,1
0,0.10541528068825753,0
0,0.3384077834255452,0
0,0.6975840399566886,1
0,0.00479971055157905,0
1,0.8915823100557257,1
0,0.20956963691747837,0
0,0.006833456588741394,0
0,0.0034421011520713953,0
1,0.9927075075482199,1
0,0.026993207329417283,0
0,0.013231188318179373,0
0,0.03460844311262742,0
0,0.029926470534705405,0
0,0.03133770900738332,0
0,0.15180904991168412,0
0,0.14445158372879527,0
0,0.14144380513310648,0
0,0.0007402256219901323,0
1,0.8085819365727197,1
0,0.22648140318135063,0
0,0.03676893601199538,0
1,0.6269090535680724,1
1,0.8872601765039133,1
0,0.42753009259375147,0
0,0.0035015443425431376,0
0,0.0151289621973834,0
1,0.8371930847436132,1
0,0.02680423861243611,0
1,0.9978268629007581,1
1,0.8992822862449366,1
0,0.023277801147012053,0
0,0.030927545642460738,0
0,0.045484324634517175,0
1,0.9126791520709461,1
0,0.21162039063770538,0
0,0.04011386431459202,0
0,0.013788427438949525,0
0,0.0011369037532957891,0
0,0.819525109347511,1
1,0.7045701517995795,1
0,0.5538408270384648,1
1,0.8801412981462342,1
0,0.11632179056254524,0
0,0.0010144827493366228,0
1,0.7232644534215344,1
0,0.007054751182980978,0
0,0.0036801128043482028,0
1,0.7646302553767378,1
1,0.5723412901535164,1
0,0.4781541544002946,0
0,0.04217192877349075,0
0,0.39432405730629083,0
1,0.6716745384910248,1
0,0.37958528414039033,0
0,0.08011704116736329,0
0,0.15882894418620344,0
0,0.018207545850800352,0
0,0.03116248815043742,0
0,0.06855065546778555,0
0,0.8930856618696297,1
0,0.13000852592763695,0
0,0.015532193610617884,0
0,0.3604076933727523,0
0,0.007733299223837894,0
1,0.4673284991702456,0
1,0.9056969124117323,1
0,0.2961932723611853,0
0,0.09276260989499736,0
1,0.9930589555540279,1
0,0.12321554073642374,0
0,0.6179437968623066,1
0,0.0016322103540826745,0
1,0.5865327144530734,1
1,0.13371953614726204,0
0,0.6965886240186597,1
0,0.3753236225192834,0
0,0.10171433220877824,0
0,0.21904014559344404,0
1,0.9416326944929908,1
0,0.7461464596916992,1
1,0.2297822058481497,0
0,0.047726666512845115,0
0,0.12798395981257965,0
0,0.02864259406171441,0
0,0.5399396824697444,1
1,0.8577759089354383,1
1,0.6280916516109593,1
0,0.023704410245629873,0
1,0.8269454628198212,1
0,0.06680542360666034,0
0,0.23776107480583972,0
0,0.855460812367493,1
0,0.022351082418421462,0
0,0.005442951789121453,0
0,0.001499810810806058,0
0,0.47970640597693154,0
0,0.8297470027501392,1
0,0.01420617324393212,0
0,0.015748244925693346,0
0,0.3458347090980622,0
0,0.010523701448698145,0
0,0.05492159893014605,0
0,0.0019699797254248744,0
0,0.07819990009082273,0
0,0.12078972530677115,0
1,0.9882609700019064,1
1,0.47606117516585383,0
0,0.3833027520776226,0
1,0.9904233214995911,1
1,0.2221471883613175,0
0,0.2787732352724715,0
0,0.07771721345784005,0
0,0.0038115018583256333,0
1,0.6312381345079361,1
1,0.9872726270642346,1
0,0.11445414204338762,0
0,0.021905185510726524,0
0,0.1454070408332391,0
0,0.24589082177962476,0
0,0.015908137826379024,0
0,0.028901014420751294,0
0,0.005865599864400101,0
0,0.20911486277526078,0
0,0.1462764988161675,0
0,0.029868392505759792,0
1,0.7149573897601298,1
1,0.9280318742818394,1
0,0.002284313133856104,0
0,0.9639054814567647,1
0,0.46498340351074696,0
0,0.0015794900475390693,0
0,0.06298551372085529,0
0,0.24789392242998828,0
0,0.7457029760641557,1
0,0.5929385697492886,1
0,0.511718383374595,1
0,0.213986450907525,0
0,0.018143337807822305,0
0,0.05453659189577824,0
0,0.023211626875113765,0
0,0.5577701640399154,1
1,0.889060085110278,1
0,0.08642519418771161,0
0,0.28129960122988157,0
0,0.5113157947006962,1
0,0.003517236414935328,0
0,0.5918847046572986,1
0,0.022488148929794206,0
0,0.004690323361684544,0
0,0.01621839157550904,0
0,0.0009714677691172519,0
0,0.0011562350771698027,0
0,0.700313258372977,1
0,0.04044054895625492,0
1,0.5675004987672935,1
0,0.46973144419275714,0
0,0.0411787531511365,0
1,0.9992971405543449,1
0,0.3669281424824905,0
0,0.031063064905366335,0
0,0.16658883555189788,0
0,0.04578303186055782,0
0,0.1836894269561856,0
0,0.02835905121071666,0
0,0.0686165644276982,0
0,0.12150575963649067,0
0,0.006144736984066787,0
0,0.02319907873327711,0
0,0.0034027189224873342,0
0,0.01539597335983643,0
0,0.48319007149147164,0
1,0.48796938289098496,0
0,0.6342585138942111,1
0,0.10062953645557798,0
1,0.8542324865297474,1
0,0.04089988654403994,0
1,0.8148148704172941,1
0,0.0033983864253903768,0
0,0.8949921964784349,1
1,0.6480608877563672,1
0,0.03897075682285613,0
1,0.14757438300191314,0
0,0.38046140719836585,0
0,0.449382425996552,0
1,0.29999017999355937,0
0,0.026127244008006863,0
0,0.21204698796260119,0
0,0.0024792011891355114,0
0,0.08349863420691475,0
0,0.004092655903922449,0
1,0.8304862570066381,1
0,0.5538234252737743,1
0,0.00047994845513559675,0
1,0.9453314772849919,1
0,0.025942787377455197,0
1,0.5211015895848348,1
0,0.028739496267123608,0
0,0.08726702296943915,0
0,0.24684837944504484,0
1,0.19109524803826614,0
0,0.04695745201984945,0
0,0.8644503037208187,1
0,0.03914823844874213,0
0,0.4091565882501662,0
0,0.019934029178986155,0
0,0.8637813551944611,1
0,0.0012961164216373016,0
0,0.016565484428450968,0
0,0.7769458289582933,1
0,0.0010643341476277365,0
0,0.22777311908256087,0
0,0.04342858848885337,0
0,0.39483312583778385,0
0,0.24288807610194144,0
0,0.00812803428826035,0
1,0.8888066539859536,1
0,0.21326369249960092,0
1,0.7428094129765297,1
0,0.010208108999896779,0
1,0.9983221741373529,1
0,0.3706972287917005,0
1,0.8868062914603875,1
0,0.031947551961990055,0
0,0.0010051981563780955,0
0,0.48513671361370575,0
0,0.2372407146689127,0
0,0.37046308881434453,0
0,0.5169960378873033,1
1,0.9909232059258499,1
0,0.02018761844767346,0
0,0.037678663955035725,0
0,0.06298854783924777,0
0,0.01164465547800316,0
0,0.002266274077830473,0
0,0.15043401666886788,0
0,0.07088110824911296,0
0,0.5239502226044367,1
0,0.2890689215592522,0
1,0.996227659998533,1
0,0.008429626635239369,0
0,0.10333679365892388,0
0,0.04519461617342886,0
0,0.13858869032818374,0
0,0.08639896269730706,0
0,0.004279363220979687,0
1,0.840152522025296,1
0,0.0025308162634974213,0
0,0.06884863467309094,0
0,0.0069239956305498715,0
0,0.17777647793200507,0
0,0.09224689102788175,0
1,0.9349687026899248,1
0,0.6174908503786949,1
0,0.6997303079310688,1
0,0.052048921210346474,0
0,0.21207244491733424,0
0,0.19615172155725505,0
0,0.0033905895715949383,0
1,0.704605180472337,1
0,0.17703700257222577,0
1,0.6381957306263975,1
1,0.6643657837479795,1
1,0.9890020464062586,1
0,0.008301518962852887,0
0,0.12368637165030297,0
1,0.2987382600894967,0
0,0.003912758825580264,0
0,0.1015126441972634,0
0,0.04168830089900483,0
1,0.9336292082172093,1
0,0.08862698118158471,0
0,0.706402774287395,1
1,0.9192614441547509,1
0,0.06892385696469722,0
0,0.004607276406254437,0
0,0.5565716223581834,1
0,0.001516125693800618,0
0,0.05587584846760617,0
0,0.07397110423628081,0
0,0.32706595114188225,0
0,0.014042544744980966,0
1,0.832528938512469,1
1,0.5714651822873251,1
1,0.7764813801397408,1
0,0.08840168410069538,0
0,0.46187264938502054,0
0,0.0018507620144027162,0
0,0.010909068618398434,0
0,0.4011892870430953,0
0,0.1817693492332127,0
0,0.010685153029134819,0
0,0.5201389980012899,1
0,0.0172704371048323,0
0,0.748453870618617,1
0,0.11312272503458608,0
0,0.02077834077979327,0
0,0.03924279298436468,0
0,0.7317641479380979,1
1,0.09967663616793457,0
0,0.010383263500197899,0
0,0.011504128565170845,0
1,0.9988665123056985,1
0,0.17676600417789098,0
1,0.773699146601417,1
0,0.16116417075863662,0
1,0.9977082945991721,1
0,0.024110894069749377,0
0,0.060886783899943744,0
1,0.9377238774702387,1
0,0.026353716586364165,0
1,0.22635634775014246,0
1,0.9972625508633686,1
0,0.0015087472170913988,0
1,0.9992748297421195,1
0,0.21973114493567292,0
0,0.49722081744195457,0
0,0.01008550774856741,0
1,0.49996293156893595,0
0,0.003307006384110338,0
0,0.11033759991893585,0
0,0.0046570951867525075,0
0,0.6626698293800155,1
1,0.9955256953446813,1
1,0.9986536968125451,1
0,0.12570297981153872,0
0,0.8782774864679121,1
1,0.594376857633083,1
0,0.05827782026362731,0
0,0.11044826153922524,0
1,0.49748946417532086,0
0,0.22267567096001795,0
0,0.544755328164465,1
0,0.07771147961385462,0
0,0.001401817188060015,0
0,0.4459339281633438,0
0,0.7512163865640862,1
0,0.12447487746777507,0
0,0.0017744352483527054,0
0,0.07672665097115505,0
0,0.02487465413802871,0
1,0.9824477559694386,1
0,0.003115965121072202,0
1,0.9992407623400738,1
0,0.19045269162488462,0
0,0.2006753189803709,0
0,0.38128427010930893,0
0,0.016919941900740264,0
0,0.043860711049129614,0
0,0.0020426038577941777,0
1,0.9952292623002185,1
0,0.010025675358782831,0
0,0.26331544758608083,0
0,0.49866865505035096,0
0,0.3598357255532764,0
1,0.3617357914084648,0
0,0.02494449991801642,0
0,0.46235764623160674,0
0,0.4752243256392151,0
1,0.7430022799532231,1
0,0.5543417079972057,1
1,0.9972556725365328,1
0,0.007772171074887172,0
0,0.6886846096718647,1
1,0.36503801486361814,0
0,0.0005068590734694878,0
0,0.3737606657450257,0
0,0.41977076307175504,0
0,0.32757812976046924,0
0,0.35380548893946817,0
0,0.848724308312858,1
1,0.3971488035725984,0
0,0.3860219282128412,0
0,0.005676542354482885,0
0,0.9276148353186653,1
1,0.9830151300841962,1
1,0.8593552964463861,1
0,0.014609325426260207,0
0,0.051536919339539786,0
0,0.478531772288229,0
0,0.07986013641745887,0
0,0.576160243302317,1
0,0.2562823465382011,0
1,0.9782808673921201,1
0,0.020559927039111324,0
0,0.014637369017609697,0
0,0.047305336081290464,0
0,0.0010716905582331716,0
0,0.7633260337207833,1
0,0.06538359234331596,0
0,0.0014049387374577415,0
0,0.0036999522211874974,0
0,0.10354592782244597,0
1,0.6479539843772054,1
1,0.898062944726652,1
0,0.0011835030748090975,0
0,0.05155021591973143,0
0,0.7913084463146267,1
0,0.0012727485139206408,0
0,0.4383845440784366,0
1,0.9986690909579863,1
0,0.28257413017423155,0
1,0.5854109379147003,1
1,0.892080730212887,1
0,0.287613018816368,0
0,0.057022665992326825,0
0,0.006382536779858963,0
0,0.0039348507938468,0
1,0.9975651996572243,1
0,0.016855362228760287,0
0,0.47008898916451786,0
1,0.7201709090972915,1
0,0.004490039020903776,0
0,0.2755222797987406,0
0,0.4077977904893684,0
0,0.32548735695296727,0
0,0.005980405107987094,0
0,0.14647931747860599,0
0,0.08637163144349254,0
0,0.044759283184775435,0
0,0.0007214175936300836,0
1,0.9956995717380421,1
0,0.7929587962752898,1
0,0.47661774927153666,0
0,0.017964162910405854,0
0,0.15859763576490032,0
0,0.713580312861454,1
0,0.6238616445869658,1
0,0.03127428401788769,0
0,0.853968248866232,1
0,0.7949553842219016,1
0,0.03861075397234378,0
1,0.611802336458987,1
0,0.0036631712634509284,0
0,0.02315010594632955,0
0,0.06269047129481109,0
1,0.6219310135016793,1
0,0.06856957764325519,0
1,0.8035136492672974,1
0,0.43096669394038756,0
0,0.0013802446281771612,0
0,0.069372958097128,0
0,0.005894941445795437,0
1,0.6139460478380439,1
0,0.004220171854835153,0
1,0.9858538473399665,1
1,0.8109142860373728,1
0,0.04439615679836932,0
0,0.5000834091109467,1
1,0.17480271095009314,0
0,0.01028279316154533,0
0,0.18743168156402062,0
0,0.022328713813453322,0
0,0.01584288003682636,0
0,0.01027301811084161,0
0,0.06275893085562975,0
1,0.557643385942874,1
0,0.013952657527091064,0
0,0.06173936533157502,0
0,0.01229159131633995,0
0,0.4501317880885732,0
0,0.6162792913606796,1
0,0.009944778538975173,0
0,0.18200820570810403,0
0,0.27129989711054125,0
0,0.00534041975651755,0
0,0.12263750382924223,0
0,0.07758017279357392,0
0,0.17141671062695285,0
0,0.0542230785710323,0
0,0.5564053885402213,1
0,0.7685088209848566,1
0,0.025948434571762605,0
0,0.5729412430996711,1
1,0.8676689353127834,1
0,0.2721358310638758,0
0,0.833643064119701,1
0,0.0035981970506690345,0
0,0.0012029717453600243,0
0,0.023351090633887565,0
0,0.002050172806052831,0
0,0.19664164904571424,0
1,0.9137397036624003,1
0,0.6766447097149021,1
1,0.7589882761199838,1
1,0.6919236448213232,1
1,0.9738888071045906,1
0,0.0013505717403536294,0
0,0.6245118074688266,1
0,0.007903467079978512,0
0,0.28543318407899154,0
1,0.9926294331929791,1
0,0.14779867277439093,0
0,0.004828922307738772,0
1,0.8592871458505782,1
0,0.0038846038450727365,0
0,0.0031134914767405185,0
0,0.20123854020654486,0
0,0.006672417825031549,0
0,0.10543939677533483,0
0,0.2943258865254197,0
0,0.03091312273725421,0
1,0.841232074962057,1
1,0.745641994999741,1
0,0.03988218585533461,0
0,0.07601217517522936,0
0,0.008849097554433215,0
0,0.00241831031967449,0
1,0.030597290845075398,0
0,0.02875466889203039,0
0,0.872021950550191,1
0,0.04262723706286209,0
0,0.11895373486516093,0
0,0.37507086658302363,0
0,0.7754799338746073,1
0,0.263160329049921,0
0,0.7300300328816264,1
0,0.7554199704043003,1
0,0.023680801290986497,0
1,0.41037567858364843,0
0,0.19283105248213359,0
1,0.8916004265821329,1
1,0.8081590186635546,1
0,0.03604234444552879,0
0,0.09661132905629573,0
0,0.1347772688885079,0
0,0.029852872575071195,0
0,0.09554305782098292,0
0,0.003347389477684131,0
0,0.01992315216658925,0
0,0.11441905560430006,0
1,0.8623942713379766,1
0,0.01933167934847534,0
0,0.11483221342488421,0
1,0.9966960088859889,1
0,0.7526483672833747,1
0,0.05014221187006682,0
1,0.8346846480578334,1
1,0.899265755436961,1
0,0.7847091187699687,1
0,0.07655739062335931,0
0,0.008612492779528792,0
0,0.08334875561826813,0
0,0.33662860664396815,0
0,0.007783372967242023,0
1,0.9988226205064925,1
1,0.22494313677134906,0
0,0.8834264646299786,1
0,0.8210513683807659,1
0,0.01600084680378208,0
0,0.11160037134881137,0
1,0.6549320933858667,1
0,0.8541023222424575,1
0,0.28791949572307934,0
1,0.6276779730192878,1
1,0.9983817655618553,1
0,0.28208737694796077,0
0,0.8863865735737243,1
0,0.05111971361296763,0
0,0.02895035364854432,0
0,0.01770405032024526,0
0,0.07345637908701973,0
0,0.0863562329018848,0
0,0.035418243904538,0
0,0.0009275022349074544,0
0,0.05703185844912495,0
1,0.9394595155917345,1
1,0.7878437273419807,1
1,0.4982264868317665,0
0,0.06945797128352965,0
0,0.018417024330998504,0
1,0.6489901548434902,1
0,0.004694667857397804,0
0,0.08820660677462791,0
1,0.21144832563287308,0
1,0.7028396947411274,1
0,0.483429591446831,0
0,0.050951080211717265,0
0,0.018535448400140805,0
0,0.6549320933858667,1
0,0.018919552300027134,0
1,0.9991297407795894,1
0,0.08194470157304763,0
0,0.586800233908663,1
0,0.03897472838616598,0
0,0.20551706982057594,0
1,0.6075405186521916,1
1,0.8878351078617394,1
0,0.0012448485851885053,0
1,0.8542438874671364,1
0,0.03951144743193194,0
0,0.7897173754802569,1
0,0.055056583107640805,0
0,0.006405918441693175,0
0,0.10374209075878954,0
1,0.4536382978124806,0
0,0.48238699116146444,0
0,0.7226521439271566,1
0,0.07839339937884739,0
1,0.0267472328225765,0
0,0.2110960643234374,0
0,0.03571263843079752,0
0,0.03212523329502307,0
0,0.021307682753117976,0
0,0.06614864156502927,0
0,0.09107638376246818,0
1,0.8796635805014853,1
1,0.9963420816738437,1
0,0.5704771973383641,1
0,0.6717058972174726,1
0,0.09324194067252137,0
0,0.5896175273077091,1
1,0.8029670200873278,1
0,0.6972236438164793,1
0,0.02631191729090787,0
0,0.5376143818382073,1
0,0.00336388278980981,0
1,0.40530686959433126,0
0,0.05896995114803211,0
1,0.28997529930795635,0
0,0.043733879724850155,0
0,0.008504382258811718,0
1,0.7673782389959211,1
0,0.03566860111244374,0
1,0.6715908026566544,1
0,0.5613207864260394,1
1,0.41471294312302515,0
0,0.7283571738354484,1
0,0.010796366630211785,0
0,0.039800926259503426,0
0,0.5768701940983746,1
1,0.8944423291473814,1
0,0.19675749896545378,0
0,0.6966898500683211,1
1,0.8925117887284423,1
1,0.8735722312352083,1
0,0.007153922354722686,0
0,0.004626096256818784,0
0,0.7301302758354176,1
0,0.03692736343432794,0
1,0.9919762936946768,1
0,0.7898436852304732,1
0,0.3300523520254623,0
1,0.6564776942290641,1
0,0.554046623983369,1
1,0.7903742104542734,1
0,0.03990124694235303,0
1,0.9948548580560436,1
0,0.6669471919213271,1
0,0.1169653665136448,0
1,0.5390658374428882,1
0,0.005705376578760548,0
1,0.669420984095672,1
0,0.10691026782041813,0
0,0.09796704478326707,0
0,0.6632942372921339,1
0,0.2121501814908334,0
1,0.9798455849674649,1
0,0.12481330590884233,0
0,0.7626581426915574,1
0,0.04405950269029011,0
0,0.0016727683238590648,0
0,0.009215996587687606,0
1,0.7366714254030285,1
0,0.552506800702847,1
1,0.6404413679549013,1
0,0.0623292087464747,0
0,0.17451261559674877,0
1,0.9903641945612932,1
0,0.36241449304130147,0
1,0.9969242949164069,1
0,0.023822923300424348,0
1,0.7196331853280715,1
1,0.9168253577047157,1
0,0.0036720185829163493,0
1,0.9984561497710632,1
0,0.056421659917652835,0
1,0.7720001618884922,1
0,0.5398692724584494,1
0,0.005814095441489661,0
0,0.007991844288158608,0
0,0.010241498595095516,0
0,0.565772519016641,1
0,0.02172662650408111,0
0,0.1513797919057142,0
1,0.749944235953492,1
0,0.21680612901816831,0
0,0.040951047379933096,0
0,0.5809822087199988,1
0,0.055917169846685495,0
0,0.18572500085725258,0
1,0.5938187667149428,1
1,0.9960738387418154,1
0,0.029837020123558433,0
1,0.9970425642593242,1
0,0.06686338283700269,0
0,0.0419137514536072,0
1,0.8497986775816281,1
0,0.5291279189148527,1
1,0.6182263939616391,1
0,0.012661473939366473,0
1,0.9876149991140172,1
0,0.6224463359480543,1
0,0.04205867131902531,0
0,0.3908724697697994,0
0,0.5722366038939495,1
1,0.942270225579689,1
0,0.13244932224648942,0
1,0.9871325783992346,1
0,0.3344636169677948,0
0,0.00858552422635118,0
1,0.9153979214247899,1
0,0.1571773487220838,0
1,0.5934872133816064,1
1,0.1129915668782385,0
0,0.32404398246426247,0
1,0.9399431439148961,1
0,0.43121168748356375,0
0,0.00525357314258576,0
0,0.41675219964211535,0
0,0.2802425706578497,0
1,0.9123306856318288,1
0,0.0022721209663512025,0
1,0.9974369330034812,1
1,0.6972891835140673,1
0,0.000773915102105827,0
0,0.00517977798845911,0
0,0.01438763805836172,0
0,0.007491955524372923,0
1,0.7333021333401932,1
0,0.4858222199267355,0
0,0.0010526726399827243,0
0,0.02270261218066384,0
1,0.9986856546035574,1
1,0.9070214707259698,1
0,0.020329798077009225,0
1,0.9841942696384908,1
1,0.9268193293243019,1
0,0.033532440145544566,0
1,0.4132432135971704,0
0,0.22469335272643703,0
0,0.05601494665262591,0
0,0.06654904109769384,0
1,0.7064035573314167,1
0,0.16507508105786892,0
0,0.6181886737814519,1
0,0.0166095030973611,0
0,0.4908032613644796,0
1,0.18888671627822395,0
0,0.0016643958260488417,0
0,0.7620183146151907,1
0,0.6953222734051798,1
0,0.29510300768217024,0
0,0.22988149755566287,0
0,0.19485300169351205,0
0,0.5396854862216242,1
1,0.29685414462266646,0
0,0.6549320933858667,1
1,0.9983752324146458,1
0,0.05329279740111999,0
1,0.9988049855654264,1
0,0.02148915853711301,0
1,0.9965439289324814,1
0,0.021679335433980516,0
1,0.3428320470339834,0
1,0.9970479706020149,1
0,0.0038865900712319705,0
0,0.4957779774886413,0
0,0.13347891526665737,0
0,0.19729840879792612,0
0,0.16764484339024502,0
0,0.002187787045918563,0
1,0.8545593630357703,1
0,0.006800096845115314,0
1,0.9984401182840781,1
0,0.1167017556824092,0
0,0.8293375415227595,1
0,0.13007200487953074,0
1,0.9894317996967552,1
0,0.020758155012700605,0
0,0.1378305599814283,0
0,0.005251378705419773,0
1,0.8511241537475347,1
0,0.0693870732986068,0
1,0.5321152032500416,1
0,0.2840533442620123,0
0,0.14505558208320096,0
0,0.00396693901973101,0
0,0.033321026296756956,0
0,0.7400397061645148,1
0,0.014822537176852675,0
0,0.0025196888949194506,0
0,0.7220662186575352,1
0,0.002106296044180649,0
0,0.009524536755735852,0
0,0.4744083487193805,0
0,0.006100357014878166,0
0,0.0013485296867633393,0
1,0.9770104529706619,1
0,0.13931073886161552,0
0,0.002965718838061241,0
0,0.024204334671024414,0
0,0.004604779137816047,0
0,0.20502378900319795,0
0,0.8297129287890689,1
0,0.009561193669607502,0
1,0.9989388358666508,1
0,0.00432358961435725,0
0,0.1157044923618078,0
0,0.007606893121674919,0
0,0.36214187596227737,0
0,0.8094344341000758,1
1,0.9753778253079834,1
0,0.07666283752632065,0
0,0.4399656461816112,0
1,0.9620217857064249,1
0,0.2653500713516781,0
1,0.9785624588695094,1
0,0.1288862577727345,0
0,0.395600911689181,0
1,0.9778059182803881,1
0,0.018388064472579225,0
0,0.023570233749575942,0
0,0.5625703386404443,1
0,0.0016645932696043315,0
0,0.011551543137822596,0
0,0.6835205864704975,1
0,0.007367439784603107,0
0,0.009191311624788954,0
1,0.6097773275969949,1
0,0.019774725916907994,0
0,0.7012713426674038,1
0,0.008241636031219336,0
0,0.016333289046738066,0
0,0.23109366773887818,0
0,0.8453526518585579,1
0,0.2678951241725677,0
0,0.0013274690652251384,0
0,0.4410439100013189,0
1,0.10006377789945448,0
0,0.018564313204936178,0
0,0.01669976267708226,0
1,0.3614561835502607,0
0,0.10969118818560979,0
0,0.7310783876828575,1
0,0.020643489677375476,0
0,0.23868949653223054,0
0,0.19648609776224737,0
1,0.8129379094317409,1
0,0.02613137883857897,0
1,0.44755737526991435,0
0,0.1896254002383385,0
1,0.34338618841653085,0
0,0.02534308710597736,0
1,0.9882024922547206,1
0,0.02877967043847978,0
0,0.06035579175009116,0
0,0.0759469059236963,0
0,0.04362191121038084,0
0,0.0028383677616649764,0
0,0.8495832858203547,1
1,0.3187900084713151,0
0,0.03864375036175963,0
1,0.8781119071253214,1
0,0.7766913521451067,1
0,0.002188251773779167,0
0,0.24521033304114387,0
0,0.27896548826646306,0
1,0.1222744351117694,0
0,0.021451973234331505,0
0,0.05440155981880176,0
0,0.30675342098620895,0
0,0.017187667288397997,0
0,0.4614281821530841,0
0,0.7373063942211773,1
1,0.8428301057340926,1
0,0.0980000422841569,0
0,0.006977510811735085,0
1,0.9987884493272864,1
0,0.005777658976171633,0
0,0.5098448355216488,1
0,0.45529316938154296,0
0,0.13853414973362127,0
0,0.024939720524471163,0
0,0.8309948185591186,1
0,0.019244613939269385,0
0,0.0019162809601152144,0
1,0.7024436583619872,1
0,0.11040934660089959,0
1,0.9121288755472823,1
0,0.07798508130348121,0
0,0.30079433425752167,0
0,0.12238998990573892,0
0,0.1062702998813707,0
0,0.1143680057865003,0
0,0.017816394903388225,0
1,0.8688348529934867,1
0,0.18764930097279706,0
0,0.01924059433421994,0
0,0.020914128281223052,0
0,0.1270392975143403,0
0,0.15464980281495586,0
1,0.6367834390223043,1
0,0.24179459328762481,0
0,0.005771637552072252,0
0,0.3156821135568552,0
0,0.8366878336767671,1
1,0.4599037340438444,0
0,0.8736695402298675,1
0,0.04859043359615912,0
1,0.8954953085945841,1
0,0.019124728739373466,0
0,0.0019132451024917985,0
1,0.8799165307674424,1
0,0.6835073728048733,1
0,0.04572509833497812,0
0,0.47037167535404595,0
1,0.7751316750462596,1
0,0.0015264855869720746,0
0,0.023834159018620182,0
0,0.27612640533007193,0
1,0.8995565812676217,1
0,0.06507839167389969,0
0,0.2526270029553867,0
0,0.057998033036191575,0
1,0.8220775477285092,1
1,0.7989355740968724,1
0,0.7680529101916939,1
0,0.04061061067679339,0
0,0.04908146570582965,0
0,0.6735483965878813,1
0,0.6111248320843022,1
0,0.1291142333083402,0
0,0.01769886622232512,0
1,0.5788974046395756,1
0,0.04545303234198444,0
0,0.02428544766345073,0
0,0.02686711635430879,0
1,0.9977009518683164,1
0,0.09365698546159167,0
0,0.009137979467974846,0
0,0.6790735890828433,1
1,0.608198017356916,1
1,0.563054599480944,1
0,0.06149024999912504,0
1,0.9916420654260429,1
1,0.9982621412025093,1
1,0.17948028789150472,0
0,0.0009105028270065598,0
0,0.750147250516174,1
0,0.07470648568718104,0
0,0.08612396486667699,0
0,0.00286060219230366,0
1,0.8681268560768102,1
1,0.4704241847853515,0
0,0.1868210575513006,0
0,0.540977212416314,1
0,0.7242372355210595,1
1,0.2574297344790554,0
1,0.9063275153217777,1
1,0.891099429449464,1
0,0.8197579920955299,1
0,0.9282312603252509,1
0,0.4988452360034025,0
0,0.02218412022519731,0
0,0.002971911966616915,0
0,0.0019357987037111556,0
1,0.9967955394082868,1
1,0.6490307660946362,1
1,0.9113342482369363,1
1,0.8330755129480851,1
0,0.07837769605856162,0
1,0.6071517233580143,1
0,0.40275707195493693,0
0,0.037395241941407226,0
0,0.041070232431432756,0
0,0.004080158171022053,0
0,0.5630832281071334,1
0,0.03164578351998822,0
0,0.04794812811723367,0
0,0.010885905962186701,0
1,0.41675417582315893,0
1,0.9020366566489596,1
0,0.41450050026408886,0
0,0.14249961610030162,0
0,0.7945081244766555,1
0,0.0017914833306048618,0
0,0.006547696331570882,0
0,0.18088051010244366,0
1,0.4770759574497096,0
1,0.91735486439135,1
0,0.6542215465932615,1
0,0.7984478267570952,1
0,0.027055333272311428,0
0,0.6546769128840868,1
0,0.002864467931183412,0
1,0.6677274753522167,1
0,0.13870848965845983,0
1,0.9845406237279769,1
0,0.7616237946644201,1
0,0.33287254858290366,0
0,0.0013328260626999495,0
0,0.0022723047275865693,0
0,0.7772072924233572,1
0,0.29319082720837014,0
0,0.5987244035933637,1
0,0.14826442631459336,0
0,0.8005162056690077,1
0,0.060999608498892945,0
0,0.03228030205707856,0
0,0.049982967431712655,0
1,0.5317326615226322,1
0,0.010111495047442428,0
0,0.023425772377507086,0
0,0.4617217894654843,0
0,0.7437022353441598,1
0,0.9178669900537313,1
1,0.8231896110611137,1
0,0.01869808382042177,0
0,0.22730686312907103,0
0,0.2695995998609716,0
0,0.0028485833946169576,0
0,0.0226975511224722,0
0,0.004873277381087128,0
0,0.06822411598340887,0
0,0.024596039122079565,0
0,0.03668688802496534,0
0,0.08846627211090852,0
0,0.13217094714989647,0
0,0.6771967903578222,1
0,0.46029565788822235,0
0,0.47591667433907725,0
0,0.10483007099403559,0
0,0.17404903678207928,0
0,0.09711276434916205,0
0,0.27969083035576986,0
0,0.05516903279059786,0
0,0.5838416452736478,1
0,0.04917726564762672,0
0,0.0016196649432500888,0
0,0.699100349556851,1
1,0.9970337670327565,1
0,0.0055161696216189165,0
1,0.1460845916536585,0
0,0.04156195544940085,0
0,0.3125379260158662,0
1,0.72743204931041,1
0,0.008173900986180293,0
0,0.008770008196750773,0
0,0.010724463347691775,0
1,0.9928670708894711,1
0,0.118348345686745,0
0,0.8089595382439394,1
0,0.21036329332573062,0
0,0.7765256436212324,1
1,0.9839900029554158,1
0,0.016148072426281898,0
0,0.0372563927069188,0
1,0.5604631340189115,1
0,0.04223600137801072,0
0,0.5254257880401806,1
0,0.10534126954894513,0
0,0.37384309263288606,0
0,0.003538584063641967,0
0,0.16675295436885743,0
1,0.9990596472460179,1
1,0.84468946874268,1
1,0.9953718247818178,1
0,0.04319693158835965,0
0,0.2274948309985094,0
0,0.0697823150711964,0
0,0.4245052332785262,0
0,0.007261727073931728,0
1,0.5426929973072888,1
0,0.6585550230252589,1
1,0.8307174194835899,1
0,0.05816176474176144,0
0,0.02253300174365958,0
0,0.643278432303959,1
0,0.01462703358686734,0
1,0.9941096903872136,1
1,0.9927907921046005,1
0,0.06381721561361263,0
1,0.5624001419116574,1
0,0.02952120713741086,0
0,0.01729522233764039,0
0,0.0062004184901861105,0
0,0.002524304331439024,0
0,0.039642028106246216,0
0,0.015763584791068718,0
0,0.035452149360672015,0
0,0.018538029512223046,0
0,0.6653689662662817,1
1,0.7123501625070278,1
0,0.8455966228303238,1
0,0.4199854955332133,0
0,0.3708867363848476,0
0,0.14430550230206354,0
0,0.03069223797890554,0
0,0.25737674974536723,0
0,0.007347666705123514,0
0,0.11087963680783226,0
1,0.9979612828286388,1
0,0.7094372659254119,1
1,0.8117286635429948,1
1,0.890883221625675,1
1,0.9983999472238074,1
0,0.5896288075597106,1
0,0.009615149629650991,0
1,0.9159851408099614,1
0,0.3210143943367533,0
0,0.28218838928592177,0
0,0.011680577662088623,0
0,0.0516649079405904,0
0,0.021748880128500334,0
1,0.31191977476109356,0
0,0.6749330109570985,1
0,0.1829768818826972,0
0,0.2697449143573527,0
0,0.10755877842178276,0
0,0.001232527424353151,0
0,0.016350819360756507,0
1,0.7233515044858785,1
0,0.05168935811305105,0
1,0.8429675311250728,1
0,0.7565207313988428,1
0,0.009828405911498802,0
0,0.6312475579295747,1
1,0.6929179063758336,1
0,0.0341007114664265,0
0,0.007293128799136729,0
0,0.0013420759202444298,0
0,0.6755628808456557,1
0,0.02626002960443916,0
0,0.14960046162136878,0
0,0.004110776173847571,0
0,0.18187349198879854,0
0,0.14085521829789385,0
1,0.844498795412887,1
1,0.20091974407279956,0
0,0.0015384189015690388,0
1,0.9559800398483563,1
0,0.09068190730181411,0
0,0.19096709157862143,0
0,0.0024995638222682715,0
0,0.00990653577256596,0
0,0.2281778173575732,0
1,0.7773505293106033,1
0,0.03483902771553256,0
0,0.706646757737127,1
1,0.8521613654060634,1
0,0.013581593917000664,0
0,0.8627689803378756,1
0,0.042726773055361385,0
0,0.09424075683538649,0
0,0.6345777888369118,1
0,0.8567554754789113,1
0,0.4549305353386127,0
0,0.9145861956725349,1
0,0.003562550981671137,0
0,0.04081033209254324,0
0,0.6478381159292901,1
0,0.5631121977680178,1
0,0.0015949346140946693,0
0,0.01808067162328754,0
0,0.7872584418708256,1
0,0.25141424510642624,0
0,0.02227039165939275,0
0,0.048150995923961666,0
1,0.9026125029630744,1
0,0.6505024983496813,1
0,0.043731123605943965,0
1,0.9124674440574807,1
0,0.4547229272719085,0
0,0.13118379817683526,0
0,0.5986231230847077,1
0,0.04838448136128573,0
1,0.9840981129811294,1
0,0.015279715890153256,0
0,0.663683097709688,1
0,0.021195953019083613,0
0,0.1493167252840897,0
0,0.2193742802456541,0
0,0.15550105000368375,0
0,0.027747711649997,0
0,0.2849474574668968,0
0,0.018837826626232856,0
1,0.9181782021861847,1
0,0.047328189586374435,0
0,0.03474763232275476,0
1,0.6693491425350454,1
0,0.0026247964971961102,0
0,0.19808081807862524,0
0,0.7057723672397385,1
1,0.8063213927731602,1
0,0.0009814575207547742,0
0,0.12188727211709459,0
0,0.011052908065143275,0
0,0.04083034118662114,0
0,0.009468447433436115,0
0,0.027290507375654062,0
1,0.9949235398458658,1
0,0.0018615583797113625,0
0,0.01260252499145473,0
1,0.7418487268354668,1
0,0.38635843459780184,0
0,0.05026456787492425,0
0,0.0033629238331285946,0
0,0.06562130704376157,0
0,0.17045672708163181,0
0,0.0038015010388454747,0
0,0.01001099833302449,0
1,0.6496659553920238,1
0,0.6873817532225922,1
0,0.11103029503668778,0
0,0.19856602660425887,0
0,0.6719451604710345,1
0,0.7617063116669239,1
0,0.4040622610838589,0
0,0.02446986839770448,0
1,0.996963217318725,1
1,0.9957742367590111,1
1,0.9960235794266065,1
0,0.013491426861390024,0
0,0.007722625862734562,0
0,0.13966996683624364,0
0,0.02406652337713156,0
0,0.6528753653312656,1
0,0.7907828016595271,1
0,0.4158795424986369,0
0,0.010315788085046563,0
0,0.3055508650037074,0
0,0.0011689907276769406,0
0,0.13791951101141903,0
1,0.8084852136930495,1
0,0.001051299680442069,0
0,0.7355969972630513,1
0,0.03315620187771663,0
0,0.006923333826054434,0
0,0.6028570647120731,1
0,0.6298418524608119,1
1,0.6641040724383365,1
0,0.6750901696793702,1
1,0.9045548701904739,1
0,0.02742681069659303,0
0,0.046402897379850434,0
0,0.19239858256277872,0
0,0.024404290944018955,0
0,0.7259032387050158,1
0,0.40137803911641134,0
0,0.01184917718263387,0
0,0.022835680081869546,0
0,0.010543540730745132,0
0,0.6991726892063914,1
0,0.19909799036354017,0
0,0.07049482970752374,0
0,0.41147206302168354,0
1,0.7922478078168065,1
1,0.9956220405357985,1
0,0.03093993114002833,0
0,0.0073340600632149444,0
0,0.025211462980898807,0
1,0.8779076678660752,1
0,0.00520282303584154,0
0,0.40149226734756394,0
0,0.567871139615964,1
0,0.6262928163629455,1
0,0.41043634702044623,0
0,0.007940213378598246,0
1,0.9994377846785728,1
1,0.8846272049042003,1
0,0.015156797185484981,0
0,0.058941119710112955,0
1,0.9922953590199223,1
0,0.7417027377442659,1
1,0.8049995085205724,1
0,0.38345397638451373,0
0,0.11188772400005115,0
1,0.7357457004100537,1
0,0.00618555623257231,0
1,0.4975646292844833,0
0,0.10154703924139667,0
0,0.09332073926292037,0
0,0.8372267008444263,1
0,0.08818899997267556,0
0,0.07070137275807879,0
0,0.43427733238389643,0
1,0.6367439058582652,1
0,0.03196905216442426,0
0,0.6161801658663675,1
0,0.010152310491483811,0
1,0.4902450873338981,0
1,0.8983201035857749,1
0,0.8495520527921299,1
0,0.001633699537478777,0
0,0.4831350611907271,0
0,0.006880678532473402,0
1,0.8921045499319035,1
0,0.0020216677185764414,0
0,0.3070983750526048,0
1,0.3123862874572681,0
0,0.07985467237090714,0
0,0.07962294632654192,0
0,0.01004769474046278,0
0,0.024880043016679336,0
0,0.0031914670354393883,0
1,0.9245728055642448,1
0,0.046089062296643585,0
0,0.1527547358210273,0
0,0.019225020094539108,0
1,0.8039914754421134,1
0,0.011189480058089991,0
0,0.012469045246895327,0
1,0.9811118721413694,1
0,0.6933320169019817,1
0,0.1743158058681772,0
0,0.1350574296490751,0
0,0.019986003652462343,0
0,0.09223353102724817,0
0,0.15409139235651667,0
0,0.022791453250379564,0
0,0.6055005296422279,1
0,0.841984034727474,1
1,0.5036109584408153,1
0,0.054106658724952614,0
0,0.002522870013118354,0
1,0.9030397108737219,1
0,0.3482617956573024,0
0,0.03069608322971396,0
0,0.18192488623784367,0
0,0.10651417654262901,0
0,0.2702678824076795,0
1,0.8890063365902774,1
1,0.9714809682229981,1
0,0.026081477991887925,0
1,0.9452526726715323,1
1,0.6701871935433595,1
0,0.01747842047913417,0
0,0.03101355638561338,0
0,0.6154243974073257,1
0,0.044385169955996805,0
0,0.07453800109509917,0
1,0.7145146962793282,1
1,0.6998217798510549,1
1,0.9726640388655751,1
0,0.0021423267256454105,0
1,0.7871412904233377,1
0,0.043103884613132755,0
1,0.9637830865840519,1
0,0.05667931423152294,0
0,0.022242469470391928,0
1,0.7712306737893481,1
1,0.43088743910340976,0
0,0.04993834594643033,0
0,0.014594222330418443,0
0,0.023651602905320337,0
0,0.06768938221770336,0
0,0.46615395332909904,0
0,0.2850125305460466,0
0,0.054000289827208794,0
0,0.20761275897042514,0
0,0.08947998500346872,0
0,0.5823662980798539,1
0,0.17138041237642254,0
0,0.24279996229418033,0
0,0.05777476486880646,0
0,0.09436274989520325,0
0,0.04133390873291899,0
0,0.5864273006788445,1
0,0.25645873495786187,0
0,0.00907561513127468,0
0,0.00029552432563689773,0
1,0.3835906968039965,0
0,0.17200332731898516,0
1,0.7698486491537629,1
0,0.8727662018773367,1
0,0.07268376828036033,0
0,0.41203488365418683,0
0,0.02609070752586117,0
1,0.8540266105540508,1
1,0.8952368339845488,1
1,0.7960432547547138,1
0,0.0019563983307220355,0
1,0.8534866763935413,1
0,0.0009754570789288899,0
0,0.007240326873759349,0
0,0.035641106464726666,0
0,0.23002446615625652,0
1,0.6777129530268957,1
1,0.9103458411682236,1
0,0.8750760109876419,1
0,0.05578025256857548,0
0,0.016280454492599714,0
0,0.7335262095593692,1
1,0.46869896040032677,0
0,0.1192676103336759,0
0,0.011422712786994253,0
0,0.0243500506166665,0
0,0.005151445016843952,0
1,0.9947811717269508,1
0,0.05130345618311635,0
0,0.7227055082929763,1
0,0.030812389337736598,0
0,0.0040003506250757765,0
0,0.0019071850035968028,0
0,0.025995509834349086,0
1,0.38350278259020854,0
0,0.029649057765076602,0
0,0.0017673044616178782,0
0,0.02016328838538701,0
0,0.01718277662061796,0
1,0.7978236872158457,1
0,0.16856852816102694,0
0,0.001821072760173967,0
1,0.7504944611633672,1
1,0.16053690948752752,0
1,0.699046235824628,1
0,0.0039021094183812497,0
0,0.007912012760551047,0
1,0.6249013605075237,1
0,0.05741045572791706,0
0,0.008174886401907396,0
0,0.32434569173595224,0
0,0.07086600322040117,0
0,0.3902435101131762,0
0,0.0016244824307903834,0
0,0.04887911609710113,0
0,0.2712755365096467,0
1,0.9899501068873232,1
0,0.010584169831457426,0
0,0.0021514951495977823,0
1,0.9983753333422781,1
0,0.0254452348153205,0
1,0.8139726307119037,1
0,0.01085744942028718,0
0,0.1291965083132238,0
0,0.021399428284354424,0
0,0.3144418691633837,0
0,0.19122246548318253,0
0,0.03487169468980719,0
0,0.14604019040353916,0
1,0.859073767558155,1
0,0.17943798825149399,0
1,0.8932868237460442,1
0,0.010997184452969532,0
1,0.582563816247127,1
0,0.053384640003610644,0
0,0.05914117132280964,0
0,0.06308379642377515,0
1,0.4361584031277865,0
0,0.04646459145408754,0
0,0.5416429663795329,1
0,0.04195573350747846,0
1,0.6407648350810109,1
1,0.5686621440431734,1
0,0.045988759558006596,0
0,0.03012703216390357,0
0,0.009514018141765387,0
1,0.218600936805329,0
0,0.6044945213424292,1
0,0.02724152534293632,0
0,0.027345551496393606,0
0,0.020454024454427587,0
0,0.05881493544151869,0
0,0.03228362186046222,0
0,0.24371741337414554,0
0,0.7367256481492217,1
1,0.001997858924986199,0
1,0.7518092268240706,1
0,0.044340166283672156,0
1,0.817486119082836,1
0,0.00080745709259669,0
0,0.13227681900914534,0
0,0.02116413524264419,0
0,0.03565446204114886,0
0,0.0020176399521825315,0
1,0.9896136020303828,1
1,0.998736507758079,1
0,0.05762428415677032,0
0,0.10600946496997478,0
1,0.30963797922861613,0
0,0.011553291580462406,0
0,0.01719105740166772,0
0,0.10014691980813853,0
0,0.041290838742576476,0
0,0.002135527565844153,0
1,0.23113902362272223,0
1,0.9971632424696654,1
0,0.019949883985915996,0
0,0.3099037612723561,0
0,0.002419305570814961,0
0,0.00140107414041115,0
1,0.9056310481205573,1
0,0.002572221787418625,0
1,0.7783785809545181,1
0,0.023885589161878377,0
0,0.03337022250312725,0
0,0.8229584740273403,1
0,0.1403171937816914,0
0,0.12837410596654228,0
0,0.7916643262463384,1
0,0.03186637564676715,0
0,0.2951583020321477,0
1,0.9982180015506523,1
0,0.0007058727558801841,0
0,0.7126221530873401,1
0,0.07811089848801164,0
0,0.008688481361627592,0
0,0.5613950790878851,1
0,0.1056311921815615,0
0,0.068518272541323,0
0,0.02041235791929055,0
0,0.03401128936847713,0
0,0.5385634192946148,1
0,0.2033916666177394,0
1,0.9989087008177068,1
0,0.026201987045087288,0
0,0.7580799483096775,1
0,0.33731883933083967,0
1,0.9975662035731901,1
0,0.27330803309356794,0
0,0.2479340843218945,0
0,0.30894575739865626,0
1,0.9314930307995282,1
0,0.004226093716795017,0
0,0.801073938038413,1
1,0.7539090068267796,1
0,0.009566298995923957,0
0,0.002940124786026367,0
0,0.11393163017437233,0
0,0.007271449178950317,0
0,0.002873621264457792,0
1,0.8965056725712732,1
1,0.6457340020328671,1
0,0.6841535513167206,1
0,0.04435414413776882,0
1,0.5084844980358961,1
1,0.9949190128068135,1
0,0.22578186249680982,0
1,0.6394962164664401,1
0,0.2588933589068497,0
1,0.7185573827951247,1
0,0.23711288435334044,0
0,0.005895501690773518,0
1,0.7112364182519698,1
1,0.8515121029880317,1
0,0.02188235737728468,0
0,0.011331846060723835,0
0,0.6406636360318325,1
0,0.6409461739534692,1
1,0.8453158458860389,1
0,0.1642845600438162,0
0,0.8647632426764998,1
0,0.041790879549883066,0
0,0.0005575561829991069,0
0,0.04573792041916391,0
0,0.0007284670866101044,0
0,0.2518423412256739,0
0,0.0012330548487255264,0
0,0.006379419142022934,0
0,0.013804560851191543,0
0,0.00948721789969874,0
0,0.028848311806856472,0
1,0.9988705508093523,1
0,0.007562841999037194,0
0,0.4911959830015069,0
0,0.27222590011325953,0
0,0.001346568677979378,0
0,0.8430091847263779,1
0,0.047285722367548313,0
1,0.8817825277228972,1
0,0.013537170012623988,0
0,0.0022228663422993126,0
0,0.6976598862577211,1
0,0.6125700463433025,1
1,0.3049294400138874,0
0,0.02390146637652412,0
0,0.6591546909939261,1
0,0.032921754346251976,0
0,0.6156055544520157,1
0,0.177038199391279,0
0,0.004370783144535014,0
0,0.6222417692954012,1
0,0.05780400619325171,0
0,0.1557233269205239,0
0,0.1378003955633775,0
0,0.032969485803727674,0
0,0.00896462966630704,0
0,0.026606153827572292,0
1,0.8515656728052382,1
1,0.7914425936768595,1
0,0.02590034866106497,0
0,0.021347246896260733,0
1,0.9863724319652296,1
0,0.0016467639114261363,0
0,0.6811611933620924,1
0,0.047010786577017766,0
0,0.15185029448629125,0
0,0.03713438703769056,0
0,0.00985884814050266,0
1,0.29114808439485446,0
1,0.8923406568112338,1
0,0.6091407810231498,1
0,0.0011730851862645744,0
0,0.002811796015325227,0
0,0.0030862727081038595,0
0,0.006269918221455887,0
0,0.006730438090886678,0
0,0.8350461592430458,1
0,0.7598051460079531,1
0,0.0018392489847211216,0
1,0.8921045499319035,1
0,0.7967228858525477,1
0,0.6365072744544047,1
0,0.4448197649928072,0
1,0.8933109441776466,1
0,0.4241389678784328,0
0,0.7173338529521577,1
0,0.0023629324394002387,0
1,0.6983986734436912,1
1,0.578655543676807,1
0,0.16843897631095045,0
0,0.013525537985873075,0
0,0.0013251318718684544,0
0,0.004133153410672352,0
0,0.757718928257857,1
1,0.9968244703747509,1
1,0.9987686841560469,1
1,0.8635265336521231,1
0,0.030120878485199145,0
0,0.26261819787609714,0
0,0.020141457998577847,0
0,0.039712542048974765,0
0,0.04631170007179236,0
0,0.8876037410452972,1
0,0.015704708365093897,0
0,0.013002068394560156,0
0,0.003459441934071602,0
0,0.4669325662264062,0
0,0.10569400878903164,0
1,0.8406348267255098,1
0,0.07042894045006243,0
0,0.4322327445986854,0
0,0.034338358504645214,0
0,0.019183291285523072,0
0,0.2404898938131582,0
1,0.9422695051838202,1
1,0.9550988678202921,1
0,0.6399782532735667,1
0,0.6563701178310585,1
1,0.9835377088366133,1
0,0.0825126590618358,0
1,0.9974544023705001,1
0,0.001211654335235222,0
0,0.034113898469518476,0
0,0.008618934860758405,0
0,0.021771896860862085,0
0,0.002510892172739199,0
0,0.250626228966709,0
1,0.8415076740538838,1
0,0.23854903207633046,0
0,0.882656921671541,1
0,0.15793091570492193,0
0,0.3784699169813913,0
0,0.3238006462718766,0
1,0.9976727934353046,1
0,0.5439469635354365,1
0,0.02666551048229135,0
0,0.0020935857972544498,0
0,0.03942980757996279,0
0,0.0454553243368406,0
1,0.1543603701145562,0
1,0.9738782113806009,1
0,0.6679502901713372,1
0,0.7086564090976533,1
0,0.045976907865177025,0
0,0.651195100738543,1
1,0.8255600884387411,1
0,0.7690785095152456,1
0,0.08903020842371287,0
0,0.6019338009286047,1
1,0.988319083261517,1
0,0.1843552466045403,0
0,0.013652824723810441,0
0,0.01069133592359374,0
0,0.029532766410369532,0
0,0.13806368940463043,0
0,0.4361739668748321,0
0,0.394972789721886,0
0,0.020655325985160615,0
0,0.49053987001017274,0
0,0.055834039738220854,0
0,0.0011550104956111426,0
0,0.002461302091447793,0
0,0.03123996752840169,0
0,0.00272754085295021,0
0,0.22439052854419264,0
0,0.011943904242232376,0
0,0.5989180901579063,1
0,0.023494375873591822,0
0,0.001051299680442069,0
1,0.9970747565207068,1
1,0.7416659358054671,1
0,0.012632523938183916,0
0,0.15778865326488067,0
0,0.11037761910891244,0
1,0.9032740602783338,1
0,0.06779559910046419,0
1,0.9366095485866145,1
0,0.0062624407669504304,0
0,0.8473009528606693,1
0,0.8027164091694571,1
0,0.014359665357580218,0
0,0.5969766065188333,1
0,0.20227906276896865,0
0,0.013537387658035537,0
0,0.0028183495291050752,0
0,0.48486690257368625,0
1,0.8958849085898531,1
0,0.15203783634461512,0
0,0.6850781082554241,1
1,0.6696096069428208,1
0,0.1398106192048944,0
0,0.1896425511964115,0
0,0.42347734315786245,0
0,0.0019986508042414293,0
0,0.07365624617911548,0
0,0.21752633969434879,0
0,0.05945964871398296,0
0,0.10257785534058972,0
0,0.8054471076039512,1
1,0.5783573794299006,1
0,0.3702899273638762,0
1,0.8370414107334846,1
1,0.930523594308599,1
0,0.006760205242495407,0
0,0.10364104699864511,0
0,0.4296540845003202,0
1,0.6663573936791787,1
0,0.10026866432685924,0
0,0.007718178750581116,0
1,0.9320997724964752,1
0,0.6206153375447386,1
0,0.6825576359586986,1
0,0.37857507169607085,0
0,0.011422392777028499,0
1,0.824543769615612,1
0,0.4860835073070344,0
1,0.6058550516945311,1
0,0.001519471920995672,0
0,0.2334605876386857,0
0,0.0010456241937750077,0
0,0.6979948057677687,1
1,0.9164892172837233,1
1,0.9105442681917272,1
0,0.03845257712886279,0
0,0.8360604098089602,1
1,0.6875110529779114,1
1,0.9170832994147926,1
0,0.011719516668014301,0
1,0.9077242600341664,1
0,0.006888902242416779,0
0,0.4729240624426157,0
0,0.1243117534121362,0
0,0.21743900890147438,0
1,0.8775746683970572,1
1,0.9964960287318524,1
0,0.013531948684493063,0
0,0.0016269457042395279,0
0,0.04838852602931532,0
0,0.05373386696355244,0
0,0.01831853107901488,0
0,0.06394458730346196,0
0,0.0441684454517546,0
1,0.18474389111131725,0
1,0.9932738344266069,1
1,0.4975952627100853,0
0,0.12235183823535282,0
1,0.8830985992237318,1
0,0.02219876375268971,0
0,0.050959581361937935,0
1,0.9963937454617643,1
1,0.989446626621159,1
1,0.9926981801490131,1
0,0.12803952994635517,0
1,0.8193825136733812,1
1,0.9982694470665724,1
0,0.0005756139668714899,0
0,0.009443123541970222,0
0,0.0004571103087282156,0
0,0.7592133800923543,1
0,0.0009465767567946976,0
0,0.039781234243705284,0
0,0.6672847646625787,1
0,0.005512719924680788,0
0,0.04493390577595854,0
0,0.05927189190634496,0
1,0.7633093229604516,1
0,0.01667940104870217,0
0,0.40623889521529605,0
0,0.3653203866296542,0
0,0.06294886194601625,0
0,0.22427851748933442,0
0,0.017013227459612666,0
0,0.2137915230571249,0
0,0.0011387447924013337,0
0,0.22276121919710207,0
0,0.31119336460425656,0
0,0.02567815658963838,0
1,0.443679992883526,0
0,0.0039299067276383146,0
0,0.6543484836031301,1
0,0.1763824003661349,0
0,0.011646606960552435,0
1,0.8695929587634874,1
0,0.03373070287701651,0
1,0.1745056315657767,0
0,0.07765522704068036,0
0,0.8574772674908474,1
0,0.014348705041329008,0
1,0.5657192131645867,1
0,0.0046021695890249145,0
0,0.0015682526899091069,0
0,0.8227238406482642,1
0,0.8431618230910948,1
0,0.6735478432920929,1
0,0.11643115955083685,0
0,0.5306110151255815,1
1,0.8721373903760677,1
0,0.10894589263758497,0
0,0.518885365033549,1
0,0.014427095478062398,0
1,0.4746663539656654,0
1,0.7825416304684091,1
0,0.6860687578422923,1
1,0.6254602263099923,1
0,0.47661415321147854,0
0,0.5390121794242234,1
0,0.14827851428938296,0
0,0.12459918427043358,0
0,0.003652675854955273,0
0,0.007421648575265444,0
1,0.6052987048599735,1
1,0.5869430036221913,1
0,0.20194454367978354,0
1,0.726113994052553,1
0,0.010301634806543268,0
1,0.5427004878510597,1
0,0.10004224734897184,0
0,0.4371597126156719,0
0,0.8072640022830548,1
0,0.07096962286392038,0
0,0.48673707546124256,0
0,0.029501371541153988,0
0,0.001061604007667582,0
0,0.05750386582375579,0
0,0.003084153934766053,0
1,0.9931903794752421,1
0,0.07692997055689564,0
0,0.007397386813960209,0
0,0.014562978771754019,0
1,0.5213434590201851,1
0,0.14797261443383758,0
0,0.03867739832092487,0
0,0.1331800476715715,0
0,0.8978562741605105,1
0,0.09923695030474117,0
0,0.011840757834142405,0
0,0.009462437668216878,0
0,0.03468668262445196,0
1,0.9200271240843951,1
0,0.0020672626385949146,0
0,0.4687017473542152,0
1,0.8508657204752348,1
0,0.0024938386528060375,0
1,0.7556610074339662,1
0,0.07090542626176784,0
0,0.008748036672758048,0
0,0.07707026036227006,0
0,0.0971921783693125,0
0,0.04622620888544196,0
1,0.9553527030842234,1
0,0.3535555109704591,0
1,0.6705272113605517,1
0,0.42006800346180145,0
0,0.6266326479660519,1
0,0.04020467331623056,0
0,0.01867303495993097,0
0,0.49249893654139554,0
0,0.8392983988843287,1
0,0.3980352900491352,0
0,0.15339675459880373,0
0,0.013808336849833614,0
0,0.35258159446591947,0
0,0.06069539964900595,0
1,0.9954901017660396,1
1,0.3053453462743458,0
0,0.011431982025414462,0
0,0.04177826491802938,0
0,0.012250108449358685,0
0,0.05004256015100208,0
0,0.0022009476178074285,0
0,0.012519260395706156,0
0,0.0010163984237914758,0
1,0.8663747400141572,1
0,0.01117798039443333,0
0,0.009276551710937607,0
0,0.43951159853806254,0
0,0.05678776226504622,0
0,0.05475081177329391,0
0,0.029057417923349142,0
0,0.004106739080027564,0
0,0.05568851058618129,0
0,0.05118902856930593,0
0,0.008399659758568424,0
1,0.973033545819592,1
0,0.6906104788645374,1
0,0.3750711251925203,0
0,0.5515193742196763,1
0,0.020855640675429523,0
0,0.8599502399587724,1
0,0.07422404566766154,0
0,0.0014933605968910778,0
1,0.9988326295439087,1
1,0.7652044436702694,1
0,0.004256935176584605,0
1,0.7175126058670899,1
1,0.9986096538987033,1
0,0.001363416749137783,0
0,0.1108198758340122,0
0,0.8853420515788718,1
1,0.9926872074516314,1
0,0.09951855117349337,0
0,0.7346537217970435,1
0,0.006551065167493511,0
0,0.703548709823253,1
0,0.002863290302775832,0
1,0.7506059479446393,1
1,0.8685606967074531,1
1,0.9193417228221076,1
0,0.03382055816875626,0
0,0.19210678530135838,0
0,0.11105521105177177,0
0,0.013011613390730748,0
0,0.0517089123040127,0
0,0.2580571189666215,0
0,0.1142256998961715,0
0,0.03957163473384356,0
0,0.0651179626814776,0
0,0.18857029331893277,0
1,0.8703920544652229,1
0,0.036520504627495017,0
0,0.047982325056129975,0
1,0.8686578384294331,1
0,0.01600960214235388,0
1,0.9242354890101574,1
0,0.5661137968946056,1
0,0.001168008187274627,0
1,0.9979411150265294,1
0,0.04760177480047961,0
0,0.3173271273125418,0
0,0.8034778348581919,1
1,0.9964162215680257,1
0,0.025868123088667382,0
1,0.997638490064551,1
1,0.8070775184577977,1
0,0.0006601810903385424,0
0,0.02278525471466098,0
0,0.0010613006299562695,0
0,0.6204795481803248,1
0,0.6758287324451762,1
0,0.33394134232426015,0
0,0.3638093748617381,0
0,0.0015366401057392931,0
0,0.06661557615378873,0
1,0.7640136912745072,1
0,0.6732989352051332,1
0,0.001342029484727079,0
1,0.998864086893712,1
0,0.016023126616293928,0
1,0.7639594443321567,1
0,0.5545907953643349,1
1,0.834880203411879,1
0,0.053933473378391016,0
0,0.014603957925183965,0
1,0.5089519788597293,1
0,0.4330986356828794,0
0,0.08868574342077803,0
0,0.7948895879011568,1
0,0.6655680369210787,1
0,0.6863500899348581,1
0,0.0024216771019646174,0
1,0.3804876963150159,0
0,0.002217664688930838,0
0,0.002046504447580352,0
0,0.5324452795535299,1
0,0.05607394698703548,0
1,0.9292412426401719,1
0,0.8613550777635293,1
1,0.8275935146454503,1
1,0.887842785625578,1
0,0.09105946092004819,0
0,0.3255774265877191,0
1,0.8001577981830091,1
0,0.3071591610842398,0
1,0.9347459216187147,1
0,0.0012073421790362116,0
0,0.8738422707640509,1
0,0.0316112060008317,0
0,0.0204472181151471,0
1,0.8941562978617087,1
0,0.08979486395531433,0
1,0.9900319566774637,1
0,0.5894540185831506,1
0,0.0028344271092673396,0
0,0.08189583093973876,0
0,0.002373053853573319,0
0,0.5308838694656798,1
1,0.6334985061777041,1
0,0.11103272085942126,0
0,0.01413609716605375,0
0,0.4257701878647733,0
1,0.8873776891806905,1
0,0.18900797193369434,0
0,0.0015264030405747967,0
0,0.0022639492618752462,0
0,0.03672637182425022,0
0,0.33518066398249674,0
0,0.14188319684672168,0
0,0.029507919982109804,0
1,0.6346532614875348,1
0,0.028110498049718574,0
0,0.00860564911320706,0
1,0.7048707976917487,1
0,0.12475898688298441,0
0,0.043420002170011754,0
1,0.8197814276963984,1
0,0.01255145589092068,0
0,0.5692213186794185,1
0,0.29459655563782666,0
1,0.779501912030556,1
0,0.051715158699245464,0
0,0.6828940567869834,1
0,0.061290898868235265,0
0,0.0018574491907441227,0
0,0.08409690088342259,0
0,0.06266523203095238,0
0,0.2005686384918978,0
0,0.012020684582017785,0
0,0.3325041463181892,0
0,0.06901695235994112,0
1,0.9880487983540334,1
1,0.8643645214567024,1
0,0.729820113894982,1
0,0.015107987789149232,0
0,0.5878664080042851,1
1,0.9906483256669115,1
0,0.12304545131276824,0
0,0.0009240012189179815,0
0,0.007855640236009048,0
0,0.08475857564257594,0
1,0.9992383091202413,1
0,0.011296977790600026,0
0,0.6215666568194825,1
0,0.448289479884587,0
0,0.007498282381006179,0
0,0.02422296091017657,0
0,0.005824807581644808,0
0,0.0024302852141412194,0
0,0.012458133725298227,0
0,0.3199884638132335,0
0,0.494601266408326,0
0,0.0012622215920328598,0
0,0.05297592371944475,0
0,0.0010615136623582193,0
0,0.04085584129408318,0
0,0.013886406570329125,0
1,0.8231896110611137,1
0,0.0019615036635032084,0
0,0.031073406452908937,0
0,0.015268878409643019,0
1,0.9886088709269895,1
0,0.12864307428758512,0
0,0.7359551686810099,1
0,0.2748844313389519,0
0,0.0264885480513018,0
0,0.07902189568504497,0
0,0.027775974952505264,0
0,0.03592428404551881,0
1,0.6060792625346666,1
0,0.8014592919601531,1
1,0.7605629936288795,1
0,0.2765724145560945,0
0,0.8379774815337613,1
0,0.5779933357350063,1
1,0.48832938178609436,0
1,0.684707368225095,1
0,0.3769506605603801,0
0,0.719025376927289,1
1,0.978506476555948,1
1,0.7894294123902124,1
0,0.121736139286438,0
0,0.6444572623577158,1
0,0.07372383416673069,0
1,0.6089711321923295,1
0,0.018296889803755774,0
0,0.7532290111016132,1
1,0.8231436713932181,1
0,0.004333556416391317,0
0,0.003404880538577046,0
0,0.005932459122364233,0
0,0.0581008616310878,0
1,0.47085648732465896,0
1,0.6824188289531046,1
0,0.2309934305240691,0
0,0.10409988298775032,0
1,0.7335401586706229,1
0,0.00283891764092791,0
0,0.0029443022059942067,0
0,0.10384221040190983,0
0,0.016102330474318357,0
0,0.04084799737976604,0
1,0.5432519094497494,1
0,0.029501098768274312,0
1,0.8825451991211938,1
0,0.04085832637513582,0
0,0.03102395607047811,0
0,0.009439557345179882,0
0,0.47229777823688934,0
0,0.4032293420280518,0
0,0.026638621697124863,0
0,0.32048422076864747,0
0,0.014482172320326224,0
0,0.45999318971683784,0
0,0.0018200460102191427,0
0,0.39026104480535906,0
0,0.0011564792829550459,0
0,0.7333930970059845,1
0,0.006742670740556814,0
1,0.2833531155951722,0
0,0.20793811979026353,0
1,0.05636029372076293,0
0,0.010179237892007005,0
1,0.9871036345970551,1
0,0.8694490684058125,1
0,0.5103017002852285,1
0,0.06435614304938077,0
0,0.017483553748049115,0
0,0.06728897981758178,0
1,0.9130062244304963,1
0,0.02068232478656536,0
0,0.4569513648885001,0
0,0.0157111284764713,0
1,0.7566744318551957,1
0,0.030777450901911443,0
1,0.772126227364266,1
0,0.05127254127513899,0
0,0.5667876701067286,1
1,0.8320364618567195,1
0,0.8034566044461989,1
0,0.015372419502859678,0
0,0.20910423145276813,0
0,0.01271829817413407,0
0,0.0026033332630392794,0
1,0.6223700343064891,1
0,0.002239197281758928,0
0,0.001751620693533653,0
0,0.0014385417448492756,0
0,0.06413939910866544,0
0,0.04095936575384406,0
0,0.19844812950662635,0
0,0.20683987706968512,0
1,0.9982789615544485,1
0,0.00021034245859144607,0
1,0.5215293522183914,1
0,0.18480994279450627,0
0,0.004715760123948751,0
1,0.9866022616727672,1
0,0.00848445267168552,0
0,0.042276252958731615,0
1,0.8259133794705086,1
1,0.0658433442391119,0
0,0.5531178193087891,1
1,0.869607253464936,1
1,0.9982582493793464,1
0,0.007804328492416475,0
0,0.002701617434188128,0
0,0.012394384205028492,0
1,0.996407904599931,1
0,0.1548002451365213,0
1,0.49924760697029513,0
1,0.8982755284658824,1
0,0.8196407879402399,1
1,0.9040907995777825,1
0,0.26758954590908596,0
1,0.8498663703085912,1
0,0.05658449002169161,0
0,0.06773306677229365,0
0,0.7520213737746279,1
0,0.024160079985180934,0
0,0.017053605235024093,0
0,0.010813443307282294,0
0,0.014032435049515483,0
1,0.7637417484015804,1
0,0.11719588097532446,0
0,0.07961042637444873,0
0,0.07016459619453148,0
0,0.06806260010212618,0
1,0.637042878718432,1
0,0.2846968312943889,0
1,0.7310847823137784,1
0,0.006872044346935126,0
1,0.7940322553957606,1
0,0.009128281988761854,0
0,0.036287273519852,0
0,0.18576419047346066,0
0,0.4895441489112995,0
0,0.7021503327744054,1
0,0.022429378567126693,0
1,0.9131729456566811,1
0,0.39853737608067724,0
0,0.008302690422628224,0
1,0.9983565277611001,1
1,0.8434245352463527,1
0,0.009248344793392396,0
0,0.6934682485071694,1
1,0.6918075285431465,1
0,0.48383400744684546,0
0,0.08922803550591088,0
0,0.6914990619420672,1
0,0.2456367610666314,0
1,0.8245166605084066,1
0,0.0810725610105542,0
0,0.4948014178543736,0
1,0.9215778171124053,1
0,0.004913038100421057,0
0,0.3871904414144402,0
1,0.5174431034380608,1
0,0.8263632619580674,1
1,0.9256883829192627,1
1,0.699374216135839,1
1,0.2777768217708926,0
1,0.4767267750404275,0
0,0.059889939645036715,0
1,0.9911135886627426,1
0,0.6532456409303579,1
1,0.9964244156430728,1
0,0.12997480687910054,0
0,0.16721830869731003,0
0,0.001168008187274627,0
0,0.018149886239846452,0
1,0.988386570285149,1
0,0.14705470683067393,0
1,0.8630756647814323,1
1,0.3509272530017126,0
1,0.6307639432148118,1
0,0.6068559126714564,1
0,0.5388511755963655,1
0,0.42244994073280784,0
0,0.5563778251281493,1
0,0.2142006056922721,0
0,0.24202319971268837,0
0,0.05343492534553881,0
1,0.8518059450801296,1
0,0.13496825457367956,0
0,0.40313411774867897,0
1,0.30027636024657234,0
0,0.506781875335349,1
0,0.014485544331529399,0
0,0.3149798757008806,0
1,0.9974102400900167,1
0,0.022616265035396384,0
0,0.23747732197796065,0
0,0.23446456501252996,0
0,0.051937120556545154,0
0,0.30713065369625947,0
1,0.9972003379923308,1
0,0.0012129441983618951,0
0,0.044765106896126367,0
0,0.16230288771165516,0
1,0.9982005763313491,1
0,0.09783846574705159,0
1,0.6615170501753329,1
0,0.013168369765291095,0
0,0.30846040378626627,0
0,0.6885997753246459,1
1,0.7462537418357326,1
0,0.03366502735975321,0
0,0.050566891666855754,0
0,0.2978077474086961,0
0,0.002701166973592637,0
0,0.18037970328989378,0
0,0.05242528384991467,0
0,0.027544863377926897,0
0,0.47437652393028706,0
0,0.051578957417422584,0
0,0.004132483847010677,0
1,0.7978114221443618,1
0,0.0420258912372451,0
0,0.026104659092670648,0
1,0.8634646292655281,1
0,0.7900454275907527,1
1,0.46656905258025105,0
0,0.7534822421276467,1
0,0.18765265159759414,0
0,0.04487007476933056,0
1,0.9971485522172004,1
1,0.9224894970910102,1
1,0.6541003036099231,1
0,0.0010615136623582193,0
1,0.9202424099068603,1
1,0.9977224106834129,1
0,0.12185134830203273,0
1,0.9241488480137016,1
0,0.3263181582133496,0
0,0.1453923859334236,0
1,0.5338549462149521,1
0,0.24734460377227327,0
1,0.9371031063977694,1
0,0.007455169048568848,0
1,0.8500050825299009,1
1,0.8420327880853511,1
0,0.6484530897290499,1
0,0.006824233446510099,0
0,0.07848066924282927,0
0,0.5404195452729988,1
0,0.001110787188323661,0
0,0.21711860766352759,0
0,0.7442934478864792,1
0,0.02706411397482118,0
0,0.011798702746211427,0
0,0.09855310676557613,0
1,0.6583573460648213,1
0,0.539691599527183,1
0,0.06635090094589063,0
0,0.03476363023107717,0
0,0.03669142461295463,0
0,0.5361416812194747,1
0,0.060014256076344974,0
0,0.0758544045226568,0
0,0.07467541138288132,0
1,0.9214323504618341,1
0,0.02088234181889845,0
1,0.8869101073753558,1
0,0.01687695249109905,0
0,0.03112391566236921,0
0,0.7671561697350063,1
1,0.9275919677974399,1
1,0.19828280919724395,0
0,0.07422149017504658,0
0,0.1449110802352518,0
0,0.002620465971248698,0
0,0.08682637052694717,0
1,0.9755269423313233,1
0,0.5667444547885873,1
0,0.0068387003346591455,0
0,0.33688233344458585,0
0,0.5587498050403701,1
1,0.8608120916466789,1
0,0.015145682321850403,0
0,0.05397668795435247,0
0,0.03424698218459304,0
1,0.662899974845825,1
0,0.0325932146134067,0
0,0.15516684908661174,0
0,0.45694848998052484,0
0,0.004457624279807757,0
0,0.29059543560804574,0
1,0.9993719806919978,1
0,0.11636485127543399,0
0,0.5886686204245709,1
0,0.051308031998580195,0
1,0.787682937131717,1
1,0.8082520454300725,1
0,0.7737161864187493,1
0,0.006919732962524991,0
0,0.2128871706480925,0
1,0.4886203208011466,0
0,0.17020004812300032,0
0,0.020694013142243926,0
0,0.0018491726583513223,0
0,0.20559640588723116,0
0,0.6390953605113656,1
0,0.01736845317343474,0
0,0.5707794481539956,1
0,0.6587309606443625,1
1,0.8795561892748254,1
0,0.10963721627215282,0
0,0.02334963313339086,0
0,0.15726733178969862,0
1,0.9945084690881706,1
0,0.11884755387509319,0
0,0.01201643233146144,0
0,0.7045633450079894,1
0,0.5949785011982924,1
0,0.13154603387210845,0
0,0.0010449347594806953,0
1,0.7185680897867867,1
1,0.9973686553143731,1
1,0.06849002158815089,0
1,0.8534911658334732,1
1,0.5412715589659737,1
0,0.22385253682480336,0
0,0.006778080597584616,0
0,0.004306434113528355,0
0,0.0017248266119587875,0
0,0.04043117269544017,0
0,0.018368745894214777,0
0,0.038721336242657084,0
0,0.5904259011324424,1
0,0.7902104479597802,1
0,0.8816142879972522,1
1,0.8565068756529485,1
1,0.6656150593382666,1
0,0.4806474782514431,0
0,0.1401706319847087,0
0,0.02428236663693838,0
0,0.05221497216727743,0
0,0.0368391909065669,0
1,0.835046018474336,1
0,0.0013417141892495237,0
1,0.8072922864999682,1
0,0.7708345555984949,1
1,0.8374916010593789,1
1,0.9845451237138438,1
1,0.9992404025773832,1
0,0.3397114581831001,0
0,0.578895538605109,1
0,0.02025535976814536,0
0,0.026413859738464027,0
0,0.15309629079721282,0
0,0.26713879538232044,0
0,0.023180201015575986,0
0,0.02173231119680329,0
0,0.6684093067238883,1
0,0.036217659538521615,0
0,0.01905326423721517,0
0,0.5101645856414596,1
0,0.0025580731814929905,0
0,0.7946098143859013,1
0,0.4579493499224318,0
1,0.8911044151026136,1
0,0.5234130825160416,1
0,0.6226289015772734,1
0,0.004380167557671212,0
0,0.002187953704503066,0
1,0.8902734149165896,1
0,0.8314373142604146,1
0,0.011824178514314056,0
1,0.8385258177487501,1
0,0.5720963362453653,1
1,0.9968676795934265,1
0,0.06718257074036847,0
0,0.013685585834564898,0
0,0.5506905533532629,1
1,0.8828122270444595,1
0,0.04270156782916872,0
0,0.41931183344465717,0
1,0.9191086476756073,1
0,0.8860466783679705,1
0,0.07424347768832523,0
0,0.8442462006856676,1
1,0.8630534308084931,1
0,0.01729149213105794,0
0,0.4898054864535402,0
0,0.0016071845369750879,0
1,0.8191866203433752,1
1,0.7678068644419086,1
0,0.23667512199230978,0
0,0.7203733019654258,1
0,0.0059443432962959595,0
0,0.006510471003356822,0
0,0.032922807401797025,0
0,0.0340500500498913,0
0,0.08909667820039209,0
0,0.6523371846255217,1
0,0.0027056365155933276,0
1,0.8942126824502623,1
0,0.17218791738131883,0
1,0.950642815456032,1
0,0.3537075123237745,0
0,0.0038614959687261643,0
0,0.05056357405458229,0
0,0.05908072560376402,0
0,0.0038187200506621713,0
1,0.21894059114689232,0
0,0.0018591290358515881,0
0,0.26319348791806857,0
0,0.4714661719970869,0
1,0.9253960967487785,1
0,0.25925761292565686,0
0,0.002753414106768196,0
0,0.0015625194656762773,0
0,0.052394449326554855,0
0,0.004826976237169582,0
1,0.9984054650828473,1
0,0.11918202125114481,0
0,0.14950363979168801,0
0,0.004143113343327385,0
0,0.005445568763107187,0
1,0.5322422415750896,1
0,0.0006703604317035816,0
0,0.0064022195606310926,0
0,0.1479926880708664,0
0,0.01418887897511739,0
0,0.08637386311936134,0
0,0.020024294249467004,0
0,0.0007286351600703846,0
1,0.5991774405093782,1
0,0.02204058540633936,0
0,0.012833045863328433,0
1,0.5156207709022355,1
0,0.6328131886998121,1
0,0.38195981756121605,0
0,0.312814814935231,0
0,0.11253979541110098,0
0,0.013768678028554103,0
1,0.9582916212769461,1
0,0.5699747114623251,1
0,0.02423168280575795,0
0,0.039991872046817416,0
1,0.9908852935334965,1
0,0.09165614336125563,0
0,0.0017706597158823625,0
1,0.9846242482478739,1
0,0.16318339952136104,0
0,0.002393307662927832,0
0,0.05738309976206156,0
1,0.3780279028194541,0
0,0.03845659401540841,0
1,0.8762646383062349,1
0,0.9025408521166984,1
0,0.324899840473422,0
0,0.015012118213847306,0
1,0.7366843746121813,1
0,0.3027328040143886,0
0,0.2049504718461554,0
1,0.350802576060894,0
0,0.33071527701358944,0
1,0.3703292205999743,0
0,0.0358058769297293,0
1,0.9968406524705372,1
1,0.03492167106406958,0
0,0.3589772132638633,0
0,0.33815637743650684,0
0,0.1260980916905783,0
0,0.06209513293451526,0
0,0.0036452291558972476,0
1,0.8978644098016584,1
1,0.7195550521759873,1
0,0.027167907446325062,0
0,0.0909303973559122,0
0,0.003679289115699991,0
0,0.3052989370525881,0
0,0.23908313602762735,0
0,0.0038199482758374025,0
0,0.670910749065743,1
0,0.19728148357579636,0
0,0.033587326939733694,0
1,0.9981416544728351,1
0,0.07920893800280217,0
1,0.9909649238287247,1
0,0.48597158421406356,0
0,0.06202361053674539,0
0,0.005097248252994902,0
0,0.6082080894702989,1
0,0.23361544795601819,0
0,0.2895674037999746,0
0,0.23863972330278865,0
0,0.04153208872395896,0
0,0.0015480238889536023,0
0,0.24263764942097582,0
0,0.1075490960594304,0
0,0.8130745654648932,1
0,0.005751930449648856,0
0,0.11848372310500903,0
1,0.9898602292307738,1
0,0.16750739653909888,0
0,0.029157050619101628,0
0,0.17286418552942237,0
0,0.05895265242139738,0
1,0.8405779670931908,1
0,0.005164605586091642,0
0,0.13852650702884656,0
0,0.002454067510923501,0
0,0.2335508437867229,0
0,0.7925474319812389,1
0,0.8343918329805117,1
0,0.017570618727805534,0
1,0.9082938560397661,1
1,0.8795853826048892,1
0,0.01547372434298586,0
0,0.01082471879500563,0
0,0.8783624226309471,1
0,0.03086219172232954,0
0,0.2802077475141422,0
0,0.41833055161799554,0
0,0.218854308974761,0
0,0.0015808306690644222,0
0,0.008593237369656852,0
0,0.0032151252382207197,0
0,0.012099374003380731,0
0,0.16603785098340226,0
0,0.4733267059219083,0
0,0.03668250531783876,0
1,0.8144143469084353,1
0,0.03732955590889112,0
1,0.595271864188716,1
1,0.3661904311097172,0
1,0.9965280531155255,1
1,0.9911576311217397,1
1,0.3630191828808743,0
1,0.7915817393998453,1
0,0.06315945488390673,0
0,0.07556171442899122,0
0,0.11486789944492928,0
1,0.5983160468836585,1
1,0.779251405628409,1
0,0.026478843784498423,0
0,0.49284703192024804,0
0,0.9025145756597708,1
0,0.046096130034881895,0
1,0.9064844699642555,1
0,0.25599207114056866,0
0,0.013522223242413384,0
0,0.09566179678695379,0
0,0.3273404040419551,0
0,0.027202155271927084,0
1,0.24613758799001775,0
1,0.24196337318230046,0
0,0.02346194151279701,0
0,0.10144121889482928,0
1,0.8118162339536336,1
0,0.00607135449229668,0
1,0.9972793258340906,1
0,0.0023828337756999583,0
1,0.6873339107123215,1
0,0.7634841665135434,1
0,0.2283099592254685,0
0,0.002353423909499193,0
0,0.04174468457077301,0
1,0.7740717725834265,1
0,0.008101683303068907,0
0,0.03969329356959095,0
0,0.12675579571903894,0
1,0.7483820700551783,1
0,0.24979908138976062,0
0,0.2064419344999556,0
0,0.7153722520460212,1
0,0.35493400515080886,0
0,0.03742547086279324,0
0,0.49272763973636396,0
0,0.01915889161715292,0
1,0.9335096738467263,1
1,0.936593109417561,1
1,0.9880392450933589,1
0,0.019904777397130344,0
1,0.7243401757102648,1
1,0.8653580768180286,1
0,0.028084044181936427,0
0,0.7232763952881758,1
0,0.06008768261191112,0
0,0.6261771956372085,1
0,0.6359274981433388,1
0,0.011561043571517887,0
1,0.5978625727993879,1
0,0.005605106395134723,0
1,0.8673025976239702,1
0,0.17330145205198186,0
0,0.0598698095178051,0
0,0.010880439686494438,0
0,0.01665978738847964,0
0,0.10010138289110605,0
0,0.5376145799449831,1
1,0.8910279853702489,1
0,0.06735287980164084,0
1,0.9730067950055965,1
0,0.007197170936963368,0
0,0.0297457213473685,0
0,0.7599182264354135,1
0,0.12707228196287323,0
1,0.07217698673607453,0
1,0.996540420965377,1
0,0.015509932487660803,0
0,0.014372927079892338,0
0,0.002185895432652129,0
0,0.467223507370714,0
1,0.557708919190416,1
0,0.06245093465000571,0
0,0.0623756707891872,0
1,0.7627566592490272,1
0,0.010898490289352688,0
0,0.059729788741034025,0
1,0.30966288482535587,0
0,0.008643718173566956,0
0,0.3565886950519136,0
1,0.667303952942761,1
0,0.022591012132849853,0
0,0.012976279841910316,0
0,0.06457428013308585,0
0,0.6549320933858667,1
0,0.0003097056680712494,0
1,0.8491231609674974,1
0,0.16989400671844798,0
0,0.6603013164113659,1
0,0.0028714797153018374,0
0,0.014663072779050374,0
0,0.0158507920294792,0
0,0.11404615228875802,0
1,0.9973004679827076,1
0,0.0369065771305409,0
0,0.5091273234666112,1
0,0.5994584135746021,1
0,0.20372294187539952,0
0,0.8727383938041385,1
1,0.925157053357594,1
1,0.421321008563288,0
0,0.015377325826666286,0
0,0.8564286135928786,1
0,0.018323265349973562,0
0,0.655944361286852,1
0,0.05359704041724145,0
0,0.017092371989688295,0
0,0.03943689679082136,0
0,0.03886460376894606,0
0,0.24324629728367692,0
1,0.7698876769809558,1
1,0.997652964286603,1
0,0.46071856141215983,0
0,0.7244853077188972,1
0,0.09304605286769697,0
1,0.9979415825515277,1
0,0.5506649189149203,1
1,0.8714146667473157,1
1,0.889922947681905,1
0,0.08056091606930887,0
1,0.9992536147966612,1
0,0.006524153760901936,0
0,0.17057486864556454,0
0,0.01339680354689672,0
0,0.035892261439355776,0
0,0.09063807603378612,0
0,0.009853479395141165,0
0,0.029894780760557148,0
0,0.16798590814506992,0
1,0.9982793651639115,1
0,0.5868928021900638,1
0,0.012725591907125938,0
0,0.0009195658660872488,0
0,0.059964062718163826,0
0,0.33296824904632266,0
1,0.4312274504647663,0
1,0.9991877298438524,1
0,0.00485742827572302,0
0,0.3927403249362837,0
0,0.070328038265129,0
0,0.39510605561318657,0
0,0.009955246179624816,0
0,0.0304120296538156,0
0,0.16200982531918215,0
0,0.012216206539931529,0
0,0.5986044349755346,1
0,0.022178834315702944,0
1,0.43119427344416644,0
1,0.9199883901426017,1
0,0.07908365870775291,0
1,0.9979968917519924,1
0,0.002594129094941929,0
0,0.011956806849594338,0
0,0.8929095155200492,1
0,0.03437519123945035,0
0,0.0023918360447207233,0
0,0.0035452861638158696,0
0,0.05015225288668212,0
0,0.028498228136201842,0
0,0.02155545965736007,0
0,0.5384484409413435,1
0,0.42261169059603354,0
0,0.016074818585600694,0
0,0.0022168959007922953,0
0,0.1423522210080259,0
0,0.8798501239115691,1
0,0.0011723332406947688,0
0,0.005002926799077588,0
0,0.8051490451400587,1
0,0.26615420970859127,0
0,0.0012866488054233875,0
0,0.16345047599324342,0
0,0.3584152894960464,0
0,0.5866264798172712,1
0,0.0013464446128458065,0
0,0.6305386163517772,1
0,0.8121951158225567,1
0,0.05922981338118513,0
0,0.0873519873307589,0
1,0.519047007518744,1
0,0.5927468763404748,1
0,0.8507199294276494,1
0,0.00233854109562147,0
0,0.0027249238359565026,0
1,0.731893080722296,1
0,0.0038868664463188526,0
0,0.0024047390711199996,0
0,0.21659607317854704,0
0,0.0881812290146375,0
0,0.8360539523249285,1
1,0.7830704932889972,1
0,0.0051363018591639616,0
1,0.7864304301180849,1
0,0.018726816283848056,0
0,0.03922872900080955,0
1,0.831487744343427,1
1,0.8972303008719444,1
0,0.04749214190271994,0
0,0.0010268941477426332,0
0,0.0014939159004710007,0
1,0.7732963461006316,1
1,0.9206822872545037,1
0,0.01054883194187452,0
0,0.8838618247409864,1
0,0.013412571392175872,0
0,0.09621981211191627,0
1,0.9906358395225514,1
0,0.7114060103580747,1
0,0.8643137261706604,1
0,0.125383281344512,0
1,0.9481948864661255,1
0,0.004776350394779049,0
0,0.1945669970531822,0
0,0.07467817867842985,0
0,0.06422576947795254,0
1,0.7213121764677657,1
1,0.37789234338647226,0
0,0.006906370266388158,0
1,0.9984820274823495,1
0,0.7731853698978529,1
0,0.018013825625230427,0
1,0.46899588942125786,0
0,0.0057152219113191325,0
0,0.011366447446357668,0
0,0.4673651187201111,0
0,0.8321894810284628,1
0,0.06510425296153899,0
1,0.9884108273911586,1
0,0.06271576274717039,0
0,0.1321039721588447,0
1,0.997608485252863,1
1,0.4924101734742589,0
0,0.009204130998432215,0
0,0.012342646587331137,0
0,0.0038849904790560826,0
0,0.07903713575172196,0
0,0.15041744244115415,0
0,0.0013269996192848158,0
0,0.10477858443727352,0
0,0.024990633119650503,0
0,0.8514159823528293,1
0,0.40862262889352213,0
0,0.0009917916585627058,0
0,0.5869912135734774,1
1,0.41802699814010774,0
0,0.2578752786612017,0
0,0.018825262797045085,0
0,0.017665526331212274,0
1,0.13483129236955274,0
0,0.0030747303203999938,0
0,0.8022055656695156,1
1,0.47829938481056683,0
0,0.10403995925440684,0
0,0.08368999151278915,0
0,0.025186494002222348,0
0,0.006917543378449294,0
0,0.02158713303289428,0
0,0.537519727566243,1
0,0.028423155978690568,0
0,0.008348644547750483,0
0,0.20414593867964437,0
0,0.19748462138814946,0
0,0.024980668647627595,0
0,0.001750069865972815,0
0,0.5848610493874259,1
0,0.08392655745523957,0
0,0.37214968007641935,0
0,0.03719009940576102,0
1,0.7196782906701752,1
0,0.0009077095315224807,0
0,0.002150865153669934,0
0,0.08713446415358958,0
0,0.336743626862846,0
1,0.7439195399440459,1
0,0.13427685549386045,0
0,0.13808322973093595,0
1,0.9974535129312055,1
0,0.0011050751925671422,0
0,0.00023809481339255267,0
0,0.0012905159258345866,0
1,0.9734406630090678,1
1,0.7590912311544502,1
1,0.9983968079314843,1
0,0.051999393860238885,0
0,0.005611906790778027,0
0,0.016678119590493645,0
1,0.8734690999418481,1
0,0.09410097234982687,0
0,0.01659103643977953,0
0,0.013738740393885824,0
1,0.867880864460736,1
0,0.3128593601078716,0
1,0.9898313995723688,1
0,0.16483603747841294,0
0,0.27047959412607087,0
1,0.8403881347409895,1
0,0.1673911963620775,0
1,0.7725726996539933,1
0,0.1636131881958935,0
0,0.004679604286265527,0
0,0.35015416096702334,0
0,0.4451423666245763,0
1,0.9942193528088901,1
0,0.016225683891783447,0
0,0.0006881500143028924,0
1,0.44103394497022963,0
0,0.003711112940943366,0
0,0.38656740654076777,0
0,0.6549320933858667,1
0,0.04856175093643913,0
1,0.9971140355465595,1
0,0.05104182537385075,0
1,0.7600676352155632,1
0,0.07641631871573411,0
1,0.6293817787969486,1
0,0.09431992008634663,0
0,0.010390148526550513,0
0,0.018163746880998418,0
1,0.7788086613574821,1
1,0.09105883065094271,0
0,0.0013651086278606008,0
0,0.011084606641181344,0
0,0.2927702932230113,0
0,0.009417142501118633,0
0,0.014400212489040424,0
0,0.21268275509914888,0
1,0.9969448875151998,1
0,0.014854672793906943,0
0,0.18170252031519038,0
0,0.18654728712456384,0
0,0.1496462567352006,0
0,0.16691302289314483,0
0,0.06394919352032866,0
1,0.7630909110494685,1
1,0.28076653159430676,0
1,0.8933155651692775,1
1,0.9901737662075372,1
0,0.625476114660018,1
0,0.0422568976079884,0
0,0.3677445276102713,0
0,0.010556091738512486,0
0,0.027132863944070697,0
0,0.5342725554936613,1
0,0.07782258345062823,0
0,0.05601774737018188,0
0,0.05872181438496188,0
0,0.014592468488511904,0
0,0.0010098806269016618,0
0,0.05017008242795803,0
0,0.3959660440125242,0
1,0.8479824341585241,1
1,0.9367273979390328,1
0,0.7866010063759803,1
0,0.007563650094387517,0
1,0.9721276112872669,1
0,0.11173157774008219,0
0,0.29636831295766064,0
0,0.06132879666340241,0
0,0.03137827303915768,0
0,0.012035835527522968,0
0,0.05101900339157991,0
0,0.23917567776997548,0
1,0.9971573476446609,1
0,0.1620191589735652,0
0,0.05973629734099591,0
1,0.9905070976916708,1
0,0.5141800696374241,1
0,0.4350975789827724,0
0,0.002156660099731361,0
0,0.15412787061249655,0
1,0.9034865123254335,1
0,0.0719666019932036,0
0,0.14171069356781626,0
1,0.6439488039635137,1
0,0.15677747630042418,0
0,0.018545491841857286,0
0,0.8587679374420875,1
0,0.04849216417769219,0
0,0.06363082624778643,0
0,0.0644192634583735,0
1,0.9685050152742014,1
1,0.9980252544247439,1
0,0.024761816755949472,0
0,0.047871113842750355,0
0,0.8153491419901185,1
0,0.9193604429094598,1
0,0.031696868387612126,0
0,0.05867035890620921,0
0,0.0015570049084314742,0
0,0.011207500808008258,0
0,0.07953214455340706,0
0,0.2660572001198655,0
0,0.0031372853926260346,0
0,0.23029550009918143,0
0,0.3663026351051238,0
0,0.043084059275109755,0
0,0.02313849308634307,0
1,0.19378147554814362,0
0,0.009928270889810142,0
0,0.6903823744943479,1
1,0.9969312130493275,1
0,0.5745344519079603,1
0,0.8300334276202284,1
0,0.6039275297438146,1
0,0.6703294623241135,1
0,0.08591398072255829,0
0,0.31342080839881375,0
0,0.010643747978405121,0
0,0.0017924416665349027,0
1,0.9964032066118732,1
0,0.003208401881822374,0
0,0.02840829762108911,0
0,0.027190966780882213,0
0,0.33105423166867487,0
0,0.043898363743555206,0
0,0.5354951060976915,1
0,0.30005206725943484,0
1,0.9855041545039369,1
0,0.8167690478604772,1
0,0.024993741608401555,0
0,0.0018560729314410366,0
0,0.0004729766227457044,0
0,0.0015183505625597942,0
0,0.01105773423379396,0
0,0.6704833096569173,1
0,0.04355770521685803,0
0,0.07697019030217228,0
1,0.9884776613822012,1
0,0.004231300764939594,0
0,0.07425357362442263,0
0,0.4426837122339045,0
0,0.07546080400191643,0
0,0.007929079275950204,0
1,0.9971506383662865,1
1,0.9007245838339949,1
0,0.005717882521805674,0
0,0.061687185500548074,0
1,0.7367256481492217,1
0,0.02289190656126385,0
1,0.995386247657958,1
0,0.13369922603002682,0
0,0.6640864404297456,1
0,0.035818492214561626,0
0,0.23721229624016207,0
1,0.8904992061152726,1
0,0.0008352132455018943,0
0,0.05825741618187636,0
1,0.6086977272184514,1
1,0.5273849482151161,1
1,0.8464463095085114,1
0,0.20350791179252792,0
0,0.35403573103867403,0
0,0.05679037816450644,0
0,0.03718131079151409,0
1,0.9695149981759674,1
0,0.3184143174977061,0
0,0.8150375092348099,1
0,0.197746364883161,0
0,0.008141678077820338,0
0,0.06305465478232783,0
0,0.6121083905785639,1
1,0.9989406888310511,1
0,0.047032290459769664,0
1,0.9981596030661283,1
0,0.05468226716699538,0
0,0.5430365441831638,1
0,0.02923391957530723,0
1,0.9969179628564951,1
0,0.3586118255386229,0
0,0.7968653945297032,1
0,0.06211362103045085,0
0,0.7910392856660551,1
0,0.5588070776300462,1
0,0.010244836293970992,0
1,0.8996701313921771,1
1,0.9968870703572975,1
0,0.8524460747606951,1
0,0.049895376469021334,0
0,0.1308164359886668,0
0,0.028888369512023455,0
0,0.008964349063382204,0
0,0.051155266132304464,0
1,0.5835049372622062,1
0,0.8589102069810258,1
1,0.862743479005446,1
0,0.02684105379002566,0
0,0.5727034849720354,1
0,0.5249012304560866,1
1,0.8877571889513592,1
0,0.028010320685205203,0
1,0.74505021065535,1
0,0.002568848152631263,0
0,0.025072741762465094,0
1,0.9968860538753497,1
0,0.001132712776607958,0
0,0.5498122947469507,1
0,0.32533684180804884,0
0,0.17333822181170772,0
0,0.031279660137176826,0
1,0.7505538602744696,1
0,0.9112805103809061,1
0,0.009968659302410228,0
0,0.10818205686182301,0
1,0.992050448491264,1
0,0.2087353499627933,0
0,0.030176966350486972,0
0,0.053829715180549284,0
0,0.004654755329940872,0
0,0.004997582911049697,0
0,0.01252462198542917,0
0,0.05006886327486106,0
1,0.9901410445963721,1
0,0.38069520804378876,0
0,0.004552725928722774,0
0,0.32922028880754556,0
0,0.013136835042575254,0
0,0.16290717679421754,0
0,0.022390089269775686,0
1,0.4064016268785146,0
0,0.16099127450998868,0
1,0.7102849265099904,1
0,0.01781437645981068,0
1,0.12750190750180587,0
1,0.9897713761732745,1
1,0.3371129379167874,0
0,0.43857111180698183,0
0,0.6838372577142051,1
0,0.26950736074437015,0
0,0.09033869500035446,0
0,0.7291635709328731,1
1,0.9339054662993042,1
0,0.007973920578385304,0
1,0.5398099851168827,1
1,0.5224287223764977,1
0,0.005695772923422074,0
0,0.015233002234163975,0
0,0.07045549094246722,0
0,0.0463066859958009,0
0,0.0108688424785386,0
0,0.0032566815276791547,0
0,0.04971275253822669,0
0,0.008553338402047196,0
0,0.06657896665422314,0
0,0.021792780831374776,0
0,0.002562724970785264,0
0,0.029240746443725173,0
1,0.9117941915048016,1
0,0.003533640569660447,0
0,0.1552621553210379,0
0,0.3834080900437301,0
0,0.06041712694022902,0
0,0.10086848881995784,0
1,0.9969888014989625,1
1,0.404728873805343,0
0,0.036477305082081135,0
1,0.6066592824207314,1
1,0.9994257927474653,1
0,0.20651963814706475,0
0,0.008062558553485406,0
0,0.6641208736729651,1
1,0.6244526258750264,1
0,0.03855553108541252,0
0,0.020675501661615373,0
0,0.5379686466521526,1
0,0.33300087507886034,0
1,0.9944920167074782,1
0,0.0027971351755576987,0
0,0.17730816407631467,0
0,0.0007327657729928969,0
0,0.04338751151749686,0
0,0.011434002486482773,0
1,0.5790346011931191,1
0,0.015294873191312713,0
0,0.014204093076019898,0
0,0.06730198206780906,0
1,0.9961002463818652,1
0,0.10859001428008362,0
1,0.6790358126781787,1
0,0.002685090930650088,0
0,0.3476982148282522,0
0,0.6678445357370482,1
0,0.120318409007005,0
1,0.8633200800641113,1
0,0.1081420394892138,0
1,0.9824438104578586,1
0,0.028034590755808678,0
0,0.44046538616990233,0
0,0.26299924197793584,0
1,0.9892301131915673,1
0,0.21109572745589184,0
0,0.7150713679057558,1
0,0.05033320275867341,0
0,0.4167931210540278,0
0,0.7427343171425224,1
0,0.868913466212462,1
0,0.08318306236340187,0
0,0.12848433489312514,0
1,0.05879120728834466,0
0,0.6337790042701608,1
0,0.014973701079360868,0
0,0.7959121840062188,1
0,0.007896502240805894,0
0,0.002464693631730627,0
0,0.11112162178791915,0
0,0.1894763732844749,0
0,0.019940704313912535,0
0,0.19181246576457628,0
0,0.1478699246821746,0
0,0.10094056563133341,0
1,0.7053261005405973,1
0,0.04241390748626571,0
0,0.013589479707366788,0
0,0.6440539274448336,1
0,0.03635986342417789,0
0,0.37375042680922227,0
1,0.29408612517968613,0
1,0.8500134020234972,1
1,0.7869599412167204,1
1,0.9983360510398657,1
0,0.022069782899704318,0
0,0.023910607984543756,0
0,0.0714198136244468,0
1,0.5764069161631519,1
0,0.006898768290701988,0
0,0.0424666722205236,0
0,0.1757215620141796,0
0,0.07923694236538552,0
0,0.06011640305128314,0
0,0.008650268744447877,0
0,0.024258960013356395,0
0,0.6575615290732244,1
0,0.06069517080003493,0
0,0.08012331586906063,0
0,0.6608837262330448,1
0,0.4234662828684413,0
0,0.10611162215460054,0
0,0.76390000538386,1
1,0.8380225243389062,1
0,0.010744695203249376,0
0,0.001109979483250118,0
0,0.8902067050863531,1
1,0.1714352425042675,0
0,0.1415396283423918,0
0,0.7828182646311097,1
0,0.06752826917713749,0
0,0.13050189655868194,0
0,0.8869236798349392,1
1,0.9911964102651398,1
0,0.08827549480490596,0
0,0.0020894234535631085,0
0,0.3515240831766559,0
1,0.7923345708450868,1
0,0.019005294974048546,0
1,0.88999413596874,1
0,0.0024895180270389874,0
0,0.33613285832406964,0
0,0.040849405736641614,0
0,0.9134890688659348,1
0,0.6457340020328671,1
0,0.03255601315477893,0
0,0.02917457661178227,0
0,0.012152795496099785,0
0,0.02797299004427595,0
0,0.012901824044938393,0
1,0.38964094137844196,0
1,0.9991866447750939,1
1,0.9597998047057523,1
0,0.03483018457846133,0
0,0.054678428814609874,0
1,0.3244161397048422,0
0,0.6079131647997796,1
0,0.0484579519633541,0
0,0.16967096501375004,0
0,0.26781303579711646,0
0,0.02275665732076167,0
0,0.008555223885513356,0
1,0.9180147927457218,1
0,0.026255168907430054,0
0,0.09451112352857846,0
0,0.002272572957641233,0
1,0.9000250775931568,1
0,0.14451206535357827,0
1,0.9128717533790156,1
0,0.021157280605340934,0
0,0.7645251314281032,1
1,0.9583417249516866,1
0,0.4186617081284765,0
0,0.0033580382891391174,0
1,0.8384704369848583,1
0,0.006770654628183878,0
0,0.02459576469491366,0
0,0.026615553903787562,0
0,0.31141908692700343,0
1,0.8422109882388193,1
0,0.012192852433864254,0
0,0.6581716772093137,1
0,0.6754265431998984,1
0,0.23205700207412194,0
0,0.014824707516833159,0
0,0.03367011889088561,0
0,0.01988037024369473,0
0,0.7168007558741705,1
0,0.006716235073973637,0
0,0.7375951858302517,1
1,0.4105040298314259,0
0,0.8119148154004396,1
0,0.012292671494328875,0
1,0.9850892261741768,1
0,0.017075747892587236,0
0,0.016223868512797637,0
0,0.12591297040776406,0
0,0.059393716889462635,0
1,0.7405184863980352,1
0,0.034401233720943426,0
1,0.7652357900807134,1
0,0.5646925560099039,1
0,0.001890239527053462,0
0,0.6769739079422108,1
0,0.002046222725851857,0
0,0.03071814146143351,0
0,0.25452412101639654,0
0,0.0019182885057798557,0
0,0.031096675979026288,0
1,0.6790680579691442,1
0,0.02689688252693048,0
0,0.09534383007367303,0
0,0.025683849408874318,0
0,0.009007856664402758,0
1,0.7786581353604027,1
0,0.14179124383018477,0
0,0.6730936390329063,1
0,0.42149078144933083,0
0,0.01994212003826347,0
0,0.6617092780175007,1
0,0.012273110704405838,0
0,0.7511241492985266,1
1,0.9049642525341712,1
0,0.3465189912617166,0
1,0.4025832003058424,0
0,0.8704105529889595,1
0,0.009649744402755218,0
0,0.7963404243100233,1
1,0.9297128195277391,1
0,0.5612197151270504,1
0,0.4495408759785953,0
0,0.606914469512924,1
0,0.5814826866704387,1
0,0.0423907081345927,0
0,0.3358182116106701,0
0,0.026541988552109277,0
0,0.0031775646185986184,0
0,0.3172476494260133,0
1,0.9869130038293334,1
0,0.032656872900416335,0
0,0.009231075179543665,0
1,0.7719473836930979,1
0,0.5822760867104433,1
1,0.7248723599509895,1
0,0.013025409999747894,0
0,0.34277933722322507,0
0,0.2392684444754906,0
0,0.3324257151172712,0
0,0.05520671582597824,0
0,0.012569325723933943,0
0,0.0952402956082986,0
0,0.021698793224366953,0
0,0.1348295564562584,0
0,0.00410477357302438,0
1,0.90906887046982,1
0,0.8602609421825537,1
0,0.13208319816010003,0
0,0.06824986119501747,0
0,0.021067425344262175,0
1,0.9967551801134475,1
0,0.141252104671681,0
1,0.9913102076825423,1
0,0.010701823784060548,0
1,0.6717058972174726,1
1,0.6560475932818033,1
0,0.37295523749899395,0
1,0.5007579221653713,1
0,0.17923607717310483,0
0,0.047999231890110516,0
0,0.02889322714170805,0
0,0.13361408351281281,0
0,0.046694985108856606,0
0,0.11219890476147258,0
0,0.5672495001482107,1
0,0.0040707392462854455,0
0,0.0011836064524441174,0
0,0.04928448320881781,0
0,0.036428675430709,0
0,0.09901273977546846,0
0,0.021245267607183992,0
0,0.003995336442321509,0
0,0.36953304982799023,0
0,0.4253319387509541,0
0,0.88443510104265,1
0,0.10621849277970179,0
0,0.8429475864154897,1
1,0.7183561786723442,1
0,0.658130261541511,1
0,0.0032285643645732732,0
0,0.5946826467383477,1
0,0.7366595466996744,1
0,0.004395546839307902,0
0,0.18307541904091,0
0,0.14856112885092168,0
1,0.8424421166458349,1
0,0.435186793144497,0
0,0.030493387706657125,0
0,0.3000916001322887,0
1,0.33467063542520215,0
0,0.5761155721471091,1
0,0.6183357581400412,1
0,0.18110820769597463,0
1,0.6849823579278097,1
0,0.03832713902499006,0
0,0.05185676784261792,0
0,0.0029505451896808853,0
0,0.5572851285760404,1
0,0.2917778035078734,0
0,0.012739077498514861,0
1,0.5684076761422313,1
1,0.7367105544653559,1
0,0.10140492948060434,0
0,0.008787602165882355,0
1,0.8199888613944037,1
0,0.004704785890436118,0
0,0.0026833927378502494,0
1,0.9222960354742257,1
0,0.03430102819578393,0
1,0.9973441677039596,1
0,0.029313477939284783,0
1,0.8201678513391536,1
0,0.691234140108824,1
0,0.3805964189486746,0
0,0.05646451561195843,0
0,0.04940918786577262,0
0,0.06051427712838765,0
0,0.00327613352629089,0
1,0.8908536053000603,1
0,0.3855649571466478,0
1,0.2927761587015231,0
0,0.04531037977568878,0
0,0.6409913543621668,1
0,0.02706218815615591,0
0,0.07304365943818457,0
1,0.9981606923397037,1
1,0.9922039166448438,1
1,0.8756676752589958,1
0,0.00465985082278186,0
0,0.25220674115799596,0
0,0.03218188659236199,0
1,0.7770351835722358,1
0,0.019450448901362036,0
0,0.03306864747234063,0
1,0.9972067030366691,1
0,0.1851138851202402,0
1,0.8797281671978213,1
0,0.13098601152331105,0
0,0.07001981021292554,0
0,0.4647414610722825,0
0,0.2952554006534063,0
0,0.1729571195658905,0
0,0.01828480465251379,0
0,0.07007567773473176,0
1,0.9110418798877462,1
0,0.002553710752803103,0
0,0.047771489505775776,0
0,0.05441947715514822,0
0,0.009998616851607554,0
0,0.48059285589994305,0
0,0.0037318517189542178,0
0,0.015773330641849784,0
0,0.021101057402966483,0
0,0.2237642617954219,0
0,0.2991400353304018,0
0,0.04460237569790291,0
1,0.9962530162906605,1
1,0.7195613318374932,1
0,0.09184954297468792,0
0,0.19505942159771608,0
1,0.8552520482643788,1
1,0.46535378122102916,0
0,0.7860104361549474,1
1,0.9982838440144691,1
0,0.002795278016450695,0
0,0.033792594161724775,0
0,0.0425546284422482,0
0,0.10302584252423426,0
0,0.019402629741277343,0
0,0.3064884508087059,0
0,0.003030888512123605,0
0,0.24219478815756607,0
0,0.07428842020109869,0
0,0.0024259212546682125,0
0,0.08956731170296445,0
0,0.3508794368305818,0
0,0.47013660099247534,0
1,0.9791899311881056,1
0,0.294437148182554,0
0,0.33335074627531935,0
0,0.04230244455968818,0
0,0.0019990870159347293,0
0,0.01640777815670815,0
0,0.023516229428135506,0
0,0.47645168454301023,0
0,0.06924104573701848,0
0,0.006532033637225185,0
1,0.8086128230647658,1
0,0.23320759433308183,0
0,0.364086788983706,0
0,0.04585727283959602,0
0,0.03447538093206421,0
0,0.012191816402791862,0
0,0.01592602086706138,0
0,0.028303935432595337,0
0,0.9013850906736325,1
0,0.6062412438103403,1
1,0.9505092478380208,1
0,0.125168865581151,0
1,0.8485761713207692,1
0,0.6140575846838594,1
0,0.2318273787941881,0
0,0.1410088113953524,0
0,0.012991055795375284,0
1,0.7393741345530129,1
1,0.9966602949302154,1
0,0.0681246700630743,0
1,0.9091781798577084,1
1,0.7813995359330027,1
0,0.0019242198068863767,0
0,0.12461080440014927,0
0,0.05092900162713226,0
0,0.04435044363211703,0
0,0.6860918192332387,1
0,0.07519710233554816,0
0,0.0021487506405126616,0
1,0.8874650517085486,1
0,0.1091363313265538,0
0,0.06419576608160145,0
0,0.19072246578812788,0
0,0.08550575168043938,0
0,0.03260647006519375,0
1,0.9717203973122245,1
0,0.020597274362490956,0
0,0.01943418609140994,0
1,0.815529105738507,1
0,0.020337615862226068,0
1,0.9798734577449303,1
0,0.4677798941103455,0
0,0.7816895156071966,1
0,0.02034300374530076,0
0,0.030150070454803318,0
0,0.0019360624456246553,0
0,0.07559479869903428,0
0,0.24637934340475645,0
0,0.061188235328214706,0
0,0.7769147759457596,1
0,0.043002781527031554,0
0,0.14934508829984758,0
1,0.8965584299545613,1
0,0.015717896687311696,0
1,0.4378498329800671,0
0,0.002543349724299938,0
0,0.0409093006201013,0
0,0.0023154312701902813,0
0,0.005899629323750595,0
0,0.013594600261626722,0
0,0.03306959379871696,0
1,0.9957728438162461,1
0,0.0029974418343157137,0
1,0.012178486181972075,0
0,0.778104065610849,1
0,0.002000629640878234,0
1,0.862517130978714,1
0,0.004084793772078303,0
0,0.10130411966204277,0
0,0.41721474013450854,0
1,0.9902433270836282,1
0,0.5876533055314497,1
1,0.45615518456626614,0
0,0.031101829923580154,0
1,0.9906004115954614,1
0,0.010646346461154392,0
1,0.781618874293941,1
0,0.7062688606785636,1
0,0.038884015291306986,0
0,0.0008650636835607718,0
0,0.035055708746026946,0
0,0.0012375725713236754,0
0,0.0070916371328496736,0
0,0.0183827530202143,0
0,0.2012973925927125,0
0,0.12125787138969549,0
0,0.5947973270737029,1
1,0.9890925861678702,1
0,0.10131452838611717,0
0,0.035055033659383804,0
1,0.8551676998619663,1
0,0.03195621486603867,0
1,0.8661067212760957,1
1,0.8058334422036809,1
1,0.13368786090420337,0
0,0.06293696590389122,0
0,0.2837926586865725,0
1,0.6328657646139706,1
0,0.7447393066082665,1
0,0.3075992371490213,0
1,0.7880287132039154,1
1,0.8851530336836685,1
0,0.008510542554187995,0
0,0.018279289588481535,0
1,0.9893867976434408,1
0,0.008378171433530519,0
0,0.011237767032640747,0
0,0.06640203718319374,0
0,0.1859472132716243,0
0,0.2562610684694272,0
1,0.9982194173534955,1
0,0.20936751474473078,0
0,0.5717933940313268,1
0,0.05020257806944082,0
0,0.18889180127949384,0
0,0.25198077910940203,0
1,0.8584501935991009,1
1,0.9909362487196317,1
0,0.7145075059280149,1
1,0.7206209572563087,1
0,0.646858860990638,1
0,0.04101353941711634,0
0,0.2021134771524272,0
0,0.060221589956902064,0
0,0.18202149444545077,0
0,0.013227678303007124,0
0,0.0061826638845587385,0
0,0.19570324286206248,0
1,0.5663245441503258,1
1,0.40749384167270863,0
1,0.9004351625819907,1
0,0.029276438821974095,0
0,0.010104795600434412,0
1,0.8616790528879699,1
0,0.8001403447896918,1
0,0.9133416835578995,1
0,0.06594543425783393,0
0,0.08945549617951476,0
0,0.030788060987525023,0
0,0.007716556681048131,0
0,0.4820988928474747,0
0,0.03725371242185789,0
0,0.04018317232565423,0
0,0.01227557454699256,0
0,0.7003361201741706,1
0,0.12264438491597826,0
0,0.013580274863684377,0
1,0.9897666908070402,1
0,0.012156801156836584,0
0,0.617446917346294,1
0,0.6409579718978142,1
0,0.519139149623124,1
0,0.0047115371405024725,0
0,0.01929586199653914,0
0,0.12063947058321003,0
1,0.9975159796130848,1
0,0.0464213184822864,0
0,0.0005784829352145335,0
0,0.13203506350467217,0
1,0.9342089092728683,1
0,0.001157567683065585,0
0,0.06190548398428392,0
0,0.0186474181486892,0
0,0.022215190699226207,0
0,0.02990644873304289,0
0,0.011899698052245396,0
1,0.026221220554964942,0
1,0.8154437784509366,1
0,0.07579970442837063,0
0,0.054912551868933505,0
0,0.052853428159407786,0
0,0.06484141191861448,0
0,0.04601808581937577,0
1,0.8471342829933418,1
0,0.41616706360375527,0
0,0.0052730692464824595,0
0,0.1556207291630496,0
0,0.0034301815138681156,0
0,0.001605272814321017,0
0,0.7434009154847805,1
0,0.024002553487313137,0
0,0.0015336146345129478,0
0,0.371019901264351,0
0,0.43622153952810516,0
0,0.031021862714954867,0
0,0.8339447298780467,1
0,0.0010186708472477266,0
0,0.7662691009535352,1
0,0.057144598094259334,0
0,0.00045317746804513496,0
0,0.10108407341110671,0
0,0.01850632152220589,0
0,0.8214769986517798,1
0,0.434669469638371,0
0,0.8657414293142666,1
0,0.43095161379224517,0
0,0.01548663749607616,0
1,0.9209987098079517,1
0,0.010786097670061012,0
0,0.12797211800046565,0
0,0.017167232272677253,0
0,0.5822807941952132,1
0,0.014812457532967536,0
0,0.18463681737429705,0
0,0.0015031802152059418,0
1,0.9965905898085569,1
0,0.05331353529765391,0
1,0.5988332949973961,1
0,0.03077490968376303,0
0,0.05194791657071534,0
1,0.9980059553711811,1
1,0.9977762562065348,1
1,0.7730328368881039,1
0,0.16083454591448867,0
0,0.5982059611792279,1
0,0.05095565262754237,0
0,0.7420666586043188,1
0,0.030043016754265052,0
0,0.00180637273104923,0
0,0.07089986411476915,0
0,0.18165384457001904,0
0,0.6000072351944534,1
1,0.7676834751238738,1
0,0.4815141048686745,0
0,0.002022087873329402,0
0,0.02958392917573044,0
0,0.6199602147696684,1
1,0.9976543001127247,1
1,0.9987814977173464,1
0,0.7317451791148772,1
1,0.9987193796998746,1
0,0.33827595240438113,0
0,0.09701583923334961,0
0,0.027816317713140942,0
0,0.010411844601499866,0
1,0.6546697741795265,1
1,0.9408297221537721,1
1,0.9186739865360348,1
0,0.18414030098390968,0
0,0.005867350711445789,0
0,0.0014479136716275371,0
0,0.0015869323188521533,0
0,0.008554403024359997,0
1,0.4548034827536222,0
1,0.9878584794726895,1
1,0.9023276717979258,1
1,0.5969823008407026,1
0,0.8555913403746072,1
0,0.032986464709191435,0
0,0.09104071905104431,0
0,0.4854107696791582,0
0,0.0008389618091789012,0
0,0.09928675103225224,0
0,0.4032434886143073,0
0,0.028577470295891458,0
1,0.9941770820971118,1
1,0.6789027252245801,1
0,0.006159859791756403,0
0,0.0020271402064920147,0
0,0.008096049822744545,0
0,0.06375159541791904,0
0,0.006829986859529752,0
1,0.5798575808521313,1
0,0.3627723574396387,0
0,0.010603016435927051,0
0,0.005701727398173171,0
0,0.17571047607762882,0
1,0.8790937468247747,1
1,0.7278061067948475,1
0,0.8387453361667061,1
0,0.41201283815068895,0
0,0.5452892468441403,1
0,0.40237754688064126,0
0,0.022837581915227,0
0,0.02332500035204384,0
0,0.03940879863284011,0
0,0.6463202272478801,1
0,0.01781485270896478,0
0,0.007972023315959186,0
0,0.6035959704950532,1
0,0.8780268836255626,1
0,0.021820697662691953,0
0,0.2831449421391497,0
1,0.9935957588614914,1
0,0.022148723944149774,0
0,0.026505901548779732,0
0,0.008343530577431804,0
0,0.6325947761845342,1
0,0.021109362262623707,0
0,0.6379514451685842,1
0,0.1671606023017369,0
0,0.009964793794645835,0
0,0.14460642781541233,0
0,0.22226097870876468,0
0,0.13037681089740574,0
1,0.9887288603194956,1
0,0.6559012803341059,1
0,0.0009069757399758944,0
0,0.0015583437194894578,0
0,0.019769042940437034,0
0,0.8026695503240228,1
0,0.01612740420982242,0
0,0.8312637694626964,1
0,0.05434507969224272,0
0,0.07488307904565852,0
1,0.6027031669238906,1
0,0.27967795766481646,0
0,0.22046603263481365,0
0,0.5044947685851432,1
1,0.6581716772093137,1
0,0.005973050465075457,0
0,0.007469933085355922,0
0,0.3599144720449417,0
0,0.07100199584881904,0
0,0.0004904120708245213,0
0,0.032765101339940796,0
0,0.025954377552467246,0
0,0.0029908199959743555,0
0,0.9348958644183932,1
0,0.019454625106072303,0
1,0.9983751779019884,1
1,0.7166730344493777,1
1,0.9856181374738542,1
0,0.9185111286417253,1
1,0.6444770127126603,1
0,0.027928103795863524,0
0,0.08850659291394788,0
0,0.0027500964880089076,0
1,0.4674236638309593,0
0,0.5654528918707401,1
0,0.0823409539698311,0
1,0.9828202326507285,1
1,0.8712750234095686,1
0,0.018629984838412647,0
0,0.6287063015732046,1
0,0.6215586165808917,1
0,0.013491755414748442,0
0,0.006534509141983187,0
0,0.03164138499056497,0
0,0.051470218862009226,0
0,0.5031732039219322,1
0,0.01274296944968827,0
1,0.670241057573078,1
0,0.13599736639146898,0
0,0.11643065416844489,0
0,0.27433367891106136,0
0,0.0028048717410080566,0
0,0.760466386875719,1
0,0.044887487144582544,0
0,0.3403173863700361,0
0,0.006982432268352015,0
0,0.021188593907448906,0
0,0.423296623140145,0
1,0.9945696633051296,1
0,0.12807511315931347,0
0,0.30557338197872624,0
0,0.006322697354079214,0
1,0.6482061480103518,1
0,0.03737691027952807,0
0,0.0253247038641241,0
1,0.9624554173449239,1
0,0.004290356691863254,0
0,0.0012349308054018307,0
1,0.7775070731350738,1
0,0.10083882699346292,0
0,0.010028532097110798,0
0,0.19368074845011934,0
1,0.9964643129385301,1
0,0.03750811174800187,0
0,0.0026715340706894657,0
0,0.8875852425990941,1
0,0.7742907630017009,1
1,0.9978730316345582,1
0,0.04391794018217992,0
0,0.13536034256686047,0
0,0.29258067234925383,0
0,0.12272413728993786,0
0,0.055926021377245186,0
0,0.008836097263095023,0
0,0.021868747643320172,0
1,0.5589050897396957,1
0,0.7212743764350774,1
0,0.1763335033127873,0
0,0.400484667088706,0
0,0.07157981840023828,0
0,0.013947159497159401,0
0,0.0007212759825078027,0
0,0.10743637648882136,0
0,0.3699806703153809,0
0,0.6491931515317091,1
0,0.10097010999916851,0
0,0.7586905461526123,1
0,0.019652171605726302,0
0,0.022555000073187493,0
0,0.022212364300422057,0
1,0.6311690608558149,1
0,0.0019914648793923524,0
0,0.3177823822380211,0
0,0.19548021787224415,0
0,0.01823848233313493,0
0,0.02856059653461532,0
0,0.015156419504714774,0
0,0.019903326721820613,0
0,0.2633468921121803,0
0,0.48490672676225827,0
0,0.11592210216660277,0
0,0.03626096013170109,0
1,0.7278229289348239,1
0,0.059954026053451896,0
0,0.08437564040189302,0
0,0.051052525939068734,0
1,0.9844008939222861,1
0,0.4233384869506649,0
0,0.049004198692277845,0
1,0.5116307042786498,1
0,0.032518796951225545,0
0,0.13409233470841006,0
0,0.07938091613744828,0
0,0.015329933079435679,0
0,0.42813013887082757,0
0,0.0014083245329739931,0
0,0.03735738700519422,0
0,0.31692304532939797,0
1,0.917353237623945,1
1,0.9657485874308394,1
1,0.9966306888374206,1
0,0.44515598554053387,0
0,0.6871134521998346,1
0,0.2532223328030552,0
0,0.20982569449451097,0
0,0.6650479892176994,1
0,0.004414357935395133,0
0,0.04179886236873927,0
0,0.006015069755930019,0
0,0.09116214625109569,0
0,0.0020058476204457636,0
1,0.5578629611434931,1
0,0.5035825238396078,1
0,0.1144064130403066,0
0,0.1283024095218019,0
0,0.018988331644519133,0
0,0.004482490369690738,0
0,0.30552268392281384,0
0,0.015539419475854296,0
0,0.29596174550504956,0
0,0.5874550506610079,1
0,0.23249756392009738,0
0,0.1237318381315346,0
1,0.3832862152432822,0
0,0.021460623876534742,0
0,0.08215070674368566,0
1,0.6037286786603757,1
0,0.078831952283861,0
0,0.01960862830198356,0
0,0.0007541467232103815,0
0,0.8293076874711035,1
0,0.011061918625775878,0
0,0.01762587323180423,0
0,0.4972006553942971,0
0,0.47167978977907826,0
0,0.38592371639327766,0
1,0.9919790459398432,1
0,0.08954830536239218,0
0,0.28526698013091284,0
0,0.001120983531996429,0
1,0.30500830008486673,0
0,0.8673792530279775,1
0,0.8421729662433771,1
0,0.02283127395000817,0
0,0.46143619401104174,0
0,0.4963573154750257,0
0,0.048872042398279,0
0,0.022203792516713502,0
1,0.6087819767847565,1
1,0.9990938415549536,1
1,0.9892238407600706,1
0,0.07214178230556142,0
1,0.321153538454653,0
1,0.47266568311801577,0
0,0.1933871587349822,0
0,0.10167154105621269,0
1,0.07139225935191607,0
1,0.9894510272964941,1
0,0.1124205471997802,0
0,0.6536222358145439,1
0,0.03090396790274493,0
0,0.2829910046886264,0
0,0.5577651261914743,1
1,0.9453190265011506,1
1,0.7597249262343287,1
0,0.10634908509603573,0
0,0.0009005614983658208,0
0,0.09511535250967208,0
1,0.801472418731535,1
0,0.5168053426534166,1
0,0.022492067686175975,0
1,0.6730936390329063,1
0,0.01982437428825899,0
0,0.00400921584552714,0
1,0.8921462670688385,1
0,0.33620335193260126,0
0,0.030116241893202954,0
0,0.005699593100948718,0
1,0.9948739841243912,1
1,0.9145861956725349,1
1,0.5794331730763217,1
0,0.04335460671521243,0
1,0.8738779533672298,1
1,0.1540027836899381,0
0,0.21790094666163418,0
1,0.3317084694043418,0
0,0.008284228977622935,0
0,0.0584286010968224,0
0,0.0012435339016461057,0
0,0.0011812375948613391,0
0,0.08121713657816376,0
1,0.9893867976434408,1
0,0.09739397404779067,0
0,0.22624970022829136,0
0,0.18563692870990098,0
0,0.46699993894767255,0
0,0.11584005439540258,0
0,0.10718677580131467,0
1,0.9940633718306152,1
0,0.2821583752179865,0
1,0.43378678105253665,0
0,0.016369606753930507,0
0,0.8398234415365978,1
0,0.46176128305395137,0
0,0.009425015316620078,0
1,0.99830990467864,1
1,0.795733664008505,1
0,0.6538616046586646,1
1,0.9643855431321899,1
0,0.24006207285686473,0
0,0.23093043598729812,0
0,0.804328872431268,1
0,0.2608313653373362,0
1,0.9373161043473581,1
0,0.041502748237689145,0
1,0.545873924604692,1
0,0.5676252432849705,1
0,0.6890987080091835,1
0,0.6066693590411143,1
0,0.030247633198215294,0
0,0.11968223460801232,0
0,0.1819544246653881,0
0,0.9419371532136734,1
0,0.6731522474057599,1
1,0.9379055506840669,1
0,0.0073599667899576756,0
0,0.14549486368302042,0
0,0.013722666997970246,0
0,0.28840502007000396,0
0,0.0011041211239213849,0
0,0.3745248022230663,0
1,0.2399905968458302,0
0,0.014902464051038499,0
0,0.010317852546448274,0
1,0.6115470986553943,1
0,0.04857301099286665,0
0,0.09621218631451858,0
0,0.022947612740931662,0
0,0.36472224686725535,0
0,0.07378192203539592,0
0,0.672633441934425,1
0,0.1349251871253693,0
1,0.8375653287092395,1
0,0.12272353601172681,0
0,0.004079325771131674,0
0,0.031975246167401314,0
0,0.561460153078974,1
1,0.8476356616723774,1
1,0.8853770101149941,1
1,0.7859933243680276,1
0,0.2594474086370789,0
0,0.22325711132992387,0
1,0.8203607884957774,1
1,0.9917030240845031,1
0,0.1489254861968715,0
0,0.01003109830139735,0
0,0.029711153598434598,0
0,0.014431785396534502,0
1,0.5033741772432104,1
0,0.0583889544294296,0
0,0.7261414192505321,1
0,0.002310410584588413,0
0,0.035169512230617414,0
0,0.06166865308407731,0
0,0.11159695796875603,0
0,0.43040915853183004,0
1,0.19193574645809086,0
0,0.013855513630486196,0
1,0.9984535493785297,1
0,0.004355259523452762,0
1,0.9532642253698024,1
0,0.0532571160068773,0
0,0.010412646367446769,0
0,0.8436231579271833,1
0,0.06314467298048891,0
0,0.16802573536563603,0
0,0.006820038407249951,0
0,0.0011716157480770022,0
0,0.585769768191187,1
1,0.6628739807540853,1
1,0.488507398239329,0
0,0.20890886445974582,0
0,0.8913780759390524,1
1,0.9368111975980548,1
0,0.46986210253066607,0
0,0.6733690689425265,1
0,0.01927879850238469,0
0,0.15384207604139416,0
1,0.9072943219246621,1
0,0.09880226063156095,0
0,0.646712109553169,1
0,0.009937074425149028,0
1,0.8605277179226928,1
0,0.08946969908384166,0
0,0.35977546409324146,0
0,0.0176753233561014,0
0,0.056547295292031605,0
0,0.0017134440858043894,0
0,0.0021816219811060973,0
0,0.05082660422367024,0
0,0.0006000430787467026,0
1,0.5288954779883537,1
0,0.047592826929358574,0
0,0.032833871065455184,0
1,0.9933444797792111,1
1,0.3292172843477933,0
0,0.011943416474535517,0
0,0.004452955172930986,0
0,0.3090660609261283,0
0,0.06539936827250024,0
0,0.03829116113973163,0
1,0.9799267720631046,1
1,0.6516802342323165,1
0,0.19658333130158726,0
0,0.08936641351852001,0
1,0.7614033162980196,1
0,0.04024019798862513,0
0,0.517597433124346,1
1,0.9128958731249445,1
0,0.003907494449099799,0
1,0.891825600718081,1
1,0.9130534466772976,1
0,0.7120982076478751,1
0,0.1240249815973897,0
0,0.5879361177575618,1
0,0.013080057725598846,0
1,0.8866382164249114,1
0,0.17488207550922263,0
0,0.6297750426504486,1
1,0.9848547729021608,1
1,0.9868613305985132,1
1,0.9927594901438589,1
1,0.7749777195025433,1
0,0.8532506703067881,1
0,0.011133602989572609,0
0,0.03344293687959893,0
1,0.6382018802169058,1
0,0.036428675430709,0
0,0.024469334320278167,0
0,0.18697185565974622,0
0,0.33290195367820113,0
0,0.017034870327133803,0
0,0.6218351866122014,1
0,0.6669621285260473,1
0,0.2909596094077221,0
1,0.9980293512543862,1
1,0.6671317375189496,1
0,0.005176578616266545,0
1,0.5094029953064589,1
0,0.047991933340624654,0
0,0.06262378906184507,0
0,0.6462250905013174,1
0,0.08988925200517561,0
0,0.0012533154832808982,0
0,0.04354721796375322,0
0,0.0011779914223997749,0
0,0.6811053603384296,1
1,0.861906291803137,1
0,0.5323159982843769,1
0,0.2825343924023384,0
0,0.0051460196084406485,0
0,0.2481562913459026,0
1,0.8939421292966673,1
0,0.0782147148035006,0
1,0.6726244798691403,1
0,0.16980097290653978,0
0,0.0009748736109674605,0
0,0.22971994750381752,0
0,0.28536597276662595,0
0,0.010531460281206712,0
0,0.1338259973928257,0
0,0.05399760576296336,0
0,0.09692905854716545,0
1,0.998689188324036,1
1,0.650049466270788,1
0,0.30454754281261653,0
0,0.004530130813753443,0
0,0.60970220147934,1
0,0.009946384813112233,0
0,0.029978121160268024,0
0,0.5190042354817719,1
0,0.05625064227413343,0
0,0.4478676147761307,0
0,0.0011446128312962627,0
1,0.702561083387101,1
0,0.6503802272368148,1
1,0.6648977015796181,1
0,0.18446552282614198,0
1,0.89351899126602,1
0,0.055035662658138786,0
1,0.6861690317902399,1
0,0.00715562999539896,0
0,0.07511455876281374,0
0,0.0077258970985972664,0
0,0.05670153082255094,0
0,0.6313763297291397,1
0,0.00624407849547761,0
0,0.6309028925552774,1
0,0.010467630820419502,0
0,0.042341699120469055,0
0,0.4822872672910772,0
0,0.003697926294479567,0
0,0.000829598732396886,0
0,0.005289174711721523,0
0,0.0027688096936839155,0
0,0.31361956374124517,0
0,0.04350506228080262,0
0,0.003376531924854409,0
0,0.018412715369807785,0
0,0.9266731800470586,1
0,0.004032089715393056,0
0,0.21262293542155777,0
0,0.0018243884473482202,0
0,0.036967121663766506,0
1,0.36555296215046623,0
0,0.004078471788536054,0
0,0.041829861306834575,0
0,0.0021221603729771623,0
1,0.5937741881177026,1
0,0.1658817958313783,0
0,0.00868925303040381,0
0,0.053464824688464245,0
0,0.006693185153469141,0
1,0.9898781519008044,1
0,0.0033659464148455757,0
0,0.35857305867154377,0
0,0.00648156236979442,0
0,0.2872323394888159,0
0,0.001456869852725202,0
0,0.8868312831821427,1
1,0.8435225641410112,1
0,0.045512125614603056,0
1,0.8259327318690881,1
0,0.02331544895437983,0
0,0.0538427034615826,0
0,0.04251161011941263,0
1,0.9879989084166731,1
0,0.6583064090097498,1
0,0.36055383932253626,0
1,0.7764007477423496,1
0,0.024795802382370752,0
0,0.05268231686919266,0
0,0.01030634670939658,0
1,0.8773225689466991,1
0,0.36218492358291104,0
0,0.05117918242252265,0
0,0.029679200688917075,0
1,0.9265615190761551,1
0,0.09769213946088125,0
0,0.03831395538718727,0
0,0.005127883165294644,0
0,0.010986934048421647,0
0,0.39210851662625773,0
0,0.000893121213814133,0
0,0.8049818909667182,1
0,0.028516500414407838,0
0,0.05727016926994352,0
0,0.0012365614054301011,0
1,0.38945750955125885,0
0,0.03768870736795917,0
0,0.22146489294701208,0
1,0.9384773139859571,1
0,0.001864726734837227,0
1,0.8709088250940115,1
1,0.9271189774916713,1
0,0.031278781956445706,0
0,0.5883757734534405,1
1,0.7375315613789801,1
0,0.00327554688443616,0
1,0.6455639503254069,1
1,0.9732465551402496,1
1,0.6256210147344262,1
1,0.6265621061742774,1
0,0.05419117666173934,0
0,0.2837454847402567,0
0,0.8396871747119011,1
1,0.39008126477038024,0
0,0.16352616702589057,0
0,0.036535572345211986,0
1,0.9027979682046674,1
1,0.9036833955694807,1
0,0.005772217901704422,0
0,0.016274844649988,0
1,0.5935380731618846,1
0,0.004059465918268252,0
0,0.12651947085619286,0
0,0.5364067653135691,1
0,0.08732209254304557,0
0,0.4918283062286086,0
0,0.7682327280764902,1
1,0.9966423285936422,1
1,0.9822657572763911,1
0,0.0219776672486675,0
0,0.20017607519924616,0
1,0.9082284445051697,1
1,0.9947547390102028,1
1,0.998328152433306,1
0,0.02496777259213625,0
1,0.9870983161792699,1
0,0.04466734814762102,0
0,0.005226833524232383,0
0,0.0825288840751519,0
0,0.4151067450696661,0
1,0.898255388844162,1
0,0.0073241666302641395,0
0,0.44018353786584635,0
1,0.9913580918321012,1
0,0.011164932099648568,0
0,0.12185055628015747,0
0,0.3037051061106187,0
0,0.003536512305293971,0
0,0.05876934268271647,0
1,0.9054762508273447,1
0,0.1042693909162884,0
0,0.05023631812018933,0
1,0.8879599808083317,1
1,0.9988138569050482,1
0,0.6465864655368535,1
0,0.015118436854028262,0
1,0.5333132842019644,1
1,0.8608410367133881,1
0,0.4329249487057981,0
0,0.0007339578223092968,0
0,0.008921135144969698,0
0,0.03596343405927112,0
1,0.9053420381867797,1
1,0.6826121622582437,1
0,0.7994189646997644,1
0,0.01007736267087767,0
0,0.07742152393607402,0
0,0.001168008187274627,0
0,0.054776069129978365,0
0,0.20624574409639546,0
0,0.014413783324377748,0
0,0.5092584565571957,1
0,0.7213563459294197,1
0,0.08178773362393808,0
0,0.4128566831519257,0
0,0.002334205610346534,0
0,0.1316739375022449,0
1,0.9074580743390179,1
0,0.15105748233857508,0
0,0.8048926090846232,1
0,0.06952762065048225,0
0,0.34416863450873836,0
1,0.9583435215262854,1
0,0.018174377901056166,0
0,0.18276522633349052,0
0,0.04206429570969473,0
0,0.09649831036983617,0
0,0.06425673128860124,0
0,0.17342502587179925,0
0,0.0899501088612141,0
0,0.0164682844447156,0
0,0.001126326127858915,0
0,0.8148149089646566,1
0,0.036269834362095014,0
0,0.04766970296171182,0
0,0.02561599851248945,0
1,0.5683269186600257,1
1,0.9865862939499964,1
1,0.9926312273102933,1
0,0.6476495725612145,1
0,0.49751338613008234,0
0,0.5719444714282582,1
1,0.8240196716150376,1
1,0.861080302747001,1
0,0.6840660692147532,1
1,0.8182328751292152,1
0,0.82766180914579,1
0,0.0024560998019256333,0
1,0.43483743945018843,0
0,0.0021150543908343327,0
0,0.19423301170893018,0
0,0.40017233358154397,0
0,0.30635363852929676,0
0,0.23666463807650295,0
0,0.023215413217185975,0
0,0.008237498998605895,0
0,0.01252189263904158,0
0,0.011530742883235114,0
0,0.7321080595478788,1
0,0.40290073309539554,0
0,0.10404905288059532,0
0,0.03659694682948076,0
0,0.03411485543443772,0
0,0.03309112014818354,0
1,0.8812504345087542,1
0,0.16964334680621979,0
0,0.11765033570763017,0
1,0.8483221514795539,1
1,0.1222822319019441,0
0,0.2509311678585975,0
0,0.01173896306498444,0
0,0.3447412788127362,0
0,0.46415660167375106,0
0,0.3923730556500743,0
0,0.006509360995351899,0
0,0.006406122094241147,0
0,0.0008256712670839252,0
0,0.14076994943720078,0
0,0.011048611806097874,0
1,0.6257277798081393,1
1,0.9250873053218713,1
0,0.11142740841649705,0
0,0.16678298254644375,0
0,0.1567607460718363,0
0,0.7191625388427402,1
0,0.018842815644846758,0
0,0.015433111322504009,0
1,0.9969961364327073,1
0,0.007825040545351599,0
0,0.015194847524733832,0
0,0.6537335105024453,1
1,0.9649381140018143,1
0,0.6277974707331762,1
0,0.059191680585254015,0
0,0.6426936122868186,1
1,0.7642480601338137,1
1,0.745575863972419,1
0,0.007543296978189275,0
0,0.0005062087868976161,0
0,0.04715447095517677,0
0,0.002229683068365491,0
0,0.005020675286007731,0
1,0.8637020482319986,1
0,0.002082653369122459,0
0,0.0615007435784431,0
1,0.8797649937204891,1
1,0.7818625534740622,1
1,0.9987506816272489,1
0,0.04785726034894767,0
1,0.9981907960817089,1
1,0.4306548691986424,0
0,0.3815967449618925,0
0,0.04476216376776062,0
0,0.03060074382462669,0
0,0.1012883460394691,0
0,0.004123235130103345,0
0,0.05027872382356437,0
0,0.7812652628735562,1
1,0.9949291459993098,1
0,0.007021108411298221,0
0,0.6800489861911297,1
0,0.01657272853469471,0
1,0.9187517250606635,1
1,0.9983420433407467,1
0,0.052455269095072886,0
0,0.1602147679172868,0
0,0.011498102794957448,0
0,0.02268625762500984,0
0,0.19606119861316748,0
1,0.9979572218407109,1
0,0.721565600246369,1
0,0.6754880084248498,1
0,0.044422231055481105,0
0,0.1530054988076945,0
1,0.8964440162458143,1
0,0.18350310140929277,0
0,0.30109731710445564,0
1,0.6077804769102593,1
1,0.7174674232703725,1
1,0.9945211681045508,1
0,0.00706638258758678,0
0,0.0009417173414632619,0
1,0.7685829516797108,1
0,0.008012772235123072,0
1,0.8930808995063033,1
1,0.9231225488201684,1
1,0.35354258513957837,0
0,0.3728385351860678,0
0,0.3468225793450689,0
0,0.08953172348480118,0
0,0.21297863729148486,0
0,0.00493443154783943,0
0,0.350643135671082,0
0,0.02604371365122243,0
0,0.0011764698558598575,0
0,0.01710772924945072,0
0,0.49565091683610896,0
0,0.15656541204077307,0
0,0.11014316242486147,0
0,0.01254896392679734,0
0,0.08316499670712554,0
1,0.9565850321326609,1
0,0.16773825858178015,0
0,0.7671972166155133,1
0,0.27292411734892974,0
0,0.07679856140404359,0
0,0.07064030160892001,0
1,0.5008374760018629,1
0,0.6313028771697224,1
0,0.2281384118736527,0
1,0.9756952329624382,1
0,0.13376763890747817,0
0,0.7327197909069837,1
0,0.7046059293934831,1
0,0.23305634296588287,0
0,0.07490418670216922,0
0,0.10078586336651882,0
0,0.00199203529357402,0
0,0.0752610224171823,0
0,0.045751339537448955,0
0,0.6995408010056438,1
1,0.3935161182951095,0
0,0.2823673201571743,0
1,0.17433143338840604,0
0,0.0020316975294444655,0
0,0.1152911281233231,0
0,0.13184446604966732,0
0,0.6635518818591933,1
1,0.9232197518756485,1
0,0.1013738637026612,0
1,0.8403243075388681,1
0,0.037087896963357014,0
0,0.5988564280848006,1
0,0.7907283858219942,1
0,0.002454804138512321,0
1,0.9261186510142203,1
0,0.09785638508521595,0
0,0.5405679064587243,1
0,0.005112532052197615,0
1,0.8665691308558191,1
1,0.8215848421946095,1
1,0.7520609668381161,1
0,0.0030130521349041933,0
1,0.9045339894311589,1
0,0.003315868263038659,0
0,0.20054055162709516,0
1,0.9710887875426437,1
0,0.0363430061034275,0
1,0.9976261194990986,1
0,0.04322354673067171,0
0,0.4363098257810048,0
0,0.897269613389247,1
0,0.005520874209299869,0
0,0.5904825169468991,1
1,0.8011611781594206,1
0,0.005310838277303635,0
0,0.7483317054908013,1
0,0.2532497140299613,0
0,0.10839674700838778,0
0,0.03247153433274398,0
1,0.8742173858061242,1
0,0.0017101673374246159,0
0,0.00818724248896598,0
0,0.00499217856027323,0
0,0.28495257149203607,0
0,0.0050540971471127304,0
0,0.3622141872728084,0
0,0.015485980676510556,0
1,0.7278323544404971,1
0,0.8272030376999921,1
0,0.006954860227618236,0
0,0.6659162025251247,1
1,0.9966201650338424,1
0,0.5560041371989131,1
0,0.018592772723324897,0
0,0.021880320957878577,0
0,0.0022654829636701707,0
0,0.06888607756029527,0
0,0.6995300954708011,1
0,0.001536810766685925,0
0,0.006258096561670725,0
0,0.015702650860874617,0
1,0.8534248342958578,1
0,0.028264002725667516,0
0,0.025665260488718134,0
0,0.10785528635028407,0
0,0.010605300097304956,0
1,0.919550889689659,1
0,0.8765391502179504,1
0,0.0017815468616023595,0
0,0.030099960089473358,0
0,0.08703035727178818,0
0,0.051201912897856944,0
0,0.5776220448511777,1
1,0.9186470040920943,1
0,0.006375624352776093,0
0,0.005980607257085221,0
0,0.19617525139800596,0
0,0.717822144676903,1
0,0.03236411829081573,0
0,0.012827229332679714,0
0,0.04220430854096495,0
0,0.7653795210633768,1
0,0.03634141214547519,0
0,0.6385386377009321,1
0,0.754119359121669,1
0,0.4451694848808468,0
0,0.06450413361434106,0
0,0.023863145438885014,0
1,0.9967134325214776,1
0,0.037153883923896916,0
0,0.001288222126353621,0
0,0.026444293073072722,0
0,0.1635207093547634,0
1,0.5944122051845107,1
0,0.04222228934190487,0
0,0.12542553555647712,0
0,0.021383494064417263,0
0,0.6717058972174726,1
0,0.09221628295673248,0
1,0.8640193381194365,1
1,0.28244901371014425,0
0,0.09289841786604655,0
0,0.22036536708572227,0
0,0.0075035568258575176,0
0,0.0013715433818476078,0
0,0.001791926897021573,0
0,0.8347283164811882,1
0,0.5298815421574365,1
0,0.003889436338423869,0
0,0.6588906984319537,1
0,0.03229137196270515,0
1,0.8050870648926471,1
1,0.5498671953887398,1
1,0.8587821736813649,1
0,0.032477704792940716,0
1,0.5444226644015076,1
0,0.43591408099834533,0
0,0.028090745091493768,0
1,0.5398836044810676,1
0,0.12806544830498073,0
0,0.02498707767615472,0
0,0.0034929538770828296,0
0,0.03828965533511666,0
0,0.006625957852539651,0
1,0.13682253953433074,0
0,0.0027086121096869305,0
0,0.023300057460903658,0
1,0.9839808923095043,1
1,0.8738055983375138,1
0,0.023552893931654686,0
0,0.005550879757535092,0
0,0.014399989967739883,0
0,0.766520434887389,1
0,0.16397971047427815,0
1,0.9909527211060544,1
0,0.018772996343907965,0
0,0.7026547762354186,1
0,0.11108812834746969,0
1,0.7340693409187242,1
0,0.014704463783614608,0
0,0.2783142711422383,0
1,0.9914115060090163,1
0,0.0030458213343867654,0
1,0.9980007100521954,1
0,0.17563089293473458,0
1,0.2502172322354372,0
0,0.09491002911622824,0
0,0.12954152449192433,0
0,0.48553305260063073,0
0,0.12208758062265919,0
0,0.041417537433527565,0
0,0.5620364813645935,1
1,0.8514352644220362,1
0,0.16933201029762496,0
0,0.4220351182769047,0
1,0.40108951554554995,0
1,0.7003646121804703,1
0,0.4863153754725843,0
0,0.017429819705191286,0
0,0.009393494233004571,0
0,0.38791550454756735,0
0,0.7909617858248158,1
0,0.016726297367717507,0
1,0.8881065285076684,1
0,0.822317521336611,1
0,0.5695715073985986,1
0,0.05967888111268654,0
0,0.008383528218350084,0
0,0.12134400307897912,0
0,0.010668226538381906,0
0,0.19378285428721392,0
0,0.7225540671841071,1
0,0.02273536242276419,0
0,0.0015151307002883052,0
0,0.025665415278801423,0
1,0.9530555061178321,1
0,0.3475389423756531,0
0,0.4502747247028218,0
0,0.3730023768602531,0
0,0.1672030393818194,0
0,0.15042898846957564,0
0,0.26072246183168823,0
0,0.10763316057135718,0
0,0.16070133715757162,0
0,0.0024892511160035688,0
1,0.9972026908078908,1
1,0.9400422951612819,1
1,0.5405614847924884,1
0,0.7378095044240177,1
0,0.007115293046770012,0
1,0.6830747905072985,1
0,0.0010189094013753528,0
0,0.09169124831931094,0
0,0.7287541375422772,1
0,0.27220788343914615,0
0,0.14559543849254775,0
0,0.030353655013795482,0
0,0.034503269438466586,0
0,0.010653793534075487,0
0,0.005218616983680399,0
0,0.08507994196284135,0
0,0.043113187338793525,0
0,0.6077530069076613,1
0,0.023258683067023132,0
1,0.405020398700889,0
0,0.4642878709329615,0
0,0.8090784388379832,1
0,0.0007775805273848612,0
0,0.7916260260940374,1
0,0.06747963366967802,0
1,0.6573892318395165,1
1,0.7860431185290905,1
0,0.18586706613545245,0
0,0.06837753041905542,0
1,0.5650005072346929,1
0,0.12937326177088884,0
0,0.015690628447842705,0
0,0.0032104098862496323,0
1,0.6131550954630509,1
0,0.025027262894023326,0
1,0.9000321968168106,1
0,0.03312300944365486,0
0,0.29415779385484014,0
0,0.0026055425584380148,0
1,0.8594746133587506,1
0,0.24630502259988618,0
1,0.8996264227083834,1
0,0.21079141850894265,0
0,0.5163785327140139,1
0,0.00983196356637262,0
0,0.0012001975920785093,0
0,0.05552834085014616,0
1,0.8128740958824677,1
0,0.05553508001915881,0
0,0.15125308686392042,0
0,0.28804461828510336,0
0,0.034415842403811535,0
0,0.7499465494143603,1
0,0.5943465944876946,1
0,0.007479932184286764,0
0,0.006458323675827519,0
0,0.01826040579371907,0
0,0.42647755969807705,0
0,0.009897031683885428,0
0,0.8164233409893823,1
0,0.021582198016477323,0
0,0.04220252530566972,0
0,0.0047907715806982535,0
0,0.02323200689759307,0
0,0.01834601284871301,0
1,0.8427211673057334,1
0,0.2640146094641806,0
1,0.998419775364387,1
0,0.6549320933858667,1
0,0.027283554812127984,0
0,0.2981735010653518,0
1,0.9985025315474132,1
1,0.7521626275884116,1
0,0.0014451342352928753,0
0,0.4578167430150318,0
0,0.0025355390843931043,0
1,0.9974414196845608,1
0,0.8028516084848405,1
0,0.5358337134344794,1
0,0.19264012650667026,0
0,0.036061647057385925,0
0,0.01925174212591379,0
0,0.007788754194914079,0
0,0.5983160468836585,1
1,0.7794521367835389,1
1,0.9875410861312794,1
0,0.0014350024389130132,0
1,0.821568037566252,1
0,0.05841339757265951,0
0,0.3043108908691953,0
0,0.1927060381838784,0
0,0.840917200392219,1
0,0.012109532933287544,0
0,0.08367531669678703,0
0,0.0068583929101471205,0
0,0.04939758658281341,0
0,0.17795938714239312,0
1,0.7819029983250294,1
0,0.8395090909786348,1
0,0.0032081127718589404,0
0,0.06593933764553085,0
1,0.2923291454983072,0
0,0.7771321730830313,1
0,0.20030558515229982,0
0,0.5919834041546789,1
1,0.9293125608219824,1
0,0.7416309827535548,1
0,0.0018103913268942707,0
0,0.10346779875893208,0
0,0.0014779417485868572,0
0,0.03719009940576102,0
0,0.05937748323554076,0
0,0.4632019624700987,0
0,0.07218742445277955,0
0,0.027537517984934323,0
0,0.2546141150798476,0
0,0.8677756901775945,1
0,0.854744150421378,1
0,0.0013461319775828567,0
0,0.7405410450269768,1
0,0.6603907007991032,1
0,0.2012441337711278,0
1,0.5219396873514421,1
0,0.0018285324588585277,0
0,0.008892539650498374,0
0,0.13988006357250723,0
1,0.9785258640296447,1
1,0.7639526402042385,1
0,0.010306360891571878,0
0,0.4223463397250489,0
1,0.6655800950958781,1
0,0.43989880754256927,0
0,0.8314310409387756,1
0,0.07959518620478538,0
0,0.1069759871347175,0
0,0.06969566839800281,0
1,0.8198391701872224,1
0,0.17292854100346008,0
0,0.20217288111072304,0
0,0.09707247927864052,0
0,0.0027744510045272603,0
0,0.32667147515985406,0
0,0.1849091753710919,0
0,0.40506257211855473,0
0,0.001230674183371018,0
0,0.35562216087210974,0
0,0.48819073594427975,0
0,0.9195001261710032,1
0,0.007095792212983632,0
0,0.7135743153429424,1
0,0.6745203262073255,1
0,0.04390829360546223,0
1,0.24317261354478747,0
0,0.016607866033459758,0
1,0.40108951554554995,0
0,0.031197905781635348,0
0,0.769126943697448,1
1,0.6532253839077952,1
0,0.044126707767837746,0
0,0.3990424919443516,0
1,0.5672813117717239,1
0,0.0776196182466311,0
0,0.8858931902479096,1
1,0.8007069567953293,1
0,0.022916669560633148,0
0,0.007661805836971053,0
0,0.0956178473779746,0
1,0.6972982604403496,1
0,0.02580706608388479,0
0,0.15710616545607853,0
0,0.636988116528256,1
0,0.13762939038874553,0
0,0.01205823121282815,0
0,0.34507590774272795,0
0,0.16316642849177707,0
0,0.05122800776987442,0
0,0.6502037615268257,1
0,0.02667896192886168,0
1,0.18446036278276676,0
0,0.09709381080646146,0
0,0.794706964232883,1
0,0.5471866354196255,1
0,0.7083876845538498,1
0,0.2517866950859531,0
0,0.024866079119734458,0
0,0.5315566257874454,1
0,0.054093092696043725,0
0,0.07746934512445922,0
1,0.8965872628298066,1
0,0.010727190789327636,0
0,0.003048212297496503,0
0,0.01719089844475698,0
1,0.2190294870218217,0
0,0.002356737832643165,0
0,0.05864048562745809,0
0,0.9195993620371592,1
0,0.2645956648671282,0
1,0.9980876273868848,1
0,0.0016925359981862422,0
1,0.8236047702082356,1
0,0.04221449602664593,0
0,0.009422961063635582,0
0,0.027728075743772913,0
1,0.3674519970103638,0
0,0.032947309489707616,0
0,0.032706778017043796,0
1,0.8431479582580917,1
1,0.8454109889059864,1
0,0.010064176630087884,0
0,0.04917362554862845,0
1,0.8081502809080497,1
1,0.14500777221717248,0
1,0.9047007662433316,1
0,0.7426110255306334,1
1,0.6940393594784433,1
0,0.04129561296206568,0
1,0.5748687609545267,1
0,0.6770344340393375,1
0,0.01807618285157096,0
0,0.0011371846450216245,0
0,0.008997051514546307,0
0,0.0018956238650650477,0
0,0.0019087965372741138,0
1,0.9967494916024524,1
0,0.03597041892721544,0
0,0.6436588028671221,1
0,0.012235299801468145,0
0,0.008396259507208296,0
0,0.4418961793517879,0
0,0.9082795894380313,1
0,0.0025336057141242974,0
0,0.052314239230077685,0
0,0.7052004575620899,1
0,0.8438143750950498,1
1,0.8523235997030946,1
0,0.2518585829047767,0
0,0.07982808068738091,0
0,0.05800169850411409,0
0,0.001020033095958098,0
0,0.9347708297218139,1
1,0.7990752310753674,1
0,0.1290410173399283,0
0,0.21735169714246744,0
1,0.8464876113575304,1
1,0.6012437387115701,1
0,0.3385831451859688,0
0,0.022707856852211224,0
0,0.2901852291532294,0
1,0.8133514409461023,1
0,0.40680772987779357,0
0,0.232267073344979,0
1,0.9956745583289464,1
1,0.7529011431715031,1
0,0.002008384742559777,0
0,0.04387277758356675,0
0,0.00199219976832305,0
0,0.007286207803424286,0
0,0.08836282282442966,0
0,0.031612559075385634,0
0,0.06378345553397302,0
1,0.6908451262915066,1
1,0.6794383460674056,1
0,0.33451940186548706,0
1,0.6585850583348313,1
0,0.7079139093369822,1
1,0.8273467608523963,1
0,0.02192813135009583,0
0,0.14342695632898403,0
0,0.0036747343815411427,0
0,0.029733636171684265,0
1,0.3978021651377351,0
0,0.3698826377286574,0
0,0.015579280492011056,0
0,0.6287063015732046,1
0,0.14195465876777544,0
1,0.895770628963997,1
1,0.806350265621683,1
1,0.9138837164071432,1
1,0.2607287634388972,0
0,0.059366625512841054,0
1,0.9991341259868971,1
0,0.013859218341666969,0
0,0.21737823980630594,0
0,0.06076220602938673,0
0,0.7415146922229794,1
0,0.02604117785963508,0
0,0.015262996970150421,0
0,0.7032987291088595,1
1,0.7802448115749687,1
0,0.052066037382072376,0
0,0.3698826377286574,0
0,0.017348247201968238,0
0,0.059889939645036715,0
0,0.042906217657015217,0
0,0.15551344529758362,0
0,0.03789227815995573,0
0,0.011081366264728788,0
0,0.14890600394450512,0
1,0.9760148166240246,1
1,0.9970779395075101,1
0,0.04532253611309481,0
0,0.022900113100392454,0
0,0.6642303404346535,1
0,0.07041505235036409,0
0,0.13590797247251357,0
0,0.0025562157830142256,0
1,0.9975855811150977,1
0,0.0033629532505000024,0
1,0.7742317002939872,1
0,0.2660317988110881,0
1,0.9005600127844815,1
0,0.2316670809640141,0
0,0.046406039150906575,0
0,0.01135868891945436,0
0,0.15780036375602052,0
1,0.9977831854015632,1
0,0.029760336761299737,0
0,0.009175675083748978,0
0,0.01861057358546064,0
0,0.005188197629874633,0
0,0.7721410902284226,1
0,0.10923446291895558,0
0,0.6958267874671216,1
0,0.3877992032809827,0
0,0.34319935238735605,0
1,0.7174467536445331,1
0,0.021261381620026228,0
1,0.9883807011699312,1
0,0.30954032863387787,0
0,0.005427048773855246,0
0,0.017750517916889093,0
1,0.5770694040318196,1
0,0.569729743388445,1
0,0.43992291020672575,0
0,0.7730381858607529,1
0,0.3040519036007062,0
0,0.10907424276436671,0
0,0.01984999347145305,0
0,0.09503145980201434,0
1,0.9978241772798384,1
0,0.28325950263004546,0
1,0.8314994369302626,1
0,0.06341488536768501,0
0,0.1716969087652874,0
0,0.00035924996683849665,0
0,0.02963026806306219,0
0,0.40146183433294824,0
0,0.10688275695669365,0
0,0.17631834078969957,0
1,0.8265660004956893,1
0,0.253087115605808,0
0,0.7397253940307571,1
0,0.23868542418739666,0
0,0.13766204132019155,0
1,0.9925280894646775,1
1,0.9969282139390002,1
0,0.020030369497363316,0
1,0.18648371541614886,0
1,0.9875791401704295,1
0,0.027430263196084898,0
0,0.7691211804938499,1
0,0.03311096021776093,0
0,0.6368165660848292,1
1,0.8919168489596313,1
1,0.9874941987625795,1
0,0.21472336515174148,0
0,0.03730720194522317,0
0,0.14925996104243228,0
0,0.04852353882430062,0
0,0.5920679654732631,1
0,0.32183912743018556,0
0,0.06274320995671467,0
0,0.8228636103401278,1
0,0.5344434491164824,1
0,0.19966458447167615,0
0,0.19348987482700966,0
0,0.30763879778711056,0
0,0.17228524817951452,0
1,0.9989555512534852,1
0,0.029344583495134358,0
0,0.49732528219845523,0
0,0.7479311376590556,1
1,0.7407585928859446,1
0,0.09230493433386118,0
0,0.6540371896645459,1
0,0.623955331072166,1
0,0.02399192391819743,0
0,0.04504056433057408,0
1,0.7621672410266521,1
0,0.02230562973863143,0
0,0.02218415306468507,0
0,0.19306305946720959,0
0,0.03384196494454176,0
0,0.7465128473223487,1
1,0.6813641232597727,1
1,0.9985243269349416,1
0,0.008302855616567146,0
0,0.16068811848741288,0
1,0.7248238149491518,1
0,0.4394900335576252,0
0,0.05378962867234314,0
0,0.6603539641023031,1
0,0.08780283085124656,0
1,0.8079239162900081,1
0,0.005471746382493942,0
0,0.06242649837972337,0
0,0.008872008338362304,0
1,0.5205610111904144,1
0,0.49433308285054817,0
0,0.29585377964662474,0
0,0.09182505325121762,0
0,0.47134945429906105,0
0,0.022460474472336733,0
1,0.8078405220722511,1
0,0.044190947078669385,0
0,0.002216443683565775,0
0,0.06393364858321841,0
0,0.5382401184928187,1
0,0.010723873260889175,0
1,0.8278949836335773,1
0,0.024692261342536236,0
0,0.03209217083431369,0
0,0.04688210489233757,0
1,0.999448868486817,1
0,0.07110903873640743,0
0,0.13834555172675148,0
0,0.012963888792814232,0
1,0.9700819516262785,1
0,0.5846061680610619,1
0,0.35105965825819274,0
0,0.22698510098119457,0
0,0.08070576415885039,0
0,0.9082188201667619,1
0,0.07407271219230868,0
1,0.6776509192608743,1
0,0.003838036211852761,0
1,0.39417485379909456,0
0,0.41393927416265086,0
0,0.048941290518418605,0
0,0.8049270088987706,1
0,0.132807248637223,0
0,0.2998453848012013,0
1,0.6341212460975587,1
0,0.09271108083331953,0
1,0.5558720000670425,1
0,0.02228570085152351,0
0,0.21524308408027154,0
1,0.8377907133604058,1
0,0.008538251001047312,0
1,0.9302639880159616,1
0,0.08880765182904468,0
0,0.022768595291297832,0
0,0.012973291097820668,0
0,0.33904928824610386,0
0,0.0441595047861185,0
0,0.4853791854787475,0
0,0.8509987002160504,1
1,0.5973498944508794,1
1,0.9968063485853991,1
0,0.6909812374534289,1
1,0.8131315927625289,1
1,0.9983164899647679,1
1,0.3825096729668084,0
0,0.0984509483218172,0
1,0.8753611494632462,1
1,0.6378361786405631,1
0,0.3371399882837724,0
0,0.6850000914127881,1
1,0.7195411916484574,1
0,0.5433749911010665,1
1,0.9189338999410698,1
1,0.9877140329845957,1
0,0.000778890456651659,0
0,0.006710333942089554,0
0,0.28014114998420536,0
0,0.09761165430587397,0
0,0.20719395594676052,0
1,0.36809880264628425,0
0,0.16659184034253174,0
0,0.07748981788957154,0
1,0.8825431395958573,1
0,0.1081176744172173,0
0,0.01204884475012894,0
0,0.36757276112945353,0
0,0.003519762022626375,0
0,0.8656510997520271,1
0,0.0038008044391673337,0
0,0.07037774994931316,0
0,0.08993157097830218,0
0,0.4449075570526248,0
0,0.4008475941612782,0
1,0.9207604445048259,1
0,0.08872679528052194,0
0,0.3775868911022648,0
0,0.011089252613917706,0
1,0.8451691019786844,1
1,0.8804544364655095,1
0,0.03500006857979769,0
1,0.9063569193565586,1
1,0.8915297586974982,1
0,0.09531115671030145,0
0,0.001769095000276173,0
1,0.995664342311266,1
1,0.625833598524662,1
0,0.05819157739806217,0
1,0.9074867438812211,1
0,0.01242246517864352,0
1,0.39051841943727966,0
0,0.001741396765345879,0
0,0.018813414717707234,0
1,0.6995612820313302,1
0,0.014405689929856857,0
0,0.18556041887217814,0
1,0.987939660806712,1
0,0.7042208230066663,1
0,0.133241921686884,0
1,0.9809662057273879,1
0,0.8641250164678873,1
0,0.0214977601721967,0
0,0.00940303737236718,0
1,0.45399541048618347,0
0,0.20405270966411193,0
0,0.0021549698901124218,0
0,0.01599721238971659,0
0,0.08749309648791187,0
1,0.8864414615829497,1
1,0.8392515083646616,1
1,0.5497169294161498,1
0,0.11924601619125162,0
1,0.8963427233572148,1
0,0.02653012195815069,0
0,0.2892505274047029,0
0,0.004366234403221452,0
1,0.48987282188946085,0
0,0.6826775713855148,1
0,0.04141593031074744,0
1,0.36902509844683457,0
0,0.005106748700581608,0
0,0.0076240792700736195,0
0,0.03244575409395139,0
0,0.06375159541791904,0
1,0.8249721900879562,1
0,0.013349619057789934,0
0,0.7373389884928514,1
0,0.0015953862894847533,0
0,0.6207121556230086,1
1,0.9816773405272253,1
0,0.021890427331531057,0
0,0.042716339892390105,0
0,0.06859148037416443,0
1,0.8635966217016005,1
0,0.0010833344457499105,0
0,0.14057555272978756,0
0,0.6473796571249082,1
0,0.00485703564555115,0
1,0.9923633684882593,1
0,0.019482290542531304,0
0,0.00861533767711119,0
0,0.10061208847047391,0
0,0.030600129612558955,0
1,0.9985223874085376,1
0,0.09174128010128986,0
0,0.28365954625339035,0
0,0.41497290320066177,0
1,0.7119657280921486,1
0,0.02645038633995717,0
0,0.004112314688114672,0
0,0.7996530053611196,1
0,0.03779021021975108,0
1,0.8828485231182208,1
0,0.0027513725097909492,0
0,0.014492506537361602,0
1,0.8436458865372695,1
0,0.08048539994416119,0
0,0.004600478903797828,0
0,0.03400069478009664,0
0,0.2721720686803276,0
0,0.0005904305190991922,0
0,0.572907910001609,1
0,0.9412660859497497,1
0,0.6516142848518582,1
0,0.07086005245671796,0
0,0.036365527731794925,0
0,0.007754588137648123,0
0,0.5631997622440762,1
1,0.6874850985130715,1
1,0.5280990046432464,1
1,0.865371434453085,1
0,0.18997529174678962,0
0,0.6125315713857081,1
0,0.14046761161696408,0
1,0.5134732385876586,1
0,0.12159012602540789,0
0,0.056562835807208674,0
0,0.03607188256806547,0
0,0.019657625320775477,0
1,0.8744224950442985,1
0,0.16880467771565308,0
0,0.0009083587262537609,0
0,0.06461410880983573,0
1,0.418982283323444,0
0,0.5895501358968706,1
0,0.06364105585455622,0
0,0.003820828602538891,0
1,0.9006546234218546,1
0,0.039752628281842846,0
0,0.31360100328568763,0
1,0.9843896069665043,1
0,0.005578227079353116,0
0,0.051512212374782186,0
0,0.032305912888008256,0
0,0.019914494290811286,0
0,0.034848469305413785,0
0,0.06206729427906366,0
0,0.021777861497319195,0
1,0.5250501744588337,1
1,0.27571148491164155,0
0,0.00741678217358961,0
0,0.0038054791530779436,0
1,0.9077232496008562,1
1,0.175745709596932,0
0,0.6076742154520881,1
0,0.01429485934013389,0
0,0.36780166423101607,0
0,0.31982748696340724,0
0,0.07289090387853032,0
0,0.1687325913887781,0
0,0.4559194377610396,0
0,0.021910887551015727,0
1,0.8994019118779434,1
1,0.6432549589302506,1
0,0.14837108750569636,0
0,0.9057277843920121,1
1,0.7355554646002105,1
1,0.9949164160267202,1
0,0.012768015251257344,0
0,0.18025206761329898,0
0,0.15192506590486662,0
0,0.26872589261240043,0
0,0.0582463539860778,0
0,0.07907851305853032,0
0,0.07238541570103722,0
0,0.19680406174457207,0
0,0.020224442379387426,0
0,0.0013850031842261505,0
0,0.03777333018934218,0
1,0.8860618298081574,1
0,0.07021257253030783,0
0,0.0019532128267868497,0
0,0.7362960078078747,1
1,0.9903789573064938,1
0,0.07224405449543612,0
0,0.8798567979004338,1
0,0.009111927212654924,0
1,0.5978781199387649,1
1,0.9986752066843344,1
1,0.6474649437510509,1
0,0.32755551088207346,0
1,0.7128157432154353,1
1,0.8345389164588629,1
0,0.010625480102820332,0
0,0.6826674288348286,1
0,0.004141961952427596,0
0,0.006641446755098431,0
0,0.048313933248327834,0
0,0.028376548198630988,0
0,0.04083034118662114,0
1,0.21643498485215987,0
0,0.006089599919857079,0
1,0.666445451631972,1
1,0.7213366352616211,1
0,0.030350755531220186,0
0,0.008281209891049557,0
1,0.8751255732663408,1
0,0.5399760382054062,1
0,0.09857093067412087,0
0,0.34681170567266956,0
0,0.0078259537331006,0
0,0.3523248669798591,0
0,0.02207203556173881,0
0,0.7894521960251911,1
0,0.19366326069022408,0
0,0.022207125988429336,0
0,0.18083853075361048,0
1,0.4210504136852621,0
0,0.4323960384819328,0
0,0.055345133089841916,0
0,0.015737997678630967,0
1,0.7993747243947057,1
0,0.19242577528095528,0
0,0.12513702181632677,0
0,0.011457101924186457,0
0,0.4231523236680865,0
0,0.03979167089952196,0
1,0.9954848043695615,1
0,0.019348264655480656,0
0,0.19755443388907704,0
1,0.8354865096672822,1
0,0.011727988587156908,0
0,0.001375839448595129,0
0,0.05040565677624359,0
0,0.45829581603206815,0
0,0.16175095069415263,0
0,0.0034419811416610277,0
0,0.07550968830698136,0
0,0.06492148022702329,0
0,0.6384111646507404,1
1,0.9742399237631977,1
0,0.29203550657468247,0
0,0.015065346762893532,0
0,0.7262240736507672,1
1,0.998981442582548,1
0,0.7419679109252542,1
0,0.015127205662714706,0
0,0.0026371386532136605,0
0,0.775657535516649,1
0,0.0071116049797275965,0
0,0.09603826744159656,0
0,0.44718679202382344,0
0,0.003258057910084463,0
0,0.8633620281581714,1
0,0.02512316949376193,0
0,0.06919294787471958,0
1,0.5996349939651004,1
0,0.10283871813463433,0
1,0.6955694781512534,1
0,0.002978762469766687,0
1,0.8193159680222171,1
1,0.9968248052175417,1
0,0.00163471963571489,0
1,0.8061349603879813,1
1,0.7883416856431034,1
0,0.7533911980359862,1
0,0.2850142869415723,0
0,0.08851646736068182,0
0,0.22935232217698429,0
0,0.03196574872792528,0
0,0.02483464656604381,0
0,0.2718579396232606,0
0,0.553781303186355,1
0,0.030489845843802033,0
0,0.7222895860197408,1
0,0.0020292435174050568,0
0,0.006334194461630849,0
0,0.09191090176504844,0
1,0.812837249424792,1
0,0.03985935190372434,0
0,0.0018998050048319572,0
0,0.6967465418240895,1
0,0.059012791515064486,0
0,0.36811185017422476,0
1,0.9923983668737991,1
0,0.02290334609767839,0
0,0.22487685190100862,0
0,0.00617934004183663,0
0,0.0036619632587755846,0
0,0.002530749411464661,0
0,0.5006460785563329,1
0,0.8787210447615958,1
0,0.4865465169834848,0
0,0.4284448069855495,0
0,0.6157923796536837,1
0,0.2515749707417008,0
0,0.0018053666849063503,0
0,0.8470783377728364,1
0,0.3415278418628182,0
0,0.2627545710125448,0
0,0.0009662084003992087,0
0,0.08581673890186572,0
0,0.03429746222579252,0
0,0.028211171134716172,0
0,0.0019361958365345057,0
0,0.6876458600384706,1
0,0.2843345110314132,0
1,0.33968277211172443,0
0,0.8836089253839076,1
1,0.9977172561944883,1
1,0.8988203385969841,1
0,0.6493810648617658,1
0,0.6402725064468364,1
0,0.0339806517038138,0
0,0.004772298164187187,0
1,0.2956475082397319,0
0,0.011778637867031252,0
0,0.01193162934609424,0
0,0.03213337880563359,0
0,0.6617671638015905,1
0,0.327138020896784,0
1,0.9938653443628437,1
0,0.6115791161988086,1
0,0.2061375129213425,0
0,0.06317650407361443,0
0,0.18656942801948467,0
0,0.43020470308376774,0
0,0.011710914574363558,0
0,0.5681807823834165,1
0,0.5642852421543985,1
0,0.4071073354338372,0
0,0.6745196509159185,1
0,0.0060106961529658815,0
0,0.002162326388554022,0
0,0.023664381547343794,0
0,0.3993372416228458,0
1,0.9924202554602765,1
1,0.9884510410928716,1
0,0.641405145812051,1
0,0.06234878077610562,0
0,0.36424685046057775,0
0,0.2507430027495662,0
1,0.9002471665849613,1
1,0.7177099419378903,1
0,0.03964439216290285,0
0,0.015747162616948338,0
0,0.44439295181569677,0
0,0.007600622007457579,0
0,0.19118783484756757,0
0,0.00237097205787893,0
0,0.2569534985349071,0
0,0.3876425712210028,0
1,0.9947047867650279,1
0,0.39912871387830273,0
0,0.061567530195800184,0
0,0.10469515985175326,0
0,0.05637589618414991,0
0,0.0088623738555455,0
0,0.05687359003454,0
0,0.06279174623993443,0
1,0.31349331688729565,0
1,0.630623721131863,1
0,0.00441306887407637,0
0,0.25114145848711295,0
0,0.1349157923426898,0
1,0.9981071622366203,1
1,0.8813377368228112,1
0,0.0387386287985456,0
0,0.29792398792301744,0
1,0.8876061902549295,1
0,0.00598116113038961,0
1,0.03628959163261808,0
0,0.007808440057416514,0
0,0.5810290639812586,1
0,0.18079356057197746,0
0,0.027989255445646254,0
0,0.3987453116409068,0
1,0.9895444978538378,1
0,0.7294603602253886,1
1,0.8437851253395017,1
0,0.023445223014931606,0
0,0.25720464918641556,0
1,0.8477671022026408,1
1,0.7891355670946265,1
1,0.28091543598198004,0
1,0.6717058972174726,1
0,0.4195637404397179,0
0,0.2392158881107168,0
0,0.004940272751328014,0
0,0.00537267016055481,0
0,0.14263324744235725,0
0,0.049878514913502585,0
0,0.0034697901393290864,0
0,0.3932690797771789,0
0,0.3625625295627636,0
0,0.052840601356276745,0
0,0.07486366780895302,0
0,0.8562385742539981,1
0,0.030404998035052252,0
0,0.6531018670474392,1
0,0.010133771583519963,0
1,0.2560258107259232,0
0,0.6992183766862057,1
0,0.008390437708721795,0
0,0.02166445803878229,0
0,0.6415348076617539,1
1,0.6745196509159185,1
0,0.5993944054223026,1
1,0.7254599488392508,1
0,0.08010135710467205,0
0,0.25851283405697334,0
0,0.5805046912703562,1
1,0.7895837422193108,1
0,0.0236264960000071,0
0,0.030326897815002175,0
0,0.22564632401059553,0
1,0.6097915529863042,1
0,0.01079646801110319,0
1,0.05273080193728944,0
0,0.018647822959042586,0
0,0.0967938413989221,0
0,0.43390115114724565,0
0,0.0011504285670504038,0
1,0.27781167919537836,0
1,0.9375411757478656,1
0,0.3151541001043103,0
0,0.006877562838759553,0
0,0.09955291370859759,0
0,0.016448811043164258,0
0,0.1197537571952373,0
0,0.2290956750801144,0
0,0.6866359165132868,1
1,0.329673831577085,0
0,0.6624264046235608,1
0,0.04705420104439142,0
0,0.009123181501869408,0
1,0.4871398423118694,0
0,0.028733179769974204,0
1,0.9061575211258401,1
1,0.9779305691863954,1
0,0.00827398265040712,0
0,0.010230475623649834,0
1,0.5833508584254606,1
0,0.0018046955802296608,0
1,0.9927804853987479,1
0,0.5962940369816374,1
0,0.0012093964978828501,0
0,0.051146223012883844,0
1,0.997610985525951,1
0,0.09226476860541964,0
1,0.676478437131666,1
0,0.006237395261510546,0
0,0.0017951288426216647,0
0,0.002658275990516424,0
0,0.13804368125704325,0
0,0.19533413513010875,0
0,0.3360216516127405,0
0,0.005744868498789201,0
1,0.9131511745341485,1
0,0.5226160629020693,1
0,0.012669688631450024,0
1,0.8627562965309453,1
0,0.018770540795290145,0
1,0.9896941189951298,1
0,0.03299323280590677,0
1,0.9993094046639608,1
0,0.294819178258458,0
0,0.029209444991853323,0
0,0.6535804934962471,1
0,0.01790334933633579,0
0,0.6379623964749577,1
1,0.9950746227333871,1
1,0.6335379656840735,1
1,0.546468728681972,1
0,0.4205504390347802,0
1,0.8800152767433305,1
1,0.9105396223060261,1
1,0.416912757739005,0
0,0.017570502773630526,0
0,0.29528392306553636,0
1,0.4932053095823672,0
1,0.8761730416904634,1
0,0.05386059722976825,0
1,0.8865132624430005,1
0,0.0014477375923698786,0
0,0.028549543077169334,0
0,0.26526703651148154,0
1,0.9253239613281904,1
0,0.0006780312376652015,0
0,0.096583587902965,0
1,0.6596782176630994,1
1,0.5742763894392724,1
0,0.2736176627687462,0
0,0.16738402222800353,0
1,0.5768041428534058,1
1,0.769541327059216,1
0,0.00726440836758422,0
0,0.2858467225959089,0
0,0.056767517168437,0
0,0.0015643316068297182,0
0,0.4093350120952974,0
0,0.023770964288101232,0
0,0.04769502960679344,0
0,0.5152136801364016,1
0,0.009342254089690387,0
0,0.11841171618078543,0
0,0.6185479991160573,1
0,0.1154612386383637,0
0,0.4004353899368605,0
1,0.9329247780652223,1
0,0.009233169089891639,0
1,0.6750206014636557,1
0,0.004029774562396675,0
0,0.006891216604023805,0
0,0.008606655872686516,0
0,0.0019169920613569152,0
1,0.9988142414439739,1
1,0.8755973605352455,1
1,0.7971419323067302,1
0,0.02104391236670849,0
0,0.04638032642304514,0
0,0.39431088734439274,0
1,0.9861691157528677,1
0,0.003963487129034356,0
0,0.6919957536642865,1
0,0.8221099368360617,1
1,0.2448611987326371,0
1,0.7805505449663649,1
1,0.4169943184312114,0
1,0.7223034628476193,1
0,0.026361883158134997,0
1,0.24510217902979534,0
0,0.7247458690146525,1
1,0.849156323752531,1
0,0.0018814375703322984,0
0,0.0023524426385063022,0
0,0.050851665614743455,0
1,0.9982650826086376,1
0,0.013648153770913765,0
0,0.009547830054898458,0
0,0.08011478568794801,0
0,0.010391297585819585,0
0,0.022173573443019994,0
0,0.12384197890946069,0
0,0.03627708299042802,0
0,0.09645442177926038,0
0,0.89656785723054,1
0,0.0020842827423441525,0
0,0.036396160615672773,0
1,0.4692769512841781,0
0,0.02113594485667579,0
0,0.9418846590409755,1
1,0.9988225011640893,1
0,0.005611298432420533,0
0,0.22363839349307468,0
1,0.8963713437313693,1
0,0.05386818638339214,0
0,0.0054209842312332775,0
1,0.4572397608395834,0
0,0.0017851038461064216,0
0,0.9042212119503383,1
0,0.010539561680410281,0
1,0.9347434252283667,1
0,0.44147356195278,0
0,0.007927551949010118,0
1,0.9142888930304002,1
1,0.898815134040264,1
0,0.5897969499625457,1
0,0.007324785961406961,0
0,0.10565712016458087,0
0,0.002521744427916286,0
0,0.2133768241795324,0
0,0.03328102823503945,0
0,0.03166987613486559,0
0,0.20449261261000082,0
0,0.04167075688186906,0
0,0.45368301971942304,0
0,0.18880751414467453,0
0,0.7802819747888867,1
0,0.007162648362110314,0
0,0.7035388859794655,1
0,0.0015340570717618858,0
0,0.6611315319719638,1
0,0.39010610956854835,0
0,0.008271863682410313,0
0,0.7410860329426213,1
0,0.42881930041528193,0
0,0.002929008460761018,0
0,0.0723177943362746,0
0,0.6844155946433839,1
1,0.5375871863731886,1
0,0.09991410123758793,0
0,0.5386932787649772,1
0,0.7809689465179009,1
0,0.015923194922233735,0
0,0.007863549669942417,0
1,0.986660469243761,1
0,0.004324259175872022,0
0,0.0011108796069069693,0
0,0.07699079564196568,0
0,0.014226726677100093,0
0,0.6851713278067736,1
1,0.9994850076683167,1
1,0.42317072629600316,0
1,0.9274485322980427,1
0,0.0013095264169158773,0
0,0.33795230092728923,0
0,0.35307425532010395,0
0,0.5333932553419355,1
1,0.712129437312349,1
0,0.5146997302462842,1
0,0.0340194919627715,0
0,0.15426841663576032,0
1,0.8630942483850081,1
0,0.7312812154410057,1
1,0.5017322482916259,1
0,0.0343826545626295,0
0,0.0041103513075092515,0
0,0.6447189674452023,1
0,0.04464181241731797,0
1,0.9199883901426017,1
1,0.7886773677559328,1
0,0.027385911527435823,0
0,0.30502951742094647,0
0,0.016145467461925158,0
0,0.22182730947397053,0
0,0.4911237991068278,0
1,0.6996621349308215,1
1,0.9783858661264369,1
0,0.5122065367026557,1
0,0.07861558456944898,0
0,0.8635997335571646,1
1,0.9769862341095316,1
0,0.12567007322975282,0
1,0.18119867183783944,0
0,0.16767225294464944,0
0,0.0014212682938726207,0
0,0.0025884805610623357,0
0,0.0018324812457118059,0
0,0.007307048016608285,0
0,0.1609173755884576,0
0,0.41563098180019037,0
1,0.43188199574523634,0
0,0.007658129962012374,0
0,0.004764446244229309,0
0,0.8682096212577849,1
0,0.05331557390257227,0
0,0.3578841915289687,0
1,0.7117828086391685,1
0,0.05520702627220437,0
0,0.0192984886880318,0
1,0.8533418816141903,1
0,0.41546083823126856,0
1,0.7981574386417868,1
1,0.7882428957401107,1
1,0.9878644378048109,1
0,0.01345102500171095,0
1,0.8778597091124694,1
0,0.2447535572897645,0
1,0.9866640550349413,1
1,0.9901395489066979,1
0,0.03107009376835545,0
0,0.13780156908827906,0
0,0.412521755143933,0
0,0.8435663187700558,1
0,0.13177920362078654,0
1,0.6024320763234897,1
0,0.06781973572389326,0
0,0.013194438284357448,0
0,0.8259937893396828,1
0,0.16992453092594523,0
0,0.031411113083061805,0
0,0.0036229374619680035,0
0,0.2456130651224645,0
0,0.8125386129764739,1
1,0.9993900663362926,1
1,0.8938284051359484,1
0,0.0010499704970193837,0
0,0.22147489991008243,0
0,0.013233478878723205,0
1,0.2984785754196179,0
0,0.5005112861945322,1
0,0.02377959619136852,0
0,0.744818009776878,1
1,0.8924620635629842,1
0,0.07273780158552881,0
0,0.23410243160830435,0
0,0.18000461023256695,0
1,0.46571732558446743,0
1,0.8971209574142857,1
0,0.1886642757804901,0
1,0.8751540347697702,1
1,0.9180256736131649,1
1,0.8523666888452147,1
0,0.284718693208722,0
0,0.1776211716956505,0
0,0.001382130792873697,0
0,0.047380326332776175,0
0,0.001749412375756374,0
1,0.7749337027921106,1
0,0.261098112067183,0
1,0.8352062397592016,1
0,0.0852528804652679,0
0,0.021574950086099467,0
1,0.9991428887046993,1
0,0.007600000320711322,0
0,0.001767150354112116,0
0,0.0750145671566572,0
0,0.04496560235283138,0
1,0.2600290477091941,0
0,0.03680366339585121,0
0,0.007382396691807288,0
0,0.06116313936021707,0
0,0.038212603028656554,0
0,0.006104055851479485,0
0,0.07267949502063376,0
0,0.051113841295555136,0
0,0.40460208229722716,0
1,0.3359738779970601,0
1,0.8480762545623102,1
0,0.43673324075210723,0
0,0.8772251767435133,1
0,0.0010366047493547647,0
0,0.01936255668813139,0
0,0.29752734200628855,0
0,0.018432285842050818,0
0,0.39742477146186006,0
0,0.057616374167184445,0
0,0.0399988606743933,0
0,0.00818918362707054,0
0,0.002360232951196963,0
0,0.19681303504195757,0
0,0.020455862948767615,0
1,0.9970185835605239,1
0,0.018601331442124027,0
0,0.0031212854271151793,0
0,0.01196200412756541,0
0,0.17168449570992972,0
0,0.8130630530535817,1
0,0.6436588028671221,1
0,0.810515889514328,1
1,0.9009493566031288,1
1,0.7054734186915199,1
0,0.02007758967573849,0
0,0.0011701027824857456,0
0,0.004069838447672095,0
0,0.027452741441652717,0
0,0.018685622308223713,0
0,0.0530354100600989,0
1,0.9306208594156642,1
0,0.0037003384056432565,0
0,0.0064039073655527455,0
0,0.01589433649360012,0
0,0.34417025543205493,0
0,0.2028418831357646,0
0,0.008616417758032877,0
0,0.016819239563314967,0
0,0.8598020121210376,1
0,0.6560650652779972,1
0,0.24386204136526993,0
0,0.026357631409224015,0
1,0.47394809152676404,0
0,0.053986548539401095,0
1,0.5777324040411761,1
0,0.015762133098485863,0
0,0.010742543562392164,0
0,0.1778022838441616,0
0,0.009817016641722128,0
0,0.29515781602356317,0
0,0.11881313006010139,0
0,0.055177264293970935,0
0,0.3172946071018596,0
0,0.260081866490573,0
1,0.9291297865286858,1
0,0.07699221342169636,0
0,0.015033709200924544,0
0,0.7348842440597522,1
1,0.8030874413323411,1
0,0.11689170555932336,0
0,0.014971301131575574,0
0,0.029841296382243924,0
1,0.9266601939877531,1
0,0.5413306481677066,1
1,0.8731591886515367,1
1,0.9089805262572564,1
0,0.0008803584023787227,0
0,0.023064811741483792,0
0,0.9010922287668764,1
0,0.005106489955921534,0
0,0.05164799155049668,0
0,0.45371267815808686,0
0,0.08294032896107767,0
0,0.02471499154971245,0
0,0.04834653233569384,0
0,0.06870479659818833,0
0,0.08962715451317603,0
0,0.0052158167724306245,0
0,0.04223175812926648,0
1,0.751124490240574,1
0,0.04801626479452288,0
1,0.9142824185172445,1
0,0.7070719112118524,1
0,0.005700460443126478,0
0,0.248165933210905,0
0,0.3629609175721343,0
0,0.025854175934985034,0
0,0.10292439671011307,0
0,0.028081939427426587,0
0,0.09581465486609259,0
0,0.04388683034914365,0
0,0.1814497482649243,0
0,0.6269487602946026,1
0,0.2658024737071272,0
0,0.01675508486123626,0
1,0.9170571242009559,1
1,0.8786664405213371,1
0,0.0011436639447120406,0
0,0.030602606638120686,0
0,0.8228657210937146,1
0,0.07972483702260748,0
0,0.002821971840477033,0
0,0.900917070360259,1
1,0.5781369028191181,1
0,0.05316027352980477,0
0,0.0026069383329008705,0
1,0.9577089460014838,1
0,0.0023713321107594757,0
0,0.09626030036843013,0
0,0.726434508425849,1
1,0.8432321304654469,1
0,0.38710538385646565,0
0,0.11466396609583589,0
0,0.511813016386745,1
1,0.9973867199886342,1
0,0.33106861169002527,0
1,0.9003979621201276,1
1,0.26957439309297004,0
0,0.1286560283655736,0
0,0.26483275917223037,0
0,0.04538644959284008,0
0,0.011508666585354262,0
0,0.25162649267300385,0
0,0.16192535320234133,0
1,0.9052566762828891,1
0,0.0028707073805461615,0
0,0.03942378908752893,0
1,0.8376204267972327,1
1,0.9085756944047205,1
0,0.6552505087131599,1
1,0.9710869313675453,1
0,0.03824856326586334,0
0,0.05844232660617412,0
1,0.8941970101802217,1
0,0.04398481967442834,0
0,0.05177613581360516,0
0,0.004548074745177644,0
1,0.9800473076285866,1
0,0.08581492107696342,0
0,0.23412907165795405,0
0,0.7312816793826311,1
1,0.9413999212695744,1
0,0.6253685763716753,1
0,0.05014747987733138,0
1,0.7294276945999006,1
1,0.6325301378599957,1
0,0.3954835965801888,0
0,0.6473800186191769,1
0,0.48062926499840897,0
0,0.016124916537090264,0
1,0.9941590436707387,1
0,0.007667274900221283,0
1,0.5907885603140695,1
0,0.8578415045762903,1
1,0.41156792620437344,0
0,0.3091937004555802,0
0,0.0034395630513009644,0
0,0.07076283543187156,0
0,0.1968027446616054,0
0,0.006938070128745343,0
0,0.060574860939590275,0
0,0.009992862326690463,0
0,0.657071204747139,1
1,0.8877376236513496,1
1,0.26210454155858814,0
0,0.5652621638342485,1
0,0.035101029989031286,0
0,0.021023569696572427,0
0,0.206179349864523,0
0,0.04839814344503488,0
0,0.8178410611828785,1
0,0.007762836507961665,0
1,0.9050895525844224,1
1,0.8330902460569662,1
0,0.029572115668931104,0
0,0.1583147331177173,0
1,0.9969750572776895,1
0,0.025507084031230684,0
1,0.9359856714972711,1
0,0.6006737645249542,1
0,0.0028179779123674916,0
1,0.876681307043278,1
0,0.506510211175123,1
1,0.5057298265836334,1
0,0.025476762926621203,0
0,0.8561673423954027,1
0,0.6108601243933345,1
0,0.008913402199165301,0
0,0.3228920469275233,0
1,0.6230089798355158,1
1,0.7563418971189139,1
0,0.017562906968084397,0
0,0.015665958012320194,0
0,0.0401806090570305,0
0,0.2236117252234202,0
1,0.7749139838591503,1
1,0.9966134056536134,1
0,0.005947773473708474,0
0,0.38481644128775183,0
0,0.578135633987216,1
1,0.9966659945582499,1
0,0.04191138559184081,0
1,0.7966597022565237,1
1,0.9210872667382007,1
0,0.6348954648817082,1
0,0.5501010907304122,1
0,0.2375110935210054,0
0,0.06008989311146086,0
1,0.9118001589667626,1
0,0.006935613518291832,0
0,0.9285289741161911,1
0,0.011102232944670734,0
0,0.4269786823191869,0
1,0.9974489000088164,1
0,0.06747755861072571,0
0,0.15343973901351726,0
0,0.73042461788004,1
0,0.00411865094217314,0
1,0.6458844673950496,1
1,0.9960022444778831,1
1,0.8995490265444727,1
1,0.9989303415585257,1
0,0.015481945612212005,0
0,0.33536623536117044,0
0,0.016755759959047656,0
1,0.9957568433605326,1
0,0.05674469453299647,0
0,0.020193432465073775,0
1,0.8451817929813098,1
0,0.9177691851553562,1
1,0.8062747717482731,1
0,0.3821409957379352,0
0,0.05677482885959673,0
0,0.024431061845742348,0
1,0.877309437525779,1
0,0.013970365305305887,0
1,0.5740285257265841,1
0,0.021227955879019638,0
0,0.6487044883789505,1
1,0.42215372455263445,0
0,0.06985510635573104,0
1,0.3980591409630865,0
0,0.05088350710570686,0
1,0.7196721569681571,1
0,0.013897134523328684,0
0,0.0877516366578784,0
0,0.7288718208422452,1
0,0.0032001453494289256,0
0,0.018190489331794867,0
0,0.423483128709706,0
0,0.25906908036796533,0
0,0.04545076220368885,0
0,0.5572684065255525,1
1,0.9867639111832184,1
0,0.14893449911996456,0
1,0.9826662582221171,1
0,0.01594084437981314,0
0,0.02025859614938265,0
1,0.7596626133704439,1
0,0.6754880084248498,1
0,0.10657860593871256,0
0,0.040025118798770236,0
0,0.21785164410041558,0
0,0.18865179801963053,0
0,0.004311018663023623,0
0,0.11099388459888775,0
0,0.08002221878601534,0
0,0.02430154793979836,0
1,0.7969046050420351,1
0,0.04154467430774719,0
0,0.6300209817167178,1
0,0.008014057868842593,0
0,0.34604367157875193,0
0,0.09944535400097271,0
0,0.011364229858049607,0
0,0.04060078157549206,0
0,0.021845688187463047,0
0,0.15589463597317263,0
0,0.0011689907276769406,0
1,0.9855061058015998,1
1,0.01567929237309762,0
0,0.025492867555598476,0
0,0.4832475408768945,0
1,0.9987179699876549,1
0,0.013115900359566095,0
0,0.6091443796822894,1
1,0.47290514026493036,0
0,0.006661946269651291,0
0,0.056093868189883024,0
0,0.09516001679951987,0
0,0.011285656141344082,0
1,0.9971913565556001,1
0,0.016065170548473437,0
0,0.0087600716016208,0
0,0.017241464740416074,0
0,0.8171181006687492,1
0,0.1283127263906236,0
0,0.010760190429867656,0
0,0.22641623297467423,0
0,0.0877840192292801,0
0,0.012335270115699503,0
1,0.8157121982360376,1
1,0.6047032663006452,1
0,0.05153478426624821,0
0,0.018188304525115235,0
0,0.08192932987108095,0
1,0.8727808927762655,1
0,0.07083109479720362,0
0,0.8183862570945116,1
0,0.6974914902429973,1
1,0.32505516041104066,0
0,0.01004566530661993,0
0,0.8406074417635545,1
1,0.8757788231175576,1
0,0.0054084461897429634,0
0,0.13831008612500958,0
0,0.01680971472375975,0
0,0.3976467138052213,0
0,0.02403493112155171,0
0,0.0032398286831925387,0
0,0.002142677691838627,0
1,0.8110177618204729,1
0,0.2675496610785451,0
0,0.09942000333012088,0
0,0.6691589200981709,1
1,0.8630681685152908,1
0,0.07548310857171298,0
0,0.054157252228632366,0
0,0.0581112156553792,0
0,0.2647597423476401,0
1,0.44328248615042454,0
0,0.03936970349162363,0
0,0.10806206088454852,0
1,0.09153204540873906,0
0,0.03723836471831919,0
0,0.6481477454016839,1
0,0.015692767580620954,0
0,0.2623769112395658,0
0,0.009529311150217655,0
0,0.6621730948017613,1
0,0.06013736454917742,0
0,0.16603686900757253,0
0,0.0005742080955576528,0
0,0.08469643568093985,0
0,0.029864101224638024,0
0,0.02286104449823721,0
0,0.4219188383342,0
1,0.1252723081179801,0
0,0.0008536436783490469,0
0,0.015838512660549718,0
0,0.010038134072868856,0
1,0.8047895646177853,1
0,0.23396124778652153,0
0,0.5519056287776252,1
1,0.676234766429369,1
1,0.996046159667015,1
0,0.053503694650470085,0
0,0.15243601665864423,0
0,0.013430197138038863,0
0,0.12553668447187563,0
0,0.4140565358984956,0
0,0.0695832127033721,0
0,0.3546660039658431,0
0,0.08660053110375976,0
0,0.04516401311066387,0
0,0.05204112869810328,0
0,0.002998442140643504,0
0,0.09502743483183615,0
0,0.778010957394801,1
0,0.05286043438929862,0
0,0.002534917379615998,0
0,0.025683419518161384,0
0,0.12764547434305404,0
0,0.14920503147367412,0
0,0.006143776422120896,0
0,0.001015511391436903,0
0,0.11429101519789718,0
1,0.9935394743957255,1
0,0.5177327669217651,1
0,0.002392195110531231,0
0,0.10640994039961132,0
0,0.6639150358575857,1
0,0.0018727189868636583,0
0,0.02660188410501087,0
0,0.5686237668766416,1
1,0.5033474122929124,1
0,0.025469731106622005,0
0,0.605943902805904,1
0,0.04345537594097342,0
1,0.9806394409991539,1
0,0.11237987517109087,0
0,0.06123630602036346,0
0,0.8696118547820681,1
0,0.03582438444858926,0
0,0.023438144272051587,0
1,0.8798112913501672,1
0,0.26277230418491304,0
0,0.5332706652197179,1
0,0.7512021309990546,1
0,0.010061200919382157,0
0,0.004986028201420288,0
0,0.0384047081024145,0
1,0.8014349858232322,1
0,0.004697454436184684,0
0,0.6195332487542938,1
0,0.41480170261914057,0
0,0.25753970458688275,0
1,0.5635233243063439,1
0,0.01580329948155359,0
0,0.0016112491837192461,0
0,0.011761784213050434,0
1,0.771264609258256,1
0,0.3003833073267461,0
1,0.9891770031190513,1
0,0.5783964118610098,1
0,0.8269310495644371,1
0,0.07841986865671541,0
0,0.001420099072211305,0
0,0.006941312364367365,0
1,0.7845778365686314,1
1,0.9823739195998707,1
0,0.8314112351272377,1
0,0.06582287323985042,0
1,0.9197239811212189,1
0,0.004064555674111807,0
1,0.99124605911342,1
1,0.8811055729691133,1
1,0.8593379376364504,1
1,0.7117295774077117,1
0,0.5387440348833062,1
0,0.21311314816677143,0
1,0.9863885946422855,1
0,0.14110240493702675,0
0,0.007644743084386014,0
1,0.994611014343973,1
1,0.9908373370708259,1
0,0.30170876538042,0
0,0.02810285899328319,0
1,0.9368600063028457,1
1,0.9955097982424497,1
0,0.5651671941279116,1
1,0.8009799771675883,1
1,0.6754977572627231,1
0,0.13605978946062075,0
0,0.3042549214711496,0
0,0.5551278407065382,1
0,0.05934131424938686,0
0,0.4287566298506108,0
0,0.02243762660209353,0
1,0.8753032565510831,1
0,0.019888708499205928,0
1,0.776619830576873,1
1,0.9844760879516019,1
1,0.8149990888906747,1
1,0.5317099028812624,1
0,0.3453787425983719,0
0,0.4526028750887105,0
0,0.18257822325130432,0
1,0.998586295550415,1
0,0.37868383776149905,0
1,0.4313055548773787,0
0,0.04713124234008153,0
0,0.016499614122220955,0
0,0.08456749405148645,0
0,0.01395477694892669,0
0,0.04148901951794415,0
1,0.8128467309281671,1
1,0.7792971868016187,1
0,0.0031419595442662507,0
0,0.0043474656184370655,0
0,0.004389784634123134,0
0,0.7636421706427924,1
0,0.2635698572872556,0
0,0.8283402705934133,1
1,0.9956782742481198,1
0,0.9097870299017253,1
1,0.9925312151101444,1
0,0.5665753399682032,1
0,0.022653240684615415,0
0,0.29289884749353595,0
0,0.02203429120379998,0
0,0.1482857019484532,0
0,0.06249486040886931,0
0,0.8715333016470259,1
0,0.009125516536684782,0
0,0.15589954202229692,0
0,0.008624452920537264,0
0,0.07878034234129128,0
0,0.20791858526626042,0
0,0.7935992611527628,1
0,0.05256433205616293,0
1,0.8059305142607511,1
1,0.1491001417795643,0
1,0.06945743252130993,0
0,0.03301097880446648,0
1,0.8757390379181673,1
0,0.05315233402307482,0
0,0.0027835316159247362,0
1,0.7521630677465236,1
0,0.12867665477659948,0
0,0.13695834784775335,0
0,0.0011730851862645744,0
0,0.01444571952014084,0
1,0.7704952292101737,1
0,0.22461700902967766,0
0,0.10324881290681612,0
0,0.012605774526944112,0
0,0.03581154516393364,0
1,0.9664276314745632,1
0,0.002033015831841139,0
1,0.9259606802365793,1
0,0.31577887424099327,0
1,0.7551762591154472,1
1,0.7302313492673635,1
0,0.7683728013567281,1
0,0.14457046623528252,0
0,0.08658441585181109,0
0,0.06133612976540066,0
1,0.3845031658981419,0
0,0.08960275801262972,0
0,0.47009241021994314,0
1,0.9032699690916856,1
1,0.9117944623865627,1
0,0.6343310016462405,1
0,0.01644681453076587,0
0,0.3638512392179033,0
0,0.1666635780297158,0
0,0.279526349878816,0
0,0.5575532101268453,1
0,0.7571292342214627,1
0,0.841393422729866,1
0,0.6655109408329437,1
0,0.5986360027710517,1
0,0.12694621652714924,0
1,0.9982810107954018,1
1,0.6338889372884903,1
0,0.06782995214416052,0
0,0.15657355475741397,0
1,0.5209911964875219,1
0,0.01462424621453924,0
0,0.10585971216599414,0
0,0.49112934678991155,0
0,0.525812062496886,1
0,0.0005901121364218941,0
0,0.07762163969567079,0
0,0.7199970636729417,1
0,0.7387869320235432,1
0,0.6004883575975218,1
0,0.20011637000517593,0
0,0.2666345520858643,0
0,0.013016723798871924,0
0,0.03538958219026779,0
0,0.7557793550279716,1
0,0.6453703920324609,1
0,0.10491964132962076,0
1,0.3816422819088881,0
1,0.7495690290749127,1
0,0.2103959541979205,0
0,0.4898077477133872,0
0,0.33479502340559125,0
0,0.6896864022518937,1
1,0.6241910343512135,1
0,0.00672710099494262,0
1,0.977067118212992,1
1,0.9647751151416901,1
0,0.0630592110781357,0
0,0.41550496136582676,0
1,0.5003275800190756,1
0,0.10293483770046812,0
0,0.15134128815521058,0
0,0.01455560542431499,0
0,0.27636693609485513,0
1,0.9972008404284,1
0,0.05363159832960184,0
0,0.07111349778784978,0
0,0.3579729770101419,0
1,0.993051158001288,1
1,0.990626381635509,1
0,0.001063741449441686,0
0,0.5741399811814564,1
0,0.08227971034126286,0
0,0.23443728183385973,0
1,0.9053733810757747,1
0,0.05811725439619429,0
0,0.26150607855365066,0
0,0.06941386334679359,0
0,0.12493528322775593,0
0,0.6238347405901199,1
0,0.05639690255488044,0
1,0.8931646762251897,1
0,0.006873968941782677,0
0,0.485001687392486,0
0,0.01366430010415145,0
0,0.4766505409430935,0
0,0.007344800537051025,0
0,0.03147276319927704,0
0,0.4811373557991364,0
1,0.45206569039907224,0
0,0.11457012231331111,0
0,0.0749215655914304,0
1,0.5654516297732255,1
0,0.003866967009324719,0
0,0.002134186634530405,0
0,0.036312150982992085,0
1,0.997420918269016,1
0,0.002652768771497657,0
0,0.7917072817663819,1
1,0.8610548653947847,1
1,0.8992068297129483,1
0,0.7535707379981456,1
0,0.11269698732437888,0
0,0.30983278486180155,0
0,0.0033761967609459483,0
0,0.14459144097116944,0
1,0.8272094328123978,1
0,0.07177845324346517,0
0,0.018262349434373246,0
0,0.40047395409700365,0
0,0.016323831389290045,0
0,0.01858023259651088,0
0,0.5129498996305083,1
0,0.029806126525754078,0
0,0.030621244263694426,0
0,0.00937797418074322,0
0,0.019452994732683998,0
0,0.5682581307770878,1
0,0.19735783723444453,0
0,0.028613928786064648,0
0,0.6458117892622893,1
1,0.5741997852480298,1
0,0.0020870673770391457,0
0,0.014032681104229035,0
0,0.013318181438395813,0
0,0.002780593171716264,0
0,0.5353010628943555,1
0,0.012152701265546748,0
0,0.415245947518253,0
0,0.3569400693883859,0
0,0.03939701504169318,0
0,0.025764623284011034,0
0,0.005034516409012965,0
0,0.060865803313359605,0
0,0.07657229400387165,0
0,0.5842403077950503,1
0,0.6865053687550788,1
0,0.01740734089553387,0
0,0.5820233200326078,1
0,0.000909767076160832,0
0,0.22556076934850366,0
0,0.023222921012009796,0
0,0.023619092510125516,0
0,0.029032270919789913,0
0,0.006918020568798494,0
0,0.029253077606006553,0
0,0.3967370374024667,0
1,0.7062813688247268,1
0,0.5392906110123183,1
1,0.8156584554545447,1
1,0.3328414055692195,0
1,0.8687387055118111,1
0,0.03143084396776042,0
0,0.1501681290314562,0
0,0.11882441068346156,0
0,0.3792527442421135,0
0,0.0008164797339757795,0
0,0.6909526837818404,1
0,0.7994047819222506,1
0,0.8461867066023873,1
0,0.014208388367745527,0
0,0.7060354187442163,1
0,0.12555758529101968,0
1,0.9835490319490148,1
1,0.5988510248536574,1
0,0.005253309484292179,0
0,0.5064763620704646,1
0,0.009701980810020836,0
1,0.9792015859681099,1
0,0.4261034195139422,0
0,0.042474236506346776,0
0,0.17272653731684828,0
0,0.051902534778016096,0
0,0.5148516223299239,1
1,0.9874957952829565,1
0,0.1659101584411416,0
1,0.610713054618485,1
1,0.9970190611307939,1
0,0.051402826296266475,0
0,0.34133135348641447,0
1,0.9082436511992679,1
0,0.053414413725627295,0
1,0.6847946698919474,1
0,0.014422792123283911,0
0,0.5817677692195395,1
0,0.009507367735259332,0
0,0.55636403742086,1
0,0.011133060153878915,0
0,0.40723111302499293,0
0,0.02886980085079055,0
1,0.7684383720345467,1
0,0.013254905299215415,0
0,0.036286933940703425,0
0,0.1623357431969136,0
0,0.0019138650094847511,0
1,0.8483227474613318,1
1,0.0952898376248478,0
0,0.004701309125238467,0
0,0.009644362195925711,0
0,0.002326320795007831,0
1,0.9984920637321737,1
0,0.011285639964709802,0
0,0.060402334158486524,0
1,0.9965030941972592,1
0,0.0015393262358794645,0
0,0.2568951729534477,0
0,0.3156847311853279,0
0,0.29075992799911343,0
0,0.6008347264029048,1
0,0.6241681020412121,1
1,0.867904737157422,1
0,0.06421973385845099,0
0,0.011978881116916772,0
1,0.9963557995523418,1
0,0.011693484183492213,0
0,0.6940942066687538,1
1,0.9976221413704904,1
1,0.9505635343086328,1
0,0.17380234506820813,0
0,0.7488530010114245,1
1,0.9811008705323316,1
1,0.9947849588912802,1
0,0.16842635077447393,0
1,0.7827996854980452,1
0,0.03059719092995532,0
1,0.9914389435992027,1
1,0.7885062392798318,1
0,0.0010178685345431531,0
0,0.0843134245511912,0
1,0.8968038149046346,1
0,0.0011080842171519456,0
0,0.00459719517881848,0
1,0.17202595882947988,0
0,0.03339644149690305,0
0,0.026935757755501884,0
0,0.692656263346924,1
0,0.043688936653434665,0
0,0.0011806294460141944,0
0,0.003632761963376839,0
0,0.3484372678256075,0
0,0.009477023501730316,0
1,0.9893200617422343,1
0,0.40973045139551517,0
0,0.013850689068562284,0
0,0.012048570272681837,0
0,0.005348942030028384,0
0,0.0884404738127335,0
0,0.09378219433239224,0
0,0.20061994722666054,0
0,0.011613258138136365,0
0,0.01792464086657139,0
1,0.21171707963624073,0
0,0.1760500511776554,0
1,0.8499895485450216,1
0,0.008943540719041973,0
1,0.8140008141935734,1
1,0.9987217136894204,1
0,0.08582250955192539,0
0,0.006512771309176854,0
0,0.001625536730956493,0
0,0.4807163081928081,0
0,0.0061367461019008656,0
1,0.815303724110846,1
0,0.043838102213518165,0
0,0.4454744973648617,0
1,0.656936861012846,1
0,0.011816713505734164,0
0,0.09458632535354049,0
1,0.44037775513183286,0
0,0.005330534974733191,0
0,0.03658078494924551,0
0,0.09637638347376261,0
0,0.21620377925992065,0
0,0.046543649774786956,0
0,0.9598740193020378,1
1,0.6017893940718773,1
0,0.0013987565626866429,0
1,0.5450135887595113,1
0,0.05639038633108151,0
0,0.019103726674467223,0
0,0.05066235055270221,0
0,0.20269531190538662,0
0,0.013937091438523213,0
1,0.9120577192841082,1
0,0.22585505178547258,0
1,0.9988915180085591,1
0,0.0011268796719974684,0
1,0.8877586361719016,1
0,0.1969590692321255,0
1,0.9845559438335283,1
0,0.28503195433181694,0
1,0.5080156123362793,1
0,0.41557381389238623,0
0,0.3477920703267247,0
0,0.016158974443721053,0
0,0.02627577958846689,0
0,0.0017960072239704696,0
1,0.4662311625538917,0
0,0.22735925794418876,0
0,0.39457376373368414,0
0,0.7114387948949155,1
1,0.9312070856316431,1
0,0.05276086942309301,0
0,0.0003257325248044986,0
0,0.0006067566570090795,0
0,0.7854793707486406,1
0,0.003538563921223341,0
0,0.01036617948152723,0
0,0.013738802375493216,0
0,0.02109167061198245,0
0,0.4887499641251604,0
1,0.9957613598803101,1
0,0.0026482306781907593,0
1,0.3625513992930645,0
0,0.3452126710019805,0
0,0.009508015177530523,0
1,0.6924936530663712,1
0,0.04872590009371863,0
0,0.003177262948039138,0
0,0.688663831931951,1
1,0.5346929742804631,1
0,0.679468573031656,1
0,0.22639352765713877,0
0,0.03498490857771078,0
0,0.43054125140997823,0
1,0.6196279387862106,1
0,0.004060379822668674,0
0,0.017236639124070044,0
1,0.9960682862568229,1
0,0.03281774293496095,0
1,0.9976142914010009,1
0,0.8034627301655559,1
0,0.012833872435391015,0
0,0.0005968911179538347,0
1,0.9984173412797962,1
0,0.6287785848078419,1
0,0.06369960698912361,0
0,0.3442030036326086,0
1,0.9403506042950074,1
0,0.0074072322722119836,0
0,0.01221065145271755,0
0,0.0029534031538329688,0
0,0.0709831022154019,0
0,0.7354138843864644,1
1,0.5996152899220338,1
1,0.6055781850574506,1
0,0.09845807428719755,0
0,0.7278731858275247,1
0,0.8662450939740779,1
0,0.20831962786369232,0
0,0.18519772810398014,0
0,0.40450416817830015,0
1,0.8424076267401693,1
0,0.0085976151894367,0
0,0.08309581739722485,0
0,0.18943185589249292,0
0,0.026813544199695154,0
0,0.11171315974875579,0
0,0.43305867046735186,0
0,0.01914005708084991,0
0,0.06684155857743629,0
0,0.003134112770475687,0
1,0.6968911331763822,1
0,0.041706946384844616,0
0,0.0684743938405445,0
0,0.19206195968392092,0
0,0.2682572819693584,0
1,0.9739159229945923,1
0,0.024571480173003507,0
0,0.5546225530748001,1
0,0.010824216719672977,0
0,0.21192411968370606,0
0,0.0187548526231024,0
1,0.5556970874840982,1
0,0.01035019826001889,0
0,0.09412151076583704,0
0,0.010415706116315409,0
0,0.0030688236859613372,0
0,0.06572242909469764,0
1,0.9979471378216034,1
0,0.3935874606314082,0
1,0.6542914227099608,1
0,0.4611981848038584,0
0,0.032966210051280545,0
1,0.8019601335137316,1
1,0.6445169646403378,1
0,0.00722913834318099,0
0,0.036729401790056314,0
0,0.34201040533765975,0
0,0.002797651503672898,0
1,0.9861030247571374,1
0,0.0038209097456310885,0
1,0.7706823111692488,1
0,0.002170797958003296,0
0,0.005278208714952729,0
0,0.0013417647643246327,0
0,0.36086080108963664,0
0,0.6118827074559305,1
1,0.7800238069015759,1
0,0.1907409389143077,0
1,0.7574600351607,1
0,0.022146324238908922,0
0,0.0015651033845181291,0
0,0.005014605704271419,0
0,0.34545017458493493,0
0,0.4484544571693777,0
0,0.26523661381549335,0
0,0.1873308366690186,0
0,0.8548962122369925,1
1,0.47238205677068396,0
1,0.9692044769940669,1
1,0.9952363872067127,1
0,0.008511431405526553,0
1,0.023142086676648254,0
0,0.0022993597752959775,0
1,0.986247339960475,1
0,0.022062047225600994,0
0,0.025501540768139118,0
1,0.8374339344757716,1
0,0.0017566820087549862,0
0,0.6910089543762518,1
1,0.9983466035735542,1
0,0.054556680296825276,0
1,0.9310830284655344,1
0,0.00608846289718749,0
1,0.6801506287414287,1
1,0.9346581955483713,1
0,0.02421617519716658,0
0,0.08977985809459936,0
0,0.09827136063743912,0
1,0.8647045804672717,1
1,0.9043629222533502,1
0,0.5223766871125625,1
0,0.7406597778122483,1
1,0.8492700713816249,1
1,0.6887666426456928,1
0,0.7374408750778413,1
0,0.041432004533872135,0
0,0.011096853391045972,0
1,0.9972428296662383,1
0,0.8617878872126282,1
1,0.2396856820145849,0
0,0.016489120940515363,0
1,0.7097001346653922,1
0,0.003977693731473522,0
0,0.041745886857082165,0
0,0.017707202837065575,0
0,0.002169310338813975,0
0,0.16007046538419298,0
0,0.01517028029379818,0
0,0.05449063905517114,0
0,0.0016755162782620197,0
1,0.8515264571121886,1
0,0.9156519274997649,1
0,0.14296569795762062,0
0,0.06598995450176168,0
0,0.0266968613104033,0
1,0.9802507578003272,1
1,0.9922761607360989,1
0,0.006874501659867614,0
1,0.7968153780064712,1
0,0.516015476044567,1
0,0.0015929971593991732,0
0,0.007643861783193913,0
0,0.0055299737864009605,0
0,0.7586065107153607,1
1,0.9365061232148836,1
0,0.0033737313869050193,0
0,0.0008302676146137431,0
0,0.1324456060250937,0
0,0.019548143158103097,0
1,0.47907074152913026,0
1,0.5517906881580833,1
0,0.04126057051223018,0
0,0.507440615933104,1
0,0.006921170518055085,0
0,0.048168902357430564,0
0,0.008603127820584927,0
1,0.7873924267956285,1
0,0.007134794294712086,0
0,0.185110041331074,0
0,0.03212812688279502,0
0,0.11045516597273428,0
0,0.01448588369247934,0
0,0.0068033942968322506,0
0,0.29463514222297776,0
0,0.006500826334547442,0
0,0.009922457444395176,0
0,0.0005404661759831732,0
0,0.05270493350015219,0
1,0.9954457380762188,1
0,0.29162868102394934,0
0,0.32437611576607533,0
1,0.2888152954656394,0
0,0.13674147414764204,0
1,0.60782238556882,1
0,0.01607903324431819,0
0,0.052486377530645764,0
0,0.016184749938451252,0
0,0.011145545381964479,0
0,0.20835330062661156,0
0,0.16567231359967555,0
1,0.5606880351220469,1
0,0.014997485696189588,0
0,0.053366118319537116,0
0,0.3021192909366847,0
0,0.657805667696372,1
0,0.027413640441282496,0
0,0.8614299372854552,1
1,0.9845127621535212,1
0,0.04471854829267021,0
1,0.8376175283292362,1
0,0.00827316886722103,0
0,0.05225260598173885,0
1,0.3324231937281058,0
0,0.6378159600420472,1
0,0.1630383834713992,0
0,0.09449733278472154,0
0,0.1315875008090894,0
0,0.21888237253742102,0
1,0.9172853220691,1
0,0.05652307470202136,0
0,0.5254642006990202,1
1,0.7764541615548816,1
1,0.4050950240341542,0
1,0.821526417114378,1
1,0.9931379917302614,1
0,0.002013418712294199,0
0,0.23983234490147287,0
1,0.21723299820176956,0
0,0.019704900070130163,0
0,0.06773377611663377,0
0,0.02600589897294244,0
0,0.4388206402898569,0
1,0.42949508376669865,0
1,0.9984985706819696,1
0,0.08652568794547788,0
0,0.005503173325906392,0
0,0.00890926453832974,0
0,0.012919497689105405,0
0,0.012797481910655899,0
0,0.21592061941788293,0
0,0.4636472344236248,0
0,0.001975811775507697,0
0,0.12861496462815977,0
1,0.5685666734535264,1
1,0.9422507950526987,1
1,0.8616102579156412,1
1,0.7543818171818144,1
0,0.0234377209956053,0
1,0.7569410694810019,1
0,0.03330920364369831,0
0,0.7068365654039585,1
0,0.7901303651441205,1
0,0.5576758478241192,1
0,0.004079969870472348,0
1,0.18348217066659106,0
0,0.0013144394060635599,0
0,0.02462950255993199,0
0,0.028723167096862345,0
0,0.9266707159251654,1
0,0.07415474356671975,0
0,0.0068795983319039095,0
0,0.43302832676764713,0
1,0.15348662922545037,0
0,0.01644474258003339,0
0,0.4618496298133351,0
0,0.15907229950584106,0
0,0.0209139683331421,0
0,0.0021931723837900524,0
0,0.018891188634018733,0
1,0.9242970094818082,1
0,0.0018700915795317663,0
1,0.8974958848758815,1
0,0.43721250675793233,0
1,0.1721877487332125,0
1,0.3552170196812494,0
0,0.4113402339828342,0
0,0.035485966362579655,0
1,0.9801278836037836,1
0,0.8610582342942676,1
1,0.521010741537252,1
0,0.4781836623580593,0
0,0.5746567827327224,1
0,0.11798357573129482,0
0,0.5686193476695256,1
0,0.563442396821508,1
0,0.022845396962890983,0
0,0.007974725605808025,0
0,0.0019995820943232113,0
0,0.43305134412286317,0
0,0.6503421775278293,1
0,0.002417388927443109,0
0,0.01686171572488856,0
1,0.9844210224489542,1
0,0.8927057458554187,1
0,0.03188039379712444,0
0,0.5908939043594638,1
0,0.41568404437360085,0
0,0.011430764302762457,0
1,0.07518655748806097,0
0,0.08868161977889875,0
0,0.1056073359175161,0
0,0.11247193619023807,0
0,0.6327721728945905,1
0,0.02712057188887083,0
0,0.009112760847816625,0
0,0.08463053854557144,0
0,0.00520480856962887,0
0,0.1291041436271416,0
0,0.0589638353177551,0
0,0.04056834243435032,0
1,0.631852584003191,1
1,0.8169031303217551,1
0,0.023665022671589517,0
0,0.0032639011094192775,0
0,0.03338445696941862,0
1,0.28273197097670844,0
0,0.01784460168380999,0
0,0.1086600239985007,0
1,0.9913675848417962,1
0,0.002501372112388497,0
0,0.012310646841915119,0
0,0.002820216015441854,0
0,0.4096577965877482,0
0,0.009934181463131892,0
0,0.001046842901890295,0
0,0.06977168143383379,0
0,0.5087919947193009,1
1,0.8488456004928019,1
0,0.005495930695712351,0
0,0.015087147199579966,0
0,0.30953533449811804,0
0,0.5270887118161129,1
0,0.04884093940433253,0
0,0.5304669621125241,1
1,0.98645556272272,1
0,0.005018256594248963,0
0,0.06686511179990981,0
1,0.7638890785716547,1
0,0.021050829522072722,0
0,0.6792906264394316,1
1,0.8632585371281758,1
1,0.6350534067176912,1
0,0.011604976920546635,0
0,0.09737444060476359,0
0,0.05122851965509908,0
0,0.1337667150413963,0
0,0.1396713710558325,0
0,0.025305198301916028,0
0,0.32084474678789,0
0,0.004620770055815933,0
0,0.8922486822874556,1
0,0.7790760124059929,1
1,0.14438877917699136,0
0,0.05599024946792388,0
0,0.6717058972174726,1
1,0.9125167899211054,1
0,0.08976284722886807,0
0,0.03743115889629287,0
0,0.06265095028452189,0
0,0.33333074391623524,0
1,0.154713902016852,0
0,0.18372037537977332,0
1,0.998396886730634,1
0,0.005003712007051986,0
0,0.07479994999798127,0
0,0.005153323730637772,0
0,0.00344207623160358,0
1,0.5601540314636796,1
0,0.17834972353064785,0
0,0.045348797356996345,0
0,0.04429348140987936,0
0,0.05160817211711037,0
1,0.9914824550710507,1
1,0.6399991757215578,1
1,0.9955559611075837,1
1,0.8561775975434402,1
0,0.042090179873662016,0
0,0.19597297141837822,0
0,0.3893264985094696,0
0,0.15521071849797446,0
0,0.05652050296064479,0
0,0.46578740632496834,0
1,0.7480234648682469,1
0,0.3737860140401995,0
0,0.6115258210342811,1
0,0.018663710420705068,0
0,0.016740164101763273,0
0,0.21722827862341793,0
0,0.013980303690577747,0
1,0.9863013276481783,1
1,0.8172870953442274,1
0,0.8377616050530615,1
0,0.018100853193622715,0
0,0.020524671264695316,0
0,0.004139117830016948,0
1,0.047164163954955964,0
1,0.8100115904798905,1
0,0.0238062434874204,0
1,0.5894967538443322,1
0,0.09488722110115179,0
0,0.0010539347229944131,0
0,0.7383888709768608,1
0,0.0802543325049633,0
0,0.04108025506861684,0
1,0.9983599001477106,1
0,0.7656062749273138,1
0,0.20589070320575223,0
0,0.044457242318381045,0
0,0.8516101711623262,1
0,0.7214082457549725,1
0,0.022969271461852542,0
0,0.19408330245822672,0
1,0.893024194278663,1
1,0.9978611137796785,1
0,0.2068337850591783,0
0,0.03880652152403379,0
0,0.4668741646658801,0
0,0.39046442965053907,0
0,0.036268523169265356,0
0,0.04771059939154302,0
0,0.34803061991054596,0
0,0.01693226938888045,0
0,0.0040622624008999865,0
0,0.3199293551583325,0
0,0.018733557070551105,0
0,0.12325281669708772,0
0,0.4218096426382431,0
1,0.8627290066303902,1
0,0.009506794336873204,0
0,0.42524856686468426,0
0,0.017118887905375045,0
1,0.9969480727582475,1
0,0.14058596512653748,0
1,0.9013605954767466,1
0,0.004125852589080192,0
0,0.0028707073805461615,0
0,0.7933149378528779,1
1,0.4154014348244008,0
0,0.0675894799138996,0
0,0.0385952025878094,0
0,0.5396435873074609,1
1,0.9897915842590328,1
0,0.009298737947078533,0
0,0.48268584815865434,0
0,0.38360594713303703,0
0,0.07589832065725509,0
0,0.17447773399761182,0
1,0.6353185767523333,1
0,0.49272763973636396,0
0,0.12174871573238721,0
1,0.9960140652920315,1
1,0.831850759411475,1
0,0.006788057726605768,0
0,0.5142709740179273,1
1,0.9930027389192168,1
0,0.06400460216502002,0
1,0.7687238040412583,1
0,0.39500871697716744,0
0,0.9966722060107513,1
0,0.014232134103330579,0
1,0.8948253600949643,1
1,0.8482289942427534,1
0,0.7979931419413545,1
1,0.9978492395196285,1
0,0.06406177683719222,0
0,0.05023713684487345,0
0,0.8409141485712689,1
0,0.7719836955235505,1
0,0.002039618365901676,0
0,0.0314124291251054,0
0,0.07113812716343923,0
0,0.01004222069535448,0
0,0.023370069435610298,0
0,0.021577879835871304,0
0,0.04144529482483393,0
0,0.015413468973494526,0
1,0.8039726284519493,1
0,0.05147208604944642,0
1,0.9966008940796254,1
0,0.004159401728309538,0
1,0.09189223111256642,0
0,0.07741364288892405,0
0,0.29855106420407107,0
0,0.6475954455250071,1
1,0.5391426622396363,1
0,0.7327844949501102,1
0,0.06466458935078596,0
0,0.13134508015877852,0
1,0.8746949136596373,1
0,0.1915538044196379,0
0,0.17911651695353462,0
0,0.03398758797039895,0
0,0.7267276701271892,1
0,0.3520230332845775,0
0,0.1268685083199638,0
1,0.8389366560174443,1
1,0.9706956494760259,1
1,0.9986387426333297,1
1,0.9403484767005696,1
0,0.5842589456739238,1
0,0.3194542343383656,0
0,0.05839916324460232,0
0,0.4802330432812118,0
1,0.6297580268711446,1
1,0.31521991488246354,0
1,0.8767304543892036,1
0,0.8353524619032497,1
0,0.013733617014548985,0
0,0.0009541407398469445,0
1,0.6868238773384242,1
0,0.008033831455005752,0
0,0.11335496779903732,0
0,0.08291499253398278,0
0,0.15454271951658724,0
1,0.8972167099238401,1
0,0.5107385645519926,1
1,0.888170023566763,1
0,0.2458882298200125,0
0,0.7771000807579211,1
0,0.05656314143305652,0
1,0.9917333799440441,1
1,0.6495072989411391,1
1,0.839046445771473,1
0,0.014793011199428658,0
1,0.9946048188866803,1
0,0.09476680974698752,0
0,0.3835344211945732,0
1,0.9325496520915414,1
0,0.4345816737622837,0
0,0.012242659052290912,0
0,0.8764143683245931,1
0,0.0022587697772074515,0
0,0.5782715800264376,1
0,0.018826656516411234,0
0,0.39742392997356385,0
0,0.32144212836069425,0
1,0.6274956607251618,1
0,0.7968921700861099,1
0,0.4555275666898915,0
1,0.7630077881657679,1
0,0.0053163449579203235,0
0,0.3819478236089971,0
0,0.13036165895830268,0
0,0.17947491825214784,0
0,0.01831412486196096,0
1,0.7030264658190734,1
0,0.04616170230701169,0
0,0.008640129079326209,0
1,0.18881544200502062,0
0,0.18659595574737187,0
0,0.63539470961262,1
0,0.07507771628115079,0
0,0.02227792083140855,0
0,0.8133671194402299,1
0,0.002479209768232774,0
1,0.9925179370569712,1
1,0.8835957680100893,1
0,0.42267291548353036,0
0,0.001924527970948708,0
1,0.9851793773537051,1
1,0.7584972417368733,1
0,0.867756218408081,1
0,0.006534062088325335,0
0,0.01382827291265566,0
0,0.39003213611819537,0
0,0.03230915055608702,0
1,0.6930390233225822,1
0,0.03551178399205631,0
0,0.6675733940360691,1
0,0.2425707195253133,0
0,0.046219771764130994,0
0,0.3278233053108145,0
0,0.19287819350193186,0
0,0.036916857625111266,0
0,0.014177652103540187,0
0,0.002986750262200686,0
0,0.016765202849436257,0
0,0.04894084010983139,0
1,0.8416905969303319,1
0,0.02014357732803609,0
0,0.08805923791908975,0
0,0.219035764786653,0
0,0.14166666527230068,0
0,0.03715798375948701,0
0,0.05983603945544184,0
0,0.12512555066276124,0
1,0.599129288401418,1
0,0.0032420061019815616,0
0,0.0024221822175776297,0
1,0.37987133018048047,0
0,0.3663742366820729,0
1,0.6958942885500233,1
0,0.001705828683016762,0
0,0.03691110481315344,0
0,0.0017158220279552502,0
1,0.9957646300497283,1
0,0.048740790961516976,0
0,0.012396054454521941,0
1,0.7724408558885273,1
0,0.0022436382410755376,0
0,0.03612526891809045,0
0,0.04551110722634014,0
1,0.8671075980644711,1
0,0.0011369037532957891,0
1,0.9168507191877524,1
0,0.7984390590019728,1
0,0.47292493856650347,0
0,0.0011898772023509264,0
1,0.998396342389523,1
0,0.05120903899366212,0
0,0.03484282281552626,0
0,0.4643725127791525,0
0,0.002935375689463091,0
0,0.006446591714142904,0
0,0.07194291759324146,0
1,0.6447705078440102,1
0,0.47797275959824304,0
0,0.3523871449064992,0
0,0.006502804294375016,0
0,0.4684202384363163,0
0,0.0009446839422175253,0
0,0.191028196270568,0
0,0.16661838280864177,0
0,0.4954480276658916,0
0,0.3886747006373614,0
1,0.5014679315159573,1
0,0.0007837454702016384,0
0,0.5227195450188697,1
0,0.004869257391990764,0
1,0.9952042429028258,1
0,0.21797066995623252,0
0,0.4501634576403881,0
0,0.2600873879962697,0
0,0.08948520156776872,0
0,0.012272961309137947,0
1,0.702912458540964,1
0,0.7546682541741944,1
1,0.9108142691467643,1
0,0.012359202944864704,0
1,0.9377324729070176,1
0,0.18011482552042737,0
0,0.0018202922769794485,0
0,0.07484254820711235,0
0,0.029287698597365384,0
0,0.009812565746405795,0
0,0.007416817675679803,0
0,0.045300103977149835,0
1,0.5669201631011901,1
0,0.4709343699049175,0
0,0.6666110053807803,1
0,0.01709607878704133,0
0,0.006932203297036079,0
0,0.6381957306263975,1
1,0.8714127310517658,1
1,0.8450243352752611,1
0,0.25624779238819656,0
0,0.4901128937446433,0
0,0.012604172599110943,0
0,0.3473722610793219,0
0,0.07516221154647204,0
1,0.7763160043733908,1
0,0.16629107428058168,0
0,0.7355589107757904,1
0,0.15488606397344826,0
0,0.02792137177613404,0
0,0.10293913934376757,0
1,0.859426795192501,1
0,0.013624232088300103,0
0,0.011337009323136056,0
0,0.044517443537230354,0
0,0.05987082213936753,0
0,0.06412099761459172,0
0,0.0011841092911636303,0
0,0.019132542676342835,0
0,0.17280853758778433,0
0,0.007641790127132378,0
0,0.005555219286796961,0
1,0.9795082919894504,1
0,0.002155466595062549,0
0,0.023442407098822834,0
0,0.0010879534199924519,0
0,0.5606724848496785,1
0,0.012188699466974935,0
0,0.004993407490378978,0
0,0.4464214967699165,0
0,0.05704393101445246,0
0,0.038081591373010586,0
0,0.00874369729386236,0
0,0.046732904358564774,0
1,0.6436588028671221,1
0,0.794300357141648,1
1,0.9233103668936359,1
1,0.8919909847218417,1
0,0.08861609160710074,0
0,0.07013761741068465,0
0,0.08142774317354637,0
0,0.05425931077010402,0
0,0.01589228451641793,0
1,0.6095337869896457,1
0,0.0015762122234570936,0
0,0.009572199307542686,0
1,0.848215215921753,1
0,0.016629464678142355,0
0,0.051151235585723466,0
1,0.9051232693746343,1
0,0.036089490283772875,0
0,0.010897161275762228,0
0,0.674195430932786,1
0,0.011039339486739701,0
0,0.2801189313347545,0
0,0.004624355227359345,0
1,0.1486301862166785,0
0,0.037914320996326266,0
0,0.02212454473253943,0
0,0.008575745258578104,0
0,0.09464495423061327,0
1,0.23649739351968432,0
0,0.16624115422754676,0
0,0.0022221860898224144,0
1,0.623723132469719,1
0,0.0008132668805716669,0
0,0.7344202248206003,1
0,0.1901800983592016,0
1,0.8289639645766966,1
0,0.04746696453168418,0
0,0.6022307678167605,1
0,0.0018226034558404965,0
0,0.36083413872156744,0
1,0.9936212657710086,1
0,0.9025726884570733,1
0,0.05625099968500767,0
0,0.8883022714120601,1
1,0.9959856153482216,1
0,0.006721419300415382,0
0,0.6309318141916314,1
0,0.016612776046477706,0
0,0.04441165672325028,0
1,0.9983182754894171,1
0,0.7466434421725602,1
0,0.05626577228399589,0
0,0.2565562382842026,0
1,0.9867966612095666,1
0,0.005740237283170022,0
0,0.0023745255885429585,0
0,0.7430152541082218,1
0,0.06412986395090257,0
0,0.007018296257895147,0
1,0.7851806498966055,1
0,0.00834069590914847,0
1,0.9982648825113289,1
0,0.002170940586537509,0
1,0.6474633970758618,1
0,0.0873630696494435,0
0,0.3034287253406803,0
0,0.04465180314254775,0
0,0.8135328407406904,1
0,0.3485598476085963,0
0,0.0018960495493619753,0
0,0.06175365295015761,0
0,0.0006838562403976542,0
1,0.6610327683794595,1
0,0.06798168386204667,0
0,0.027856363385377267,0
0,0.33706099026257974,0
0,0.017074848118471254,0
1,0.7290653010070992,1
0,0.633311186177913,1
0,0.04852500929981075,0
0,0.07160846756451837,0
0,0.27867578698743567,0
0,0.7566427433120461,1
0,0.3361350964328194,0
0,0.47404566255348896,0
1,0.9928976408539523,1
1,0.9899715714607933,1
0,0.006115189756599995,0
0,0.08955063856218094,0
0,0.7633857241812815,1
0,0.7440374296975965,1
0,0.08601474751735992,0
1,0.9921667618320968,1
1,0.9160899861745538,1
0,0.05312182529221573,0
0,0.04118869076601964,0
0,0.31704980803624966,0
0,0.03070120021257201,0
0,0.005525101900797749,0
0,0.14908139399379614,0
1,0.9094981150104177,1
1,0.84424678507036,1
0,0.027908822942210868,0
0,0.007197695803711229,0
0,0.027276394372024552,0
0,0.0025295914250838126,0
0,0.6790358126781787,1
0,0.02362172165058602,0
0,0.24608805940912645,0
0,0.13516329605544616,0
0,0.6516142848518582,1
0,0.001211654335235222,0
1,0.5856747723078258,1
0,0.2934866848944117,0
1,0.9795864453873081,1
1,0.29724457136515503,0
0,0.1620153680394692,0
0,0.06022745380097797,0
0,0.012001084196372087,0
0,0.03435228425253535,0
0,0.015454288264537014,0
1,0.9831058874599485,1
1,0.9657617786173456,1
0,0.002923403752008032,0
0,0.007578603056379148,0
1,0.746847857829787,1
0,0.13451233247372305,0
0,0.0796043568982991,0
1,0.8841393286376205,1
0,0.0670033752225263,0
0,0.05451942994912036,0
0,0.035736580309471105,0
1,0.2697491698914947,0
0,0.009724600538594568,0
0,0.1715279257550459,0
0,0.412034526693815,0
0,0.6576444451540744,1
0,0.41283334787370235,0
0,0.05033024296580435,0
0,0.32869493552600193,0
0,0.01602534783222215,0
0,0.5441874507723207,1
0,0.010202606327233497,0
0,0.8393684422147968,1
0,0.03307994782531572,0
0,0.4190389952627834,0
0,0.017778923027396067,0
0,0.028643022063003905,0
0,0.46311889973974113,0
1,0.5159686235432108,1
0,0.16828826401369287,0
0,0.19980831583574182,0
0,0.47252053704490576,0
0,0.27143963168674845,0
0,0.0319590915447197,0
0,0.38183581427347124,0
1,0.6584530886662567,1
0,0.0010605508039919509,0
0,0.3698057054640436,0
0,0.0006705141850226007,0
0,0.1178928435013198,0
1,0.880218746210368,1
0,0.2233217493522777,0
0,0.11295315475629798,0
0,0.006502246907401488,0
0,0.719595718791791,1
0,0.010118824321160298,0
1,0.9864971124004243,1
0,0.03758187982684843,0
0,0.7224050420175423,1
0,0.32724213396475615,0
0,0.24046101974234957,0
1,0.6495021104345836,1
0,0.7844566302029433,1
1,0.9557480286504738,1
0,0.019764539052889916,0
1,0.6297373542907506,1
0,0.2800557027844415,0
1,0.7819649526900205,1
0,0.11583315955930404,0
1,0.6810124792707529,1
0,0.04103229402731255,0
0,0.269395013649946,0
1,0.8981668360720838,1
1,0.6408317062115197,1
0,0.5840431899595543,1
0,0.565074635115213,1
0,0.0032596981324617305,0
0,0.007239876757973435,0
0,0.33342541295956574,0
0,0.02226069525222748,0
0,0.3284225284365574,0
1,0.44788483656152117,0
0,0.0007210160493298748,0
0,0.0010334981975339223,0
1,0.2992115877480139,0
1,0.8580651421202936,1
0,0.032444313834685205,0
0,0.312333473497684,0
0,0.6534802686755393,1
0,0.07737718174654909,0
0,0.0483504101356492,0
0,0.14612772604936278,0
0,0.00852448886505725,0
0,0.6875306640686953,1
1,0.8789680473552981,1
0,0.5823679460246919,1
0,0.06382643934826711,0
0,0.6983986734436912,1
0,0.005732044970809209,0
0,0.00672404490211603,0
0,0.4481199631468835,0
0,0.16383220267759468,0
0,0.02926787919885918,0
0,0.027902922749840322,0
0,0.12426068579164881,0
0,0.014974099837552535,0
0,0.10485548886939701,0
0,0.3663723020136917,0
1,0.4173514289818308,0
0,0.2750008554254648,0
1,0.9983503046753263,1
0,0.03997555382959035,0
0,0.033259001399373815,0
1,0.9815000393344583,1
1,0.8523843022046123,1
0,0.008860892487994912,0
1,0.6251971187854611,1
0,0.08233854483515235,0
0,0.23162743073799638,0
0,0.0028591525624564874,0
1,0.7789665259533409,1
1,0.9159004272727992,1
1,0.5817361396891005,1
0,0.0415269680557414,0
0,0.32910431280328806,0
1,0.6505285915038562,1
0,0.06962442823755038,0
1,0.8022642921049041,1
1,0.8804908828541147,1
1,0.9240065204975694,1
0,0.0854550642036938,0
0,0.0649016266319631,0
1,0.8397525177397477,1
1,0.9837832915347686,1
0,0.0017174745342154036,0
0,0.008133629508953518,0
1,0.8767959853388778,1
0,0.16050744925827115,0
0,0.24458040783245175,0
0,0.01413448692439624,0
0,0.039519642718756215,0
1,0.8026932649185505,1
1,0.9751381960711116,1
0,0.08321636685714702,0
1,0.45808480757356335,0
0,0.060137309525475115,0
0,0.28176556946616205,0
0,0.2681590830770164,0
0,0.1579426728053837,0
0,0.13021644276622654,0
0,0.5603317275112364,1
1,0.9846691329358849,1
0,0.1139902767301587,0
1,0.8239490090902851,1
0,0.2529313111571002,0
0,0.07820516401744157,0
0,0.02233884986435106,0
0,0.0015701381745418573,0
1,0.8461867066023873,1
0,0.12658848126814498,0
1,0.8671643752649807,1
0,0.006882129342849477,0
0,0.020190402497013052,0
0,0.037656613592910934,0
0,0.06585331109100725,0
0,0.5579575586447514,1
0,0.20194092705836195,0
0,0.6838904521240625,1
0,0.04550933075884984,0
0,0.2752315811483968,0
0,0.8805364960764841,1
0,0.0313116383773545,0
0,0.05543224449822408,0
0,0.09676697836900436,0
1,0.8788105175093668,1
0,0.004584282434197215,0
0,0.0019273495874852426,0
0,0.7811578008567606,1
0,0.006676610083164242,0
0,0.5156663253619719,1
1,0.7434465327001359,1
0,0.01719363090090077,0
1,0.5860466479534616,1
1,0.9953369463691513,1
1,0.4975646292844833,0
0,0.030225795930740516,0
0,0.038840267745291764,0
1,0.8767048047555168,1
0,0.04711435127791264,0
0,0.012605774526944112,0
0,0.1415365844138493,0
0,0.02257669133781589,0
0,0.08561315436997244,0
1,0.9873470957416722,1
0,0.793838646735786,1
1,0.7245401391866259,1
0,0.697390154337145,1
0,0.013897210073634291,0
0,0.16218214976757395,0
0,0.057636696286178596,0
1,0.9399910071256967,1
0,0.3570645960241293,0
0,0.1696874313393775,0
0,0.4333438564063093,0
0,0.8432290129629977,1
0,0.0018324315211737604,0
1,0.5031404834512699,1
0,0.6294264463074515,1
1,0.6048746972121908,1
0,0.11769725462878124,0
0,0.3260482488373721,0
1,0.9919694842295025,1
0,0.006684536373507286,0
0,0.03575180758241803,0
1,0.08516799773706327,0
0,0.3426202318090537,0
0,0.31654751494705136,0
1,0.9970564095075386,1
0,0.028300019964076235,0
0,0.08355288186688563,0
0,0.01312961817398002,0
0,0.10706582546111706,0
0,0.12683190896467417,0
0,0.031386335944380825,0
0,0.1570383152639849,0
0,0.11517523519099196,0
0,0.001059262452340594,0
0,0.5607613320194156,1
1,0.9020130482964562,1
0,0.013698286312418484,0
0,0.0031047841143875114,0
1,0.7291482566690944,1
0,0.00296581637635889,0
0,0.14324465090805236,0
0,0.04962170634807911,0
0,0.07148735182908067,0
0,0.009008776834918348,0
0,0.03814946303169813,0
0,0.05481094263889819,0
0,0.023067934684546806,0
0,0.005594519453310149,0
0,0.27440273708832547,0
1,0.9969347789922698,1
0,0.03558826740706569,0
0,0.02376737472663573,0
0,0.011158232892557183,0
1,0.7080279538127816,1
0,0.0011268796719974684,0
1,0.8340011435283924,1
0,0.0365538044753548,0
0,0.1656361012137991,0
0,0.028169900242707636,0
0,0.45997906772275243,0
0,0.018598879495133086,0
0,0.4714661719970869,0
0,0.00494692467364347,0
0,0.1287082332137531,0
0,0.6652744204300671,1
0,0.0014197316139059018,0
0,0.009888689616990028,0
1,0.9974075929059815,1
0,0.024128959143798406,0
0,0.0011819936839558745,0
1,0.8210898756479104,1
0,0.3365697549622597,0
0,0.0012955923279924638,0
0,0.3303539837578031,0
0,0.002681941143325885,0
0,0.06677182751339861,0
0,0.008842038887527343,0
1,0.6717058972174726,1
1,0.8654438512215834,1
0,0.008218304436853797,0
0,0.04239187507388742,0
0,0.005052084846600775,0
0,0.2889110161408561,0
0,0.0275247491334081,0
0,0.6412445924131436,1
0,0.04231174934355388,0
0,0.6027477685978646,1
1,0.17599108549790887,0
1,0.5776595056300413,1
0,0.0010256561565005944,0
1,0.8318536997169581,1
0,0.003057442992809447,0
0,0.6455232270869131,1
1,0.6336173659335415,1
1,0.8894389012543387,1
0,0.0031835157445893533,0
1,0.8920274917642405,1
1,0.8465283305910688,1
0,0.3794571041787895,0
1,0.6030256923370146,1
0,0.46527424926984773,0
1,0.7931668789572478,1
1,0.885666109513934,1
0,0.3923505835439349,0
0,0.0013895720638271948,0
0,0.44808415102746846,0
0,0.005076003223473099,0
1,0.99718648393108,1
0,0.17201834587495815,0
0,0.031808566264676826,0
0,0.015065076172549126,0
0,0.0018177168905753119,0
0,0.7098910646010291,1
1,0.6064845599598051,1
0,0.30708194195497546,0
0,0.7131124447331304,1
0,0.8501871613087311,1
0,0.0014521265133896866,0
0,0.011007668801394508,0
1,0.4032383368492617,0
0,0.39242857920418156,0
1,0.9823092593128131,1
1,0.853641131764377,1
1,0.9918948967216845,1
0,0.26272320468229265,0
0,0.5740162631443546,1
0,0.002234026523414053,0
0,0.8024585373604155,1
0,0.040779083612399,0
1,0.4945322509049015,0
1,0.9753030589338701,1
0,0.004649008158054576,0
0,0.0020845281268122495,0
0,0.3005119422686503,0
0,0.014949865594337333,0
0,0.01435881369681545,0
1,0.6864747764752506,1
0,0.586038122788766,1
0,0.16990170568889343,0
0,0.04459239026226132,0
1,0.9361939974920027,1
0,0.03436505246227389,0
0,0.8662827747974676,1
1,0.5923216040123105,1
0,0.43728003857967096,0
0,0.01918514728510033,0
0,0.07282742095739797,0
0,0.29146439111360645,0
0,0.618834372033273,1
1,0.8406130323932404,1
1,0.38497016205186774,0
0,0.03676394784779029,0
0,0.12035032034059294,0
0,0.1577144222997419,0
0,0.03141842939934977,0
0,0.01106333115410443,0
1,0.8891002994173117,1
0,0.06392096944371925,0
0,0.040319742523349515,0
0,0.00046288543634209083,0
0,0.04802245318906594,0
0,0.00921019523554249,0
1,0.5279950415063206,1
0,0.09900496454036138,0
0,0.01184025923455984,0
0,0.03136162722495055,0
0,0.0011126250312941777,0
0,0.010447996270229798,0
0,0.05576748600813842,0
0,0.6208212430143126,1
0,0.08990714086932734,0
0,0.3322591116284629,0
0,0.4852126953446058,0
0,0.007853716183986727,0
0,0.03911470804569175,0
0,0.001727460743880554,0
0,0.07021020944475406,0
1,0.8066527356949296,1
0,0.32395690085684126,0
1,0.7196041829378782,1
1,0.6935539624164576,1
0,0.569581890010981,1
0,0.02037578575506487,0
0,0.6489953076938407,1
0,0.007090447705834413,0
0,0.013507938775090985,0
0,0.02963297396480878,0
0,0.6549320933858667,1
0,0.07810111960940437,0
0,0.2607756933663111,0
0,0.20407901747992618,0
0,0.0601849993112587,0
0,0.2530781081643938,0
0,0.05878958901375752,0
1,0.16040791546366048,0
0,0.09886091029926966,0
0,0.0761884342948807,0
1,0.9050895525844224,1
0,0.204579575591739,0
0,0.8526559211638921,1
0,0.008168848333720509,0
1,0.996970712225293,1
0,0.24744515390163196,0
0,0.32842457689898136,0
0,0.1951566629457817,0
0,0.44400531283426986,0
1,0.8965937877796966,1
0,0.36548393154790443,0
0,0.04058792174111969,0
0,0.003418798996687797,0
0,0.0172212438031743,0
1,0.4768307109049605,0
1,0.6941028242526625,1
0,0.36996627121939396,0
0,0.1079880162670599,0
0,0.0016728373997881897,0
0,0.5148469467693181,1
1,0.8633713260523642,1
0,0.03540029292940702,0
1,0.9910512884062401,1
0,0.3169557799240995,0
0,0.603536179158718,1
0,0.9234710792664399,1
0,0.05658066936250552,0
0,0.24347225687838328,0
0,0.12131928820338586,0
0,0.8181821056820137,1
0,0.20927571454525512,0
0,0.49417324901674387,0
0,0.0005827765432786781,0
1,0.387311983800539,0
0,0.05577556309526519,0
0,0.4635465192298611,0
0,0.11696866308774191,0
1,0.8255924160066039,1
0,0.18793170412907714,0
0,0.0008262542741615227,0
0,0.6748978504336335,1
0,0.015719276529735322,0
0,0.0010910521538428062,0
0,0.0437584645543756,0
1,0.7045603925800177,1
0,0.0009077095315224807,0
1,0.7340806351471373,1
0,0.02081417517258537,0
1,0.3699119201971715,0
0,0.016834437994136663,0
1,0.986223747963264,1
0,0.38576561538088233,0
1,0.8104151403532505,1
0,0.02550211611968688,0
0,0.348401089445781,0
0,0.09681102408034332,0
0,0.3613686272655892,0
0,0.7426818580304579,1
0,0.03978302017183822,0
0,0.00922737439111369,0
1,0.7916988214516121,1
0,0.040052482055201434,0
0,0.831409603272701,1
0,0.07427554837116786,0
0,0.013480778395959247,0
0,0.0009008849978503186,0
0,0.13183990603667242,0
0,0.07508384339973391,0
0,0.09084864072128034,0
0,0.21418601307400123,0
1,0.8372967222636541,1
0,0.0014283665449853875,0
1,0.09977125921030709,0
0,0.14328640098567214,0
0,0.2085478183902248,0
0,0.5292594757869272,1
0,0.3879207413549163,0
1,0.9982801085751841,1
0,0.0011371817006806098,0
1,0.9859984098715547,1
0,0.015888200115740388,0
1,0.4673197797931241,0
0,0.006497046732831031,0
1,0.8983201035857749,1
1,0.8562491505467618,1
0,0.24180923728162287,0
0,0.8029794261969668,1
0,0.016149662122860352,0
0,0.6148290259885445,1
1,0.9762239998109944,1
0,0.11679777847160815,0
0,0.274077006391362,0
0,0.19537442626100412,0
0,0.016490319325069235,0
1,0.3504904786016982,0
1,0.8689644075647839,1
0,0.016382135472322024,0
0,0.5375360558649507,1
0,0.3124868562422844,0
0,0.20558835389748725,0
1,0.9982781852271645,1
1,0.16241503340548044,0
1,0.587139656158744,1
0,0.2809290210226882,0
1,0.7817627316213298,1
1,0.6503424735500973,1
0,0.013066238740777109,0
0,0.5218183083404194,1
0,0.008522528481176446,0
0,0.7406800803890886,1
0,0.07005994502414102,0
0,0.5092545293541103,1
0,0.21782730767928202,0
0,0.022243535717938044,0
0,0.05009519220498209,0
0,0.07246843387236084,0
1,0.9843437403775243,1
0,0.0017513745202824237,0
0,0.0628425810958826,0
0,0.12990844425193834,0
0,0.001061604007667582,0
0,0.06548458373096556,0
0,0.7187805469870532,1
0,0.12208169143101145,0
1,0.42172998443863086,0
0,0.009618536671520189,0
0,0.0020631384671418443,0
0,0.030158954518847432,0
1,0.5411417647119284,1
0,0.030233069952253607,0
1,0.6210069737691368,1
0,0.5547794832963425,1
0,0.5286853757719858,1
0,0.6202121539149996,1
0,0.05494591139230105,0
0,0.05121486502866083,0
0,0.0049952494433800395,0
0,0.04589890211571937,0
0,0.25930221344161875,0
0,0.0032673263165631473,0
0,0.21708148728798302,0
0,0.014602904443723723,0
0,0.043173962627394064,0
0,0.0027561361236865187,0
0,0.04312344515812323,0
0,0.08639515456790108,0
0,0.6717058972174726,1
0,0.8490203749383242,1
0,0.04275398047684105,0
0,0.768752533769431,1
0,0.0019231441175496108,0
0,0.008380990293638722,0
0,0.0009385068606132702,0
0,0.17551108524047374,0
1,0.8911023792070586,1
0,0.10593446689088724,0
0,0.03472464663227505,0
1,0.7666292222880771,1
0,0.008811818896265538,0
1,0.9923088113128617,1
0,0.005786943371595562,0
1,0.8741410419986217,1
0,0.004402574448045053,0
0,0.329478535548296,0
1,0.9459111135911638,1
0,0.2701815415123994,0
0,0.02338628072983908,0
0,0.13344143390711902,0
0,0.0444351519127859,0
1,0.5236717158079828,1
0,0.014650542362197663,0
0,0.0007640814868960553,0
1,0.9454338722529805,1
0,0.0016175035161952673,0
0,0.01693467608631994,0
1,0.9234540136117267,1
0,0.06853391557795317,0
1,0.9096729459544408,1
0,0.479562980217366,0
1,0.8820284305252569,1
0,0.6438984658442861,1
0,0.015790086623552753,0
0,0.009907771250689848,0
0,0.0029632625885933762,0
1,0.4947614676152843,0
0,0.002392085638114923,0
0,0.6895060091874821,1
1,0.8915988441734995,1
0,0.3193145458512665,0
1,0.6246376977990931,1
1,0.4710086002434665,0
1,0.9323174785546867,1
0,0.04404131015669693,0
0,0.04667323700146819,0
0,0.016172750004919512,0
0,0.3556422225722112,0
0,0.2689168703092597,0
0,0.09048018474908555,0
0,0.1394803094480068,0
0,0.0014395364005411223,0
0,0.4342921169749005,0
0,0.013337877320324881,0
0,0.030003130888149005,0
1,0.9906019224168936,1
0,0.027848107459176232,0
0,0.09945291311061294,0
1,0.607893807973942,1
0,0.3506646639932433,0
0,0.05721342816300441,0
0,0.04421092028625391,0
0,0.09187972149949479,0
0,0.0007994189384716849,0
0,0.01721164518721287,0
1,0.8308779590544061,1
0,0.09992694880194622,0
0,0.020561412200214218,0
0,0.04967242901345219,0
0,0.04247815269813548,0
0,0.03382078568802046,0
0,0.5341323743372619,1
0,0.018211566254524584,0
0,0.4916134572510427,0
0,0.033707186310779506,0
0,0.14095148394027526,0
0,0.19006776932712835,0
0,0.1972747876791423,0
1,0.9982213516600804,1
0,0.015488916568236557,0
1,0.9154090726368587,1
0,0.06378953517469942,0
0,0.1798779138635001,0
1,0.9919009691288063,1
1,0.4005223398709986,0
1,0.6021141182166372,1
1,0.5678228374452465,1
1,0.9947464904411905,1
0,0.08189041434331706,0
1,0.9825830529377488,1
0,0.23147058879672192,0
0,0.24185868461300292,0
0,0.3734698560129959,0
0,0.2795804746790895,0
0,0.2081422917797759,0
1,0.6829459275853265,1
0,0.018587803176038323,0
1,0.49520897334096586,0
1,0.6213888083545913,1
1,0.04228319134873148,0
0,0.026954396152217952,0
0,0.009585782167089076,0
0,0.05055582724899652,0
0,0.3614839920037931,0
1,0.998080593002695,1
0,0.9030287487235327,1
0,0.001972636559059063,0
0,0.3309511539567489,0
0,0.6601035591293518,1
1,0.7482560576434828,1
0,0.17090105111502005,0
0,0.001225658196593385,0
1,0.5212785068407635,1
0,0.06129235768418139,0
0,0.020883733405608246,0
0,0.5930061914350211,1
1,0.35019732979229656,0
0,0.8753065050362181,1
0,0.008212868376435756,0
1,0.8382757318554505,1
1,0.8312465195949575,1
0,0.0891053714997133,0
1,0.83789013016838,1
0,0.35483108171360533,0
1,0.8656042782722161,1
0,0.5990696912187611,1
1,0.7299045917302561,1
0,0.0368416919622131,0
0,0.0013050607500380126,0
1,0.5308919331565733,1
0,0.1107723077755304,0
0,0.4297581284122737,0
0,0.005059381767880164,0
0,0.028230018215097505,0
0,0.004560165149488033,0
1,0.640380830204449,1
1,0.7883308818693039,1
0,0.034453955649641835,0
0,0.6693058067563638,1
1,0.9366035113956789,1
0,0.5846628634204755,1
0,0.002203669471396546,0
1,0.6870208574500861,1
0,0.418382818250251,0
0,0.4351261988840396,0
1,0.8615620821619167,1
1,0.8730407615153581,1
0,0.0021010950658303224,0
0,0.014224672618634464,0
0,0.03979173317026069,0
0,0.6656652293293629,1
0,0.04120325119564933,0
0,0.03471699218556025,0
0,0.13012859365330015,0
1,0.814181770961491,1
0,0.07039367946158753,0
0,0.6754007465247287,1
0,0.6903551231711372,1
0,0.03061404036086031,0
1,0.9976954839581008,1
1,0.8112686256184277,1
1,0.9930177812677222,1
0,0.0211010950720507,0
0,0.14770830140719635,0
1,0.6931095114950071,1
0,0.7511730490622792,1
0,0.02833857286752397,0
0,0.06734236362148345,0
0,0.2027948439925623,0
0,0.165393029599389,0
0,0.35597770341700546,0
1,0.6155790408175842,1
0,0.7891546380747776,1
0,0.010518323373564814,0
1,0.8996733265550962,1
0,0.013950702932685114,0
0,0.022423143203095894,0
0,0.04025984352362381,0
0,0.012131609148967172,0
0,0.6694415350649071,1
0,0.5138385456626201,1
0,0.0421979041165522,0
0,0.011048473697234823,0
0,0.005890795151910265,0
0,0.6744759674403018,1
0,0.8298033062805089,1
0,0.011576087304399805,0
0,0.005613604137807399,0
1,0.5639254893962573,1
0,0.09081762420114575,0
0,0.5366217638809874,1
0,0.010987982365710336,0
0,0.2353129936297639,0
0,0.006423896164175637,0
0,0.0054385140067838905,0
0,0.002617813736798483,0
0,0.012010147513288182,0
0,0.04532245272080481,0
0,0.1611069979452633,0
0,0.16139389941324686,0
0,0.09176176776610882,0
0,0.03780864947087812,0
0,0.024543353674664474,0
0,0.5885030151757933,1
1,0.5647160420585282,1
0,0.0200854001859322,0
1,0.884051460631606,1
0,0.02399439517254148,0
1,0.09187903772000737,0
0,0.3382618330191546,0
1,0.5118561037472086,1
0,0.2981233344531225,0
0,0.016345697294246172,0
0,0.7927914453907509,1
1,0.9988466279863446,1
0,0.047145599158065,0
0,0.004161067697429428,0
1,0.9843286782132706,1
0,0.19328947731385632,0
0,0.029166411941012868,0
0,0.012488097920460453,0
0,0.0018569468005868815,0
0,0.044286031378549744,0
0,0.006866073535209486,0
0,0.0445379953854959,0
0,0.11155783467510426,0
0,0.7240764209453766,1
1,0.7206270384689093,1
0,0.025394522064023595,0
0,0.6869163941945107,1
0,0.07916498921242701,0
0,0.029001873394457228,0
0,0.6426928783997308,1
0,0.0338200938750225,0
0,0.021144732065515336,0
0,0.33631646269277016,0
1,0.8177239681872922,1
0,0.0011100573935018069,0
0,0.07223953168992976,0
0,0.7768529583058016,1
0,0.012565203379619617,0
0,0.6770180403592293,1
0,0.007952442832645033,0
0,0.029614409489814614,0
0,0.8508071839399303,1
1,0.8777287839566136,1
0,0.007622755671051347,0
0,0.0408694714538893,0
1,0.43027811120259063,0
0,0.6012349084513965,1
0,0.003628643908378516,0
0,0.5172175531395585,1
0,0.010059382720971044,0
0,0.250391340922847,0
1,0.8857162642848712,1
1,0.9995046684859553,1
0,0.05204720410292445,0
0,0.3265566176520051,0
0,0.0042194877999169175,0
0,0.6127854385581465,1
0,0.514418412425834,1
0,0.0007935907953569483,0
1,0.8549286834570748,1
0,0.40574915646195225,0
1,0.879776026424152,1
0,0.002213351533956491,0
1,0.9696658251099132,1
0,0.7788667258874298,1
0,0.008644531130037363,0
0,0.053981541594749355,0
0,0.026328468500542705,0
0,0.3436976619241708,0
1,0.9992257074332856,1
1,0.8053911534627473,1
0,0.34440892496891445,0
0,0.009224233005697064,0
0,0.1867081047605012,0
0,0.012717116058977677,0
1,0.6985071704265865,1
0,0.15852712602031807,0
0,0.1732525462537744,0
0,0.2660702113644726,0
0,0.06992917441148262,0
0,0.06010815949352834,0
0,0.12400613119017052,0
0,0.31860363875047726,0
0,0.010630338516838277,0
0,0.20046679222034228,0
0,0.009102917955832656,0
0,0.8236246279005474,1
1,0.8158941780712435,1
0,0.06786512908316578,0
1,0.850039340544716,1
0,0.009964150881801678,0
0,0.2608937321410256,0
0,0.012078815922095233,0
0,0.018732797365411703,0
0,0.008503418161216714,0
0,0.41068143885125574,0
0,0.029899187300412366,0
0,0.0023431390235958793,0
0,0.10426932190823747,0
0,0.023353885635761237,0
0,0.7016586070888313,1
1,0.9968553911835536,1
1,0.9980779983998553,1
1,0.9921176172790162,1
0,0.006286470781546959,0
0,0.39885888074987297,0
0,0.03245738237264303,0
0,0.1842138484394076,0
0,0.5440528714823024,1
1,0.6436813137234443,1
0,0.10874190028228758,0
0,0.13634741759699964,0
0,0.04244985981280772,0
1,0.7612065246566562,1
0,0.8096601788465764,1
0,0.021529759505627917,0
0,0.5684399491423981,1
0,0.11201908507854856,0
1,0.9986720283582851,1
1,0.8695765801412884,1
1,0.9853164128661993,1
0,0.006886753705597705,0
1,0.8663307362715339,1
1,0.8755701037907215,1
0,0.30680713919878144,0
1,0.9893871390084807,1
1,0.6346745124706697,1
0,0.15688174508604028,0
0,0.005153497479289902,0
1,0.08707743757438849,0
0,0.31658283284595046,0
0,0.35698776946530664,0
0,0.006052858189194974,0
0,0.4016167166693591,0
0,0.013274971262304137,0
1,0.9802004452657512,1
0,0.0019920545490430693,0
1,0.9988268039443978,1
0,0.04190129294861267,0
0,0.015496106939824181,0
0,0.04324243586363001,0
0,0.6442373632582673,1
1,0.8160067609797229,1
0,0.001938539522842623,0
0,0.014919507747556748,0
0,0.0027290260618142077,0
0,0.003419845379608148,0
0,0.6988551342950305,1
0,0.11716153713865551,0
0,0.0009590565049563737,0
0,0.4489504046583252,0
0,0.5142547413481652,1
1,0.32684669644758235,0
0,0.026766928824966747,0
0,0.005743454108842645,0
0,0.24515767662040103,0
0,0.00037701680717508495,0
0,0.24630227033983393,0
1,0.9395690608769524,1
0,0.0032604237888581235,0
0,0.318281995142386,0
0,0.12173060067698585,0
0,0.5425493818584434,1
0,0.017424321284384408,0
0,0.01970138537706932,0
0,0.002347627754277533,0
0,0.006895996632099066,0
0,0.029514060460701697,0
0,0.6209712929508309,1
0,0.0137969087402781,0
0,0.0012494590918219826,0
0,0.002512279631002935,0
0,0.17931809367664614,0
0,0.20895096689116363,0
1,0.8465746801985672,1
0,0.07029806383698141,0
0,0.02379023704763561,0
0,0.6445393934715161,1
0,0.9133543222927938,1
0,0.4916516506982425,0
1,0.9284966536164613,1
0,0.09457269669222139,0
0,0.0376680625323607,0
0,0.3605473608456068,0
1,0.9368470246563805,1
1,0.8895600214676246,1
1,0.5807184961442594,1
0,0.08036065748345367,0
0,0.024005232309634153,0
1,0.9958285471493071,1
1,0.8639605314027459,1
0,0.5171395056462178,1
0,0.002634733162162221,0
0,0.09190189603299749,0
0,0.4866298466813215,0
0,0.04821687083073297,0
0,0.08153761118822728,0
0,0.002067023281119618,0
1,0.9988480199157538,1
0,0.0028645247555457295,0
0,0.144150551809988,0
0,0.08517148747079403,0
0,0.048192377498335735,0
1,0.41608658700639867,0
0,0.509764055742981,1
1,0.1553391597200248,0
0,0.21224159880402976,0
0,0.4350420188068382,0
0,0.08434083803253573,0
0,0.0030807774631667656,0
0,0.08007963412514005,0
1,0.9653458850030671,1
0,0.6719479819984927,1
0,0.3563265510312202,0
0,0.021089932603808762,0
1,0.9941013290885902,1
1,0.903363499114038,1
1,0.8653369052435759,1
0,0.048230885969005106,0
0,0.7225605401395195,1
0,0.8809229060113812,1
1,0.9549735293835402,1
0,0.5067417921802574,1
1,0.7809301690678431,1
0,0.1135302830011249,0
1,0.9767153295293733,1
0,0.46879251085730367,0
0,0.48069635751674317,0
0,0.1595609193078687,0
0,0.1796640818913245,0
1,0.9232189648158196,1
1,0.9188248460328545,1
1,0.753693582837916,1
0,0.13755805867809975,0
1,0.5833810683923639,1
0,0.00493464671248518,0
0,0.20456630140645632,0
0,0.7704469180679127,1
1,0.9259606802365793,1
0,0.0008663776875373306,0
1,0.804521983020266,1
0,0.04018761699089798,0
0,0.05135383160268353,0
1,0.41146349217227185,0
0,0.0021899268052849767,0
1,0.9904713678657064,1
0,0.5653943247431186,1
0,0.0832159253432566,0
1,0.6177896144902718,1
1,0.6275889956546179,1
1,0.7534722741833921,1
0,0.05053016639416999,0
1,0.557418482780266,1
0,0.16480852687300668,0
0,0.02314032543247912,0
0,0.06251731730595973,0
0,0.0026601036979654403,0
0,0.2685591407868393,0
0,0.5958651441831007,1
0,0.012106129386934424,0
0,0.026857794507870316,0
0,0.16229519531072412,0
0,0.20079607440545846,0
0,0.5139943098402904,1
0,0.10245645728397895,0
0,0.029593258899491878,0
0,0.023021549100585115,0
1,0.613607962096515,1
0,0.6837414160039194,1
0,0.37393645551748755,0
1,0.9984406931551418,1
0,0.04028177232446558,0
0,0.010144237115695296,0
0,0.026337372922932326,0
0,0.03008759733779995,0
0,0.006978525418826362,0
1,0.7909982154555197,1
0,0.20551706982057594,0
0,0.00985969977716991,0
1,0.9035424980372976,1
1,0.8188433780744306,1
0,0.0588268514008025,0
0,0.04654297460190403,0
0,0.05269301286031211,0
1,0.8304428817634679,1
0,0.8053004108652613,1
0,0.0015313352643264247,0
0,0.11381451943547406,0
0,0.005066163802121483,0
1,0.7076058901502351,1
1,0.7396795707892354,1
0,0.9722951988323841,1
0,0.01787364437320562,0
0,0.04259299692430673,0
0,0.10279032806615508,0
0,0.521407096198133,1
1,0.8826831133193969,1
0,0.060405858729605404,0
0,0.052069415455999815,0
0,0.2681758949626888,0
0,0.0019167536312677314,0
0,0.6123143441413967,1
0,0.11148317889716473,0
0,0.0005299201704017707,0
1,0.9394148709755575,1
0,0.04041070895183364,0
0,0.5430175123147655,1
0,0.006860122723620301,0
0,0.016412296808543125,0
1,0.950090591241243,1
0,0.01919004031046233,0
0,0.0018135308390200672,0
1,0.9991337095490743,1
0,0.5226692104942925,1
0,0.6585733509563633,1
0,0.023523262173204194,0
0,0.6630766021018777,1
0,0.0015105613976757898,0
0,0.8540183774830268,1
0,0.7535540574678712,1
1,0.5709661651522976,1
0,0.03833590850464443,0
1,0.9980463213131475,1
0,0.0058127860924737105,0
0,0.001754116150245207,0
1,0.7602862922611467,1
0,0.0003239368716077344,0
1,0.9081839087912769,1
1,0.9729201091373288,1
0,0.0073806590284855155,0
0,0.6939076453324368,1
1,0.7490597451248951,1
0,0.030068587742558675,0
0,0.24744935353109843,0
0,0.013750539200932164,0
0,0.31292122241868053,0
1,0.1174420105113785,0
0,0.06280125998552445,0
0,0.14399946472433514,0
0,0.271636144428854,0
1,0.5269554821829858,1
0,0.682586977613407,1
0,0.5694030643726732,1
0,0.18759058347386642,0
1,0.998388521619623,1
0,0.038071551063020855,0
1,0.3081547701006141,0
1,0.9146520922914851,1
0,0.30713356864130437,0
1,0.24389735094754755,0
0,0.6096504734134709,1
0,0.7172885327370402,1
0,0.12112469020468379,0
0,0.004613829395913975,0
1,0.7663289735877832,1
0,0.05347966996807732,0
1,0.934215885156712,1
1,0.6788098443801405,1
1,0.7128510966962741,1
0,0.0004571103087282156,0
0,0.0041472336157001655,0
0,0.01049458838660112,0
1,0.9986398804779573,1
0,0.055786348727711384,0
0,0.2519276522690835,0
1,0.9068116731397392,1
0,0.0033849508933449777,0
0,0.6035366149227078,1
0,0.35014229722843343,0
1,0.8592517355257357,1
1,0.9297467099487846,1
0,0.024080758240078083,0
0,0.025783789855125996,0
0,0.1261358114108684,0
0,0.8076663359694184,1
1,0.8207148973249642,1
0,0.008826808337783588,0
0,0.11764769510356768,0
0,0.10360932975111034,0
0,0.8228197195003495,1
0,0.8165294624942852,1
0,0.0010861975188943853,0
1,0.6816242619583235,1
1,0.9868109088920132,1
1,0.8377046351550268,1
0,0.24956409120292408,0
0,0.8949457455645361,1
0,0.6405512309297451,1
0,0.020774478928847567,0
0,0.044011858947439225,0
0,0.010022264089098345,0
0,0.1074185616059288,0
0,0.3571194577199246,0
0,0.033474123594751395,0
0,0.0022666280003446316,0
0,0.02401655132783257,0
1,0.9205944512809913,1
0,0.054504456970332925,0
1,0.9922238865213929,1
0,0.07673407566534875,0
0,0.012119124236131098,0
0,0.1463098233914859,0
1,0.9405133340265542,1
0,0.02545464189903088,0
1,0.7291554777796362,1
0,0.010471556217415976,0
0,0.8809804730667423,1
0,0.045568528113847706,0
1,0.8616411145337363,1
0,0.011873601494607472,0
1,0.8725763640413332,1
0,0.0035056640146935263,0
0,0.20035890991718608,0
0,0.002037196067302128,0
0,0.1192411262663618,0
0,0.49032050402737265,0
0,0.8300668765485233,1
0,0.21303499987226418,0
0,0.028118006543715775,0
1,0.9518270100233777,1
0,0.02889162786002713,0
0,0.5700893320335967,1
0,0.33379781321248053,0
1,0.5966759321787832,1
0,0.837120372774818,1
0,0.0007525408309722032,0
1,0.8738922392003208,1
1,0.9185742606496109,1
0,0.8923491541788379,1
0,0.11799100982715094,0
0,0.5331740312742811,1
0,0.5049743532797567,1
0,0.33254758958028274,0
0,0.2772532241073573,0
0,0.21763133825646366,0
0,0.391713151161912,0
0,0.00789907439129065,0
1,0.9253395378132945,1
0,0.27909557717775296,0
1,0.6730085743653801,1
1,0.8590354667932856,1
1,0.0805639485474009,0
0,0.8287616730935357,1
0,0.03177595328884841,0
0,0.4077977904893684,0
1,0.9971211053512727,1
0,0.24894626715043833,0
0,0.0012704781510403911,0
0,0.03580276109109079,0
0,0.03604111240631723,0
0,0.4538598141797968,0
0,0.0026081854484243552,0
0,0.011330686622869403,0
0,0.4496332378212985,0
0,0.06966516415859109,0
1,0.6678775457142133,1
1,0.15749200144887576,0
0,0.0029388418067718323,0
1,0.7477107875655777,1
0,0.2589029434506945,0
0,0.6642660278181455,1
1,0.9967094741590922,1
1,0.4383337723000385,0
0,0.00488792329951509,0
0,0.0016083072460961183,0
0,0.027305676073912034,0
1,0.6442069204768488,1
0,0.5774814213390812,1
0,0.05258060803025241,0
0,0.12362716778924875,0
0,0.05416543291947245,0
0,0.016633099747531882,0
0,0.3368023095522047,0
0,0.16764484339024502,0
1,0.9960286433486932,1
0,0.04742632657640647,0
0,0.6786171130315335,1
0,0.896008168513973,1
0,0.05685322020036703,0
0,0.4322459289967526,0
0,0.003841040369972269,0
0,0.005705384459683475,0
0,0.00478222746998436,0
1,0.7232812264480039,1
0,0.831308132049439,1
0,0.13763284788002744,0
0,0.007371674777017542,0
0,0.174416018631337,0
1,0.9958260454353304,1
1,0.9398349806354952,1
0,0.031685204266248664,0
0,0.010473886953976542,0
0,0.6200010017551804,1
1,0.736397959610418,1
0,0.01570810738040976,0
0,0.022442118732220483,0
1,0.7684305482783563,1
0,0.26886451104381015,0
0,0.02006408591098006,0
0,0.4717032274254958,0
0,0.0677971489363555,0
1,0.983730759304518,1
1,0.7483539428837885,1
0,0.3757585214217926,0
0,0.0010861975188943853,0
0,0.5535466645575124,1
0,0.0038610446667715907,0
0,0.8390311396333241,1
1,0.9394532091488283,1
1,0.7627383864927137,1
0,0.09578961698161052,0
1,0.3267492439898904,0
0,0.027237625099146814,0
1,0.9965129798347058,1
0,0.0030176546232683244,0
0,0.284740810600973,0
0,0.06892575429461675,0
1,0.9926809474513663,1
1,0.5142371174628593,1
0,0.003952725025163029,0
1,0.9081416035763151,1
0,0.0006587831395979456,0
0,0.002002011889917529,0
0,0.02084336665680438,0
0,0.17703823141702546,0
0,0.4698985708089758,0
0,0.41766560846655654,0
0,0.5855064955939233,1
0,0.04189694787459984,0
0,0.3343658109961521,0
1,0.9193237155779997,1
0,0.00978043837894174,0
0,0.024060114944794403,0
1,0.24536259138094846,0
0,0.003523547889228552,0
0,0.26284391501035415,0
1,0.907856065222548,1
0,0.004578985306924389,0
0,0.04535992088330866,0
0,0.01443947591832009,0
0,0.07844122508678421,0
0,0.0010081249013195234,0
0,0.057069050590707354,0
0,0.00992667414769928,0
0,0.002575766551398891,0
0,0.04055013911247727,0
0,0.004904574680586132,0
0,0.7030637801052659,1
1,0.24926057586385278,0
0,0.004922206808634624,0
1,0.9967335561420095,1
1,0.9121403159535092,1
0,0.0069781335914921045,0
0,0.29006718389643077,0
0,0.02424424570266936,0
0,0.15897540155376308,0
0,0.034206725849049,0
0,0.0008874204640316026,0
0,0.5341348806734019,1
0,0.18158059011203936,0
0,0.11568378546021113,0
0,0.0017849293159027,0
1,0.3320053551587863,0
0,0.20009121315418726,0
1,0.9943520543017011,1
0,0.16049066000028223,0
0,0.06241332823072969,0
0,0.39351718774686956,0
0,0.00205656554508035,0
0,0.021478042404180782,0
0,0.031242219425311392,0
1,0.9988142414439739,1
1,0.025252030103831286,0
0,0.0032288860070589713,0
0,0.015500919503576956,0
0,0.017152614431121736,0
1,0.6736170889466778,1
0,0.022258401457412966,0
0,0.011212908258235534,0
0,0.07228469216804301,0
0,0.324686831666969,0
0,0.047126542410520125,0
0,0.07434487055423991,0
0,0.10347541956332194,0
0,0.7501177090575668,1
0,0.7190517302859294,1
1,0.9782352034141264,1
0,0.1071085079485059,0
1,0.8994853057182861,1
0,0.03832303521246323,0
0,0.8462744426245882,1
1,0.5723466945481892,1
0,0.7913248881909453,1
0,0.010192557221546068,0
0,0.08425509973179966,0
1,0.7335150118440616,1
0,0.362826715640996,0
0,0.046107840899881375,0
0,0.04324114142518519,0
0,0.31956573906271624,0
0,0.24807060727225363,0
1,0.42167444160120704,0
0,0.6847015869316321,1
0,0.07439949494099217,0
0,0.04567026191003587,0
0,0.006750807761957737,0
0,0.003911816508867717,0
0,0.5588239934885688,1
0,0.25552360134132357,0
1,0.3050242994289817,0
0,0.13116247845769186,0
0,0.7499144218057704,1
0,0.026115741191542127,0
0,0.43989352548306865,0
1,0.8588228816358034,1
0,0.486783328853918,0
0,0.057004697905410816,0
0,0.7490731365920764,1
0,0.7311417047032974,1
1,0.6180869363081573,1
0,0.6351750090093903,1
1,0.9801853217434688,1
0,0.03574062431505181,0
0,0.10954592375146514,0
0,0.6642147286603379,1
0,0.010601660084700164,0
0,0.0019391468619142063,0
1,0.8279212053406769,1
0,0.002958756792035258,0
1,0.8380846236151955,1
0,0.5918348288268205,1
1,0.27828767181993724,0
0,0.01407657291301609,0
0,0.05307548694056551,0
0,0.017771646262996318,0
0,0.011208799081048736,0
0,0.1973935664212548,0
0,0.001433322110607755,0
0,0.8231231665050387,1
0,0.04786379015362899,0
0,0.021539755491072888,0
0,0.7088030926229657,1
0,0.0224448618277897,0
0,0.18583890193706853,0
0,0.0165778561516919,0
0,0.014949338717504482,0
0,0.04263852605450938,0
0,0.1277196369299972,0
1,0.838860212126465,1
0,0.031002493288554662,0
0,0.027954087301281298,0
1,0.765715038366405,1
0,0.008542859486071492,0
0,0.0505520758203924,0
0,0.03741214029813819,0
0,0.11894368422685066,0
1,0.934518570700324,1
1,0.7430129697667496,1
0,0.25128403327833393,0
1,0.9215808986256241,1
0,0.00640480130638113,0
0,0.8254840165926574,1
0,0.2073415295215447,0
0,0.3681952789331256,0
0,0.10023536287819713,0
0,0.7630439265803242,1
1,0.9301839926795181,1
0,0.6558188819412509,1
0,0.6913542905253922,1
0,0.16153484810156704,0
0,0.025993973012375174,0
0,0.4886913794684469,0
1,0.7287125168367192,1
0,0.3617364711675372,0
0,0.0013786183761680946,0
0,0.01662524777676572,0
0,0.34065846218433316,0
0,0.043911733420037916,0
0,0.0005547089090270343,0
0,0.012410580617875823,0
0,0.7391958097008977,1
0,0.5441223120487372,1
0,0.6253903866808547,1
1,0.7781867397460582,1
0,0.0419213210911004,0
0,0.5672286241103471,1
0,0.5684875339489176,1
0,0.026950538833593374,0
1,0.8693903544282703,1
0,0.3634506276667277,0
0,0.043486045137174106,0
1,0.9968463570852724,1
0,0.3479797308335447,0
1,0.7987028045522548,1
1,0.6326361379036687,1
0,0.23693030919792346,0
0,0.03468674113163459,0
1,0.3865134287535723,0
0,0.14801783308259825,0
1,0.9982029341241089,1
0,0.16241330714897034,0
0,0.3102034668785754,0
0,0.000587635405312391,0
0,0.19634757126139624,0
0,0.4529222685260488,0
1,0.8537512385961163,1
1,0.8249380428458601,1
1,0.8230808068656679,1
0,0.5808090950268993,1
0,0.0015892609897478621,0
0,0.0043684966116229,0
0,0.002052629540538755,0
0,0.009641924559556656,0
0,0.15328597639693523,0
0,0.004203208632079634,0
1,0.8115825751319955,1
0,0.052348997241998624,0
0,0.5879091713622571,1
0,0.36074857221845946,0
0,0.02891003314288421,0
1,0.994384999376555,1
1,0.7926552090426136,1
0,0.02298766776984901,0
1,0.7993075546541522,1
0,0.005619696181884919,0
1,0.42096835039009045,0
0,0.697731128857833,1
0,0.6390708691458856,1
0,0.04960889172598237,0
0,0.7357893545243038,1
0,0.14711903435451829,0
1,0.9985653630886594,1
0,0.018502881250441035,0
0,0.035013655826497736,0
1,0.8821878093781664,1
1,0.8636329635275333,1
0,0.5418541763132613,1
0,0.5527690946327575,1
1,0.9097619206912154,1
0,0.2666784198336154,0
0,0.638244026091985,1
0,0.5089044741325081,1
0,0.9200727528804674,1
0,0.3267347554095647,0
0,0.03125040913435543,0
0,0.02016539042898247,0
1,0.787602988291852,1
0,0.010080474553130428,0
0,0.0012676335653181378,0
0,0.9263214095074783,1
1,0.7365531074631433,1
0,0.07054645948027813,0
0,0.33206850007652455,0
0,0.032152455896549414,0
0,0.04426130062593962,0
1,0.9673508702495552,1
0,0.5873422797871707,1
0,0.20583725078746495,0
0,0.010661598330559399,0
0,0.019645102772068705,0
0,0.7814965321159737,1
0,0.4398377858090978,0
1,0.681164887852329,1
0,0.004441488437434444,0
1,0.7856569486053583,1
0,0.6437112664130488,1
0,0.47085648732465896,0
0,0.19777435803851726,0
0,0.009873975610335038,0
1,0.8827940301892242,1
1,0.6275101069163311,1
0,0.0018917714263567934,0
0,0.8390347790148321,1
0,0.418142092188265,0
0,0.009321603779485706,0
0,0.4345932502051707,0
0,0.6489344808988909,1
0,0.10511375633279973,0
1,0.9948283966343474,1
1,0.7840815400413204,1
0,0.7322406470069652,1
0,0.6725419034780468,1
1,0.8417913473548055,1
1,0.9903276518299441,1
0,0.025823804491647513,0
0,0.16429412002645738,0
0,0.9846292511357944,1
0,0.06529428919058965,0
0,0.8156599943989054,1
0,0.6754265431998984,1
1,0.7013808209245468,1
1,0.8290568156375615,1
0,0.044706166411433594,0
0,0.8068646666118504,1
0,0.0168003417196778,0
0,0.0008533621168945542,0
1,0.8967429374256586,1
1,0.8488157086598866,1
0,0.2162304885782262,0
1,0.8062610475398708,1
0,0.13882404430182324,0
0,0.012736292669624982,0
0,0.34947064561639496,0
0,0.34216566843359936,0
1,0.9978520191033626,1
0,0.4993314182221836,0
0,0.01104271204773165,0
0,0.004816245434838814,0
0,0.6632813990815827,1
0,0.0036764873101914268,0
0,0.33172085802607926,0
0,0.009975090508082571,0
0,0.09259756261735548,0
0,0.017408896140050204,0
0,0.2632326777695023,0
0,0.010688082953631634,0
0,0.818783010442613,1
0,0.11408505915644446,0
0,0.7110411504481723,1
1,0.8765654527216227,1
0,0.775077050323824,1
0,0.06283489313780447,0
1,0.8089916013746958,1
0,0.017817889339086426,0
0,0.14012657779042767,0
0,0.0015551296607444552,0
1,0.7531247908910887,1
1,0.5242171761630383,1
0,0.0027229437110238594,0
0,0.05207571768490315,0
0,0.14052018962789023,0
0,0.10978465095799406,0
0,0.07181719837816616,0
0,0.6494569111259371,1
0,0.0682099207619328,0
0,0.09440206894659774,0
0,0.1340748474898624,0
0,0.018867049513439944,0
0,0.2722704716621029,0
0,0.6282471300653425,1
1,0.7255573122366272,1
0,0.08549253898323621,0
0,0.573230686375952,1
0,0.12142228120731974,0
0,0.0010666217646040327,0
0,0.04678420499843143,0
1,0.9919784481683431,1
0,0.18422952132857495,0
0,0.05356705647883653,0
0,0.08224794116852623,0
0,0.009587558178939954,0
1,0.4520078748705964,0
0,0.6300128854154841,1
0,0.0014680355660329448,0
0,0.0033170921090944364,0
0,0.06192003287716522,0
0,0.1518170779941274,0
0,0.002869856413896846,0
0,0.0015932080336914284,0
0,0.05083315441894101,0
0,0.004121336740194234,0
1,0.21647950659880572,0
0,0.0037754096262089523,0
0,0.4640202692940462,0
0,0.0036747307495392807,0
1,0.9613118679175856,1
1,0.4312550047577012,0
0,0.0310582257235465,0
0,0.0619934037892224,0
0,0.02258271740101029,0
1,0.6640864404297456,1
0,0.022389333635624963,0
1,0.9127692508804042,1
0,0.20297759626013565,0
1,0.36885090197202536,0
0,0.02045968687934839,0
0,0.006735605007372025,0
0,0.03838754091610875,0
1,0.3365550325626665,0
0,0.07367214207800443,0
0,0.20993242891813202,0
0,0.04007225700611473,0
0,0.26683361583906623,0
0,0.02356581148719997,0
0,0.9386227085602891,1
0,0.8849002383152934,1
0,0.7937926652067162,1
0,0.0009932170641071144,0
0,0.5270192459995304,1
1,0.22735925794418876,0
0,0.24162858801751266,0
0,0.026801771274949177,0
0,0.2473298331218525,0
0,0.0022276057538888347,0
0,0.6331185489627187,1
0,0.626756535364571,1
0,0.6130625060801806,1
1,0.9210262968738506,1
0,0.046438605098419294,0
0,0.7755838983143243,1
1,0.795034997596461,1
1,0.3368359410855325,0
1,0.7823634497607047,1
1,0.9984082423263944,1
0,0.04877396888532973,0
0,0.37109542150722213,0
0,0.024901302044153768,0
0,0.0017658173936427946,0
0,0.001174527863530669,0
0,0.039052358515682416,0
0,0.11038174782283774,0
0,0.016700975570079643,0
0,0.025095967987811232,0
1,0.526879711290242,1
1,0.9925984672298699,1
0,0.8461852987622585,1
0,0.6671903065834535,1
0,0.37806221137667223,0
0,0.0008696468208241807,0
0,0.10608497534142558,0
0,0.2619744934754216,0
0,0.2121825628466005,0
0,0.05057350682509883,0
0,0.008293944918823482,0
0,0.3622141872728084,0
0,0.031565000699802705,0
0,0.062227644696705026,0
1,0.7736427193810301,1
0,0.020257040902807832,0
1,0.732316884055029,1
0,0.015189724234,0
1,0.9984924985919356,1
0,0.02088256134822637,0
0,0.6639150358575857,1
0,0.43727451002155665,0
1,0.872703587682652,1
0,0.025736642727163167,0
0,0.05258349521759,0
0,0.004127433894990093,0
0,0.029594564181166336,0
0,0.04956302437049081,0
0,0.6119364009716864,1
0,0.0020353002559228292,0
0,0.024116706167906187,0
0,0.07296893923067782,0
0,0.1087660113429347,0
0,0.09857023294987098,0
1,0.8310990292587817,1
1,0.8787937117341578,1
0,0.036133686093009675,0
0,0.7504747875977958,1
0,0.0033268869009444365,0
0,0.01336990137452052,0
1,0.7573943082429834,1
0,0.18030696429708293,0
0,0.022814149969400746,0
1,0.880551417674348,1
1,0.8979664896317834,1
0,0.6024170535536791,1
0,0.24960679706670288,0
1,0.8821540302504403,1
0,0.2905192222721448,0
1,0.9991752761148915,1
0,0.09136694360148741,0
0,0.05908856511146058,0
1,0.7041093692662039,1
0,0.0007397571850465582,0
0,0.0047430838173887786,0
1,0.9970953820012128,1
0,0.09930126841062946,0
0,0.8095116638280079,1
0,0.16988495760123676,0
1,0.08408798695797398,0
0,0.0030312487275792597,0
1,0.9967666286620865,1
0,0.5481108888365825,1
0,0.029961647817282985,0
0,0.2525884323844749,0
0,0.025746845337556404,0
0,0.04672146653962588,0
0,0.7953689775483684,1
0,0.3816943545167263,0
0,0.043595781796545295,0
0,0.065945854580883,0
0,0.5557782951846109,1
0,0.050200211598391956,0
1,0.9977735606125729,1
1,0.7034284212584878,1
0,0.5165298111617747,1
0,0.0437636400179353,0
0,0.11309499626882148,0
0,0.21096300461917417,0
0,0.7383663236069817,1
0,0.19165490872484559,0
0,0.5791537497055592,1
1,0.9264009697498946,1
0,0.11862345301277637,0
0,0.003207393628666608,0
0,0.001082321884385238,0
0,0.6433829031330093,1
0,0.1725728166229994,0
0,0.07790199304591777,0
1,0.5772200033841158,1
0,0.04149311769373711,0
0,0.10423413061058531,0
0,0.5611380450166364,1
0,0.006421728085824242,0
0,0.11746698629153826,0
0,0.003084444430185604,0
0,0.1247087064146264,0
0,0.03845973303524717,0
0,0.16439423620020052,0
0,0.11019712026522337,0
0,0.038414072073538454,0
0,0.8359419637581706,1
1,0.8816721399008656,1
0,0.17207310617609806,0
0,0.06056379770930793,0
0,0.1675133704061827,0
1,0.8615974182739707,1
0,0.3321102176292334,0
0,0.14376375146991083,0
0,0.23904000945992487,0
0,0.021553905665122438,0
0,0.0091773562146887,0
1,0.909288262733695,1
0,0.06890874714136276,0
0,0.005491599568341349,0
0,0.0031415201077840027,0
0,0.009507406744208654,0
0,0.8381166956288397,1
0,0.15839025074069008,0
0,0.014526999472517545,0
0,0.047012452439759586,0
1,0.6455232270869131,1
0,0.0812551782005698,0
0,0.03851343857393816,0
0,0.5153581969580474,1
0,0.1444955484549908,0
0,0.27215293566364784,0
1,0.9111407025854065,1
1,0.7470576114907684,1
0,0.0019062773546037243,0
0,0.01101706304808026,0
0,0.03606681270126817,0
0,0.05239096036088266,0
0,0.04803172747490363,0
1,0.9992621317860745,1
0,0.13791200578680327,0
0,0.27338573828617,0
0,0.005386440707599572,0
0,0.01150294164292028,0
0,0.13104838229334762,0
0,0.04630584231171481,0
0,0.739010145703123,1
0,0.005447382640296889,0
0,0.03310634432098426,0
1,0.958465142784223,1
0,0.04368147520939212,0
0,0.08818953777948908,0
0,0.25917978073626385,0
0,0.5799655977099964,1
0,0.03045783885960004,0
0,0.06907351380093155,0
0,0.0704767980429348,0
0,0.04889591552799853,0
1,0.9992000562877346,1
0,0.16356230003382843,0
0,0.04918939074839906,0
0,0.13247928233247727,0
0,0.036607581180397405,0
0,0.02536538422625246,0
0,0.10015150845306818,0
0,0.0020563331727051636,0
0,0.14537500497905606,0
1,0.9971483551997399,1
1,0.9952095454678715,1
0,0.003484885315033192,0
1,0.9965895890169192,1
1,0.6956460446975496,1
0,0.11609192739735029,0
0,0.7031475762643478,1
1,0.9758795097392774,1
0,0.013891398088449814,0
0,0.050735731599364044,0
1,0.9979396010508617,1
0,0.05963840674360053,0
1,0.9333233187379834,1
0,0.1228944891521288,0
1,0.7626259283604976,1
0,0.370643488078054,0
1,0.2840284328845091,0
1,0.8809612060666392,1
0,0.000969129327144489,0
0,0.002889821420889138,0
0,0.034257366623145,0
0,0.2067380474355125,0
0,0.015191774920063376,0
0,0.03852310684946264,0
1,0.9929323321375136,1
0,0.6170403015037139,1
0,0.025680264662985907,0
0,0.001051299680442069,0
0,0.012382461131249332,0
0,0.0013484133328745646,0
0,0.3416392314648947,0
0,0.0013247290314925746,0
0,0.5028991079301819,1
1,0.8620643210004506,1
0,0.8695468569053763,1
1,0.24233229752035942,0
1,0.9911689382543105,1
1,0.9139777310126066,1
0,0.04487646558299871,0
0,0.38072703470979125,0
0,0.3175173500593333,0
0,0.0019612136707260193,0
0,0.5140358011127846,1
0,0.46689746353726774,0
1,0.9847082786266669,1
0,0.7846898196544763,1
0,0.0166396446290498,0
0,0.021524354176401764,0
0,0.35726208202591603,0
0,0.38254693309512156,0
1,0.6511579765527014,1
0,0.20936751474473078,0
0,0.29052751598152127,0
0,0.42250809088275704,0
1,0.9978939830476796,1
1,0.40362480575668935,0
0,0.21773983721948478,0
1,0.9993649163970928,1
0,0.03551339680833761,0
0,0.09168354251680663,0
1,0.8163493644475955,1
0,0.022383989701369726,0
0,0.7296713426192176,1
0,0.037881338243321544,0
0,0.1619804934064296,0
0,0.2863565487145314,0
0,0.08689479194610834,0
1,0.552052498091743,1
0,0.5842698587020964,1
1,0.5523435977001195,1
0,0.15820001834538644,0
0,0.11890675418951625,0
0,0.6736356415650547,1
1,0.8002014594503047,1
0,0.06267925401626132,0
0,0.011694080158515915,0
0,0.057294406813799985,0
0,0.014066016169764729,0
1,0.9342776671380064,1
1,0.44726186627535447,0
0,0.6020368627662974,1
0,0.023837988776666798,0
1,0.8701059402707415,1
1,0.5221390326473375,1
1,0.5519996946563835,1
0,0.037682280100665426,0
0,0.49351498961621515,0
0,0.7504338563532759,1
0,0.015734795182580835,0
1,0.7782953846436989,1
0,0.34647185903245237,0
0,0.05344251514972149,0
0,0.0011564792829550459,0
0,0.02881631664180311,0
0,0.03408591263633267,0
1,0.9853869381220918,1
1,0.9982713351050119,1
0,0.19274049341162647,0
1,0.926855703999238,1
0,0.0041883778592010324,0
0,0.025433767343143864,0
0,0.06328834773638699,0
0,0.017243795789688383,0
0,0.31206003082561673,0
0,0.026372446713856787,0
0,0.0014479136716275371,0
0,0.017948724165414022,0
0,0.2656569574055488,0
0,0.06761484797176319,0
0,0.11590107952666034,0
0,0.017086227003893874,0
1,0.6683443253769542,1
0,0.04146386933658333,0
0,0.2722468531378989,0
0,0.08861895968064203,0
1,0.6640864404297456,1
1,0.9955092346275496,1
0,0.05947219652479399,0
0,0.012409442317594343,0
1,0.7597182128746809,1
1,0.8305022497964631,1
0,0.3854028579545057,0
0,0.1387592273874135,0
0,0.02815506933164338,0
0,0.7023437528993219,1
0,0.013449783637915044,0
0,0.8200280164918782,1
0,0.06049856004230645,0
0,0.06343980447216584,0
0,0.02049265266015744,0
0,0.027805296677203165,0
0,0.01043177104762516,0
1,0.8245441224838993,1
0,0.016826982042894144,0
0,0.00646783187684009,0
0,0.2869774876028078,0
0,0.01269324889068697,0
0,0.7949691304101046,1
0,0.011907066395202512,0
0,0.009842325287602706,0
0,0.0451662612773554,0
1,0.8851749156857914,1
0,0.08675133133837447,0
0,0.0011730709432626713,0
1,0.9355640401550536,1
1,0.7676692300953618,1
0,0.0009581922557604086,0
0,0.3510102482455962,0
0,0.02103454569328453,0
1,0.6992580421543905,1
0,0.06828930887200753,0
0,0.005429752754917607,0
0,0.20919913659290137,0
1,0.34043389153670084,0
1,0.8351362929654207,1
1,0.41612202067748466,0
1,0.32059903288070124,0
0,0.3984913469244109,0
0,0.010561973939141909,0
0,0.5640296171530119,1
1,0.11551525513673042,0
0,0.14650638271199742,0
0,0.3751206336049805,0
1,0.8430996821798488,1
0,0.0029435752966183847,0
0,0.019368383508848085,0
1,0.27942056688604794,0
0,0.4170929945621647,0
0,0.6445219357400291,1
0,0.0009437183634460661,0
1,0.7534280836201315,1
0,0.0934516871059075,0
1,0.38876275492050993,0
0,0.5967670116485385,1
0,0.41762629979531957,0
0,0.455435118694729,0
0,0.00789779092593622,0
0,0.22576125095817517,0
0,0.07150294133431924,0
0,0.021034902641916334,0
1,0.8712143539188735,1
0,0.05895055323633781,0
0,0.06351632393722417,0
1,0.942321750669255,1
1,0.2465639440098311,0
1,0.8980417147820674,1
1,0.6301854247930894,1
0,0.0021973252088665807,0
0,0.027018211228951504,0
0,0.042023578350407265,0
1,0.9796822830201806,1
1,0.1601915070811442,0
1,0.3825488931648448,0
0,0.2267492539044407,0
0,0.004722981813951824,0
0,0.2018069321748543,0
0,0.5894405818110117,1
0,0.08715110331453248,0
0,0.20982391229774008,0
0,0.01851815615273795,0
0,0.04465258814034636,0
0,0.001605272814321017,0
0,0.009895715336943502,0
0,0.15810074208113994,0
0,0.48912603977451147,0
0,0.06219161701696258,0
0,0.06323873311876914,0
0,0.0009776415825529427,0
1,0.7515224647889003,1
0,0.02829969389797332,0
0,0.7237878628576343,1
0,0.034646313506860336,0
0,0.7665485772556757,1
0,0.1965681179280362,0
0,0.02673740736548299,0
1,0.9963761057190467,1
1,0.8228534358727142,1
0,0.0012504021674106642,0
0,0.01592561827791304,0
0,0.9106765148668334,1
0,0.04915434407725807,0
0,0.0021271557118001548,0
1,0.933329860467785,1
0,0.21377032700413254,0
0,0.03465858197205143,0
0,0.7133821355397639,1
1,0.7014480392311149,1
0,0.02326742874790642,0
1,0.9055969786697537,1
0,0.01383087878776872,0
1,0.49433855874027355,0
0,0.07425584613562736,0
0,0.24080455334960535,0
0,0.08265785404561266,0
1,0.9984115585781479,1
0,0.023647953590978318,0
0,0.11132009425954843,0
1,0.9439626214263964,1
0,0.0037186123750175275,0
0,0.7728679506638246,1
0,0.05387252748540687,0
0,0.0017461358592006453,0
0,0.028615814040929267,0
0,0.006471050330140836,0
0,0.10886749924439144,0
0,0.012494959104923806,0
0,0.0015929971593991732,0
0,0.009989804602126102,0
0,0.039300708708386235,0
1,0.9850133485607966,1
1,0.8762521394250853,1
0,0.7132115280371225,1
1,0.9957505933426226,1
0,0.0038698660597380205,0
0,0.028803788524462432,0
1,0.9937783560420355,1
0,0.7353500701245024,1
0,0.0031914670354393883,0
1,0.9924621034236334,1
1,0.9937204911642327,1
0,0.4979985564574686,0
0,0.08065325740981083,0
0,0.022315131356516315,0
0,0.009066358524579569,0
0,0.06527052183622788,0
0,0.10377829936122698,0
1,0.16886408418167156,0
1,0.9990362094843019,1
0,0.0013966074549467853,0
0,0.04011513815009625,0
1,0.9965564032663452,1
0,0.11977802618253573,0
0,0.14144523459206182,0
0,0.2566479824132315,0
0,0.3113272729793685,0
0,0.08960448936304032,0
1,0.7751564159563111,1
0,0.5770401811687111,1
1,0.9899340361558545,1
0,0.015113343473315836,0
0,0.07908171506149785,0
1,0.8283617097448139,1
0,0.44694643512012155,0
1,0.6870936708458711,1
0,0.27195049896605794,0
1,0.844880459412951,1
0,0.41595376584048926,0
1,0.5289466694674637,1
0,0.6704896275342296,1
0,0.24787195712857374,0
0,0.010059412916361856,0
0,0.029775197319479745,0
0,0.0016284012419346822,0
0,0.5296289584412097,1
0,0.2153180889876652,0
0,0.02228334244934384,0
0,0.5959531095803025,1
0,0.20350879600409044,0
1,0.08144585999803801,0
0,0.14618494577044022,0
1,0.879637721557487,1
0,0.19518455917048758,0
0,0.39644079077871247,0
0,0.17080827188495304,0
0,0.3436947118987983,0
0,0.2678357348544451,0
0,0.18526558202459426,0
0,0.0010647403709814992,0
0,0.04024580438288686,0
0,0.8235015514219295,1
0,0.006095543101542592,0
0,0.0024947262028315502,0
1,0.9919774124911056,1
1,0.42978441413133694,0
0,0.018191615990408815,0
0,0.29596810922538663,0
0,0.03261919329113232,0
0,0.14665389299188317,0
0,0.035433913384384404,0
0,0.032976733554895325,0
0,0.030569228484049547,0
0,0.03404321928800205,0
1,0.5903636776037905,1
0,0.09488707210811032,0
0,0.1400234743157485,0
1,0.6377198897322207,1
0,0.03954604426398967,0
1,0.8446557308421961,1
1,0.6595309987653908,1
0,0.19976738612545636,0
0,0.024569380456136495,0
0,0.0802970901932401,0
0,0.012611081440129299,0
0,0.034779307004805964,0
0,0.612153621748477,1
1,0.8239802658085879,1
0,0.007782713159913861,0
0,0.17430347844306174,0
1,0.8210978025834843,1
0,0.8713662965855031,1
0,0.6202722087252531,1
0,0.018489031560303806,0
0,0.03991378504426007,0
0,0.001387135082730601,0
1,0.9973577609821793,1
0,0.1595463806936235,0
0,0.11740491466990506,0
1,0.9143362059438713,1
0,0.838433434716172,1
0,0.19077580969832997,0
0,0.18636592890036463,0
1,0.7168133714820009,1
0,0.06460806461048241,0
1,0.8469066876284258,1
0,0.03441419942325347,0
0,0.015418979979587159,0
0,0.19342846787180745,0
0,0.0031914670354393883,0
0,0.08716260915753295,0
0,0.05429406853500002,0
0,0.5553883387093917,1
1,0.9917209666656992,1
0,0.24870575717361806,0
0,0.009239077020420306,0
0,0.04293445974211627,0
0,0.020930504247361405,0
1,0.7845385270146963,1
1,0.6517642224999463,1
0,0.7261787815780224,1
0,0.5444460824101345,1
0,0.20303539099395557,0
1,0.7028793012401426,1
0,0.004248166844102964,0
0,0.14275932283164094,0
1,0.9982864303478558,1
0,0.25064409278515015,0
1,0.702120503897703,1
0,0.665924921529797,1
0,0.0340171979866046,0
0,0.057663417074691824,0
1,0.008003595596195779,0
0,0.17150668506571198,0
0,0.0014739510860427042,0
0,0.8424020262841551,1
0,0.6553522611535356,1
0,0.00631472018248284,0
0,0.8304288238067429,1
1,0.9894524735139986,1
0,0.0029258169306786933,0
0,0.7671570801706423,1
0,0.0020457260578613406,0
0,0.04487912127146596,0
0,0.0020108852068412156,0
0,0.3664392281400952,0
0,0.06047603269268633,0
0,0.01605573688985655,0
1,0.9989695614601761,1
0,0.04990622079066174,0
0,0.028902008801021093,0
0,0.5470837002297079,1
0,0.7395706528651016,1
1,0.88712396768463,1
0,0.004426299144629626,0
0,0.025855139143141196,0
0,0.811670920976385,1
0,0.015834292462643052,0
0,0.0027337448744716793,0
0,0.0010121968782358093,0
0,0.018553838425280796,0
0,0.6843073377946522,1
0,0.035614314918505176,0
0,0.08139138937036028,0
0,0.051502126600118915,0
0,0.2497775575050496,0
1,0.9978427733915187,1
0,0.025543720729035338,0
1,0.959685986717174,1
0,0.05814391751585045,0
0,0.27384009658279973,0
0,0.6243778988214623,1
0,0.005546598609995998,0
0,0.1912571765909951,0
0,0.00467681220611979,0
1,0.6796747430316014,1
0,0.4441232350006445,0
0,0.011658233347661726,0
0,0.22441609101607532,0
1,0.7641336189372208,1
1,0.8257439745980344,1
1,0.8261925324517867,1
0,0.00504654472262524,0
1,0.7430022799532231,1
0,0.3684503409152803,0
0,0.6072055660662165,1
0,0.01197452466410722,0
0,0.5536516219535366,1
0,0.35456202861028013,0
1,0.6327909434744652,1
0,0.7281641133746222,1
0,0.006380459240195764,0
0,0.007352254543511969,0
0,0.002399394899078762,0
0,0.04027984689050365,0
0,0.42273852483945906,0
0,0.016193268731648208,0
1,0.7782074581153521,1
0,0.834357527844584,1
0,0.004453983123912966,0
0,0.0006314302888981269,0
0,0.01117702621512116,0
0,0.1991290171940053,0
0,0.3852209325712709,0
0,0.001261698014729346,0
0,0.0038720602160185894,0
0,0.0230950450325697,0
0,0.6326161886459718,1
1,0.9892531661920094,1
0,0.3263033977930396,0
0,0.03664606095162769,0
0,0.0049643940992250835,0
1,0.9982658401032657,1
0,0.6990690984534671,1
0,0.24374762111655568,0
1,0.7127383182645048,1
0,0.44429987603797205,0
0,0.28697024814061706,0
0,0.0036529046319629826,0
0,0.0018767314766761159,0
1,0.9962749833362443,1
0,0.09662147309719539,0
0,0.6745782016099665,1
1,0.8593934259277523,1
0,0.023510581069919347,0
0,0.006193906915584719,0
0,0.08219127300808901,0
0,0.05519872446854115,0
0,0.07622140049943818,0
1,0.9921117109735338,1
0,0.03396347871731907,0
1,0.8559696226897046,1
0,0.6144479530952385,1
1,0.8558077279965888,1
0,0.8485585407110873,1
0,0.10838167454338779,0
0,0.16368610822221355,0
0,0.5541991392987038,1
0,0.15074457985282025,0
0,0.693804817702237,1
0,0.7862795957568923,1
0,0.008160136352981738,0
0,0.007126120627539385,0
1,0.9983587936169874,1
0,0.040217608207611694,0
0,0.4289624642368966,0
0,0.016048227094475932,0
0,0.21461864830190475,0
0,0.18570311616298546,0
0,0.4111391150660802,0
0,0.40757559801015497,0
0,0.0010981349890280272,0
0,0.0018147062007491694,0
0,0.10635576257651182,0
0,0.6144200654354681,1
0,0.019828987631434834,0
0,0.24642502721447848,0
0,0.11308736618886303,0
0,0.17810681604243703,0
0,0.06054726455271246,0
0,0.386859898080611,0
1,0.997785930848935,1
0,0.047511889496238705,0
0,0.5852149255795923,1
0,0.26724829471722794,0
0,0.013866823052386191,0
1,0.622685641591416,1
0,0.11185785534118665,0
0,0.3685349448833154,0
1,0.31400199484380176,0
0,0.07191068375735654,0
0,0.0017317181011627788,0
0,0.17022203063326574,0
1,0.9028093204942315,1
0,0.039728951583433134,0
0,0.03835298104456117,0
0,0.08897886292228734,0
1,0.9778885073543693,1
1,0.7017426383447587,1
0,0.7081443958843858,1
1,0.9368575152793674,1
0,0.022440380214267756,0
0,0.0015724742420885447,0
1,0.7539422700762449,1
0,0.010874213037369358,0
0,0.42080287086039037,0
0,0.0637604229520655,0
0,0.07047774348253974,0
0,0.10846816597466107,0
0,0.5924479412450294,1
1,0.9833190500740194,1
0,0.09373452223469794,0
0,0.0019451289732800808,0
0,0.1829193034657753,0
0,0.14573403891824185,0
0,0.7468870688916343,1
0,0.021051318515691583,0
0,0.010604608409727828,0
0,0.022675949993138073,0
0,0.1955322679242165,0
0,0.4276610247929104,0
0,0.12188598049730807,0
0,0.026697373297840294,0
0,0.003958411411028258,0
0,0.07310625676013144,0
1,0.998384628924364,1
0,0.36212661616189934,0
0,0.03221694858290633,0
1,0.6225906000278393,1
0,0.4722585015144488,0
0,0.029635818824322223,0
0,0.060300878974204844,0
0,0.09895912597876146,0
0,0.6507023003225805,1
0,0.005965602027519146,0
0,0.08827526203618084,0
1,0.3655045597347595,0
0,0.0036285488542876438,0
1,0.6353223892747618,1
0,0.45038041484733354,0
0,0.46628819485145134,0
0,0.9066242774354318,1
0,0.1076619550146444,0
1,0.15733707896776805,0
0,0.1916986388710627,0
1,0.7122173894069015,1
0,0.4897441846067238,0
0,0.014195968337860796,0
0,0.16321799601409837,0
0,0.07428359408973578,0
0,0.762679739554097,1
0,0.40275601798730043,0
0,0.016582875363810104,0
0,0.09737990403814191,0
0,0.05108138560939058,0
0,0.09981867541443447,0
0,0.4332804026123137,0
0,0.8171591623499362,1
0,0.015908475570889317,0
0,0.3615953822619879,0
0,0.0011047782526509423,0
1,0.8731510802595323,1
1,0.6902657199155589,1
1,0.7742578398213977,1
0,0.3793089566952663,0
0,0.22515202044849866,0
0,0.008949992346741053,0
0,0.12553992856288604,0
0,0.073309575405035,0
0,0.2050768514208183,0
0,0.17330861228225797,0
1,0.8128925216052165,1
0,0.003822343008928534,0
0,0.015535744511339886,0
0,0.010138509575847972,0
0,0.15198770494021638,0
0,0.0733140094607901,0
1,0.9983226767285969,1
0,0.7703492319112986,1
1,0.6808527983490763,1
1,0.9901357302894226,1
0,0.001339840785617939,0
1,0.8000839165907947,1
0,0.09091855221746421,0
0,0.06404727262909991,0
1,0.8535635860618245,1
1,0.9594057308099108,1
0,0.0460375223647748,0
0,0.013857612468018995,0
0,0.8057305869779792,1
0,0.001161792673803674,0
0,0.0242763146526063,0
0,0.03154342066801221,0
1,0.9988599359239019,1
0,0.07507176039645655,0
0,0.03330303480530718,0
0,0.2952448574845838,0
0,0.07536710344104415,0
1,0.4401841403906354,0
0,0.023967810362051842,0
0,0.7665717652854781,1
0,0.053357214849274394,0
0,0.6376225673545304,1
0,0.04432020149081154,0
0,0.031280735102433316,0
0,0.019963552412368194,0
0,0.1666118843112157,0
0,0.016540949239076515,0
1,0.8604250304438333,1
1,0.8021567358240461,1
0,0.17280539557551958,0
0,0.7213477686313299,1
1,0.9969145852216091,1
0,0.10300923451726145,0
1,0.9912742745343215,1
0,0.7943250652916304,1
1,0.9987175318623209,1
0,0.07743989650030614,0
1,0.9982732930724151,1
0,0.18019450403472678,0
1,0.9993873050694884,1
0,0.0013356061585139433,0
0,0.6414532660573763,1
1,0.9994776511488268,1
1,0.9976362218288924,1
1,0.9953565010706963,1
0,0.3878124603474663,0
0,0.0010622688707674526,0
0,0.7385944259981007,1
0,0.6263786361859002,1
0,0.5056179382299139,1
0,0.8527292506973604,1
0,0.008752035959340447,0
1,0.982526030849639,1
0,0.008886322129065463,0
1,0.9926077853966179,1
1,0.9420887634067697,1
0,0.03359148351599952,0
0,0.0986995142881215,0
0,0.1832620240552818,0
0,0.050339526353529084,0
0,0.05580446056441693,0
0,0.014647164047652622,0
1,0.9973409887324198,1
1,0.3090228277390992,0
0,0.3175631914441014,0
0,0.0104725720275082,0
0,0.06584523678097011,0
0,0.44457176291267125,0
0,0.007250490081907259,0
0,0.8056561814853855,1
1,0.6067129524552979,1
0,0.7782690839826744,1
1,0.6293107699439604,1
0,0.13058572199786966,0
0,0.05714521420960975,0
0,0.8553944915793623,1
0,0.5671632150289593,1
0,0.05277244622411837,0
0,0.016240519605074177,0
0,0.054564901073912146,0
0,0.014388126004107884,0
0,0.45607174580720367,0
0,0.006688444715053902,0
1,0.9842081365630733,1
0,0.07237144162269098,0
1,0.8022344394054989,1
0,0.6534911507861088,1
1,0.3408684333733406,0
0,0.6932228461226164,1
0,0.6583639595268536,1
0,0.0038855669016796663,0
0,0.2097541481927295,0
0,0.16303488383258727,0
1,0.7403841231433692,1
0,0.29611266036584927,0
1,0.30701707027055636,0
0,0.029377476383686537,0
0,0.5173272262209863,1
0,0.11591116933315301,0
0,0.46521310954067985,0
1,0.764585713179095,1
0,0.359472281312394,0
0,0.02521057616226118,0
0,0.18492791267179495,0
1,0.3452559558960418,0
0,0.30982324558194635,0
0,0.1592278850006459,0
0,0.02112561752366264,0
0,0.03416684405695766,0
0,0.0004397094880949123,0
0,0.7896413034234204,1
1,0.6482480726994039,1
0,0.1757772865732048,0
0,0.174476951348392,0
0,0.007783443762198245,0
1,0.8812995733683454,1
0,0.12299572172956143,0
0,0.16176605833434032,0
0,0.02382819061116623,0
0,0.00136522175259364,0
1,0.8941554956291798,1
1,0.45785632711699054,0
0,0.12499170469332212,0
0,0.8233959579324571,1
1,0.8232196798563988,1
0,0.004951659328795314,0
0,0.0031719069750026857,0
1,0.7516330485189963,1
0,0.1122760600374634,0
0,0.015260193338081846,0
0,0.025608313443534314,0
0,0.21760158368354832,0
0,0.05107830004924004,0
0,0.0017523032349760657,0
0,0.5063617120530557,1
0,0.0018569541061925403,0
1,0.7011144006091224,1
0,0.009447950180934068,0
0,0.010831919403453207,0
0,0.0027413173430040475,0
0,0.4132633452540631,0
0,0.7148756066653158,1
0,0.015023785082902221,0
0,0.0362041768366055,0
0,0.31345505566262666,0
1,0.7401152268155956,1
0,0.06264557103633472,0
0,0.04251422261965602,0
0,0.15770557459336912,0
0,0.45797703891863073,0
0,0.0006729106800437286,0
1,0.99655599493249,1
0,0.0685470494032431,0
0,0.0012360201439180964,0
0,0.04495880767916275,0
0,0.004463034358140216,0
0,0.005730915234973733,0
0,0.18946832049071952,0
0,0.004191755359881229,0
0,0.4341420132019319,0
1,0.940976736735247,1
0,0.012522826843218007,0
0,0.053067389945233134,0
0,0.22603387321955798,0
0,0.004367418944288217,0
1,0.09301444240921942,0
0,0.04007981073425869,0
0,0.8112105387610447,1
0,0.004231372282132721,0
0,0.8445086644664744,1
0,0.02909834282301125,0
0,0.12327775621080875,0
0,0.1144295211482487,0
1,0.41221701111954023,0
1,0.9768099688399174,1
0,0.2468420310662549,0
0,0.06120666963900502,0
0,0.03023428680877833,0
0,0.5848155084525783,1
0,0.02037132880378912,0
0,0.03738625610053008,0
0,0.28001642772946195,0
0,0.6001211943345843,1
0,0.881403304823729,1
0,0.0010653575311308633,0
1,0.834079173633624,1
0,0.13451233247372305,0
0,0.0129920898239869,0
1,0.9170254054342277,1
0,0.02760855524895198,0
1,0.1833728355223434,0
0,0.021900893267302754,0
0,0.38274660424822315,0
1,0.7395706528651016,1
0,0.08727056114689215,0
0,0.020677277503566648,0
0,0.08281608562611761,0
0,0.5867823428143267,1
0,0.16873159976739727,0
1,0.9987432474585894,1
0,0.4040573186960109,0
0,0.34764494323163564,0
1,0.5282077056531012,1
0,0.0019877217536734032,0
1,0.3857492003134055,0
0,0.0009008849978503186,0
0,0.035951993257924676,0
0,0.2515016296053833,0
0,0.039886387075398204,0
0,0.004274097831303597,0
0,0.29384378967778396,0
1,0.7814866398040127,1
0,0.6909981701228541,1
0,0.4903785564115901,0
0,0.008538666514759456,0
1,0.9984137300603106,1
0,0.02995460414298254,0
0,0.057223210665651274,0
0,0.050774631868374775,0
0,0.002680755477358247,0
0,0.018982596977225992,0
1,0.9800503378953038,1
0,0.02484048630009837,0
1,0.4911293092278096,0
0,0.0018189327279958436,0
0,0.027927228944506284,0
0,0.30292900098850745,0
0,0.001109979483250118,0
0,0.10719387738751215,0
1,0.7298664791692232,1
0,0.004489158198138156,0
0,0.16849081275634437,0
0,0.014896985225047172,0
0,0.17991192627977515,0
1,0.5695118855785247,1
1,0.8207894170192948,1
0,0.1857038474628154,0
0,0.11024785858391131,0
0,0.056794975128597734,0
0,0.17225649831976483,0
0,0.5077064817739454,1
0,0.48354469547675094,0
0,0.0921745188110933,0
1,0.8210971111923675,1
1,0.5144172446810045,1
0,0.12532402843200305,0
0,0.7254251195910265,1
0,0.07032315578878014,0
1,0.5408243968560896,1
1,0.6014414219837573,1
0,0.022477488251563996,0
1,0.8879943239308075,1
0,0.3367008637660854,0
1,0.7229411314958627,1
0,0.8763149173361451,1
0,0.034170231414002314,0
0,0.18571366858042956,0
0,0.15902963329075018,0
1,0.4200101870913951,0
0,0.0011778877164502584,0
0,0.20187414946394397,0
0,0.039287752946423705,0
1,0.8707356573128213,1
0,0.6346745124706697,1
0,0.020671243191557952,0
0,0.257317946760819,0
1,0.8869026224571973,1
0,0.0031302463606946804,0
0,0.5864273006788445,1
0,0.5316867612241368,1
0,0.049644919845970546,0
1,0.8147699627703128,1
0,0.151083003316168,0
1,0.6633572482323011,1
0,0.6156925897940403,1
1,0.6991275184806343,1
0,0.7020001301343782,1
0,0.8876318091729335,1
0,0.061798950412403277,0
1,0.7572784467691623,1
0,0.22327878338863988,0
0,0.0776114190327034,0
0,0.0942465702653673,0
0,0.0930417258026439,0
0,0.0021921123244543618,0
1,0.9073080916928555,1
0,0.848432550149582,1
0,0.03641967352950302,0
1,0.7947317840122037,1
0,0.034238095993939156,0
0,0.03185450923641177,0
0,0.05425780476197577,0
1,0.9954814027666188,1
1,0.8769731125852058,1
0,0.015717088086036283,0
1,0.9481410759495039,1
0,0.74344936168427,1
1,0.8253817305436797,1
0,0.0015254784326016355,0
0,0.003636964868095687,0
0,0.12553456420363554,0
1,0.9847901193521562,1
0,0.0033960503177471223,0
0,0.004489074917676505,0
1,0.4444735829962126,0
1,0.29015325427305394,0
0,0.022957186938995913,0
1,0.8732844285850788,1
0,0.5678007198324239,1
0,0.08456525417195934,0
1,0.487071521842504,0
1,0.9909218491551653,1
1,0.998865436667752,1
0,0.003669599311653754,0
0,0.3179048242173362,0
0,0.009065728982143442,0
0,0.0279982304996721,0
1,0.8555470767034102,1
0,0.15422078985206977,0
1,0.2839175160400403,0
0,0.07794106001563836,0
0,0.028398362950607426,0
0,0.6902211235503295,1
0,0.0017565885562414844,0
1,0.8993894315690553,1
0,0.04329727872533794,0
0,0.001696227292037501,0
1,0.9225131374397461,1
0,0.0029833440238916705,0
0,0.0029586976502727286,0
0,0.08288569412347474,0
0,0.7507395212558945,1
0,0.013186402992339457,0
0,0.6788259460309208,1
0,0.008131367655024679,0
0,0.49310031565703627,0
0,0.020123121054380372,0
0,0.02516148869334993,0
1,0.7960060304532446,1
0,0.4757381184478578,0
0,0.0017312662185391889,0
0,0.007575098603345422,0
0,0.02592304871812897,0
0,0.32970498828742756,0
0,0.023878268501038427,0
0,0.009140219157659803,0
0,0.06241028538675155,0
0,0.11278330895999782,0
0,0.3287382459296361,0
0,0.10183184873158023,0
0,0.022011836992989756,0
0,0.4222098622969848,0
0,0.010501918353904197,0
0,0.5929166311943541,1
0,0.035450945219244315,0
0,0.04576976911282235,0
0,0.022868899432440973,0
0,0.24230294247135648,0
0,0.023081445599264887,0
1,0.8275231987472433,1
0,0.23038328007376171,0
0,0.10333449081216359,0
0,0.0010570938137237395,0
1,0.7648670829753887,1
1,0.8919182530606955,1
0,0.0095666633192797,0
0,0.14541526604696894,0
1,0.8946182996017057,1
1,0.6362634192356346,1
0,0.027488060228853663,0
0,0.0016336279851697775,0
1,0.7528867563098418,1
0,0.004132483847010677,0
0,0.02797536745792765,0
0,0.40659397403108066,0
0,0.599852435720046,1
0,0.0032018724238470834,0
0,0.42519298178127063,0
0,0.050303777348918756,0
0,0.004905387419512814,0
0,0.023808770550436127,0
1,0.9114299723567505,1
0,0.0878546433835485,0
0,0.4427645726555591,0
1,0.9993059857234449,1
0,0.042133421949061174,0
0,0.8716193927848328,1
0,0.03699457671761172,0
0,0.46837159276441165,0
1,0.7827331596517725,1
0,0.0005756139668714899,0
1,0.9985248831494844,1
0,0.36144691074403223,0
0,0.09191539143360815,0
0,0.03253367495572777,0
0,0.29282707867551616,0
0,0.5529979749588844,1
1,0.6639443665729835,1
0,0.023508303040923426,0
0,0.06662483372478147,0
1,0.6890929131242153,1
0,0.409353466573463,0
0,0.006223406620791272,0
0,0.14106759056083304,0
0,0.7128482667405199,1
0,0.7844205663336563,1
0,0.5974236686469736,1
0,0.34743188264641894,0
1,0.9174775061263537,1
0,0.0800636164398916,0
0,0.03916095189502395,0
1,0.9975758507832732,1
0,0.04765858745278808,0
1,0.9765348472933314,1
0,0.7041287333586194,1
1,0.7763107694677932,1
1,0.5716856790971849,1
0,0.0018164523493472032,0
1,0.9888635569455306,1
0,0.5058547056594204,1
0,0.03734297139533121,0
1,0.7535185194559947,1
1,0.9983964046309113,1
1,0.9916915163433211,1
0,0.11525721257241776,0
1,0.9985440992803818,1
1,0.8378752349970915,1
0,0.11823214902847566,0
1,0.9934226691457083,1
0,0.024184072724842326,0
1,0.9977690230217328,1
0,0.6796458755753059,1
0,0.01148802739465797,0
1,0.13110022345885805,0
0,0.17626973199605833,0
0,0.0125063558550119,0
0,0.048215707859234166,0
0,0.0053488657602646685,0
0,0.5392617976343861,1
0,0.0049921058353666215,0
1,0.43353581241222766,0
0,0.31663164391590337,0
1,0.9982810107954018,1
0,0.8060612080275014,1
0,0.0015362290945126055,0
0,0.7717879259020086,1
1,0.8740489818725689,1
0,0.043125705392341875,0
0,0.08579435458479086,0
0,0.04548279503425141,0
1,0.9223993165417056,1
1,0.8734857867705161,1
0,0.0021127171823045756,0
0,0.09190905989019056,0
0,0.3368828517533254,0
0,0.03563993557605446,0
1,0.9967201822490924,1
0,0.2509437206378255,0
0,0.5570789955108802,1
0,0.3265048479636588,0
1,0.8943070245386939,1
0,0.023721337681358357,0
0,0.29343881693918855,0
0,0.02165843218248244,0
0,0.2996018600957398,0
0,0.6298288340782836,1
0,0.5646454486546887,1
0,0.00246223168161867,0
1,0.2801189313347545,0
1,0.14869225504750552,0
0,0.23497820850857754,0
0,0.08637376558304728,0
1,0.7857494981168689,1
0,0.004343189103725349,0
1,0.2671008911473837,0
0,0.02953226902063989,0
1,0.7006177526570412,1
1,0.8989906056503887,1
0,0.3396202860528484,0
0,0.009904851104691031,0
0,0.010841347924084805,0
1,0.8360960812345869,1
0,0.12396760912348455,0
0,0.3003569264048257,0
1,0.9992069195130162,1
0,0.05168246934107058,0
0,0.04674788185829669,0
1,0.4225414523209666,0
0,0.008402493676043035,0
0,0.03071683743994341,0
1,0.6930083137895613,1
0,0.001308176174006081,0
0,0.0014364953319537881,0
0,0.007025078568367242,0
0,0.23065453935596694,0
0,0.6014748966048639,1
0,0.5506317412778681,1
0,0.008922966013083998,0
0,0.5961509602074423,1
0,0.0036800513736880637,0
0,0.5846965189432667,1
0,0.0269107788418509,0
1,0.9970618528111841,1
0,0.25307458188020643,0
0,0.6520338862527132,1
0,0.20443198228852158,0
0,0.4979030926755065,0
0,0.6392261244816712,1
0,0.030435162511951473,0
1,0.865597815225115,1
0,0.018091725059860935,0
1,0.9950234269920646,1
0,0.2940866524433283,0
0,0.5982648564094906,1
0,0.0013998597373534062,0
1,0.5941521425697122,1
0,0.034375866932283075,0
1,0.9986167265992908,1
0,0.004113260271841315,0
0,0.01595000647773074,0
0,0.12811597842808106,0
0,0.06900425629879925,0
0,0.6568368700292947,1
0,0.10938619519346789,0
1,0.9981300732513264,1
0,0.001576394251856302,0
0,0.7134292708404061,1
0,0.8548360724027494,1
0,0.028930642310541693,0
0,0.0025961612569189284,0
1,0.9768383192997617,1
0,0.25775656622972815,0
1,0.9986540358166311,1
0,0.6272698616812814,1
1,0.7510553431826523,1
0,0.013470989901634076,0
0,0.1130707736581108,0
0,0.001134325778267196,0
0,0.014114753761055698,0
1,0.4625692192087525,0
1,0.9052726388154443,1
0,0.32333936520981693,0
0,0.10720952964516758,0
0,0.009524114800966616,0
1,0.7368186146217702,1
0,0.590252634958943,1
0,0.11464303560842717,0
1,0.8911429868945315,1
0,0.0013004872051964255,0
1,0.9143186333823948,1
0,0.06041034944505299,0
1,0.998548635259456,1
0,0.1561767154610999,0
0,0.001826981792304512,0
0,0.5875761199575651,1
1,0.6469285714184527,1
0,0.028167639803017924,0
0,0.04355770521685803,0
0,0.4025929298063454,0
0,0.5447272591329173,1
1,0.8265576669889927,1
1,0.3541319616536226,0
0,0.08701041424095618,0
0,0.013607583728675795,0
0,0.019789845816055262,0
0,0.0072863019310140855,0
0,0.0033842045618983348,0
0,0.2336862619578831,0
0,0.7262931668667344,1
0,0.14953707903077657,0
1,0.9858791785536741,1
0,0.1624194801129948,0
0,0.22584742620703396,0
0,0.023037239497775804,0
0,0.1434790664535846,0
0,0.07758046466230384,0
1,0.8483561312313613,1
0,0.01100826527057234,0
0,0.8817829639443698,1
0,0.007496668334849202,0
1,0.5774927548471912,1
1,0.7164711088510443,1
1,0.29289340656470897,0
1,0.7418111231914967,1
0,0.0011322053861096263,0
0,0.011599022625782067,0
1,0.9761439239675231,1
0,0.005173796592737217,0
0,0.036488334616408144,0
1,0.8469757807651711,1
1,0.7700260109064488,1
1,0.7727270707382836,1
0,0.195217802138702,0
1,0.9944287960242391,1
1,0.15120951807845054,0
0,0.3418863117743694,0
1,0.2379808935464086,0
0,0.007055178186960259,0
0,0.08455211278659186,0
0,0.031335110206269286,0
0,0.5710264647049099,1
0,0.08393905809358518,0
0,0.5648800523463291,1
0,0.7234454972735835,1
0,0.01163550929562959,0
0,0.685790084550473,1
0,0.721572777844553,1
1,0.11088209383262905,0
0,0.4165522311768501,0
0,0.004832866667744571,0
1,0.9135589365315809,1
0,0.09683229501520364,0
0,0.07218827539113523,0
1,0.989846294074759,1
0,0.8934879411249158,1
0,0.4759603449287749,0
0,0.040428726038269726,0
0,0.03100999749394192,0
0,0.12616392956005393,0
1,0.4775874566327286,0
0,0.3004853089579028,0
0,0.23835409944876218,0
1,0.9476436709095613,1
0,0.394480241276335,0
0,0.6910641289234775,1
0,0.02125358934079665,0
0,0.005891216834698228,0
0,0.25357558968922145,0
0,0.014383051350754161,0
1,0.882185523216269,1
0,0.16230870930295813,0
0,0.008842672663388496,0
0,0.021943111305965414,0
0,0.4161847768709847,0
0,0.6680537612956817,1
0,0.0019195471786789605,0
1,0.9972461366210205,1
1,0.37060545120055366,0
1,0.8474878657701459,1
0,0.5401228878250669,1
1,0.7726177884174709,1
0,0.37911266107506514,0
0,0.15137853323326828,0
0,0.565178078265861,1
1,0.9978556405958556,1
1,0.6660977030759815,1
0,0.035510912149673377,0
0,0.013318893808269856,0
0,0.00737025579938105,0
1,0.9970159882839911,1
0,0.620159131505246,1
0,0.032212839104128047,0
1,0.6560240369966156,1
0,0.8918401213486155,1
0,0.5301855346803515,1
1,0.9990283199013454,1
0,0.00297809964360652,0
0,0.0858178639785413,0
0,0.10525960424520234,0
1,0.9910939044834367,1
0,0.04609443183977793,0
1,0.9061642727136536,1
0,0.0076713376829994975,0
0,0.3904027841876142,0
0,0.2217544597262334,0
1,0.8579391976662277,1
1,0.19654908523937265,0
1,0.6451434081355157,1
0,0.0015416211222995992,0
0,0.6040122632876636,1
1,0.8623819958790523,1
0,0.4304460491834807,0
1,0.9219307446092272,1
0,0.030804914655069682,0
0,0.06057333446756277,0
0,0.06150637930964538,0
0,0.5065262442372186,1
0,0.12951055449133253,0
1,0.9556604829645418,1
0,0.0022839110284308462,0
0,0.7204699783874651,1
0,0.006098761971415903,0
0,0.009751071009759502,0
0,0.0003826687596761612,0
0,0.4642186659899798,0
0,0.28811053552668214,0
1,0.9980358593940679,1
0,0.5436507823345142,1
0,0.0401660524390336,0
0,0.44885392906964283,0
1,0.6461266539770059,1
0,0.008862671027411903,0
1,0.8835921106929786,1
1,0.9177422919110719,1
0,0.00488792329951509,0
0,0.00045455907507168004,0
0,0.19048946029937897,0
0,0.5302806164241505,1
0,0.20260773886684885,0
0,0.05252339486224239,0
0,0.5463992922085383,1
0,0.0051950519213281214,0
0,0.017617932151134576,0
0,0.21665718747948529,0
0,0.0038559471005873494,0
0,0.04325348341083947,0
0,0.8465510349616641,1
0,0.09530502268796347,0
0,0.10482305368770242,0
0,0.06770206032591335,0
0,0.034775128912793045,0
0,0.002470901265761985,0
1,0.8759988503387615,1
0,0.017712669229546348,0
1,0.6907068811424889,1
0,0.6585349585876558,1
1,0.5638419518734364,1
0,0.1201158550512819,0
0,0.06810500275919179,0
1,0.7210475760060813,1
0,0.14708549013268185,0
1,0.9579317698201035,1
0,0.04054371664457642,0
0,0.007548159839154644,0
0,0.029252441554972523,0
1,0.9917154597393808,1
0,0.6266815921425561,1
0,0.8619048687231926,1
0,0.08573367216009523,0
0,0.6210272608889544,1
0,0.21809291341421563,0
1,0.8769252031358941,1
0,0.5063377827718352,1
1,0.7925627375206511,1
0,0.007636761076147715,0
0,0.18920776004296377,0
0,0.007116002498358729,0
1,0.9974740602286196,1
0,0.06905775522646987,0
1,0.8441265597244719,1
0,0.1595859244187928,0
0,0.05617841922326025,0
0,0.08255671371960409,0
0,0.4624042988356134,0
1,0.8889769065328856,1
0,0.0014443901668674966,0
1,0.13244082939947843,0
0,0.02048021947494749,0
0,0.0008790721969174323,0
0,0.011741773109657683,0
0,0.03359864822824711,0
0,0.04280139070348217,0
0,0.47060261096922146,0
1,0.7604208752327187,1
0,0.1041405918258519,0
1,0.7441121428365134,1
0,0.12729317764687711,0
0,0.6172178068713983,1
0,0.23686724738264672,0
1,0.9922895933398858,1
1,0.8197299552810876,1
0,0.21388280145865554,0
0,0.004752561061710618,0
1,0.6781593189400819,1
0,0.6773484987667988,1
0,0.01977859737459173,0
0,0.5736877653285646,1
0,0.05686761666552955,0
0,0.10537094462244435,0
0,0.02780294355610749,0
0,0.1637688649307368,0
0,0.0019087965372741138,0
0,0.44156343204402065,0
0,0.00952172947795821,0
0,0.8371583886277437,1
0,0.003914540397374244,0
0,0.0057665172691298274,0
0,0.09680866378797216,0
0,0.03424882556949592,0
0,0.8808554678523532,1
0,0.009888891688669807,0
0,0.3327603082755712,0
0,0.22970925283662316,0
0,0.6286959520116784,1
0,0.12274046870097088,0
0,0.09765255818617186,0
1,0.9852081116662491,1
1,0.7612924376584786,1
1,0.8890299011386369,1
0,0.04279317975669518,0
1,0.853440558980601,1
0,0.3784427402777769,0
0,0.018828609150725113,0
0,0.001495913054327758,0
0,0.0003352250058639224,0
0,0.6134191608847214,1
0,0.060612818621543434,0
0,0.34492350797912824,0
0,0.06774147226562897,0
1,0.9798150458853142,1
0,0.5140372288099598,1
0,0.02353988093935235,0
1,0.9062994971352437,1
0,0.06054108721791477,0
0,0.26412905471724724,0
0,0.6479998059079811,1
1,0.7564145107296434,1
0,0.04117335710065125,0
0,0.16145197665194844,0
1,0.8089000932859961,1
0,0.03977044463199403,0
0,0.03527779199134404,0
0,0.019441965045066407,0
1,0.8157323029172495,1
0,0.5584336743588871,1
0,0.29608269959331135,0
0,0.685127292132942,1
1,0.2841827169446586,0
0,0.8069705365826333,1
0,0.053277081807106164,0
1,0.8941257677470807,1
0,0.009035359346131165,0
0,0.001759892114620311,0
0,0.06061954278183534,0
0,0.4811662526869715,0
0,0.023294837134746563,0
0,0.6958510167613917,1
0,0.09362114235982597,0
0,0.008633541411283325,0
0,0.6129196221074072,1
0,0.025019122907515436,0
0,0.013968121748102918,0
0,0.0027543432277661287,0
0,0.04033071645009104,0
1,0.8883574476238115,1
0,0.6478779974824811,1
0,0.0011160592849896458,0
0,0.001101278426531115,0
0,0.8480047411681773,1
0,0.005262564710323844,0
1,0.9381833179651377,1
0,0.6588681772212899,1
0,0.04112130629086753,0
0,0.03578094154781271,0
1,0.997023016690732,1
0,0.008138338425100847,0
0,0.020198829224072287,0
0,0.006845455747011843,0
0,0.8791939582754043,1
0,0.21330498573621798,0
1,0.9958087213205711,1
0,0.020215609850878592,0
0,0.008272179247784716,0
0,0.09603900522182385,0
0,0.8943762081903311,1
0,0.07083323261869405,0
0,0.019780034210055912,0
0,0.4283996002800512,0
0,0.007436560431948736,0
1,0.7505227225775712,1
0,0.05789938715672678,0
0,0.39734070340107674,0
1,0.9950391370808788,1
0,0.29846556277655534,0
0,0.0526023647737749,0
0,0.0105716690494603,0
0,0.2752361235978662,0
0,0.05290589863160896,0
0,0.002906614072416414,0
0,0.053555733543269875,0
1,0.7490597451248951,1
1,0.9870983083505475,1
0,0.0818951353060507,0
1,0.8251354682734549,1
0,0.06638960068095671,0
1,0.9669877757465645,1
0,0.7969710017029578,1
0,0.2757112265406243,0
1,0.8572003103907204,1
0,0.02630032268523862,0
1,0.8885862824893603,1
1,0.9963136995998394,1
0,0.13528855829152336,0
0,0.04969018588794474,0
0,0.18944124175114663,0
1,0.9919695388915484,1
1,0.6520627255867302,1
0,0.005009978273001373,0
0,0.11092811644651694,0
0,0.009776569330981097,0
0,0.3124528833233283,0
1,0.9982626107793239,1
1,0.9970435833165366,1
0,0.3827982749999816,0
0,0.0022963407062758048,0
1,0.7816564524694308,1
0,0.47960484058416586,0
0,0.16748325236342818,0
1,0.990598966519773,1
0,0.35766353338501483,0
0,0.5831435764149102,1
0,0.05981691920539446,0
1,0.6876472922840116,1
0,0.8639873324609966,1
0,0.43549253287079137,0
0,0.02396675564029473,0
0,0.8639012849657659,1
1,0.8752959743062241,1
0,0.8374485280552069,1
0,0.051006134575824,0
0,0.3639063935830905,0
0,0.3130021389310479,0
0,0.39231826654648877,0
0,0.07999410841305898,0
0,0.038144035845454644,0
0,0.38686377344307427,0
0,0.051953344613472355,0
0,0.29552501820166155,0
0,0.4736735806306912,0
0,0.0747741267483739,0
0,0.34036340026296796,0
0,0.3860096681615141,0
0,0.3408046313162995,0
1,0.2507135382598963,0
0,0.33613025549028597,0
1,0.9960989171731526,1
0,0.02946890544124319,0
0,0.8877500727622576,1
0,0.06683167324990685,0
0,0.9037282958914515,1
0,0.7105064424414388,1
0,0.01811273448580561,0
0,0.018084001806557632,0
0,0.0010000013035852847,0
0,0.004801723456452867,0
1,0.7164162933923746,1
0,0.4781541544002946,0
0,0.0016511670305677149,0
0,0.4030848419889419,0
0,0.029001537775802996,0
0,0.006909930392308918,0
0,0.041112627689004845,0
0,0.011336160004889876,0
0,0.03641256057464157,0
0,0.14391106072919027,0
0,0.023935735725542282,0
1,0.9968095766383016,1
0,0.007696921576753288,0
0,0.0030225836740000256,0
1,0.6036117142243963,1
0,0.0015929971593991732,0
0,0.2217532700528777,0
1,0.9935811866880014,1
1,0.9068744888225944,1
0,0.02253047638982006,0
1,0.8979129437312976,1
0,0.018218357528161026,0
0,0.008954870258411534,0
1,0.7345737611700923,1
1,0.7356439574369792,1
0,0.3068321668015671,0
0,0.0028771085013789164,0
0,0.03624118295848984,0
0,0.6523776195212864,1
0,0.014852321712569656,0
0,0.015028443176081291,0
0,0.0014386886429006897,0
0,0.00274663375300567,0
1,0.8597729321687774,1
1,0.7482944127758068,1
0,0.6145579554537992,1
0,0.014430492776386233,0
0,0.8081268939695337,1
0,0.062447415514055506,0
1,0.8479349247652005,1
0,0.01923674581428905,0
0,0.13304983656971767,0
0,0.07840941432841773,0
0,0.010943885532674114,0
0,0.030827945248712428,0
0,0.08631697234762212,0
0,0.8449036911274833,1
0,0.005362790701529528,0
0,0.4802996178786283,0
0,0.041216503161390916,0
0,0.06016631072309516,0
0,0.021662164734115676,0
0,0.022040435650851592,0
0,0.013295041442840978,0
1,0.6364415802765644,1
1,0.9970635180317368,1
0,0.07558750809023235,0
1,0.9913329423798252,1
1,0.828471124561933,1
0,0.7751632264654175,1
0,0.025344137403918648,0
1,0.6774860844557258,1
1,0.37947205540060513,0
0,0.009602187116544755,0
1,0.9969667111207408,1
1,0.8235524201092295,1
0,0.6983738230759264,1
0,0.07249960044317859,0
0,0.5489497027392325,1
0,0.18798952302251595,0
0,0.37843174657673834,0
0,0.03352531978335946,0
0,0.5097536011484923,1
0,0.10945610907457368,0
0,0.0308545742196045,0
1,0.9972244018631552,1
0,0.29535222922303306,0
0,0.5600415579710695,1
0,0.029116325408369108,0
0,0.18957595789277815,0
0,0.07852120664533149,0
1,0.7834160928247841,1
1,0.9841255559223185,1
0,0.0502091259218366,0
0,0.6336889351070778,1
0,0.13617085938691134,0
1,0.931178419303358,1
0,0.0024140866922242768,0
1,0.6470558620597001,1
1,0.9958419589887405,1
1,0.8592337460376795,1
0,0.8650988530664956,1
0,0.3491097413482174,0
0,0.20843319667913365,0
0,0.41291180944369,0
0,0.6444202542030999,1
0,0.055620112547936224,0
0,0.03720403042023864,0
0,0.7776912695947655,1
0,0.35935244315439574,0
1,0.9842512102848073,1
0,0.01388383173140508,0
0,0.0047950446696883925,0
0,0.0006655060575136112,0
0,0.015848374067928404,0
0,0.03378686487278718,0
0,0.2771037714020205,0
0,0.01006606558758362,0
0,0.9086923714243771,1
0,0.8499562624258604,1
1,0.6218295421739166,1
0,0.09366796559460429,0
0,0.4131408585449451,0
0,0.3794747306983824,0
0,0.5072237166923352,1
1,0.9974765012413189,1
0,0.005525178319174621,0
0,0.30753406386480525,0
0,0.018634255530942504,0
0,0.0023914252294940873,0
1,0.7919535274986492,1
1,0.9989073995271888,1
0,0.036308715731459856,0
1,0.9985803842915368,1
0,0.011135400043403158,0
0,0.02735151137179804,0
0,0.29550440161313535,0
1,0.8925117887284423,1
0,0.019313628829898743,0
1,0.8404953011519177,1
1,0.9322083336421763,1
0,0.003695665373770052,0
0,0.10489145446775344,0
0,0.35433232982101165,0
0,0.03381824147305339,0
0,0.012201418718744441,0
0,0.04336880356505946,0
1,0.8403782617149788,1
0,0.003533911410306989,0
0,0.1720145642686464,0
0,0.8578964049890544,1
0,0.002193246821610762,0
0,0.012306556453850056,0
1,0.5488429564487154,1
0,0.6127996757823602,1
0,0.4490218336806707,0
0,0.004261687932159693,0
1,0.20651984997983724,0
1,0.07874985293015203,0
0,0.0029459333161552495,0
1,0.9950588974387169,1
0,0.003962405639633933,0
0,0.022532431027107242,0
0,0.8715232692847057,1
0,0.4833285554246654,0
0,0.041797160794938226,0
0,0.30351298584108366,0
0,0.874599595242605,1
0,0.01971107230894489,0
1,0.8804799980951374,1
1,0.9981709724762062,1
1,0.3762847280311062,0
0,0.3803007422313831,0
1,0.32953388348627466,0
0,0.7812514972997859,1
0,0.008319564128002941,0
0,0.026691361021163755,0
0,0.19647899374179267,0
0,0.07680801260210629,0
1,0.6951453372706764,1
0,0.0011564792829550459,0
0,0.005882296402492104,0
0,0.015897971571277758,0
0,0.48885822996014755,0
0,0.0037812735908580963,0
0,0.16442270997638075,0
0,0.00932006978006951,0
0,0.03261851408043219,0
0,0.04031370151153647,0
0,0.6786908486067518,1
1,0.5319390538899854,1
0,0.16987034291372322,0
0,0.06427438802880191,0
1,0.9978875907896396,1
1,0.761016167391146,1
0,0.032099897012398064,0
0,0.13564450674093553,0
0,0.029297152986676223,0
0,0.8696577797355762,1
0,0.2324092784791457,0
0,0.0037416265734001833,0
0,0.00376858920394855,0
0,0.3178106793139879,0
0,0.26184254074746516,0
0,0.0011968470611625533,0
0,0.07643964399471716,0
0,0.03428679867397596,0
0,0.04213874844818053,0
1,0.08109063426727928,0
0,0.5255757539784588,1
1,0.9982247607517778,1
0,0.9117970777621697,1
0,0.029084255145654464,0
1,0.9979971495841202,1
0,0.14896667719843631,0
0,0.17257911819854987,0
0,0.325376580917819,0
0,0.01592387652677308,0
0,0.0010008793998205231,0
1,0.9233351648085174,1
0,0.6063575925704762,1
0,0.02457775277869582,0
1,0.8782261151472098,1
0,0.46076221033000514,0
0,0.017321735329478487,0
0,0.3002009714606981,0
0,0.11450587862427798,0
0,0.0030374510967225276,0
0,0.04135275735107154,0
0,0.47024691077113234,0
0,0.11192680161734966,0
0,0.20050742329028204,0
0,0.28157536104435,0
0,0.05201995663426674,0
1,0.6515185655191296,1
0,0.21649636653933804,0
0,0.0034103478165491614,0
1,0.998604561529188,1
1,0.8977166580457309,1
0,0.4816746716691486,0
0,0.025220332427636067,0
0,0.0191538140334138,0
0,0.025865842151735815,0
1,0.6925509813026752,1
0,0.6075706831036461,1
0,0.008339967798251002,0
1,0.983220395496443,1
0,0.24726122064121905,0
0,0.01805970517023073,0
0,0.05182203091602667,0
0,0.701643161023111,1
0,0.011460297960947358,0
1,0.8671698905994294,1
1,0.8959984332674545,1
0,0.008620480916655212,0
0,0.0013484133328745646,0
0,0.07418075921747691,0
0,0.003304336733111844,0
0,0.01997058371623013,0
0,0.2659909520995507,0
0,0.7622025524955565,1
0,0.0021380090634633446,0
0,0.10063828059954431,0
0,0.4793156570401727,0
0,0.0012924799278285926,0
0,0.403460032362294,0
0,0.606912739823436,1
0,0.023052258350874235,0
0,0.006806909515789595,0
0,0.05201461482712773,0
0,0.026495161145221064,0
0,0.17800269762541998,0
0,0.012182746797494206,0
0,0.18045343788493146,0
0,0.4127155183111703,0
1,0.09524600269876188,0
0,0.0016780976857059462,0
0,0.0012116337905241123,0
0,0.03805508187300938,0
0,0.614289197703319,1
0,0.2038383183065057,0
0,0.033530110712740056,0
1,0.9985802172061128,1
0,0.025765785390299296,0
0,0.07418591064959032,0
0,0.27160829419170374,0
0,0.006488550955202773,0
0,0.544964354639258,1
0,0.0065791484985619555,0
1,0.8131757200405406,1
0,0.017960463384385464,0
1,0.9922832242868729,1
0,0.018960771510419947,0
0,0.6413447683860358,1
0,0.8196725897098993,1
0,0.6559638306046304,1
1,0.8742376719574441,1
0,0.01700111979848275,0
0,0.20285495805726175,0
0,0.008414058423213034,0
0,0.8945807388751517,1
0,0.009168302408918493,0
0,0.2650896121247503,0
0,0.01551889673663369,0
0,0.02350345375309389,0
0,0.06391762477030573,0
0,0.026996801035576102,0
0,0.17811644429748164,0
0,0.2944452383451919,0
1,0.9927508302552305,1
1,0.6838904521240625,1
1,0.8630014336669679,1
0,0.09982968106463698,0
0,0.06296702160444552,0
0,0.9018117537537957,1
0,0.022749131298660723,0
0,0.15412198248685527,0
0,0.09522231969706298,0
0,0.056949949315268,0
0,0.18481666968727226,0
0,0.2924764826911964,0
0,0.011098180571366655,0
0,0.7807908596812932,1
0,0.070254041812873,0
1,0.9985260905821924,1
0,0.4009905741333283,0
0,0.25015957331304634,0
0,0.0055707727853596765,0
0,0.0010213048069672565,0
0,0.002804856722631162,0
0,0.14426451712404834,0
0,0.7874824352007141,1
0,0.14183682392572358,0
1,0.5321087082114081,1
0,0.03934822052136493,0
0,0.006081160001413039,0
0,0.6518356673705732,1
1,0.998916649999256,1
0,0.8730306559110222,1
1,0.819426822052892,1
0,0.6048998078699892,1
1,0.35622402739222664,0
0,0.03548660970076933,0
0,0.11627243344771272,0
0,0.0032762625772384977,0
0,0.10720735473053451,0
0,0.026665568922536652,0
0,0.5475083205414644,1
0,0.02368320664660015,0
0,0.24024769054297565,0
0,0.19175040059678425,0
1,0.9985293599023174,1
0,0.0015402900273874924,0
0,0.008851217356081383,0
0,0.005551624845777592,0
0,0.05243419709933328,0
0,0.12891977199169002,0
1,0.9152091598702948,1
0,0.8251749791611851,1
0,0.08501403429636796,0
0,0.037079791736987534,0
0,0.3215169307875746,0
0,0.38247893891614976,0
0,0.0030616662684110367,0
0,0.028173068944592136,0
0,0.06592183858032968,0
1,0.9334469772738115,1
1,0.087031935951196,0
1,0.7920081671350115,1
0,0.036531405283732096,0
0,0.03729711162145169,0
0,0.019718193684330112,0
0,0.3529431942125854,0
0,0.8369944716948912,1
0,0.19509431357882068,0
0,0.0036196861038888155,0
0,0.06863874345604103,0
0,0.16262588448936555,0
0,0.06454309792839018,0
0,0.6431089157404929,1
0,0.358839958218331,0
0,0.13331613659370287,0
0,0.010844612006951294,0
1,0.9974928027086621,1
0,0.5710348893295736,1
0,0.3037189987171397,0
0,0.19096711193477647,0
0,0.01741519741186187,0
0,0.07989927375933951,0
1,0.9916936494763453,1
0,0.0744477037308655,0
0,0.730410389410061,1
0,0.0014985256522170544,0
0,0.008771256869580074,0
1,0.8597514561563309,1
0,0.026693967554084052,0
0,0.02562510590191918,0
0,0.008202209511080204,0
0,0.08302126868160484,0
0,0.022228275890395843,0
0,0.669860296872833,1
0,0.6263705519599774,1
0,0.009833179374958801,0
1,0.9009581432413926,1
0,0.005393904942528759,0
1,0.7984273626547571,1
0,0.016199273176575407,0
0,0.00209056243259965,0
0,0.6261693026921327,1
0,0.001071426692489631,0
0,0.7168318987416709,1
0,0.3080505603761022,0
0,0.05197622145494139,0
0,0.7734175806677802,1
0,0.2723657820655021,0
0,0.26558024665922764,0
0,0.6784399248103987,1
0,0.04894781600455911,0
0,0.054639391775887954,0
1,0.9453455966373357,1
0,0.006044344316649279,0
0,0.025945372533422006,0
0,0.07981604321998438,0
0,0.201816569869093,0
1,0.40843812367869586,0
0,0.033707216948300686,0
0,0.08370449727173629,0
0,0.03913787354653482,0
0,0.0322419052396769,0
0,0.008705685177473782,0
0,0.00147127660962217,0
0,0.14304542227425837,0
0,0.46408557048077903,0
0,0.004083238240134242,0
0,0.06099587131983783,0
1,0.9966471151821047,1
0,0.059821477181021515,0
0,0.6139460478380439,1
0,0.007615803984596708,0
0,0.7106178813582039,1
0,0.027403262865376907,0
0,0.011180582470954778,0
0,0.11075917740925008,0
0,0.1239982683931246,0
0,0.14198593362012205,0
1,0.9985770456697294,1
0,0.013535103876038705,0
1,0.7441648377730845,1
0,0.022856931156765594,0
1,0.6703598938203188,1
1,0.9119556412394979,1
0,0.00760900264676343,0
0,0.3936628043708089,0
0,0.0028250017657299514,0
1,0.84011494915017,1
0,0.05476646114841734,0
0,0.7872622066341979,1
1,0.5181019542327882,1
1,0.7637861233608222,1
1,0.9899042154130385,1
0,0.8296351614073878,1
0,0.002220244336167467,0
0,0.05209226858715997,0
0,0.0031625323879132397,0
1,0.4097356447322668,0
0,0.19461380579288345,0
0,0.16603515407539174,0
0,0.03405329142533117,0
0,0.46648182988439135,0
0,0.8061143082204466,1
1,0.9787821212286244,1
0,0.037059172660486125,0
0,0.2246580461004262,0
1,0.16807658672978668,0
0,0.1699427661977006,0
0,0.6545470892350546,1
0,0.003618019338110522,0
1,0.7732768028717298,1
0,0.04089509306708206,0
0,0.007042781751639788,0
0,0.033386381082010294,0
1,0.6231312156391532,1
1,0.8996792422175266,1
0,0.12859030761267676,0
1,0.6093962062451977,1
0,0.20388354237344358,0
0,0.23299727263653627,0
0,0.04356558070408929,0
0,0.0018664955080251837,0
1,0.9978236759959244,1
0,0.031127863470372587,0
0,0.600907896085002,1
0,0.6890987080091835,1
1,0.2557260794881062,0
1,0.9956386105486276,1
0,0.12185429375361669,0
1,0.9979951613531162,1
0,0.1601615893411149,0
0,0.6523717250577015,1
1,0.8791137466426618,1
0,0.11001710723083503,0
1,0.8167898520621892,1
0,0.39338437479431837,0
0,0.6578911239266492,1
0,0.005169182899277809,0
0,0.3056604149256924,0
0,0.015993938608870783,0
0,0.013559718021941065,0
0,0.13184412405805207,0
0,0.02125887453741009,0
0,0.04399962067575264,0
0,0.016226802865071974,0
0,0.0023197561319996006,0
1,0.9977832591523527,1
0,0.15560668460334592,0
0,0.005942646679278349,0
1,0.8743212531933463,1
1,0.878826724910729,1
0,0.035257119673169815,0
0,0.1541541085247112,0
0,0.24165600551475164,0
1,0.7712914107699677,1
1,0.8052492654606095,1
1,0.9875105517674382,1
0,0.8315177919430468,1
0,0.5456743624912864,1
0,0.10569631883782142,0
0,0.4801235435437994,0
1,0.9984322949740508,1
1,0.8934095795208409,1
1,0.9970665634122373,1
0,0.027076485086921332,0
1,0.9165105729993742,1
0,0.07248276014945274,0
0,0.15972697566018196,0
1,0.3964562489166082,0
0,0.7233768248962674,1
0,0.6986687808682355,1
0,0.12463928008182011,0
0,0.0481972719611177,0
0,0.01834133513798919,0
0,0.03196211323698295,0
0,0.7152275206034321,1
0,0.014033360288776196,0
0,0.7329936741141326,1
0,0.6463682711590218,1
0,0.9441017029428822,1
0,0.18264130187489966,0
0,0.033633112140477886,0
0,0.3634599646762358,0
0,0.007360027291061251,0
0,0.04481700306661477,0
0,0.4711519003299818,0
0,0.09731623682508263,0
1,0.8566325182671253,1
0,0.43686030599973885,0
0,0.764166718982792,1
0,0.01952569681588677,0
0,0.058727585836710755,0
0,0.1140129777112385,0
0,0.0027465396277751267,0
0,0.03615731286707856,0
0,0.0018308758836033591,0
0,0.6380196827754012,1
1,0.9891728952390625,1
0,0.39454684526390005,0
0,0.06109176757374936,0
0,0.30872109720944385,0
0,0.15698800934803067,0
1,0.7229864591052038,1
0,0.057690539516245275,0
0,0.34086267356416444,0
0,0.0031672019567636003,0
0,0.7041862695577724,1
1,0.4224910488670829,0
0,0.11158504693480402,0
1,0.8004248705264486,1
0,0.036935005059005155,0
1,0.5172333438176909,1
0,0.10384319763963698,0
0,0.18777772916396857,0
0,0.7456877309214691,1
1,0.759125693066875,1
0,0.00449422354468242,0
1,0.6946675344568752,1
0,0.006888517865433009,0
0,0.2436296066311219,0
0,0.04807988012913885,0
0,0.008360402300346473,0
1,0.3962560868149941,0
0,0.08411955452743955,0
0,0.038959881388293996,0
0,0.7987540072457857,1
0,0.198169600572615,0
0,0.6008808535154957,1
0,0.10843843309952665,0
0,0.05740706659320829,0
0,0.052303127346680786,0
1,0.6151822097734786,1
0,0.6959367159836131,1
0,0.006913100577436145,0
1,0.6909062461860579,1
0,0.008516822761297017,0
0,0.02845647354823054,0
0,0.0020908710462140033,0
0,0.11046864291152635,0
0,0.007517171580106478,0
0,0.08566169407084666,0
0,0.682401205109267,1
0,0.04866709352236915,0
0,0.0027153971078349446,0
0,0.14912395944254198,0
0,0.01567672156711961,0
1,0.8829943860623057,1
0,0.6472781207492787,1
0,0.6300179169515339,1
0,0.5946263081577824,1
1,0.7693333444003071,1
0,0.0012665050588802703,0
0,0.5464294546037748,1
0,0.0539527788453294,0
0,0.009459185423206945,0
1,0.8485451434024653,1
0,0.23184924005211405,0
0,0.26847585660474077,0
0,0.07722905384429953,0
1,0.9055364332997713,1
1,0.9613944497445296,1
0,0.7946551859402341,1
0,0.8254210385234217,1
0,0.49575617662103755,0
0,0.31692304532939797,0
0,0.05499157349126135,0
0,0.239264331491656,0
0,0.3561784898236686,0
0,0.0021639568941887754,0
0,0.02778711299763843,0
0,0.6276522139739295,1
1,0.630081732261092,1
1,0.8435908489926449,1
1,0.8977166580457309,1
0,0.01970546246953187,0
0,0.8936373766599583,1
0,0.014212955938951345,0
0,0.0849800260216342,0
0,0.3588757165459314,0
0,0.13226501148447253,0
0,0.12316007674223768,0
0,0.07719285947605241,0
0,0.008435605691266718,0
0,0.22905267196844412,0
0,0.001945019527598211,0
1,0.7850428269120877,1
1,0.4786540590085718,0
0,0.9219023979986347,1
0,0.07986530865684557,0
0,0.02272637526810528,0
1,0.3880127858205164,0
0,0.021979893929019802,0
1,0.4645139262172194,0
1,0.590238557180932,1
0,0.41117874152857203,0
0,0.030937453987316756,0
0,0.03267912962857982,0
0,0.0026384965630670614,0
0,0.6973385392705663,1
0,0.024854850095437805,0
0,0.7665454095559183,1
0,0.004178382122685384,0
0,0.6595731991245635,1
0,0.02517454701414673,0
1,0.5442320841584258,1
0,0.13400912898363415,0
1,0.9753088477449995,1
0,0.18327668862287352,0
0,0.014289673513658185,0
0,0.015257793256290344,0
0,0.00398160600848868,0
0,0.03832769694585854,0
1,0.8905724055968416,1
0,0.005327761055416085,0
1,0.8164005283357394,1
1,0.5560309692851727,1
1,0.8832768521464897,1
1,0.7270815184435999,1
0,0.03851921810504553,0
0,0.01842463329766276,0
0,0.3480133810817863,0
1,0.9395156311471552,1
0,0.0039512007538913905,0
0,0.5869637568077068,1
0,0.47284962658850904,0
0,0.09103599309147262,0
0,0.005893186195410422,0
1,0.6607269723755336,1
0,0.0003378535793382759,0
0,0.11135298788024335,0
0,0.011707615477174157,0
0,0.29232051319201235,0
1,0.6994924308260039,1
0,0.2682663529623196,0
0,0.003932396738893997,0
0,0.01397727955818174,0
1,0.9980746714088777,1
1,0.9990162777676131,1
0,0.12290713521270356,0
0,0.0861367357846777,0
0,0.8719690974535627,1
0,0.13777975245541937,0
0,0.11883583053178291,0
1,0.9953438426364328,1
0,0.0064485757134211145,0
0,0.08384701492860959,0
1,0.5433784791545669,1
1,0.9919381453524043,1
0,0.09543447422767479,0
0,0.44643148897097834,0
0,0.028701469352625915,0
1,0.8831802102823519,1
1,0.843871754493886,1
0,0.02178736155758972,0
0,0.27974251960612784,0
0,0.032411144061518446,0
0,0.22684721549738865,0
1,0.9990014298144284,1
0,0.11311676277564989,0
1,0.8615707889115479,1
1,0.8481447462400202,1
0,0.005216742882206811,0
0,0.19951999358744904,0
1,0.6841070003474152,1
0,0.8004880386534653,1
0,0.05240388480674447,0
1,0.5206055081468642,1
0,0.04169992115715685,0
0,0.21953286212706474,0
1,0.3897534823041616,0
1,0.7905640653060344,1
0,0.056507666228492535,0
0,0.54382400908874,1
0,0.03285015709370518,0
0,0.039666810314479994,0
0,0.015248884245234885,0
1,0.6678285458668365,1
0,0.03365567990010827,0
0,0.007202256864802981,0
1,0.9975165701168266,1
0,0.004546320109155587,0
0,0.19518388015780236,0
0,0.6602792662563373,1
1,0.79696275359258,1
0,0.021403570396070444,0
1,0.982329427324035,1
0,0.040535920406214176,0
0,0.011989733679709864,0
0,0.07049474902036643,0
1,0.8741992701082056,1
0,0.2882000589820344,0
0,0.11491770098435844,0
1,0.7983652721193454,1
0,0.0051480838409042155,0
0,0.1324978576753553,0
1,0.9978205250607172,1
0,0.04678382740042289,0
0,0.010436564918987697,0
0,0.001442982796425394,0
0,0.6670278766885951,1
1,0.9158264914136858,1
0,0.026118513832810105,0
0,0.6525980842879775,1
0,0.32399224392553166,0
0,0.079211547518787,0
0,0.2073227012581729,0
1,0.6456294646406856,1
0,0.41059664671264434,0
1,0.4124637790797545,0
1,0.993029787868404,1
0,0.005340557833847408,0
1,0.9965752885642492,1
0,0.5394979207940593,1
0,0.7613207224848592,1
1,0.874728329327722,1
1,0.3311879620692382,0
0,0.5198927028824697,1
0,0.01111767651829506,0
0,0.6589817812585135,1
0,0.04411294020206912,0
0,0.017841697343825434,0
0,0.010718437802463489,0
0,0.07482121557043657,0
0,0.000872247915527331,0
0,0.05212559616230525,0
0,0.11097801062993685,0
0,0.623902986684866,1
0,0.004565164240779797,0
0,0.008996511964294806,0
0,0.15035044223109456,0
0,0.13936070520109722,0
0,0.017347269009951597,0
1,0.9963661576402592,1
1,0.8229933610823529,1
0,0.0011806294460141944,0
0,0.7388313710520369,1
1,0.5353286964207488,1
0,0.013182106622710634,0
1,0.9977526574486296,1
0,0.01328923371601618,0
0,0.06396441880918848,0
0,0.015401028612690151,0
0,0.8798825606366728,1
0,0.034284410636634254,0
0,0.0553996093234262,0
0,0.06657777860129573,0
0,0.28851242129832994,0
0,0.014658195888085002,0
0,0.040221177193692476,0
0,0.1876164235452597,0
0,0.4520448444440973,0
1,0.7395281192070355,1
0,0.02566532124681299,0
0,0.0006884972439453162,0
0,0.016310682089325033,0
1,0.8350128780260758,1
0,0.04348650114811403,0
1,0.6638476967964831,1
0,0.07051704040837463,0
0,0.3877777996249491,0
0,0.003578014869077111,0
0,0.0015007899894671464,0
0,0.4945130827794454,0
0,0.19251926759218857,0
0,0.07476970068102148,0
0,0.40367531338752627,0
0,0.06472097026280318,0
0,0.13500011013680796,0
0,0.007082749047009045,0
1,0.8968205904927053,1
0,0.0054289363520464515,0
0,0.621513877683839,1
0,0.1633943356501389,0
1,0.7693376687692663,1
1,0.7599070095666527,1
0,0.761241501179654,1
1,0.8304886128913604,1
1,0.962573382879715,1
0,0.8517376514786451,1
0,0.018172169417279543,0
0,0.8825533205066772,1
0,0.1858067761497963,0
0,0.03668789257902053,0
0,0.8438689636586885,1
0,0.0012219746887872241,0
0,0.002306404974434428,0
0,0.061786928361770306,0
1,0.5816796473014363,1
0,0.4586074969468329,0
0,0.7623378866384447,1
1,0.7948140133083639,1
1,0.7456218407231876,1
0,0.6490164132925991,1
0,0.1766950852862951,0
1,0.15483046014191837,0
0,0.019764462621397097,0
0,0.39098886701729135,0
0,0.016250322414146746,0
0,0.571145336846129,1
0,0.4479096846451654,0
0,0.03146292289870574,0
0,0.013790670092208366,0
0,0.001009996452262184,0
0,0.8388777746532448,1
0,0.5865591286942823,1
0,0.1462574164147124,0
1,0.8940564982146164,1
1,0.8798891545220419,1
0,0.06481079455644993,0
0,0.06534473409125398,0
0,0.015075018234131982,0
0,0.041640176629802274,0
1,0.6795450169866517,1
1,0.6571072416553824,1
0,0.610624370368972,1
0,0.01659505326362055,0
0,0.020489899097895007,0
0,0.7433490321238148,1
1,0.9932102780233011,1
1,0.9970054443878726,1
0,0.020043835210887883,0
1,0.7016154313650526,1
0,0.07070755285721483,0
0,0.007411919060650075,0
0,0.4677836428997307,0
0,0.02642454921796056,0
0,0.06551756936803652,0
0,0.8118432089421682,1
0,0.3363319866911385,0
0,0.09773583008985494,0
1,0.30095938217007157,0
1,0.866226027325561,1
0,0.16144995531259784,0
1,0.9953742215225073,1
0,0.35868384043351187,0
1,0.983943138097517,1
0,0.8482760391234802,1
0,0.0007349689181040523,0
0,0.06868188106708517,0
0,0.10546838356217306,0
0,0.1082824343978576,0
0,0.13907759130330988,0
1,0.8180307943760382,1
1,0.7639818604448508,1
0,0.0023104814920296237,0
0,0.0018378935757065117,0
0,0.1881454513120721,0
0,0.6204474054582035,1
0,0.2384143052053524,0
0,0.007320168677935845,0
1,0.8954439282416203,1
1,0.8300922379205221,1
0,0.16950424861170887,0
0,0.6278988782804084,1
0,0.093485948598671,0
0,0.028609700951131568,0
0,0.07374148256853391,0
0,0.012709574054260663,0
0,0.7562611664420447,1
0,0.013901658462975199,0
1,0.5485320230894192,1
0,0.6979428303507784,1
0,0.034123423272584656,0
0,0.017180794907275008,0
0,0.4143282172890779,0
1,0.9988645149708124,1
0,0.001124135919569454,0
1,0.8191717540941984,1
0,0.07280438162781706,0
0,0.02787342196233533,0
0,0.07281880445830415,0
0,0.00047893310758201406,0
1,0.9223829477434828,1
1,0.9022476006401869,1
0,0.038286071360741816,0
1,0.28479033271817566,0
1,0.9979607871658105,1
1,0.8009381318423764,1
0,0.009476811598669657,0
0,0.010534027839782472,0
0,0.006074913560168206,0
0,0.06495893568558186,0
0,0.0519585758110445,0
0,0.1995668617983607,0
0,0.7695891947504059,1
0,0.0032447003838143415,0
1,0.8522378495778173,1
1,0.86932013322152,1
1,0.8233752334847395,1
0,0.3528898428739289,0
0,0.18522808382732245,0
0,0.5612112929563938,1
0,0.22027846076514293,0
0,0.9041535731686918,1
1,0.9983018615103074,1
0,0.17458271097912384,0
0,0.823333278826813,1
0,0.0008373961920936556,0
0,0.12629590079310032,0
0,0.6180930193350027,1
1,0.9652058739975741,1
1,0.8757482815935219,1
0,0.8538600109048659,1
0,0.04181050028297581,0
0,0.03440444646919203,0
1,0.9801749171529189,1
0,0.07488598397684844,0
0,0.5926385262861706,1
1,0.9812058109847064,1
0,0.34387204542135524,0
0,0.911324435594319,1
1,0.8015261652075676,1
0,0.11223481854116439,0
0,0.5350266728020621,1
0,0.03229120850746657,0
0,0.05153017227183029,0
0,0.23420349916246316,0
1,0.6088655209290629,1
0,0.0064043287534757045,0
0,0.2344336174785161,0
0,0.004211475262048804,0
0,0.002163185760732761,0
0,0.023150587295680192,0
0,0.004491424114338352,0
0,0.4289270406286328,0
0,0.04222628914384802,0
1,0.651017874336932,1
1,0.5451931048041938,1
0,0.4283095627575183,0
0,0.04781798574666245,0
1,0.8809354688449516,1
0,0.8213049766868774,1
0,0.015656249824977063,0
0,0.01022428884710374,0
0,0.7177393329842924,1
0,0.5010001282441181,1
1,0.7157831580881564,1
1,0.9953313318831586,1
0,0.024364932125790675,0
0,0.441035900274054,0
0,0.48281825310801163,0
0,0.37563463577967265,0
1,0.03612812871438384,0
0,0.0017312705476386395,0
0,0.6121446994660994,1
1,0.7478979783050651,1
1,0.9981747355882893,1
0,0.0609393480996039,0
1,0.9982508823992324,1
0,0.029320724837282108,0
0,0.03248057889870833,0
1,0.8210819781597145,1
0,0.00843423390805414,0
1,0.9897874300126899,1
0,0.009437432494272988,0
1,0.6433631654146622,1
0,0.01384148110167119,0
1,0.8647010299673618,1
0,0.6702828186812607,1
1,0.9817002498801893,1
0,0.12710945532087595,0
0,0.8815317242843222,1
0,0.028711856811346078,0
0,0.5657049283314788,1
0,0.09743793262298305,0
0,0.5857591092122931,1
0,0.35487629226928596,0
0,0.03739287834247801,0
0,0.06405888096884778,0
0,0.015417036305731407,0
0,0.10698506979189308,0
0,0.007889769400566873,0
0,0.042932591107688114,0
1,0.6600934467169844,1
0,0.15844496549850268,0
0,0.9463548451675349,1
0,0.10531024441834518,0
1,0.9731339193176413,1
1,0.9956893264826547,1
0,0.0046608039046314295,0
1,0.6605158439290832,1
1,0.15998503147441126,0
1,0.9409953089192008,1
0,0.1031176810547832,0
1,0.9987689919522312,1
0,0.21818810702876962,0
0,0.23299817855703786,0
0,0.36215304301334,0
1,0.5587552828343609,1
0,0.05625023206416541,0
1,0.9992492024681979,1
1,0.7786046939789534,1
0,0.23145961785449318,0
0,0.10480041237381676,0
0,0.4224849279302066,0
1,0.6716842016346916,1
0,0.12058678175811766,0
1,0.5732033767208965,1
1,0.6875550806555861,1
0,0.04545229436463223,0
0,0.0011712296057713003,0
0,0.6693175510132328,1
1,0.9984252952301185,1
0,0.012511584559505804,0
0,0.527806492744887,1
1,0.9964284440826227,1
0,0.1847249379578317,0
0,0.07526476288173399,0
0,0.0046076713167916925,0
1,0.7700850599182255,1
0,0.09347299789353615,0
0,0.5707556014724653,1
1,0.9849054264214547,1
0,0.1099470252312259,0
1,0.007855491752091458,0
0,0.0553743672799384,0
0,0.5209159687434435,1
0,0.008925252341043605,0
0,0.0066053387762299584,0
0,0.3841766852227134,0
0,0.05320252741989905,0
1,0.8756283936253044,1
0,0.4441626896773673,0
0,0.016910955894323128,0
0,0.0012229154113149391,0
0,0.39163050875525923,0
0,0.7920331256796067,1
0,0.11009734380195163,0
1,0.752176565175744,1
0,0.0021546709997781175,0
0,0.024607935867813027,0
0,0.4396090056078212,0
1,0.5949422534210763,1
0,0.49112934678991155,0
0,0.0029441711599348342,0
0,0.010694132198460654,0
1,0.6284488342144738,1
0,0.2641513492876804,0
0,0.08011544151690825,0
0,0.33399642480480857,0
0,0.021303723769911007,0
0,0.14622936969346784,0
0,0.01284984930419503,0
1,0.608308758983653,1
0,0.11627688597529977,0
1,0.6312475579295747,1
0,0.27125326847742054,0
0,0.8743067217969592,1
0,0.005835512617455264,0
0,0.002813849352369177,0
0,0.5164882978499558,1
1,0.8053376518257536,1
0,0.7092977376986376,1
0,0.1566608314564209,0
1,0.977818796975847,1
0,0.013872992714411801,0
0,0.011314693289697815,0
0,0.03775066061051873,0
1,0.7933695657201681,1
0,0.10622398709037603,0
0,0.7099515115520331,1
0,0.03096618970975904,0
0,0.07082630996058371,0
0,0.6953655437929868,1
1,0.997543778377119,1
1,0.5746254537305543,1
0,0.011485513128456425,0
0,0.0014038274834136358,0
0,0.006067960579216374,0
1,0.6474768917419078,1
1,0.9254686970654726,1
1,0.9870609539548135,1
0,0.0020348338230632944,0
1,0.5813785916686741,1
0,0.4181635160387512,0
0,0.19332342267596866,0
0,0.5862751700069826,1
0,0.002001938362563481,0
1,0.49057150915503767,0
0,0.009164509062398173,0
1,0.816039889063399,1
0,0.004450783249551376,0
0,0.01759468792977185,0
0,0.2779821966527845,0
1,0.8958026161036671,1
1,0.7608329210744352,1
0,0.043663495273831676,0
0,0.19928326281058714,0
0,0.00289823697310509,0
0,0.30289812549383577,0
0,0.4942776403880886,0
1,0.9765748803705291,1
1,0.9981988683368391,1
0,0.12041613023877079,0
1,0.7694100196889658,1
0,0.06922076367679239,0
0,0.665630567437275,1
0,0.060894095360221084,0
1,0.9863301174255404,1
0,0.02575452252689564,0
1,0.7337564134578395,1
1,0.9215256401216887,1
0,0.2727693305921484,0
0,0.08931099412103018,0
0,0.08768190771100003,0
0,0.0024588675904399734,0
1,0.9910897898474617,1
0,0.2581086852661256,0
1,0.9985249678020095,1
0,0.0034209673599348836,0
0,0.009132967011182509,0
0,0.04710010652219891,0
0,0.005260503301327986,0
0,0.036867029166903806,0
0,0.028099995464541856,0
0,0.02804515745822117,0
0,0.11069788130187405,0
1,0.39356355804690857,0
1,0.8566757045875019,1
0,0.11656057204602402,0
0,0.0025760390857929626,0
1,0.8539520921128408,1
0,0.4196689397830122,0
0,0.38042382797425034,0
0,0.0021528940230772036,0
0,0.015334519413734163,0
0,0.1019087684911406,0
0,0.33350958216948545,0
1,0.7631819667078518,1
0,0.1877279759139196,0
0,0.1304282551249035,0
0,0.8105737954609396,1
0,0.2550797208978935,0
0,0.05875910520863681,0
0,0.08969301476329072,0
0,0.04759348647117702,0
0,0.3131361498131359,0
0,0.043710865852538715,0
0,0.1873428571796643,0
0,0.03106967989871431,0
0,0.0045175555419569545,0
0,0.06602312538495024,0
0,0.18667844974213602,0
0,0.010598052770581812,0
1,0.7593056919766257,1
1,0.5848834756346176,1
0,0.08658398876313203,0
0,0.14081978051837796,0
0,0.017261560408749547,0
0,0.18887603275785853,0
0,0.0029950309316553268,0
1,0.7893712823775839,1
1,0.8703049270860702,1
0,0.018303222756468798,0
0,0.06757631548547463,0
0,0.002258729974953185,0
0,0.24555514970835368,0
0,0.002238691777392308,0
0,0.7254359136833033,1
0,0.0014711384587098766,0
1,0.8294569686339702,1
1,0.9978373133311478,1
1,0.6688105070339966,1
1,0.9986409316994905,1
0,0.003804673161275256,0
0,0.25286681808440387,0
0,0.020184698962019305,0
0,0.03670850213176074,0
0,0.03274368019211276,0
0,0.027300719860512565,0
1,0.8448745635694768,1
0,0.010583854061753679,0
0,0.5291954849873528,1
0,0.6945440429187449,1
1,0.8773075431422216,1
0,0.0051878837466251175,0
1,0.7679743593006161,1
1,0.7137786671979703,1
1,0.8345389233037835,1
0,0.2938558289075337,0
1,0.7532932339487398,1
0,0.2126565205552508,0
1,0.036669605848803036,0
0,0.9530963082045597,1
0,0.041045997160766755,0
0,0.5696585240508861,1
1,0.9385217618041612,1
1,0.21591026807536084,0
0,0.5543090459472754,1
0,0.21444381239516652,0
0,0.028062934240377552,0
0,0.12941912994161753,0
1,0.6708534620014605,1
1,0.9984841704909696,1
1,0.9981114997746087,1
1,0.7363368979993006,1
1,0.9948287751645257,1
0,0.18745759832396644,0
1,0.6942604749225461,1
1,0.8714251660028055,1
1,0.7169890573325252,1
0,0.0013214789246871824,0
0,0.6868638109988663,1
1,0.9969020945282319,1
0,0.08203663360910338,0
1,0.6320675227993398,1
0,0.00548475268193536,0
0,0.038969865842916444,0
1,0.8044235459258211,1
1,0.983785701716352,1
0,0.02374934415185054,0
0,0.4288387191837702,0
0,0.033340278542092074,0
1,0.6154084689032894,1
0,0.5416748192218953,1
0,0.4931858168936511,0
0,0.051905246403347094,0
1,0.986392087764794,1
1,0.9163315886779451,1
0,0.5453400108185398,1
0,0.09154102479959611,0
0,0.0011369037532957891,0
1,0.9982614855971649,1
1,0.8519836288737843,1
0,0.010122590429452275,0
0,0.30559257698437586,0
0,0.6571080018188515,1
0,0.2415170989795374,0
0,0.0039957194999808415,0
0,0.06406524949561895,0
0,0.8812504345087542,1
0,0.003970246846077492,0
0,0.042472340185934494,0
0,0.5189881931919891,1
1,0.7556657183194175,1
1,0.9240200586289709,1
0,0.3131502457955979,0
0,0.6014673390296249,1
0,0.007194573906589706,0
1,0.7403181987941083,1
0,0.09027350661602786,0
0,0.005092706121629619,0
1,0.997189856144558,1
0,0.016708458424071405,0
0,0.03087623602924897,0
0,0.4943627346905379,0
0,0.008401089765555791,0
0,0.28649479185043136,0
0,0.0026699609248470885,0
0,0.8523666888452147,1
0,0.17096973948118618,0
0,0.0030999138562949635,0
0,0.005077278099952859,0
0,0.8461852987622585,1
1,0.8335598961157514,1
0,0.013468950856913034,0
1,0.7906813496183165,1
0,0.0025305099632890737,0
0,0.3271381647642342,0
0,0.5247765091952833,1
0,0.6459089255907107,1
0,0.0588976943496026,0
1,0.9993171219342828,1
0,0.012883517310637643,0
0,0.13011192296132199,0
0,0.05939566329862105,0
0,0.7535255914295733,1
0,0.015052425038512226,0
0,0.3298869381083039,0
0,0.07870806196647331,0
0,0.004580673157873043,0
0,0.583493129259977,1
1,0.7037013734977,1
0,0.14814003052382743,0
1,0.8468318320978495,1
0,0.76301700896684,1
1,0.32108554457333366,0
0,0.13682863061665348,0
0,0.009745542600460956,0
0,0.4106077322107597,0
0,0.6258223051416573,1
0,0.284077401248878,0
0,0.5093655285984844,1
1,0.8936697869917132,1
0,0.12988422077547507,0
0,0.015986925951053655,0
0,0.7447416201063786,1
1,0.7544878666762359,1
1,0.998080593002695,1
0,0.3939347936833012,0
0,0.08033891573024743,0
0,0.0036521106763466303,0
1,0.9929621071916561,1
1,0.9903236321607564,1
0,0.47783305993032676,0
0,0.002035846215423867,0
0,0.02121835971865638,0
0,0.007190215150351732,0
0,0.27622682194321774,0
0,0.014031570602150923,0
1,0.9455365578592212,1
0,0.20706650021953413,0
0,0.013253673865194252,0
0,0.16873130216646712,0
1,0.8922554764412163,1
0,0.6903764737901722,1
0,0.06515256343221272,0
0,0.22908526605752208,0
1,0.5111193874121479,1
1,0.9877927923855545,1
1,0.9903428750669846,1
0,0.06840187406250303,0
0,0.7973386381135001,1
0,0.021661861819646522,0
0,0.015709767258932066,0
1,0.10855374815278035,0
0,0.12290524242294126,0
0,0.128753770764986,0
1,0.9609941564267744,1
0,0.29696840280129555,0
1,0.997137589501464,1
0,0.015365677388265268,0
1,0.3512684964005217,0
0,0.06373398581967162,0
0,0.6096834098297114,1
0,0.030366369577023225,0
0,0.03941923453915827,0
0,0.2681213661142885,0
1,0.9490265795160653,1
0,0.10311871193949126,0
0,0.04569657954350471,0
0,0.01802843606803877,0
0,0.023134408380529707,0
0,0.7358127176958775,1
0,0.06162378406160469,0
0,0.2968219673912158,0
0,0.6624999660004276,1
0,0.03493417643094102,0
1,0.4574221699989494,0
0,0.012851042991362204,0
0,0.44316602194342647,0
0,0.014176835941034856,0
0,0.29835719542713907,0
0,0.5470517437850112,1
0,0.09762923899723112,0
0,0.03537759080714615,0
0,0.005581475610482463,0
1,0.23885713077107779,0
0,0.027093661481102548,0
0,0.07711116004455251,0
1,0.9057551154236848,1
1,0.9983130336923826,1
0,0.006011736714908307,0
1,0.9098525289681918,1
0,0.0017272812208241448,0
1,0.7213121764677657,1
0,0.5514564553598917,1
0,0.47278406491492236,0
0,0.494160136729415,0
0,0.03296666307664637,0
0,0.13593019774709034,0
0,0.5914687482292744,1
0,0.04068852473284926,0
0,0.005896833980525029,0
1,0.9956182052739628,1
0,0.0021145383437707337,0
0,0.04741782486405232,0
0,0.010284587898203247,0
1,0.8988666458811914,1
0,0.12117648082391135,0
0,0.07488451826384505,0
0,0.07183236574466759,0
1,0.9984076528295166,1
1,0.7600077197831413,1
1,0.9982312851805709,1
0,0.15732441650672607,0
0,0.05723337225873083,0
0,0.08008373639325382,0
0,0.019425538138024376,0
1,0.7087057848499217,1
0,0.0010810097094846123,0
0,0.04971164997400964,0
0,0.17489002643161855,0
0,0.47021272450828216,0
0,0.16214443768570003,0
1,0.9983789660583363,1
0,0.031123414762736522,0
0,0.06662187775438948,0
0,0.06379332409544305,0
0,0.04248766556289756,0
0,0.12346560502060962,0
0,0.14998166212031058,0
0,0.05544591405519173,0
0,0.08749637037220016,0
0,0.3030962749156337,0
1,0.5261757904454604,1
0,0.20413361927238757,0
0,0.1186806928877957,0
0,0.032204101832648754,0
0,0.0016118638107701859,0
0,0.2717450530736028,0
1,0.988648085978538,1
1,0.7074090546592933,1
0,0.02266199678146271,0
0,0.09946818092526682,0
0,0.0203039965504093,0
0,0.12940790211899753,0
0,0.2901115640142912,0
0,0.4822817619350866,0
1,0.8881801779109554,1
0,0.05551779729904831,0
0,0.20972547449752227,0
0,0.6526335011718092,1
0,0.5199203541298251,1
0,0.006159896811673516,0
0,0.03618459288543059,0
0,0.10933607437758439,0
0,0.7627763421483675,1
0,0.14150153398481233,0
0,0.17544381830086342,0
0,0.08877690791890126,0
0,0.5502308984318046,1
0,0.01530530709741346,0
0,0.3625840434731734,0
0,0.2637146834381029,0
0,0.0011369037532957891,0
1,0.9985727709946268,1
0,0.0030548727637232528,0
0,0.16670383237659328,0
0,0.05699006490039117,0
0,0.007079814841750632,0
0,0.2876145405482584,0
0,0.003427639891081886,0
0,0.25541723259803173,0
1,0.778482416793001,1
0,0.5070434351609521,1
0,0.19179014779980028,0
0,0.02190936525588533,0
0,0.4731210792518157,0
1,0.6293434190748968,1
0,0.4052754370807341,0
0,0.0016889602645751949,0
0,0.01089973028172404,0
0,0.5637997326230966,1
0,0.2659866275524287,0
0,0.005843229340656784,0
0,0.1811133081030753,0
0,0.0013181879484128944,0
1,0.9972011497433536,1
0,0.04213927631150131,0
0,0.6130513556065169,1
0,0.002522336262004574,0
0,0.32747404551760334,0
0,0.40010131803851773,0
0,0.025209489756120702,0
1,0.13844495782477328,0
0,0.03547946862841968,0
0,0.686992840039586,1
0,0.531224210279106,1
1,0.7859613185530587,1
0,0.000562741431552427,0
0,0.4830167538132742,0
1,0.40443353289708034,0
0,0.41540504486697455,0
0,0.6303305223680828,1
0,0.060771173978285964,0
1,0.9574442218109769,1
1,0.6332094276462887,1
0,0.0019315856880320775,0
0,0.3311738381222296,0
0,0.36527453554460465,0
0,0.008023855659729332,0
1,0.937304834296531,1
0,0.7759357577047551,1
1,0.9972235877992046,1
1,0.9078506553776385,1
0,0.707360026516477,1
0,0.1555375218760743,0
0,0.0052422888168824336,0
0,0.0055659777608824176,0
1,0.9689076546802922,1
1,0.6356242354826326,1
0,0.3155232163682727,0
0,0.020601605356474113,0
1,0.8896839371622762,1
0,0.07854935043821587,0
0,0.05523813937453212,0
0,0.8869649633987333,1
0,0.0028465248427123405,0
1,0.9154090726368587,1
0,0.007690433900398958,0
0,0.02134184300687808,0
0,0.563101571959992,1
1,0.7924810730329063,1
0,0.8862835726143196,1
1,0.7183211976469025,1
0,0.06942704210620688,0
0,0.8227144993421692,1
0,0.6114335844320546,1
1,0.6570829133398869,1
0,0.04092697925011577,0
0,0.8329061957445419,1
1,0.3232080897492433,0
0,0.8338508926809567,1
0,0.0014680355660329448,0
0,0.624378663659963,1
0,0.9332266251270066,1
1,0.7395596838740479,1
0,0.029177850883375593,0
0,0.12479642938250048,0
0,0.016376303932549467,0
0,0.0017357752187234835,0
0,0.0011613190090943302,0
0,0.14996157122605197,0
0,0.03327838242842742,0
0,0.004973023158802966,0
0,0.4948212377559028,0
1,0.7259961917179331,1
0,0.1346307937263618,0
0,0.7531531148935464,1
0,0.14273167742855167,0
0,0.06316007632868686,0
1,0.9974807694451612,1
0,0.04841230562201947,0
1,0.6766704882871231,1
0,0.7455583003936641,1
0,0.006869331968870646,0
0,0.3241952906451591,0
0,0.14489513561673104,0
0,0.018548404775364347,0
0,0.015825386842620665,0
0,0.6926688874313679,1
0,0.9237236970133139,1
0,0.5172879204466038,1
0,0.008362982169238947,0
0,0.007768552013957373,0
0,0.0022461783613210913,0
0,0.4895134495136912,0
0,0.002750118649353973,0
1,0.9279026446014853,1
0,0.07469236614132117,0
1,0.9900637831553608,1
1,0.6838372577142051,1
0,0.36030518226460845,0
0,0.015654236796876973,0
1,0.8890923973704528,1
0,0.05374484088385086,0
0,0.10093347269495519,0
0,0.004305840713430347,0
0,0.29342085497751613,0
0,0.19709370620402195,0
0,0.0283480513428436,0
1,0.9940984712213501,1
1,0.8206713536046408,1
1,0.8836896314576145,1
1,0.5964800414680337,1
0,0.055137605847393835,0
0,0.1893657728616036,0
0,0.0015673315813286627,0
0,0.7346263795408704,1
1,0.992331773374793,1
0,0.12334081690541632,0
0,0.6617652691935952,1
0,0.015344425268688053,0
1,0.9330133369078183,1
0,0.12880964473433634,0
1,0.7779491450149826,1
1,0.9806891947647306,1
0,0.5138538076327487,1
0,0.194975057902557,0
0,0.056298091062932897,0
0,0.01599499439663765,0
0,0.05845683068538207,0
0,0.0034108192659187482,0
0,0.7533061957348149,1
0,0.048475163563553136,0
0,0.0022639298250499667,0
0,0.5381914309922613,1
0,0.055477765190564465,0
0,0.16718828695057006,0
0,0.044158304329729156,0
0,0.018635715307267802,0
1,0.9966664392735678,1
0,0.7463378195072717,1
0,0.08186529241159328,0
1,0.48261901977447536,0
1,0.7569972084728581,1
0,0.45043437940339487,0
0,0.5246855940875103,1
1,0.6098983750367163,1
0,0.3013601189926942,0
0,0.0054901014301937745,0
1,0.8599390351300198,1
0,0.24878641529743245,0
1,0.7610276285470394,1
0,0.31544633869775823,0
1,0.3449422241988336,0
0,0.3659138114649707,0
0,0.04457446357279437,0
1,0.5616016102761383,1
0,0.093203115207412,0
0,0.13893664334217862,0
0,0.0257816008850879,0
1,0.9975058715030596,1
0,0.7948003345489411,1
1,0.9917410869790086,1
0,0.5732229312947914,1
0,0.4182203312877513,0
0,0.02098275814870607,0
0,0.8710629542212508,1
0,0.4509380119195028,0
0,0.014364553006306726,0
0,0.0025432708713708026,0
1,0.9903960133382822,1
1,0.28755803314364864,0
0,0.00226249940217569,0
0,0.04575439700692437,0
0,0.5450401280544726,1
0,0.6035060653424555,1
0,0.7270329670719851,1
1,0.9915432524406784,1
0,0.5650507667467068,1
0,0.13711948652231315,0
0,0.21766541361734765,0
0,0.3281075125418728,0
1,0.5613347193728953,1
0,0.8337911695672784,1
0,0.0042179577630243135,0
1,0.7867397234243695,1
0,0.34424554362868265,0
0,0.04247508831397739,0
0,0.09641205283754649,0
1,0.9628679068393011,1
0,0.7393950205865647,1
0,0.016060245482025573,0
0,0.39064892302104776,0
1,0.20000801198832285,0
0,0.21344057158559762,0
0,0.8452718170767374,1
0,0.7420721620494848,1
1,0.687966674884455,1
1,0.6760533191775012,1
0,0.002023118125476171,0
0,0.6558687079424546,1
0,0.1526328075379324,0
0,0.37144564945627523,0
0,0.03610325882350958,0
0,0.12609401581112012,0
0,0.43288900712306916,0
1,0.32567003909008246,0
1,0.796604107465524,1
0,0.9321067168336941,1
0,0.7556553537777767,1
0,0.05549416373579291,0
1,0.9942773391760221,1
0,0.04016057354421175,0
0,0.0017819868432693339,0
0,0.4847448032858316,0
1,0.6127316817234647,1
0,0.5223432931762155,1
0,0.004182851705564637,0
1,0.8972199668754628,1
0,0.004310100694518986,0
0,0.02215646540828161,0
0,0.03462360154094429,0
0,0.5269555674608766,1
0,0.021820429824232913,0
0,0.022884148786786594,0
0,0.06133248304069808,0
0,0.22383173107631868,0
0,0.022335334478933818,0
1,0.6633311149464305,1
0,0.0035663517365404625,0
0,0.008567813536877486,0
0,0.008639834613336724,0
0,0.04230309588311332,0
0,0.0034897429291940165,0
0,0.12015576136011247,0
1,0.26309588696393077,0
0,0.6567300151916952,1
0,0.005123296875570804,0
1,0.6468488377470968,1
0,0.3311758401037744,0
1,0.6359795976168802,1
0,0.7729627410377257,1
0,0.0029958383681468943,0
0,0.2675440689738029,0
0,0.18460546298714833,0
0,0.049106433133799365,0
1,0.7680186689756049,1
0,0.44630670933403743,0
1,0.6189417568708385,1
1,0.9870664305374431,1
0,0.8990061996614771,1
0,0.22069617869037067,0
0,0.3839961467846917,0
0,0.007119171413549235,0
0,0.9005290877370301,1
0,0.06923076847318108,0
1,0.09447470407737187,0
0,0.0424476072758087,0
0,0.0176753233561014,0
0,0.1886984790222362,0
0,0.27204616456881014,0
0,0.06422960755508272,0
0,0.7130858785605089,1
1,0.8244936794711524,1
0,0.725320306015123,1
1,0.953296766350731,1
0,0.4783624016038798,0
0,0.5857539094386316,1
0,0.0138514271012822,0
0,0.10671560383995453,0
0,0.3432596077694752,0
0,0.24194289190351842,0
1,0.7101633373518886,1
0,0.7593763451025914,1
1,0.7635065615486001,1
1,0.9983714371506051,1
0,0.04209232640928921,0
0,0.2682432755185066,0
1,0.8693427118702473,1
1,0.6584133938924496,1
0,0.018519225166954277,0
1,0.9982557613768682,1
0,0.026660779632820097,0
0,0.09402496463697885,0
1,0.9348592771279773,1
0,0.020337007367831155,0
1,0.9948027662968125,1
1,0.9778023749072413,1
0,0.23437010067404898,0
0,0.5127779447482376,1
0,0.002051251973091817,0
0,0.8345291625044797,1
0,0.2734161163229547,0
0,0.026877827544562326,0
0,0.012209073663710327,0
1,0.9922121455428935,1
1,0.9244760403504159,1
0,0.0033846050690099633,0
0,0.007905082427577075,0
0,0.04065813581625731,0
0,0.012366692256454951,0
0,0.0072174567167430275,0
0,0.03224168977575272,0
0,0.0008363331182668349,0
0,0.06563916628637309,0
0,0.7200040853959254,1
0,0.06735644898661888,0
1,0.9971477695381654,1
0,0.008496658427749238,0
0,0.06872224709908507,0
0,0.0016965125083121166,0
0,0.01325528766923196,0
0,0.026650301204757254,0
0,0.1360174134678894,0
0,0.2107747016603667,0
1,0.8117735423486706,1
0,0.21749932183993878,0
0,0.7554886304481565,1
1,0.577020993024985,1
1,0.963239970755253,1
0,0.0078102638159389766,0
0,0.7165880584649752,1
0,0.01572411378248725,0
0,0.0375981207650552,0
0,0.48913599087538756,0
0,0.24482504827222115,0
0,0.08566947748016455,0
0,0.0017417645995621974,0
1,0.9007333335956402,1
0,0.42202901046293584,0
0,0.0683438294820617,0
1,0.5127886249165995,1
0,0.12262783508065918,0
1,0.6858599763417,1
1,0.9961809744016854,1
0,0.5154975360971165,1
1,0.9924850105002669,1
0,0.8717663821466215,1
0,0.05191528243505431,0
0,0.03899126958028105,0
0,0.002183504919561847,0
0,0.03918890356397355,0
0,0.2930543326836666,0
0,0.1640647728897708,0
0,0.0008882560253288355,0
0,0.8294638793557301,1
0,0.26856732861134575,0
1,0.5938154240820808,1
0,0.8276435727910605,1
0,0.0051051959029438775,0
0,0.04700937099419138,0
0,0.00428518621798265,0
0,0.23686932361512858,0
0,0.1544387288795092,0
1,0.6386109220031144,1
1,0.5367709151166198,1
0,0.035276558174262805,0
0,0.8616798650974756,1
1,0.9749544485743813,1
1,0.43575990804309306,0
1,0.8891412364486567,1
0,0.2915402111565594,0
0,0.025168750892260155,0
1,0.8718341640060402,1
0,0.019843906794115282,0
0,0.0020043539912275796,0
0,0.5873803491346087,1
0,0.4651804763845934,0
1,0.6479956945892087,1
1,0.9271929594987528,1
1,0.612153621748477,1
0,0.029832752701686255,0
0,0.08751979733680608,0
0,0.20813091389143668,0
0,0.0012143302631685239,0
0,0.004912033498334429,0
0,0.1521482095647869,0
0,0.49840353465175274,0
1,0.6559877401553885,1
0,0.5721522388835919,1
0,0.0970241944726387,0
0,0.7068484588391264,1
0,0.07186397212938105,0
0,0.29180170484823836,0
0,0.0069557756551697604,0
0,0.5073936386118216,1
0,0.1686595886667211,0
1,0.5410630236576175,1
1,0.9987483213150641,1
1,0.9727964447395125,1
0,0.519445359780242,1
0,0.0034656558332024695,0
0,0.7165054879906821,1
0,0.6528429925042536,1
0,0.0123554653268703,0
0,0.1553387696932256,0
0,0.610624370368972,1
0,0.010504175509167917,0
1,0.7654295820216985,1
0,0.11467462448616352,0
0,0.011988329699180683,0
1,0.7388055634823897,1
1,0.6508524525698389,1
1,0.1661179463200336,0
0,0.019700378300294696,0
1,0.6545470892350546,1
0,0.4298899429299075,0
1,0.9188756751911116,1
0,0.11198703869624571,0
1,0.808104948436743,1
0,0.1672386786292365,0
0,0.0031549354791055523,0
0,0.2535693826863159,0
0,0.013966047318451165,0
0,0.4419843040234422,0
0,0.037993556424234666,0
0,0.04166427846311227,0
0,0.002176311210466013,0
1,0.9982587891327754,1
1,0.9960026326269499,1
0,0.08014238865256655,0
0,0.007062304570156084,0
0,0.023172859769432713,0
1,0.9955243251513004,1
0,0.004765627004289555,0
0,0.0015328484324233001,0
0,0.07661470801313466,0
0,0.08063231421216782,0
0,0.05630401002927726,0
0,0.39705216346043876,0
1,0.51208693730755,1
0,0.029261920527106685,0
0,0.12366786755044264,0
0,0.03143209977728245,0
0,0.8425852896274104,1
0,0.0044579874257361434,0
1,0.7648104332027915,1
1,0.7430505786097976,1
1,0.6650760351052682,1
1,0.5772162684446395,1
0,0.024856307159918222,0
0,0.28133193988133604,0
0,0.00045969321313042905,0
0,0.18611719496932733,0
0,0.22865294984290477,0
0,0.0027672542065170936,0
1,0.8428152430113044,1
0,0.8698420695978057,1
1,0.9268461577446058,1
1,0.9414140614131501,1
0,0.17538737477066627,0
0,0.06372193925538831,0
1,0.996439142878109,1
0,0.003408802409614742,0
1,0.9928181411058802,1
0,0.2029990216291866,0
0,0.026481845601147583,0
0,0.11233893509621164,0
0,0.11695079460166476,0
1,0.48987296504451777,0
1,0.9963210775599568,1
0,0.02919379014769999,0
0,0.0026229158606554995,0
0,0.02775557536750349,0
0,0.061092778189116105,0
0,0.18144700615007325,0
0,0.2556472164446018,0
0,0.0129421251248943,0
0,0.6960330572864871,1
0,0.007667652839076766,0
0,0.04441511553399949,0
0,0.4683925439252073,0
0,0.009613211940536846,0
0,0.09449838198797371,0
0,0.07910053703975596,0
0,0.3264404320135503,0
0,0.0016140503367689566,0
1,0.9904891513164051,1
1,0.7960552771939314,1
0,0.00337434800209278,0
0,0.003636969071823204,0
0,0.06483544785769868,0
0,0.12064322302268407,0
0,0.7364640585502211,1
0,0.6072055660662165,1
0,0.01882845909839931,0
0,0.4500675553273151,0
0,0.018862407543104535,0
0,0.3133709829922306,0
0,0.5264583252266962,1
0,0.5076607800735872,1
0,0.6436588028671221,1
0,0.5211749740665382,1
1,0.5375871863731886,1
0,0.00046579476549741226,0
0,0.0022254522724171957,0
1,0.8195336050082364,1
0,0.862990960068541,1
0,0.0029372063910080336,0
0,0.03098967190167195,0
0,0.7116704782179631,1
0,0.006068925269820742,0
0,0.6079475946728281,1
0,0.0204467721720029,0
0,0.7278394774059898,1
0,0.5546927392260821,1
0,0.05665658791574013,0
1,0.7288119372560157,1
0,0.12420263684152746,0
0,0.7082695534931343,1
1,0.05509901926205493,0
1,0.8537750732144862,1
1,0.9394772992954721,1
0,0.3319052563872488,0
0,0.010354851502335878,0
0,0.042384263826216476,0
0,0.10258112141077452,0
0,0.6363838438835945,1
0,0.03519741785453316,0
1,0.9921197838683075,1
0,0.6558131604773367,1
0,0.7608141546565671,1
0,0.012239229029815984,0
0,0.08919089025750711,0
0,0.151346237490432,0
0,0.8007380708457982,1
0,0.03508099711079806,0
0,0.7169476296700135,1
0,0.006660114932419831,0
0,0.0005514060448466796,0
0,0.01621805814573992,0
0,0.21989017643889913,0
1,0.9983161050782814,1
0,0.05365434727043265,0
0,0.005104212091090426,0
0,0.059170929761703746,0
0,0.25047709108436006,0
0,0.709026960572775,1
1,0.8454905213777932,1
0,0.02276942234173141,0
0,0.062246074422627286,0
1,0.9726067517306004,1
0,0.09832221658118284,0
0,0.9010146434532036,1
1,0.6833316493211091,1
0,0.07540793133334461,0
0,0.7245463070229738,1
0,0.48485362000985704,0
0,0.006910862735636694,0
1,0.5605447867874985,1
0,0.018484967429196524,0
1,0.8561088910139014,1
0,0.008792003835229741,0
0,0.03405759305917396,0
0,0.04499091365154386,0
0,0.0012267020366701657,0
0,0.09134664990946505,0
0,0.005320536304717385,0
0,0.006286109674819405,0
0,0.04860563400957325,0
0,0.6147859489991195,1
0,0.817605654920798,1
0,0.15893135387916998,0
0,0.6341337763575151,1
0,0.03130040765329634,0
0,0.7644375903003778,1
0,0.15878240663597545,0
1,0.9991829001190711,1
1,0.8643317273318606,1
0,0.05051732772834544,0
0,0.3489671992136103,0
1,0.738570941313804,1
0,0.011501064985577856,0
0,0.16600048800012343,0
1,0.9875046586055978,1
0,0.3105787951140173,0
0,0.7909806748409947,1
0,0.0054821656950753,0
0,0.9136723651889752,1
0,0.4160676428797342,0
0,0.29186010922855526,0
0,0.0929274440036033,0
0,0.3448684379606218,0
0,0.01734137832621473,0
0,0.06334219135442036,0
0,0.4189758154743381,0
1,0.8398360021224976,1
0,0.1247694573729615,0
0,0.04847576686172765,0
0,0.02160240046329528,0
0,0.4156277961316875,0
0,0.22435448111565118,0
0,0.019803460445097978,0
0,0.012295697057542552,0
0,0.027027887060588576,0
0,0.5957176390418998,1
0,0.5350975600303857,1
1,0.8493714826660119,1
1,0.8540523931257781,1
0,0.002994060285706626,0
0,0.41288647315878857,0
0,0.04477960719959279,0
0,0.16498978443332027,0
0,0.6569128673470633,1
0,0.043422663363274994,0
1,0.17538774246726607,0
1,0.9913917660446976,1
0,0.12160399235186048,0
0,0.0027032205080699053,0
0,0.3506846709648886,0
0,0.02929517178434826,0
0,0.010054057127526833,0
0,0.02508295382291176,0
1,0.6891806345306605,1
0,0.013918230577840241,0
0,0.05309479385425708,0
0,0.6362880298177147,1
0,0.013298526161254261,0
1,0.5770927522691249,1
0,0.011175501207184529,0
0,0.08026056494098582,0
0,0.0430729179418186,0
0,0.47041964841820116,0
1,0.9984092091445009,1
0,0.04579926642855345,0
0,0.11557932145256074,0
0,0.003860394988509561,0
0,0.8813806491707467,1
0,0.5202881323780065,1
0,0.634682045399898,1
0,0.15309011843549816,0
0,0.6732915058943354,1
0,0.6161274031102676,1
0,0.23316019491650672,0
0,0.7554335314249863,1
0,0.001229082404897265,0
0,0.027428476116894182,0
0,0.0010805861433455237,0
0,0.0019157909312814577,0
0,0.7542848361126909,1
0,0.013220805031903194,0
0,0.45688166865573626,0
0,0.5855111659099208,1
0,0.22074206314756106,0
0,0.01170951401945472,0
0,0.03188633694756639,0
1,0.2957387028048549,0
0,0.003402497144586719,0
0,0.011365313374005794,0
1,0.8057134395124019,1
0,0.3633936213617787,0
0,0.009872820085830732,0
0,0.013520033963505733,0
0,0.14708633381187317,0
0,0.6586513455450291,1
0,0.29753877448989324,0
1,0.8532487391869719,1
0,0.0357899323945718,0
0,0.00638470910862186,0
1,0.8262997225232214,1
0,0.4359111112539218,0
1,0.6844326657030655,1
0,0.0018225680736799962,0
0,0.7002615044307733,1
0,0.01688932262895776,0
1,0.9048830961240298,1
0,0.041619148028162814,0
1,0.5883093585501451,1
1,0.9223470506457541,1
1,0.9820323666538361,1
0,0.3297881413946027,0
0,0.9322493418871115,1
0,0.0020330356258360274,0
1,0.7679704671987551,1
1,0.9681637164822178,1
0,0.0011290379891892805,0
0,0.7812951489432906,1
0,0.04637060643730441,0
0,0.0019228956164567298,0
0,0.08666826931125933,0
0,0.06361832641037224,0
0,0.0024808790865102313,0
1,0.7769406196633961,1
1,0.055372890217348175,0
0,0.49244056970139993,0
0,0.30125742272887557,0
0,0.3443224794324976,0
1,0.6703232673647435,1
0,0.0013082926846972706,0
1,0.7558349667285711,1
0,0.39657671853033105,0
0,0.33627682497538536,0
1,0.9970554649532802,1
0,0.8054289329463082,1
0,0.005187252161592187,0
1,0.9210201666984672,1
1,0.9952061585452133,1
0,0.2451725528999646,0
0,0.008929329665257101,0
0,0.20728722855553347,0
0,0.04768958124772589,0
0,0.35834426869825214,0
0,0.2617865780816617,0
0,0.07509946479600466,0
0,0.00875271822243429,0
0,0.03793508882968768,0
0,0.12003249058038931,0
1,0.8518665785956515,1
1,0.9849949616952668,1
0,0.027266117641222137,0
0,0.016268595427886532,0
0,0.49666683001963063,0
0,0.6920440235621267,1
0,0.0024270757662378578,0
0,0.2037444510978025,0
1,0.9964500166381172,1
0,0.16031903792690713,0
1,0.7709902770750201,1
0,0.01252867520826975,0
0,0.7925970213579188,1
0,0.03104919828589386,0
0,0.44026803991762353,0
1,0.7842754551508213,1
1,0.42112911101662215,0
1,0.6664562180556381,1
0,0.0025599888350288603,0
0,0.12384475385759237,0
0,0.01719336666866693,0
0,0.028050601645109505,0
0,0.7103172355951731,1
0,0.15869251120112812,0
0,0.4614430493289687,0
1,0.997201343719238,1
0,0.8525244999441062,1
0,0.10375525078435235,0
0,0.6640864404297456,1
0,0.612664200222222,1
0,0.035698764925781834,0
1,0.8355924285866443,1
1,0.9968502816831862,1
0,0.8908592207284721,1
0,0.2851444850694715,0
0,0.6272738750957694,1
1,0.6338233543724693,1
0,0.012401687499826218,0
0,0.016337048417225428,0
0,0.5249210601244794,1
1,0.4174554669104254,0
0,0.05897791333486878,0
0,0.6590800445231096,1
0,0.07539833351512006,0
0,0.010150748323820123,0
0,0.21789201927810622,0
0,0.07333721597788985,0
0,0.07861758486977005,0
0,0.48785158240259874,0
0,0.17524281461695335,0
0,0.0012901357965435997,0
0,0.17677591077058158,0
1,0.9982493872265354,1
1,0.9995032746324081,1
0,0.5620863142169243,1
0,0.6591716986219125,1
0,0.13720699995322283,0
0,0.321455330580842,0
0,0.010883440283350698,0
0,0.005161815724059429,0
0,0.5865943108848832,1
0,0.019988242576562166,0
1,0.6833446615212003,1
0,0.0002679853816395653,0
0,0.02542813255406242,0
0,0.11131385135447447,0
0,0.07382711767506249,0
0,0.26553383667097447,0
0,0.43027593944872683,0
0,0.12414708766610572,0
0,0.11159381250598281,0
0,0.0009207299377808972,0
1,0.5929685473956903,1
0,0.151175131361391,0
0,0.005310419376244283,0
0,0.19906547995257776,0
0,0.20848117577571282,0
0,0.0841110637000391,0
0,0.4547381727228161,0
0,0.08029279914299361,0
1,0.997714122110846,1
0,0.07462971861133631,0
0,0.011971180330575726,0
1,0.9424605357517677,1
0,0.2932167559104582,0
0,0.09502265686204045,0
1,0.9897108256876466,1
1,0.9827256935733386,1
0,0.0026875997557387872,0
0,0.001360191968096342,0
0,0.050621954664591094,0
0,0.40513625227372896,0
0,0.167330690209825,0
0,0.04353387619735368,0
0,0.019571333997441664,0
1,0.7898665895389665,1
0,0.006290675470150118,0
0,0.004806276363276696,0
0,0.014069358632960983,0
1,0.8719561111539212,1
0,0.02297748435803373,0
1,0.9322998409090003,1
1,0.9355248976420192,1
1,0.8806016942732005,1
0,0.2961513334054812,0
1,0.8985397770251129,1
0,0.2637858109823202,0
0,0.0011279741703418846,0
0,0.5770428422287548,1
0,0.10318707518229954,0
0,0.07368970687370198,0
0,0.06730792047424475,0
1,0.9992872312642684,1
0,0.787536430915799,1
0,0.03972777559448666,0
0,0.029032270919789913,0
0,0.0012547918702520827,0
1,0.155119602444331,0
0,0.7092037551173606,1
0,0.19898558768671604,0
0,0.6129412658037,1
0,0.45927147885171105,0
0,0.2382508210471094,0
1,0.9962098132554676,1
0,0.504271025038438,1
1,0.2637710909326145,0
1,0.6967238915633612,1
0,0.6733956419078286,1
0,0.027019497186328262,0
1,0.942321750669255,1
0,0.08541857106830326,0
0,0.5077338022129568,1
0,0.47395789706777725,0
0,0.002993717535329889,0
1,0.6890918821180917,1
0,0.030538862460179193,0
0,0.0010227810414954342,0
0,0.028547492744289554,0
0,0.7563744504943083,1
1,0.9968597970328116,1
1,0.9959294440033164,1
0,0.06123838713652894,0
0,0.4178700923887654,0
0,0.06859823480385296,0
0,0.037737717836017357,0
0,0.0024195313176127724,0
1,0.9833099165340539,1
0,0.04761582513891326,0
0,0.5080111464660395,1
0,0.7454832578732391,1
0,0.018052356393727924,0
0,0.8706388522441559,1
0,0.0227651846501036,0
1,0.5099019890810568,1
0,0.002278178447490094,0
0,0.2702983262269081,0
0,0.10046379114849603,0
0,0.24594939179227668,0
0,0.5279304157674921,1
0,0.040580727303020855,0
0,0.8659642843767822,1
1,0.3419843883793762,0
0,0.036564777855820074,0
0,0.022064238482693767,0
1,0.9914984839066353,1
0,0.08289317033172532,0
1,0.7671730286805573,1
0,0.46143371026557883,0
0,0.014998332419474946,0
1,0.7769264932447654,1
0,0.23570974288954494,0
0,0.27604660902488876,0
0,0.6082997428340382,1
1,0.859139078496372,1
0,0.007060031958562718,0
0,0.11912247331853056,0
0,0.002756783393697865,0
0,0.9182063674164805,1
1,0.9126088568270946,1
0,0.003834113951313791,0
0,0.059209770237562645,0
0,0.00549070108982462,0
1,0.6807629723455054,1
0,0.055838080870027555,0
0,0.04938481550403493,0
0,0.6510303979220876,1
0,0.6726215909779204,1
1,0.4451271322924435,0
0,0.8538640674751037,1
0,0.02974752468889893,0
0,0.587141227391233,1
0,0.22899021573256662,0
0,0.03697362040986464,0
0,0.06727580990007666,0
0,0.8966400554933335,1
0,0.32160846946321203,0
0,0.052726506465994916,0
0,0.511746979242455,1
0,0.7267276701271892,1
1,0.9258523332858826,1
0,0.001918659337393431,0
0,0.0009601129298532994,0
0,0.03324409151337759,0
0,0.8112830763718789,1
0,0.07451480239103045,0
0,0.7576740528984511,1
0,0.001596837537733973,0
1,0.9817519655184974,1
0,0.06300677925207984,0
0,0.4628167212765474,0
0,0.08217705641375984,0
0,0.09893388251869767,0
0,0.0018747099723851696,0
0,0.5784402569799583,1
0,0.9188462364117044,1
0,0.8579183592897721,1
0,0.5559556476642229,1
0,0.5589825322438353,1
0,0.15736297738734653,0
0,0.2448770142056801,0
0,0.06809848427176485,0
0,0.0054126248171473485,0
0,0.017005974641877284,0
0,0.005145117840489276,0
0,0.017845003003021415,0
0,0.13474610265480352,0
1,0.9887320768195598,1
0,0.31937725345993256,0
0,0.6818001322167379,1
0,0.006902098879974586,0
1,0.27252272181855236,0
0,0.029677284258882792,0
0,0.0007472012416192381,0
1,0.6361602787109798,1
0,0.029007532519821036,0
1,0.84169067315979,1
0,0.12961538205358122,0
0,0.006133454882981533,0
1,0.9991202946412897,1
0,0.7491135224624208,1
1,0.8849860455874143,1
0,0.23040427991301962,0
0,0.6642660278181455,1
0,0.39418803980043576,0
0,0.04802651213705572,0
0,0.05661281579176021,0
0,0.030285179523307504,0
0,0.46971412597681883,0
0,0.0026825732627004926,0
0,0.3560660929129133,0
0,0.027137461417725786,0
1,0.8403770290898077,1
0,0.09875089109924617,0
0,0.016681499254467803,0
1,0.9728990143862826,1
0,0.5739218874047688,1
1,0.5555379121261609,1
0,0.06650182038504991,0
0,0.06899965476843692,0
0,0.03977399560204158,0
0,0.03736446525095054,0
0,0.6864576936339635,1
0,0.019727111928992833,0
0,0.025934754077775526,0
0,0.12418816777713527,0
0,0.0023692002324608645,0
0,0.44933904557856186,0
0,0.01871273134541363,0
1,0.9911691499581562,1
1,0.9945311666822465,1
0,0.5599293763916415,1
0,0.05551596512796645,0
0,0.04071783407181717,0
0,0.004166968759147382,0
0,0.1449109845807303,0
0,0.8109882997869496,1
0,0.6931947831829158,1
0,0.0025678852889972834,0
1,0.8931203058300832,1
0,0.0549647212717139,0
0,0.34306556356653306,0
0,0.6836945355731509,1
0,0.6882598615846871,1
0,0.24964406359407937,0
0,0.20542899211129673,0
0,0.7689335923646271,1
1,0.7785057239956014,1
0,0.8289131258487492,1
0,0.026662572649080202,0
1,0.9910559501105631,1
0,0.05028746816530179,0
0,0.7451729558513127,1
0,0.0012267020366701657,0
1,0.21419519278320032,0
1,0.5622761110697243,1
0,0.014997881679651838,0
0,0.011722876916767714,0
0,0.007353965385779626,0
0,0.003008969292042239,0
0,0.11620469663132399,0
0,0.04162763746441603,0
0,0.7816063205393257,1
0,0.019319659267595532,0
0,0.012003689566405998,0
0,0.005654632684317776,0
0,0.4668742242745336,0
0,0.008742452581071009,0
1,0.6205524538837536,1
0,0.018505743014321493,0
0,0.3138595897055698,0
0,0.016349597153216926,0
0,0.03170868095907915,0
0,0.7227393888799986,1
0,0.32396672333756443,0
0,0.5417899197334642,1
0,0.6746428944060093,1
1,0.9825168928589479,1
1,0.04243949209520848,0
0,0.03031901884564357,0
0,0.37727469760310683,0
0,0.08263990200062356,0
0,0.009585409118158621,0
0,0.016934488444938573,0
1,0.2362758017512428,0
0,0.2868547905010142,0
0,0.24560986825136,0
0,0.0015966463858005642,0
0,0.16704720850557891,0
1,0.8552404387843429,1
0,0.044661247731162534,0
0,0.013544591399204461,0
1,0.278794999241581,0
0,0.012733907851803653,0
0,0.0020522272994492052,0
0,0.0015324334339894697,0
0,0.04541134321221111,0
1,0.9961938024864938,1
1,0.4107764562679271,0
1,0.9984359649316769,1
1,0.8690126312891288,1
0,0.019449815695518118,0
0,0.002201027067398882,0
0,0.151676805212141,0
0,0.24685541582539644,0
0,0.019854311153466052,0
0,0.07876807595940473,0
0,0.04299530111744628,0
0,0.07542874683896691,0
0,0.02045007533242122,0
0,0.5927997198588689,1
0,0.0011540482682951983,0
0,0.033435647922601903,0
1,0.9939359793668131,1
0,0.007711539651727144,0
0,0.015819199425463983,0
1,0.41468869891625465,0
0,0.09990762724921287,0
0,0.00687656794241673,0
1,0.9882555062619753,1
0,0.003053328788362962,0
1,0.5187253418566967,1
0,0.07508462041162053,0
0,0.00506725395249163,0
0,0.06066714807472415,0
0,0.0013933245716223524,0
0,0.038818449939080416,0
0,0.0011436639447120406,0
1,0.6582860256497934,1
1,0.7352471853499621,1
0,0.038209847083299095,0
0,0.034277336392710474,0
0,0.027674230816496333,0
0,0.01858870478378957,0
0,0.06483553077666546,0
0,0.00783362801777478,0
0,0.7109609046168166,1
0,0.0005806274722316807,0
1,0.9254634264970036,1
0,0.16823430828228786,0
0,0.18601698579820872,0
0,0.14930722361769702,0
0,0.007616998157703391,0
0,0.0030908752167990656,0
1,0.8619747815965082,1
0,0.022849951654744006,0
0,0.0022860620427804404,0
0,0.915985410539886,1
0,0.302754988130122,0
0,0.7374408750778413,1
1,0.46393028787590046,0
1,0.9967555267982986,1
1,0.9967432366472033,1
0,0.004683590820290247,0
0,0.08946127117526073,0
1,0.9864737790480789,1
0,0.31490180454946226,0
1,0.8132396936712418,1
1,0.9798894444052666,1
0,0.17619351405781725,0
0,0.16664949858737857,0
1,0.42088685404070947,0
0,0.016074886196158215,0
0,0.007604649561155209,0
0,0.6565508131902039,1
0,0.030697801600010365,0
0,0.023518331808822485,0
0,0.01845476853875749,0
1,0.15065754998799544,0
1,0.5909746166871526,1
1,0.9896652605669761,1
0,0.08905088435181552,0
0,0.0035613694911005036,0
1,0.7685088209848566,1
0,0.30237808667912947,0
0,0.8240096847601335,1
0,0.08673052399126749,0
0,0.38308254759040733,0
0,0.8080689371906707,1
0,0.06873600192171554,0
0,0.01655589156426433,0
0,0.03747828928211741,0
0,0.7049554060327948,1
0,0.3513542846266145,0
0,0.002432075011453053,0
0,0.011803914834577583,0
0,0.07762892859444648,0
0,0.04166448388088248,0
1,0.17144316131509368,0
0,0.019512609376497052,0
0,0.0028338118306302593,0
0,0.2721736002559347,0
0,0.7314605525364037,1
1,0.6082337987152713,1
1,0.9760739626970253,1
1,0.11096431145076424,0
0,0.8876633011694812,1
1,0.879560740286233,1
0,0.8455131747519797,1
1,0.7613394936933222,1
0,0.03554820388628413,0
0,0.0029139983874807316,0
0,0.3876312086389585,0
0,0.004194190222203638,0
1,0.2620096264479195,0
0,0.024875449647120993,0
0,0.7415923855730947,1
0,0.2424087626644266,0
0,0.03837656895578785,0
0,0.008059200283984195,0
0,0.016081723825617043,0
0,0.8517162496965599,1
1,0.724905803062501,1
0,0.0649789646203562,0
0,0.03890909626192453,0
1,0.9984865939275478,1
0,0.0010071260218261777,0
0,0.2337476724103602,0
0,0.01183369348724005,0
1,0.5996980870185603,1
1,0.9268170850259903,1
0,0.026624265254174502,0
0,0.001941790105723272,0
0,0.8919861890654236,1
0,0.036430619274625486,0
0,0.0006534357443931632,0
0,0.0023143439406721317,0
0,0.1800596950489213,0
0,0.03615417309579429,0
0,0.9195218504880472,1
1,0.8821019380498526,1
0,0.037301081781185665,0
0,0.722093454971053,1
1,0.9905913070957456,1
1,0.9972181646585538,1
1,0.5707325151918367,1
1,0.9936115828562976,1
0,0.023847989194357665,0
1,0.737319171229337,1
0,0.4270806770223188,0
1,0.8190425748417882,1
0,0.6138173188028279,1
0,0.5477188329198306,1
0,0.16752668184634248,0
0,0.013464488262121864,0
1,0.5708412547321858,1
0,0.00985427063501493,0
1,0.7206130060354737,1
1,0.20553008472412906,0
0,0.016581729255994618,0
0,0.003973102410231112,0
0,0.005268579355556153,0
0,0.8630556627689122,1
0,0.33261598824254657,0
1,0.2388396060353435,0
0,0.7967671619933417,1
0,0.558095781378881,1
0,0.1590538085925064,0
0,0.04923608210508631,0
0,0.6340016037605978,1
0,0.5248150819881248,1
0,0.37609032891506455,0
0,0.8720192882615134,1
0,0.007954809938894653,0
0,0.0011504285670504038,0
0,0.018581026620249408,0
0,0.08781924230351325,0
0,0.3215061472539928,0
0,0.03501081628393204,0
1,0.031689088943777935,0
0,0.015909434953882973,0
1,0.9980667306906262,1
1,0.7985085395409669,1
0,0.010722735713804905,0
0,0.13501082646890625,0
0,0.025985962413720167,0
0,0.12425984736108266,0
1,0.8818124702130029,1
0,0.024421588652679307,0
1,0.9977085410571289,1
0,0.15720038887658458,0
1,0.8384078536996492,1
1,0.8971762358547218,1
0,0.7833729679884129,1
1,0.9296980488447225,1
1,0.6374567312859684,1
0,0.031452880349371944,0
0,0.008112852752486435,0
1,0.7427076164852776,1
0,0.8845186912415811,1
0,0.04732022079674176,0
0,0.34655526022825167,0
1,0.4562825854451382,0
0,0.1104520839258467,0
0,0.001338743523724251,0
0,0.02091655873034065,0
0,0.022387269403668832,0
0,0.23445701663895335,0
0,0.011547717388267912,0
0,0.010730940280456227,0
0,0.02709022618557244,0
0,0.05725888819664177,0
0,0.002512256117962205,0
0,0.8574902943484618,1
0,0.02229005652607922,0
1,0.9982450799532893,1
0,0.4695162784343656,0
1,0.8549239795700536,1
0,0.5453498977055417,1
0,0.9016937800315536,1
0,0.7534107059608015,1
1,0.3815967449618925,0
0,0.09291824637117087,0
0,0.8694439039001531,1
1,0.7738767104041346,1
0,0.32339969582923783,0
1,0.9282344752461541,1
1,0.9290344074890957,1
0,0.006661883510864722,0
0,0.8672468589111331,1
0,0.0737919009295462,0
1,0.3490177006170919,0
0,0.029020896785962196,0
0,0.0008814467872502186,0
0,0.01192388505748936,0
1,0.9875871070198172,1
0,0.5011772776219803,1
0,0.5291198841814808,1
0,0.2129905782256683,0
0,0.001820957125393341,0
0,0.017175063326575243,0
1,0.8447163319868419,1
0,0.19136984063927187,0
0,0.05252039655056713,0
0,0.0595574699885309,0
0,0.041777024505629,0
1,0.9163398342185569,1
0,0.013866602875662274,0
0,0.43936205715263676,0
0,0.17580777335938033,0
0,0.32953561861493147,0
1,0.3994577491343277,0
0,0.622982833233496,1
1,0.9023191373657377,1
0,0.015173559300691013,0
0,0.14390722376916573,0
0,0.09890832034149054,0
0,0.032956691647836926,0
0,0.028691107275981034,0
0,0.02381278434292626,0
0,0.001157927214551914,0
0,0.0030575621656101595,0
1,0.9981763856743099,1
1,0.9973547132553499,1
1,0.698961392061407,1
1,0.9626228028594425,1
0,0.2625628269075896,0
0,0.002375710630269103,0
0,0.7389824119539589,1
0,0.0011268796719974684,0
0,0.06721496013646094,0
1,0.38609178706199965,0
0,0.04205113022601689,0
1,0.994000311854038,1
0,0.7517999417518987,1
0,0.4651961741694538,0
1,0.13775195992269557,0
0,0.003944487364808168,0
0,0.8216771989656203,1
0,0.11522868583330592,0
0,0.06384464375118287,0
1,0.9352808742251638,1
0,0.024783120917084817,0
0,0.43855396331364505,0
0,0.023200959068419527,0
0,0.13059504807721467,0
1,0.646503915736779,1
1,0.8631754981845473,1
0,0.01610391135682644,0
0,0.004366325126552956,0
0,0.015971924643413588,0
0,0.026825372444470873,0
0,0.027392573092256137,0
0,0.1969479444003453,0
0,0.052800971518683126,0
0,0.012316480406432653,0
0,0.44408432049044133,0
0,0.20494220830499718,0
0,0.012973360035130927,0
0,0.80113809765597,1
0,0.0020215990636936352,0
0,0.0015662013021740067,0
0,0.8478786318379912,1
0,0.12041602845153636,0
0,0.004557363567351313,0
1,0.8395309112548378,1
1,0.41095098539994773,0
1,0.6664384436971517,1
0,0.18571132423440903,0
0,0.2853088484404246,0
0,0.07673637656608079,0
0,0.33810780459764994,0
1,0.5170271211429955,1
0,0.38669049435349656,0
0,0.4557240553967771,0
0,0.04705391728460518,0
0,0.7729167651106708,1
0,0.014822250106858831,0
0,0.5580487899854816,1
0,0.5534529808459323,1
0,0.08695979606058687,0
1,0.9863005340217382,1
0,0.04308494890397164,0
0,0.0011160592849896458,0
0,0.8448056717773509,1
0,0.0010836236594913993,0
1,0.3131898269739309,0
0,0.19155718557404303,0
0,0.0016717417687665377,0
0,0.44850350542138123,0
0,0.04869115763633145,0
0,0.137109416487614,0
0,0.5520492182250514,1
0,0.040033535678513386,0
1,0.9402370498649695,1
0,0.08782619450337484,0
1,0.8507596840132292,1
0,0.6578569654163826,1
1,0.9993972021438476,1
0,0.7296375284775574,1
0,0.08745625013035066,0
1,0.7221954170825388,1
0,0.8327028704537646,1
1,0.86932013322152,1
0,0.0342824143498166,0
1,0.9973584217738678,1
1,0.9968283708262367,1
0,0.14925064485302494,0
0,0.0030668576723017803,0
0,0.4833688234842273,0
0,0.09368121849877634,0
0,0.488463010246086,0
0,0.8697330937070589,1
0,0.2883286345306526,0
0,0.09630672972292154,0
0,0.0011416790008409582,0
0,0.4890767911873686,0
1,0.9921658513703335,1
0,0.4724411418928022,0
0,0.01214341061912183,0
0,0.0013110563567977616,0
0,0.36507499078158856,0
1,0.649646180265086,1
1,0.9942257221663394,1
1,0.859426795192501,1
0,0.5997806664759956,1
0,0.15724072075923082,0
1,0.7055336394463737,1
1,0.711602510228988,1
1,0.3326551975844037,0
0,0.06662270071818285,0
1,0.22988294800157807,0
0,0.022323169613891893,0
0,0.007020225634201898,0
1,0.9990117570058277,1
0,0.017151438790242775,0
0,0.0412880640437826,0
0,0.3696280815515507,0
0,0.014508037225200365,0
1,0.8644584036366678,1
0,0.1862564189928972,0
0,0.005731330724025773,0
0,0.08644615968987356,0
0,0.19057039573312567,0
0,0.030133049694000328,0
0,0.022635653000660155,0
0,0.07935065842720598,0
0,0.08461912668164069,0
0,0.003853241623812395,0
0,0.002956701809156466,0
0,0.12395116910263042,0
0,0.0070291187055824215,0
0,0.002958346195402079,0
0,0.5799039740901106,1
0,0.07356284943863947,0
0,0.5036586738084261,1
0,0.5434634039207189,1
1,0.9957574114255838,1
0,0.3410859575104055,0
0,0.3143709091485149,0
1,0.8783613059722064,1
1,0.6682779927332405,1
0,0.01902742766060197,0
0,0.1218580923864205,0
1,0.9962229200880902,1
0,0.9085835508039606,1
0,0.0023690649757624155,0
0,0.4252512168360068,0
0,0.0294624859688815,0
0,0.005889173698788705,0
0,0.20047303057498558,0
0,0.001509837852392072,0
0,0.014251413261690299,0
0,0.07343945723278344,0
0,0.03561849957215905,0
0,0.10509586104038315,0
0,0.01325833393646769,0
0,0.1819997575238579,0
1,0.8834614498753951,1
1,0.2533164719488875,0
0,0.7941466468671516,1
0,0.9166485178283819,1
0,0.41679601747535217,0
0,0.011927676913006143,0
1,0.8542543243542224,1
1,0.8734572465295465,1
0,0.3502946936567687,0
1,0.7797958423691288,1
0,0.6497997624301908,1
0,0.0023986935220001735,0
0,0.001145766877233495,0
0,0.9085532479832015,1
0,0.26707801083149496,0
0,0.000967923765598871,0
1,0.46434118013942516,0
1,0.9322408616857102,1
1,0.08616617218025754,0
0,0.0020446190767557664,0
0,0.008881979893398855,0
0,0.6740706242564356,1
0,0.01091976232003691,0
0,0.40602599027849423,0
0,0.6549120017068211,1
0,0.09146142845779869,0
0,0.14429355770874694,0
0,0.021373209594528847,0
0,0.029321748404046423,0
0,0.6428406259512505,1
0,0.1684948115435419,0
0,0.002477081302997594,0
0,0.0006517095737072441,0
0,0.06304548966435333,0
1,0.8904546449393206,1
0,0.10294899792341926,0
1,0.9982664125569447,1
0,0.002538286682007743,0
1,0.8132549883279568,1
0,0.013733477408135481,0
1,0.8833326320695156,1
0,0.04072315665115089,0
0,0.05525924799383544,0
0,0.009264576620217225,0
0,0.0003668398850084333,0
0,0.03696750279598211,0
0,0.07052665256165996,0
1,0.8487859858962138,1
0,0.0033180407494508377,0
0,0.44375067251322753,0
0,0.5125433512634537,1
0,0.2748285261687943,0
0,0.024967099997159386,0
0,0.3256670580172469,0
0,0.060358154672181544,0
1,0.10472034683047321,0
1,0.9807207409318826,1
0,0.48333571574923484,0
0,0.003285876212006319,0
0,0.016277085724834734,0
0,0.5623932603156495,1
0,0.5394385127914959,1
0,0.0017607947546752912,0
0,0.011615811269484091,0
0,0.003218404190373403,0
0,0.02299528038020565,0
0,0.3126539936065529,0
1,0.885515372550903,1
0,0.609997886685539,1
0,0.7853091083231206,1
1,0.7978143987158366,1
1,0.6108528615398631,1
0,0.009119993058397332,0
0,0.6531901807093485,1
0,0.10493878926126887,0
0,0.018460723025958404,0
1,0.667539057527764,1
0,0.2945813372975541,0
0,0.000351109214011242,0
0,0.8353689763741444,1
0,0.027560787258106855,0
0,0.8038067508058394,1
0,0.054977890984507484,0
1,0.4793233506843393,0
0,0.02874830028357547,0
0,0.09281957610164439,0
0,0.34271481977191554,0
0,0.5434442838131911,1
0,0.008614315656877442,0
0,0.006164533405093604,0
0,0.17026802388879125,0
0,0.01180685285429864,0
0,0.5384721780690495,1
0,0.12271359626515456,0
0,0.05101075916108985,0
0,0.0020519391237828533,0
1,0.7129633025940949,1
0,0.006235449413650795,0
1,0.9269809537614189,1
0,0.4017694410213072,0
0,0.005066892969572498,0
0,0.10228677618601287,0
0,0.11837695949517023,0
1,0.74379964961634,1
0,0.003511539884273302,0
0,0.12354478474601203,0
0,0.04830818990109418,0
0,0.0016269457042395279,0
0,0.002584577187123167,0
1,0.9863392339091998,1
0,0.03623293301244647,0
0,0.6208013088062615,1
0,0.0010729896149810846,0
0,0.06720806366718228,0
1,0.32069340789017003,0
0,0.5319015981706458,1
0,0.8136281685647172,1
0,0.08377254060642998,0
0,0.03399004001348054,0
1,0.8778747425203905,1
0,0.21500668094000225,0
0,0.2790132728410616,0
0,0.049656776936311195,0
0,0.033849979537941825,0
0,0.05021666906333976,0
0,0.3954742919860183,0
0,0.16833895331415843,0
1,0.9901618835361039,1
0,0.738677012089192,1
0,0.4326322994122409,0
0,0.004449908968793964,0
0,0.06669659195524986,0
0,0.0656656479927757,0
0,0.5584198199443451,1
1,0.883843090150974,1
0,0.01803733504573885,0
0,0.0268436981524962,0
1,0.8189765308472267,1
0,0.3406628356001329,0
0,0.11053318586456769,0
0,0.07294830992074922,0
0,0.032869047374144617,0
0,0.001710014044273141,0
0,0.004389480768025027,0
0,0.555968789844367,1
0,0.029100318920332907,0
1,0.9970062070667775,1
0,0.2996993099701241,0
0,0.004868072834963465,0
0,0.3598129298787002,0
0,0.016222278855295216,0
0,0.09023696778057907,0
0,0.22253765617090276,0
0,0.1608300140960746,0
1,0.039241272976634205,0
0,0.003813266278480325,0
0,0.7167976150189684,1
0,0.012641925804014109,0
0,0.0034426504283871016,0
0,0.7885297390149169,1
0,0.001468322405663304,0
0,0.031962305311462255,0
1,0.9908540215345447,1
0,0.3071361292556557,0
0,0.000884187118473696,0
0,0.807936812877613,1
0,0.7707967260744447,1
0,0.07760518916183481,0
0,0.01511964034570464,0
0,0.04496457454017126,0
0,0.5738388172902105,1
1,0.2616248746199736,0
1,0.8225575866418078,1
1,0.5239142809755275,1
0,0.002072199705622362,0
0,0.1874511290058806,0
1,0.9053247285557354,1
1,0.7917292633907413,1
0,0.7402160814749265,1
1,0.9982280122901086,1
1,0.859504417077017,1
0,0.12709421091819625,0
1,0.7451082105124683,1
0,0.3841286197163958,0
0,0.401292582026043,0
1,0.9891862298288874,1
0,0.22210910846222867,0
0,0.01968152147093833,0
0,0.4740157099141033,0
1,0.9810407677592639,1
0,0.6559182881373667,1
0,0.13262520747790563,0
0,0.2107816469347548,0
0,0.012543587573154257,0
0,0.04548985322334355,0
1,0.6746735063582305,1
1,0.9736510234425052,1
0,0.15703917918481486,0
0,0.01995853048925455,0
0,0.6041660615668297,1
0,0.6519628864361017,1
0,0.7095292745309997,1
1,0.16126947106618386,0
0,0.4234734174179109,0
0,0.3802367797070994,0
0,0.007422911209058474,0
1,0.7974276645301064,1
1,0.8985152739810064,1
0,0.0016687112377794207,0
0,0.004163222037690108,0
0,0.012292572794828396,0
0,0.02485699357609755,0
0,0.2079190749912846,0
1,0.986348627932488,1
0,0.2449310367698714,0
0,0.5645761812203224,1
0,0.002227475863567618,0
0,0.6151822097734786,1
1,0.6137554261290951,1
0,0.0037796592757955933,0
0,0.46666164250314723,0
1,0.6544513817017952,1
0,0.035194128074144945,0
0,0.0027748850919514646,0
0,0.600787124208474,1
0,0.028741251783677174,0
1,0.741415480193826,1
0,0.05335982276711053,0
1,0.728424584488946,1
1,0.5987244035933637,1
0,0.4240386965986785,0
0,0.27542481297267224,0
1,0.7625553430376583,1
1,0.9857310086942147,1
0,0.1625655045137926,0
0,0.41161331377140703,0
1,0.8172497861692497,1
1,0.8307174194835899,1
0,0.04647277395840403,0
1,0.9973280483662569,1
1,0.9983116710668785,1
0,0.035737759381409204,0
0,0.6096597601350625,1
0,0.19908851280234963,0
0,0.0017727398162161602,0
0,0.010343560858877476,0
0,0.19981321360887577,0
0,0.019828968075737086,0
0,0.07992978000920314,0
1,0.41540127499331037,0
0,0.5871194938272336,1
0,0.0104018180275586,0
0,0.016530134434385106,0
0,0.1266972061196538,0
1,0.6851881404182172,1
0,0.0937114516867291,0
0,0.037949065595091834,0
1,0.9793320221053219,1
0,0.6960174149529351,1
0,0.03136214045056112,0
1,0.8917456357186659,1
0,0.28082384247115305,0
0,0.0023583592307559248,0
1,0.729381564931864,1
0,0.14670460971779037,0
1,0.6270766833362353,1
0,0.7333870087421716,1
0,0.25233915889935277,0
1,0.9950682312037408,1
0,0.011008007967480457,0
0,0.6333181287974875,1
0,0.0033552849571602487,0
1,0.9986121712937951,1
0,0.027544199144443872,0
1,0.8140494978434403,1
1,0.7519418562964191,1
0,0.5379620360689394,1
0,0.006432609121725513,0
0,0.077956745680704,0
1,0.3124676157562799,0
0,0.12681792087352484,0
0,0.4968257274818507,0
1,0.7281946512249087,1
0,0.30483331995662344,0
0,0.7931714354234642,1
1,0.5371908398426724,1
0,0.0074481357045658655,0
0,0.009631596086297224,0
0,0.0007892420726808635,0
0,0.06559781825314254,0
0,0.1153551204895535,0
0,0.2138233654797141,0
0,0.010541422966407137,0
0,0.31452301459200294,0
0,0.015994122893887523,0
1,0.28552811084164964,0
1,0.9164889971480235,1
1,0.992126472063709,1
0,0.11044740031102424,0
0,0.16343412118728165,0
0,0.0010131795655437122,0
0,0.0056990350540828535,0
0,0.0542425815822356,0
1,0.9969766912847587,1
0,0.0016929865492925807,0
1,0.9939761666903696,1
0,0.04451452247423433,0
0,0.0055370760228302274,0
0,0.1484773454423467,0
0,0.7019676257618266,1
1,0.9031212088812464,1
0,0.08185796605191506,0
0,0.38023275881948715,0
0,0.27092287749688876,0
0,0.05096854550326643,0
0,0.08306018868929749,0
1,0.9218240060116124,1
0,0.46614107196422294,0
0,0.03830577010678026,0
0,0.753666537979823,1
0,0.5123131652125295,1
0,0.34704293350104287,0
0,0.32794111166952944,0
0,0.4571712185868534,0
1,0.8243445580887397,1
0,0.08145220056387512,0
0,0.6217690268595814,1
0,0.7335285667527596,1
0,0.00439757817058468,0
0,0.0602971684208174,0
0,0.043862600377660675,0
1,0.9126111519611455,1
0,0.1661488915241924,0
0,0.03870779358297797,0
0,0.07608279842659317,0
0,0.7713129585768596,1
0,0.0014479136716275371,0
0,0.918902050214107,1
1,0.6076158472761158,1
1,0.9934781000764873,1
0,0.032177474161722217,0
0,0.34674147473651196,0
0,0.015178932615925197,0
1,0.9876439582664631,1
0,0.021907198031756753,0
0,0.0027413173430040475,0
0,0.033102460951883524,0
0,0.01696165485672627,0
0,0.027927931681378502,0
1,0.5867149174174844,1
0,0.09906070783495588,0
0,0.0164138042780014,0
0,0.032670198978738345,0
1,0.7025800194068834,1
0,0.16256315154552697,0
0,0.010140810897767246,0
0,0.0005315726710249828,0
1,0.6922876045823855,1
0,0.7719473836930979,1
0,0.7373051052026829,1
0,0.0012871311444392702,0
0,0.03995270072959913,0
0,0.009139094557254845,0
1,0.8286403102750038,1
0,0.6234949189279471,1
0,0.03715326128926636,0
1,0.9823922296960252,1
0,0.8417922392156033,1
0,0.004297236138034164,0
0,0.006948112189601859,0
1,0.7529173716264658,1
1,0.7969022847824198,1
0,0.012169165743875351,0
0,0.015950826740902826,0
0,0.012215926818949821,0
1,0.6055019094737633,1
0,0.22765097585807004,0
1,0.4698366151623546,0
0,0.029487506688924015,0
0,0.5251348104836087,1
1,0.25654004069784414,0
0,0.4388187257677568,0
0,0.020799273066513902,0
0,0.23651492961881806,0
0,0.034623380687762106,0
0,0.044076283054308205,0
0,0.03173980457249892,0
1,0.6492368628123196,1
0,0.3327113235809764,0
0,0.8532343000472489,1
0,0.03013921279751218,0
0,0.09248545904722413,0
0,0.012963393644386551,0
1,0.25652903593732185,0
0,0.2752366527978927,0
0,0.4616379148173676,0
1,0.9980247833703596,1
1,0.4147835646960613,0
0,0.058353760202151626,0
1,0.7047583650086391,1
0,0.001303880392408104,0
0,0.04037598617522372,0
0,0.5425699339983568,1
0,0.0011140459462683479,0
0,0.2572066280718439,0
0,0.3053584725280497,0
0,0.2351888560186559,0
0,0.005326133449121997,0
1,0.4888393877366174,0
0,0.008100775856521837,0
0,0.5222443486608032,1
0,0.45620013183424674,0
0,0.08641296769592134,0
0,0.3525472432162318,0
0,0.6664307238347884,1
0,0.024675040318910057,0
0,0.6663458929626548,1
0,0.3128992837322483,0
0,0.11427038854105118,0
1,0.9993301370028453,1
0,0.7397590217565648,1
0,0.0009147093617882086,0
0,0.0035737260843713534,0
0,0.02887449664934692,0
0,0.0631977067132402,0
0,0.03081102404497736,0
0,0.8211677888011945,1
0,0.062509846806824,0
0,0.7343409227443835,1
0,0.005428171753997073,0
1,0.9885656320199694,1
0,0.05255263898331969,0
0,0.12055498328946591,0
0,0.037742314956775574,0
0,0.04865607125187566,0
0,0.04789902861913192,0
0,0.5573559173123603,1
0,0.10087285778016705,0
0,0.01886688306391363,0
0,0.0012510099584327223,0
0,0.012861186100237069,0
0,0.04814582587488764,0
0,0.06838734860073035,0
0,0.2047520446308212,0
0,0.00818332385093469,0
0,0.023850197476597057,0
0,0.072890658056135,0
0,0.14775772104140714,0
0,0.00821317090360678,0
1,0.9775193520958897,1
0,0.17304096870903793,0
0,0.03901557539961245,0
0,0.034880264014839055,0
1,0.5491502054519586,1
0,0.4345319620862956,0
1,0.8935892966577973,1
0,0.23118450809655525,0
0,0.07104896144061412,0
0,0.4592190385385892,0
0,0.7871820960816523,1
0,0.08835070636976378,0
0,0.48196993441887126,0
0,0.026295768238884836,0
0,0.6898844198788143,1
0,0.3802772291538513,0
0,0.011005072543970864,0
1,0.9984373846263559,1
0,0.01046874362734074,0
0,0.04654891463718914,0
1,0.8599502399587724,1
0,0.04120398231439503,0
1,0.5490414160667982,1
0,0.041458661038921304,0
0,0.0018319297968407257,0
0,0.4785231008886792,0
1,0.9991079256018067,1
1,0.8474840146322679,1
1,0.9899472515458893,1
1,0.19818928404763134,0
0,0.005268501689585825,0
1,0.9984280282594818,1
1,0.6313273955263284,1
0,0.2450965697299745,0
1,0.9715511727413618,1
0,0.15315102664703328,0
1,0.9984175733519637,1
0,0.1887749203804209,0
1,0.766982552486516,1
1,0.9983284522777658,1
0,0.2116492549912143,0
0,0.001467484120637893,0
0,0.7429324656472986,1
0,0.011232826250620213,0
0,0.1401300442457192,0
1,0.3976634441101553,0
1,0.023638488040654555,0
0,0.04328874729310466,0
0,0.006978177470411624,0
0,0.10993458556747192,0
1,0.9854802733829963,1
0,0.004811956811690595,0
1,0.9060566730749751,1
0,0.042611946808350815,0
0,0.0015505576416716181,0
0,0.4416649289363976,0
0,0.023822932246103806,0
0,0.06868995855462204,0
1,0.9977564160248265,1
1,0.29282033677345704,0
1,0.8726980844558223,1
0,0.07161371725475497,0
0,0.044319632572422184,0
0,0.024909288201289424,0
0,0.05007810311646292,0
0,0.008556448426167077,0
0,0.4063967622128078,0
1,0.921535353780803,1
0,0.47566585058380195,0
1,0.7084712852312711,1
0,0.6202180503565639,1
0,0.45181723277139435,0
0,0.1309850967785991,0
0,0.11335271224422175,0
1,0.7295076635998918,1
0,0.0038406981697708567,0
0,0.029122948057276898,0
0,0.776316462487473,1
0,0.029577792765434423,0
0,0.42109358525997437,0
0,0.06568185774702545,0
0,0.42708633285920716,0
0,0.47282566977013313,0
1,0.7372525847384238,1
0,0.012626144623320353,0
0,0.04303023463222572,0
0,0.6229618235718696,1
1,0.7871986100904311,1
0,0.692240422981833,1
0,0.03128946750044163,0
1,0.5137048474356839,1
0,0.6480314240022637,1
0,0.07660418846074499,0
1,0.7722213061247096,1
0,0.009883943394451956,0
0,0.12162776433611668,0
0,0.03514950188349685,0
1,0.9199089924168049,1
0,0.008148091998116497,0
0,0.16426629138858304,0
0,0.8263966118406576,1
0,0.03147536986471417,0
0,0.02545743890921708,0
0,0.024022919505966654,0
1,0.8371877261597336,1
1,0.14407350841624286,0
0,0.30940381434545167,0
0,0.051608518853526665,0
0,0.03245659113547693,0
1,0.6320142664705468,1
0,0.10892457642092876,0
0,0.0009939167718020234,0
1,0.8289804689539593,1
0,0.14494685183294842,0
0,0.06088953995332768,0
0,0.3806319212545586,0
1,0.10838113400153093,0
0,0.34583076412717634,0
1,0.910912442805217,1
0,0.42165433300713623,0
0,0.0032203012432908936,0
0,0.06644703780689352,0
0,0.6787712254231341,1
1,0.998364827369279,1
0,0.003371659914987464,0
1,0.6804944089935925,1
1,0.7442581334114501,1
1,0.501891860280438,1
0,0.0011315665727806594,0
1,0.9994625451698768,1
1,0.9990024517790703,1
0,0.02895939892923924,0
0,0.0275570495917292,0
0,0.01660877711718224,0
1,0.8497631643524178,1
0,0.3007419098406831,0
0,0.2593240593292436,0
0,0.009300843295816137,0
0,0.01721406694704253,0
0,0.6657625895836654,1
1,0.4108341315614401,0
0,0.0034265015412726805,0
1,0.32536581223890043,0
1,0.9159191816913426,1
0,0.022003139251583828,0
0,0.05453494602083296,0
1,0.891971419279181,1
0,0.0026092304032971202,0
1,0.9873369516417906,1
0,0.2741023709965097,0
0,0.6960174149529351,1
1,0.6211299508182396,1
0,0.12849431891843022,0
0,0.004090216604600206,0
1,0.9976966459675849,1
0,0.0010653910290187286,0
1,0.8142442634106684,1
1,0.514566684883392,1
0,0.6971954267562375,1
0,0.023893860243158285,0
0,0.6366377332985288,1
0,0.36141348439251525,0
1,0.9822188649453458,1
0,0.03356506434109036,0
0,0.18901066951534087,0
0,0.036514126547929175,0
1,0.5938883129742528,1
1,0.9993943370139885,1
1,0.9983177680831481,1
0,0.038864784368593246,0
0,0.010464331703359264,0
0,0.20922086120834724,0
0,0.03173064312155651,0
1,0.9963630986094385,1
0,0.15292348152516103,0
0,0.008375022392671546,0
0,0.0119214973658042,0
0,0.5016853695801389,1
0,0.01681413501511905,0
1,0.44720032590968994,0
0,0.0033687314149421273,0
0,0.8300495574110935,1
0,0.01119808754124333,0
0,0.05263435146310568,0
1,0.7174931278176138,1
0,0.0009568296309008597,0
0,0.028460477682019338,0
0,0.5330175972658491,1
0,0.6268523218543636,1
1,0.9079552373267739,1
0,0.21957307555741726,0
0,0.1735608516594426,0
0,0.12212454854884838,0
0,0.006746944343190789,0
1,0.7229513200087455,1
0,0.0838953225133932,0
0,0.0023023850253400912,0
1,0.9897828332535941,1
0,0.1852474450522794,0
0,0.008107280971131132,0
0,0.8188178088374809,1
0,0.04168259744344782,0
0,0.03321916140794876,0
0,0.5824794828271816,1
0,0.07217871030512488,0
0,0.007286296669962231,0
0,0.023263787294741746,0
0,0.0020767530189473213,0
0,0.005586077972895865,0
0,0.009250095867960113,0
0,0.04112941135636797,0
0,0.2475963419341614,0
0,0.050748697013723795,0
0,0.635611616259923,1
0,0.12505218237452476,0
0,0.002762669341781419,0
0,0.002787437639032183,0
0,0.14295589150787952,0
0,0.624285971959402,1
0,0.0767254560329236,0
0,0.8946692684038379,1
1,0.8036230001225588,1
0,0.0019242198068863767,0
0,0.018006213339759696,0
0,0.19868454351332823,0
0,0.05914971850656542,0
0,0.011177547591350867,0
1,0.9913932986454773,1
1,0.9857836394390077,1
0,0.01931551955220821,0
0,0.056315162410300316,0
0,0.020668950410642754,0
0,0.5188859740091539,1
0,0.026785656138913694,0
0,0.09894301050188088,0
0,0.45248287069262866,0
0,0.5272795283130164,1
0,0.043721319286515625,0
0,0.0036921209468995745,0
0,0.0024580776990948947,0
0,0.027689568955867164,0
1,0.7753293060636642,1
0,0.002159808085859553,0
1,0.9813755854312134,1
0,0.07209156205214054,0
0,0.16967223656005673,0
1,0.6614789030668234,1
0,0.006390981859134498,0
1,0.7554945945019889,1
1,0.7859695562161828,1
1,0.9251431798989407,1
0,0.07817427023841796,0
0,0.14874548342770025,0
0,0.7580623946613527,1
1,0.9336048548293395,1
0,0.05004432409491543,0
0,0.10310780707468756,0
0,0.02676793310434368,0
0,0.003675790244835835,0
0,0.043621578121474484,0
0,0.5527191150292888,1
0,0.0017407566691993192,0
0,0.00339140179482097,0
0,0.042246558156141326,0
0,0.05841910623062062,0
0,0.10098515074523856,0
0,0.04604564108907663,0
0,0.04915707261427491,0
0,0.03376722715209752,0
0,0.11776930746450436,0
0,0.6516802342323165,1
0,0.5728944578467027,1
0,0.012454146379120361,0
1,0.7598543514659948,1
0,0.003072109949233094,0
1,0.04024650681654638,0
1,0.663345432199411,1
0,0.011782676029490655,0
1,0.6993611118530606,1
0,0.0012310559238185254,0
0,0.0428562285702192,0
1,0.9844638633438297,1
0,0.08636279895144088,0
0,0.009406304832569387,0
0,0.05609452879469182,0
0,0.0005272225239334659,0
0,0.46785610032379304,0
0,0.0036172165617528403,0
0,0.04296594786832362,0
0,0.7750752449258558,1
0,0.0626040211149262,0
1,0.9976428669830328,1
0,0.37140446149327705,0
0,0.19859810935102187,0
0,0.07363931794960536,0
0,0.1454216687709641,0
0,0.18620292553861892,0
0,0.035643639527433046,0
1,0.8137723194496715,1
1,0.8743977560531918,1
0,0.055532101354815774,0
0,0.0011277054673700688,0
0,0.24298565900673574,0
0,0.13521703182725503,0
0,0.0164135249719666,0
0,0.0689038756134337,0
0,0.20864197044782082,0
0,0.03573677873261984,0
1,0.5932091988144074,1
1,0.8725848467508523,1
0,0.2772043210580535,0
0,0.18623674976872304,0
0,0.014078675169708985,0
0,0.05832748620741681,0
1,0.918960443580768,1
0,0.033748163627657125,0
0,0.012632676724312323,0
0,0.18011340086063796,0
0,0.6958483069920294,1
0,0.007269129081414083,0
0,0.3427737425437018,0
0,0.6213130898810991,1
0,0.022510433785461945,0
0,0.010160363816315444,0
0,0.330387903440655,0
0,0.01290234300203387,0
0,0.5302038783692559,1
0,0.02742874609099597,0
0,0.01022122253434533,0
1,0.48027987026972596,0
0,0.013377198639910918,0
1,0.9871060066834351,1
1,0.9111645394764202,1
0,0.02984459952925566,0
0,0.11300238973406475,0
0,0.007730825313188134,0
0,0.04403826428454994,0
0,0.09405923030892362,0
0,0.03781015912594871,0
0,0.0055125872255503165,0
0,0.5019871836835473,1
0,0.01698565873431826,0
0,0.002266235661513597,0
1,0.7278323544404971,1
0,0.8298583294118178,1
0,0.038386694141886134,0
1,0.9975071764908334,1
0,0.5837675571258137,1
0,0.43103443063142055,0
1,0.6438233292272816,1
1,0.905010999999123,1
0,0.004016555570582463,0
0,0.9116367547616827,1
0,0.2892275383631247,0
0,0.0019493044912481786,0
0,0.46047720632910094,0
0,0.5635478499980652,1
0,0.036106219193305124,0
0,0.024838200952242425,0
0,0.047384211893031145,0
1,0.7891163790871448,1
0,0.10285730142595222,0
1,0.896529497916998,1
0,0.0013303891256800917,0
0,0.000789964908473929,0
1,0.9963547585730571,1
0,0.5592553603682391,1
0,0.043987196395489585,0
0,0.010262972427379736,0
0,0.5542955976471838,1
1,0.6204494577695725,1
0,0.0025959269115598854,0
0,0.75331078243464,1
0,0.2623059229150657,0
0,0.14971292642305264,0
0,0.7540695030071668,1
1,0.28970155860124036,0
0,0.0024992177587181636,0
1,0.7983568781059472,1
0,0.033768776095870034,0
0,0.014371699202591482,0
1,0.8753946297055747,1
0,0.29728042563420637,0
1,0.9980545524159623,1
0,0.10883339354306416,0
0,0.06102037735085423,0
0,0.7373051052026829,1
0,0.0027130371739005348,0
0,0.11891124772852457,0
0,0.05904760859749191,0
0,0.011308293225519715,0
0,0.021294300812702803,0
0,0.06501696523575541,0
0,0.023272186331119063,0
0,0.037693345533785165,0
1,0.828047588040353,1
0,0.6098983750367163,1
0,0.0028989081846412046,0
0,0.06839260635728585,0
0,0.2840255458741763,0
0,0.10212123890055311,0
0,0.008682596308249,0
1,0.36583166530540495,0
0,0.02033165352103444,0
1,0.9980685210043613,1
0,0.25112077245480496,0
1,0.9978681488286505,1
1,0.6754880084248498,1
0,0.0037072867344040182,0
1,0.9866333931921971,1
0,0.7563853629430595,1
1,0.9972373403242536,1
1,0.7822751515571584,1
0,0.48197562200181754,0
1,0.9932824301150015,1
0,0.08426878603353266,0
0,0.7268499372992114,1
0,0.003333776967255489,0
0,0.005259882212769831,0
0,0.05385122175157691,0
0,0.5573917132629864,1
0,0.08304040350981198,0
0,0.2733914854496555,0
1,0.8092975590453968,1
0,0.5918520765028532,1
1,0.908199476390036,1
0,0.011333209209143182,0
0,0.006431693091313866,0
1,0.9994922563700364,1
1,0.983862314470093,1
0,0.051848019142662134,0
0,0.10182911416091722,0
0,0.33714624159557854,0
0,0.3023350058214935,0
0,0.0009462009307132761,0
0,0.6173936121116042,1
0,0.17621092994688112,0
0,0.6213412256374925,1
0,0.5341491479175986,1
0,0.00861958878005745,0
0,0.1069985576161161,0
0,0.0016604953780233083,0
1,0.9886153915020861,1
0,0.8872459910415607,1
0,0.0019690708705536997,0
0,0.6789839253213017,1
0,0.5349534670711952,1
0,0.01470717337553813,0
0,0.004431651154364267,0
0,0.03338517407760071,0
0,0.6313894986569563,1
0,0.011157815437033695,0
0,0.0015915360822904808,0
0,0.04980152224218169,0
0,0.6657047218361881,1
0,0.026891971677113068,0
0,0.0032806636361839663,0
0,0.6748978504336335,1
0,0.0051336052568738905,0
0,0.0025825718851057835,0
0,0.05871776917624879,0
0,0.04612831683113401,0
0,0.07220100593957131,0
0,0.05654185556394511,0
0,0.0006429383057792267,0
0,0.17786848097041602,0
0,0.2268831091271412,0
0,0.819121887126358,1
0,0.016756979453657544,0
1,0.8474840146322679,1
0,0.697731128857833,1
0,0.6628866498992055,1
1,0.9969834241950453,1
0,0.019241662140257812,0
0,0.6713417572425575,1
0,0.12819831972960846,0
0,0.030183778971638715,0
0,0.0018398301230794674,0
1,0.8617479445942035,1
0,0.035349850852488304,0
0,0.476472310745992,0
0,0.35806881574748595,0
0,0.056645943455319835,0
1,0.30427242653442205,0
0,0.1913882606815221,0
0,0.02857645489340366,0
0,0.03852734135805116,0
0,0.14110994081385006,0
0,0.3512724513255615,0
0,0.7674050667066427,1
0,0.42166645609496456,0
0,0.5545207086136994,1
0,0.25428599566602206,0
0,0.0011095514143858473,0
1,0.9964051362853988,1
0,0.6155125410912701,1
0,0.061055810057884394,0
0,0.09159929036980173,0
0,0.8361207717882244,1
0,0.87847675135683,1
0,0.15420190872794576,0
0,0.08412365295552338,0
1,0.42717908189818143,0
0,0.1462437936038316,0
0,0.27388779769123706,0
0,0.0019839928395406397,0
1,0.5294590018889032,1
0,0.1490790512962717,0
0,0.27288941999690536,0
0,0.22944669100549026,0
0,0.028261064352292226,0
1,0.9736003189858016,1
0,0.054565374536906616,0
0,0.1433598781184563,0
0,0.21898144083842241,0
0,0.044665377126001,0
0,0.00874426573966964,0
0,0.027146254341966772,0
0,0.22430582822724596,0
0,0.9065049671911685,1
0,0.21403465782055692,0
0,0.015750025334679355,0
1,0.5555628794907334,1
0,0.41645263493518914,0
0,0.10595140728392125,0
0,0.08978767860886283,0
0,0.007391201098876466,0
0,0.03171052818610721,0
0,0.13158700018089137,0
0,0.11516850662370717,0
0,0.5915590688739704,1
0,0.0017034476992788604,0
0,0.79030544107685,1
0,0.006598841125713835,0
0,0.09665948337109624,0
0,0.05387776071140886,0
0,0.02918690233679038,0
0,0.004998371048823517,0
0,0.17961578675044404,0
0,0.7761285217042423,1
1,0.5990353766881368,1
0,0.8477445810737397,1
0,0.8353280967945972,1
1,0.7957267683938959,1
0,0.4346889872321254,0
0,0.06456860296117992,0
0,0.06815701384286792,0
0,0.6273615560449205,1
0,0.9297002700435361,1
0,0.09402753384560097,0
0,0.034403020796159506,0
0,0.2582889035940232,0
0,0.015950282651139337,0
0,0.34379848030915067,0
0,0.3386309581450182,0
0,0.059565632404954834,0
1,0.988036767742907,1
1,0.996686944769904,1
1,0.8839628366183099,1
0,0.13988056626966225,0
0,0.7940052158957909,1
0,0.011976854972723881,0
0,0.39659144615195147,0
0,0.042644047568546915,0
1,0.6516742837694091,1
0,0.07089661969626397,0
0,0.3673639558572685,0
0,0.6771506511010917,1
0,0.003414258846878125,0
0,0.004775490676108628,0
1,0.774333176735911,1
1,0.995644525332181,1
0,0.07022084835980914,0
0,0.4599509667252357,0
1,0.57780325839544,1
0,0.023748823023778533,0
0,0.0199417538328821,0
1,0.6800438494850649,1
0,0.29728060362122394,0
1,0.7105465266419538,1
0,0.18765743683558883,0
1,0.870618144677084,1
0,0.6101558166079334,1
0,0.06217667331766859,0
0,0.018882765422796544,0
0,0.04264652612477008,0
0,0.03973805646682068,0
1,0.7748568359252185,1
0,0.010435008743965869,0
0,0.384432537052337,0
0,0.037260509689922984,0
0,0.02830859218218633,0
1,0.8925842809511167,1
0,0.005509632056707277,0
0,0.4549099550847868,0
0,0.0006992228402228683,0
0,0.3921506810040965,0
0,0.7417772207723323,1
0,0.39270039255530004,0
0,0.018863517384954107,0
0,0.7492787265523821,1
0,0.5210115798787119,1
0,0.001610353659725678,0
0,0.002312745522546256,0
0,0.7183767975447606,1
0,0.007173046133590366,0
0,0.12679778901954958,0
1,0.3552689662920565,0
0,0.9250343104425853,1
0,0.19728379166295895,0
0,0.13279555856135009,0
0,0.8573102174785276,1
1,0.8399582805742509,1
0,0.1251245743076759,0
0,0.027500968465331007,0
0,0.5780126457436918,1
0,0.0023409443349026253,0
1,0.7725964031130094,1
0,0.00607253620343487,0
0,0.011937979003048816,0
0,0.07777314101270295,0
0,0.869823776157962,1
0,0.15964407160557295,0
0,0.664543896379571,1
0,0.7555347760608249,1
0,0.07645320817030811,0
0,0.07846652140634255,0
0,0.11490625199393598,0
1,0.9193831307407889,1
1,0.4460118314787184,0
0,0.016541793899791896,0
0,0.05960666025290895,0
0,0.008023468248582044,0
1,0.8164005283357394,1
0,0.07962378594297531,0
0,0.048076711445682804,0
0,0.05468769448556565,0
0,0.04989768626857607,0
0,0.02821112120407818,0
0,0.002646053676492697,0
0,0.5732798483525778,1
0,0.3517593565874053,0
0,0.05195607338168241,0
0,0.130132015405007,0
0,0.013153954545814337,0
0,0.09227153439575649,0
1,0.980699735546893,1
0,0.03901826362485015,0
0,0.06595889201805401,0
0,0.049834606985412616,0
0,0.3494379530720752,0
0,0.007497933739488296,0
0,0.04214898538342938,0
0,0.006575390103672228,0
1,0.5843863336373312,1
1,0.5818732499516722,1
1,0.2784876887370888,0
1,0.9439331349354539,1
0,0.008236582492534703,0
0,0.7641885718688527,1
0,0.284041377988995,0
1,0.6789285456218315,1
0,0.012774864450528075,0
0,0.3121539652402319,0
0,0.3489418965275488,0
0,0.1754649288630815,0
1,0.7010332748827143,1
0,0.008121041693837979,0
1,0.6805903128475645,1
0,0.2864317991912536,0
0,0.04969894644156949,0
0,0.019352559950028984,0
1,0.8535667945746536,1
1,0.951635871577002,1
0,0.33230431552864503,0
0,0.003120576469295945,0
0,0.3807912567683734,0
0,0.028824383023445796,0
0,0.16745602752677252,0
1,0.9944248831419065,1
0,0.5169826856029722,1
0,0.028316390734406546,0
0,0.03098585124485969,0
0,0.024869462992065085,0
0,0.0040305762266944324,0
0,0.04441628472295416,0
0,0.0370860610106097,0
0,0.5319353706070773,1
0,0.08237840145756975,0
0,0.024934757973084302,0
0,0.9065263706448041,1
0,0.18967764791026256,0
1,0.9983958293067257,1
1,0.6861862987560047,1
0,0.3550099942751729,0
0,0.004229622685153631,0
0,0.08105675623502763,0
1,0.9957958570928875,1
1,0.6822326308578713,1
0,0.7948962716249273,1
0,0.07215860366902054,0
0,0.004716222367909728,0
0,0.001871247839828406,0
0,0.24980826123710093,0
0,0.0026654498183315864,0
0,0.7868716365131663,1
1,0.8636282356155406,1
1,0.8845640534420148,1
0,0.27694377439425216,0
0,0.17664844041947506,0
1,0.9378362766449917,1
0,0.0663879354732514,0
0,0.18356931295777093,0
0,0.66051472999856,1
0,0.0412910830529114,0
0,0.03101864694396629,0
0,0.19554291500855733,0
0,0.011525837873532447,0
1,0.6709077690488023,1
0,0.22094673629623113,0
0,0.17870980742801254,0
0,0.2380103728814958,0
0,0.047916971062727055,0
0,0.15786009263096792,0
0,0.001936097096049553,0
0,0.0027710154935832705,0
0,0.009729409363452428,0
0,0.6705632011091809,1
1,0.790141775147481,1
0,0.006534831746912504,0
1,0.7442515256343489,1
0,0.08407673215517647,0
0,0.4406179048805036,0
0,0.839652029997689,1
0,0.034145737991940955,0
0,0.18836530140445498,0
1,0.7600119776164619,1
1,0.43933496043914555,0
0,0.47025893293767973,0
1,0.8199199036509762,1
0,0.2048728375816731,0
0,0.8202380966973689,1
0,0.09725741711258673,0
0,0.06684363573417472,0
0,0.031465082771714246,0
0,0.017372235471266744,0
0,0.024315961538707184,0
1,0.6803071991874577,1
0,0.40948976573828266,0
0,0.10024696922391925,0
1,0.796331106879667,1
0,0.0015960962583696206,0
0,0.6991699731802681,1
0,0.46837826300004703,0
0,0.06232484273422712,0
0,0.013965601905775135,0
1,0.9980241085810431,1
0,0.00447744208738125,0
0,0.8637460233462065,1
1,0.9957586119147913,1
1,0.04775067010287863,0
0,0.011601474047115232,0
0,0.028168652863941063,0
0,0.04734052071289645,0
0,0.003291641533373967,0
0,0.05288287702281776,0
1,0.036751605358188125,0
0,0.09499447718746577,0
0,0.5303907660541316,1
0,0.01450038152806595,0
0,0.7516100947378676,1
0,0.011160378520782284,0
0,0.17343626600137105,0
0,0.0010937558185351638,0
0,0.12832709808577256,0
0,0.015568373746291903,0
0,0.013181435572379507,0
1,0.5138054469782347,1
0,0.0008258191487711515,0
0,0.6585736820799091,1
0,0.09679173392179985,0
1,0.9937613285014172,1
1,0.3910616960443549,0
0,0.008252840800866756,0
1,0.9984379826347578,1
0,0.003333680455553331,0
0,0.08775864940634279,0
0,0.807263987325609,1
0,0.5992897660073003,1
0,0.66910885454807,1
0,0.003014373820038016,0
1,0.7663236147515768,1
0,0.3592230492648388,0
1,0.9346363706424831,1
1,0.42189894160075403,0
0,0.5279465754342795,1
0,0.048800188026863006,0
1,0.999430438944004,1
1,0.975034568360197,1
0,0.03377445308666721,0
0,0.044130130713180754,0
1,0.3847137861320748,0
0,0.04948001902378297,0
1,0.9250933522159085,1
0,0.37883258202000497,0
0,0.01241280741065584,0
1,0.6387039903991695,1
0,0.016847746983982424,0
0,0.1210423750829402,0
1,0.9924879827572162,1
0,0.11839664200160664,0
0,0.058725086550999776,0
0,0.2156079190859209,0
0,0.04656334918219368,0
0,0.43404847029104876,0
1,0.994876287497613,1
0,0.23215907925344925,0
1,0.19464635062352634,0
0,0.502269139354376,1
1,0.9916171291654999,1
0,0.1730411979027607,0
0,0.0010928012751355066,0
0,0.017372045206916598,0
0,0.6540907161445972,1
1,0.9961194097738534,1
0,0.001085584963055105,0
0,0.75600810848067,1
0,0.008071071531929997,0
0,0.03107197018780749,0
0,0.4315758811175318,0
0,0.6846524453472961,1
1,0.9984991334143195,1
1,0.9983900365205464,1
0,0.5585716890218918,1
0,0.2588283689680248,0
0,0.016080820093944657,0
0,0.0024277432768737314,0
1,0.8979522368950534,1
0,0.9077113662140696,1
0,0.005195209278840616,0
1,0.8193582040604523,1
0,0.27523297607643965,0
1,0.6742613163554972,1
0,0.006052286047410354,0
1,0.737449448949847,1
0,0.6422230246068692,1
0,0.06459719961111086,0
0,0.04989242760055621,0
1,0.7807385160719305,1
0,0.03628471916029022,0
0,0.07909978714389948,0
0,0.07811398410987942,0
0,0.046295612933946316,0
0,0.14260244292056035,0
1,0.8700611168773006,1
1,0.9905285929406966,1
0,0.32575948393939386,0
0,0.0037514529059520275,0
0,0.1043417090031024,0
1,0.7310507283279253,1
1,0.8127316929217444,1
1,0.6237064910455242,1
0,0.011889110633202655,0
0,0.032987261874426646,0
0,0.05850494303404429,0
0,0.011380227058666474,0
0,0.0959761678944531,0
0,0.02285384001387438,0
0,0.013430712228699963,0
0,0.6640864404297456,1
0,0.10570285916211258,0
0,0.014455239240530417,0
0,0.029463939481161043,0
0,0.17707740829013818,0
0,0.5325807941090056,1
0,0.03846206788330889,0
1,0.8955009825255558,1
0,0.05080454242183154,0
0,0.5458223207632273,1
0,0.8755916806125429,1
0,0.5715042539312419,1
1,0.29999017999355937,0
1,0.9916555307778455,1
0,0.004448855715231078,0
1,0.9846164716365718,1
0,0.38997507370923806,0
0,0.015319192856505839,0
0,0.7115462365849299,1
1,0.990961152815442,1
0,0.14112436301997694,0
0,0.016000102028050484,0
0,0.8761144506613049,1
0,0.10608620635454769,0
0,0.03905875659436343,0
0,0.19673202200925316,0
1,0.9868493034038403,1
1,0.9968366153150943,1
0,0.012995071546871018,0
0,0.4271127796233988,0
0,0.7474889974116328,1
0,0.0348396282454758,0
0,0.004845208922022841,0
0,0.01122737933522151,0
0,0.45499441959254655,0
0,0.0986848422342919,0
0,0.8800953514869945,1
1,0.8478004239752978,1
0,0.17889814443471078,0
0,0.6371150051116218,1
0,0.012007468040630742,0
1,0.7276551410400857,1
1,0.7648981780466,1
0,0.3179858926673129,0
0,0.07138722874129456,0
0,0.035994269932671914,0
0,0.0014380134043283205,0
0,0.0008784275423326051,0
0,0.0031851679944907524,0
1,0.8101803941898428,1
0,0.11917597887622637,0
0,0.9074290320724986,1
0,0.4719003862651288,0
0,0.03276188960434327,0
0,0.3055366993478255,0
0,0.0005743629503663218,0
1,0.9979271419209963,1
0,0.6807490463695375,1
0,0.005624834349077592,0
0,0.409379798920383,0
0,0.37502440644552165,0
0,0.013119424094202062,0
0,0.04431060447413609,0
0,0.8094577045903661,1
0,0.001918659337393431,0
0,0.3855065452629612,0
0,0.6073317768757047,1
1,0.957109951692334,1
0,0.032454774142240614,0
1,0.7008712205222662,1
0,0.6732851919754403,1
0,0.03536484767409114,0
1,0.7826697514347862,1
0,0.08443871921632405,0
1,0.6262373638814346,1
0,0.5498994079965004,1
0,0.0042511542680674684,0
0,0.7192223528528835,1
0,0.09667884691339693,0
0,0.3569070117752214,0
0,0.6542512518170772,1
0,0.16918540238547922,0
0,0.07675622156211209,0
0,0.7634088933935149,1
1,0.9948829680553166,1
0,0.060304341656393395,0
1,0.918142339942393,1
1,0.9072527603918206,1
0,0.19854944433676447,0
0,0.022542094777462662,0
1,0.18143602419655755,0
0,0.09574755492282948,0
1,0.5193626843751934,1
0,0.1686234610279323,0
0,0.586707614737228,1
0,0.47214524224916493,0
1,0.9974882742452107,1
0,0.06222538821790404,0
0,0.011905259328311928,0
0,0.13516844040227,0
1,0.6138439905464356,1
1,0.9924239038420103,1
0,0.14302350310485532,0
0,0.09736354373412964,0
0,0.11292761793277391,0
0,0.47501397824243846,0
0,0.699584454592373,1
0,0.007542707134491464,0
0,0.053482034685606056,0
0,0.13081092955513665,0
1,0.8855543628373751,1
0,0.3086377110415219,0
0,0.26387744074644326,0
0,0.015596024094429584,0
1,0.9910537074949306,1
0,0.17399677038378822,0
0,0.055386092525008264,0
0,0.002571553744584031,0
0,0.8663108966743436,1
1,0.6162601356085268,1
0,0.10326498750963016,0
0,0.052922170313523774,0
0,0.6769565284490917,1
0,0.03856615817176979,0
0,0.9326162988253347,1
0,0.16885438565216532,0
1,0.6127182155987498,1
0,0.00779538103949037,0
0,0.0011849510795687466,0
0,0.06241068740058863,0
0,0.18627631202294773,0
0,0.810769493671418,1
0,0.40140964698155246,0
0,0.024582189873333844,0
1,0.725466058554857,1
1,0.5650493097358961,1
1,0.7609416234532452,1
0,0.009134529441090342,0
1,0.7113543354294515,1
0,0.0011369037532957891,0
0,0.4205232840290054,0
1,0.996992192703525,1
1,0.5518407739621463,1
1,0.9954561941820058,1
0,0.6527044815605784,1
0,0.7074263515422011,1
0,0.0011912889271688087,0
1,0.995664723046223,1
1,0.9983118348562475,1
0,0.9094734213261355,1
0,0.6731019521652868,1
0,0.28602495879520057,0
0,0.36711812360206386,0
0,0.30007535755185377,0
0,0.050998680370529896,0
0,0.04883550531181522,0
1,0.10565093601127871,0
1,0.7438829294854787,1
0,0.006641726264021551,0
1,0.7977324048258113,1
0,0.46763539744699495,0
0,0.0980303405123505,0
0,0.03798348994461393,0
0,0.046214470788280955,0
0,0.2800858457484965,0
0,0.622010039864134,1
0,0.00038325981702467225,0
0,0.049046587312134515,0
0,0.01149198242351186,0
0,0.043688915781372434,0
0,0.047437792232680485,0
0,0.0036216147162992205,0
0,0.4668893829297692,0
1,0.9708526585606819,1
0,0.027316799856717765,0
1,0.9445550510218452,1
0,0.0369602925346616,0
1,0.8387220867592016,1
0,0.1300250842632963,0
0,0.148886215323959,0
1,0.7986117340412379,1
0,0.3025512964094797,0
0,0.09730833976422186,0
1,0.8488162618158707,1
0,0.1015081409874733,0
0,0.025211909783675948,0
0,0.0013110563567977616,0
0,0.1611093605611615,0
0,0.3208330116477368,0
0,0.23170606858515522,0
0,0.009521988412088346,0
0,0.009099615355022338,0
0,0.00637295675858373,0
0,0.6498061854505499,1
0,0.47581863833005594,0
0,0.08588659089761803,0
0,0.005427882738981981,0
0,0.3506644764823281,0
0,0.049419079811861825,0
0,0.0015085193105134136,0
0,0.26975055234649714,0
0,0.01043396711055995,0
0,0.600680795112093,1
0,0.6604901941644495,1
1,0.995636690963057,1
0,0.16405080527926139,0
1,0.755483879834109,1
0,0.0045733128790793765,0
0,0.18309256799964369,0
0,0.3458057051342971,0
1,0.9091852412270772,1
0,0.12472519905540248,0
0,0.3649172189984786,0
0,0.03866904023454347,0
1,0.9974875962169087,1
0,0.6338300687499793,1
0,0.26594798515798584,0
0,0.014424988885177402,0
0,0.30136401833884,0
1,0.8917526266593968,1
1,0.810588351451094,1
1,0.8717301480104178,1
0,0.0034343434156623703,0
1,0.8825461297762865,1
0,0.7496559965523368,1
0,0.07578585526304124,0
1,0.9932549154447989,1
0,0.06720887355158811,0
0,0.15275167039535875,0
0,0.33177321199967014,0
0,0.005995799815140161,0
0,0.0020828822280044347,0
1,0.6227614074064087,1
0,0.7393915176159007,1
0,0.7368386345423817,1
0,0.22517736233727564,0
0,0.3797272355806009,0
0,0.028438068925140832,0
0,0.1692858371262575,0
0,0.01969345108581155,0
1,0.3054647478743628,0
0,0.0028330168237542023,0
0,0.15605426591257948,0
0,0.012697025021375449,0
1,0.9246263225991863,1
1,0.6640864404297456,1
1,0.9457191255495261,1
0,0.005971975167116303,0
0,0.031574050494226936,0
1,0.9984500962556645,1
0,0.22252768232099188,0
0,0.004107352874007363,0
0,0.005289485243640079,0
0,0.019717787061459477,0
0,0.5447848831327168,1
0,0.009571875375024259,0
0,0.0017144737492225228,0
0,0.06383502697106395,0
1,0.8647170158452706,1
1,0.8762408431958643,1
0,0.2859776367661856,0
0,0.02571618639161935,0
0,0.3364100334164934,0
0,0.012861545866081625,0
1,0.6607261261171127,1
0,0.32735410115279084,0
0,0.016015422808727822,0
0,0.20108898600152408,0
1,0.9978304028716655,1
1,0.86932013322152,1
0,0.18396542235938898,0
0,0.23373050337122042,0
0,0.016289555815923347,0
0,0.0018211843222613795,0
1,0.9958241926779288,1
1,0.47803520497902796,0
0,0.0021322210525703046,0
1,0.9984994245673576,1
0,0.6776417374904963,1
0,0.0026959372818367903,0
1,0.6106353168865409,1
1,0.7796789648495517,1
0,0.023866890794834228,0
0,0.2208018209928825,0
1,0.43346009823065834,0
1,0.9011360201959726,1
0,0.1416155612419056,0
0,0.0020019825039365607,0
1,0.900394872294983,1
0,0.031623598854512554,0
0,0.44236119526122514,0
0,0.008354929443607372,0
0,0.10005695444732228,0
0,0.34480514421558445,0
0,0.10905218605113562,0
0,0.033301042776497015,0
0,0.3888951365792964,0
1,0.9972186856400949,1
0,0.42575381715364247,0
1,0.9883452311028591,1
0,0.012107548972996589,0
0,0.33744743879620415,0
0,0.0022448122502424887,0
0,0.11689835695889038,0
0,0.07010376594710477,0
1,0.6667718130765692,1
0,0.178558196108616,0
0,0.009172509069829837,0
0,0.2930039513034918,0
0,0.008480460080871666,0
1,0.8162966383263667,1
0,0.7750267535885895,1
0,0.07162799936626517,0
1,0.931581490274932,1
1,0.8906413340867718,1
0,0.7393701950123972,1
0,0.6734725671658336,1
1,0.9718829551770669,1
0,0.04671580790613226,0
0,0.1466333257357832,0
0,0.3355428241580412,0
0,0.0007158936487700051,0
0,0.030839593855996435,0
0,0.7041033819440329,1
0,0.0025620963518428533,0
1,0.9845946728100345,1
0,0.07888914080961533,0
1,0.6813020796930301,1
0,0.05899176170960068,0
0,0.004642511411665443,0
0,0.7261468984628261,1
1,0.8771651745880245,1
0,0.0020548357618349455,0
0,0.650452900594245,1
1,0.914209746154977,1
1,0.7966601647066732,1
0,0.019136058262730352,0
0,0.016515142159466305,0
0,0.03313027158343747,0
0,0.03975951303437084,0
0,0.8032966323480661,1
0,0.006472608760707817,0
1,0.7954764108150517,1
1,0.27661230753656507,0
0,0.8439711818681781,1
1,0.2539645311224238,0
0,0.6745214619353989,1
0,0.026129438504981006,0
0,0.3042437525302321,0
1,0.8555470767034102,1
0,0.03358881127049446,0
0,0.02542966765165634,0
1,0.8333466085832731,1
0,0.014731478399047142,0
0,0.05650474637069453,0
0,0.0011480028341490673,0
1,0.8543172233478249,1
0,0.028604489216114658,0
0,0.6759353601702703,1
0,0.012880570331527017,0
0,0.1626899683865304,0
0,0.1498278913086621,0
0,0.08074549893477397,0
1,0.15561643372130682,0
0,0.24375404113731822,0
0,0.016104927992489124,0
0,0.012475744045516216,0
0,0.003907744168397373,0
0,0.4109533849979486,0
0,0.0048731018714639005,0
1,0.9954168431667905,1
0,0.030068322017206224,0
0,0.5864565296885066,1
0,0.001750069865972815,0
0,0.0007884497072757657,0
0,0.019614887241736736,0
0,0.015855585213602637,0
0,0.7755732544041936,1
0,0.036615585673361,0
1,0.9921938991551396,1
1,0.5680902935480938,1
0,0.001397535268997581,0
0,0.05355227510744146,0
0,0.7415453954777893,1
0,0.4328023513226226,0
0,0.5450587362638121,1
0,0.0006650182685139743,0
0,0.012115908960322592,0
1,0.702855500313008,1
0,0.10319994874356651,0
0,0.8140740725113993,1
1,0.7527755117957077,1
0,0.2591378593622962,0
0,0.6046697374446837,1
0,0.00841759694591419,0
0,0.4104032483876556,0
0,0.06824976561755328,0
0,0.0031518713234811157,0
0,0.13899449799295355,0
1,0.8473073496189656,1
0,0.1833742613418832,0
0,0.0027413173430040475,0
0,0.34450310945727747,0
1,0.9074998974912365,1
0,0.027300186167131424,0
0,0.013956381494019942,0
0,0.003578491978061813,0
0,0.7839191631751992,1
1,0.8094183712511128,1
0,0.043352597551761,0
0,0.37291671805824167,0
0,0.6545470892350546,1
0,0.3228103426874716,0
0,0.016762783353590792,0
0,0.8757949346678543,1
0,0.24910256000674938,0
0,0.06624472381377666,0
0,0.04552371502411326,0
1,0.9886833319150921,1
1,0.817313804636909,1
0,0.06220717521820254,0
0,0.0020858944663724463,0
0,0.04889793771446277,0
0,0.17421876390775543,0
0,0.17976143834805447,0
0,0.008833620134133675,0
0,0.027270888537055116,0
1,0.9984922090392362,1
0,0.7355449525090624,1
0,0.05303480538434888,0
0,0.3279063279126957,0
0,0.03815985852603202,0
1,0.9159559705563556,1
0,0.010073521481511154,0
0,0.04941989493179335,0
1,0.7374337867585,1
0,0.7469761137708318,1
0,0.33294841095662353,0
1,0.8552566523269179,1
0,0.6919381531630773,1
0,0.6079651160775792,1
0,0.6023610154421082,1
0,0.021819540962059798,0
0,0.7561315642813474,1
0,0.0027291826195577195,0
0,0.40207785107155897,0
0,0.307855123322491,0
0,0.4548152968519502,0
0,0.1245596234381576,0
0,0.22666548361204913,0
1,0.9965537296914825,1
0,0.04438755430077641,0
1,0.4579123280698306,0
0,0.142356642813073,0
0,0.5516419885163484,1
0,0.2526360704398761,0
0,0.10784914645578576,0
1,0.45494024047447384,0
0,0.5395463716067166,1
1,0.4879923685292523,0
0,0.28182756308929613,0
0,0.5600013459359319,1
0,0.033071096918474846,0
0,0.15503487821799003,0
0,0.1945031597358117,0
0,0.367454300648297,0
1,0.851274815002546,1
1,0.9950623627220158,1
0,0.0022447993535812403,0
0,0.03894439505611769,0
0,0.01578042316330732,0
0,0.020586373831269964,0
0,0.2924831671435759,0
0,0.025442674021485864,0
0,0.632625200159096,1
0,0.44453286306332496,0
0,0.37729689599233907,0
0,0.1764362228810673,0
0,0.31772512925786317,0
0,0.055691386491348874,0
1,0.8827034169253574,1
0,0.11725741198006887,0
1,0.598633620438179,1
0,0.6745196509159185,1
0,0.3460470751705388,0
1,0.9946832617601549,1
0,0.1658643215367301,0
0,0.310083103754176,0
1,0.8139559087825426,1
0,0.06773803583591918,0
0,0.9149801388384482,1
0,0.6584639218453091,1
0,0.8142641770608141,1
1,0.47574669563212335,0
0,0.1484473228065767,0
0,0.3226826914291442,0
1,0.2560107359023043,0
0,0.2924897113608727,0
1,0.8231757455146903,1
0,0.015925453058419956,0
0,0.03427447417889314,0
0,0.4714302981358894,0
0,0.739482955380288,1
0,0.05141688238516676,0
0,0.4761461267439765,0
0,0.33714792909337077,0
1,0.7223679290446037,1
0,0.3959729858490442,0
1,0.8454407881899925,1
0,0.03160095686149521,0
0,0.01406949673989965,0
0,0.020852854105913667,0
0,0.0017271846390161558,0
0,0.08957022244144772,0
0,0.004188720146108173,0
0,0.26710797709544265,0
0,0.5169439318191434,1
0,0.05160073108087468,0
0,0.17154668594147257,0
0,0.003705234072445545,0
0,0.06419115088541164,0
1,0.9020215693842597,1
0,0.020920312725623762,0
0,0.5388829253084816,1
0,0.0021629210812867177,0
0,0.15596191848639704,0
0,0.987439427105532,1
0,0.7106773676539322,1
1,0.6248404339301211,1
0,0.008613994953244794,0
0,0.019389321560730578,0
0,0.024733900259655255,0
0,0.2100841053771688,0
0,0.041635811502957254,0
0,0.020525858444223218,0
0,0.13646065890363723,0
0,0.1519305200680321,0
1,0.9979487515068065,1
0,0.200665639330798,0
0,0.00948599049635238,0
0,0.8246527723170364,1
1,0.6619889160467227,1
1,0.9288718402858721,1
0,0.034968600929919456,0
0,0.0076943210213173945,0
1,0.890105275541153,1
1,0.5169216396707624,1
1,0.6182160019175074,1
0,0.032989555424333995,0
0,0.2183740329813409,0
0,0.11452519593137175,0
0,0.10568928138020901,0
0,0.04321147973161639,0
0,0.042017002343008696,0
0,0.8360123435498651,1
0,0.00619729831610784,0
1,0.997869233665295,1
0,0.002159871801713412,0
0,0.5562694748893348,1
0,0.010964488714649997,0
1,0.8735021686179337,1
0,0.06026900232076605,0
0,0.6474012157221207,1
0,0.12977512475342595,0
1,0.25820466950083454,0
1,0.8596920313016957,1
0,0.8270989835510394,1
0,0.714272715896471,1
0,0.3924325936919345,0
0,0.683421841300132,1
1,0.9907410230182392,1
0,0.023394018935174513,0
0,0.002671384227601303,0
1,0.9697985779260645,1
0,0.5410143109315305,1
0,0.5914471064713209,1
0,0.07497864912559402,0
0,0.25649152344880605,0
0,0.8733236013164228,1
0,0.3358489676203099,0
0,0.34100376331493126,0
0,0.24714711539251993,0
0,0.01887279950087169,0
0,0.2565979060778795,0
1,0.8260496865185307,1
0,0.1224629032079911,0
0,0.01700943916093043,0
0,0.12475079984599732,0
1,0.8037102862740009,1
1,0.7530377449431821,1
0,0.09795172979346528,0
1,0.9973020021072816,1
0,0.19017135027131685,0
0,0.0013090067727537474,0
0,0.24174663429738277,0
1,0.5291105417365818,1
0,0.04799692197254248,0
0,0.005467773476429996,0
0,0.2847504239244069,0
0,0.023919675239923374,0
0,0.004377550363898478,0
0,0.027021158629470653,0
0,0.3519778421668793,0
0,0.30079562983390395,0
0,0.018201953966922407,0
0,0.0056325058790452805,0
0,0.32688001609271106,0
0,0.5206642504885143,1
1,0.7854003443243642,1
0,0.19954860934797378,0
0,0.06599921486286252,0
1,0.9000250775931568,1
0,0.07285839659249109,0
0,0.6135885717294125,1
0,0.48427798524223625,0
0,0.048198272864338296,0
0,0.1842686693444798,0
0,0.003153374909492418,0
0,0.013381519838665113,0
0,0.042586996955219426,0
1,0.9966710137603809,1
0,0.4266568104589216,0
0,0.4860377308041938,0
0,0.03327609978798196,0
1,0.7406302478878227,1
0,0.15019235964527528,0
0,0.5300241436359827,1
0,0.06349233722755081,0
0,0.004589053535348304,0
0,0.8027364223371668,1
1,0.9971675536786239,1
0,0.002711068817792294,0
1,0.14319817284650826,0
0,0.3738437060647881,0
0,0.23600190087375308,0
0,0.12233779689430209,0
0,0.09170990628113279,0
0,0.8625898832516246,1
0,0.6059999141148217,1
0,0.16156315370472255,0
0,0.0014982868675078632,0
1,0.9984680144512514,1
0,0.23288780518814983,0
0,0.21787021227094905,0
0,0.0025643770538342453,0
0,0.0014405043618889953,0
0,0.0021674355123202436,0
0,0.001974670428364258,0
0,0.841788149061435,1
0,0.36682670035521175,0
0,0.30009269036125513,0
0,0.0030926192384952986,0
0,0.0051397611715601164,0
0,0.42298645129880097,0
0,0.041840863498040455,0
1,0.8820906705644326,1
1,0.7748923502312844,1
0,0.0015017077158344994,0
0,0.10821626994397107,0
0,0.034075666420967564,0
0,0.10284374431875706,0
0,0.8536750773438339,1
0,0.0011322053861096263,0
0,0.0023750578570185484,0
0,0.020511380950512696,0
0,0.17410433655024893,0
0,0.7481862841059113,1
0,0.017297230581275358,0
0,0.15736737926856983,0
0,0.010204652587286957,0
1,0.9368284267618446,1
0,0.39744176071507753,0
1,0.7745717922900154,1
1,0.8875940847852788,1
1,0.5801133161957887,1
0,0.024242394149004053,0
1,0.9431020680277025,1
1,0.925094235084005,1
1,0.43095161379224517,0
0,0.0355550851421343,0
1,0.1861228313562042,0
0,0.5122922901579473,1
1,0.9971697164012192,1
0,0.005226141816918525,0
0,0.025868754165026226,0
0,0.017924325171139087,0
0,0.841392093844103,1
0,0.022301751482256243,0
1,0.9918919123023623,1
1,0.8386259239343503,1
0,0.002162017620770589,0
1,0.6902941259030101,1
0,0.9450401358892933,1
1,0.9234034956060162,1
0,0.05328727000553613,0
0,0.6604982614581045,1
0,0.5618602766676445,1
1,0.3583851805019133,0
0,0.03206044953103019,0
1,0.15615796286300157,0
0,0.10040774888973072,0
0,0.020466502162730285,0
0,0.029248742057105263,0
0,0.09824642603942649,0
0,0.03316979604659978,0
0,0.7517463223458266,1
0,0.054482567751176755,0
0,0.21523516302509665,0
0,0.12264254516785925,0
0,0.2404473662139024,0
0,0.021548106739935437,0
0,0.024664456722131165,0
0,0.11581811081801772,0
0,0.034826274377497246,0
1,0.9863880015443466,1
0,0.004353728861436799,0
0,0.6766402168618809,1
0,0.011356295948591688,0
0,0.2682524566352025,0
1,0.15793515889664628,0
1,0.830659075823661,1
0,0.0009225637502460223,0
0,0.032552610610846106,0
0,0.03563238068615408,0
0,0.027753172842017747,0
0,0.6826817038002393,1
0,0.017939291656344697,0
0,0.1668406188447364,0
1,0.8181289276132759,1
0,0.45544284389873263,0
0,0.11617953218826857,0
0,0.07531509739060768,0
0,0.01824564200359964,0
0,0.08655772934250398,0
0,0.8376864276763893,1
0,0.44533919268902306,0
0,0.3503413516609977,0
1,0.7096856241336188,1
0,0.2362647976929945,0
0,0.8939502022399901,1
0,0.013027181480576416,0
0,0.011034697253026143,0
1,0.9928015827149217,1
1,0.559427561588588,1
0,0.4335875118172924,0
1,0.5377639202875564,1
0,0.057256934033230504,0
0,0.8798903673468494,1
0,0.7850546071294221,1
0,0.15848804152798832,0
0,0.6361442201439438,1
0,0.5052268013353131,1
0,0.2922292214585672,0
1,0.5635243365519746,1
0,0.2764916818970871,0
0,0.3580073131788843,0
0,0.18237221209744814,0
0,0.670706924953083,1
1,0.9300742509726793,1
0,0.034205328749980314,0
0,0.7803832340106286,1
1,0.839371360055749,1
0,0.005376317696963765,0
0,0.15843684047292822,0
0,0.0534292942310216,0
0,0.5364765262524259,1
0,0.012791782892634032,0
1,0.9979252445061698,1
0,0.2602822377409334,0
0,0.0020844824264504816,0
0,0.033243748795748304,0
0,0.7008654724231436,1
0,0.009946201043691733,0
0,0.1953717901808752,0
0,0.026008664769742083,0
0,0.039823987157389454,0
0,0.07199268652390046,0
1,0.9977708855322965,1
0,0.026480266622652203,0
1,0.8266653127080389,1
0,0.012292160956356844,0
0,0.4103411363865122,0
0,0.0015762122234570936,0
0,0.08143219943540089,0
0,0.3940407520559932,0
0,0.21981806350560004,0
0,0.21917613063133698,0
1,0.7027186732323184,1
0,0.7128756659595741,1
1,0.9864063439693658,1
1,0.9976429092681716,1
1,0.5229095981791262,1
0,0.05657242146151169,0
0,0.07593756149105685,0
0,0.0014236107251790694,0
0,0.0668359905922751,0
0,0.15698974966038784,0
0,0.1184753963439319,0
0,0.02258546550679059,0
0,0.5450827790186086,1
0,0.010243035739374122,0
0,0.0012296686586419291,0
0,0.078965609749992,0
1,0.9796857583196219,1
0,0.5064556507233725,1
0,0.005919124802560748,0
0,0.010923377977970211,0
0,0.04962168140460549,0
0,0.018073976097690733,0
0,0.002732065256943121,0
0,0.022892858154634318,0
1,0.8881801779109554,1
0,0.028872056057290818,0
1,0.7925724269368586,1
0,0.6739131083437441,1
1,0.9976266959995017,1
0,0.005746374075558684,0
0,0.6052141230010366,1
0,0.0022809425434530003,0
0,0.01645659469497301,0
1,0.9981460457415333,1
1,0.9415556922820716,1
0,0.11910808110633235,0
0,0.5505342155004256,1
0,0.36428924550277686,0
0,0.018712811773438504,0
0,0.4962071687372554,0
0,0.13689533766629589,0
0,0.005663068691777037,0
0,0.0023117465937064893,0
1,0.9978957227851798,1
1,0.9969474429646491,1
1,0.9969395839335112,1
0,0.009888356891933427,0
0,0.055193626713467316,0
1,0.9900028856290052,1
0,0.1511764076747313,0
0,0.0020596706932403904,0
0,0.1411845703639683,0
0,0.01514846919556636,0
0,0.046274579752030795,0
1,0.8834659262913273,1
1,0.9012132153085683,1
0,0.012201306397280188,0
0,0.1719472464483501,0
0,0.8104507238874028,1
1,0.8214811470815249,1
1,0.6521190418642654,1
0,0.12141606028143388,0
0,0.021846701473196825,0
0,0.006778650050677752,0
0,0.08756478684554701,0
1,0.8687482620691486,1
0,0.6031779631843441,1
0,0.7078319896978149,1
0,0.033876590526908314,0
0,0.018808592614582897,0
1,0.967550024138285,1
0,0.7441648377730845,1
0,0.39038102889581816,0
0,0.07964866141333152,0
1,0.9978575896572596,1
1,0.9267537452962326,1
1,0.2082623618849557,0
0,0.016880219235096083,0
0,0.1792503026708046,0
0,0.6534878778921736,1
0,0.011823547181479318,0
0,0.3778608156828625,0
0,0.0634585779299921,0
0,0.024310281679849742,0
1,0.9860606130661834,1
0,0.038267413864753685,0
1,0.8484210529581873,1
0,0.825674092381621,1
0,0.11292998102446568,0
0,0.06632933115118075,0
1,0.9807184434782347,1
0,0.09115219442529236,0
0,0.12983585086570715,0
0,0.20617303896524358,0
0,0.0029261033428612223,0
0,0.07893560103611881,0
1,0.8421168752469118,1
0,0.03484231708102374,0
0,0.0028574906319264485,0
0,0.09919526742029477,0
1,0.9829446499511403,1
0,0.0272775377429213,0
1,0.906652537680665,1
0,0.04243480797486561,0
0,0.05654849305019492,0
1,0.9986870662858222,1
1,0.8883515503199089,1
0,0.027282311660408558,0
0,0.75824321172409,1
0,0.049971353979911884,0
0,0.012117776096838815,0
0,0.05411500599513579,0
0,0.2790168467762457,0
0,0.36289330960823313,0
0,0.10407589757246595,0
0,0.012027571139552074,0
0,0.27025944211160813,0
0,0.0994149209375593,0
0,0.6969589298832726,1
0,0.10896359185859229,0
0,0.12821876365982546,0
1,0.7447238826680456,1
0,0.06831116109973996,0
0,0.061741460458647694,0
0,0.10229650536634591,0
1,0.9594993531043818,1
0,0.017748054788476568,0
0,0.0017361285915222114,0
0,0.016409132932420266,0
0,0.0011268796719974684,0
0,0.2985013620641005,0
0,0.003127768725211255,0
0,0.6351521480430182,1
0,0.039110700249241605,0
0,0.07374676986712557,0
0,0.3869517725095029,0
0,0.20839437102216524,0
1,0.6406848756388077,1
0,0.08568461631163556,0
1,0.8099844151006155,1
0,0.3199015195018235,0
0,0.06854868521476892,0
1,0.88327299040321,1
0,0.6636723638129332,1
1,0.7379001349670076,1
0,0.06951837161079659,0
0,0.4571712185868534,0
0,0.03635867480569582,0
0,0.2926107839283187,0
0,0.0030977030898611583,0
1,0.8938838584870465,1
1,0.5762385487864679,1
0,0.16835887527902663,0
0,0.03669046479204358,0
0,0.6986274545919693,1
0,0.24041647077682485,0
0,0.004051579784594463,0
0,0.3148342065705433,0
1,0.9984535583907029,1
1,0.9971721023192718,1
0,0.004844929125214849,0
0,0.003743035503824981,0
0,0.9057209394637982,1
0,0.020150077327325606,0
1,0.8048325710426657,1
0,0.48145190263503784,0
0,0.036450991588861406,0
1,0.9102056762701282,1
0,0.3898766885928063,0
1,0.5206441140484828,1
0,0.5715641488400249,1
0,0.5924417547711935,1
0,0.0018364934133005958,0
0,0.035345371969470935,0
1,0.7672168937988517,1
1,0.7282713193349765,1
0,0.023641047562643843,0
1,0.8607411884206049,1
0,0.8931535526294287,1
1,0.9403668139159052,1
0,0.4548838772036146,0
1,0.9969002231295432,1
0,0.16386207429698152,0
0,0.24644398269404416,0
0,0.03307605612673738,0
0,0.16158337249482776,0
1,0.8880203015125625,1
1,0.8912118818924406,1
1,0.6969419571554567,1
0,0.12714021351711788,0
0,0.0012131857784512972,0
1,0.9350643924541031,1
1,0.998463216846915,1
0,0.015542047348962707,0
0,0.008385497505762321,0
0,0.018181301768384023,0
0,0.01631656065571698,0
0,0.5294987991374495,1
0,0.029880116242593638,0
0,0.096150703945835,0
0,0.003827415233492532,0
0,0.11891476976745799,0
0,0.7326200931818934,1
0,0.4336830797435704,0
0,0.5406452283749245,1
0,0.24257688870639144,0
0,0.4844838121013565,0
0,0.3539873602124623,0
1,0.6331965595745233,1
0,0.263273649006362,0
0,0.012327284012656292,0
0,0.08654068241977626,0
0,0.09682461635705049,0
0,0.6677369318775945,1
0,0.05702672631273186,0
1,0.5136246781738769,1
0,0.0685357120851134,0
1,0.8111372666779352,1
0,0.03232208569321353,0
0,0.3746809148946337,0
0,0.00755734603823848,0
0,0.016891396866805523,0
0,0.00594953941127744,0
0,0.005075317433663293,0
0,0.8107031979035331,1
0,0.032732256578008524,0
0,0.08485691648712122,0
0,0.02086904359589604,0
0,0.5620364813645935,1
1,0.8714775321571726,1
0,0.8354325450139398,1
1,0.28785025842486206,0
0,0.0037371447295826265,0
0,0.1322968745578245,0
1,0.7384819365962728,1
1,0.9914415019451972,1
1,0.893045654111526,1
1,0.9761837074414488,1
0,0.6598978394983214,1
0,0.05612698880661573,0
0,0.010141611568908623,0
0,0.00534041975651755,0
0,0.0017278961012885889,0
0,0.686800187958566,1
0,0.09350633098933057,0
1,0.9932324482756263,1
0,0.025574317206872574,0
0,0.20749131679700622,0
0,0.02004854808680355,0
0,0.01199455943713619,0
0,0.02136131683686431,0
1,0.5693677694086173,1
0,0.3316408521182047,0
0,0.029912584245239432,0
1,0.6875980239298727,1
1,0.9922466229861533,1
1,0.6449737088530763,1
1,0.6666743143085729,1
0,0.32329835470624907,0
0,0.7125958056358839,1
0,0.04733305489917212,0
0,0.005049610594612428,0
0,0.2880728014447508,0
0,0.032190146080707006,0
0,0.038602135012722354,0
1,0.9653043608055873,1
0,0.6871521240346635,1
0,0.03705933938910323,0
0,0.09091635243775333,0
0,0.7436222569653356,1
0,0.4281244971994649,0
0,0.025271080427134666,0
0,0.0025129468147935645,0
0,0.0034388704273006173,0
1,0.988683736391776,1
1,0.6194359226121877,1
0,0.01751023222567078,0
0,0.6562099716233186,1
1,0.7487818982991377,1
0,0.01233423074505824,0
0,0.0035451309108798738,0
0,0.3937431283500754,0
0,0.6760026332578247,1
0,0.16491633719974372,0
0,0.05223676574965767,0
0,0.05718472463685446,0
0,0.0048113985823073305,0
0,0.0029023327751276327,0
0,0.1479661003735232,0
0,0.0011970379992631262,0
0,0.43965511171594873,0
0,0.025527806981925104,0
1,0.19914823134784465,0
0,0.00030873216089169985,0
0,0.06178872027032745,0
0,0.7080305116626245,1
1,0.99675847208018,1
0,0.008683735347003606,0
0,0.3851776398255206,0
1,0.9976333404056681,1
0,0.00801745255488631,0
0,0.05693552336551198,0
0,0.0013329783200877634,0
1,0.9972079679399435,1
0,0.006973427163860611,0
1,0.8846680643104161,1
0,0.049611614223955,0
0,0.47908684062886725,0
0,0.40506256461408696,0
0,0.029943758077362752,0
0,0.001582109771032709,0
0,0.006158842409392322,0
0,0.7503052643993385,1
1,0.9891215183331218,1
0,0.10255159980631173,0
0,0.2940065827574198,0
0,0.5163174416975685,1
0,0.001156537252331864,0
0,0.7373051052026829,1
0,0.0008830738650148818,0
0,0.7140226939587547,1
0,0.42903694199854525,0
0,0.05557814075031309,0
0,0.023451888474097713,0
0,0.00448435990795209,0
0,0.027523911477573028,0
0,0.03423395900461127,0
0,0.01078218983977199,0
0,0.28550283049110425,0
1,0.7107884340608492,1
1,0.6515097879542644,1
0,0.23686994972764938,0
0,0.008584910997646454,0
0,0.03248946113658938,0
0,0.4548063921213675,0
0,0.01285782206331747,0
0,0.10169390468427354,0
1,0.7966731744771106,1
0,0.130284231996049,0
0,0.48050784191175433,0
0,0.2689820189177537,0
0,0.0019203739488661486,0
1,0.9980948588167033,1
0,0.7744220202715052,1
1,0.9737001587916791,1
0,0.03668671139998588,0
0,0.2063812108783178,0
0,0.0012913320620246088,0
0,0.26574848934477674,0
0,0.4474794603747759,0
0,0.4895881870102158,0
0,0.05639660609954453,0
0,0.02733530079979374,0
0,0.02895443402460361,0
0,0.05742690266645523,0
0,0.028099807757143477,0
1,0.311354806027275,0
0,0.053339941112671055,0
0,0.8187493089064423,1
0,0.011671692766801366,0
0,0.0010882960357334994,0
0,0.0011827961453694125,0
0,0.0015143242175038444,0
0,0.0379042827730829,0
0,0.007195623642677582,0
1,0.6232783136051443,1
0,0.3597332113330334,0
0,0.7522936236590895,1
1,0.8806376229013326,1
1,0.3975463009526544,0
1,0.5694034270880238,1
0,0.6276828573581399,1
0,0.23078855151883965,0
0,0.011921227154387804,0
0,0.7600904418728359,1
0,0.6565021476443382,1
0,0.4036677121324928,0
0,0.7229660438296519,1
1,0.4129426523867975,0
0,0.8909917508877704,1
0,0.016342406440503755,0
0,0.09018059189656985,0
0,0.6302426240092642,1
0,0.09793656647737646,0
0,0.14680368814336708,0
0,0.8564272117030166,1
1,0.9147185725930553,1
0,0.8393170088722341,1
0,0.038228353522084854,0
0,0.0386769460886686,0
1,0.8488665845716301,1
1,0.07849602253982542,0
1,0.6475796408999569,1
0,0.005123156783550917,0
0,0.6606680426499626,1
0,0.002592979176841173,0
0,0.02705628945350449,0
1,0.7326590701096978,1
0,0.5740561713696763,1
1,0.4675437788187869,0
0,0.004110233875664214,0
1,0.7763647074718465,1
0,0.12997480687910054,0
0,0.0010635491424746601,0
0,0.6750564205913933,1
0,0.0213911980590848,0
0,0.012791635913623872,0
0,0.16804287416801686,0
0,0.03559649314777729,0
0,0.2940693891924026,0
0,0.5061819012561318,1
0,0.019290522299604106,0
1,0.2470388068578585,0
0,0.01833436252973848,0
0,0.00044013666660279026,0
1,0.9146110013105851,1
0,0.10318783876233358,0
0,0.45504237051443414,0
1,0.9979426604224475,1
0,0.034565402902373574,0
0,0.0304355386545946,0
0,0.7578955356046051,1
1,0.9948892797389011,1
0,0.008576359371221424,0
0,0.026305366296317148,0
0,0.1408668213348096,0
0,0.6219400967958216,1
0,0.01432513752627661,0
0,0.26076693703616544,0
0,0.056152184937671885,0
0,0.5547892539929357,1
1,0.7759766775376242,1
0,0.10787227412278369,0
0,0.015610424608924811,0
0,0.12328715825754853,0
0,0.6787707989458261,1
0,0.5075492958942854,1
0,0.08535219237962902,0
0,0.7432254640977594,1
0,0.008625541412425976,0
0,0.8244644080984086,1
0,0.000918505974336809,0
0,0.3261422165590021,0
0,0.032251638650767994,0
0,0.0016403784312228895,0
0,0.05456366966150436,0
1,0.9860650967962031,1
0,0.005275503960519811,0
0,0.001698661866241185,0
1,0.6588766107061692,1
1,0.880749086320609,1
0,0.025272279135930727,0
1,0.9818850083269614,1
1,0.8819605912371536,1
1,0.7714331304991071,1
0,0.005255455570544761,0
0,0.5242666201535574,1
0,0.15894575917195214,0
0,0.2812880249212783,0
0,0.22577200994163543,0
1,0.7345817566441099,1
1,0.37336941919973726,0
0,0.0019941666459905956,0
0,0.059077586698980035,0
1,0.9153751531800886,1
0,0.025596862184433695,0
1,0.8380818907804332,1
1,0.5755229699018835,1
0,0.016839763481094835,0
0,0.008931043888214798,0
0,0.10002856707574545,0
1,0.04007981073425869,0
0,0.19598034433163938,0
0,0.009443583459771723,0
0,0.04788971910117105,0
0,0.5482715134141524,1
0,0.0006313419995035487,0
0,0.4532157430040497,0
0,0.3954402306708233,0
0,0.030194291891612227,0
0,0.373082241020501,0
0,0.10503454744500863,0
0,0.006636217819126433,0
0,0.00557436612980928,0
0,0.2745682938814291,0
0,0.518344210451125,1
0,0.3706577634770697,0
0,0.325138340694092,0
1,0.9897262602347898,1
0,0.0025488565864776095,0
0,0.013161371494007344,0
0,0.0299929556775724,0
0,0.8005707037357549,1
0,0.006049031375714283,0
0,0.7735489938982102,1
0,0.004179028185522158,0
1,0.853994895694033,1
0,0.12191836840386108,0
1,0.8367370765562208,1
0,0.014009310236575192,0
0,0.5561017565327461,1
0,0.5666515621705486,1
1,0.9987217364353699,1
0,0.7496454220607796,1
1,0.49456826561548,0
0,0.21015340118998932,0
0,0.29009815308013903,0
1,0.9000015355615232,1
0,0.22100177773554122,0
0,0.2082197757236224,0
0,0.054094926253581734,0
1,0.9341624813300919,1
0,0.0011369037532957891,0
0,0.05996506909296507,0
1,0.7483408251294948,1
0,0.22706840502089515,0
0,0.004746033690176586,0
0,0.009689576832696714,0
1,0.7798503369008412,1
1,0.8882212732416611,1
0,0.3489001537509502,0
0,0.00445525502090557,0
0,0.25542090480661783,0
0,0.06740157492839556,0
0,0.27532782756365404,0
0,0.2061063525649488,0
0,0.5652156285081624,1
0,0.6637467483187564,1
1,0.7578872092549919,1
0,0.08440396240531166,0
0,0.7362523931190172,1
1,0.998212959845361,1
1,0.9985089772239998,1
1,0.9954302994980668,1
0,0.00785284611135028,0
1,0.8949087185111466,1
1,0.8358573418912513,1
0,0.7134941384045316,1
0,0.044030548417649425,0
0,0.1529674475198209,0
0,0.008856465356438043,0
0,0.7414058902151367,1
1,0.9947058491714629,1
0,0.226338932700908,0
0,0.0014639687770552372,0
0,0.0011737324298053435,0
0,0.13080724786338208,0
0,0.017677477792107266,0
0,0.010909851370904809,0
0,0.14646927362018472,0
0,0.3902217433396096,0
0,0.7240895349947049,1
0,0.789707451559446,1
0,0.05036517613761142,0
0,0.02675089466973073,0
0,0.7775088850241002,1
0,0.034124315163849284,0
0,0.5875668451993326,1
1,0.8728212338765999,1
0,0.019569068033260563,0
0,0.022114114322271415,0
0,0.0026167554793402365,0
0,0.035903635006497556,0
0,0.05047888315787056,0
0,0.042616065771976866,0
0,0.7108054255878016,1
0,0.01271086735479157,0
1,0.9795426854015701,1
0,0.03230853553649444,0
1,0.7700303069915886,1
0,0.020830821320240032,0
0,0.03351054936043388,0
1,0.8850982218939453,1
0,0.02363623505039893,0
0,0.13944768349411962,0
1,0.9958220298317563,1
1,0.6890382554032614,1
0,0.003673678396662038,0
0,0.28925857524649246,0
0,0.9013251189513747,1
1,0.5340724419471637,1
0,0.024676732857920835,0
0,0.8460737295407095,1
1,0.9032699690916856,1
1,0.47309477668733935,0
1,0.8775447890112529,1
0,0.0020400003648741553,0
0,0.026422671620672602,0
0,0.010174068551529405,0
0,0.0898258472778046,0
0,0.0064181918690639625,0
0,0.013047836733521258,0
0,0.0226003949206816,0
0,0.016912764954853658,0
0,0.007125239619154908,0
1,0.9925042877637472,1
0,0.0028842039773110508,0
0,0.06036964005390542,0
0,0.07139432826719329,0
1,0.9949987691369393,1
0,0.7025054943766328,1
0,0.1229920574782893,0
1,0.9431004511555465,1
1,0.9943009845288846,1
0,0.03205303337347766,0
0,0.3565111165790475,0
0,0.22162341846624048,0
0,0.029355998489416685,0
0,0.06975499041947693,0
0,0.7607550579337599,1
0,0.3158070340860051,0
1,0.6356814867194632,1
0,0.0013243115244169885,0
1,0.9986330025808574,1
1,0.9944703825952157,1
0,0.05259687450669556,0
0,0.397255103420451,0
0,0.751043438455694,1
0,0.056983256074786055,0
1,0.8972264372385759,1
0,0.0011247213063509483,0
0,0.07164417092190657,0
0,0.061657508018725674,0
1,0.9983015798041004,1
1,0.7500757627645238,1
0,0.8004712627384764,1
0,0.10176772706597971,0
0,0.24189084885254972,0
0,0.8577531426950038,1
1,0.8509336178370096,1
0,0.09071249503932546,0
1,0.995938861907893,1
1,0.9868527023742697,1
0,0.1699174518946381,0
0,0.001063741449441686,0
0,0.09588214726468229,0
0,0.024832095854760032,0
0,0.8164437305855109,1
0,0.02711624824424491,0
0,0.0011694186382019563,0
0,0.005262371766566912,0
0,0.010755149634764007,0
0,0.006336266009053522,0
1,0.6527314316538879,1
0,0.001101278426531115,0
0,0.2084235122765746,0
0,0.08055658074839156,0
1,0.9392345468140443,1
1,0.893795251395235,1
0,0.7075945269783509,1
1,0.3869774105498785,0
0,0.04894096971693947,0
0,0.06183443740573605,0
0,0.015309473632624642,0
1,0.9780118341730971,1
0,0.33707343960905123,0
0,0.2919258923146075,0
0,0.7226442409665098,1
1,0.9984137300603106,1
1,0.9192807963605308,1
0,0.002686691888620483,0
0,0.7643440690033677,1
0,0.3128886390320467,0
0,0.2785573739669895,0
1,0.4737244472934242,0
0,0.2342773448086764,0
0,0.8504196309453915,1
0,0.010967929551723666,0
1,0.9986061257256723,1
1,0.9958579240054267,1
1,0.8294749154498748,1
0,0.08913252385277122,0
0,0.023673146031757037,0
0,0.06587713378847608,0
0,0.7889869169015761,1
0,0.20549037312517757,0
0,0.15423455160540284,0
0,0.021253336463473747,0
1,0.46330830745100415,0
0,0.3458662620629899,0
1,0.7562946404768087,1
0,0.3151541001043103,0
1,0.9035914915107475,1
0,0.1126525407803008,0
0,0.18026767026912735,0
1,0.8263071704403404,1
0,0.06666533710276157,0
1,0.9890997753117532,1
0,0.011686112257537367,0
1,0.9978453989456415,1
0,0.19524915667050363,0
0,0.814642746595365,1
1,0.7197135733799688,1
0,0.10462000003225277,0
0,0.09300836391623299,0
0,0.005620093427054036,0
0,0.06722204959176889,0
0,0.013029537624734676,0
0,0.0019772529174575245,0
1,0.5430442713443724,1
1,0.9087080241120237,1
1,0.9214286444391749,1
0,0.47617946509183157,0
0,0.015844305372407042,0
0,0.3446270976514038,0
0,0.011561454264445152,0
0,0.02857609161398832,0
0,0.20559181645248925,0
0,0.44999000231884045,0
0,0.0006780312376652015,0
1,0.9946444654383692,1
0,0.037327058031283784,0
0,0.026383210539179917,0
1,0.5629826644708874,1
1,0.7246192149014888,1
0,0.034139937457271986,0
0,0.9009908767269634,1
0,0.12124466584635223,0
1,0.8482883150952035,1
1,0.7400028574358997,1
0,0.011195408292078154,0
0,0.008088396349902315,0
1,0.8333014428434896,1
0,0.07110704937863997,0
0,0.25273525894458343,0
0,0.27853269722607066,0
0,0.26949263125674466,0
1,0.5351909773742385,1
0,0.34264073168069215,0
0,0.25899770173987763,0
0,0.02996851476314335,0
0,0.022405642708710122,0
0,0.010768433809113864,0
0,0.12465888195130101,0
1,0.9115981529065849,1
0,0.033851330604501476,0
0,0.007400574726313993,0
0,0.5348746374686348,1
0,0.3173699494836628,0
0,0.02230453378081483,0
1,0.9968594196578342,1
0,0.04799403664444732,0
0,0.018331638627366288,0
0,0.2754038748472632,0
0,0.06852901414602218,0
0,0.6120267298805017,1
0,0.008011519733273518,0
0,0.002436003843562272,0
1,0.9984924985919356,1
0,0.08302820975754138,0
0,0.46464441290327096,0
0,0.5702920009662846,1
0,0.8789381994982942,1
0,0.002003014812246475,0
1,0.7878855102366916,1
0,0.13665357213064394,0
0,0.04632450054752385,0
0,0.0712591957041736,0
0,0.6334221448511368,1
1,0.7527679986703583,1
0,0.5784472342153569,1
1,0.8007651771033669,1
0,0.4030134764831909,0
1,0.9908855475910326,1
0,0.04071676481264878,0
0,0.12806757795872448,0
0,0.17611189198832997,0
0,0.8863777454393099,1
0,0.0007742964403293823,0
0,0.43066484299736946,0
0,0.15045221014024582,0
1,0.9986010131981694,1
0,0.31469576504381097,0
0,0.07961203823343022,0
0,0.2568614043370284,0
1,0.6330047734180954,1
0,0.0051517558138876,0
0,0.022580469538567377,0
0,0.04526294691789032,0
1,0.764369534986495,1
0,0.6578666373146066,1
1,0.9308942568445073,1
1,0.8630714669079101,1
0,0.0781448078318117,0
0,0.016502695244905104,0
0,0.21349609317040275,0
0,0.061679197658700155,0
0,0.34057718940169734,0
0,0.7719231259779238,1
1,0.8605286077726355,1
0,0.8057633280533002,1
0,0.12854053328092183,0
1,0.9760562387217642,1
0,0.10140967570747271,0
0,0.6824022047138164,1
0,0.004285675000332424,0
0,0.015454167135594197,0
0,0.41568836533725667,0
0,0.11174195186051156,0
1,0.8659384322772721,1
0,0.09680224939902651,0
0,0.02837817687821408,0
0,0.0011403524162267743,0
0,0.004097773470631307,0
0,0.0424298405959913,0
0,0.1656780354785384,0
1,0.7042109608999291,1
0,0.09294875470263614,0
1,0.49644102325014855,0
0,0.07454230707258898,0
1,0.9972112328109762,1
0,0.015996108247936867,0
1,0.7205652444787709,1
1,0.9971390626529034,1
0,0.5084747508867591,1
0,0.026989983465570203,0
0,0.016722237252091307,0
0,0.5983578122445522,1
0,0.050921513492525994,0
0,0.20813767692437898,0
0,0.4222584380436196,0
0,0.7897977611269857,1
0,0.26016401553232116,0
0,0.021901412379330448,0
0,0.2038418527321618,0
0,0.1379529247340435,0
0,0.007287321031719462,0
0,0.2804905192174299,0
0,0.07520159165838523,0
0,0.0005625355490638943,0
0,0.01250837172361429,0
0,0.8124968342055833,1
0,0.00672790701642439,0
1,0.5167205346254451,1
0,0.02052500984014242,0
0,0.07335220794312586,0
0,0.0317273010800399,0
1,0.9937425112109911,1
0,0.03212100656111554,0
0,0.5486832037056635,1
1,0.9965316671351194,1
1,0.5231856471532119,1
0,0.040704133291880766,0
0,0.0017028413813826651,0
0,0.016745486850823214,0
1,0.48273463306984743,0
0,0.19867627517345768,0
0,0.006608619240542598,0
1,0.7160485585525402,1
1,0.791813481282757,1
0,0.09234897681364998,0
0,0.43360539189853353,0
0,0.14242437209354222,0
0,0.4144548031360853,0
0,0.5516553945518238,1
0,0.7864865785092132,1
0,0.40673758440875457,0
1,0.7376257968835874,1
0,0.007083844372556918,0
0,0.36850768363712766,0
0,0.7178702133887079,1
0,0.005938265833883537,0
0,0.003498633377471518,0
0,0.4580175293349324,0
1,0.6799393423520598,1
0,0.016892082984612533,0
0,0.3601057400453192,0
0,0.15168155177086445,0
0,0.9126454087504475,1
1,0.6891777143223322,1
0,0.009862749379486462,0
0,0.0028179387673441434,0
0,0.026665439111869832,0
0,0.08897646151992694,0
0,0.0106107415649624,0
0,0.024779532510352347,0
0,0.333151515031111,0
0,0.4098924511030579,0
0,0.007147404139673838,0
0,0.602958355942274,1
0,0.05331557390257227,0
0,0.11948316721243923,0
0,0.007559214491577734,0
0,0.01183170793818406,0
0,0.04935512087105246,0
0,0.21609850167490466,0
0,0.7305549563825385,1
1,0.9971530202177691,1
0,0.22265964756313444,0
0,0.0017644199715354868,0
0,0.8589924818754097,1
0,0.42627999034543945,0
1,0.3471012749085586,0
0,0.001218297431567355,0
0,0.020310927746141228,0
0,0.1804346620144349,0
0,0.0032027755253225035,0
0,0.10504603827841746,0
0,0.003766358625873489,0
0,0.32613168805642734,0
0,0.0010596091730404108,0
0,0.5677885587986565,1
0,0.030540576277807912,0
1,0.5127834497656855,1
1,0.5774031873958697,1
0,0.10590104201937783,0
0,0.03027461971708313,0
0,0.06363695969576616,0
0,0.00319276630060921,0
0,0.0021523309505786,0
1,0.6092275041635076,1
1,0.5713144864495001,1
0,0.14734200115464283,0
0,0.007494990580091854,0
1,0.3512401484951733,0
1,0.8405591645194435,1
1,0.29921857005465896,0
1,0.9039885765782391,1
0,0.6622243575130393,1
0,0.011325440433234805,0
0,0.10698767563978757,0
0,0.3491406625548396,0
1,0.7909590498000856,1
0,0.6670157751170427,1
0,0.014114753761055698,0
1,0.9992650549540276,1
0,0.44156951232861896,0
0,0.22821221876831438,0
0,0.024474072976594683,0
0,0.0058039309297033305,0
0,0.028165103460434247,0
0,0.4652457815053212,0
0,0.3063294136107524,0
1,0.9099427340833514,1
0,0.5518143096334126,1
0,0.025093951980766645,0
0,0.14944028980776755,0
0,0.06216445177259943,0
1,0.7552953786368899,1
0,0.010095763289847492,0
0,0.42131777116104663,0
0,0.21145286106073197,0
0,0.08387539766414327,0
1,0.6630620102037467,1
0,0.8923211091059725,1
0,0.08194030012027557,0
0,0.11915508486626926,0
0,0.09603529167763417,0
1,0.8375160046030687,1
1,0.5443232325241121,1
0,0.08696592865584683,0
0,0.006532380141929407,0
1,0.9211643217562399,1
0,0.025332192763139166,0
1,0.8186878468468275,1
1,0.8857423515903173,1
0,0.010591511201349742,0
0,0.2684998943396731,0
0,0.47151118719933854,0
0,0.04893968044456666,0
0,0.26803651951683827,0
0,0.28147231985386467,0
0,0.7337860442359005,1
0,0.013778004734681555,0
0,0.08350847359754601,0
1,0.9861798653074298,1
0,0.002157277564910903,0
0,0.004016048961282951,0
1,0.8424622874677975,1
0,0.7736809421774531,1
0,0.0309595164678463,0
1,0.9220171534449073,1
0,0.0026646970934143047,0
0,0.48452180480167933,0
0,0.009150874845573524,0
1,0.7878678634139793,1
0,0.25862171619707974,0
0,0.1478165234729312,0
0,0.013040108829243826,0
0,0.03781804800032536,0
0,0.1868813698267693,0
0,0.055565055486966074,0
1,0.744140991781369,1
1,0.9808104028299749,1
0,0.15033801686166248,0
0,0.0017666305580159092,0
0,0.6103817152825337,1
1,0.3388790884022604,0
0,0.0809492099392138,0
0,0.7740080855447876,1
0,0.0040699825942567165,0
0,0.07473633736288132,0
1,0.9962138392072645,1
0,0.3247163158772656,0
0,0.8657939689854953,1
0,0.08629639221652757,0
0,0.17114583571895237,0
0,0.12347310827562678,0
1,0.02058881620245594,0
0,0.0010411537258663765,0
0,0.3681844026251631,0
1,0.9286282779301042,1
0,0.7659193668420206,1
0,0.7331262889303668,1
0,0.14638616904853505,0
0,0.0013528518587808188,0
0,0.02743978224305144,0
0,0.8517383216487748,1
0,0.0025660746564721807,0
0,0.009294788534152254,0
0,0.8190493112317685,1
1,0.820437877867856,1
0,0.17346009788141187,0
0,0.003028998935073337,0
0,0.00880156811715362,0
0,0.3124533381926698,0
1,0.9983211362670603,1
0,0.6385241203133561,1
1,0.9931914270568448,1
0,0.17505585035385818,0
1,0.5646353716910291,1
0,0.7178252780172297,1
0,0.0014342033722995538,0
1,0.9975727963451689,1
0,0.09073350788575843,0
0,0.24397758361972757,0
0,0.13869438739432335,0
1,0.8649985505584741,1
0,0.6614719648075197,1
0,0.08516653727830838,0
0,0.014201997313012785,0
0,0.6155209305102418,1
1,0.6908708589551588,1
0,0.17652154555779043,0
1,0.9984101770133141,1
1,0.9287103890732136,1
0,0.9517759271866064,1
0,0.005137773515738733,0
0,0.3760832995066814,0
1,0.9107043795336975,1
0,0.00953516878707164,0
0,0.05912060318458903,0
0,0.07015988419722383,0
1,0.6268711680067618,1
0,0.17482328432557104,0
0,0.5594934065211433,1
0,0.8556041190358687,1
0,0.015697569929384116,0
0,0.08136075296759458,0
0,0.2072626648552453,0
0,0.04067360078216605,0
0,0.6564782680816533,1
1,0.9988091863042633,1
0,0.053825402189474014,0
0,0.5288051086774358,1
1,0.9895440932068211,1
1,0.8378293703687719,1
1,0.9895982050484963,1
1,0.8309359847313796,1
0,0.24787077690113582,0
0,0.18033245526060881,0
0,0.021916919462442817,0
0,0.041928589045634186,0
1,0.6084849515036553,1
0,0.0612123712703088,0
1,0.7736867629180758,1
0,0.0049179402491641355,0
1,0.6651467133065802,1
0,0.46097271631483566,0
0,0.06554434315936551,0
0,0.003909883495173061,0
0,0.14223532567575248,0
0,0.268453877365914,0
1,0.24763193514817494,0
0,0.0463532786169191,0
0,0.45474917261179915,0
0,0.012686501753274829,0
0,0.018599214299302714,0
1,0.9980815054804353,1
0,0.12123111759656979,0
1,0.8540283824835868,1
0,0.6082907560323768,1
0,0.04470510968389371,0
0,0.0016101293656797357,0
1,0.6752781946518088,1
1,0.967239627705523,1
0,0.006222773706895234,0
1,0.649817267989085,1
0,0.0752201865163505,0
0,0.16221453462294919,0
0,0.12767678947889843,0
0,0.10258369219615888,0
0,0.19192130580092231,0
1,0.947471850700234,1
1,0.9237657262921736,1
0,0.1392661275003872,0
0,0.6424822150964234,1
0,0.14053560229079215,0
1,0.47555164462979566,0
1,0.7732677187125058,1
0,0.23225096568485926,0
0,0.012286753863873035,0
1,0.6508666388415499,1
1,0.7305585383717846,1
0,0.24971152857518888,0
0,0.3769093491145931,0
1,0.8706838320512095,1
1,0.8771546421252573,1
0,0.005486653375217092,0
0,0.003589616621279195,0
0,0.20581360163489215,0
0,0.0045634432109177055,0
0,0.43504479466358936,0
0,0.7821727106589281,1
1,0.9964473751281611,1
0,0.011675892171346604,0
0,0.004827830153569447,0
0,0.5291223388595135,1
0,0.012525107694701302,0
0,0.026271559090881552,0
0,0.4544023497451693,0
1,0.8757913636290013,1
0,0.011296179890835192,0
0,0.04421646095955259,0
0,0.06600694624982074,0
0,0.12798606119039058,0
0,0.2553166615663068,0
0,0.17713215445819652,0
0,0.03056876765522341,0
0,0.7027538331830202,1
0,0.005643033544817206,0
0,0.12656558659088396,0
1,0.7236620115717558,1
1,0.9968389202086766,1
0,0.21198253697396868,0
0,0.013161238315238724,0
0,0.17471615862495413,0
0,0.6615365516339298,1
0,0.022258150455283683,0
0,0.17358404255348628,0
0,0.06514025761315144,0
0,0.002034565786331697,0
1,0.04984620250228899,0
0,0.10469707866625283,0
0,0.038128789178167546,0
0,0.2956809635734616,0
0,0.08629228920958766,0
0,0.2119021136395677,0
0,0.7742918033522481,1
0,0.07345813929910905,0
0,0.0010031049502301423,0
0,0.019636690659120912,0
0,0.05384080860502756,0
0,0.5794414011968382,1
1,0.7838510482107081,1
0,0.05542977307913386,0
0,0.0009622694724202222,0
0,0.13691087500702834,0
0,0.0021364557896224293,0
0,0.768990478520107,1
0,0.18909762331036978,0
1,0.933253945208144,1
0,0.6459093492687673,1
0,0.5873803491346087,1
1,0.7140741037874313,1
0,0.006536205196559079,0
0,0.001063741449441686,0
0,0.01571706936538332,0
1,0.998616017928627,1
0,0.002146885813840412,0
0,0.07410077385572973,0
0,0.2631468409603103,0
0,0.11753262803624787,0
0,0.002843910350448469,0
1,0.6328131886998121,1
1,0.9268148222085131,1
0,0.03296195918014905,0
0,0.25081603471167424,0
0,0.0011160968830454044,0
0,0.1704179615557331,0
0,0.026265091729116744,0
0,0.7388597827842698,1
0,0.016752907459635143,0
1,0.18828663968442141,0
1,0.9972736051914918,1
0,0.370347126454519,0
1,0.5232571085648632,1
0,0.008219695486395858,0
0,0.007293289124154534,0
0,0.009554825175814081,0
1,0.9465810570305574,1
0,0.0012852966903105175,0
0,0.0007756346747718197,0
1,0.7917129435328679,1
0,0.4546172243105301,0
0,0.01226408835975471,0
0,0.02337471734881707,0
0,0.49163810007779835,0
0,0.043588789778672886,0
0,0.8624354321395332,1
0,0.0057129675594724556,0
0,0.1644267940836349,0
1,0.851287673345585,1
0,0.036019722578517904,0
1,0.9994193222700053,1
0,0.015894929000389274,0
0,0.07904414747522742,0
1,0.90066339662486,1
0,0.026927670190815645,0
0,0.04016252239662538,0
0,0.05267191497962905,0
0,0.1444271915250016,0
0,0.022652596671378037,0
0,0.45759674625844754,0
0,0.030996707102872206,0
1,0.9957333991081537,1
0,0.08855972772437083,0
0,0.0210376767282647,0
0,0.35904551776441346,0
0,0.018916948549671967,0
1,0.8509370661616503,1
0,0.001521354641177292,0
0,0.0019068403963954225,0
1,0.8689065826333469,1
0,0.022715405077035174,0
0,0.6098031509035012,1
0,0.012286282067850707,0
0,0.00907127654009462,0
0,0.02253812674282105,0
1,0.794268611797887,1
1,0.9962535933667984,1
0,0.0024021822402262496,0
0,0.7062749424677252,1
1,0.9993361406091428,1
1,0.7941855638407517,1
1,0.9982789632359801,1
0,0.004843958899190394,0
1,0.9165561901507236,1
1,0.848686658377409,1
1,0.9073067185066674,1
0,0.011129053059201121,0
1,0.9111288314643108,1
0,0.13360367322239125,0
1,0.5392169788992532,1
1,0.9984137300603106,1
0,0.4608649563626552,0
0,0.005737137471174151,0
1,0.9833645672113677,1
1,0.5832112069018507,1
0,0.0010228475233704706,0
1,0.9213177601508098,1
0,0.03839938425118017,0
0,0.9043154645826542,1
0,0.1405819672043717,0
0,0.06166990361552506,0
0,0.637090215248896,1
0,0.12091964614321465,0
0,0.8494656883965199,1
0,0.009441684876269698,0
0,0.0012751016856352257,0
0,0.059905763883742975,0
0,0.010354528183747842,0
1,0.7168814768220453,1
0,0.004275910403886551,0
0,0.0035047269973718766,0
1,0.8998325860087037,1
0,0.02605456196073706,0
0,0.23219542927908127,0
0,0.0174405303674485,0
0,0.08604569230619448,0
1,0.7971276791337667,1
1,0.9891546867900575,1
1,0.8461852987622585,1
0,0.0032671934479632956,0
0,0.7939566588177996,1
0,0.5782538201617893,1
1,0.9954475702814811,1
0,0.1367811665945766,0
0,0.3513895742351546,0
0,0.007284168113024909,0
1,0.5367285063790749,1
1,0.8599502399587724,1
1,0.9872367594555305,1
1,0.4576009788185943,0
0,0.008887933059954656,0
0,0.008133741103595313,0
0,0.2599063806010467,0
0,0.2673078578486763,0
0,0.03010542591800896,0
1,0.7718319492145728,1
0,0.0038147546534726177,0
0,0.733280417105745,1
0,0.005030146486955114,0
0,0.7416816821710532,1
0,0.02034134666156717,0
0,0.08966694980632618,0
1,0.8062616915946866,1
0,0.007631937241687929,0
0,0.003450340954956892,0
0,0.06471176110982468,0
0,0.04632078115891943,0
0,0.5707765921644643,1
0,0.06445757432094576,0
0,0.007048544705598697,0
0,0.014177073730370861,0
1,0.056428294987066294,0
1,0.6184316547489782,1
0,0.30589898527560255,0
0,0.0018868492095241872,0
0,0.002657567274024007,0
0,0.04931243507190813,0
0,0.007676581487345351,0
0,0.3045915050439976,0
1,0.15557285243981883,0
0,0.13849624317572365,0
0,0.6347484835899898,1
0,0.17343712437877115,0
0,0.0017719488374335452,0
1,0.9888571582786865,1
0,0.36951966973917066,0
0,0.10647220586117209,0
0,0.13427025899290518,0
1,0.44618790442376166,0
0,0.5753360615976993,1
1,0.5431083957992128,1
1,0.42708633285920716,0
0,0.25920673046606435,0
1,0.6233324401281816,1
1,0.6899909192593202,1
1,0.2223648017666018,0
0,0.07154481410131297,0
0,0.024265713706274544,0
0,0.1430469612349459,0
0,0.4674005314492694,0
0,0.09822035096466138,0
0,0.0059478149762574465,0
0,0.8367068773703968,1
0,0.0003631019413015021,0
0,0.7597790354074163,1
0,0.05649901034295968,0
1,0.37487215450551986,0
0,0.20674261577883307,0
0,0.004631758093508083,0
1,0.9980549892523964,1
0,0.15963707005111835,0
0,0.00435580760254765,0
0,0.40648294504359145,0
1,0.9037800635380366,1
0,0.1826160197043839,0
0,0.21568640363869457,0
0,0.01738715428485884,0
0,0.019462637440003733,0
0,0.2980352632574126,0
1,0.8711295026493282,1
0,0.0019927825967981276,0
0,0.022859854442716696,0
0,0.0014553985507959586,0
1,0.5773567180332105,1
0,0.3229931602784334,0
1,0.9973548011828064,1
0,0.04979588736624247,0
0,0.0239483326248813,0
0,0.3737436198479632,0
0,0.10055919066263838,0
0,0.013049144939751503,0
0,0.2548835910723485,0
0,0.3141525011249555,0
0,0.001061604007667582,0
0,0.3766505887654717,0
0,0.0011792458209472418,0
0,0.004321573261601685,0
0,0.001688545509408692,0
0,0.015953728033065977,0
0,0.6325057533457956,1
1,0.5815364574175289,1
0,0.018995975576693108,0
1,0.8646037011753086,1
0,0.4560497015520661,0
0,0.7340375019761167,1
1,0.6558893038054483,1
0,0.010003569716660382,0
0,0.06183498893797227,0
1,0.8700112472298857,1
0,0.12689565586892804,0
0,0.19737211740050958,0
0,0.07154979145405195,0
0,0.46863020469606936,0
1,0.5726025021558286,1
0,0.6028675034254141,1
1,0.4795167491998508,0
0,0.02199568757664294,0
0,0.0207270806034702,0
0,0.16489212017404112,0
0,0.021021358222886602,0
1,0.2304016573709974,0
0,0.08225566789295546,0
0,0.16703225059537244,0
0,0.004028737651551538,0
0,0.14645815278804228,0
1,0.9980754450112521,1
0,0.19213205847303608,0
0,0.0035864016926308267,0
0,0.6812639240317186,1
0,0.07224583667259518,0
0,0.0017840032042538451,0
0,0.032851858039670154,0
0,0.692656094635403,1
0,0.009670903894338426,0
0,0.05807424145616994,0
0,0.22323126537066798,0
0,0.01812847472800492,0
0,0.029014938341780677,0
0,0.03810380100678029,0
1,0.964525656172702,1
0,0.0013497039063946614,0
0,0.4155785978076439,0
1,0.715090039863041,1
0,0.03011785707736282,0
0,0.0697819315070242,0
1,0.9891873969610171,1
1,0.9541750131059874,1
0,0.10384581264694197,0
1,0.999077500477096,1
0,0.08953894903503921,0
1,0.9103157054708512,1
0,0.07304340494595082,0
0,0.02023717227561738,0
1,0.3981042361899187,0
0,0.04777446306575348,0
1,0.30041062043827776,0
0,0.4913044086698439,0
0,0.06333961128988108,0
0,0.9417177479898351,1
0,0.011989708486431275,0
0,0.2503577082101285,0
0,0.6160729801813086,1
0,0.006107672539292215,0
0,0.062371539274671796,0
0,0.3755648782098961,0
0,0.002339765550448323,0
0,0.00795602967238112,0
0,0.0013165897694855508,0
0,0.09563338638292401,0
1,0.3716570485154642,0
0,0.020355507660069688,0
0,0.009347731345630229,0
0,0.0073353476049442595,0
1,0.9100099522168339,1
1,0.9920786780094661,1
0,0.5576654960297674,1
0,0.3368277617139629,0
0,0.5487306987159264,1
0,0.4111402010732252,0
0,0.0037978158995377793,0
1,0.9970254870380659,1
0,0.06966210835198744,0
0,0.04907210243846053,0
1,0.9123520977062781,1
0,0.1571322228903394,0
1,0.8965081089809046,1
0,0.5681382430031416,1
0,0.01418792549225008,0
0,0.10546548672533504,0
0,0.030067682925223358,0
1,0.9953814096949242,1
0,0.8710035632083699,1
1,0.9181321766111643,1
0,0.3806000271117323,0
0,0.40483200152428267,0
0,0.08856510712868781,0
0,0.6198882346405433,1
0,0.4727257589472836,0
0,0.05010525215769091,0
0,0.8256229546370784,1
0,0.09619465712231975,0
0,0.017584421909563594,0
0,0.0009077095315224807,0
0,0.7556616191982728,1
1,0.8218043657340236,1
0,0.00879928403537682,0
0,0.749644026861493,1
1,0.37830722908758824,0
1,0.9976041058961718,1
0,0.46056498955330644,0
0,0.012784883565481827,0
0,0.045934787315838894,0
0,0.12057124316576945,0
0,0.03960213811841583,0
1,0.11097846551613925,0
0,0.01419171711314303,0
0,0.1981897687652056,0
1,0.8312596445824351,1
0,0.07333979477371039,0
0,0.3032452107556662,0
1,0.9337322403385236,1
0,0.04754425926033094,0
0,0.18541466760761513,0
0,0.06997165360021526,0
1,0.971243654379183,1
0,0.00720846910803658,0
0,0.008438029127029529,0
0,0.08415597407059464,0
0,0.0018022894875888934,0
1,0.9869732554629199,1
1,0.9984041149620619,1
0,0.006493361292554949,0
0,0.6601703469124075,1
1,0.8947059329263575,1
1,0.6628866498992055,1
0,0.39951013896230864,0
0,0.36183741334090175,0
1,0.4629637390983586,0
0,0.02496377052510546,0
0,0.00730011222833427,0
0,0.00031952529910467075,0
0,0.039543122868298454,0
0,0.1565857948769677,0
0,0.15887042599654785,0
1,0.0989798438188488,0
1,0.26152160324208384,0
0,0.032441696404108586,0
1,0.2433039761935713,0
0,0.06646156182080036,0
0,0.30369032138117386,0
0,0.0010411878036682965,0
0,0.01722936175364991,0
1,0.8768620397423134,1
0,0.01559571039606012,0
0,0.7202258289275543,1
0,0.05462540179559693,0
0,0.011856346534278072,0
0,0.27673432066800335,0
0,0.2633145740427914,0
0,0.05477194024025288,0
0,0.020144588258857263,0
0,0.1743484197505143,0
0,0.31971822863299465,0
0,0.5145610082523427,1
0,0.04614931172766824,0
0,0.6481699106035645,1
1,0.997860187327117,1
1,0.9548535762272758,1
0,0.17724723699712214,0
0,0.11964649516581344,0
0,0.06330880262477362,0
1,0.9233979162872819,1
0,0.022248788248325567,0
0,0.0005276787842037951,0
0,0.1966580004044442,0
0,0.00878579160460272,0
0,0.440613031628039,0
0,0.8647170158452706,1
0,0.048885385182456415,0
0,0.07144189483802818,0
0,0.5916450535492792,1
1,0.998686901685679,1
0,0.0712263744658313,0
0,0.03350317016213509,0
0,0.13153639298365208,0
0,0.11928496161104585,0
0,0.9140478118933086,1
0,0.007314986480863944,0
0,0.32646474923577123,0
0,0.04814145488273173,0
1,0.15168686365161244,0
0,0.7182783609739495,1
0,0.6198272892687705,1
0,0.6216556675894166,1
0,0.03825059642391508,0
1,0.08600690909487406,0
1,0.8044608611369667,1
1,0.6344378074316478,1
0,0.894730025357599,1
0,0.5928244147156266,1
0,0.6720412516870661,1
0,0.0011643919697020752,0
1,0.9975624265914925,1
0,0.003753407724404271,0
1,0.07420551516653542,0
0,0.004660931263141721,0
0,0.15674396612060998,0
1,0.96265772520966,1
0,0.7538059325624447,1
0,0.19126265490829267,0
0,0.07808655389594722,0
1,0.7671973485914371,1
1,0.9968155776263766,1
0,0.021686524264850068,0
0,0.2752567521139793,0
0,0.7387061537282833,1
0,0.02648210181286222,0
0,0.0012698888119883703,0
1,0.540943596265839,1
0,0.011861796325637015,0
0,0.1025416165651574,0
1,0.38771545380559347,0
0,0.07218974566337547,0
0,0.07809645417419243,0
0,0.43555881627752685,0
0,0.025227968341306962,0
1,0.18801907298694073,0
0,0.5495951197465229,1
0,0.3394423573707733,0
0,0.020750318237187388,0
1,0.5966169752152538,1
0,0.15376693200120825,0
0,0.18288824607243878,0
0,0.4439818647651229,0
0,0.6850958911419937,1
0,0.1647242239615682,0
1,0.9022531280186328,1
0,0.27847248228087346,0
0,0.03395066026309448,0
0,0.0012947335224716087,0
1,0.8735110274086324,1
0,0.01714135255359906,0
1,0.9879749478514707,1
1,0.8490638108567616,1
0,0.0652318862598011,0
0,0.3952805631946595,0
0,0.045074914726851226,0
0,0.8557403082446071,1
0,0.006943864499758398,0
0,0.4354216975713545,0
1,0.6170351245724498,1
0,0.19233180594146138,0
0,0.5837046811620109,1
0,0.07073039320645731,0
1,0.9971790831689267,1
0,0.12557596802610618,0
0,0.725509533631422,1
0,0.003528356346466073,0
0,0.006587335384261737,0
1,0.3571588370852972,0
0,0.025349686495476385,0
0,0.1083905993067469,0
0,0.20505174131729142,0
0,0.014352765264030063,0
0,0.016134128551015422,0
0,0.0037857533346988374,0
1,0.8821056452879283,1
0,0.025600910706530644,0
1,0.7264166473691984,1
0,0.05114505199058607,0
0,0.06498182905588819,0
0,0.005697822111568435,0
1,0.9239013235456046,1
0,0.08259231200773028,0
1,0.4529416516433351,0
0,0.034493248047643144,0
0,0.02977914209669237,0
0,0.853418557929028,1
0,0.10121087670151278,0
1,0.759348496367706,1
0,0.03434815643752058,0
1,0.9026066088234895,1
0,0.07402731463359462,0
0,0.03708687725853472,0
0,0.0477529793796666,0
0,0.5847634930673005,1
1,0.3525159755202244,0
0,0.5280216680496833,1
0,0.01477871447263786,0
0,0.027304481966674062,0
0,0.5433464626693233,1
0,0.1410756531549371,0
0,0.0005300782371022551,0
0,0.03367152022809022,0
0,0.215257663967054,0
0,0.0020935857972544498,0
0,0.004139316086864536,0
0,0.6464763115598886,1
0,0.03282254863355834,0
0,0.003818311986244547,0
0,0.1694118217384102,0
1,0.7077982816568502,1
0,0.04898614678713465,0
0,0.008826843588578966,0
0,0.22764495989463834,0
0,0.07578597859854337,0
0,0.12791540287736863,0
0,0.6109429478696079,1
1,0.9902260198356264,1
0,0.31222049804238483,0
0,0.05629159538304367,0
1,0.9213861770818156,1
0,0.0006791265000616679,0
0,0.004265470915288051,0
0,0.037047462740934914,0
1,0.9955932775328967,1
0,0.0011975772004078548,0
1,0.8199861514984969,1
0,0.47441165871945046,0
1,0.9040114624154042,1
0,0.13416039052429843,0
1,0.9068833545739279,1
0,0.1577582425179674,0
0,0.017477919998004812,0
0,0.09677369383569626,0
0,0.013166373962387254,0
0,0.06635336243049929,0
0,0.7939469640535832,1
1,0.9414771011190219,1
0,0.006453107802725623,0
1,0.9881207310557394,1
0,0.12913868753489482,0
0,0.035029539259103994,0
1,0.9144877252058148,1
1,0.6285720140170227,1
0,0.40943527984264416,0
0,0.2396595616097212,0
0,0.024944317899604006,0
0,0.041624339155186964,0
0,0.1752452138387133,0
0,0.009458044286673262,0
0,0.010492424162080955,0
0,0.22109307120189498,0
0,0.12799837679316114,0
0,0.9018771813988223,1
0,0.0033688193229284365,0
0,0.8122490050833933,1
0,0.7770205991713385,1
0,0.01622808398224902,0
0,0.019831267180630285,0
0,0.09090555781838484,0
0,0.001674652083203095,0
0,0.6231725948784781,1
1,0.8307014719537696,1
1,0.7328586021958261,1
0,0.00513890959684886,0
1,0.6314182458999975,1
0,0.03420078891708662,0
1,0.5920800405523398,1
0,0.1376876528748111,0
0,0.009358613724640067,0
0,0.5640704482447757,1
1,0.9074449451665555,1
0,0.05156431297110776,0
1,0.2670893619234786,0
0,0.0067887595595813215,0
1,0.9989535377402172,1
0,0.009733980222374958,0
0,0.0009139939774934552,0
0,0.39199125981932936,0
0,0.44184942859794407,0
0,0.6880965996036896,1
0,0.4783888697200661,0
0,0.13554269227199764,0
1,0.5050558859631746,1
0,0.21216242295939744,0
1,0.8819922007710903,1
1,0.9327522110914515,1
1,0.5642956016729056,1
0,0.03758436036718538,0
1,0.8798047233564912,1
0,0.08791025153784386,0
0,0.053520313068546106,0
0,0.021179131638129917,0
0,0.02325499708073378,0
0,0.8084235500593981,1
1,0.6526238142812446,1
0,0.38972547480646336,0
0,0.014958212495919287,0
0,0.0021802455209394434,0
0,0.07023081265067183,0
1,0.9983460197809716,1
0,0.14731344863771884,0
0,0.04289003486808827,0
1,0.8194694663811691,1
0,0.2397425287413751,0
0,0.021391749530175662,0
0,0.020862964256805564,0
0,0.009559220655523374,0
0,0.00255982073542936,0
0,0.21688630379361168,0
0,0.5727017188774216,1
0,0.06580146459672799,0
0,0.7798464534662252,1
0,0.290004156529833,0
0,0.017710711850111565,0
1,0.575095915033728,1
0,0.5886057742266447,1
0,0.01897133106688038,0
0,0.6970387908142325,1
0,0.024397307830370526,0
0,0.07745516928598284,0
0,0.22485462955978236,0
0,0.0812469565382047,0
1,0.5156508846357863,1
1,0.5597203241045005,1
0,0.011673361311360849,0
0,0.5812345787927674,1
0,0.34963585391734436,0
1,0.9902754260458329,1
1,0.5828240435016315,1
0,0.0475955877621673,0
0,0.04164629125649845,0
0,0.031692180875185355,0
0,0.68822519191621,1
0,0.08487808004111272,0
0,0.021551861568525687,0
1,0.8844167304785894,1
0,0.4155350549980678,0
0,0.07848807144788778,0
0,0.012569033809429708,0
1,0.9980725080969791,1
1,0.8833290924259314,1
0,0.40246529376602364,0
1,0.9984935304449257,1
1,0.840743467935669,1
1,0.18925613935295255,0
0,0.04568551475557605,0
0,0.015553476284599481,0
0,0.01693191140795052,0
0,0.00862547403583111,0
0,0.01432035910394364,0
1,0.577710965792459,1
1,0.12672468972723036,0
0,0.001290327872018142,0
0,0.5205924341309947,1
0,0.13508136361243855,0
1,0.8349239699704808,1
0,0.2773415888177619,0
1,0.4272039633292308,0
0,0.25136117676573455,0
0,0.27467615368016324,0
0,0.056030653403690234,0
0,0.12388386679785117,0
0,0.8609819962883574,1
1,0.8427253454121039,1
0,0.6146086127714238,1
0,0.002462790291373875,0
0,0.7491458018847617,1
0,0.33316937449894773,0
0,0.538298638110527,1
0,0.15682597742135737,0
1,0.8594746133587506,1
0,0.4703842634539414,0
1,0.9970763816036897,1
0,0.006080705386667305,0
0,0.0014406855866894962,0
1,0.9419783302118603,1
0,0.5996152899220338,1
0,0.15654761886355814,0
0,0.047672298081745626,0
0,0.2610930217970049,0
0,0.35350596443999643,0
0,0.025303426683944346,0
1,0.8304563217949064,1
0,0.32532760763536517,0
0,0.0010135500793394816,0
0,0.44054543901033494,0
0,0.007458082073849739,0
0,0.1855484907547499,0
0,0.004210582427734871,0
0,0.3421914186177245,0
1,0.7099863441137501,1
0,0.07084202310805389,0
0,0.12007322032873308,0
1,0.8554130495155536,1
1,0.9375160499301625,1
1,0.9988438716177734,1
1,0.8602886406260466,1
0,0.011553659592598482,0
1,0.6844377641505259,1
1,0.8441423892276888,1
0,0.05010183315945968,0
0,0.003925141921087964,0
1,0.9881146489406034,1
0,0.02590491978421319,0
0,0.28587361540167633,0
0,0.0016313518401381442,0
0,0.01961629412600268,0
0,0.7723751535336262,1
1,0.8672289389998951,1
0,0.8128924132256325,1
1,0.8422167846999062,1
0,0.012540928357941713,0
0,0.15041156249622809,0
0,0.37950251078941183,0
0,0.7734468597677047,1
0,0.2691342481468037,0
0,0.08721369760915286,0
0,0.16953677527994657,0
1,0.9988039394086576,1
0,0.0012692072314215359,0
0,0.6464043432221985,1
0,0.06818638876151363,0
0,0.48667608887810965,0
0,0.3046174259448631,0
1,0.9972624904801612,1
0,0.06443924108131938,0
0,0.03309493427285735,0
0,0.3083268320432479,0
1,0.9972443418875616,1
0,0.0035336209526602744,0
0,0.863909077704941,1
0,0.007283476579563333,0
0,0.026743250074722284,0
0,0.03275522138667464,0
0,0.7923041517195388,1
0,0.1355681271799168,0
0,0.0865314785529604,0
0,0.12023769391076679,0
0,0.6446850559287174,1
0,0.11148095690390317,0
1,0.9010627104930764,1
1,0.7923729558215635,1
1,0.9969861834584792,1
0,0.18755789219891147,0
0,0.002541932337293054,0
0,0.11059453589132166,0
0,0.5325383644654341,1
1,0.8986030948530489,1
0,0.1522832053899415,0
1,0.9914202187255661,1
0,0.08830007819640288,0
0,0.041929271312313485,0
0,0.010527925317997972,0
0,0.27947357538628287,0
0,0.01082790279798459,0
1,0.7317546203887427,1
0,0.13288475332416821,0
0,0.0619142974820202,0
1,0.9889879337295205,1
1,0.033510450356028204,0
1,0.9978604011907386,1
0,0.217436647794141,0
0,0.004831949127387505,0
1,0.8662151022079467,1
0,0.0013164179749505737,0
0,0.5690105486485629,1
0,0.2267988077308739,0
1,0.875860829192076,1
0,0.10248103869968385,0
1,0.8774848596044587,1
0,0.9154602117918081,1
1,0.9381226094252546,1
0,0.0034379350920599764,0
0,0.015093444067187475,0
0,0.04311836117944977,0
0,0.8241219655468599,1
1,0.9103259246058969,1
0,0.3801607556764284,0
1,0.8230794871645372,1
0,0.390326839625823,0
0,0.10950434071751408,0
0,0.09492442476331062,0
0,0.2733958754473908,0
1,0.9579821206674642,1
0,0.8341467924398845,1
0,0.011176016271056083,0
0,0.0028621681538510916,0
0,0.09789311693600107,0
1,0.8936013865001711,1
1,0.9960701028238729,1
1,0.9950509805674044,1
0,0.1869970093191665,0
0,0.10999491697077382,0
0,0.18839211604764608,0
1,0.8500369568587403,1
0,0.06456664063603694,0
0,0.2530076205722669,0
0,0.3468811240886552,0
1,0.7405765679096874,1
0,0.010819420285114465,0
1,0.6966745438039192,1
0,0.004601555011815745,0
0,0.0030777627881248015,0
1,0.9982576961391495,1
0,0.29888301402322076,0
1,0.9988822045166018,1
0,0.3273455197898087,0
1,0.16011192612344438,0
0,0.0016232849689095904,0
0,0.604495536110523,1
1,0.15440456751594164,0
0,0.019193328416032673,0
0,0.3130187040430349,0
0,0.2795104194826379,0
0,0.36283351230527183,0
0,0.004489711611192743,0
0,0.010977242215211033,0
0,0.11045406577739401,0
0,0.02454500752135801,0
0,0.09113479197700532,0
0,0.015181439525995318,0
0,0.21283006940353266,0
0,0.0021324730805762043,0
0,0.304284514266526,0
0,0.03184789607026518,0
0,0.10413388920849745,0
0,0.12619511094028052,0
0,0.0017889502643951172,0
0,0.09749721596600884,0
1,0.9727850424055499,1
1,0.8865165794637951,1
0,0.4459117690127212,0
0,0.004607545113297474,0
0,0.00872570164245841,0
0,0.3244642314866499,0
0,0.8629603956873529,1
0,0.02615692274307481,0
1,0.8873821675881264,1
0,0.46286816023795563,0
0,0.002218155436647191,0
0,0.03257271989810149,0
1,0.7613180742061303,1
1,0.6725391320027321,1
0,0.45914330921732477,0
0,0.30527340630503724,0
0,0.006891980505493457,0
0,0.8138072577272935,1
0,0.04360050765241883,0
0,0.035874995268427835,0
0,0.3530936340492739,0
1,0.2584696024154099,0
0,0.5914819339317876,1
0,0.0030322522646490284,0
0,0.7093414224261877,1
0,0.6378361786405631,1
0,0.023102037173029853,0
0,0.010350010007922704,0
0,0.7753247215403521,1
1,0.9979261223704027,1
0,0.027896856964309876,0
0,0.004656456066378837,0
0,0.8368673576991806,1
0,0.01722415950676667,0
0,0.14397091495140218,0
1,0.691193185288479,1
0,0.0012691420657295123,0
0,0.0011960052519839112,0
0,0.0037545979381094796,0
1,0.7209022319969237,1
0,0.005804153728174195,0
0,0.02007866228764314,0
1,0.9417559344471252,1
0,0.03561355245782188,0
0,0.7504294983082253,1
1,0.8770377405895498,1
1,0.9968150169261344,1
0,0.06576022752668054,0
0,0.06493739216393855,0
0,0.4413729397679623,0
0,0.004360883922139816,0
0,0.003376990480789593,0
0,0.023745391803956246,0
0,0.6246345315835701,1
0,0.0887590883966484,0
0,0.3018951724330574,0
0,0.011166392069953112,0
0,0.01215533722364943,0
0,0.005660307227080594,0
1,0.9003176532723304,1
0,0.42603737055468793,0
1,0.7192044223444408,1
0,0.5589727210386006,1
0,0.014208198889447694,0
1,0.3413488145895156,0
0,0.2126724434536633,0
0,0.49243800931707227,0
0,0.05442618842051735,0
1,0.8252200806634085,1
0,0.057811288855596936,0
0,0.0012230240079976436,0
0,0.3751992252185001,0
0,0.7595274543126413,1
0,0.6150188189250897,1
1,0.9623700172184159,1
0,0.17902906724578077,0
1,0.9869475079881044,1
1,0.5435318318402059,1
0,0.0009296964748865405,0
1,0.9873842499140021,1
0,0.14122535440105544,0
0,0.003709290857722572,0
0,0.018484117875812705,0
0,0.0024642405117954336,0
0,0.002235346516440515,0
0,0.041092246621039066,0
1,0.9176850884971305,1
0,0.009182399120809112,0
0,0.032656903790633435,0
0,0.024244485369049776,0
0,0.40303174553467297,0
0,0.019112791056090036,0
0,0.052424276998104535,0
1,0.7038494395811205,1
0,0.004535053726021766,0
0,0.001956007067043436,0
0,0.6879223174668528,1
0,0.06984907821274092,0
0,0.36781600334909564,0
0,0.40999939459990836,0
1,0.9848404031138993,1
0,0.011190663520046388,0
1,0.7870271422789248,1
0,0.27833021860580137,0
0,0.39326657367909595,0
0,0.33311842742768316,0
0,0.3086309145243949,0
0,0.03744062020300136,0
0,0.12423537582403033,0
0,0.021790582022585023,0
0,0.0555465576247667,0
0,0.026188151404660468,0
0,0.031976759188837314,0
0,0.17689643273940758,0
0,0.04218082201295975,0
1,0.9971542885422052,1
0,0.01628913947134982,0
0,0.05291258667701879,0
0,0.013327363682960657,0
0,0.08993659780080605,0
1,0.9188093418588701,1
0,0.014899886714926633,0
0,0.08271914871053972,0
0,0.6912523981939644,1
1,0.5931985154012825,1
0,0.7255031717508558,1
0,0.005239303511321125,0
0,0.7983235520087333,1
0,0.1838274645371503,0
0,0.061400250735228284,0
0,0.015048788022902068,0
0,0.778716832864689,1
0,0.41395195476438684,0
0,0.7670523542290304,1
0,0.001109979483250118,0
1,0.8434453953525556,1
0,0.009625140770785062,0
0,0.3765347356849091,0
0,0.1139187750341715,0
0,0.2793231050546964,0
0,0.7095179348439808,1
1,0.4867954310640978,0
0,0.010083005163204777,0
0,0.025449862981275696,0
0,0.0065934074580028985,0
1,0.9984041329950128,1
0,0.001963836845178274,0
1,0.9966868064651905,1
0,0.24471599549693124,0
0,0.0004434921149037431,0
0,0.731779728010258,1
0,0.004307823675980017,0
0,0.672962707388971,1
0,0.7157348456169356,1
0,0.037105376709345446,0
0,0.004077291341561385,0
0,0.6124315277855709,1
0,0.9365550366127913,1
0,0.08869792646165085,0
0,0.7487723909377085,1
0,0.010550362495015108,0
0,0.07997820589930986,0
1,0.9983044073567691,1
0,0.012645261058306155,0
0,0.8930565188202396,1
0,0.08508555113479428,0
1,0.9910982821670203,1
1,0.6268645909063039,1
0,0.9255211552450062,1
0,0.18145758674042392,0
0,0.028732032354270732,0
1,0.9001205690307644,1
0,0.22069053913819914,0
0,0.010120316315492652,0
1,0.997344407426949,1
0,0.48184911662173996,0
0,0.0033980307907502043,0
0,0.03151298077853194,0
0,0.012193466387247573,0
0,0.01570810738040976,0
0,0.07524387274423543,0
0,0.10821534281750325,0
0,0.8405978360584506,1
0,0.14439630360846323,0
0,0.009132739427126703,0
1,0.18435309329876107,0
0,0.5034531327213317,1
0,0.1444340031786308,0
0,0.005883547157589379,0
0,0.7093848942059978,1
0,0.00976622310087596,0
0,0.19353613789550736,0
1,0.9646378840811916,1
0,0.7188216130451279,1
0,0.3976634441101553,0
1,0.7450662472857187,1
0,0.005644427668652396,0
0,0.025284746733290196,0
0,0.038027985667977625,0
0,0.17530933061764006,0
0,0.9137872818816212,1
0,0.2617405333986204,0
0,0.05015712449381814,0
0,0.4375682529481404,0
0,0.003762797887814819,0
1,0.8274275316675622,1
0,0.00080745709259669,0
0,0.7062249961745483,1
0,0.23091470182337628,0
0,0.09950253243838819,0
0,0.07570813723058448,0
0,0.023848668813460268,0
0,0.6650918019996993,1
0,0.5847116411023188,1
0,0.025920295515673715,0
0,0.5515220019041868,1
0,0.0009627489130773198,0
0,0.3117962363419872,0
0,0.7015679467554893,1
0,0.23910954153760805,0
0,0.0028506494664816166,0
1,0.9524956077622604,1
0,0.10151568838588841,0
0,0.3542240859556068,0
0,0.05496346260798954,0
0,0.45855044398322403,0
0,0.018020606984697016,0
0,0.04481210070143654,0
1,0.35630332300612094,0
0,0.0025763971427719577,0
0,0.0026944925615136786,0
1,0.2845864840429024,0
1,0.9964386308821311,1
0,0.05366201541835064,0
1,0.9995066199550979,1
1,0.6725792106767075,1
0,0.40271587181800494,0
0,0.009829026836593091,0
1,0.7242214991943717,1
0,0.7150905524033626,1
0,0.06075252918612432,0
0,0.05940932586541985,0
0,0.7449463276605713,1
0,0.7242501949435981,1
0,0.004410643061234374,0
0,0.005875222373511283,0
0,0.3080390119088731,0
1,0.9915791441674918,1
1,0.99337680609094,1
0,0.060048743067675665,0
0,0.15737118647969417,0
0,0.033333877876760024,0
0,0.04295372825944382,0
0,0.0009347741876516877,0
0,0.07205578419759928,0
0,0.07864832735820007,0
0,0.8358404628629397,1
0,0.030607470970399096,0
1,0.49227176274875856,0
0,0.0031438958411915785,0
0,0.7969439632455939,1
0,0.007886139490345149,0
0,0.2460378371869448,0
1,0.6414790502689462,1
0,0.001263893283514615,0
0,0.05543356867581487,0
0,0.02309911229661936,0
0,0.04155764540042116,0
1,0.881101554619385,1
0,0.002852107311001671,0
0,0.038698888554210255,0
0,0.5749679628224318,1
0,0.04271646445130976,0
1,0.8953211294190665,1
0,0.06307734214752324,0
0,0.08364860295912978,0
0,0.0077485969391818035,0
0,0.1105691449063008,0
0,0.01452350866966978,0
1,0.683334367844568,1
0,0.06426034463095956,0
0,0.040939302336015386,0
0,0.052940456747662075,0
0,0.0019807021938424416,0
0,0.06541145924341728,0
0,0.5480791040721482,1
0,0.004237443531119887,0
0,0.02045994972107887,0
0,0.07818548958673172,0
0,0.001390472028569752,0
1,0.9895221197374119,1
0,0.002967634403726445,0
0,0.7573306542602786,1
0,0.4446333219551629,0
0,0.1015994650834749,0
1,0.6083443299175154,1
0,0.2299503411297542,0
0,0.012966276582698093,0
1,0.5955604330282498,1
0,0.02204622607012658,0
1,0.9969769183426646,1
0,0.004339655078395905,0
0,0.06641997649452631,0
0,0.05702672340260125,0
0,0.09566401533295611,0
0,0.6022543896392083,1
0,0.2728463617829906,0
0,0.03384968437787978,0
0,0.654747452833901,1
1,0.8554427725640055,1
0,0.03633173830403709,0
0,0.026034973497069666,0
0,0.011384915527563494,0
0,0.11528547059917414,0
0,0.21259973563043152,0
0,0.7023437528993219,1
1,0.7655758849653742,1
0,0.4436455196113682,0
1,0.7853776303903915,1
0,0.0765499865036736,0
1,0.7570268481663669,1
0,0.5454643188494479,1
1,0.03564154778685636,0
0,0.6936930597856393,1
0,0.015152696705578887,0
0,0.03691506883860135,0
0,0.08417251193633563,0
0,0.019151497493669435,0
0,0.27496235296915617,0
0,0.4403280546993085,0
0,0.08640886231236129,0
0,0.028466700423062,0
0,0.09357289587831012,0
0,0.16245204604955196,0
0,0.6754880084248498,1
0,0.004976892125155264,0
0,0.037470966019434865,0
1,0.07407776778603564,0
0,0.0595695410053042,0
0,0.09956015085017282,0
0,0.839512354628862,1
1,0.8713556589878119,1
0,0.12097898042491459,0
1,0.9106104766571155,1
0,0.017363575415595345,0
0,0.038333724280492976,0
0,0.00295147887703788,0
0,0.02238053260047166,0
0,0.0493387400844012,0
0,0.047676359771745835,0
0,0.005002755247062914,0
1,0.995137469871414,1
0,0.010309111604882435,0
0,0.04857830973420429,0
0,0.8013692407696005,1
0,0.833232060848588,1
0,0.03323769026441969,0
0,0.9158843202961762,1
0,0.6651488838677966,1
0,0.008843298486196095,0
0,0.03728551246459341,0
0,0.011051011688212903,0
0,0.08070480005598057,0
0,0.0033425024359226064,0
0,0.7921888118869915,1
1,0.868521068794495,1
0,0.03747620816441221,0
0,0.07111349778784978,0
0,0.028624138768028842,0
0,0.06797571877126216,0
0,0.03580964110168104,0
0,0.012302814275228379,0
0,0.02847882403759151,0
0,0.36145435154867744,0
0,0.5234283986946711,1
0,0.06880335259109055,0
0,0.008775512689422218,0
1,0.44530397774229663,0
0,0.8760481790200556,1
1,0.8662173208799524,1
0,0.7827670588688108,1
0,0.16731504109790807,0
1,0.4998081434330222,0
0,0.0023974030413448184,0
0,0.06959462275457447,0
0,0.23478374652474734,0
0,0.13113840091242787,0
0,0.22662271337179374,0
0,0.7623160156216208,1
0,0.22687934078891234,0
0,0.2804346826249664,0
0,0.07202076024243344,0
1,0.9972111866494995,1
0,0.05201096642392039,0
0,0.0048376165026786854,0
0,0.08337687725023274,0
1,0.962418233816845,1
1,0.9619550900372426,1
0,0.013719228435038113,0
0,0.026691322499090418,0
0,0.002953457532441516,0
0,0.7125976184900334,1
0,0.01019206310892653,0
0,0.1894601835759735,0
0,0.7314705405816094,1
1,0.8997649994935496,1
0,0.549365486627598,1
0,0.05377426086392854,0
0,0.004817757210530962,0
1,0.5429680207537337,1
0,0.6812691817442491,1
0,0.08240921970383472,0
1,0.9843995551555096,1
0,0.2637819058263608,0
1,0.8590247157612452,1
1,0.03005391261508114,0
0,0.4333633854798419,0
0,0.1602143550861743,0
0,0.9715361492525629,1
1,0.9100425691164852,1
0,0.06416007822305062,0
0,0.004148854992496738,0
1,0.8993137408125637,1
0,0.004240109555583064,0
0,0.5033230942019828,1
0,0.013379621751973854,0
0,0.05479462840262433,0
0,0.02588425369394511,0
0,0.15586514515845845,0
0,0.8848307218749145,1
1,0.5285044044693945,1
0,0.010980306426174986,0
0,0.2484524581649117,0
1,0.9942101042839495,1
0,0.46377621218115256,0
0,0.06497842106741937,0
0,0.03248778603933688,0
0,0.021083215748476682,0
0,0.5041077786526641,1
0,0.8482158202368133,1
0,0.08426753577382551,0
1,0.7291635574745882,1
0,0.6362795667576306,1
0,0.006082260264454034,0
0,0.31916254590427157,0
0,0.06946344532057368,0
0,0.006251102311713515,0
0,0.05838060877445372,0
1,0.6460634783868906,1
1,0.3882574636472823,0
0,0.0036824093147357017,0
0,0.061051924798917356,0
0,0.07456714392997439,0
0,0.02196355805369488,0
0,0.1725888736301821,0
0,0.008226946313013501,0
0,0.732189685126854,1
0,0.27185855689270966,0
0,0.0013739082591571823,0
0,0.5918809625555544,1
0,0.9010146434532036,1
0,0.29575197531024144,0
0,0.6808807703919063,1
0,0.7389715344828426,1
0,0.00430123070100451,0
0,0.0038689404871245577,0
0,0.0014818200939578324,0
0,0.04277616193666274,0
1,0.2303835285244482,0
1,0.7371385309435764,1
0,0.33788492739113235,0
0,0.006195744599639931,0
1,0.8240527380542693,1
0,0.07605457494081602,0
0,0.0011778122979267192,0
0,0.7621880138640285,1
1,0.8796845685644882,1
0,0.23263814154212495,0
0,0.0019026446901653402,0
1,0.6023328796803769,1
0,0.06332961097698525,0
0,0.4591641454831491,0
0,0.006454856104141307,0
0,0.29211042632587375,0
1,0.7710368471447189,1
1,0.8922325470461032,1
0,0.01714958849258595,0
0,0.2453110221658173,0
0,0.0011964067591834296,0
0,0.016008374043309168,0
0,0.5699626679488599,1
0,0.06284611439205857,0
0,0.12217738804881968,0
0,0.11154496348952327,0
0,0.1056420848944567,0
0,0.030761380352821676,0
1,0.003279177628861606,0
0,0.019715098685818246,0
0,0.07648756184970897,0
0,0.06792601154153578,0
0,0.06326806983784194,0
0,0.004346617748985044,0
1,0.7333354645447727,1
0,0.009432215677991648,0
0,0.8981032416419321,1
0,0.7964827125195006,1
1,0.8376260087116159,1
0,0.012976210482097671,0
1,0.7324528406380985,1
0,0.601100582770091,1
1,0.37481632493880446,0
0,0.34763793972422347,0
0,0.04040005024134056,0
0,0.35367473901172375,0
1,0.9286452893810395,1
0,0.4801341202710266,0
0,0.06467936316679522,0
0,0.3875658110445291,0
0,0.37935818646123315,0
0,0.5125602121442556,1
0,0.13602977062987734,0
1,0.9604429644639717,1
0,0.06981564414965913,0
0,0.03697689819631581,0
1,0.8879035450494224,1
0,0.0457888251685907,0
0,0.7383170637413637,1
0,0.44021496804539934,0
0,0.4712907082867139,0
1,0.998674953885491,1
0,0.06177226307315639,0
0,0.007910919238867702,0
0,0.5337998019838258,1
1,0.10602628393542719,0
0,0.016326764914695095,0
0,0.47185763413929255,0
0,0.007967193157361871,0
1,0.44212724901004735,0
1,0.8731290073930934,1
0,0.07124877365010832,0
0,0.02994372753315691,0
0,0.6467976936592189,1
0,0.33264552963438343,0
0,0.021945746643522803,0
0,0.021726397967438495,0
0,0.87160143113978,1
1,0.9230889968219611,1
1,0.8132050995590253,1
0,0.20831359044052322,0
1,0.1454740810991539,0
1,0.9666241671886856,1
1,0.9779323648672941,1
1,0.899528582895947,1
1,0.9267039409954918,1
0,0.1677948714577698,0
0,0.002512256117962205,0
0,0.41483009897019785,0
0,0.2540022076889004,0
0,0.08429647026849936,0
0,0.005102481815596116,0
0,0.0037468098759112288,0
0,0.6379778482824118,1
1,0.383269699412259,0
0,0.0022236140059177477,0
1,0.8712276903517386,1
0,0.002218515502696288,0
1,0.7542079971605602,1
0,0.15436531345745988,0
1,0.9954933782797076,1
0,0.26791139570925826,0
0,0.7591970712927743,1
1,0.19894543208198906,0
0,0.17016925576608716,0
1,0.9627405692064329,1
0,0.06915596331355205,0
0,0.04265656500279902,0
1,0.883802045993866,1
1,0.9647960475971167,1
1,0.34992972077101714,0
0,0.02190539658076342,0
1,0.8765659241021788,1
0,0.5402165042236818,1
0,0.9069239932540769,1
0,0.0037603716576023525,0
0,0.007771138807568092,0
0,0.10174176698350047,0
1,0.9955274399913601,1
1,0.8529896331424556,1
0,0.345453682335955,0
0,0.17625111413612726,0
0,0.6338889372884903,1
0,0.14781188364736886,0
0,0.1984967717212274,0
0,0.02998477455393149,0
1,0.8738315471578961,1
0,0.03816929708972104,0
0,0.4618196745856034,0
0,0.18071326823254924,0
0,0.021865768286907658,0
0,0.19963452876978183,0
0,0.03438072597590535,0
0,0.009648795949821294,0
1,0.8087108380202425,1
0,0.012834886097622294,0
1,0.8886475528652559,1
0,0.048945088706622814,0
1,0.9970269923061514,1
1,0.7123059287740531,1
1,0.99854765583399,1
1,0.9912404745898309,1
1,0.4911424622741451,0
0,0.5318925778306297,1
0,0.11211045399371253,0
0,0.013483298767730566,0
0,0.2748124896286477,0
0,0.017055595928437334,0
0,0.021488883037963587,0
0,0.4028503841797269,0
0,0.010618637996140873,0
0,0.001888565311557502,0
0,0.002692454407433208,0
0,0.7670871430718604,1
1,0.06109294001065695,0
0,0.43555142124157203,0
0,0.004175466227689552,0
0,0.3239248292927532,0
0,0.0076183173582211735,0
0,0.6341946899749162,1
0,0.15108706659380447,0
1,0.165972797060509,0
0,0.01619984929266717,0
1,0.3613390682701906,0
1,0.9134356990452662,1
0,0.7678685555350869,1
0,0.01700279457096778,0
0,0.9282312603252509,1
1,0.8073220157780564,1
0,0.6686671382344505,1
0,0.014433509811453657,0
0,0.04415042634469717,0
0,0.5964276465038105,1
0,0.6580783786437833,1
0,0.048531905922317785,0
0,0.058921014222472624,0
0,0.40744892800077387,0
0,0.11454265110354538,0
0,0.861414689548567,1
0,0.036540103808845786,0
0,0.006201999336756425,0
0,0.0323376644898988,0
0,0.011640072138901602,0
0,0.26600404389448873,0
0,0.15868506114398304,0
0,0.033582067194067436,0
0,0.42049969675249516,0
0,0.06815317349643843,0
1,0.9985519946943027,1
0,0.031277583755170216,0
1,0.8561174868974483,1
0,0.7040967459115693,1
0,0.0367495743443305,0
0,0.5301852105451602,1
1,0.8504708727955684,1
0,0.4516560334051286,0
0,0.0920400199218541,0
0,0.04650983009775148,0
0,0.4755895214975631,0
0,0.10006707131530461,0
0,0.014058787105006135,0
0,0.18365704299095462,0
0,0.0471026511359158,0
1,0.871035427764034,1
0,0.092232048737165,0
1,0.5896633144827547,1
1,0.8412873016190467,1
0,0.29376265475720786,0
0,0.04390675529636463,0
0,0.5786781141220415,1
0,0.004240791709002316,0
0,0.3425787737767702,0
0,0.2665421353873566,0
1,0.6106206892165114,1
0,0.06761384024281927,0
0,0.16538694493491027,0
0,0.058628262947442916,0
0,0.622455560226526,1
0,0.07747606198335087,0
1,0.8981026934331591,1
0,0.017246836966709773,0
0,0.023849876577267528,0
0,0.017135848989440844,0
0,0.0022928550800824232,0
0,0.002556715705580181,0
0,0.029520950376588827,0
1,0.243213760617797,0
0,0.04009600801845009,0
1,0.978028923408648,1
1,0.9969646336820878,1
0,0.33500005375297215,0
1,0.35100414880786335,0
0,0.03659607738865493,0
0,0.4025528571476605,0
0,0.011079258993180645,0
0,0.08895841511356473,0
0,0.14747836884310103,0
1,0.11570502099074857,0
0,0.012142657168181007,0
0,0.10446163504132865,0
0,0.6582015082470821,1
1,0.5292350074968498,1
0,0.0015867854982696721,0
0,0.055468542520017525,0
0,0.6754702008288405,1
0,0.2475109603895157,0
0,0.5045245027490552,1
0,0.020667976501202095,0
1,0.23094936804477914,0
1,0.23306410707598307,0
0,0.5783407537393211,1
0,0.0016459357678741979,0
0,0.14520792124195117,0
0,0.007339588537291869,0
0,0.031233794086360872,0
0,0.24922063269787642,0
0,0.03637862262011878,0
0,0.10655665741619226,0
1,0.7749300307112409,1
0,0.08298032436344188,0
0,0.3600819844850775,0
0,0.2229172601166049,0
0,0.21155405741699124,0
0,0.09687264185166873,0
0,0.000562741431552427,0
0,0.26785209176192076,0
0,0.039965315885811,0
1,0.9843489424227795,1
0,0.0021916429698394437,0
0,0.008346405824163764,0
0,0.04129669954339431,0
0,0.037828779837897356,0
0,0.0009427316088536523,0
0,0.6904829161983644,1
0,0.01573781870630836,0
0,0.026166460569842096,0
0,0.06029223057064271,0
0,0.029799755329826486,0
0,0.0007004966307681243,0
0,0.8147281616233176,1
0,0.7586394379274964,1
0,0.004909418403115545,0
0,0.015890050150087605,0
1,0.9888419847059398,1
0,0.040740312493585965,0
0,0.17701567553887118,0
1,0.6487400947344434,1
0,0.5116374933665028,1
0,0.006454534980665904,0
0,0.05007236192344123,0
1,0.9693345089301014,1
1,0.0024506423584592604,0
0,0.15472800591313463,0
0,0.1769725969309438,0
0,0.14136413142417312,0
0,0.8201569835735055,1
1,0.9976889982686501,1
0,0.8461670081452779,1
0,0.005687837628179746,0
1,0.9818381456400624,1
1,0.6200010017551804,1
0,0.12390937783385983,0
0,0.8012620836656225,1
0,0.141358068197307,0
0,0.01184108724253098,0
1,0.677700494041946,1
1,0.8568090420714245,1
0,0.0012267331471667758,0
0,0.31837588295686675,0
1,0.9856407594908652,1
0,0.710688820419267,1
0,0.03046291292569745,0
0,0.059112124938030586,0
0,0.013520020837600538,0
1,0.7702324391227323,1
0,0.04278609873328687,0
0,0.0015991322044913766,0
1,0.8387856632373353,1
1,0.9983625564473414,1
0,0.5646334524686536,1
0,0.0504554560706306,0
0,0.41358707754005053,0
0,0.15568572765639715,0
0,0.15320948895851733,0
0,0.12202735586432477,0
0,0.09447220915361033,0
1,0.8438689463968068,1
0,0.0033371752712563728,0
1,0.7882055910210324,1
0,0.6662565650609509,1
1,0.5471249617117218,1
0,0.0030804110722638407,0
1,0.7025028053322147,1
0,0.45678361029085557,0
0,0.36027241104477126,0
0,0.10928507331070614,0
0,0.002897878404879771,0
1,0.8960039155799578,1
0,0.9233351648085174,1
0,0.00534646624643156,0
0,0.023872927551117067,0
0,0.3746995072955358,0
0,0.04137398949502581,0
0,0.008321890199805046,0
1,0.9891222418470829,1
0,0.09940266015703937,0
0,0.0011148685319283464,0
0,0.0059232357828349815,0
0,0.006574752660047355,0
0,0.19357679073891068,0
0,0.01582932187296972,0
1,0.9976232063654108,1
0,0.05843526262282729,0
0,0.001936278463378107,0
1,0.9826032298073202,1
0,0.237971475761714,0
0,0.7340290992944354,1
1,0.9918806361849936,1
0,0.17027799208271555,0
0,0.0341367502752911,0
1,0.8519950098628686,1
0,0.0011813987896231847,0
0,0.026804939534234615,0
1,0.9968743447409144,1
0,0.4391083641585332,0
1,0.872900995373114,1
0,0.15355153679460729,0
0,0.002230558378325658,0
0,0.012386842151105635,0
0,0.6790460716421436,1
1,0.7611164875997507,1
0,0.050531529834025465,0
0,0.05884570080809703,0
1,0.8562614778178487,1
0,0.00803201411660967,0
0,0.19855990495136647,0
1,0.8514352644220362,1
0,0.04698501834408885,0
0,0.09307493973835085,0
1,0.8442408329230752,1
0,0.7635701088926103,1
0,0.855465755129932,1
0,0.5918172923936033,1
0,0.00586124437135103,0
0,0.03539687069552952,0
0,0.009526538939365739,0
0,0.04370659456325698,0
1,0.8708393309487757,1
0,0.0018816477023511405,0
0,0.28785981418872636,0
0,0.08757091792747473,0
1,0.8978346007024628,1
1,0.9963741137118136,1
1,0.6763809351404455,1
1,0.9935122933028939,1
1,0.45383115025131615,0
0,0.0019323191950755363,0
0,0.04936902241140006,0
1,0.6046696989625158,1
0,0.4542771960945604,0
0,0.003079020132442165,0
0,0.6719969217715295,1
0,0.013218833313348582,0
0,0.013269594292669799,0
0,0.616315290011727,1
0,0.020177531540572762,0
0,0.005728358482050974,0
0,0.08586918149312532,0
0,0.8246261183083178,1
0,0.23924005729585218,0
0,0.32223442096589033,0
1,0.42084501114946077,0
0,0.03487110144090736,0
0,0.7977061638639134,1
0,0.008762207038284849,0
0,0.07952450596654927,0
0,0.032785440602888564,0
0,0.006342577140729012,0
0,0.026618327027281147,0
0,0.003012141052985691,0
0,0.16445345983807758,0
0,0.009666005718897851,0
1,0.8505255298530744,1
0,0.007780740465915203,0
0,0.001303241412221587,0
0,0.09716162036465543,0
1,0.8994651791961795,1
0,0.05252070056795374,0
0,0.03498049296565104,0
0,0.008805014095429038,0
0,0.05422778937080367,0
1,0.2966497677885232,0
0,0.009694263967524708,0
0,0.542001217272562,1
0,0.37589728926564875,0
0,0.14833027069454735,0
0,0.8149869853415302,1
0,0.6845225562756196,1
0,0.4880608777960491,0
0,0.5408413845883493,1
0,0.03163564778645773,0
0,0.27078570707493377,0
0,0.029192423567859418,0
1,0.8579241631211626,1
0,0.017583283794934446,0
0,0.0004334263394765859,0
1,0.47909710153277985,0
0,0.06658449432385637,0
0,0.17585281466980737,0
0,0.527289065580545,1
0,0.0926187112665292,0
0,0.5576416700436119,1
0,0.005251080378432205,0
0,0.12843065839281795,0
1,0.7734573105842767,1
0,0.006714673913724288,0
1,0.5105269307143188,1
0,0.31209579034851676,0
0,0.4572772269003156,0
0,0.003159214983892101,0
1,0.46021711856901615,0
0,0.06495371831457322,0
0,0.5630026981908192,1
0,0.08409900604492457,0
0,0.059539645533944904,0
0,0.005178773275671706,0
1,0.7026963758900332,1
0,0.01837344968469447,0
0,0.04836876485541397,0
0,0.021690635088733968,0
0,0.040619371051555116,0
0,0.15897799940006982,0
1,0.5481626548457875,1
0,0.010328548250256654,0
1,0.9866476273465742,1
0,0.018144674467349027,0
0,0.2512134846539343,0
0,0.5813841829924222,1
1,0.9993005493347205,1
0,0.0011014659549061481,0
0,0.6901270163455945,1
1,0.9976602906683398,1
0,0.33369567917346254,0
0,0.028004898926888854,0
1,0.4525605002874898,0
0,0.3987751412189831,0
0,0.13986975857089942,0
0,0.4528295462648096,0
0,0.004132483847010677,0
0,0.8504935423735555,1
0,0.06856505557713105,0
0,0.14617826724724842,0
0,0.0035768653922024158,0
0,0.001962694780851001,0
0,0.08408318330801832,0
0,0.024073576909994884,0
0,0.0005663704283283002,0
0,0.45597409437564534,0
0,0.06717216299969242,0
0,0.48832166266293137,0
0,0.49178644827854845,0
0,0.08103024504451363,0
0,0.036086308841836064,0
0,0.020291290428104573,0
1,0.9922847255774454,1
0,0.007416791541182083,0
0,0.1608093599951702,0
0,0.1698874735668854,0
1,0.6379338955369444,1
0,0.30373241936836987,0
0,0.5051253130221882,1
0,0.5336263466109517,1
1,0.5357238362225957,1
1,0.9169514155662485,1
0,0.14796418245999093,0
0,0.041153738899652875,0
0,0.018913973556735936,0
0,0.7608204116978138,1
0,0.0019201756463271761,0
1,0.9145612969927531,1
0,0.01825948916327277,0
0,0.7675930152005741,1
1,0.9003304011213193,1
0,0.11009267979796238,0
0,0.02074954416717753,0
1,0.6155389814647936,1
1,0.9467549063202123,1
1,0.28678992563137923,0
0,0.10927886650069488,0
0,0.0009922501642490307,0
0,0.002020845586995956,0
1,0.9961261667434474,1
0,0.05924562980207627,0
1,0.8716796471764784,1
0,0.00746571615713213,0
1,0.9906442123769488,1
1,0.9074228754526041,1
0,0.03862816694565629,0
1,0.7402957769001314,1
0,0.40860416771954605,0
1,0.9878626927293517,1
0,0.008183795028729884,0
0,0.046429541893629724,0
0,0.8105407296271163,1
0,0.016997457026192868,0
0,0.5556493840870863,1
0,0.8236384479647083,1
0,0.18645651697046234,0
0,0.39112687460595547,0
0,0.6166256521836564,1
0,0.04306502878123131,0
0,0.20815338215607485,0
0,0.09026633701963478,0
0,0.0014900935556902877,0
0,0.17139589022976415,0
0,0.012140332654629783,0
0,0.09740809764202606,0
1,0.7885675133070087,1
1,0.6823659473550888,1
0,0.007622705990124752,0
0,0.0294106123615034,0
1,0.9962017981843042,1
0,0.006218223773382556,0
0,0.015597705266612387,0
0,0.007149756293372123,0
0,0.8663260200956571,1
0,0.015219544502231614,0
0,0.21286514860993466,0
0,0.1514067371065398,0
0,0.05851855464201568,0
0,0.4330120226523327,0
0,0.7200986127561199,1
0,0.007739834788387313,0
0,0.022142726305876038,0
0,0.10501220403174129,0
0,0.06739572751924665,0
1,0.9925258863883007,1
0,0.014768103870877432,0
0,0.26967137485335524,0
1,0.6636603846018903,1
1,0.745504741623819,1
1,0.7564635404230263,1
0,0.5466035642986122,1
0,0.056191768035586655,0
1,0.8034016483427814,1
0,0.04652951882664169,0
0,0.7713808572892168,1
0,0.20643180490164462,0
1,0.8464463095085114,1
0,0.09022507071843135,0
1,0.8471971570946392,1
0,0.01810412020912417,0
0,0.6746405127305194,1
0,0.0057603194751550835,0
0,0.013600147458310374,0
0,0.013747737932366192,0
0,0.625962335278395,1
0,0.8924644550591652,1
1,0.9944819717249743,1
0,0.32329895670450753,0
0,0.0026553297779832214,0
1,0.2335106752596173,0
1,0.7987300705882376,1
0,0.03284743759803357,0
0,0.08941425487624552,0
1,0.09518146808626518,0
0,0.00555051982022014,0
0,0.20692405353464402,0
0,0.05091951735988998,0
0,0.24943461834638883,0
0,0.045809515956929864,0
1,0.9837892298652863,1
0,0.3347797981872672,0
0,0.03146797984031895,0
0,0.7498035585987962,1
0,0.16829334964380008,0
0,0.020308609423378424,0
0,0.4927329162031499,0
1,0.9082306644764089,1
1,0.9179108772315632,1
0,0.8585771583067203,1
0,0.3327113235809764,0
1,0.8487859858962138,1
0,0.009867564065211524,0
1,0.9097922536940113,1
0,0.5654550101082209,1
1,0.9074203267679183,1
0,0.06597795178298387,0
0,0.07976304356541879,0
0,0.31724674795790037,0
0,0.5444302914567858,1
0,0.4482519728976434,0
0,0.016821100027939226,0
0,0.003017840595732631,0
1,0.79240767845097,1
1,0.9992246748706675,1
0,0.002687513556920404,0
0,0.021257940686140946,0
0,0.2840204410613109,0
0,0.008165593736290708,0
0,0.03229552124536515,0
1,0.9973696657021718,1
0,0.13412202709483306,0
0,0.013011592880250524,0
1,0.893483596351816,1
1,0.647577672952686,1
0,0.0011819936839558745,0
1,0.9785638338527404,1
1,0.6318119639062652,1
0,0.45414945877857366,0
0,0.08332929464790818,0
1,0.9754333292041583,1
0,0.025356577901322428,0
0,0.0158024967988297,0
1,0.9184815031338943,1
0,0.5560415481732145,1
0,0.5343101119231385,1
0,0.5681778216777503,1
0,0.02695445023305292,0
0,0.012576076336703724,0
0,0.004927250711013601,0
0,0.44771106980246855,0
0,0.5168361242699314,1
0,0.017697327582731532,0
0,0.004155235253595407,0
0,0.050351732974149126,0
0,0.02772764979069661,0
0,0.02799820655183015,0
0,0.22571500123274854,0
1,0.9946458256955384,1
1,0.9438401639460097,1
0,0.13079932152729465,0
0,0.14167181701437703,0
1,0.6263223411062453,1
0,0.1299565780790909,0
0,0.0012382582660707038,0
0,0.5090651075658951,1
0,0.004009834507018983,0
0,0.1318482282569133,0
0,0.008563436180947669,0
0,0.0037662882558353998,0
0,0.18470720850082759,0
0,0.203286419521827,0
0,0.0035442465185053485,0
0,0.03481694909994384,0
0,0.44931991219698014,0
0,0.3297143880691101,0
0,0.3822310140053446,0
1,0.9977052473274307,1
0,0.0034070579400833625,0
0,0.3891686995597518,0
0,0.6410249912459894,1
0,0.0011764394004602336,0
1,0.8506807657927663,1
0,0.15155223247271551,0
0,0.002292784507031944,0
1,0.9789267985655449,1
1,0.5470598247649923,1
1,0.5667564413056664,1
0,0.12947698861167867,0
0,0.148002686638439,0
0,0.05730865680013919,0
0,0.07293005233220566,0
0,0.06458768959720872,0
0,0.8185398031531287,1
0,0.03420592788025097,0
0,0.012996497781466923,0
1,0.997673325835446,1
0,0.5113181578474417,1
1,0.7217935189886376,1
0,0.6131941754549988,1
1,0.7150151074476867,1
0,0.011607742766025398,0
1,0.6625181543028871,1
0,0.054673555026899565,0
0,0.8341184842335871,1
1,0.9977677830440534,1
0,0.003232556810829457,0
0,0.03434605612279505,0
0,0.010437522445692762,0
0,0.4293444155158219,0
0,0.04118616969045871,0
1,0.4288529704016077,0
1,0.9484235243953266,1
0,0.005143889545675771,0
1,0.4753653507818815,0
0,0.03659666867844963,0
0,0.024602685001890036,0
0,0.012194002484445531,0
0,0.003704513997581909,0
0,0.8434034977918973,1
0,0.012166884914838437,0
0,0.0009150585303110821,0
0,0.2500225277964392,0
0,0.79974773531565,1
0,0.5862605726923699,1
1,0.23747632540542324,0
0,0.8483078901761969,1
0,0.012506834198391707,0
0,0.048422298015857124,0
0,0.5077913167887348,1
0,0.8802221107798217,1
0,0.5367775509974717,1
0,0.16684036907319974,0
0,0.4080024749046385,0
1,0.7344822136990352,1
0,0.14007292391557924,0
0,0.005095290484721635,0
0,0.00475362126722958,0
0,0.004535670824652402,0
0,0.008661143554817827,0
0,0.0005942850913687762,0
0,0.023736243555984526,0
0,0.016092273330476567,0
1,0.7412447027745359,1
0,0.04047041607654356,0
0,0.08210736404446373,0
0,0.07099225460452947,0
0,0.5881129805153016,1
0,0.07424953231919902,0
0,0.061601770340773944,0
0,0.0010202361493042368,0
0,0.3777351593556111,0
1,0.7104874578516658,1
0,0.4646552644134191,0
0,0.019877463826977283,0
0,0.7380811699766127,1
1,0.7985017001328074,1
0,0.8053806607635012,1
0,0.005487745424451908,0
1,0.8607267809665229,1
0,0.01390551181205293,0
0,0.02697054375251125,0
0,0.728690531519372,1
1,0.9835761100741687,1
0,0.13621555967331744,0
0,0.16932325019656988,0
0,0.02941564938067397,0
0,0.6644228345930676,1
0,0.156431906126792,0
0,0.003348943996391536,0
1,0.11211382628707758,0
0,0.37904535378495585,0
0,0.14406452718573537,0
1,0.8539255632613674,1
0,0.026899988741686767,0
1,0.9223946253867888,1
0,0.8862429317255387,1
0,0.04975412643731061,0
0,0.48712579927564353,0
0,0.3623514442258319,0
0,0.757545321088426,1
1,0.9896649351921458,1
1,0.8289669105139772,1
0,0.22784675606063082,0
0,0.06830373054880999,0
0,0.8080724123653553,1
0,0.37392355943038497,0
0,0.11296080324952629,0
0,0.5371673644950672,1
1,0.7361632458809798,1
0,0.003270361860036671,0
0,0.04550236502222514,0
0,0.09784601022788637,0
0,0.014006357539523569,0
0,0.08698734873932355,0
0,0.4025229183792875,0
0,0.00196158442995029,0
1,0.9882363736552858,1
1,0.18529019293653887,0
0,0.007579104382548975,0
0,0.03508707473291289,0
0,0.5012988461006465,1
0,0.1353676295328881,0
0,0.08308853146217708,0
0,0.018720340402236177,0
0,0.271435432903764,0
1,0.9970727429912999,1
0,0.002868516590818798,0
0,0.03235153250387815,0
0,0.06437518095865348,0
0,0.13367507517064925,0
0,0.5075079846067895,1
0,0.6135836985705045,1
1,0.9054198324800864,1
0,0.199167944216545,0
1,0.8158510265292274,1
0,0.002299194780423375,0
0,0.008457866755562185,0
0,0.0866371687409504,0
0,0.1567850184392873,0
0,0.005570993067047019,0
1,0.6548136628790366,1
0,0.026442497326730232,0
0,0.02811613269482427,0
1,0.6591716986219125,1
0,0.6585736820799091,1
1,0.5959196341914463,1
0,0.04388613709552079,0
0,0.03086795337757975,0
0,0.061017580404025,0
0,0.4991760446196673,0
0,0.11034937723600545,0
1,0.6732275619436187,1
0,0.11644452351487508,0
1,0.8561789439984048,1
0,0.38345397638451373,0
0,0.035576636382371275,0
0,0.013729033238161265,0
0,0.25957476165093246,0
0,0.08860438065813492,0
1,0.8329155334203358,1
0,0.18775262723071592,0
0,0.051443500220432904,0
0,0.025673955959115743,0
0,0.002586010194740738,0
1,0.9953397053159531,1
0,0.03343316793816492,0
0,0.5374706251585718,1
0,0.05188950963592015,0
0,0.35333383966160953,0
0,0.13704458182515636,0
0,0.21231174213593712,0
1,0.8673323231729615,1
1,0.8979841373414555,1
0,0.07275154933824536,0
0,0.004434073410675173,0
0,0.003097722052200364,0
0,0.16584109057746357,0
0,0.09821332995882755,0
0,0.005368885684828233,0
1,0.9985991276511519,1
0,0.42592104579214607,0
0,0.008066054046303502,0
0,0.021262209732515924,0
0,0.002519335234184252,0
0,0.07022800269229212,0
0,0.013315280162465621,0
0,0.01157638263891382,0
1,0.9894074614881073,1
0,0.15484262203578233,0
0,0.03715167218145471,0
0,0.04431312693548444,0
0,0.11051363862061238,0
0,0.0009757654394009662,0
0,0.05277032974360957,0
0,0.24322412496732135,0
0,0.01800295806644074,0
0,0.005933782400215756,0
0,0.0710246504278266,0
0,0.0073967168461008224,0
1,0.7393741345530129,1
1,0.9663342776120578,1
0,0.014931411730077018,0
0,0.029803358694689672,0
1,0.9747354877618413,1
1,0.8777749571611182,1
0,0.2537097548999762,0
0,0.2927447435607365,0
0,0.022293956997427346,0
1,0.5092043216420945,1
0,0.05567269260099895,0
0,0.24861555015882775,0
0,0.02974970816858193,0
0,0.14993873867469418,0
0,0.0104151301023588,0
0,0.06981809193810665,0
1,0.6109947430059247,1
0,0.33492988417214997,0
0,0.49506572163124674,0
0,0.008606922445934022,0
0,0.00713681305456255,0
0,0.0016695226722074823,0
1,0.8180375532754665,1
0,0.004444633441131217,0
0,0.27841101468990376,0
0,0.7330338068686727,1
0,0.5005808508421046,1
0,0.001775083889143146,0
1,0.8960345024543513,1
0,0.0008676981148553044,0
0,0.12376736640600129,0
0,0.03764485127179133,0
0,0.06703772649759472,0
0,0.2685885200046438,0
1,0.8102845860347234,1
1,0.5519344307090728,1
0,0.002200848658919141,0
0,0.00205822274710638,0
1,0.9963428607882678,1
0,0.7493624271994981,1
0,0.010461324080560105,0
1,0.42939755753385794,0
0,0.22613717174056389,0
0,0.12893654519543934,0
0,0.030518179236697054,0
0,0.06644929624897322,0
0,0.005251896287970845,0
0,0.014773902930292208,0
0,0.704402596528948,1
1,0.9983265834013072,1
0,0.05044889151982058,0
0,0.31757329077623536,0
0,0.05601738118529305,0
0,0.6706568025563706,1
0,0.0298338661011755,0
0,0.019374684539919727,0
0,0.010805027621991339,0
1,0.893263938597949,1
0,0.021478023872886776,0
0,0.8367053372076698,1
0,0.005732979712079925,0
0,0.19466111132264363,0
0,0.7862553166954706,1
0,0.00040702105130001337,0
0,0.9127961201058475,1
0,0.0003640713390978081,0
0,0.27088722532699705,0
0,0.0034772302821480766,0
0,0.003767332767199658,0
0,0.003175806333046191,0
0,0.010791766977941573,0
0,0.0023977615389442638,0
0,0.4557339197129194,0
0,0.03937810876660328,0
0,0.8491264662363253,1
1,0.4808203961445725,0
1,0.8879354980933105,1
1,0.4630153205230183,0
1,0.8041709865003961,1
0,0.08613919503693927,0
0,0.0649883880212339,0
1,0.9982664948280969,1
0,0.04083034118662114,0
0,0.001298624330591671,0
1,0.9731400400923425,1
0,0.31858507722827434,0
1,0.6159587417165727,1
0,0.6044097338030849,1
0,0.7486272796085869,1
1,0.8799389393683831,1
1,0.9982569562249654,1
1,0.9866370299898574,1
0,0.16307216146246514,0
0,0.04354238486397102,0
0,0.23796793964931248,0
0,0.023945897597967277,0
1,0.8060638958968115,1
0,0.0024695909976068164,0
0,0.7438982370455289,1
0,0.004455625714472425,0
0,0.03531636928672455,0
0,0.013348244231505343,0
1,0.3799123985604868,0
0,0.035971052478649714,0
0,0.06470398119739093,0
0,0.7376957311818564,1
0,0.0037572545377084965,0
0,0.03317374359538569,0
0,0.15024582149646631,0
0,0.0875012283231666,0
0,0.08706752469370235,0
0,0.28987701450453307,0
0,0.038984534128277695,0
1,0.6617027502538834,1
0,0.06415224742735788,0
1,0.9974241927110006,1
0,0.6378361786405631,1
0,0.04667737267870845,0
0,0.42924011570331,0
0,0.09740843946715325,0
0,0.48221241608194665,0
0,0.007225671878364317,0
0,0.30037940690256915,0
0,0.006500826334547442,0
1,0.664346780456622,1
1,0.9258181832411476,1
1,0.18890297063993378,0
0,0.044872597175434875,0
0,0.26284683072619874,0
0,0.07364344812986692,0
0,0.06721841366074946,0
0,0.027762170414390486,0
0,0.052867857031343536,0
0,0.7609604259492488,1
0,0.003244560458009429,0
0,0.011706035159397435,0
0,0.00046489273051707067,0
1,0.9846751006565337,1
0,0.08255451840159607,0
0,0.32498269957809145,0
0,0.0030792202163362563,0
0,0.2447787657488145,0
0,0.0934016757554215,0
1,0.9982461477976858,1
0,0.7163321809198737,1
1,0.9934756940898877,1
0,0.781245879323276,1
0,0.0011080842171519456,0
0,0.3885170258074603,0
0,0.04470892762587949,0
0,0.01617155825645765,0
0,0.057768839373314576,0
0,0.11011414325133127,0
0,0.06500836759394886,0
0,0.05924063561133109,0
0,0.7197806189438574,1
0,0.020799247622785406,0
0,0.5825058163492015,1
0,0.32222873384043615,0
0,0.6408317062115197,1
1,0.7517719234915883,1
0,0.26724835265130015,0
0,0.6832703317160399,1
1,0.2762540652588032,0
0,0.14767020272587614,0
0,0.6814568971738504,1
0,0.07464564331550172,0
0,0.24426412688567678,0
0,0.036488334616408144,0
1,0.6553362884610301,1
0,0.01040366721945811,0
1,0.7251926997012953,1
0,0.01925015076029773,0
0,0.016686110161387494,0
0,0.03497393252645582,0
0,0.06071634383359153,0
0,0.028775487523084117,0
1,0.9987474940901597,1
0,0.5024986809082512,1
0,0.025169573377856896,0
0,0.11791056223274189,0
0,0.009904051277798394,0
0,0.506832210910813,1
1,0.8789364963012077,1
0,0.6969473484054612,1
0,0.007575098603345422,0
0,0.0109495937032097,0
1,0.7247305558972233,1
0,0.01163323646711966,0
1,0.9219307446092272,1
0,0.026572886111687195,0
1,0.8108055777102873,1
0,0.007766565871533842,0
0,0.7696546485764133,1
0,0.33586140624424615,0
0,0.6805971943052256,1
0,0.06406518909759731,0
0,0.3801178504705001,0
0,0.008583663360092532,0
0,0.006014905342154027,0
0,0.10324315260603009,0
0,0.6080825489003395,1
0,0.410121572836902,0
0,0.13662642671580516,0
1,0.9883328918719385,1
0,0.02529341187430259,0
0,0.015853416883255228,0
0,0.08604684437878106,0
1,0.983141665779155,1
1,0.8922959878176998,1
0,0.003542946584723581,0
0,0.013592649576709212,0
0,0.023696029691265896,0
0,0.6743366164297584,1
0,0.008986011647032163,0
0,0.11932559412014745,0
0,0.07185591472747946,0
0,0.015268025150455588,0
1,0.8093583528699781,1
0,0.1676263285161312,0
1,0.20285495805726175,0
1,0.7571878011582148,1
0,0.006899069837817023,0
0,0.010032850668699373,0
0,0.09159172430077213,0
0,0.5259490469912136,1
0,0.02691391831383015,0
0,0.2788347221935515,0
0,0.02690357559115012,0
0,0.013281776578317918,0
1,0.8174795813061646,1
0,0.284151059112703,0
1,0.4890512177181716,0
1,0.9981084052580882,1
0,0.15275695955163873,0
0,0.06295816372053614,0
0,0.013049625603060316,0
0,0.045623406094753155,0
0,0.16133796719811377,0
0,0.5579521709901556,1
0,0.042762683583194114,0
0,0.35658038803334896,0
0,0.001211654335235222,0
0,0.06259890141063744,0
0,0.0006780312376652015,0
1,0.8190500820032935,1
0,0.04580638101381618,0
1,0.8432967581292662,1
1,0.5344748570984669,1
0,0.11425741043345901,0
0,0.024410557779803794,0
1,0.743251060981138,1
0,0.7706204240811182,1
0,0.00916531243375533,0
1,0.8847846056892478,1
0,0.7816844251543462,1
0,0.6436588028671221,1
1,0.7344803809350802,1
1,0.04533955709824586,0
0,0.41590394670529496,0
0,0.27821033875193796,0
1,0.8410935046496891,1
0,0.0317776176241664,0
0,0.019852506054192205,0
1,0.12994014585372182,0
1,0.8883410465278847,1
0,0.06596507365522183,0
0,0.05028185889160016,0
0,0.13733349888838067,0
1,0.9710305636011585,1
0,0.004673494056068892,0
0,0.23173668890040058,0
0,0.0012395398962269438,0
0,0.3438783309006245,0
1,0.8034016483427814,1
1,0.99564866671641,1
0,0.009543291329125127,0
0,0.03489028636117682,0
0,0.03288383267338748,0
1,0.9993261815051782,1
1,0.5103907075229934,1
0,0.0009931282115440163,0
1,0.8017584839701098,1
0,0.04913856458313106,0
1,0.8889263632765689,1
0,0.014564873508656932,0
1,0.6805890720285939,1
0,0.04780708293062008,0
1,0.7253686341292362,1
1,0.5448790403512654,1
0,0.038444001046119544,0
1,0.632736239212548,1
0,0.00415644199654641,0
0,0.16136040689095507,0
1,0.9994794463043012,1
0,0.0519974736795976,0
0,0.3637061742987471,0
0,0.0348130434933538,0
1,0.9974339474990912,1
0,0.3314664907129115,0
0,0.4667025879981187,0
0,0.25439972406803085,0
0,0.49230368172617023,0
1,0.846699194324452,1
1,0.9862125371458759,1
0,0.8019699095527375,1
0,0.5218056845539408,1
0,0.0392805874429822,0
0,0.001061604007667582,0
0,0.851274815002546,1
1,0.850085130078192,1
0,0.6136426002659009,1
0,0.08082004479397577,0
0,0.015030290958598728,0
0,0.48232018285517686,0
0,0.018367288530180804,0
0,0.009436193256934216,0
1,0.9946306062015114,1
0,0.010263280377114993,0
1,0.7625078212052327,1
0,0.0011029096771755838,0
1,0.7777701324393616,1
0,0.01705827699073609,0
0,0.0010636374352444807,0
0,0.02806170543927419,0
1,0.9952780603060563,1
0,0.7030264658190734,1
1,0.22081864512447955,0
0,0.09369395305560574,0
0,0.0524944002107664,0
0,0.531319581451011,1
0,0.043166059500141706,0
0,0.10857617283001102,0
0,0.010698347126922662,0
1,0.8959051981037457,1
0,0.11060767311079267,0
0,0.19987955157471893,0
0,0.03264235187901827,0
0,0.7413107383551574,1
0,0.03301842226039572,0
0,0.008316268453236674,0
0,0.08683271291937458,0
0,0.03082279491046954,0
0,0.5736781381163681,1
0,0.031070226649714993,0
0,0.003959968708797433,0
0,0.3112633604890593,0
0,0.14559533281938083,0
1,0.8763443839111963,1
1,0.8014926731203067,1
0,0.04568639206658884,0
0,0.004197645342089913,0
1,0.9989079453514986,1
0,0.13695245448686968,0
0,0.5833632231547938,1
0,0.12207027701615945,0
1,0.7155349461470791,1
1,0.46865833383469485,0
0,0.029012873458668074,0
0,0.4861956937027925,0
1,0.9946662952419488,1
0,0.040861188463929075,0
0,0.005076069656373808,0
1,0.9974000974862052,1
0,0.016828861800574132,0
0,0.4486033325059681,0
0,0.4266052911056877,0
0,0.023482085933241182,0
0,0.6128205757605916,1
0,0.015626845205550705,0
1,0.87970304070315,1
0,0.020861122558879203,0
0,0.42492293540319076,0
0,0.09651706446493086,0
0,0.02323567293822681,0
0,0.027160560521009194,0
0,0.6510315767929444,1
1,0.9945314044113496,1
0,0.03283169974064274,0
1,0.9851291969243665,1
1,0.6010998698326704,1
1,0.998963166699383,1
1,0.9983315604252159,1
1,0.9968011833288561,1
0,0.007157668218026051,0
0,0.3716492568676274,0
0,0.09821620578858532,0
0,0.007500180830961047,0
0,0.04565596390821528,0
0,0.2681195022149416,0
0,0.2600209437705062,0
0,0.6452096275553961,1
0,0.0037153149858716113,0
1,0.8462338921908665,1
0,0.18715923885329006,0
1,0.7727220542472812,1
1,0.9967238736347448,1
0,0.6094693907661355,1
0,0.3485653593659733,0
0,0.04147903430867839,0
0,0.29270157153551646,0
0,0.5146658187593683,1
0,0.07620190324407976,0
0,0.7805058012977267,1
0,0.002749676384697296,0
0,0.014446391193812776,0
0,0.9210953559524617,1
0,0.6121413160550461,1
0,0.16028443609753876,0
1,0.6153188304846456,1
1,0.9857978283821313,1
0,0.5097056456694778,1
0,0.5015210013541983,1
1,0.9071062401735529,1
0,0.24234234812250824,0
0,0.10597062378023839,0
0,0.3498716831332484,0
0,0.03336984031282724,0
0,0.0037142768449464516,0
0,0.07090334871707252,0
1,0.9888756350578196,1
0,0.3865843866988154,0
0,0.002224333860959619,0
0,0.4962317270814901,0
0,0.29846054147344137,0
0,0.22857976341657754,0
0,0.5914104879532631,1
1,0.7706200334701286,1
0,0.003072355447639419,0
1,0.7439787752482487,1
0,0.23989642914684148,0
0,0.045106128770131856,0
0,0.22951448847783076,0
1,0.7578955356046051,1
1,0.9946052416253637,1
0,0.03274332204822187,0
0,0.05959120691699175,0
0,0.06848376858034542,0
0,0.009424038009079913,0
0,0.05834193116970678,0
0,0.08362973370742353,0
0,0.16561497251332433,0
1,0.995371085479957,1
1,0.9320537428267461,1
0,0.0011200292828457106,0
0,0.12198425781623007,0
0,0.0018614000095283118,0
0,0.04379338003519981,0
0,0.0012672062354011204,0
0,0.05635619252950604,0
1,0.6548104181897536,1
0,0.025595284888034454,0
0,0.06042974256377979,0
1,0.9261522111056055,1
0,0.02854069636853328,0
0,0.0052223870556620845,0
0,0.34686772821238415,0
0,0.06305364061592807,0
0,0.030305255323241236,0
1,0.9875367241133352,1
0,0.012830815435241387,0
0,0.00772036517334146,0
0,0.002161452311889611,0
0,0.03366495699175486,0
0,0.5877710648867537,1
0,0.018779500956787584,0
0,0.753266403608784,1
1,0.09989219497673435,0
0,0.08586624149030796,0
0,0.06498435692058095,0
0,0.18929983123659133,0
0,0.014785366051720315,0
0,0.019183748807959696,0
0,0.011623803249788482,0
1,0.8270800880167313,1
0,0.06106171179054304,0
0,0.0019385266017880793,0
0,0.002429517430302828,0
0,0.03263487833150916,0
0,0.6068468818753318,1
1,0.5990696054895753,1
1,0.9574524773468353,1
0,0.0036894592842216223,0
0,0.09599964048676383,0
1,0.09836453646849407,0
0,0.022102386350967188,0
0,0.07383640328594648,0
0,0.3695224418077618,0
1,0.0730879624210906,0
1,0.996985431840755,1
0,0.482457497929968,0
0,0.08189926254133209,0
0,0.20862821667445433,0
0,0.5162296300853112,1
0,0.04157020219793516,0
0,0.012517306746197011,0
0,0.38850752658823756,0
0,0.0014568765808220313,0
0,0.011437524466025372,0
1,0.9979118462307064,1
0,0.6050938242787053,1
0,0.0046422627166279665,0
0,0.5424802865731956,1
0,0.596722676570853,1
0,0.44456682310587875,0
0,0.1454017768436304,0
0,0.010882640673564401,0
0,0.14382191654748702,0
0,0.00507407185753757,0
0,0.10031859454163879,0
1,0.8338343652623531,1
0,0.013717057432149403,0
0,0.019319555590178773,0
0,0.019760468222786886,0
0,0.016164665874148897,0
0,0.8908852009966579,1
0,0.04953062904126545,0
0,0.0022235154508862113,0
0,0.5979120118195488,1
0,0.0808816829474108,0
0,0.030539129529281103,0
0,0.4337041064999155,0
0,0.1461022545149156,0
1,0.9897896027070315,1
0,0.015593514679828694,0
0,0.08465388239793838,0
0,0.01937306573834551,0
0,0.036324546348926186,0
0,0.2996770544236761,0
0,0.44326530229825195,0
0,0.048192377498335735,0
0,0.07168226919838402,0
0,0.6332754833335735,1
1,0.8647971414488672,1
0,0.004906386569032062,0
0,0.23261647386721399,0
1,0.9672109484642102,1
0,0.8788501516076576,1
1,0.9888685955244123,1
0,0.022444479789939173,0
0,0.0029798329428388694,0
0,0.0005085596064366243,0
0,0.16941297744266604,0
1,0.9986185752532462,1
0,0.0028830058350063663,0
0,0.0015250108119081486,0
1,0.9109442662327328,1
0,0.4361957483015394,0
0,0.3096131258015661,0
1,0.7521004105712874,1
0,0.049952529252083724,0
0,0.027937957555821947,0
0,0.6288992265041512,1
0,0.1054303891065803,0
1,0.42464508889968716,0
1,0.817928866650816,1
0,0.4898139016090401,0
0,0.018095033722782133,0
0,0.0018046955802296608,0
1,0.9217823725745751,1
1,0.9095385904985562,1
1,0.9209429299073593,1
1,0.9887964600632481,1
1,0.9950733058788876,1
0,0.08389682723872409,0
0,0.003062555393864716,0
1,0.1078145655206877,0
1,0.9969190903702992,1
0,0.024717547055316355,0
0,0.014122366189965792,0
0,0.004533171039765939,0
1,0.8825038994515055,1
1,0.9991811984587928,1
0,0.4863711289506482,0
0,0.2540670122694329,0
0,0.10349009628081314,0
0,0.013526809708110573,0
1,0.7421164793255302,1
0,0.6841070003474152,1
0,0.5922899520884413,1
0,0.04460301110438572,0
0,0.023875298747959274,0
0,0.09560918451343357,0
0,0.0010569877627379669,0
0,0.10633678386761872,0
0,0.07617413121037779,0
0,0.09033105773979888,0
0,0.5099478087259236,1
1,0.7371790005401672,1
1,0.9258823274550382,1
1,0.8244546851402788,1
0,0.0021317029181745625,0
0,0.10409349351483098,0
0,0.7476030169557363,1
0,0.007863885196134542,0
1,0.8487903922374429,1
0,0.06190316382467717,0
1,0.6464202464626326,1
1,0.6575167557325329,1
0,0.007715656661195947,0
0,0.38855767035843053,0
1,0.8592097898904025,1
1,0.5085019510230417,1
0,0.09689846914904686,0
0,0.18133328922238756,0
0,0.3504064264895964,0
0,0.011703630831616955,0
0,0.1121054166758947,0
0,0.0366402093837674,0
0,0.0017525091753240656,0
1,0.780170381888585,1
0,0.012693868479087381,0
0,0.0009008849978503186,0
1,0.44266936863215645,0
0,0.26401620529948827,0
0,0.0038955154590221744,0
1,0.7540523671329665,1
0,0.19970434951935453,0
1,0.9991959808421518,1
1,0.9109605989424668,1
1,0.9968688486288758,1
0,0.004440748844754815,0
1,0.9235461967613745,1
0,0.0015710706905020491,0
0,0.7118141751599967,1
1,0.9962239657092751,1
0,0.0012949833035256562,0
0,0.06431962952104467,0
0,0.14347334723726007,0
1,0.5943477324571133,1
1,0.8903173171414543,1
0,0.8690661934548579,1
0,0.009744761798258847,0
0,0.005998196301148569,0
1,0.5730856956564747,1
0,0.05099099023307205,0
0,0.058353760202151626,0
1,0.6582058963797287,1
0,0.06269205577571099,0
0,0.001831826806534521,0
0,0.2804006182438715,0
0,0.2526573839658985,0
1,0.5136544847648504,1
0,0.01366283662932223,0
0,0.6474624438648022,1
0,0.0016437003533697606,0
0,0.46051874745109156,0
0,0.015310742373160666,0
1,0.7613782881325019,1
0,0.005632123868583316,0
1,0.9875675225796077,1
0,0.8529425967771405,1
1,0.8433243822911469,1
0,0.019921717186363857,0
0,0.027241011650432224,0
0,0.49977633833505913,0
0,0.15422229448485544,0
1,0.535089851214355,1
0,0.8614299372854552,1
0,0.040037857976243194,0
0,0.03416024953686206,0
0,0.0102790774563404,0
1,0.41992968521700214,0
1,0.9703289168520811,1
1,0.36471124852326336,0
0,0.0064332505412399085,0
0,0.00366333693805051,0
0,0.1404690735202733,0
0,0.04885267876811046,0
0,0.00039378533700347353,0
0,0.0668100186971989,0
0,0.2676896617191716,0
1,0.838776552244772,1
0,0.025665553671680233,0
0,0.048919284074530875,0
0,0.004761679553290681,0
0,0.0025274291943717148,0
0,0.031549833845074184,0
0,0.014956694623500787,0
1,0.643841823802498,1
0,0.004528742351480736,0
0,0.0014430884902734628,0
0,0.042624862262601454,0
1,0.9341981850785412,1
0,0.8835925203808772,1
1,0.6442475667061621,1
1,0.43496146293209914,0
0,0.009437396225385773,0
0,0.015243840114525354,0
0,0.017339366102695642,0
0,0.005598985998480184,0
0,0.040266251033905,0
0,0.007502782219410528,0
0,0.0019959604293228127,0
0,0.04727733374516605,0
0,0.4182458240460226,0
0,0.6832894492015746,1
0,0.01991767650661622,0
1,0.8771266713471476,1
0,0.20275911715983297,0
0,0.16318502533981935,0
0,0.24876587652317794,0
1,0.8933034309152763,1
0,0.40442170120290355,0
1,0.2844843737135506,0
0,0.49639405509732315,0
0,0.004829798085073474,0
0,0.635040445585123,1
0,0.013927559847847586,0
0,0.07781866638971527,0
0,0.030549793879340353,0
0,0.010920267044756998,0
1,0.9973937340149187,1
1,0.44824229054423403,0
0,0.43975817882735546,0
0,0.8376077382488192,1
1,0.9985575830967185,1
0,0.014240064773153083,0
0,0.02170289208498731,0
0,0.03217397637053571,0
0,0.04003600204825658,0
1,0.9346978907717902,1
1,0.9159926710787709,1
0,0.9257926132037296,1
1,0.9963937442321099,1
0,0.5268622005652912,1
0,0.03194749652544226,0
0,0.2551122674903611,0
0,0.010759419937977148,0
0,0.012827274386225466,0
0,0.2684440444516328,0
1,0.7984482632880624,1
0,0.8437524967998005,1
0,0.14655355894754687,0
1,0.6309269305133879,1
1,0.744836081916026,1
0,0.0355317422231349,0
1,0.3622141872728084,0
0,0.05220936747250018,0
0,0.23215853576577597,0
0,0.794706642132243,1
0,0.00486517573322583,0
0,0.426659256045091,0
0,0.00940830373706586,0
1,0.8824491578407634,1
0,0.007907857894615657,0
0,0.0585882261852227,0
0,0.02352145055845349,0
1,0.517597433124346,1
0,0.07346452752523522,0
0,0.004472142171364578,0
1,0.996005706237527,1
1,0.9972077416990057,1
0,0.012602967896065242,0
0,0.046809003278454255,0
0,0.011666687832950405,0
0,0.8720248711909626,1
0,0.14252031902486753,0
0,0.009588911084747995,0
0,0.8448934090896442,1
0,0.04278195658997059,0
0,0.16671456595468084,0
1,0.8273815171873274,1
0,0.1432481301141862,0
0,0.003168003541711512,0
1,0.8295599098628595,1
1,0.9224470564988643,1
0,0.05460433006400854,0
0,0.09912605804326959,0
0,0.3022630079750455,0
0,0.7340590933927762,1
0,0.09154883415359216,0
0,0.5481676454852927,1
0,0.11893405617360836,0
0,0.011908906638646919,0
0,0.002804856722631162,0
1,0.5790662396992867,1
0,0.002255329952801456,0
0,0.4005137646438727,0
0,0.4368705739369272,0
1,0.7805241348367675,1
0,0.012835189102327142,0
0,0.45304985519399155,0
0,0.6369933836893846,1
1,0.05408479196052972,0
0,0.12217718986920915,0
0,0.08445067541966228,0
0,0.7639386840179908,1
0,0.44984438115213576,0
0,0.2401359791796156,0
0,0.05741001179384881,0
0,0.07566314916083769,0
0,0.017885384713347968,0
0,0.12948596819653538,0
0,0.08388013293560671,0
0,0.6761551478377394,1
0,0.9018913094803961,1
0,0.00042847292684982524,0
0,0.01815067693630462,0
0,0.9489080515165192,1
0,0.05490157640233006,0
0,0.05833592430579095,0
0,0.004240597093611406,0
1,0.8252520792257062,1
1,0.6549320933858667,1
0,0.0019425131609163862,0
1,0.9971329561171339,1
1,0.1646391020126842,0
0,0.5445926778267616,1
0,0.7597534025273015,1
0,0.04494107570503436,0
0,0.05497647598399329,0
0,0.7458031304015631,1
0,0.37867211535097245,0
0,0.08874600524450627,0
1,0.5789750399021414,1
0,0.8600469329913253,1
0,0.0031089802467536166,0
0,0.023609430704697114,0
0,0.09089341249119001,0
0,0.7514264369663372,1
0,0.48111505799049026,0
0,0.11802015275045091,0
0,0.0242412679557013,0
0,0.0694162624607551,0
0,0.11931251226545306,0
0,0.03266362507667331,0
0,0.04048624166386363,0
0,0.002279830637148808,0
0,0.03438972733398263,0
1,0.30233455288403205,0
1,0.846695240037764,1
0,0.1465517914397972,0
0,0.0065826816909603,0
0,0.03272487569846167,0
0,0.09701455585884786,0
0,0.025332784600597718,0
1,0.19060199731158384,0
0,0.12413985230314632,0
0,0.006343812830650296,0
0,0.11086869281036538,0
0,0.1303648826671075,0
0,0.1199618840073113,0
0,0.35152489716528906,0
0,0.3030433554745548,0
0,0.024561934715814537,0
0,0.05722151024832557,0
0,0.006544278151803105,0
0,0.16224156747747687,0
0,0.6667477987177305,1
0,0.0013702492488953137,0
1,0.6209689965369317,1
0,0.02019681402318237,0
0,0.020187803385033412,0
0,0.18091922193538706,0
0,0.31375895873165854,0
0,0.06052396362247073,0
1,0.9399312202872079,1
1,0.721310130510935,1
0,0.01569004854098516,0
0,0.11328037160867321,0
0,0.6796188364142387,1
0,0.016906405182545138,0
0,0.7107588192399779,1
0,0.20900714273719664,0
1,0.8417130829466415,1
0,0.5191230684110784,1
0,0.33422953610968487,0
0,0.012247592137982745,0
0,0.010460190860358307,0
0,0.03387060101385373,0
0,0.07749498867030546,0
0,0.2427259003210403,0
0,0.0007402256219901323,0
0,0.06765558204340576,0
0,0.574869884443947,1
0,0.06484501368897606,0
1,0.9858284983048743,1
0,0.00347542784218024,0
0,0.028805982315164264,0
0,0.03184120395066272,0
0,0.1545053252771099,0
1,0.6534298454999279,1
0,0.0012049583420901493,0
1,0.9872387098960866,1
1,0.8742538732635027,1
0,0.3303399793140169,0
0,0.03554536659220882,0
1,0.49494702920782635,0
0,0.001059262452340594,0
0,0.5461388020408247,1
0,0.014409366137198237,0
1,0.2637517297436743,0
0,0.32424189816571625,0
0,0.12913271568989584,0
0,0.042413785666201305,0
0,0.10400164710457438,0
0,0.010492292890645521,0
0,0.43651852612879194,0
0,0.0025533845428938958,0
0,0.6629279811700041,1
0,0.12547979780976595,0
1,0.7873924267956285,1
0,0.28206958502480484,0
1,0.8878565423047777,1
1,0.9003563818769379,1
1,0.8439871106141589,1
0,0.6192584863017756,1
0,0.0126234914810068,0
0,0.012399847545729278,0
0,0.03890847728734054,0
0,0.13391721519427227,0
0,0.03817097717834238,0
0,0.05650732782727371,0
0,0.03715284210948055,0
0,0.028154547760188234,0
0,0.7183543614796922,1
1,0.9889945889523395,1
0,0.23844404995369134,0
0,0.03244770580675435,0
0,0.012506858564188653,0
1,0.8538285667301566,1
0,0.02442153312215286,0
0,0.03905706519520356,0
0,0.43323581935655786,0
0,0.3309798452347841,0
0,0.13302224190031886,0
0,0.8196142875551117,1
1,0.9769516400040921,1
0,0.21514920431956394,0
0,0.011891002810595271,0
0,0.6918383808782894,1
0,0.5149729224252844,1
0,0.16040074670213372,0
0,0.008074757014297553,0
1,0.6207359059613015,1
0,0.015543399003519094,0
0,0.1653791531727604,0
1,0.8522139131510376,1
0,0.5625504372488725,1
0,0.0021685581165483904,0
1,0.931581490274932,1
0,0.03176612893630125,0
0,0.012622365170446197,0
0,0.2812382215250023,0
0,0.33947709403452847,0
0,0.0029012462033327596,0
0,0.007973368260995711,0
0,0.028391803264346187,0
0,0.9017566361408019,1
0,0.019700205117300286,0
0,0.002284288702968863,0
0,0.04537263065566747,0
0,0.03138477781746457,0
1,0.8417064260711917,1
0,0.20267489050315932,0
0,0.14715080178058565,0
0,0.20894572456629312,0
1,0.8331635431246445,1
0,0.0796256061943774,0
0,0.0010876549358528245,0
0,0.0010655352181470179,0
0,0.19796544032892693,0
0,0.12271465805609902,0
0,0.8475908284328055,1
1,0.8552594651144784,1
0,0.008481166355578305,0
0,0.0034252950751854127,0
1,0.7347377295496084,1
0,0.007478429167213047,0
0,0.1920654531542392,0
0,0.7973518243761787,1
0,0.01014594407767441,0
0,0.8468284594571103,1
0,0.055049209663933965,0
1,0.8897597604215705,1
0,0.003121546410711996,0
0,0.01587983940249273,0
1,0.9875034328842677,1
1,0.7685088209848566,1
0,0.012888103909325297,0
0,0.012388207473422905,0
0,0.3481026082060118,0
0,0.07794278142549346,0
1,0.9953932318804614,1
0,0.8253062311519964,1
0,0.4080636426771392,0
1,0.9920978182970159,1
0,0.0663697378272505,0
0,0.41616682199758254,0
1,0.8665857517718688,1
1,0.9713215717551578,1
0,0.019364986718601006,0
0,0.008038205900741904,0
0,0.8043338069056047,1
0,0.32243454771092395,0
0,0.03550381897761029,0
0,0.018997448287059345,0
0,0.041459438090255867,0
0,0.011791148147234375,0
0,0.028489575622931543,0
1,0.8245628773964668,1
0,0.0014526872887297814,0
0,0.06385811538791436,0
0,0.010128838653620053,0
0,0.6238467988668462,1
0,0.0002900730658200362,0
0,0.00600473451750398,0
0,0.2615347153133143,0
0,0.02698543399642311,0
0,0.08256779665568278,0
0,0.3232322897409231,0
0,0.10183586913281216,0
1,0.6017541306163849,1
0,0.7627763421483675,1
1,0.988937605380358,1
0,0.06309510941683742,0
0,0.04104096354467121,0
0,0.16205602506354103,0
1,0.8638224285490241,1
0,0.02555484642934039,0
0,0.034661837859139816,0
1,0.782264866073384,1
0,0.09130101359198538,0
1,0.8818898551015413,1
0,0.804965065123675,1
1,0.8481149739537549,1
1,0.8487361012109762,1
0,0.05695707169593261,0
0,0.39098888844376,0
1,0.7059655743818768,1
1,0.9620276622942824,1
1,0.9610653110628683,1
0,0.11689170555932336,0
0,0.0037678755349018034,0
0,0.8217926287573759,1
0,0.0013578893064056879,0
0,0.05934575060046156,0
0,0.540172186194978,1
0,0.18865740355466415,0
0,0.02798315691957892,0
0,0.8784786468029947,1
0,0.09872078837721172,0
0,0.07867721080488757,0
1,0.7805812804820269,1
0,0.7736899600677098,1
0,0.8099555696792446,1
1,0.9965208878976303,1
0,0.5301797386595993,1
0,0.07147833306895467,0
0,0.07852690786162844,0
0,0.17563614895538546,0
1,0.614797296322463,1
0,0.09289986231919448,0
0,0.09003765679914819,0
0,0.036103343212303934,0
1,0.8863223207166175,1
0,0.8466344817505189,1
0,0.10225451725178918,0
0,0.17524149638534123,0
0,0.49583671809786767,0
0,0.12498535954537596,0
0,0.7961670910857768,1
0,0.17008001051826935,0
1,0.9565486855978689,1
0,0.08896010637357368,0
0,0.017434226537054686,0
0,0.00231006606377895,0
0,0.0005089939997895656,0
0,0.5397872289063956,1
0,0.12824436076330828,0
0,0.5168558779838883,1
0,0.5997074233941904,1
1,0.7677582901555076,1
0,0.08248284308198028,0
0,0.6906824498025138,1
0,0.1886261242960329,0
0,0.004136384933907391,0
0,0.17939078430602626,0
1,0.9454193255785823,1
0,0.003895008075090828,0
0,0.042502303886960004,0
0,0.03108085898367729,0
0,0.01335245880486512,0
0,0.8548828980521718,1
0,0.0029193931294817267,0
0,0.07448680010250916,0
1,0.13049586686502618,0
0,0.012368228375448253,0
1,0.9528067103500599,1
1,0.2381963782639875,0
0,0.06251260167125326,0
0,0.5262066566135665,1
0,0.058160733302103716,0
0,0.5258627401367986,1
0,0.007468308693799662,0
0,0.03204215921024763,0
0,0.17438903683576656,0
0,0.012537594300409271,0
0,0.15878727561341408,0
0,0.5213108717968915,1
0,0.6338630915505457,1
1,0.45694454467470913,0
0,0.7286601278831748,1
1,0.8734793743105832,1
1,0.9133681272559362,1
1,0.5792841405375861,1
0,0.17684591293525026,0
0,0.21585064931547782,0
1,0.9985033921967729,1
0,0.00829416783620867,0
0,0.03161312975937038,0
1,0.9990128486087361,1
0,0.009638391270342708,0
0,0.0016891895720261214,0
0,0.4956663185117717,0
0,0.4400357206979062,0
1,0.21148817384815946,0
0,0.2958779090232768,0
0,0.09230793288005151,0
0,0.3627888343412802,0
1,0.8127353105976859,1
0,0.8111070578060623,1
0,0.11009155354176156,0
0,0.006583194873612072,0
0,0.004530130813753443,0
0,0.011857117924742819,0
0,0.8495563984761544,1
0,0.26931995496087074,0
0,0.23064746564308178,0
1,0.8253810793739642,1
0,0.018960304862007824,0
0,0.005745714893644889,0
0,0.022277658208880193,0
1,0.6054905223510666,1
0,0.4752585459970499,0
1,0.9929083580878644,1
1,0.989378366703906,1
0,0.02486133124453039,0
0,0.1954126486993541,0
1,0.8994403277788433,1
0,0.32515885072115797,0
0,0.6088125938619463,1
0,0.4635670021876842,0
0,0.010729410225122332,0
0,0.17494554188759404,0
1,0.871998366645434,1
1,0.8959687568974787,1
1,0.8380861034181641,1
0,0.002989170302057652,0
0,0.029064726713188768,0
0,0.0019026446901653402,0
0,0.9777753341619757,1
0,0.899211124872824,1
0,0.8197299552810876,1
0,0.02600911360616548,0
0,0.6731988269598322,1
1,0.4706880381231948,0
0,0.28927696585201024,0
0,0.017948006779295114,0
0,0.0005386467558493251,0
1,0.36575254361285986,0
0,0.28708907546444873,0
1,0.9788702365723554,1
0,0.003628643908378516,0
0,0.02088026705421728,0
0,0.017798101029923876,0
0,0.25243650769503545,0
0,0.7380053285262524,1
0,0.020190823890579218,0
1,0.9942704409471944,1
0,0.014788866329210787,0
0,0.019600728250873247,0
0,0.754169765757623,1
0,0.16638898827621762,0
0,0.024668429256777487,0
0,0.027411766235454556,0
0,0.18354449206757256,0
0,0.046242460706797855,0
0,0.5544190538016972,1
0,0.022851854004459493,0
0,0.038299875386014794,0
1,0.9926966270378332,1
0,0.0842777314559245,0
1,0.5228883617697846,1
0,0.00409031824009816,0
0,0.004826165602765723,0
1,0.9755029620447228,1
0,0.006333877862239361,0
0,0.4276741298571602,0
1,0.9967684500584615,1
0,0.0010569561497594734,0
0,0.02474014824917024,0
0,0.22014948757770267,0
0,0.0016112106917669298,0
0,0.018058007553471558,0
0,0.023505912765261216,0
1,0.708473873634184,1
1,0.9865996701092262,1
0,0.03847210113977371,0
0,0.005480151709864817,0
0,0.7260456698208906,1
0,0.016948041574481536,0
0,0.5872047724973667,1
0,0.2025279282238577,0
0,0.0033031999445267226,0
0,0.019114551920100024,0
0,0.043201710000263745,0
1,0.8221584483405985,1
0,0.007136827972845924,0
0,0.015595250407716109,0
0,0.2743247978473881,0
0,0.0020206323724301397,0
1,0.7527221124004517,1
0,0.0017323692162047807,0
0,0.2698128963288559,0
0,0.01698856435298613,0
0,0.146511262196113,0
0,0.05790728223090333,0
0,0.015121573974891387,0
0,0.03996173370042078,0
0,0.6241333984778925,1
0,0.12302144587781245,0
0,0.02057398526615053,0
0,0.013309977945988271,0
0,0.14032051878719862,0
1,0.754169765757623,1
0,0.03630573529028465,0
0,0.10078731030180621,0
0,0.5742448194825344,1
1,0.8601066728772618,1
0,0.23865876830383265,0
0,0.012335026696408643,0
0,0.02128863238711409,0
0,0.2619175966370615,0
1,0.8093576045673094,1
1,0.8639181459034148,1
0,0.028079156286416728,0
0,0.010003914136165708,0
1,0.7869104738433471,1
0,0.0010636374352444807,0
0,0.021641558883474406,0
0,0.050015209266318375,0
1,0.9985378152943899,1
0,0.562340412342066,1
0,0.04969183122359894,0
0,0.5003794745837734,1
0,0.3976899192706731,0
0,0.05180087496487738,0
1,0.4263843144790848,0
0,0.03651858120548883,0
0,0.016532964064659178,0
0,0.007484853317928211,0
0,0.30029207902565064,0
0,0.11492758309078435,0
0,0.012437677547246215,0
0,0.033886985559228415,0
0,0.4827205916614823,0
1,0.5936230515753776,1
1,0.627759964984588,1
0,0.5884533797541192,1
0,0.06159262096072529,0
0,0.003574781233855414,0
1,0.7253113444914849,1
0,0.0009760873249630597,0
0,0.04683580726527638,0
1,0.7355301896522002,1
0,0.6164789093247008,1
0,0.15164184110432502,0
0,0.001215572987398158,0
0,0.5517203287807118,1
0,0.013655944179298597,0
0,0.057699195089382024,0
0,0.031074410320449098,0
1,0.8677095563419815,1
0,0.000974172987896372,0
0,0.04259175126597829,0
1,0.8612458390491147,1
1,0.8964004992183892,1
0,0.0016474493851045741,0
0,0.005670744557914869,0
1,0.31862349394718403,0
1,0.9895221462449874,1
0,0.15843928039467683,0
1,0.4205342765818903,0
1,0.0915901056671501,0
1,0.7734334976091819,1
0,0.36898059994386107,0
0,0.021419089805029705,0
0,0.0325722692772477,0
0,0.06463415278010365,0
0,0.2992484158075181,0
1,0.05165695755185025,0
0,0.007676378161087873,0
1,0.9027463078266661,1
0,0.013488213007970316,0
1,0.4829033919940815,0
0,0.009944203927289574,0
1,0.9905973607240397,1
0,0.5258363059552689,1
1,0.20230879664028828,0
0,0.0011487925331432561,0
0,0.5392088720063791,1
1,0.7393870759794752,1
1,0.8854586796906463,1
1,0.6246771126916377,1
0,0.001988810864734633,0
0,0.8060404260854985,1
0,0.5620771612862885,1
1,0.9455132184305515,1
0,0.035154729743385134,0
1,0.8389347366648088,1
1,0.7944236246414594,1
0,0.18202974626326335,0
1,0.9851566018404172,1
0,0.24322347775813127,0
0,0.01364380472402603,0
0,0.4785121142939403,0
0,0.0019175572589651922,0
0,0.0346489602187195,0
0,0.06387988772969494,0
0,0.7945272953040864,1
1,0.9935362503022249,1
0,0.0012394766790355938,0
0,0.10211822128812885,0
0,0.07392552673386336,0
0,0.7999299525803462,1
0,0.27590724543959005,0
0,0.47708995662109416,0
0,0.03872831526375614,0
0,0.013852160710282488,0
0,0.20679931358713283,0
0,0.6770582234123923,1
0,0.6753463526214245,1
1,0.8988836925621668,1
0,0.20732545597480567,0
0,0.026906386007120395,0
1,0.9979869987376406,1
0,0.03627256683003499,0
0,0.8013221599899691,1
0,0.0011436639447120406,0
0,0.012388943014363161,0
0,0.21084090196326324,0
0,0.004553796813627177,0
0,0.12932498341323145,0
0,0.060328010003214506,0
0,0.16859207511190752,0
0,0.014394279092331626,0
0,0.23272870539523155,0
0,0.7603308697264293,1
0,0.16884888427904018,0
0,0.009507457066432448,0
0,0.2234402338982826,0
0,0.05611843641070329,0
0,0.0010682543111621829,0
0,0.019229898956921707,0
0,0.040464931238804014,0
0,0.04614629450533724,0
0,0.02294023373866973,0
0,0.15126412066340525,0
0,0.03525748877198082,0
0,0.9335944187037549,1
0,0.2502356950990975,0
0,0.10148585552807893,0
0,0.031240049105260015,0
0,0.35134159775583207,0
0,0.21972547331160325,0
1,0.7401555873558638,1
0,0.06622997532390118,0
0,0.0028673403958630714,0
0,0.023907451950319833,0
0,0.0036089619465201036,0
0,0.10367693207840997,0
0,0.020633580644160016,0
1,0.8311787970669153,1
1,0.8731317160613831,1
1,0.021394663292893263,0
0,0.019561460862581558,0
0,0.043870296980310364,0
0,0.02682026584968648,0
0,0.01977240913501821,0
0,0.020593243533332986,0
0,0.30930272264466246,0
1,0.997399202122868,1
0,0.023168691196515843,0
0,0.2100724347217845,0
0,0.03506666402126296,0
0,0.15874767547243082,0
1,0.9968814042749791,1
1,0.9909142001184743,1
0,0.026020069925379943,0
0,0.0010288611595075407,0
1,0.8460509297451836,1
0,0.8843247051138111,1
0,0.04091956557829791,0
0,0.20469303247790765,0
0,0.3984913469244109,0
0,0.012116910398478333,0
0,0.7167461464701071,1
0,0.09428584921334737,0
1,0.7032877658281012,1
0,0.2893053659650228,0
0,0.0026377549789318036,0
1,0.7561392431876759,1
1,0.9080742190075667,1
0,0.2793071215158648,0
0,0.009117741357335592,0
0,0.004044058621328488,0
1,0.9959344212396293,1
1,0.8944271671689595,1
0,0.7907604973459098,1
0,0.005816672048767789,0
0,0.06830087670453246,0
1,0.9987731111015827,1
0,0.05670806436082247,0
0,0.012584084923888397,0
0,0.46602510485789794,0
0,0.014730416698709206,0
0,0.01755842653202534,0
0,0.06779555217378336,0
0,0.02109205567703289,0
1,0.699785799468604,1
0,0.23481316323718834,0
0,0.17619832683755632,0
1,0.9955214767208868,1
0,0.6446814307375078,1
0,0.1224468764029735,0
0,0.016049229737306363,0
1,0.5763345776886841,1
0,0.046360866128060146,0
0,0.537226755513518,1
0,0.6934652523114105,1
1,0.9200184295774209,1
0,0.8777962586434201,1
1,0.9150377236865536,1
1,0.9987208660831123,1
0,0.3443852267804399,0
1,0.5899224957834233,1
1,0.9966673243586698,1
1,0.8727329956702802,1
0,0.6072055660662165,1
0,0.27162836684329916,0
0,0.0016322103540826745,0
0,0.005242471588643721,0
0,0.0038092642254722556,0
0,0.1613313421500508,0
1,0.9949862028093115,1
0,0.013777192163799369,0
1,0.8435950647227543,1
0,0.016616695172368797,0
0,0.1943686339136869,0
0,0.010827246842206957,0
0,0.004070681923767713,0
0,0.47228140582267214,0
0,0.004047289812775064,0
0,0.25553856915983797,0
1,0.1636060460416874,0
0,0.002622013964732018,0
1,0.7545211594782908,1
1,0.9984579883085067,1
0,0.1503141762594441,0
1,0.8668856019838298,1
1,0.7201434869745703,1
0,0.03057232501061283,0
0,0.04407791148514298,0
0,0.01094529907274001,0
0,0.0969164883940052,0
0,0.01681219668658505,0
0,0.010497120480666419,0
1,0.8545294159865056,1
0,0.10068796651168704,0
0,0.6706790427625611,1
0,0.024400909963787912,0
0,0.05399951356346437,0
0,0.02794630679107786,0
0,0.446679698392684,0
0,0.008846012394601753,0
0,0.5300146641140978,1
0,0.7405269782606182,1
0,0.3995088422963478,0
0,0.09788071491278395,0
0,0.009609704445422005,0
0,0.12828472358912515,0
0,0.06762412254079261,0
1,0.9271189774916713,1
0,0.030761940759327186,0
0,0.2276807448763534,0
0,0.8049789237646154,1
0,0.0014977112536623477,0
0,0.024318389928789902,0
0,0.20391317805645004,0
0,0.427968924573451,0
1,0.3792347170115092,0
0,0.26505156798957413,0
1,0.5982794845741192,1
0,0.1532818234520133,0
0,0.3240870832778168,0
0,0.04371434252794947,0
1,0.8773665911468286,1
0,0.09618264593081932,0
1,0.7816769092329308,1
0,0.0022513629070298846,0
0,0.1451775370918204,0
0,0.35031340958284535,0
1,0.9978342055096064,1
0,0.3797163302646885,0
0,0.4585247002826166,0
0,0.0015279524819031259,0
0,0.03478426597374287,0
0,0.534633003365536,1
0,0.0014110336120412082,0
0,0.003618648852054242,0
0,0.00134754855031037,0
1,0.9912228253400674,1
0,0.0162722353610947,0
1,0.6813734139689448,1
0,0.025898579211900394,0
0,0.032595160727364576,0
1,0.7466218314993467,1
0,0.047026718904067046,0
0,0.016541005998538846,0
0,0.024355946652216184,0
0,0.7963835754420081,1
1,0.5239227779786921,1
0,0.011880871594059952,0
1,0.5050284662456354,1
0,0.46602438131409774,0
0,0.06022428896640713,0
0,0.8881263946539116,1
0,0.17002411528507894,0
0,0.030179805048893078,0
0,0.011664101970073249,0
0,0.002079062058939354,0
1,0.6634584016151038,1
0,0.008102527788479237,0
0,0.001015511391436903,0
0,0.042120315504541414,0
0,0.037688037917130095,0
0,0.016314100300929057,0
0,0.8994428845669349,1
1,0.9323966609241376,1
0,0.008839870371238357,0
1,0.9988103367562523,1
0,0.1762557822863862,0
0,0.8621757111344353,1
1,0.13426608339622795,0
0,0.06299801649030592,0
1,0.8165794590065587,1
0,0.10117164859521768,0
0,0.01136963169262624,0
0,0.016117655708211994,0
0,0.3857932098028016,0
1,0.9966837895442273,1
0,0.047191241831437115,0
0,0.0014477375923698786,0
0,0.018322098108938634,0
0,0.006064173138152679,0
1,0.9879112711937893,1
0,0.05908549333723437,0
0,0.7353807222488191,1
0,0.0028014025405774753,0
1,0.9887218056142572,1
0,0.012749428282958096,0
1,0.8750055131450021,1
0,0.05877423971216994,0
0,0.39594677269312667,0
0,0.26141723113703974,0
0,0.004573671700659674,0
0,0.3402052865545351,0
0,0.05855521903291846,0
1,0.2211816271899283,0
1,0.8829752715875789,1
0,0.13096105394883234,0
0,0.025811270981790313,0
0,0.873655507103063,1
0,0.403613341065082,0
0,0.021259886735679977,0
0,0.4863373555373637,0
0,0.11838192477905536,0
1,0.9974765633533925,1
1,0.8772159272628657,1
0,0.7297657077945686,1
0,0.30696639493506556,0
0,0.029657451223174564,0
0,0.0361870861062288,0
0,0.6821314851835711,1
0,0.005641580277315902,0
0,0.6429496033513913,1
0,0.5046549306549163,1
1,0.998453211585469,1
1,0.7311080537254818,1
1,0.920859247613484,1
1,0.8641256478473118,1
0,0.018878781541480642,0
0,0.010670044809689519,0
0,0.08244593343695605,0
0,0.010199939989594724,0
1,0.8677182713422605,1
0,0.02257056840505182,0
0,0.011004348317734818,0
1,0.531537229098422,1
0,0.4057718306687171,0
0,0.009091141131825308,0
0,0.11549424627560123,0
1,0.6933408156085755,1
0,0.13609316638204957,0
0,0.6365579101821053,1
0,0.016186839331419442,0
0,0.710885859763004,1
1,0.6784834897216404,1
1,0.9954132081011542,1
0,0.03321920912534064,0
1,0.8242835655449929,1
0,0.3614957817187873,0
0,0.014679561247928151,0
0,0.041211352704479516,0
0,0.0017842423507930937,0
0,0.03300842798560202,0
0,0.42872112258652073,0
0,0.04884808662735428,0
0,0.8148796799027757,1
0,0.04957699429368616,0
0,0.31227154642808874,0
0,0.012076940781260495,0
0,0.09528381214852231,0
0,0.23954152056543793,0
0,0.024341696404678953,0
0,0.009107811442396984,0
0,0.6427528014147759,1
1,0.678547922526517,1
0,0.21995745238319547,0
0,0.0025441820403296635,0
0,0.7258775775955594,1
1,0.9772056843248016,1
0,0.15894976531675248,0
0,0.24678212951855372,0
0,0.0018632001188340931,0
1,0.8547974453774393,1
0,0.3694131057174942,0
0,0.03437463126244209,0
0,0.001130547442486665,0
0,0.6796201742165321,1
0,0.0842289535116019,0
1,0.9985357024069986,1
0,0.0010305389539102979,0
0,0.08459501594262239,0
0,0.16349526215611998,0
0,0.8172135909151116,1
0,0.011711707442722053,0
0,0.09045310840338411,0
0,0.16207697903497137,0
0,0.21467617199851005,0
0,0.020450757718017982,0
0,0.0021555650345216363,0
1,0.8420366789374077,1
1,0.9994422598366484,1
0,0.01495918630824532,0
0,0.6878211593569654,1
0,0.6523371846255217,1
0,0.7882742092820845,1
0,0.582182234307234,1
0,0.6157253335052323,1
1,0.9981124124732321,1
0,0.010515239907851404,0
0,0.007298216108266994,0
0,0.0010921722456518049,0
0,0.026995194512151093,0
0,0.33871885703839344,0
0,0.6695075448667932,1
1,0.8275650416985095,1
0,0.0029023327751276327,0
0,0.03141717709763216,0
1,0.9878349012982066,1
1,0.7482252107784085,1
0,0.01058073015153844,0
0,0.016255303094512803,0
1,0.6346464694692532,1
0,0.009140495763571373,0
0,0.00795538409608591,0
0,0.125061422297006,0
1,0.7332763754117938,1
0,0.6187570100722819,1
0,0.052015516966237976,0
0,0.009044765968724658,0
0,0.0019409880264725321,0
0,0.015747209669225187,0
0,0.6620300919410499,1
1,0.6430645653173477,1
0,0.4348951401305593,0
0,0.06132746154006584,0
1,0.577385519445693,1
0,0.029737428691598334,0
0,0.050459876263716626,0
0,0.2932755859342343,0
1,0.16260163999963603,0
0,0.061104140784756435,0
0,0.000927737903567954,0
1,0.9970069568358871,1
0,0.036543407767381124,0
0,0.002148357249479335,0
0,0.16329451922164204,0
1,0.8834338183426848,1
1,0.9879895814473748,1
0,0.004935079538114951,0
1,0.27599154505836354,0
0,0.0358557715599273,0
0,0.009378174659057993,0
0,0.2550932936289223,0
0,0.0506808544691262,0
0,0.10676837854024555,0
0,0.003036705778395395,0
0,0.008939725298675087,0
0,0.5033894169449675,1
0,0.0068035630747024555,0
0,0.1878462856975001,0
0,0.12650896622600663,0
0,0.04349055016962093,0
0,0.09987111924978541,0
0,0.012442644435945251,0
0,0.01998003087230161,0
0,0.06984714270762349,0
1,0.7387444664377264,1
0,0.03660612064956167,0
0,0.01005728575381502,0
1,0.3865510828951066,0
0,0.0035082235845784655,0
0,0.0072898516032627115,0
0,0.006789641736758632,0
0,0.007963318458117758,0
1,0.7843287295876555,1
0,0.6851431831535864,1
0,0.14891620397469554,0
0,0.05016639347648609,0
0,0.48041766749265047,0
1,0.9188946107124962,1
0,0.0249692102725109,0
0,0.03432415763261505,0
0,0.0017032058637511745,0
1,0.8866256769433924,1
0,0.7504053928096681,1
0,0.07421833172050266,0
0,0.24803450593189483,0
0,0.295100179613658,0
0,0.8758830553708341,1
1,0.9956817111777669,1
0,0.013523551761782536,0
0,0.0021336286139676942,0
0,0.0440497453036553,0
0,0.7288151395839793,1
1,0.8121001494042929,1
0,0.0047265758951034595,0
0,0.0018277239761214051,0
1,0.8892203969683388,1
0,0.2730764776542637,0
0,0.02869991388632984,0
1,0.23425386129377582,0
0,0.030798104162125715,0
1,0.9985112152510771,1
0,0.5608381747010515,1
0,0.39210851662625773,0
0,0.029110825332949057,0
0,0.26709387405446655,0
0,0.042002116131807064,0
0,0.8321686749519029,1
1,0.8992482484720765,1
0,0.6711120374203066,1
0,0.04994469572559998,0
0,0.005962622112604904,0
0,0.3875587758368401,0
0,0.2387650329416985,0
0,0.7506858553824621,1
0,0.02766341616965875,0
0,0.006428810476285281,0
0,0.8900009046130913,1
0,0.003595612023605306,0
0,0.11402835971020155,0
0,0.12677631903653624,0
1,0.8119840592918086,1
0,0.8155320154915525,1
0,0.7612857126829058,1
0,0.0018045346602583885,0
1,0.9971278380025361,1
0,0.021301409371751085,0
0,0.2864902778597177,0
0,0.5228621893641116,1
0,0.023438203051082917,0
1,0.2890259521829007,0
0,0.37907332334406174,0
0,0.36619017478004046,0
0,0.28131524516398354,0
0,0.04607476869453904,0
0,0.36424151456298787,0
0,0.614838529789388,1
0,0.7442312135938633,1
1,0.9693619883814955,1
0,0.7876248432494538,1
0,0.033264281677758634,0
0,0.08678552394772238,0
1,0.8873864451222195,1
0,0.01183941413829856,0
0,0.7870726073297841,1
0,0.0017856268741109531,0
0,0.006105639882663454,0
0,0.7651863172837399,1
0,0.002505207323374044,0
0,0.5584057597918066,1
1,0.30314612462522245,0
0,0.021691050781833962,0
0,0.0010062902365902615,0
0,0.009402261598453896,0
0,0.013203194497672419,0
0,0.24061060239435483,0
0,0.3839242129195289,0
0,0.017361281193767595,0
0,0.0022128345237323313,0
0,0.003946018676011177,0
0,0.13208367883768862,0
0,0.007436698635778833,0
0,0.07977012077730873,0
0,0.02034706409887722,0
0,0.43961091134490177,0
0,0.058398499193422646,0
0,0.3244818072883182,0
1,0.6930665763471685,1
0,0.11359010839045894,0
0,0.5286831269888334,1
0,0.06852166126076553,0
1,0.9982214750808421,1
0,0.035403702566298045,0
0,0.03206388164808594,0
0,0.23139862191350044,0
1,0.9730738155457932,1
0,0.6776649857856871,1
0,0.11359005763747546,0
0,0.09377724347293022,0
0,0.20949610430414145,0
1,0.8471496253035804,1
0,0.0017113429577553696,0
0,0.003490973777221802,0
0,0.0153316793682165,0
0,0.21825299486722968,0
1,0.65495716672394,1
1,0.8622901425160794,1
0,0.03773987556339229,0
0,0.04138155972297237,0
0,0.003148262923414315,0
0,0.00861958878005745,0
1,0.06668739923166521,0
0,0.7474461774495401,1
1,0.8736213711690373,1
0,0.5401532798405587,1
1,0.6281198555892983,1
0,0.6917468561887196,1
0,0.12166535210786146,0
0,0.08455480753914038,0
0,0.9395156311471552,1
0,0.004067177070012676,0
0,0.11252742498239485,0
0,0.04662405769487767,0
0,0.023023635375105506,0
0,0.018614928769058556,0
0,0.8086512349137417,1
1,0.7726076990235926,1
0,0.7345131904329694,1
0,0.20584919605647406,0
1,0.8869433676664475,1
1,0.9853139285051986,1
0,0.02010943727148051,0
1,0.9394444711613291,1
0,0.047919265549623405,0
0,0.12090268260317616,0
0,0.037688679092675065,0
0,0.5286834354143629,1
0,0.16622198958953013,0
0,0.044821892594888425,0
1,0.9981561394701209,1
0,0.4549638462105455,0
0,0.0014183313540541297,0
1,0.9854407397416443,1
0,0.10092832237503555,0
0,0.5578328869324944,1
0,0.03281129431358455,0
0,0.14502949644604055,0
1,0.7408576094728709,1
0,0.6379230281627688,1
0,0.10905102915192896,0
0,0.08548209367736846,0
0,0.24519780550157605,0
1,0.82945573814731,1
0,0.29010789765136336,0
0,0.8483731541044047,1
0,0.5066555275508213,1
0,0.08973817160057568,0
0,0.003128408711629227,0
1,0.6393320739526399,1
1,0.7651571630680912,1
0,0.8860839869038364,1
0,0.03906504616043581,0
0,0.008373834206624586,0
1,0.6687429262130721,1
0,0.11356689369265248,0
0,0.11034477035000809,0
0,0.598145688556019,1
0,0.08682990476339189,0
0,0.04125257516669144,0
0,0.005444902635150912,0
0,0.01767210772665489,0
1,0.6717058972174726,1
0,0.5781583452895462,1
1,0.5498671953887398,1
0,0.05364774874970428,0
0,0.19563565168347444,0
0,0.820118792231692,1
0,0.6330614820650434,1
0,0.5101425213735337,1
0,0.0030973833466385785,0
0,0.00530457309258739,0
0,0.0021323216524068776,0
1,0.7431002421288322,1
1,0.8628915932378302,1
0,0.5369107983990495,1
0,0.002549209699144407,0
1,0.998383800585194,1
0,0.6676203208004174,1
0,0.22428912534219725,0
0,0.15718913602082352,0
0,0.33452846890554105,0
0,0.5808374669677768,1
0,0.008886957864131736,0
0,0.11861580599319194,0
0,0.3619989607662645,0
0,0.07844843823598492,0
0,0.013300268521779785,0
0,0.647625942109985,1
0,0.05917537297489569,0
0,0.14808552164647498,0
0,0.1481813033103964,0
0,0.005727456437189789,0
0,0.07687903202206764,0
0,0.01876642715137151,0
0,0.021899907205038975,0
0,0.07504092952944359,0
0,0.6626821347809989,1
0,0.0022642482229825985,0
0,0.004632323740461738,0
0,0.014230230401514417,0
1,0.8563970341243781,1
1,0.877605270891085,1
1,0.8967775484598435,1
0,0.017841479625664288,0
1,0.6592149102476976,1
1,0.8482568349406638,1
0,0.0064944069932141284,0
0,0.1285731988734234,0
1,0.9966815256071977,1
0,0.025982890882115164,0
1,0.9868574954509761,1
1,0.9906672390122243,1
0,0.5035923007147955,1
0,0.26267775693574863,0
1,0.6184898824978183,1
1,0.7856223126964722,1
0,0.5285083628270496,1
0,0.022875389983037512,0
1,0.9879034311897203,1
0,0.8498457091993822,1
1,0.5746503349880894,1
1,0.8213655516178916,1
0,0.020930106451289208,0
0,0.09357510904989229,0
1,0.4382276088923288,0
0,0.011897238029876023,0
1,0.9865176095622956,1
0,0.03347911742344411,0
0,0.495664182755484,0
0,0.06434593532731707,0
1,0.6399816707821842,1
0,0.014905627819512412,0
0,0.05084129560885582,0
0,0.005049410757499261,0
0,0.005357606319860833,0
0,0.8446695227900876,1
1,0.8328031407685292,1
0,0.00108682803827509,0
1,0.8723742372252188,1
0,0.028593204914600594,0
0,0.10833513637307379,0
1,0.8704059555754897,1
0,0.031407042898091674,0
0,0.005051214510959135,0
0,0.7165347087693034,1
0,0.9210161805540242,1
0,0.32805077306908603,0
0,0.3883223948215289,0
1,0.9894480450602178,1
1,0.16519771329451421,0
0,0.0028170195525315904,0
1,0.996208065043954,1
1,0.9136604502617426,1
0,0.0009103854236076728,0
0,0.0849903649893893,0
0,0.05855337612897303,0
1,0.6309598024391346,1
0,0.07387378069479879,0
0,0.6149942302363062,1
0,0.00974846046162184,0
0,0.0016848179202187715,0
1,0.9588211701797159,1
0,0.006831813635989158,0
0,0.11776537637230443,0
0,0.020244278160417965,0
0,0.1891665349526436,0
0,0.0034366342876096974,0
0,0.025152282504213183,0
0,0.0016585428885111113,0
0,0.22151873743540101,0
0,0.09847413153658516,0
0,0.05606721972380652,0
1,0.6125176092059261,1
1,0.9771094497135305,1
1,0.8135811894606908,1
0,0.10854050920524502,0
0,0.0017167307835056845,0
1,0.9067343981625033,1
0,0.6635093409863577,1
0,0.17129563703986886,0
0,0.07171308520027761,0
0,0.06516241405915651,0
0,0.4305580442612599,0
0,0.8277607039154199,1
0,0.2299242383987567,0
0,0.04583158642050679,0
0,0.6783873520732532,1
0,0.007444669944973763,0
0,0.13526010276845774,0
1,0.9962434920825927,1
0,0.03187175253633842,0
0,0.0074172286400826,0
1,0.9943449363804122,1
1,0.4703842634539414,0
0,0.008949072472552298,0
0,0.02633803003766145,0
0,0.005629662060428359,0
0,0.15375792853000775,0
0,0.003863062579873768,0
1,0.8984441259816699,1
0,0.0016934535274467641,0
0,0.003879239344024079,0
0,0.5123825057137166,1
0,0.22662901317236842,0
1,0.36725554754298645,0
0,0.0018791438749021306,0
0,0.25934550427919184,0
0,0.003494914028451848,0
1,0.18484561952435702,0
1,0.9957400793872562,1
0,0.5103289883148667,1
1,0.8090314260716874,1
0,0.1789278822769304,0
0,0.4871936091564329,0
0,0.44746293763346706,0
1,0.6936771294714178,1
0,0.002397140735046596,0
0,0.06801773573697423,0
0,0.07703980565416098,0
0,0.2971971877565706,0
1,0.9912347293909777,1
0,0.0008696468208241807,0
0,0.01658146781704428,0
0,0.4317502647642602,0
0,0.0669484125120293,0
0,0.8117116057021855,1
0,0.05469044671383541,0
1,0.882657871101115,1
0,0.7959201195696654,1
0,0.09320655067211069,0
0,0.03699030529148264,0
0,0.7868665286275254,1
0,0.05382797142640599,0
0,0.020896621121343592,0
0,0.4477238571073217,0
1,0.7020861071091463,1
0,0.7803327547691145,1
0,0.1891394774034167,0
0,0.24153736713158247,0
0,0.0034860750938836087,0
0,0.036851586145734624,0
0,0.0037022216999243406,0
0,0.48993883324894566,0
0,0.8370627437131267,1
0,0.07460432084419802,0
0,0.04892780170536601,0
1,0.8984902576398819,1
0,0.045859985756709826,0
0,0.19380122922411375,0
0,0.12354404854843702,0
1,0.995777440875555,1
1,0.24745754565825578,0
0,0.6937824493040634,1
0,0.05767761135593032,0
0,0.022915927273941306,0
1,0.6898356566504044,1
0,0.0673313994168176,0
1,0.2291447524161959,0
0,0.04729481847765956,0
0,0.33937203587165476,0
0,0.004225908470708113,0
0,0.04420634999508463,0
0,0.007983547198911303,0
1,0.8928053170858539,1
0,0.11062579025152519,0
0,0.07055612166211848,0
0,0.0011337500307280282,0
1,0.47039554688555973,0
1,0.8740705560124726,1
0,0.00764876387611359,0
0,0.09957437659627857,0
0,0.709302021515029,1
1,0.9016180872710337,1
0,0.013277943280352773,0
1,0.8818623193796844,1
1,0.9980089921729492,1
0,0.0498523991821221,0
0,0.1759756749256361,0
0,0.634444545804569,1
1,0.9983080906364855,1
0,0.004294382432769602,0
0,0.294377615643097,0
0,0.5805288576693283,1
1,0.524332098575768,1
0,0.45263344779614756,0
0,0.3145976056131891,0
0,0.5094331935815776,1
0,0.2607893638849128,0
0,0.31736614095182336,0
0,0.03942155160644599,0
0,0.2631569195325697,0
0,0.4625504617479657,0
0,0.026281059181159493,0
0,0.33961346017904165,0
1,0.9981345757522108,1
0,0.3393207758228318,0
0,0.002743310101465644,0
1,0.551432910948806,1
0,0.19583520989469227,0
0,0.86558409956775,1
0,0.5242294084369616,1
1,0.998055883521368,1
0,0.00928642263729241,0
0,0.010498035575908133,0
1,0.7119795976509345,1
0,0.07082815318433842,0
0,0.5271430760460374,1
0,0.003454873044161373,0
1,0.9970366905724343,1
0,0.022450722335847505,0
0,0.0009972885920410317,0
0,0.06208596712742402,0
1,0.02564998765491351,0
1,0.41658288365094365,0
0,0.16883664168413962,0
0,0.15141274585350614,0
0,0.001376779365000762,0
0,0.10884988965611998,0
1,0.6537870476007915,1
0,0.8833205167944007,1
0,0.5975876108414788,1
1,0.9624886637997199,1
0,0.04680464118020059,0
0,0.5826488395147977,1
0,0.013081048934539997,0
0,0.7889009237695116,1
0,0.014311759866085034,0
0,0.01578373863296124,0
1,0.9021102769511166,1
1,0.9698484643568748,1
0,0.09376705491237636,0
0,0.012575253659369923,0
0,0.0016886032416161593,0
0,0.3375969038056794,0
1,0.9979845518842164,1
0,0.09295221165857108,0
0,0.4171734719169729,0
0,0.07428775141872085,0
0,0.8328714369432155,1
0,0.4491092701304323,0
1,0.996707519999677,1
0,0.0027091797471331214,0
0,0.40609913023002825,0
1,0.9895511298990253,1
0,0.2948880603049432,0
0,0.15598353934661616,0
1,0.5344350774909644,1
0,0.42080287086039037,0
0,0.0424464590511772,0
0,0.018673145273252267,0
1,0.9223899190902983,1
1,0.4059301827013315,0
0,0.6319187641759288,1
0,0.5274772535216078,1
0,0.02463372929844021,0
0,0.06724556274602267,0
1,0.9963900195601713,1
0,0.8367056016163927,1
1,0.998555216619634,1
0,0.6824131348010167,1
1,0.3928133645204926,0
0,0.747411333643883,1
1,0.7307064245241861,1
1,0.9831576574777343,1
0,0.18816524185196684,0
1,0.8199495269380609,1
0,0.28652954719352575,0
0,0.003218614719088889,0
0,0.027949552588055458,0
1,0.7633190692900499,1
0,0.2588523994268712,0
0,0.7254082378634757,1
0,0.10592158947441575,0
0,0.46290351290255755,0
0,0.06082636879662286,0
0,0.001434416821351054,0
0,0.10123467436957309,0
0,0.15910754814807046,0
0,0.04292999797675918,0
0,0.01407877952372636,0
0,0.01241653850603685,0
0,0.05048787007512293,0
1,0.23581315087680232,0
1,0.995395949346406,1
0,0.019741110372835026,0
1,0.7395478352531522,1
0,0.04631850502754303,0
0,0.3173185214455399,0
0,0.858809582442141,1
0,0.5306777744047712,1
0,0.11531412307131926,0
0,0.0014717614519511274,0
0,0.03748981377189104,0
0,0.0032677305224713587,0
1,0.3579975670248678,0
0,0.042327422166975937,0
0,0.0018806517987047246,0
1,0.8845264125749419,1
0,0.1676034317783199,0
0,0.019885194675905854,0
0,0.14636801688954998,0
0,0.005556776874898078,0
0,0.41889557036591674,0
0,0.004447622193050445,0
0,0.039853186585217436,0
0,0.002358416005237346,0
0,0.012663524157137725,0
1,0.9012553628861069,1
0,0.5177906108826545,1
1,0.45652769442023433,0
1,0.9951899217064786,1
0,0.01526826799665015,0
1,0.9972501669647754,1
0,0.02472680330255306,0
0,0.3571588370852972,0
1,0.8918013696518884,1
1,0.43003183178934845,0
0,0.008135406291065779,0
0,0.008040152467853464,0
1,0.9568972443303333,1
0,0.03210940573570376,0
0,0.17229027004276382,0
0,0.08466122073866968,0
1,0.8326654128569785,1
0,0.017528645114398264,0
1,0.9975218548581051,1
0,0.015419901049527647,0
1,0.7762165246962014,1
0,0.6586289530118452,1
0,0.6860141136857055,1
0,0.08020613363096375,0
0,0.04875746691684075,0
0,0.09360809367920023,0
0,0.017518295175689393,0
0,0.026014806582395834,0
0,0.00233981067240168,0
0,0.0010121295603089393,0
0,0.06528485838763147,0
1,0.8690456133154136,1
0,0.02209548330992937,0
0,0.243321855066759,0
0,0.003851216195732299,0
0,0.008319886409884325,0
1,0.9911503878577888,1
0,0.02747185686253657,0
0,0.09556190488569957,0
0,0.001000223099902249,0
0,0.10599455219924987,0
0,0.8054556217854842,1
0,0.03875605053844567,0
0,0.022832875944590377,0
0,0.8244221418191201,1
0,0.04568348506767014,0
0,0.2087688059740786,0
0,0.8214533214098508,1
0,0.006530794044452126,0
0,0.004136616492735959,0
0,0.019895211914320955,0
0,0.011564411934518399,0
0,0.3161881467124968,0
0,0.32161962507937464,0
1,0.9985303058133234,1
0,0.00679411422759533,0
0,0.039499350796307474,0
1,0.646503915736779,1
0,0.009270423406466288,0
0,0.07604861988089476,0
0,0.019376550537306903,0
0,0.0046863703287173255,0
0,0.006014974783452088,0
1,0.6316235572051861,1
0,0.04073261131353677,0
0,0.06016142302976151,0
0,0.10126160299868626,0
0,0.0049226547364963616,0
1,0.7811285866300014,1
0,0.19244501365973277,0
0,0.0022180255472415682,0
0,0.6352650383199426,1
1,0.6519115773234384,1
0,0.12189371555626702,0
0,0.0008471947256435411,0
0,0.0178235118742138,0
0,0.0016281856606923343,0
1,0.5964954931425478,1
0,0.5380490434979325,1
0,0.19579118877333931,0
0,0.15809053968427195,0
0,0.2596039066903061,0
1,0.998279224084391,1
0,0.05294671574551158,0
0,0.728158567810961,1
0,0.02374999546970592,0
0,0.04227337205534033,0
0,0.0008916022205750503,0
0,0.05643614310943462,0
1,0.6990323397162214,1
1,0.7920125373623705,1
0,0.6737950331459821,1
0,0.014064723410394586,0
1,0.8276026591594118,1
0,0.48005408608873706,0
0,0.009198693261335603,0
0,0.04421718324232268,0
0,0.07310167918230613,0
1,0.05996151472733626,0
0,0.9031340804848786,1
1,0.8330088551970359,1
0,0.00286782584151665,0
0,0.02981115651057675,0
0,0.07386818541690156,0
1,0.26531734088649966,0
0,0.04152089616008333,0
0,0.630334932592012,1
0,0.8960400707156426,1
0,0.012458138929414534,0
0,0.7279401886737469,1
0,0.06763269214018239,0
0,0.5348280303478307,1
0,0.004726937088567766,0
1,0.9185696785657737,1
0,0.035100780879694364,0
1,0.5557019965697598,1
0,0.26561403490909036,0
0,0.4436390841158325,0
0,0.29611266036584927,0
0,0.0560653493618543,0
1,0.19981516790811824,0
0,0.04793422142112944,0
0,0.3541509762658419,0
0,0.007796430019303334,0
0,0.7085959353429228,1
0,0.0007016703251032396,0
1,0.6023328796803769,1
0,0.008534886087209044,0
0,0.0020469787280287927,0
1,0.6136523261955227,1
1,0.7330041387240037,1
0,0.44467966227337663,0
1,0.8345771089768661,1
0,0.8470772467582548,1
0,0.019519250949308172,0
0,0.17000808622694696,0
0,0.04018154333823342,0
0,0.06248564983786605,0
1,0.735544345571951,1
0,0.00680075333925824,0
1,0.5318539521104304,1
0,0.03230330243722396,0
1,0.5806060740983663,1
0,0.6051578657623181,1
0,0.5305516648782094,1
0,0.06311863846542487,0
0,0.6038211983921955,1
0,0.010872458172700794,0
0,0.3377492185440564,0
0,0.17885666103090508,0
1,0.9319576790061306,1
0,0.027486897888018395,0
0,0.2935740811019596,0
0,0.817042552107004,1
0,0.08194271621404575,0
0,0.017148966344793935,0
0,0.05326725741073113,0
0,0.012724601096016105,0
1,0.5076116005421359,1
0,0.34324526458185334,0
0,0.011348432179303576,0
0,0.028927559569856636,0
1,0.3271009232690088,0
0,0.018014958753109843,0
0,0.5774185183715295,1
0,0.054558571327787554,0
1,0.9993786761333924,1
0,0.633877663492326,1
1,0.5620675606874344,1
1,0.7220026186534456,1
0,0.4168133570519134,0
0,0.7634879737207578,1
0,0.05173364240054716,0
1,0.5885689116424742,1
0,0.41383220985217245,0
0,0.005566428556367111,0
0,0.002764956209992767,0
1,0.3966756845177114,0
1,0.7087597064976571,1
0,0.5126595835876346,1
0,0.020185105082151687,0
0,0.0006883544437085193,0
1,0.8851217779809827,1
0,0.001960229447500716,0
1,0.8969326280302216,1
1,0.7956712326896002,1
0,0.06262919334981813,0
0,0.7455387784671179,1
1,0.8067097758960452,1
0,0.027527434526163286,0
0,0.003379716632327636,0
1,0.9852094819034614,1
0,0.008855980434182462,0
0,0.8798355187236497,1
0,0.4570746027880302,0
0,0.06029775297041943,0
0,0.06415745133398407,0
0,0.18801181055416258,0
1,0.0717752083109556,0
0,0.06083408176313757,0
0,0.02814726776544115,0
0,0.03817070109239389,0
0,0.002234040336559789,0
0,0.03602096218712936,0
1,0.5902343313825289,1
1,0.8533046729494699,1
0,0.008434524945220392,0
1,0.9825428464391907,1
0,0.500329798403067,1
0,0.013682791870251428,0
0,0.03337662283982438,0
0,0.02003452266897996,0
0,0.04667906859411335,0
1,0.8314134759965682,1
0,0.1657422878317887,0
0,0.31356096649751475,0
1,0.9975863066636024,1
0,0.2674529672368574,0
0,0.49200237833191385,0
0,0.02542776944250992,0
1,0.8472086217964054,1
0,0.007019940686912666,0
1,0.3485809642964468,0
0,0.009171105272392158,0
0,0.03160943095574423,0
0,0.006452468763606557,0
0,0.008099450112817432,0
0,0.19335795335114184,0
0,0.44275584904083104,0
1,0.9991612605158368,1
1,0.9981056066487538,1
1,0.6393568293806186,1
0,0.04203275815041095,0
0,0.48711301800511814,0
0,0.04737864282073245,0
0,0.00498391690971844,0
0,0.0686631057220715,0
0,0.15911742790851569,0
0,0.24244113939479697,0
0,0.04702003892645046,0
1,0.9905803079939534,1
1,0.5856865916716609,1
1,0.8152757366513161,1
0,0.00549473375415334,0
1,0.7217510680832103,1
0,0.03987896956598506,0
0,0.885208708397552,1
0,0.06292277579001532,0
0,0.11556658690377761,0
0,0.6714395993119929,1
1,0.6212764696756622,1
0,0.3211558351575302,0
0,0.05784004146900009,0
0,0.8579728079823568,1
0,0.5706774058619523,1
0,0.24262665309442352,0
1,0.9777660084225779,1
0,0.4725339420382124,0
1,0.9459331675713164,1
0,0.12331144581122948,0
0,0.5582696210738538,1
0,0.019501791598631992,0
0,0.010554740608475308,0
0,0.19595131372638971,0
1,0.8113787985988418,1
1,0.446235586254441,0
0,0.032029867538617564,0
0,0.09773456494179884,0
0,0.2775990900442883,0
0,0.5180106352410655,1
1,0.7642765948072302,1
0,0.009799580946752408,0
1,0.39500706184282053,0
0,0.24409138120132437,0
0,0.0029387403799958508,0
0,0.0062013419591534485,0
0,0.003670666088357499,0
1,0.9845332582793593,1
1,0.7426336588661735,1
0,0.6908685679828436,1
0,0.12764172022034645,0
0,0.043891772661360455,0
0,0.09893395678647653,0
0,0.001433322110607755,0
0,0.6593409136081827,1
0,0.11518977962370161,0
1,0.8927749456560468,1
0,0.006612504165841232,0
0,0.0009005614983658208,0
0,0.4100079141017326,0
0,0.05640113025650158,0
0,0.0018825464115728436,0
0,0.002274675214377647,0
0,0.7063441374824704,1
1,0.9976031318503902,1
1,0.9003355590503725,1
0,0.029165285168594207,0
1,0.9982928555944631,1
0,0.008364403217927202,0
0,0.038163548049530316,0
0,0.05863874682401682,0
0,0.007577040797052374,0
0,0.8312044695390954,1
0,0.0005625355490638943,0
0,0.18705079397329652,0
0,0.23312544199189464,0
0,0.17891640348602933,0
0,0.01722595084423425,0
0,0.05553260389223076,0
0,0.03627756576028193,0
1,0.7652874037835211,1
0,0.860236477429839,1
1,0.9972297628912756,1
0,0.026837632802135424,0
0,0.112799506344657,0
1,0.21681725592207932,0
1,0.8212352243109717,1
0,0.024644752541505874,0
1,0.5102159799771308,1
0,0.0441424048005431,0
0,0.30970183852258965,0
1,0.796782819995199,1
0,0.004264315018719939,0
1,0.8840116967745936,1
1,0.17259233823698394,0
1,0.9901289686732786,1
0,0.07069547832330232,0
1,0.9000559957385742,1
1,0.9717070524271405,1
1,0.47581863833005594,0
0,0.04016986154743051,0
0,0.05468959040408082,0
0,0.2991230710367299,0
1,0.25218990322547125,0
0,0.5924447613586982,1
0,0.0006236488734009799,0
0,0.007339371493485271,0
0,0.001267378531495951,0
0,0.1515035279360355,0
0,0.5132116355720555,1
0,0.18828538730114167,0
1,0.5103798272373403,1
0,0.021557562856500647,0
1,0.9113817481709464,1
0,0.8135950952729655,1
0,0.39435046043737143,0
0,0.021384602070523208,0
0,0.18147685997762228,0
0,0.001421614952509739,0
0,0.4780445838378213,0
0,0.001717447306722053,0
0,0.0056357230674270115,0
0,0.0537342835925978,0
0,0.003927529787966872,0
0,0.6712146555136931,1
0,0.6739256325327255,1
0,0.07509720567137773,0
0,0.08295716178573503,0
0,0.01917594461227174,0
0,0.015286454816794024,0
0,0.0033325514019332298,0
1,0.2749980281073228,0
1,0.9484208458662977,1
0,0.28598971620905367,0
0,0.10081838371111129,0
1,0.8471916944288849,1
0,0.00349507957164502,0
0,0.04184117797803601,0
0,0.13835860994658367,0
0,0.38569329841611016,0
0,0.8086377222637513,1
0,0.0023169279923079163,0
0,0.923005544136481,1
0,0.006854534011135736,0
0,0.009718824803025827,0
0,0.305018715593209,0
1,0.8862197838745876,1
0,0.04486833735460775,0
1,0.5440498960130515,1
1,0.8962310221700871,1
0,0.020642339181597948,0
0,0.6258038265161292,1
1,0.9467855120931928,1
0,0.050043042199418256,0
0,0.8585405763174898,1
0,0.12926734381039093,0
0,0.0014556100378174562,0
0,0.2606056904033942,0
0,0.45849222809180007,0
0,0.24128411598380914,0
0,0.5257667150587143,1
0,0.5593712568401614,1
0,0.3712183321830182,0
1,0.9988795255973761,1
0,0.3278942444001348,0
0,0.03643463677313661,0
1,0.9519407961024675,1
0,0.22588676458880327,0
0,0.01206257893083906,0
1,0.6551263254185007,1
0,0.06556244384481931,0
0,0.04697024989207947,0
1,0.6817326994441264,1
0,0.44456798661310376,0
1,0.9981418843972572,1
0,0.05795092336284039,0
1,0.6682622735653536,1
1,0.33661477154067837,0
1,0.8403421902009387,1
0,0.11370508230896373,0
0,0.032339341899455955,0
0,0.1813743072285509,0
1,0.8787555513341255,1
0,0.0017516250925043073,0
0,0.009427394935061688,0
1,0.7566547638930263,1
0,0.015360253125422874,0
0,0.3523571026385557,0
0,0.009120759082372098,0
0,0.6595760037749041,1
0,0.6460494436075176,1
0,0.7469177686933021,1
0,0.0023175259058040867,0
0,0.5728889248352288,1
1,0.8772237076210024,1
0,0.007769931865346925,0
0,0.0680152104182536,0
0,0.00080745709259669,0
0,0.2475653588720807,0
0,0.0008029818923086328,0
0,0.023740409075995055,0
0,0.09988766163166371,0
0,0.12177536976994373,0
0,0.004239103295040033,0
0,0.40390865854153934,0
0,0.019425168687012925,0
0,0.02466922121513956,0
1,0.6445657743906091,1
0,0.4923868469886221,0
0,0.20006237388090092,0
1,0.9948314355822964,1
0,0.23871020972307733,0
0,0.2351950994900959,0
0,0.0626791730181584,0
1,0.9985182038417078,1
0,0.2931250623679212,0
0,0.0028605463046166967,0
0,0.007024247241928069,0
0,0.11773592897098148,0
0,0.3510563137686088,0
0,0.0006788780662876,0
1,0.658130261541511,1
0,0.34647185903245237,0
0,0.03631458218138133,0
0,0.0011827961453694125,0
0,0.23107371355450357,0
0,0.0028159471695949627,0
0,0.2943669383232784,0
0,0.0010382529366796756,0
0,0.3667167188832152,0
0,0.6623907848573131,1
1,0.7390020132694306,1
0,0.18263661324194053,0
0,0.3937578458043683,0
0,0.28865269794197096,0
0,0.6463850117773892,1
1,0.7885729364751632,1
0,0.42681738151485005,0
1,0.7305699496344648,1
0,0.007441273055994836,0
0,0.009311164257331826,0
0,0.08684075318685262,0
0,0.0060226767175507396,0
1,0.9711092030271959,1
0,0.8368209444304403,1
0,0.0016625663730954223,0
0,0.42402234306649467,0
0,0.027708181541559202,0
1,0.7546914129665524,1
1,0.9396451797265915,1
0,0.4257286916220395,0
0,0.3082907066565678,0
1,0.9993689356797726,1
0,0.007872799954361982,0
1,0.17204509974933146,0
0,0.00429723665950757,0
1,0.8810737017235616,1
1,0.35005755194204363,0
1,0.9438452204118518,1
1,0.7659447987920575,1
0,0.07416595681920973,0
1,0.9263953508502336,1
1,0.8701564651369857,1
0,0.28453879199006454,0
0,0.051046664217547506,0
0,0.025315878429980183,0
1,0.5078851923676427,1
0,0.0010071260218261777,0
0,0.7425522043033982,1
0,0.8015415056762231,1
1,0.08031709418869902,0
0,0.0026110282208521994,0
0,0.011290194408071422,0
0,0.6614420941361471,1
0,0.43874604407713114,0
0,0.1620076387991375,0
0,0.5758508574298241,1
0,0.0009261355945589327,0
0,0.016717165849043942,0
1,0.06092019188955926,0
0,0.032668301395244695,0
1,0.6030842530636611,1
0,0.2144400258292742,0
0,0.5841267265375183,1
1,0.989574070581054,1
0,0.7986816434798665,1
0,0.3584785220557892,0
1,0.9861594149584,1
0,0.03328630238481794,0
0,0.04456604711280608,0
1,0.36048856815296243,0
1,0.9990097171247583,1
0,0.022403096532251573,0
0,0.1444912556970548,0
1,0.027692241404355226,0
1,0.9139571740397637,1
0,0.16549823764929739,0
1,0.7423915900842035,1
0,0.05999835765800534,0
0,0.07364820696207044,0
0,0.27683169378268213,0
0,0.027869023581666486,0
1,0.9367600402681616,1
0,0.04042837349026287,0
0,0.4935592770957248,0
1,0.9616336390279222,1
0,0.052158552499615145,0
0,0.058105273226223955,0
0,0.005451552905205311,0
1,0.9032699690916856,1
0,0.4947337939029473,0
0,0.017414117787276518,0
1,0.8563810535253236,1
0,0.10664241815683467,0
0,0.21645095375933904,0
1,0.9991539992562262,1
1,0.27247997958398323,0
0,0.06260810865542017,0
1,0.7297137451310588,1
1,0.8272946004820821,1
1,0.6526600874977725,1
0,0.45144298337341787,0
0,0.01033754137517863,0
0,0.017548232648472273,0
1,0.8947928744194605,1
0,0.16018796480318087,0
0,0.26619060749873236,0
1,0.9174188876294179,1
1,0.9101810900908934,1
0,0.7648332895037367,1
0,0.022462254439209444,0
1,0.9843770321874562,1
1,0.8509923296123475,1
0,0.3635886049063565,0
0,0.003543242925112198,0
0,0.47796947509454846,0
1,0.9865242987892159,1
1,0.8909722716848089,1
0,0.03475089234290845,0
0,0.002978051977691782,0
0,0.017194864814181244,0
0,0.03985119046354108,0
0,0.05862475596481875,0
0,0.5967481144236418,1
0,0.036104581938591306,0
1,0.8011178007560604,1
1,0.8143786189761676,1
0,0.024420827087103147,0
0,0.6905913630548856,1
0,0.0615818314284587,0
0,0.36489737089839486,0
1,0.9882769206067558,1
0,0.02703519456698105,0
0,0.026379835055747636,0
1,0.8683059213200562,1
1,0.8862210634476083,1
1,0.9837487950498074,1
0,0.08404719618455446,0
1,0.4993404602271708,0
1,0.5630026981908192,1
0,0.0015203224035980514,0
0,0.2506730389999115,0
0,0.1176529161307666,0
0,0.27700044123886686,0
1,0.9986924325952928,1
0,0.4733477204039717,0
0,0.8188333958592683,1
1,0.9968681563970274,1
0,0.29919713547563204,0
0,0.006198089925979802,0
1,0.367927067334271,0
0,0.0117052924789037,0
1,0.7966601647066732,1
0,0.028503610668092844,0
1,0.920476709439779,1
0,0.11571998350870194,0
0,0.07601234217630384,0
1,0.9364248731449523,1
1,0.8294071786803281,1
0,0.441477802693927,0
1,0.9982023451084818,1
0,0.02256063377375768,0
0,0.00645521551234949,0
0,0.16219259671434666,0
0,0.06383676297894388,0
1,0.9994189337903424,1
0,0.04898918733145246,0
0,0.001979812567771749,0
0,0.5786059765135223,1
0,0.0018982256197858398,0
0,0.007594482069269617,0
0,0.03234134408745232,0
0,0.04579530741664203,0
0,0.33309028145597785,0
1,0.8639780244794896,1
0,0.06361319532899283,0
0,0.004393742804122552,0
1,0.7006704015578794,1
0,0.8863400825993902,1
1,0.9698272543049391,1
1,0.49442439175028946,0
0,0.0013628823426935568,0
0,0.7851130099803176,1
0,0.012432352769133051,0
0,0.015041584775841867,0
1,0.4738404023733313,0
1,0.9993447318876721,1
0,0.04543560715952977,0
1,0.9791872987919168,1
0,0.07812286421595908,0
0,0.7616295068618302,1
0,0.245368087536211,0
0,0.016583043388376767,0
1,0.977363096745056,1
0,0.0010828754884960258,0
0,0.013550391816837705,0
0,0.26321679122679065,0
1,0.2743510819349344,0
1,0.8495869184093159,1
0,0.5834625194999856,1
1,0.9938001473173113,1
1,0.5189034280683441,1
0,0.10486438112594004,0
0,0.01764819692898709,0
0,0.11472952486632922,0
0,0.00429480248128161,0
1,0.9973563658294433,1
0,0.026269947789720357,0
0,0.48102565198794295,0
0,0.15960357996440808,0
0,0.13099799079250007,0
0,0.5413025715094949,1
0,0.005307113313716172,0
0,0.041040928894412035,0
0,0.005671398122153568,0
1,0.9986114213949165,1
0,0.0027475950502061338,0
1,0.7638076865403135,1
0,0.008315251959442696,0
0,0.0006791265000616679,0
1,0.8447399164350528,1
0,0.5673518542388802,1
0,0.34060568850038897,0
0,0.18967811576862778,0
0,0.14763677104592707,0
0,0.026195382262226775,0
0,0.013320138152106297,0
1,0.6876919803534869,1
1,0.5980192228580136,1
0,0.06871189131844589,0
0,0.0071971501809478065,0
1,0.9905083422653447,1
0,0.11017999231135578,0
0,0.03211800381373825,0
1,0.6695075448667932,1
0,0.03732893158987867,0
1,0.40350217680161543,0
0,0.3207965466949206,0
0,0.01015257866254709,0
0,0.01198339530226824,0
0,0.07896501758255678,0
0,0.1508864539215045,0
0,0.19867274534700574,0
0,0.538547090992646,1
0,0.8926995042624145,1
0,0.002684085597306346,0
0,0.004248972205604751,0
0,0.11730942062982272,0
0,0.6936685278772585,1
0,0.030645131993347684,0
0,0.04080279366518475,0
0,0.8969809345049004,1
0,0.081707022783405,0
0,0.009216397234676184,0
0,0.0519565835599272,0
0,0.1613913924931796,0
0,0.769798477645014,1
0,0.3605704666300478,0
1,0.8059059433881157,1
1,0.8579416810179454,1
1,0.7510019261714364,1
0,0.8533910039679092,1
0,0.007099828663392238,0
0,0.0023044546006485253,0
0,0.03924624469283718,0
1,0.7902180345195469,1
0,0.8415022337812893,1
1,0.9273632280077997,1
0,0.524429489927482,1
0,0.0012353834314271664,0
0,0.2477153433830655,0
0,0.010082780157235951,0
0,0.7738790087784194,1
0,0.16639235390805113,0
0,0.03723394444128701,0
0,0.0006363594000213382,0
1,0.9982089016884613,1
1,0.843007651925929,1
1,0.6893587873390954,1
0,0.01430532943506847,0
0,0.03033828664179825,0
0,0.27325412209607836,0
1,0.9964474932351878,1
0,0.002739942551808508,0
0,0.013439994021479829,0
0,0.036787277099836674,0
0,0.6517140483846279,1
1,0.7674368494916193,1
0,0.007273323227107688,0
0,0.4890013736376157,0
0,0.3830849611055441,0
1,0.23275549783073998,0
0,0.047476850899261076,0
1,0.7661061445110545,1
1,0.9840016071984764,1
0,0.5703668198239444,1
0,0.08496663978072716,0
0,0.06722708848662215,0
0,0.059584681353988714,0
0,0.01443810974159184,0
0,0.2792872667533672,0
1,0.9981775750596145,1
0,0.20001750499248022,0
0,0.6557737234819501,1
0,0.08288354445728087,0
0,0.008007471681530176,0
1,0.8916658135748438,1
1,0.7538568277852276,1
0,0.8668919547379034,1
1,0.9432086260594024,1
0,0.1090352635705042,0
0,0.4080881396494526,0
0,0.05946789161043878,0
0,0.04657134337072459,0
1,0.5539362272882543,1
0,0.011968994915669953,0
0,0.6738736032299992,1
0,0.09468340030238616,0
1,0.8899834605104165,1
0,0.551275033883763,1
0,0.04291928850824078,0
0,0.6236007104683252,1
0,0.12802668447498713,0
1,0.9850664903257224,1
0,0.3411832902999825,0
1,0.8750915462270078,1
1,0.9360968326226503,1
0,0.1457843222302173,0
0,0.005118682637162194,0
0,0.05902590377605937,0
0,0.2788387919399167,0
0,0.0027500964880089076,0
0,0.4744083487193805,0
0,0.1180268379096326,0
1,0.15162995084712902,0
0,0.06455274787910653,0
0,0.034687214572127804,0
0,0.012645692793687404,0
0,0.18552896650793008,0
1,0.8509050055211701,1
1,0.8215797301476906,1
0,0.16628036575652858,0
0,0.001540060071517234,0
0,0.8345115519179165,1
0,0.06632124523182559,0
1,0.03543543658130919,0
1,0.10743249188818992,0
0,0.062157876504562476,0
0,0.1312738322575407,0
0,0.407277699974712,0
1,0.8387220668071786,1
0,0.10744884555989823,0
1,0.99633704113454,1
0,0.4897328690634365,0
0,0.0021383601700362947,0
1,0.877377346908893,1
0,0.4888277716542539,0
0,0.0012525863132125418,0
0,0.714665061892082,1
1,0.8892152883274,1
0,0.23136893839214365,0
0,0.07856638512006214,0
0,0.07388230449435866,0
1,0.7987261033835038,1
0,0.08719763463800985,0
1,0.08324881007912688,0
0,0.07765367352439312,0
0,0.264843147743728,0
0,0.001676593147424683,0
0,0.22500084827497932,0
0,0.7104794128099086,1
0,0.01275832503552429,0
0,0.03927105115054213,0
0,0.015597250131071758,0
1,0.849131615955301,1
1,0.9965613064293983,1
1,0.9984175733519637,1
0,0.0027632117601922817,0
1,0.7637185529905712,1
1,0.8437857934963326,1
1,0.505161055208228,1
0,0.010340924486843575,0
0,0.0031945649422824678,0
0,0.39021737155409775,0
1,0.48639808185717115,0
0,0.011943244782541313,0
0,0.151936986202248,0
0,0.04605996316525991,0
0,0.05902886320049606,0
0,0.06946453514503376,0
0,0.025303798891703765,0
0,0.05347648161540479,0
0,0.10302891124663507,0
0,0.8191478301693013,1
0,0.029040237167243008,0
1,0.9982388338162447,1
0,0.38669049435349656,0
0,0.2160581539261575,0
0,0.10388610971838956,0
0,0.2898704330330738,0
0,0.005580801351881129,0
0,0.09226082780567715,0
0,0.13708854820225977,0
0,0.027244953807206172,0
0,0.003869523722100418,0
0,0.7195976281595811,1
0,0.11293191342752087,0
0,0.2439449506859723,0
0,0.004378077118672908,0
0,0.10098873136052776,0
1,0.808413798557631,1
0,0.6744491975998715,1
0,0.004537589137527341,0
0,0.8013726249577647,1
1,0.7139278301519557,1
0,0.5475274350931465,1
0,0.6305190872949337,1
0,0.0024312545955647636,0
0,0.38858882770836733,0
0,0.2968041226548052,0
0,0.016419603151497913,0
0,0.7870536453265834,1
0,0.10781215897964651,0
1,0.9419578312731985,1
0,0.03191352283160089,0
0,0.0554025343115831,0
1,0.6430225014114099,1
0,0.18047689375721856,0
1,0.6553396005190971,1
0,0.46198125974224113,0
0,0.2630870554020256,0
0,0.002569694791338563,0
1,0.8906898365972701,1
0,0.7817086566423078,1
0,0.0018974699695081467,0
0,0.14932674184978526,0
0,0.34380062817641655,0
1,0.6522254099631788,1
0,0.7718201154308522,1
0,0.04281800848359999,0
0,0.007954470907443912,0
0,0.5843411888723529,1
0,0.037235079584232646,0
0,0.5964705922047515,1
0,0.8730769864462259,1
0,0.5081377545516479,1
0,0.26023927728169216,0
0,0.17691666490609995,0
0,0.5768514447811869,1
0,0.05819554422066618,0
0,0.829408688302333,1
0,0.0026033591000043893,0
1,0.30536128774470245,0
1,0.8408102318413905,1
1,0.887666762670604,1
1,0.8553915770493822,1
0,0.00649341971647728,0
0,0.6010408716455439,1
1,0.5565008803815932,1
0,0.20002061850500422,0
1,0.9398378707752447,1
0,0.045250980062941995,0
0,0.05456820648950701,0
0,0.37821071337200596,0
0,0.6459183575381288,1
1,0.9110061672519487,1
0,0.7054749293322258,1
0,0.0007740824500962265,0
1,0.9123481879495949,1
0,0.002677446099884791,0
0,0.01544170982747488,0
0,0.010649153288982239,0
0,0.02569255379118336,0
0,0.008884366741301854,0
0,0.2074493896158752,0
0,0.041265433296436144,0
1,0.7843776359976508,1
0,0.026998636031141856,0
1,0.9881294162052039,1
0,0.3525204008696883,0
0,0.6113097504504151,1
0,0.27190059492343477,0
0,0.19001613202516318,0
0,0.8484193813687684,1
0,0.29806158486766743,0
0,0.5835642643969718,1
0,0.6735457687207984,1
0,0.0017906861617453809,0
0,0.17221959215871058,0
0,0.0771049325647463,0
1,0.8596068850592524,1
1,0.4210031936830959,0
0,0.06298918214885164,0
0,0.004896336478512974,0
0,0.08141866016052975,0
0,0.12194388201910068,0
0,0.040822904816310464,0
1,0.8889795272942667,1
0,0.029824190463786277,0
0,0.01785190450873322,0
0,0.032874727540419486,0
0,0.03868615599981982,0
0,0.8940663563262761,1
0,0.010058196182725158,0
0,0.42117531570725847,0
0,0.006460287179540112,0
0,0.8878728804072974,1
1,0.8852018383584881,1
0,0.6078851714113425,1
0,0.07305540354559972,0
1,0.7925805727426827,1
0,0.7460436765980183,1
0,0.0060942311579724635,0
0,0.08722806005648376,0
1,0.9405133340265542,1
1,0.991161145344697,1
0,0.0010442489025339415,0
0,0.6394649822004974,1
0,0.014816081939293846,0
1,0.9881116737756022,1
1,0.7850209786083655,1
0,0.2228425159673577,0
0,0.48709821202857906,0
0,0.4031026693132432,0
0,0.0004342765720785108,0
0,0.5632871296750996,1
1,0.8954828255485372,1
0,0.07934824977642307,0
0,0.15495892006075515,0
0,0.4533865744015659,0
0,0.8410142232506935,1
0,0.0023628283626752128,0
0,0.0008497219489727747,0
1,0.6406361057072216,1
1,0.9120012373432206,1
0,0.1263082241847938,0
0,0.10098622880116533,0
0,0.20067996215837644,0
0,0.005737649583186272,0
1,0.9982252816449708,1
0,0.4204563234573317,0
0,0.0982196208584,0
0,0.21255917304769373,0
0,0.002484673058082664,0
0,0.08786534089779521,0
0,0.007374253435179868,0
0,0.10131463642380753,0
0,0.2525884323844749,0
0,0.22389413145975637,0
0,0.00157841562575589,0
0,0.00860367201949975,0
0,0.5491344368470868,1
0,0.43490375209304166,0
0,0.6588607378212183,1
0,0.062100138490164096,0
0,0.012983780469931245,0
1,0.406687548674428,0
0,0.06814075566936761,0
0,0.06321940476952569,0
1,0.99843791062645,1
0,0.09216990516454447,0
0,0.027955714031466725,0
0,0.01504838241077831,0
0,0.018364215496507283,0
0,0.044567201544912755,0
0,0.4082537023704407,0
0,0.0009423792970061851,0
0,0.7902769459369263,1
0,0.0028540444635150428,0
1,0.9971061015577456,1
0,0.8425501087638958,1
0,0.17162301770792326,0
0,0.005901492211347732,0
0,0.5543242303465039,1
0,0.0647264524670801,0
0,0.03522584345072416,0
0,0.15344256779942847,0
0,0.10459281798274216,0
0,0.0921896113741906,0
1,0.18663000287476697,0
0,0.002022738204996701,0
1,0.9258035002943319,1
1,0.8421537709657158,1
0,0.12819644247747314,0
0,0.08084919890703761,0
0,0.3257985095130698,0
0,0.08889546758684921,0
0,0.07405100935306778,0
0,0.01790074031945542,0
0,0.0021445243544088994,0
0,0.065732253796488,0
1,0.9103571241184296,1
0,0.009312521209820372,0
0,0.04903768206104775,0
0,0.10107518711015522,0
1,0.9884093740075952,1
0,0.0168205398449896,0
0,0.7816052717240515,1
0,0.0020095934548828545,0
0,0.006097663782961216,0
1,0.8155562176255143,1
0,0.5966203451352693,1
0,0.025894609885263976,0
0,0.0005026757658044069,0
0,0.08722950451288058,0
0,0.004032617050035587,0
0,0.01071710441198213,0
0,0.7529411205308225,1
0,0.05152303650516939,0
0,0.007349990657102115,0
1,0.6822873168599304,1
0,0.5921140569934124,1
0,0.01529158045635476,0
0,0.4228461918514934,0
1,0.8646910911351622,1
1,0.8050826061318375,1
0,0.09689768804153757,0
0,0.009577965572595565,0
0,0.5980787586698711,1
0,0.0022118907381787666,0
0,0.0017673992724435406,0
0,0.12692188834202542,0
0,0.0009172048605765478,0
0,0.025069728620665768,0
0,0.2222046576540776,0
0,0.3198675619504746,0
0,0.5931627445624236,1
1,0.9321793383441886,1
1,0.8585019146190503,1
0,0.007395441844843061,0
1,0.4708599521993347,0
0,0.06481526349017411,0
0,0.0018781573848385977,0
0,0.07870192141435847,0
0,0.7468121305885623,1
1,0.9994534760432869,1
0,0.03032263119407855,0
0,0.14155061033363836,0
0,0.003096542603932701,0
0,0.6455951478708352,1
0,0.10307563773862335,0
0,0.7428195551553776,1
1,0.990577317885556,1
0,0.01069887410699154,0
0,0.10725214565159237,0
1,0.8787069434894601,1
1,0.9985735998942171,1
0,0.03740408824915533,0
0,0.08387936199497358,0
0,0.003472252925863245,0
0,0.45455426207092825,0
0,0.008930557046487146,0
0,0.19504920236255793,0
0,0.004259222449642454,0
0,0.04363561696186397,0
0,0.011176499278419856,0
0,0.41539643597080256,0
0,0.06142810087990957,0
0,0.6950937204225781,1
0,0.04669216759704805,0
0,0.059485943701338646,0
0,0.0533861195420941,0
0,0.08525734625562909,0
0,0.0011689907276769406,0
0,0.9002196756845159,1
0,0.01541567199703579,0
0,0.10588496891895366,0
0,0.014073093026583,0
0,0.023402091133002324,0
1,0.7484569250579044,1
1,0.7661102581638323,1
0,0.1827331945081305,0
0,0.009607046753199518,0
1,0.569409932864161,1
0,0.7582352378039585,1
1,0.7240505629077082,1
0,0.12706493526354556,0
1,0.9367273979390328,1
1,0.9993274532214534,1
0,0.8225104339171874,1
0,0.02231097831247597,0
1,0.995763947627608,1
0,0.11894844209152322,0
1,0.8910491994519243,1
1,0.7044878777340785,1
0,0.5764088057118912,1
0,0.10007350762167068,0
0,0.008331706528435217,0
0,0.16669390335930673,0
1,0.9988114786134893,1
0,0.007514516354628398,0
0,0.08028328381227168,0
0,0.0032671934479632956,0
0,0.009285713965469011,0
0,0.4924979294214052,0
0,0.230788913782967,0
0,0.012083178285933598,0
0,0.06593302534022052,0
1,0.8194359421555714,1
1,0.9990392719206886,1
0,0.024742986770796206,0
0,0.5679771422729946,1
0,0.010466578787047905,0
0,0.004633526615452969,0
0,0.014211072429653275,0
0,0.4185534246119335,0
0,0.001134325778267196,0
0,0.0012364239965724315,0
0,0.13240570492684478,0
0,0.016186843634034484,0
1,0.8189998294828332,1
0,0.27131042841193576,0
1,0.5519607522099627,1
0,0.009182567763961483,0
0,0.0032852340197688902,0
1,0.9979732414322178,1
1,0.8854576163158492,1
1,0.2125055671293741,0
0,0.02115229036284477,0
0,0.47094509549011276,0
1,0.7555544208645492,1
0,0.7698588401371377,1
0,0.5826043874324695,1
0,0.008507611753783645,0
0,0.13646693222833686,0
0,0.0004922490164052891,0
1,0.35468615319578517,0
0,0.06800080418878379,0
1,0.7733544878901728,1
1,0.8701278389305009,1
0,0.6363741097499181,1
1,0.8904944427543823,1
0,0.5098492043224038,1
0,0.0943746029478459,0
0,0.10548037483636535,0
0,0.8002228000096177,1
0,0.031118086825718174,0
1,0.07655568082603872,0
0,0.046373743038921396,0
0,0.4423673601447285,0
0,0.07842821854666424,0
0,0.05438605651363889,0
0,0.12438368712343005,0
0,0.004177023905519211,0
0,0.5888294979784104,1
1,0.9924841718827616,1
0,0.19766510229406448,0
0,0.0035954684745476413,0
0,0.07045160066719557,0
0,0.14974182913674874,0
0,0.05283471536522768,0
0,0.0495940672494892,0
1,0.36024572812731365,0
0,0.1587145426578424,0
0,0.09400580901207038,0
1,0.9078201614777118,1
1,0.871998366645434,1
0,0.016019229374322864,0
1,0.8229548295811765,1
0,0.06972925057153496,0
0,0.05540140159272015,0
0,0.4858311932909118,0
0,0.3300377585872098,0
0,0.019253679356005454,0
0,0.14350125099548952,0
0,0.8824176800613908,1
0,0.42879163953230093,0
0,0.0009566062584610393,0
0,0.10682271608384375,0
0,0.4418759044601875,0
0,0.31557988982402624,0
0,0.002312332412667005,0
0,0.5656187358752726,1
0,0.006891813968810076,0
0,0.08847099846228122,0
0,0.046031384246131,0
0,0.4930046057200931,0
1,0.9987815916580357,1
0,0.01514788251053329,0
0,0.148942172775127,0
0,0.6425695246677913,1
1,0.8158820234370645,1
0,0.6374209726133327,1
0,0.0006601974473211451,0
0,0.004261353198355798,0
0,0.0218316527521079,0
0,0.10813453302629152,0
0,0.28669517520758425,0
0,0.004185076256187286,0
0,0.1328657097633278,0
1,0.6679963330812494,1
0,0.45073301735842686,0
0,0.4926763023809376,0
1,0.3094511251092231,0
0,0.06357765936784092,0
0,0.07024424310389628,0
0,0.13897608380501977,0
0,0.1757396705859627,0
0,0.1780583931750019,0
0,0.46592935212134845,0
0,0.09920476133065959,0
1,0.8404500337478682,1
0,0.40962403068797304,0
1,0.9850516238083331,1
1,0.9952744180164235,1
0,0.07427549048889798,0
1,0.6200010017551804,1
1,0.9978822015839242,1
0,0.3490393692427822,0
0,0.0033528021947710437,0
1,0.9088162702427209,1
1,0.7860116614637516,1
0,0.0543494246794188,0
0,0.033568182830218986,0
0,0.6939715003202369,1
0,0.004274827971767553,0
0,0.31255717919492315,0
0,0.039958042253914736,0
0,0.000523160313505289,0
0,0.001972636559059063,0
0,0.0025659931664942545,0
0,0.0005386531207018266,0
0,0.11669531611412778,0
0,0.03585201310678977,0
0,0.009565159025011155,0
0,0.0012403646427899815,0
0,0.034207447140785045,0
0,0.0007472353178775062,0
0,0.04777925339259461,0
1,0.8696334764979659,1
0,0.5127009412597472,1
0,0.02445525667734699,0
0,0.01568948392244188,0
0,0.888923855936894,1
0,0.02029309330845842,0
1,0.5911849373461082,1
0,0.3835395203749256,0
0,0.0006356664588835788,0
1,0.26599563888928596,0
0,0.0661806445880871,0
0,0.031391092505397795,0
0,0.5896855762828348,1
0,0.10155105994206011,0
0,0.5593339578960966,1
0,0.30324613290186564,0
0,0.015406421736170708,0
0,0.014823228945978721,0
0,0.01088433205887971,0
0,0.29389818029337483,0
0,0.009418509049785417,0
0,0.029807524015241192,0
0,0.6276886560580405,1
0,0.047154288995484656,0
1,0.9957851307570794,1
0,0.78255475174086,1
1,0.9832591323579759,1
1,0.9497593420397095,1
0,0.4345310174104302,0
1,0.9844335123526498,1
0,0.001768593598226567,0
0,0.18901487519375146,0
0,0.6308003239887334,1
0,0.04385998569879444,0
1,0.9016161504207532,1
0,0.30577794621244375,0
1,0.9920640009922805,1
0,0.19212219999463453,0
0,0.02697735353808057,0
0,0.5689239301087112,1
0,0.010376798042093785,0
0,0.05174640033413663,0
1,0.7890818059937306,1
0,0.10619761500034412,0
1,0.9979289841452661,1
0,0.0017032058637511745,0
0,0.8327084297767698,1
0,0.8420646323724604,1
0,0.001303241412221587,0
0,0.00939677751044094,0
0,0.7130363543630971,1
1,0.9652571458947549,1
0,0.1417645758536538,0
0,0.8957834098310455,1
0,0.0014886071517194756,0
0,0.7082004693680383,1
0,0.13128182805031052,0
1,0.4534943482099917,0
0,0.03681128855124354,0
1,0.9876848195554737,1
0,0.02854109739651354,0
1,0.989426143646273,1
0,0.75676222445515,1
0,0.008863150274725807,0
0,0.053307444732412716,0
0,0.5638225271588431,1
0,0.010241618354360575,0
1,0.9924436994236656,1
0,0.002320401059866436,0
0,0.08051334895183233,0
0,0.006388297348091833,0
0,0.007660604266641821,0
1,0.9012272196853314,1
0,0.5989608475156419,1
0,0.009235314256254802,0
0,0.031295366657784034,0
0,0.006363470779276769,0
0,0.7270600755258807,1
0,0.01680989792803591,0
0,0.6898179434976668,1
0,0.02429080738301524,0
0,0.9888683429199578,1
1,0.9977518953807039,1
0,0.7345303153762465,1
0,0.22590058538083257,0
0,0.00076367693118397,0
0,0.0021073548486997768,0
0,0.032260747874401474,0
0,0.8190863028550499,1
0,0.13596242201189648,0
0,0.03963876672022133,0
0,0.00777624791513676,0
0,0.16080827707419165,0
1,0.9986859523854693,1
0,0.8348896096461258,1
0,0.10188780803220664,0
0,0.4749712567879113,0
0,0.049831510596723985,0
0,0.054901415454455225,0
1,0.5295420610801846,1
0,0.075358227654423,0
0,0.7217593695860476,1
1,0.8684726125564375,1
0,0.01368572538404331,0
1,0.8971606359331963,1
0,0.04732478829374783,0
0,0.029972193889674766,0
0,0.07608267419201799,0
1,0.6607263470686179,1
0,0.024664864335319548,0
0,0.03750811174800187,0
0,0.15663883752430996,0
0,0.8247167020599844,1
1,0.4683148472986211,0
0,0.28434966318734356,0
0,0.4444534129715584,0
1,0.9920138643245535,1
0,0.17530148689107958,0
1,0.9992488701730978,1
0,0.3584518320099247,0
0,0.346488890680176,0
0,0.018809009989703498,0
0,0.62289978873429,1
0,0.22004195560770454,0
0,0.26106095483505387,0
0,0.1142878778867014,0
0,0.02022366599648969,0
0,0.6052379927661444,1
0,0.30977629441249893,0
1,0.9986151011835076,1
0,0.42930982682884516,0
0,0.3515134128375327,0
1,0.9880598669775347,1
1,0.4964078320948565,0
0,0.16626391587751382,0
0,0.0017277612284467142,0
1,0.9665131041451565,1
0,0.401805623618344,0
0,0.497963450583403,0
1,0.9963481193051785,1
1,0.9841547163466111,1
0,0.23143096012285466,0
0,0.12724553766544286,0
0,0.8263898312641014,1
0,0.35637089409600864,0
0,0.04359618348451839,0
0,0.08187001495494078,0
1,0.9978590426537725,1
1,0.9036673347954993,1
0,0.30052749464492795,0
0,0.04457513407468749,0
0,0.022712886393738772,0
0,0.015530768633985781,0
0,0.10712448645721633,0
1,0.9994174488223229,1
0,0.08031570837705856,0
0,0.4174779251339059,0
0,0.005643409983220876,0
0,0.7114097687825797,1
0,0.012295209519486964,0
1,0.4406398857784887,0
0,0.046438265996704496,0
1,0.8324040612181093,1
0,0.041122523788663524,0
0,0.08705446342978017,0
0,0.6023328796803769,1
0,0.5050762716433722,1
0,0.03944995274070939,0
1,0.9194557295851947,1
0,0.35133772083001574,0
0,0.014369242519026647,0
0,0.0020927975812654607,0
0,0.004795795131841495,0
1,0.8514352644220362,1
0,0.5481503176472976,1
0,0.1970554743609599,0
1,0.9989122406838278,1
1,0.8689988919564233,1
0,0.06877195441880098,0
0,0.0042354227215791376,0
0,0.008215978497383966,0
0,0.42811267422091154,0
1,0.9200359264471191,1
0,0.016776898746062148,0
0,0.048322447483637974,0
0,0.042761149745705926,0
0,0.637589803668443,1
0,0.03504316645284319,0
0,0.08669714115159291,0
0,0.009613926983206556,0
0,0.0035142678023737306,0
0,0.5350432892281047,1
0,0.3195719632593848,0
0,0.43201449497975436,0
1,0.7493636266753664,1
0,0.03295509182307139,0
0,0.04180858957932563,0
0,0.20432001726582677,0
1,0.8719236550855692,1
0,0.38716318783846176,0
1,0.8576008503249279,1
0,0.00351497884928036,0
1,0.5286168843925089,1
0,0.001096775851300664,0
0,0.045435150429115986,0
0,0.38622544233476,0
0,0.00044013666660279026,0
1,0.7784312121791538,1
0,0.005522610677917858,0
0,0.07678842064853572,0
1,0.9918157325340454,1
0,0.8039064059057928,1
0,0.025285782514266775,0
0,0.3477605949123336,0
0,0.16394536396483697,0
0,0.15733446032385723,0
0,0.021995376038187516,0
0,0.0019589871817146357,0
0,0.01833575854020623,0
0,0.2882914993540635,0
0,0.01425316459800578,0
1,0.9990246766224286,1
0,0.030931219774054074,0
0,0.5791732165444765,1
0,0.04319140540445765,0
0,0.05491486475568454,0
0,0.01590532085225288,0
0,0.06977475969936216,0
0,0.3219718613771664,0
0,0.042323033319089466,0
0,0.011717820292994098,0
0,0.1978889026333312,0
0,0.015687978136713368,0
0,0.007106662474204559,0
0,0.0031017065804848313,0
0,0.018937050595204466,0
0,0.0037373128083187136,0
0,0.4732335968837814,0
0,0.025166148671582338,0
0,0.01179610001600132,0
1,0.9277834616927648,1
0,0.0882289396778444,0
0,0.05252103294437266,0
0,0.08534135194976442,0
0,0.3566763452723277,0
1,0.990483779484164,1
0,0.010158560828507936,0
0,0.4631474651168585,0
0,0.03543147670498322,0
0,0.8047259111279401,1
1,0.1822067980647908,0
1,0.9856537546387455,1
0,0.8282391130010466,1
0,0.0527916977876305,0
0,0.0118302840414854,0
0,0.24796075787736033,0
0,0.022256577214330452,0
0,0.0017316327867419855,0
0,0.04045942500882158,0
1,0.6043690664185382,1
1,0.7664413313931435,1
0,0.18478251709568078,0
0,0.2986907221204525,0
0,0.05007862072964619,0
0,0.07701435347271982,0
0,0.8897584247595824,1
1,0.9053600273515254,1
1,0.9917365202133746,1
1,0.8453005075216622,1
1,0.8106675731736434,1
0,0.08278301234262403,0
0,0.018485932772179976,0
0,0.019166907453464433,0
0,0.011592646196924256,0
1,0.857930342040539,1
1,0.9950754244020277,1
1,0.9981153900056603,1
1,0.8857162642848712,1
1,0.9993105403418423,1
1,0.6711055427788403,1
0,0.39018351436291177,0
0,0.0487847406420546,0
1,0.9833104572513937,1
1,0.12232190598485651,0
1,0.8802221107798217,1
0,0.39316473579220546,0
0,0.4291685749376449,0
1,0.9986163802623331,1
0,0.3197713789010901,0
0,0.4105410651712095,0
0,0.5380668125089317,1
0,0.0021700696133057393,0
1,0.8364074208132087,1
0,0.011160217456635821,0
0,0.19553337542631608,0
0,0.22109308547579193,0
0,0.09994435255894342,0
0,0.12656315458375034,0
0,0.0022782186894026936,0
0,0.008174750085534041,0
0,0.7090567643252981,1
1,0.8826457365501078,1
0,0.3953632071438832,0
1,0.8998090876609663,1
0,0.005952752178168311,0
0,0.7553283219299293,1
0,0.10181638898558013,0
