age,workclass,fnlwgt,education,education-num,marital-status,occupation,relationship,race,sex,capital-gain,capital-loss,hours-per-week,native-country,income,probability,prediction,batch_id,drift_strength
65,Local-gov,200190,Masters,14,Married-civ-spouse,Prof-specialty,Husband,White,Male,12756,1977,70,United-States,1,0.9969253776052188,1,6,1.0
47,Private,85799,HS-grad,9,Divorced,Adm-clerical,Not-in-family,White,Female,12085,0,55,United-States,0,0.9980495279540517,1,6,1.0
38,,296372,HS-grad,9,Divorced,,Own-child,White,Female,11721,0,55,United-States,0,0.9948872775453385,1,6,1.0
51,Private,259716,HS-grad,9,Divorced,Machine-op-inspct,Unmarried,White,Female,9803,0,55,Mexico,0,0.9937404558034322,1,6,1.0
49,Private,190964,HS-grad,9,Separated,Exec-managerial,Own-child,White,Male,2147,0,55,United-States,0,0.023879862590594866,0,6,1.0
52,Private,112247,Bachelors,13,Never-married,Exec-managerial,Not-in-family,White,Female,430,0,65,United-States,0,0.07279306718752056,0,6,1.0
82,,167358,9th,5,Widowed,,Unmarried,White,Female,8408,0,30,United-States,0,0.9861894231259779,1,6,1.0
41,Private,130045,7th-8th,4,Married-civ-spouse,Other-service,Wife,White,Female,4116,0,55,United-States,0,0.02787034665531921,0,6,1.0
75,,424591,HS-grad,9,Married-civ-spouse,,Husband,White,Male,13729,0,55,United-States,0,0.9884326440816638,1,6,1.0
29,Local-gov,39815,10th,6,Never-married,Other-service,Own-child,White,Female,12093,0,40,United-States,0,0.9904423700846942,1,6,1.0
44,Self-emp-inc,204470,Some-college,10,Married-civ-spouse,Sales,Husband,White,Male,14430,0,99,United-States,1,0.9987303198102249,1,6,1.0
67,Private,121912,Some-college,10,Married-civ-spouse,Transport-moving,Husband,White,Male,11646,0,39,United-States,1,0.9827794981583527,1,6,1.0
30,Private,118847,12th,8,Never-married,Sales,Own-child,White,Female,13615,0,35,United-States,0,0.9951762819318137,1,6,1.0
58,Private,563883,HS-grad,9,Married-civ-spouse,Craft-repair,Husband,Black,Male,8533,0,75,United-States,1,0.9986059663846066,1,6,1.0
49,Private,148581,HS-grad,9,Married-civ-spouse,Transport-moving,Husband,White,Male,6044,0,65,United-States,1,0.992369253681701,1,6,1.0
42,Private,297155,Some-college,10,Divorced,Adm-clerical,Unmarried,Black,Female,4907,0,55,United-States,0,0.5196442068317527,0,6,1.0
29,Private,136363,10th,6,Never-married,Other-service,Own-child,White,Male,7987,0,35,United-States,0,0.8630791269909385,1,6,1.0
59,Private,193047,Doctorate,16,Married-civ-spouse,Exec-managerial,Husband,White,Male,99999,0,65,United-States,1,0.9984963697690543,1,6,1.0
44,Private,206365,HS-grad,9,Never-married,Other-service,Not-in-family,Black,Female,10762,0,55,United-States,0,0.9984753941638077,1,6,1.0
77,,200749,HS-grad,9,Married-civ-spouse,,Husband,White,Male,14216,0,40,United-States,0,0.9818924458224121,1,6,1.0
56,Private,212888,Bachelors,13,Divorced,Exec-managerial,Unmarried,White,Female,8207,0,60,United-States,0,0.9831168728867864,1,6,1.0
32,Private,105244,Some-college,10,Never-married,Handlers-cleaners,Not-in-family,White,Male,9839,0,65,United-States,0,0.9962790691485183,1,6,1.0
66,Self-emp-inc,52565,7th-8th,4,Married-civ-spouse,Transport-moving,Husband,White,Male,10886,0,85,United-States,0,0.9828516554484441,1,6,1.0
56,Private,157217,Assoc-acdm,12,Married-civ-spouse,Prof-specialty,Husband,White,Male,13593,0,55,United-States,1,0.9990695024844989,1,6,1.0
56,Private,96170,7th-8th,4,Married-civ-spouse,Transport-moving,Husband,White,Male,5373,0,35,United-States,0,0.9875258980222624,1,6,1.0
61,Private,332355,HS-grad,9,Married-civ-spouse,Exec-managerial,Husband,White,Male,3459,0,55,United-States,0,0.1552073745078991,0,6,1.0
55,Self-emp-not-inc,145441,Prof-school,15,Married-civ-spouse,Prof-specialty,Husband,White,Male,4848,0,45,United-States,1,0.42897870549621875,0,6,1.0
40,Private,120475,HS-grad,9,Never-married,Craft-repair,Not-in-family,White,Male,3836,0,50,United-States,0,0.015740584730432574,0,6,1.0
55,State-gov,598995,Bachelors,13,Married-civ-spouse,Prof-specialty,Wife,Black,Female,9775,0,55,United-States,1,0.9983018629773676,1,6,1.0
42,Private,53285,HS-grad,9,Married-civ-spouse,Sales,Husband,White,Male,11481,0,67,United-States,1,0.9988792914402689,1,6,1.0
59,Private,191957,Bachelors,13,Married-civ-spouse,Sales,Husband,Black,Male,14918,0,55,United-States,1,0.9988403609003703,1,6,1.0
55,State-gov,242521,HS-grad,9,Married-civ-spouse,Craft-repair,Husband,White,Male,10084,0,55,United-States,0,0.9938000463597515,1,6,1.0
44,State-gov,481096,5th-6th,3,Never-married,Machine-op-inspct,Own-child,White,Female,5926,0,25,United-States,0,0.03506816959819059,0,6,1.0
41,Private,308944,HS-grad,9,Married-spouse-absent,Craft-repair,Not-in-family,White,Male,45,0,55,United-States,0,0.02380747826365474,0,6,1.0
53,Self-emp-not-inc,200574,Prof-school,15,Married-civ-spouse,Prof-specialty,Husband,White,Male,5198,1977,75,United-States,1,0.9985516027789864,1,6,1.0
57,Self-emp-not-inc,149640,Prof-school,15,Never-married,Prof-specialty,Not-in-family,White,Male,11674,0,45,United-States,1,0.998699129407039,1,6,1.0
50,Private,161141,HS-grad,9,Divorced,Transport-moving,Not-in-family,White,Male,12484,0,55,United-States,0,0.9983822941121767,1,6,1.0
31,Private,164339,HS-grad,9,Never-married,Handlers-cleaners,Own-child,White,Male,10468,0,85,United-States,0,0.9915286867677713,1,6,1.0
69,Private,47178,5th-6th,3,Divorced,Other-service,Not-in-family,White,Female,12603,0,55,United-States,0,0.9945857151216534,1,6,1.0
60,Local-gov,118972,10th,6,Married-civ-spouse,Transport-moving,Husband,White,Male,4213,0,55,United-States,0,0.05961893733964316,0,6,1.0
65,Private,196763,Assoc-acdm,12,Never-married,Exec-managerial,Not-in-family,White,Female,10234,0,75,United-States,0,0.9820462904849635,1,6,1.0
51,Private,224466,Some-college,10,Divorced,Craft-repair,Unmarried,Black,Male,7631,0,39,United-States,0,0.9769026939325279,1,6,1.0
42,Private,221043,HS-grad,9,Married-civ-spouse,Craft-repair,Husband,White,Male,613,0,50,United-States,0,0.09001255548810462,0,6,1.0
60,,61985,9th,5,Separated,,Not-in-family,Amer-Indian-Eskimo,Female,8501,0,35,United-States,0,0.9926283154573546,1,6,1.0
84,Self-emp-not-inc,173864,7th-8th,4,Married-civ-spouse,Other-service,Husband,White,Male,9582,0,60,United-States,0,0.9225741862760694,1,6,1.0
43,Federal-gov,144949,Bachelors,13,Married-civ-spouse,Adm-clerical,Husband,White,Male,14540,0,55,United-States,0,0.9992132390048877,1,6,1.0
57,Federal-gov,45891,Some-college,10,Divorced,Adm-clerical,Unmarried,White,Male,5094,0,57,United-States,0,0.3406146978586201,0,6,1.0
49,Private,219546,Assoc-voc,11,Married-civ-spouse,Craft-repair,Husband,White,Male,17925,0,59,United-States,1,0.9990582266290082,1,6,1.0
54,Federal-gov,25240,Assoc-voc,11,Divorced,Prof-specialty,Unmarried,Amer-Indian-Eskimo,Female,13423,0,55,United-States,0,0.9940233436669749,1,6,1.0
51,Self-emp-not-inc,55568,Bachelors,13,Married-civ-spouse,Farming-fishing,Wife,White,Female,8956,0,65,United-States,0,0.9971417314753009,1,6,1.0
44,Private,169589,Assoc-voc,11,Married-civ-spouse,Handlers-cleaners,Husband,White,Male,14440,0,55,United-States,1,0.9989753162537196,1,6,1.0
32,Private,193586,Some-college,10,Never-married,Prof-specialty,Not-in-family,White,Female,11433,0,33,United-States,0,0.9981346623597743,1,6,1.0
50,Private,65624,HS-grad,9,Divorced,Exec-managerial,Not-in-family,White,Male,7742,0,55,United-States,0,0.8960006653042902,1,6,1.0
42,Private,119562,HS-grad,9,Married-civ-spouse,Machine-op-inspct,Husband,White,Male,6792,0,55,United-States,0,0.963406416202998,1,6,1.0
53,Local-gov,231348,Bachelors,13,Married-civ-spouse,Sales,Husband,White,Male,10597,0,55,United-States,0,0.9991412887279653,1,6,1.0
71,Private,162580,HS-grad,9,Never-married,Craft-repair,Other-relative,White,Female,13611,0,50,United-States,0,0.9949468900185553,1,6,1.0
35,Private,132300,Bachelors,13,Never-married,Sales,Not-in-family,White,Female,7669,0,55,United-States,0,0.9056645749749551,1,6,1.0
52,Private,243580,Bachelors,13,Married-civ-spouse,Exec-managerial,Husband,White,Male,10430,0,59,United-States,1,0.9969373432823259,1,6,1.0
56,Self-emp-not-inc,22933,HS-grad,9,Married-civ-spouse,Exec-managerial,Husband,White,Male,9569,0,55,United-States,0,0.9990285531483513,1,6,1.0
46,,164309,11th,7,Married-civ-spouse,,Wife,White,Female,14099,0,23,United-States,0,0.998057900047302,1,6,1.0
32,Private,73679,HS-grad,9,Never-married,Transport-moving,Own-child,White,Female,1044,0,50,United-States,0,0.006949453888335486,0,6,1.0
41,Private,298696,Some-college,10,Never-married,Other-service,Not-in-family,White,Female,3855,0,55,United-States,0,0.01177196335223642,0,6,1.0
40,Private,355259,Masters,14,Never-married,Prof-specialty,Not-in-family,White,Female,3075,0,55,United-States,1,0.784230432631836,1,6,1.0
74,,194660,HS-grad,9,Married-civ-spouse,,Husband,White,Male,3759,0,55,United-States,1,0.04877268750019619,0,6,1.0
54,Local-gov,96524,HS-grad,9,Married-civ-spouse,Exec-managerial,Husband,White,Male,4720,0,75,United-States,1,0.9094317010701367,1,6,1.0
65,Federal-gov,227836,Some-college,10,Divorced,Farming-fishing,Not-in-family,White,Male,6760,0,55,United-States,0,0.22881543820442735,0,6,1.0
36,Private,199336,HS-grad,9,Never-married,Craft-repair,Unmarried,White,Male,12009,0,60,United-States,0,0.9941460049511284,1,6,1.0
46,Private,178951,HS-grad,9,Married-civ-spouse,Sales,Husband,White,Male,5537,0,60,United-States,0,0.9929787304284623,1,6,1.0
81,Private,141181,5th-6th,3,Married-civ-spouse,Adm-clerical,Husband,White,Male,4498,0,55,United-States,0,0.12025764484823155,0,6,1.0
73,Local-gov,321117,HS-grad,9,Married-civ-spouse,Protective-serv,Husband,White,Male,1211,0,55,United-States,0,0.07915533647794327,0,6,1.0
31,Private,44797,Some-college,10,Never-married,Farming-fishing,Not-in-family,White,Female,11970,0,30,United-States,0,0.9915572904355237,1,6,1.0
59,Private,152572,HS-grad,9,Never-married,Other-service,Unmarried,White,Female,10609,0,55,Puerto-Rico,0,0.9973247253915735,1,6,1.0
89,Local-gov,181974,7th-8th,4,Widowed,Adm-clerical,Not-in-family,White,Female,5356,0,55,United-States,0,0.20437560021321635,0,6,1.0
35,Private,273206,Bachelors,13,Never-married,Adm-clerical,Not-in-family,White,Female,8403,0,38,United-States,0,0.9960827641677364,1,6,1.0
39,Local-gov,74056,Bachelors,13,Never-married,Tech-support,Not-in-family,White,Male,2581,0,65,United-States,0,0.035668602100928745,0,6,1.0
59,Private,202117,HS-grad,9,Divorced,Sales,Not-in-family,White,Female,1453,0,52,United-States,0,0.013123989482486435,0,6,1.0
48,Self-emp-not-inc,119272,HS-grad,9,Married-civ-spouse,Exec-managerial,Husband,White,Male,10428,0,53,United-States,0,0.9933893323165608,1,6,1.0
68,Self-emp-inc,119891,Some-college,10,Married-civ-spouse,Exec-managerial,Husband,White,Male,14729,1672,55,United-States,0,0.976164465460228,1,6,1.0
46,Private,159322,Bachelors,13,Married-civ-spouse,Exec-managerial,Husband,White,Male,14682,0,65,United-States,1,0.999225211043009,1,6,1.0
64,,248113,Preschool,1,Married-spouse-absent,,Other-relative,White,Male,9943,0,55,Mexico,0,0.9425970634933768,1,6,1.0
66,Local-gov,172991,HS-grad,9,Married-civ-spouse,Transport-moving,Husband,White,Male,10425,0,55,United-States,0,0.7582696386511175,1,6,1.0
53,Private,172307,9th,5,Married-civ-spouse,Craft-repair,Husband,White,Male,7075,0,55,United-States,0,0.9978908271117222,1,6,1.0
49,Self-emp-inc,99452,Some-college,10,Married-civ-spouse,Transport-moving,Husband,White,Male,8065,0,70,United-States,1,0.9986475635550256,1,6,1.0
35,Private,178818,HS-grad,9,Never-married,Adm-clerical,Not-in-family,White,Female,7116,0,55,United-States,0,0.6569860033205702,1,6,1.0
39,Private,359155,Bachelors,13,Married-civ-spouse,Prof-specialty,Wife,White,Female,882,0,55,United-States,1,0.3313538651937548,0,6,1.0
43,Private,169122,HS-grad,9,Divorced,Other-service,Not-in-family,White,Male,11976,0,43,United-States,0,0.9982167711062455,1,6,1.0
47,Self-emp-not-inc,157473,HS-grad,9,Married-civ-spouse,Craft-repair,Husband,White,Male,9605,0,55,United-States,0,0.9983677372850172,1,6,1.0
61,Private,112761,HS-grad,9,Divorced,Handlers-cleaners,Not-in-family,White,Female,4185,0,55,United-States,0,0.0054275227330026305,0,6,1.0
36,Private,163665,HS-grad,9,Never-married,Other-service,Not-in-family,White,Female,6818,0,55,United-States,0,0.02048166020522768,0,6,1.0
73,Private,231183,HS-grad,9,Widowed,Exec-managerial,Not-in-family,White,Female,14914,0,55,United-States,0,0.9977340495215554,1,6,1.0
53,Private,211253,Masters,14,Married-civ-spouse,Exec-managerial,Wife,White,Female,11104,0,55,United-States,1,0.9991235801084656,1,6,1.0
49,Self-emp-not-inc,111129,Some-college,10,Married-civ-spouse,Craft-repair,Husband,White,Male,1391,0,60,United-States,0,0.07375129522269154,0,6,1.0
73,Private,83045,9th,5,Married-civ-spouse,Machine-op-inspct,Husband,White,Male,6062,0,55,United-States,0,0.9775003805806959,1,6,1.0
69,Local-gov,199546,Masters,14,Divorced,Other-service,Unmarried,Black,Female,7125,0,55,United-States,0,0.9449909384519756,1,6,1.0
51,Private,51100,HS-grad,9,Married-civ-spouse,Transport-moving,Husband,White,Male,3110,0,55,United-States,1,0.9337184434414834,1,6,1.0
85,,144872,HS-grad,9,Married-civ-spouse,,Husband,White,Male,4863,0,40,Canada,0,0.08199826971533576,0,6,1.0
78,Self-emp-not-inc,102686,Masters,14,Married-civ-spouse,Exec-managerial,Husband,White,Male,2801,0,35,United-States,1,0.2663289763217754,0,6,1.0
57,Private,205424,Bachelors,13,Never-married,Prof-specialty,Not-in-family,White,Male,13848,0,55,United-States,1,0.9987320737060342,1,6,1.0
73,Private,181219,Bachelors,13,Married-civ-spouse,Prof-specialty,Husband,White,Male,5980,1848,55,United-States,1,0.9972846469451943,1,6,1.0
65,Local-gov,186303,Some-college,10,Married-civ-spouse,Protective-serv,Husband,White,Male,10770,1887,55,United-States,1,0.9915983545308292,1,6,1.0
46,Self-emp-not-inc,111985,HS-grad,9,Married-civ-spouse,Craft-repair,Husband,White,Male,9176,0,65,United-States,0,0.9982480080206887,1,6,1.0
34,Private,113703,Some-college,10,Never-married,Sales,Other-relative,White,Male,6588,0,35,United-States,0,0.05205555693770717,0,6,1.0
40,Private,37933,HS-grad,9,Never-married,Other-service,Not-in-family,Black,Female,9877,0,63,United-States,0,0.9954592985359111,1,6,1.0
70,Private,160662,10th,6,Married-civ-spouse,Craft-repair,Husband,White,Male,2900,0,55,United-States,1,0.03602017621940087,0,6,1.0
43,Private,323985,HS-grad,9,Married-civ-spouse,Exec-managerial,Wife,White,Female,4179,0,55,United-States,1,0.17607732114410246,0,6,1.0
52,Self-emp-inc,102576,Masters,14,Married-civ-spouse,Prof-specialty,Husband,Black,Male,8959,0,70,Trinadad&Tobago,0,0.9983959364460855,1,6,1.0
65,Private,98791,Some-college,10,Married-civ-spouse,Tech-support,Husband,White,Male,7934,0,55,United-States,0,0.9805298457311247,1,6,1.0
43,Private,179013,HS-grad,9,Separated,Craft-repair,Not-in-family,Black,Male,9106,0,55,United-States,0,0.9972452294119711,1,6,1.0
56,Local-gov,196456,Masters,14,Never-married,Prof-specialty,Not-in-family,White,Female,374,1669,55,United-States,0,0.0066949718018209205,0,6,1.0
49,Private,39606,Assoc-voc,11,Divorced,Sales,Unmarried,White,Female,10741,0,55,United-States,0,0.9978157154733659,1,6,1.0
80,,141181,9th,5,Married-civ-spouse,,Husband,White,Male,13191,0,17,United-States,0,0.9691349697271175,1,6,1.0
38,,375313,Some-college,10,Never-married,,Own-child,Asian-Pac-Islander,Male,2313,0,55,Philippines,0,0.02930633340845451,0,6,1.0
48,Private,185203,HS-grad,9,Never-married,Sales,Not-in-family,White,Female,7659,0,55,United-States,0,0.9399842189181697,1,6,1.0
42,Private,49795,HS-grad,9,Never-married,Adm-clerical,Not-in-family,White,Male,10191,0,55,United-States,0,0.9966502815151829,1,6,1.0
50,,217409,Some-college,10,Married-civ-spouse,,Wife,White,Female,645,0,55,United-States,0,0.09353444128673762,0,6,1.0
88,,84755,Some-college,10,Widowed,,Unmarried,White,Female,9411,0,55,United-States,0,0.9934264195642827,1,6,1.0
40,Private,204862,Some-college,10,Never-married,Exec-managerial,Own-child,White,Female,14643,0,55,United-States,0,0.9974073047012696,1,6,1.0
41,Private,200511,HS-grad,9,Married-civ-spouse,Sales,Husband,White,Male,1979,0,65,United-States,0,0.09299509433638725,0,6,1.0
67,Private,204751,HS-grad,9,Married-civ-spouse,Transport-moving,Husband,White,Male,4349,0,80,United-States,0,0.9119186368610979,1,6,1.0
36,Private,308205,7th-8th,4,Never-married,Handlers-cleaners,Other-relative,White,Male,9203,0,55,Mexico,0,0.9961137585077886,1,6,1.0
70,Private,374108,Some-college,10,Divorced,Prof-specialty,Unmarried,White,Female,13030,0,55,United-States,0,0.9945837025495531,1,6,1.0
42,Private,45427,Bachelors,13,Never-married,Craft-repair,Not-in-family,White,Male,10853,0,85,United-States,0,0.9983525109037589,1,6,1.0
46,Private,176117,Some-college,10,Never-married,Sales,Own-child,Black,Female,7545,0,50,United-States,0,0.9113667052434801,1,6,1.0
34,Private,318915,HS-grad,9,Never-married,Other-service,Unmarried,White,Female,1098,0,55,United-States,0,0.0054826289281471605,0,6,1.0
36,Private,279472,Some-college,10,Married-civ-spouse,Machine-op-inspct,Wife,White,Female,9261,0,63,United-States,1,0.9980024244806186,1,6,1.0
40,Private,119793,Bachelors,13,Never-married,Sales,Not-in-family,White,Male,311,0,55,United-States,0,0.06231439235727885,0,6,1.0
53,Local-gov,176716,HS-grad,9,Married-civ-spouse,Transport-moving,Husband,White,Male,13022,0,75,United-States,0,0.9988548288528817,1,6,1.0
33,,123983,Some-college,10,Never-married,,Other-relative,Asian-Pac-Islander,Male,9520,0,25,Vietnam,0,0.9872812052790376,1,6,1.0
59,Private,192793,Doctorate,16,Married-civ-spouse,Prof-specialty,Husband,White,Male,7654,0,55,Iran,1,0.9975609209657982,1,6,1.0
59,Private,106255,Some-college,10,Married-civ-spouse,Craft-repair,Husband,White,Male,14123,0,55,United-States,0,0.9990533014058363,1,6,1.0
53,Self-emp-not-inc,174395,Doctorate,16,Married-civ-spouse,Prof-specialty,Husband,White,Male,16884,0,70,United-States,1,0.9993261670209372,1,6,1.0
71,Private,174864,HS-grad,9,Married-civ-spouse,Craft-repair,Husband,White,Male,4127,1485,60,United-States,1,0.28549481862736437,0,6,1.0
64,State-gov,206775,HS-grad,9,Married-civ-spouse,Transport-moving,Husband,White,Male,14992,0,55,United-States,0,0.9719845696726441,1,6,1.0
67,Self-emp-not-inc,189721,HS-grad,9,Married-civ-spouse,Craft-repair,Husband,White,Male,6977,0,35,United-States,0,0.6459047347307882,1,6,1.0
50,Private,108140,Bachelors,13,Divorced,Tech-support,Other-relative,White,Male,6343,0,55,United-States,0,0.26893620651986166,0,6,1.0
58,State-gov,29696,HS-grad,9,Married-civ-spouse,Transport-moving,Husband,White,Male,12103,0,55,United-States,0,0.9975949424092578,1,6,1.0
31,Private,206546,Some-college,10,Never-married,Handlers-cleaners,Own-child,White,Male,4203,0,39,United-States,0,0.0024861007886041054,0,6,1.0
34,Private,128487,HS-grad,9,Never-married,Adm-clerical,Not-in-family,White,Female,8253,0,25,United-States,0,0.6457220899354555,1,6,1.0
71,Local-gov,296253,Masters,14,Divorced,Prof-specialty,Unmarried,White,Female,9415,0,75,United-States,1,0.9911757253208705,1,6,1.0
49,Private,286730,Some-college,10,Divorced,Craft-repair,Unmarried,White,Female,11170,0,55,United-States,0,0.9974736278695531,1,6,1.0
41,Self-emp-not-inc,164607,HS-grad,9,Married-civ-spouse,Craft-repair,Husband,White,Male,4748,0,55,United-States,0,0.6341350061915972,0,6,1.0
49,Self-emp-not-inc,216473,10th,6,Married-civ-spouse,Craft-repair,Husband,White,Male,5014,0,45,United-States,0,0.04467584759327724,0,6,1.0
38,State-gov,130302,Bachelors,13,Married-civ-spouse,Craft-repair,Husband,White,Male,9809,0,55,United-States,0,0.9983041101885408,1,6,1.0
77,Local-gov,200764,HS-grad,9,Divorced,Adm-clerical,Not-in-family,White,Female,7110,0,31,United-States,1,0.9095172246720102,1,6,1.0
48,Private,278576,HS-grad,9,Married-civ-spouse,Transport-moving,Husband,White,Male,2482,0,65,United-States,0,0.07555517355636306,0,6,1.0
46,Local-gov,31391,HS-grad,9,Married-civ-spouse,Protective-serv,Husband,White,Male,10266,0,68,United-States,1,0.9946399105844086,1,6,1.0
35,Private,208908,Bachelors,13,Never-married,Other-service,Not-in-family,White,Female,3622,0,45,United-States,0,0.021160638424317847,0,6,1.0
76,State-gov,152537,Bachelors,13,Married-civ-spouse,Exec-managerial,Husband,White,Male,10351,0,60,United-States,0,0.9765853682290129,1,6,1.0
36,Private,130741,Bachelors,13,Never-married,Sales,Own-child,White,Male,406,0,55,United-States,0,0.0323837274290131,0,6,1.0
58,Private,146919,HS-grad,9,Married-civ-spouse,Adm-clerical,Wife,White,Female,14917,0,55,United-States,1,0.9988365336403393,1,6,1.0
36,Private,698418,Some-college,10,Never-married,Adm-clerical,Own-child,Black,Female,5011,0,40,United-States,0,0.023591819695127723,0,6,1.0
32,Private,249385,Some-college,10,Never-married,Craft-repair,Own-child,White,Female,7288,0,35,United-States,0,0.6857898285803078,1,6,1.0
50,Self-emp-not-inc,203836,5th-6th,3,Never-married,Transport-moving,Not-in-family,White,Male,6313,0,55,United-States,0,0.22438832926852514,0,6,1.0
69,Private,121362,Some-college,10,Widowed,Adm-clerical,Unmarried,White,Female,5313,2258,53,United-States,1,0.42813223510054754,0,6,1.0
34,Local-gov,198478,Some-college,10,Married-civ-spouse,Protective-serv,Husband,White,Male,13729,0,55,United-States,0,0.9990991038192422,1,6,1.0
38,Private,171636,Bachelors,13,Married-civ-spouse,Exec-managerial,Husband,White,Male,14283,0,87,United-States,0,0.999146730087841,1,6,1.0
47,Private,240467,HS-grad,9,Married-spouse-absent,Adm-clerical,Unmarried,Black,Female,7673,0,55,United-States,0,0.9261532530059263,1,6,1.0
39,Private,197380,Assoc-acdm,12,Never-married,Prof-specialty,Not-in-family,White,Male,13482,0,55,United-States,0,0.9987165411595375,1,6,1.0
30,Private,238401,Some-college,10,Never-married,Sales,Own-child,White,Female,3836,0,40,United-States,0,0.0031470889957267603,0,6,1.0
46,Private,37380,HS-grad,9,Married-spouse-absent,Machine-op-inspct,Unmarried,White,Female,4949,0,55,United-States,0,0.3053577176932841,0,6,1.0
63,Private,114758,11th,7,Married-civ-spouse,Machine-op-inspct,Husband,White,Male,4621,0,63,United-States,1,0.16969068852154698,0,6,1.0
34,Private,60668,Bachelors,13,Never-married,Exec-managerial,Own-child,White,Male,11302,0,55,United-States,0,0.9975476604873684,1,6,1.0
41,Private,207064,HS-grad,9,Married-civ-spouse,Craft-repair,Husband,White,Male,14244,0,55,United-States,1,0.9990024819385588,1,6,1.0
32,Private,161922,HS-grad,9,Never-married,Handlers-cleaners,Not-in-family,White,Male,12416,0,58,United-States,0,0.997898722902289,1,6,1.0
57,Private,27332,HS-grad,9,Divorced,Sales,Not-in-family,White,Female,9704,0,55,United-States,0,0.9964044906950602,1,6,1.0
44,Private,72967,Prof-school,15,Married-civ-spouse,Prof-specialty,Husband,White,Male,8044,0,40,United-States,1,0.9987435790145911,1,6,1.0
48,Self-emp-not-inc,313853,Bachelors,13,Divorced,Other-service,Unmarried,Black,Male,6813,0,60,United-States,1,0.17994067711769812,0,6,1.0
56,Private,106900,Masters,14,Married-civ-spouse,Prof-specialty,Husband,White,Male,7488,0,59,United-States,1,0.9980255017141929,1,6,1.0
65,Private,157947,HS-grad,9,Divorced,Adm-clerical,Not-in-family,White,Female,9183,0,55,United-States,0,0.9937023079954623,1,6,1.0
49,Private,34378,1st-4th,2,Never-married,Other-service,Not-in-family,White,Male,6374,0,55,United-States,0,0.05643418060643682,0,6,1.0
41,Private,198997,HS-grad,9,Married-civ-spouse,Adm-clerical,Wife,White,Female,14961,0,35,United-States,0,0.9988512012747512,1,6,1.0
48,Private,206521,Bachelors,13,Married-civ-spouse,Sales,Husband,White,Male,9171,0,75,United-States,1,0.9986641677091417,1,6,1.0
38,Private,240842,HS-grad,9,Never-married,Machine-op-inspct,Unmarried,Black,Female,14244,0,55,United-States,0,0.9911065713634954,1,6,1.0
60,Private,164423,HS-grad,9,Divorced,Machine-op-inspct,Unmarried,White,Female,3015,0,55,United-States,0,0.01499677599351884,0,6,1.0
53,Private,205195,Assoc-acdm,12,Divorced,Sales,Not-in-family,White,Male,13423,0,55,United-States,0,0.9984216796425635,1,6,1.0
50,Self-emp-inc,308686,Bachelors,13,Married-civ-spouse,Prof-specialty,Husband,White,Male,12630,0,85,United-States,1,0.9986118088972985,1,6,1.0
69,Private,174662,HS-grad,9,Married-civ-spouse,Craft-repair,Husband,White,Male,1316,0,55,United-States,0,0.0829332363094306,0,6,1.0
43,Private,92179,10th,6,Divorced,Machine-op-inspct,Not-in-family,White,Male,9295,0,55,United-States,0,0.9968667613667376,1,6,1.0
39,Private,307724,Some-college,10,Never-married,Adm-clerical,Not-in-family,White,Female,12315,0,55,,0,0.9986936608787466,1,6,1.0
52,Federal-gov,134307,Bachelors,13,Divorced,Prof-specialty,Not-in-family,Black,Female,3580,1741,55,United-States,0,0.010364800611643245,0,6,1.0
31,Private,214935,Some-college,10,Never-married,Handlers-cleaners,Own-child,White,Male,8839,0,55,United-States,0,0.9948085668651153,1,6,1.0
38,Self-emp-not-inc,37918,HS-grad,9,Never-married,Farming-fishing,Own-child,White,Male,14431,0,75,United-States,0,0.992672260400241,1,6,1.0
44,Private,263908,Bachelors,13,Married-civ-spouse,Prof-specialty,Husband,White,Male,9402,0,55,United-States,0,0.9985654085468915,1,6,1.0
61,Private,166789,HS-grad,9,Married-civ-spouse,Adm-clerical,Husband,White,Male,1781,0,55,United-States,0,0.09972501937424537,0,6,1.0
31,Private,41163,HS-grad,9,Never-married,Sales,Not-in-family,White,Male,1256,0,53,United-States,0,0.008841644019462113,0,6,1.0
48,State-gov,170861,HS-grad,9,Separated,Other-service,Own-child,White,Female,3797,0,47,United-States,0,0.01581382795588103,0,6,1.0
34,Private,142566,HS-grad,9,Never-married,Sales,Not-in-family,White,Male,7641,0,55,United-States,0,0.8739661027008843,1,6,1.0
60,Private,107682,HS-grad,9,Widowed,Machine-op-inspct,Not-in-family,White,Female,8047,0,25,United-States,0,0.7820785738252054,1,6,1.0
46,Private,157747,Some-college,10,Married-civ-spouse,Exec-managerial,Husband,White,Male,17900,0,55,United-States,1,0.9991043966648423,1,6,1.0
41,Private,182676,10th,6,Never-married,Other-service,Own-child,White,Female,12881,0,53,Mexico,0,0.9944805925498827,1,6,1.0
33,Private,202373,Assoc-voc,11,Never-married,Craft-repair,Own-child,Black,Male,8205,0,55,United-States,0,0.9128149092779205,1,6,1.0
35,Private,288771,Some-college,10,Never-married,Adm-clerical,Not-in-family,White,Female,1482,0,45,United-States,0,0.005774712935682384,0,6,1.0
47,Private,285000,Bachelors,13,Never-married,Prof-specialty,Not-in-family,White,Male,3815,0,60,United-States,0,0.04702085491011958,0,6,1.0
48,Private,137527,Bachelors,13,Never-married,Adm-clerical,Not-in-family,White,Female,4772,0,65,United-States,0,0.91435078866506,1,6,1.0
50,Private,81846,Masters,14,Married-civ-spouse,Prof-specialty,Husband,Asian-Pac-Islander,Male,3005,0,55,China,0,0.43254690844743166,0,6,1.0
35,Private,139187,11th,7,Never-married,Handlers-cleaners,Own-child,White,Male,7668,0,65,United-States,0,0.8387245787072225,1,6,1.0
52,Private,148316,HS-grad,9,Married-civ-spouse,Craft-repair,Husband,White,Male,305,0,55,United-States,0,0.11045135309002709,0,6,1.0
47,Private,165767,Some-college,10,Married-civ-spouse,Machine-op-inspct,Husband,White,Male,779,0,55,United-States,0,0.17482148748642798,0,6,1.0
38,Private,160261,Masters,14,Never-married,Prof-specialty,Not-in-family,Asian-Pac-Islander,Male,7718,0,35,India,0,0.8976591855031338,1,6,1.0
40,Private,38309,Assoc-voc,11,Married-civ-spouse,Adm-clerical,Husband,White,Male,16058,0,55,United-States,0,0.9990489305050623,1,6,1.0
73,Self-emp-inc,66614,HS-grad,9,Married-civ-spouse,Craft-repair,Husband,White,Male,6570,0,55,United-States,0,0.8689975012548162,1,6,1.0
63,Private,169364,Some-college,10,Divorced,Handlers-cleaners,Not-in-family,White,Female,9268,0,55,Ireland,0,0.9952669312099435,1,6,1.0
90,Self-emp-inc,120796,HS-grad,9,Married-civ-spouse,Exec-managerial,Husband,White,Male,8067,0,55,United-States,0,0.9818411950514028,1,6,1.0
59,Private,152073,HS-grad,9,Divorced,Machine-op-inspct,Unmarried,White,Female,8227,0,55,United-States,0,0.9511149620283075,1,6,1.0
73,,229744,1st-4th,2,Married-civ-spouse,,Husband,White,Male,16575,0,35,Mexico,0,0.9722209477026866,1,6,1.0
38,Private,39092,Some-college,10,Married-civ-spouse,Exec-managerial,Husband,White,Male,6520,0,65,United-States,0,0.9898469389848525,1,6,1.0
57,Private,111979,HS-grad,9,Married-civ-spouse,Handlers-cleaners,Husband,White,Male,3514,0,55,United-States,0,0.04186702154667766,0,6,1.0
56,Private,245317,HS-grad,9,Married-civ-spouse,Transport-moving,Husband,White,Male,14703,0,55,United-States,0,0.9990105818289787,1,6,1.0
54,Self-emp-not-inc,184378,Some-college,10,Married-civ-spouse,Prof-specialty,Husband,White,Male,7680,0,55,United-States,0,0.9985660735166785,1,6,1.0
61,Private,211005,Some-college,10,Married-civ-spouse,Machine-op-inspct,Husband,Black,Male,3715,0,75,United-States,0,0.1030617405207588,0,6,1.0
41,Private,349154,10th,6,Separated,Farming-fishing,Unmarried,White,Female,8760,0,55,Guatemala,0,0.9866255676856656,1,6,1.0
58,Private,109227,Some-college,10,Divorced,Exec-managerial,Unmarried,White,Female,3534,0,85,United-States,0,0.02277944567986698,0,6,1.0
70,Private,299991,11th,7,Divorced,Adm-clerical,Not-in-family,White,Female,7583,0,55,United-States,0,0.8466967311038206,1,6,1.0
74,Private,77884,5th-6th,3,Married-civ-spouse,Farming-fishing,Husband,Asian-Pac-Islander,Male,1869,0,55,Philippines,0,0.021790015371793345,0,6,1.0
33,,123983,Some-college,10,Never-married,,Own-child,Other,Male,13450,0,35,United-States,0,0.995082277918839,1,6,1.0
40,Private,189346,HS-grad,9,Divorced,Handlers-cleaners,Own-child,White,Male,8020,0,55,United-States,0,0.9380854682941814,1,6,1.0
35,,283806,9th,5,Divorced,,Not-in-family,White,Female,5163,0,50,United-States,0,0.03139793008818543,0,6,1.0
71,Self-emp-not-inc,80467,HS-grad,9,Divorced,Other-service,Own-child,White,Female,12173,0,39,United-States,0,0.9873691935348036,1,6,1.0
68,Self-emp-not-inc,254711,HS-grad,9,Married-civ-spouse,Sales,Husband,White,Male,14638,0,35,United-States,0,0.9798803022915945,1,6,1.0
53,Self-emp-not-inc,239061,Masters,14,Widowed,Prof-specialty,Not-in-family,White,Female,13569,0,35,United-States,0,0.9982299936575232,1,6,1.0
33,Private,62339,10th,6,Never-married,Handlers-cleaners,Not-in-family,White,Male,9406,0,55,United-States,0,0.9957314528627786,1,6,1.0
34,Private,882849,Bachelors,13,Never-married,Other-service,Own-child,White,Male,2873,0,50,United-States,0,0.018591886403079814,0,6,1.0
40,Private,144833,Some-college,10,Married-civ-spouse,Handlers-cleaners,Husband,White,Male,10209,0,55,United-States,0,0.9978407858784425,1,6,1.0
55,Self-emp-not-inc,204235,Bachelors,13,Married-civ-spouse,Sales,Husband,White,Male,3037,0,65,United-States,1,0.30516140930279007,0,6,1.0
47,Private,334291,Some-college,10,Married-civ-spouse,Craft-repair,Husband,White,Male,12363,0,65,United-States,0,0.9992153976323748,1,6,1.0
49,Private,201259,11th,7,Divorced,Transport-moving,Not-in-family,White,Male,5657,0,80,United-States,0,0.3148395366555357,0,6,1.0
48,Private,115360,10th,6,Married-civ-spouse,Machine-op-inspct,Own-child,White,Female,16303,0,55,United-States,0,0.9961202578190852,1,6,1.0
39,Private,185647,HS-grad,9,Married-civ-spouse,Machine-op-inspct,Husband,White,Male,9800,0,65,United-States,1,0.998686280886949,1,6,1.0
63,Private,145714,Masters,14,Married-civ-spouse,Exec-managerial,Husband,White,Male,99999,0,65,,1,0.9964896547325589,1,6,1.0
32,Private,147344,Some-college,10,Never-married,Handlers-cleaners,Own-child,White,Male,2694,0,35,United-States,0,0.002781086256407176,0,6,1.0
74,Self-emp-not-inc,243733,Masters,14,Married-civ-spouse,Prof-specialty,Husband,White,Male,21389,0,85,United-States,1,0.9837937279841442,1,6,1.0
84,Private,89299,HS-grad,9,Divorced,Other-service,Not-in-family,White,Female,6364,0,31,United-States,0,0.02895711032806081,0,6,1.0
36,Private,196678,Preschool,1,Never-married,Machine-op-inspct,Own-child,White,Female,6922,0,45,United-States,0,0.0062825437918430805,0,6,1.0
50,Federal-gov,48123,Some-college,10,Divorced,Exec-managerial,Not-in-family,White,Female,9783,0,55,United-States,0,0.9979779629865185,1,6,1.0
45,Local-gov,156464,Masters,14,Married-civ-spouse,Exec-managerial,Husband,White,Male,183,0,55,United-States,0,0.39746399673537325,0,6,1.0
43,Private,106753,Assoc-voc,11,Married-civ-spouse,Craft-repair,Husband,White,Male,883,1740,55,United-States,0,0.0022503485758523026,0,6,1.0
38,Private,134004,Some-college,10,Married-civ-spouse,Exec-managerial,Wife,White,Female,14973,0,55,United-States,0,0.9989198980225307,1,6,1.0
35,Private,113601,Some-college,10,Never-married,Handlers-cleaners,Own-child,White,Male,13262,0,45,United-States,0,0.9939547632083832,1,6,1.0
35,Private,174461,HS-grad,9,Never-married,Other-service,Not-in-family,White,Female,4315,0,55,United-States,0,0.11803308666002359,0,6,1.0
55,Private,104660,Bachelors,13,Separated,Prof-specialty,Unmarried,White,Male,1562,0,60,United-States,0,0.06332909584601502,0,6,1.0
47,Private,143231,Assoc-voc,11,Married-civ-spouse,Adm-clerical,Husband,White,Male,304,0,59,United-States,1,0.15769115048654148,0,6,1.0
49,Private,233490,HS-grad,9,Never-married,Farming-fishing,Not-in-family,White,Male,4292,0,65,United-States,0,0.2646771029257673,0,6,1.0
48,Private,228652,Some-college,10,Divorced,Machine-op-inspct,Own-child,Other,Male,6160,0,55,Mexico,0,0.26314634186914687,0,6,1.0
84,Private,132753,Some-college,10,Married-civ-spouse,Adm-clerical,Husband,White,Male,2545,0,30,United-States,0,0.026262880473506774,0,6,1.0
59,Self-emp-not-inc,26145,Assoc-voc,11,Married-civ-spouse,Sales,Husband,White,Male,6,0,55,United-States,1,0.6626403475855125,1,6,1.0
38,Private,366219,HS-grad,9,Married-civ-spouse,Craft-repair,Husband,Black,Male,13157,1848,75,United-States,1,0.9995047652900906,1,6,1.0
90,,368925,5th-6th,3,Widowed,,Not-in-family,White,Male,4012,0,30,United-States,0,0.003967636210820331,0,6,1.0
43,Private,75755,Bachelors,13,Never-married,Prof-specialty,Not-in-family,White,Male,8407,0,65,United-States,1,0.9976677611035962,1,6,1.0
37,State-gov,153534,Some-college,10,Married-civ-spouse,Protective-serv,Husband,White,Male,6857,0,55,United-States,0,0.9602790812216965,1,6,1.0
32,Private,243878,Some-college,10,Never-married,Craft-repair,Own-child,White,Male,2928,0,55,United-States,0,0.009181461904518221,0,6,1.0
49,Federal-gov,254202,Masters,14,Never-married,Exec-managerial,Not-in-family,White,Female,30128,0,65,United-States,1,0.9987762245154527,1,6,1.0
51,Private,126569,HS-grad,9,Never-married,Craft-repair,Not-in-family,White,Male,7144,0,55,Poland,0,0.8464365942356584,1,6,1.0
29,Local-gov,148194,11th,7,Never-married,Adm-clerical,Own-child,White,Female,3376,0,27,United-States,0,0.0015191523011947115,0,6,1.0
72,Private,173960,Bachelors,13,Divorced,Prof-specialty,Not-in-family,White,Female,2344,0,57,United-States,0,0.04546625356993674,0,6,1.0
41,Private,103634,11th,7,Married-civ-spouse,Other-service,Husband,White,Male,14424,0,55,United-States,0,0.9987444831383131,1,6,1.0
84,Private,426562,11th,7,Divorced,Other-service,Not-in-family,Black,Female,7995,0,50,United-States,0,0.8944221324579669,1,6,1.0
53,Private,55395,Some-college,10,Married-spouse-absent,Other-service,Unmarried,White,Male,12143,0,55,United-States,0,0.9983169041878699,1,6,1.0
90,Private,51744,HS-grad,9,Never-married,Other-service,Not-in-family,Black,Male,13952,2206,55,United-States,0,0.9965231256536119,1,6,1.0
30,Private,317425,11th,7,Never-married,Other-service,Own-child,Black,Male,13734,0,22,United-States,0,0.9800190445745012,1,6,1.0
70,Local-gov,81132,HS-grad,9,Married-civ-spouse,Handlers-cleaners,Husband,Asian-Pac-Islander,Male,4526,0,95,Philippines,1,0.1287349472027294,0,6,1.0
32,,316304,Some-college,10,Never-married,,Own-child,White,Male,2704,0,55,United-States,0,0.006258072708701339,0,6,1.0
44,Private,164243,HS-grad,9,Married-civ-spouse,Tech-support,Husband,White,Male,14123,0,75,United-States,1,0.9992171409752632,1,6,1.0
47,Private,24126,Some-college,10,Divorced,Exec-managerial,Unmarried,White,Female,8883,0,55,United-States,0,0.9833060620682208,1,6,1.0
35,Private,145389,Some-college,10,Married-civ-spouse,Sales,Wife,White,Female,2625,0,55,United-States,0,0.0859140217336373,0,6,1.0
49,Private,298539,HS-grad,9,Married-civ-spouse,Exec-managerial,Husband,White,Male,3174,1902,70,United-States,1,0.7907306730083813,1,6,1.0
68,Private,28297,9th,5,Married-civ-spouse,Craft-repair,Husband,White,Male,2715,0,55,United-States,0,0.05033206796225549,0,6,1.0
58,Private,328216,HS-grad,9,Married-civ-spouse,Craft-repair,Husband,White,Male,291,0,55,United-States,1,0.10476645616173222,0,6,1.0
60,Self-emp-inc,155664,Prof-school,15,Married-civ-spouse,Prof-specialty,Husband,White,Male,2510,0,75,United-States,1,0.4040984624442708,0,6,1.0
55,Private,193494,Some-college,10,Married-civ-spouse,Prof-specialty,Husband,White,Male,10955,0,55,United-States,0,0.999060168046763,1,6,1.0
36,,32616,Bachelors,13,Divorced,,Not-in-family,White,Female,7076,0,55,United-States,0,0.4799967476170651,0,6,1.0
52,Private,255675,Some-college,10,Married-civ-spouse,Prof-specialty,Husband,White,Male,3289,0,55,United-States,1,0.11187100945807983,0,6,1.0
50,Private,131461,9th,5,Married-civ-spouse,Other-service,Wife,Black,Female,12966,0,39,Haiti,0,0.9988047186990809,1,6,1.0
52,Federal-gov,75313,Bachelors,13,Married-civ-spouse,Prof-specialty,Husband,White,Male,15347,0,81,United-States,1,0.9986166328337474,1,6,1.0
45,Private,34572,HS-grad,9,Married-civ-spouse,Sales,Husband,White,Male,8844,0,55,United-States,0,0.9983246669387968,1,6,1.0
31,Private,323054,HS-grad,9,Never-married,Sales,Not-in-family,Asian-Pac-Islander,Male,4018,0,45,United-States,0,0.011445283884881113,0,6,1.0
58,Private,172581,Bachelors,13,Married-civ-spouse,Exec-managerial,Husband,White,Male,10569,1902,65,United-States,1,0.997892927326912,1,6,1.0
52,Private,193882,HS-grad,9,Married-civ-spouse,Exec-managerial,Husband,White,Male,1586,0,60,United-States,1,0.1862003798564413,0,6,1.0
38,Private,189219,Assoc-acdm,12,Never-married,Adm-clerical,Not-in-family,White,Female,4297,0,23,United-States,0,0.04550954815118372,0,6,1.0
43,Private,319146,Assoc-voc,11,Married-civ-spouse,Craft-repair,Husband,White,Male,12305,0,55,Mexico,1,0.9987062464197353,1,6,1.0
49,Self-emp-not-inc,187411,Bachelors,13,Married-civ-spouse,Transport-moving,Husband,White,Male,13207,0,65,,0,0.9988913058250583,1,6,1.0
59,Local-gov,352614,Assoc-acdm,12,Married-civ-spouse,Protective-serv,Husband,White,Male,6046,0,55,United-States,1,0.9943666226439138,1,6,1.0
40,Private,37302,HS-grad,9,Divorced,Exec-managerial,Own-child,White,Male,5542,0,55,United-States,0,0.14288009416001202,0,6,1.0
74,Local-gov,242341,Some-college,10,Divorced,Prof-specialty,Not-in-family,Amer-Indian-Eskimo,Male,3004,0,55,United-States,0,0.03717548873714449,0,6,1.0
54,Private,178134,Some-college,10,Divorced,Adm-clerical,Not-in-family,White,Female,273,0,45,United-States,0,0.00791381201012332,0,6,1.0
65,Federal-gov,117847,Assoc-acdm,12,Married-civ-spouse,Adm-clerical,Husband,White,Male,12103,0,55,United-States,0,0.9926737657374367,1,6,1.0
71,Private,193335,HS-grad,9,Married-civ-spouse,Craft-repair,Husband,White,Male,1928,0,55,United-States,1,0.07921842420222988,0,6,1.0
41,Private,499197,Some-college,10,Married-civ-spouse,Prof-specialty,Husband,White,Male,929,0,55,United-States,0,0.1645136883874539,0,6,1.0
49,,48915,HS-grad,9,Never-married,,Not-in-family,White,Male,3276,0,50,United-States,0,0.01434983762310384,0,6,1.0
59,Self-emp-inc,154174,HS-grad,9,Married-civ-spouse,Craft-repair,Husband,White,Male,6315,0,75,United-States,1,0.9908950566538149,1,6,1.0
65,Private,158746,Some-college,10,Married-civ-spouse,Tech-support,Husband,White,Male,3103,0,55,United-States,0,0.9685586830938113,1,6,1.0
61,Local-gov,452402,Bachelors,13,Married-civ-spouse,Prof-specialty,Wife,Black,Female,18880,0,50,United-States,1,0.9920745172087307,1,6,1.0
46,Private,37210,HS-grad,9,Never-married,Adm-clerical,Own-child,White,Male,13932,0,65,United-States,0,0.9973657726378318,1,6,1.0
39,Private,177955,Bachelors,13,Never-married,Tech-support,Own-child,White,Female,11168,0,55,Mexico,0,0.994570453259032,1,6,1.0
63,Private,355551,HS-grad,9,Never-married,Craft-repair,Unmarried,White,Female,6235,0,60,Mexico,0,0.10715904159002675,0,6,1.0
37,Private,298225,Some-college,10,Married-civ-spouse,Transport-moving,Husband,White,Male,9820,0,50,United-States,0,0.9985988515284612,1,6,1.0
35,Private,203203,Bachelors,13,Never-married,Prof-specialty,Not-in-family,White,Female,5094,0,55,United-States,0,0.44643686255279125,0,6,1.0
51,Private,387430,HS-grad,9,Never-married,Other-service,Not-in-family,White,Male,3976,0,33,United-States,0,0.005584361700524379,0,6,1.0
69,Private,173796,HS-grad,9,Married-civ-spouse,Transport-moving,Husband,White,Male,4610,1887,55,United-States,1,0.9519057881428004,1,6,1.0
31,Private,172368,11th,7,Never-married,Transport-moving,Own-child,White,Male,12363,0,35,United-States,0,0.9943916394388996,1,6,1.0
37,State-gov,104097,Masters,14,Never-married,Exec-managerial,Not-in-family,White,Male,303,0,55,United-States,0,0.06730943842344239,0,6,1.0
46,Private,225548,Bachelors,13,Married-civ-spouse,Protective-serv,Husband,Black,Male,542,0,45,United-States,0,0.25549877316157177,0,6,1.0
40,Private,180007,Some-college,10,Never-married,Handlers-cleaners,Own-child,White,Male,2122,0,55,United-States,0,0.016636014356465185,0,6,1.0
33,Private,331611,Some-college,10,Married-civ-spouse,Other-service,Husband,White,Male,3641,0,65,United-States,0,0.034735772694743684,0,6,1.0
32,Private,197752,Some-college,10,Never-married,Craft-repair,Unmarried,White,Male,4794,0,55,United-States,0,0.8799073266216436,1,6,1.0
82,Self-emp-not-inc,92353,11th,7,Married-civ-spouse,Farming-fishing,Husband,White,Male,2225,0,55,United-States,0,0.01417056853563194,0,6,1.0
59,Private,248059,Some-college,10,Married-civ-spouse,Other-service,Husband,White,Male,7805,0,62,United-States,1,0.9983907384849744,1,6,1.0
44,Self-emp-inc,343872,Some-college,10,Married-civ-spouse,Transport-moving,Husband,Black,Male,4720,0,50,Haiti,0,0.7730693250320717,1,6,1.0
32,Private,378546,HS-grad,9,Never-married,Craft-repair,Own-child,White,Male,9530,0,40,United-States,0,0.9948716364795164,1,6,1.0
57,Self-emp-not-inc,155489,7th-8th,4,Married-civ-spouse,Exec-managerial,Husband,White,Male,6393,0,80,United-States,1,0.9883685279011908,1,6,1.0
30,Private,228216,HS-grad,9,Never-married,Handlers-cleaners,Own-child,White,Male,3255,0,35,United-States,0,0.0014054710160598094,0,6,1.0
55,Private,124436,Some-college,10,Married-civ-spouse,Prof-specialty,Wife,White,Female,8356,0,55,United-States,1,0.9982841934153454,1,6,1.0
68,Self-emp-inc,32316,12th,8,Widowed,Exec-managerial,Not-in-family,White,Female,1067,0,55,United-States,0,0.013502932366789015,0,6,1.0
73,,198686,Assoc-acdm,12,Married-civ-spouse,,Husband,White,Male,4944,0,17,United-States,1,0.10376175990667165,0,6,1.0
77,Self-emp-inc,178771,HS-grad,9,Married-civ-spouse,Exec-managerial,Husband,White,Male,10522,0,55,United-States,0,0.890234827610412,1,6,1.0
39,Private,50818,Masters,14,Never-married,Tech-support,Not-in-family,White,Male,5857,0,70,United-States,0,0.10360474650781344,0,6,1.0
39,Private,152683,HS-grad,9,Married-civ-spouse,Transport-moving,Husband,White,Male,7717,0,50,United-States,0,0.9983943171418651,1,6,1.0
31,Private,198459,HS-grad,9,Never-married,Adm-clerical,Own-child,White,Male,2956,2001,55,United-States,0,0.0031865948576722957,0,6,1.0
77,Self-emp-not-inc,167414,HS-grad,9,Married-civ-spouse,Exec-managerial,Husband,White,Male,13579,0,74,United-States,1,0.9870303292532806,1,6,1.0
37,Private,295919,Assoc-acdm,12,Never-married,Adm-clerical,Unmarried,White,Female,2343,0,55,United-States,0,0.009498932091909428,0,6,1.0
50,Private,180303,Bachelors,13,Married-civ-spouse,Exec-managerial,Husband,Asian-Pac-Islander,Male,14784,0,65,Japan,1,0.9992134734876755,1,6,1.0
88,Self-emp-not-inc,130585,Some-college,10,Married-civ-spouse,Other-service,Wife,White,Female,5634,0,27,United-States,0,0.9561112296523491,1,6,1.0
63,Private,56915,HS-grad,9,Married-civ-spouse,Craft-repair,Husband,Amer-Indian-Eskimo,Male,7778,0,55,United-States,0,0.9769376498505483,1,6,1.0
70,Private,183870,HS-grad,9,Divorced,Adm-clerical,Not-in-family,White,Female,9881,0,55,United-States,0,0.9942015900910648,1,6,1.0
44,Private,184833,10th,6,Separated,Craft-repair,Unmarried,White,Female,4660,0,55,United-States,0,0.03624958984751932,0,6,1.0
59,Private,26994,Some-college,10,Divorced,Adm-clerical,Not-in-family,White,Female,12179,0,50,United-States,0,0.997834824200555,1,6,1.0
52,Private,438427,Some-college,10,Never-married,Sales,Not-in-family,Black,Female,5778,0,55,United-States,0,0.33974377418957225,0,6,1.0
37,Private,197036,10th,6,Never-married,Craft-repair,Own-child,White,Male,33,0,55,United-States,0,0.008110014173810695,0,6,1.0
51,Local-gov,455399,HS-grad,9,Married-civ-spouse,Protective-serv,Husband,Black,Male,28178,0,55,United-States,1,0.9991945870944372,1,6,1.0
62,Self-emp-inc,193720,HS-grad,9,Married-civ-spouse,Exec-managerial,Husband,White,Male,14655,0,85,Greece,1,0.9900016209889538,1,6,1.0
67,Self-emp-not-inc,168625,Some-college,10,Divorced,Tech-support,Not-in-family,White,Female,7387,0,27,United-States,1,0.8205730381940878,1,6,1.0
88,Federal-gov,25319,Masters,14,Widowed,Prof-specialty,Not-in-family,White,Female,10554,0,30,United-States,0,0.9866173534698257,1,6,1.0
71,Private,193895,Some-college,10,Widowed,Adm-clerical,Not-in-family,White,Female,3215,0,50,United-States,0,0.012963914405807004,0,6,1.0
49,Private,265737,Some-college,10,Married-civ-spouse,Exec-managerial,Husband,Black,Male,239,1887,75,Cuba,1,0.8039898339127507,1,6,1.0
41,Private,352451,HS-grad,9,Never-married,Machine-op-inspct,Unmarried,Black,Female,784,0,55,United-States,0,0.004354842838968517,0,6,1.0
55,Self-emp-not-inc,126320,HS-grad,9,Married-civ-spouse,Exec-managerial,Husband,Black,Male,8102,0,55,United-States,1,0.9982032349430174,1,6,1.0
43,Private,19491,Some-college,10,Never-married,Craft-repair,Not-in-family,White,Male,4425,0,55,United-States,0,0.09076531918574812,0,6,1.0
60,Private,127738,9th,5,Divorced,Transport-moving,Not-in-family,White,Male,10884,0,55,United-States,0,0.9983851796452667,1,6,1.0
74,Private,122033,HS-grad,9,Widowed,Adm-clerical,Not-in-family,White,Female,553,0,53,United-States,0,0.010442763115115841,0,6,1.0
48,Private,66173,Bachelors,13,Never-married,Adm-clerical,Not-in-family,White,Female,1782,0,65,United-States,0,0.018871171982648753,0,6,1.0
68,Self-emp-not-inc,144351,HS-grad,9,Married-civ-spouse,Transport-moving,Husband,White,Male,14945,0,99,United-States,0,0.9713450733578004,1,6,1.0
47,Private,407913,HS-grad,9,Separated,Other-service,Not-in-family,Black,Male,11185,0,55,United-States,0,0.9981567636718187,1,6,1.0
36,Private,228649,HS-grad,9,Never-married,Transport-moving,Own-child,White,Male,10967,0,55,United-States,0,0.9971094200732373,1,6,1.0
63,Self-emp-not-inc,240358,Some-college,10,Married-civ-spouse,Craft-repair,Husband,White,Male,11937,0,35,United-States,0,0.9763805945989065,1,6,1.0
60,Federal-gov,50459,HS-grad,9,Divorced,Other-service,Unmarried,White,Male,10654,0,55,United-States,0,0.9982950789213171,1,6,1.0
53,Local-gov,42346,Some-college,10,Divorced,Other-service,Not-in-family,Black,Female,10301,0,39,United-States,0,0.98451596179014,1,6,1.0
64,Private,146767,HS-grad,9,Married-civ-spouse,Machine-op-inspct,Husband,White,Male,14301,0,55,United-States,1,0.9771786422588173,1,6,1.0
35,Private,220993,HS-grad,9,Married-civ-spouse,Sales,Not-in-family,Black,Male,8069,0,75,United-States,0,0.9948599917296987,1,6,1.0
54,Self-emp-not-inc,133584,Some-college,10,Married-civ-spouse,Craft-repair,Husband,White,Male,12422,0,55,El-Salvador,0,0.9989764071851805,1,6,1.0
31,Private,119075,Some-college,10,Never-married,Handlers-cleaners,Own-child,White,Male,5390,0,65,United-States,0,0.08841776353409923,0,6,1.0
37,Private,385646,HS-grad,9,Never-married,Farming-fishing,Own-child,White,Male,10932,0,55,United-States,0,0.9955802390136027,1,6,1.0
69,Private,75673,Some-college,10,Widowed,Adm-clerical,Unmarried,Asian-Pac-Islander,Female,5313,0,55,United-States,0,0.15572288188307867,0,6,1.0
51,Local-gov,178100,Masters,14,Divorced,Prof-specialty,Unmarried,White,Female,7343,0,55,United-States,0,0.9283064324946185,1,6,1.0
35,Private,173535,HS-grad,9,Never-married,Sales,Own-child,White,Male,7745,0,55,United-States,0,0.9126770070139086,1,6,1.0
75,Private,137192,Bachelors,13,Married-civ-spouse,Craft-repair,Husband,Asian-Pac-Islander,Male,12937,0,55,South,0,0.9897393721836539,1,6,1.0
55,Private,300528,Some-college,10,Married-civ-spouse,Transport-moving,Husband,White,Male,9706,0,55,United-States,0,0.9985513056869874,1,6,1.0
33,Private,131230,Some-college,10,Never-married,Tech-support,Own-child,White,Male,8905,0,45,United-States,0,0.9950808128532305,1,6,1.0
62,Private,34067,Assoc-voc,11,Married-civ-spouse,Exec-managerial,Husband,White,Male,2617,0,65,United-States,1,0.22057546314716886,0,6,1.0
42,Federal-gov,49398,Bachelors,13,Married-civ-spouse,Prof-specialty,Husband,White,Male,7253,0,55,United-States,1,0.9980344140408193,1,6,1.0
76,Private,312498,Bachelors,13,Married-civ-spouse,Sales,Husband,White,Male,9848,0,55,United-States,0,0.9834022836081258,1,6,1.0
62,Local-gov,124076,Bachelors,13,Married-civ-spouse,Prof-specialty,Wife,White,Female,14005,0,55,United-States,1,0.9939285692092538,1,6,1.0
36,Private,177287,Some-college,10,Never-married,Handlers-cleaners,Own-child,White,Female,7208,0,45,United-States,0,0.8136857890173754,1,6,1.0
64,Self-emp-inc,311259,HS-grad,9,Married-civ-spouse,Sales,Husband,White,Male,13584,0,55,United-States,1,0.9847194711717603,1,6,1.0
36,Private,187937,Bachelors,13,Never-married,Prof-specialty,Unmarried,White,Female,10182,0,55,United-States,0,0.9953758589522542,1,6,1.0
82,Private,118902,Bachelors,13,Married-civ-spouse,Adm-clerical,Husband,White,Male,11599,0,55,Scotland,0,0.9896348860582922,1,6,1.0
38,Private,102264,Some-college,10,Never-married,Craft-repair,Not-in-family,White,Male,11789,0,55,United-States,0,0.9986289140113523,1,6,1.0
41,Private,319998,9th,5,Married-civ-spouse,Craft-repair,Husband,White,Male,14021,0,55,United-States,0,0.998930181413439,1,6,1.0
65,Private,124963,HS-grad,9,Divorced,Handlers-cleaners,Not-in-family,White,Male,6919,0,55,United-States,0,0.037321962458280546,0,6,1.0
38,Private,311497,Bachelors,13,Never-married,Exec-managerial,Not-in-family,White,Female,14959,0,55,United-States,0,0.9987819812695298,1,6,1.0
45,Private,168030,HS-grad,9,Divorced,Other-service,Unmarried,White,Female,502,0,47,United-States,0,0.014085118218823628,0,6,1.0
37,Private,181814,Some-college,10,Never-married,Adm-clerical,Other-relative,White,Female,6530,0,55,United-States,0,0.10453367546037039,0,6,1.0
56,Federal-gov,251305,Assoc-acdm,12,Married-civ-spouse,Adm-clerical,Husband,White,Male,11582,0,55,United-States,1,0.9991798001816709,1,6,1.0
67,Private,125000,Prof-school,15,Married-civ-spouse,Exec-managerial,Husband,White,Male,2020,0,75,United-States,1,0.4038197945914873,0,6,1.0
44,Federal-gov,44777,HS-grad,9,Separated,Machine-op-inspct,Not-in-family,Black,Male,268,0,61,United-States,0,0.009408993539578869,0,6,1.0
49,,172256,Some-college,10,Married-civ-spouse,,Husband,White,Male,11562,0,35,United-States,0,0.998850065368586,1,6,1.0
52,Self-emp-inc,207578,HS-grad,9,Married-civ-spouse,Adm-clerical,Husband,White,Male,1066,0,65,United-States,1,0.09628182553890481,0,6,1.0
30,Private,39222,11th,7,Never-married,Handlers-cleaners,Own-child,White,Male,84,0,45,United-States,0,0.0028689842110593126,0,6,1.0
39,Private,189565,Doctorate,16,Married-civ-spouse,Prof-specialty,Husband,White,Male,457,0,55,United-States,1,0.38840161309463667,0,6,1.0
32,Private,332931,Some-college,10,Never-married,Other-service,Own-child,White,Female,4574,0,55,United-States,0,0.02631497175983692,0,6,1.0
75,Private,216413,Bachelors,13,Widowed,Adm-clerical,Not-in-family,White,Female,12700,0,40,United-States,0,0.997278723429976,1,6,1.0
71,Private,135617,11th,7,Married-civ-spouse,Craft-repair,Husband,White,Male,11682,0,55,United-States,0,0.9771665089143516,1,6,1.0
38,Private,151810,10th,6,Never-married,Farming-fishing,Not-in-family,Black,Male,4270,0,55,United-States,0,0.08800760456782591,0,6,1.0
40,Private,126743,5th-6th,3,Never-married,Other-service,Other-relative,White,Male,5355,0,67,Mexico,0,0.09018631296806806,0,6,1.0
61,Federal-gov,168232,HS-grad,9,Married-civ-spouse,Adm-clerical,Husband,White,Male,12716,0,55,United-States,1,0.9830542956437544,1,6,1.0
46,Private,275771,HS-grad,9,Divorced,Exec-managerial,Unmarried,White,Female,13905,0,65,United-States,0,0.9909090347179736,1,6,1.0
50,Private,108140,Bachelors,13,Never-married,Exec-managerial,Not-in-family,White,Male,2954,0,60,United-States,0,0.10601317303322919,0,6,1.0
36,Self-emp-inc,189148,Some-college,10,Never-married,Transport-moving,Own-child,White,Male,8681,0,55,United-States,0,0.995613727479606,1,6,1.0
31,Private,175820,11th,7,Never-married,Handlers-cleaners,Own-child,White,Male,4824,0,40,United-States,0,0.6210657434261267,0,6,1.0
38,Private,292692,12th,8,Never-married,Craft-repair,Not-in-family,White,Male,2672,0,55,Mexico,0,0.00781898310494689,0,6,1.0
39,Private,42734,Some-college,10,Never-married,Other-service,Not-in-family,White,Male,13646,0,40,United-States,0,0.9980211084728656,1,6,1.0
59,Local-gov,140644,Some-college,10,Married-civ-spouse,Protective-serv,Husband,White,Male,9146,0,55,United-States,1,0.9987891752043994,1,6,1.0
62,Private,124963,Bachelors,13,Married-civ-spouse,Exec-managerial,Husband,White,Male,99999,0,70,United-States,1,0.9963882924636649,1,6,1.0
63,Self-emp-not-inc,186845,Bachelors,13,Married-civ-spouse,Farming-fishing,Husband,White,Male,5363,0,23,United-States,0,0.8922564066295995,1,6,1.0
39,Private,399123,HS-grad,9,Never-married,Handlers-cleaners,Other-relative,Black,Male,11380,1719,55,United-States,0,0.9941870142394289,1,6,1.0
67,Private,186479,HS-grad,9,Married-civ-spouse,Exec-managerial,Husband,White,Male,6732,0,55,United-States,0,0.8703456322154383,1,6,1.0
72,Self-emp-inc,328011,Some-college,10,Married-civ-spouse,Craft-repair,Husband,White,Male,10491,0,35,United-States,0,0.79740491321793,1,6,1.0
29,Private,176467,9th,5,Never-married,Transport-moving,Not-in-family,White,Male,11404,0,35,United-States,0,0.9975695230102233,1,6,1.0
46,Federal-gov,117362,HS-grad,9,Divorced,Other-service,Not-in-family,White,Female,12538,0,55,United-States,0,0.9982494007747608,1,6,1.0
44,,161309,Prof-school,15,Married-civ-spouse,,Wife,White,Female,28812,0,65,United-States,1,0.9990903062198617,1,6,1.0
33,Private,164920,Some-college,10,Never-married,Other-service,Own-child,White,Female,9278,0,55,United-States,0,0.995519586930832,1,6,1.0
42,Private,159323,Some-college,10,Divorced,Sales,Unmarried,White,Female,4487,0,80,Canada,0,0.16074074669588087,0,6,1.0
33,Private,209483,Some-college,10,Never-married,Sales,Own-child,White,Female,6179,0,35,United-States,0,0.06798219059044214,0,6,1.0
58,Private,108699,Some-college,10,Divorced,Sales,Not-in-family,White,Female,5350,0,55,United-States,0,0.22717414940265826,0,6,1.0
56,State-gov,174325,Masters,14,Married-civ-spouse,Prof-specialty,Husband,Black,Male,8953,0,55,United-States,1,0.9986931218968674,1,6,1.0
40,Private,141350,Bachelors,13,Married-civ-spouse,Exec-managerial,Husband,White,Male,9911,0,60,United-States,0,0.9988320176107616,1,6,1.0
48,Federal-gov,72338,Bachelors,13,Married-civ-spouse,Prof-specialty,Husband,Asian-Pac-Islander,Male,2772,0,55,United-States,1,0.4812616620945597,0,6,1.0
82,Self-emp-not-inc,205860,Masters,14,Married-civ-spouse,Exec-managerial,Husband,Black,Male,10288,0,55,United-States,0,0.9696341065163787,1,6,1.0
65,Private,290640,HS-grad,9,Married-civ-spouse,Other-service,Husband,White,Male,8544,0,65,Germany,1,0.9708079746832974,1,6,1.0
34,Private,135716,HS-grad,9,Married-civ-spouse,Handlers-cleaners,Husband,White,Male,10639,0,55,United-States,0,0.9982816055909901,1,6,1.0
42,Private,230224,Bachelors,13,Never-married,Exec-managerial,Not-in-family,White,Male,14878,0,70,United-States,1,0.9988840707329218,1,6,1.0
41,Private,113870,1st-4th,2,Married-civ-spouse,Other-service,Husband,White,Male,4207,0,55,,0,0.01353575845060194,0,6,1.0
50,Private,173858,Bachelors,13,Married-civ-spouse,Exec-managerial,Husband,Asian-Pac-Islander,Male,18182,0,50,China,1,0.9992197983497989,1,6,1.0
68,State-gov,102791,HS-grad,9,Divorced,Adm-clerical,Own-child,White,Female,1608,0,50,United-States,0,0.015902289831489343,0,6,1.0
39,Private,147839,Some-college,10,Never-married,Handlers-cleaners,Not-in-family,White,Male,1059,0,53,United-States,0,0.018599111820869905,0,6,1.0
39,Private,155038,Some-college,10,Never-married,Other-service,Own-child,Black,Male,10130,0,55,United-States,0,0.9936072755742128,1,6,1.0
42,Private,132565,Some-college,10,Never-married,Craft-repair,Unmarried,White,Male,243,0,55,United-States,0,0.031060111055272448,0,6,1.0
52,Private,33895,HS-grad,9,Divorced,Tech-support,Not-in-family,White,Female,2801,0,55,United-States,0,0.01097697516051457,0,6,1.0
51,Private,126161,Doctorate,16,Never-married,Prof-specialty,Not-in-family,White,Male,3632,0,60,United-States,0,0.18528536337513918,0,6,1.0
53,Private,143046,Masters,14,Never-married,Adm-clerical,Not-in-family,White,Female,2199,0,55,United-States,0,0.030483007548301157,0,6,1.0
57,Local-gov,111994,Masters,14,Married-civ-spouse,Prof-specialty,Husband,White,Male,9032,0,55,United-States,1,0.9984274696734942,1,6,1.0
71,Private,217747,HS-grad,9,Married-civ-spouse,Transport-moving,Husband,Black,Male,8513,0,55,United-States,1,0.9774542136970189,1,6,1.0
69,Private,64960,Assoc-voc,11,Married-civ-spouse,Prof-specialty,Husband,White,Male,6125,1902,60,United-States,0,0.9960491693997235,1,6,1.0
90,,42435,10th,6,Widowed,,Not-in-family,White,Male,2672,0,35,United-States,0,0.008105949300839856,0,6,1.0
79,,101761,Some-college,10,Married-civ-spouse,,Husband,White,Male,13449,0,55,United-States,1,0.9886244010776173,1,6,1.0
51,Private,44041,Assoc-acdm,12,Married-spouse-absent,Adm-clerical,Other-relative,White,Male,14934,0,75,United-States,0,0.9974794575174423,1,6,1.0
34,Private,221694,Some-college,10,Never-married,Protective-serv,Not-in-family,White,Male,410,0,75,United-States,0,0.04693957362490457,0,6,1.0
70,Private,199067,Bachelors,13,Divorced,Exec-managerial,Not-in-family,White,Male,8320,0,80,United-States,1,0.9958952693399015,1,6,1.0
59,Private,114459,Doctorate,16,Married-civ-spouse,Prof-specialty,Husband,White,Male,2292,0,65,United-States,1,0.39305012490492536,0,6,1.0
76,,178556,10th,6,Married-civ-spouse,,Husband,White,Male,11125,0,71,United-States,1,0.9840650356857138,1,6,1.0
32,Private,108887,HS-grad,9,Never-married,Machine-op-inspct,Own-child,White,Female,110,0,55,United-States,0,0.00486093567267425,0,6,1.0
46,Private,174789,Some-college,10,Married-civ-spouse,Other-service,Husband,White,Male,2839,0,65,United-States,0,0.06748558732857893,0,6,1.0
40,,230704,HS-grad,9,Never-married,,Not-in-family,Black,Male,5157,0,55,United-States,0,0.12041370711259758,0,6,1.0
40,Private,133937,Bachelors,13,Married-civ-spouse,Adm-clerical,Husband,White,Male,21748,0,70,United-States,1,0.9990362509173846,1,6,1.0
57,,27184,HS-grad,9,Widowed,,Unmarried,White,Female,7264,0,53,United-States,0,0.8145684210387024,1,6,1.0
37,Private,40915,Bachelors,13,Never-married,Exec-managerial,Not-in-family,White,Female,7340,0,55,United-States,1,0.7935122073604284,1,6,1.0
65,Private,299080,Some-college,10,Never-married,Adm-clerical,Unmarried,Black,Female,11896,0,55,United-States,0,0.9962489415758014,1,6,1.0
58,Private,126513,HS-grad,9,Separated,Craft-repair,Unmarried,Black,Female,6195,0,55,,0,0.14177476154620045,0,6,1.0
49,Private,227545,Some-college,10,Married-civ-spouse,Sales,Husband,White,Male,2247,0,59,United-States,1,0.1564980558936413,0,6,1.0
70,Private,94345,HS-grad,9,Married-civ-spouse,Sales,Husband,White,Male,8127,0,55,United-States,0,0.9798460358692507,1,6,1.0
76,Private,631947,10th,6,Married-civ-spouse,Adm-clerical,Husband,White,Male,12817,0,55,United-States,0,0.9761109360512453,1,6,1.0
31,Private,318002,HS-grad,9,Never-married,Adm-clerical,Own-child,White,Male,3544,0,55,United-States,0,0.007503715519077454,0,6,1.0
68,Federal-gov,255386,Some-college,10,Married-civ-spouse,Adm-clerical,Husband,Asian-Pac-Islander,Male,6221,0,55,Laos,0,0.990223625302224,1,6,1.0
61,Federal-gov,89334,Bachelors,13,Married-civ-spouse,Prof-specialty,Husband,White,Male,1762,0,55,United-States,0,0.41109257519946796,0,6,1.0
39,State-gov,136077,Bachelors,13,Never-married,Prof-specialty,Not-in-family,White,Male,10356,0,55,United-States,0,0.99828418684748,1,6,1.0
36,State-gov,138513,Bachelors,13,Never-married,Prof-specialty,Not-in-family,White,Male,7768,0,35,United-States,0,0.889128473726986,1,6,1.0
60,Private,177775,HS-grad,9,Divorced,Exec-managerial,Not-in-family,White,Female,5945,0,55,United-States,0,0.2459403962640169,0,6,1.0
54,Private,44121,Masters,14,Divorced,Prof-specialty,Not-in-family,White,Female,12102,1876,55,United-States,0,0.996014752116427,1,6,1.0
59,Self-emp-inc,308241,HS-grad,9,Married-civ-spouse,Sales,Wife,White,Female,9581,0,55,United-States,0,0.9981586200262185,1,6,1.0
57,Private,34248,HS-grad,9,Married-civ-spouse,Sales,Husband,White,Male,11354,0,65,United-States,0,0.9989631595798948,1,6,1.0
52,Self-emp-not-inc,154076,Assoc-acdm,12,Married-civ-spouse,Exec-managerial,Husband,White,Male,9779,0,75,United-States,0,0.9980870107629309,1,6,1.0
45,Private,157568,HS-grad,9,Married-civ-spouse,Machine-op-inspct,Husband,White,Male,12067,0,55,United-States,0,0.9989741253418102,1,6,1.0
32,Private,193130,Some-college,10,Never-married,Adm-clerical,Own-child,White,Female,8637,0,45,United-States,0,0.9941226287783046,1,6,1.0
63,Private,59840,HS-grad,9,Divorced,Handlers-cleaners,Not-in-family,White,Male,15751,0,55,United-States,0,0.9966022324682254,1,6,1.0
47,Private,89040,HS-grad,9,Married-civ-spouse,Handlers-cleaners,Husband,White,Male,7623,0,55,United-States,1,0.9978783675298963,1,6,1.0
46,Private,176673,Some-college,10,Never-married,Sales,Other-relative,Black,Female,9240,0,50,United-States,0,0.9972587086318676,1,6,1.0
80,Self-emp-not-inc,365020,HS-grad,9,Married-civ-spouse,Sales,Husband,White,Male,5127,0,55,United-States,0,0.9790889850216222,1,6,1.0
65,Local-gov,215990,Some-college,10,Married-civ-spouse,Other-service,Husband,White,Male,5004,0,50,United-States,0,0.05224945502870065,0,6,1.0
59,Local-gov,216586,11th,7,Divorced,Other-service,Not-in-family,Black,Male,11192,0,55,United-States,0,0.99768376925261,1,6,1.0
72,Self-emp-inc,180512,9th,5,Married-civ-spouse,Craft-repair,Husband,White,Male,3880,0,60,United-States,1,0.029306396653701734,0,6,1.0
55,Private,191712,Bachelors,13,Never-married,Adm-clerical,Not-in-family,White,Male,11961,1741,55,United-States,0,0.9963596142153477,1,6,1.0
32,Local-gov,194630,Some-college,10,Never-married,Other-service,Not-in-family,White,Male,12538,0,55,United-States,0,0.998198054993751,1,6,1.0
65,Self-emp-not-inc,302847,HS-grad,9,Married-civ-spouse,Sales,Husband,White,Male,10697,0,50,United-States,0,0.9833545442476167,1,6,1.0
36,Local-gov,174413,Bachelors,13,Never-married,Prof-specialty,Not-in-family,White,Female,613,1974,55,United-States,0,0.012052132020284207,0,6,1.0
68,State-gov,93415,HS-grad,9,Widowed,Adm-clerical,Unmarried,Asian-Pac-Islander,Female,6411,0,55,United-States,0,0.1908134330420974,0,6,1.0
30,Private,150817,12th,8,Never-married,Protective-serv,Own-child,White,Female,2725,0,60,United-States,0,0.0053262810715244665,0,6,1.0
43,Private,247444,Assoc-voc,11,Married-civ-spouse,Machine-op-inspct,Husband,White,Male,8330,0,55,Columbia,0,0.9984101828416169,1,6,1.0
71,Private,121912,Some-college,10,Married-civ-spouse,Exec-managerial,Husband,White,Male,11973,0,55,United-States,1,0.9915516494683492,1,6,1.0
45,Private,63925,5th-6th,3,Never-married,Machine-op-inspct,Not-in-family,White,Male,14997,0,50,United-States,0,0.9979370771079283,1,6,1.0
38,State-gov,205333,Bachelors,13,Never-married,Prof-specialty,Not-in-family,White,Female,12296,0,25,United-States,0,0.9966357265894052,1,6,1.0
50,Private,168322,HS-grad,9,Married-civ-spouse,Transport-moving,Husband,White,Male,2484,0,75,United-States,0,0.09865409774465309,0,6,1.0
62,Private,201984,HS-grad,9,Divorced,Machine-op-inspct,Unmarried,White,Male,4336,0,55,United-States,0,0.49695316302893283,0,6,1.0
47,Local-gov,91124,Bachelors,13,Never-married,Exec-managerial,Not-in-family,White,Male,13263,0,55,United-States,0,0.9986565418693881,1,6,1.0
36,Local-gov,117023,Bachelors,13,Never-married,Prof-specialty,Own-child,White,Female,14787,0,55,United-States,0,0.9970603407026536,1,6,1.0
44,Self-emp-not-inc,182926,Masters,14,Never-married,Prof-specialty,Not-in-family,White,Male,5758,0,55,United-States,0,0.4971300054220422,0,6,1.0
31,,181242,Some-college,10,Never-married,,Own-child,White,Male,4801,0,55,United-States,0,0.788256848244796,1,6,1.0
50,Private,461337,HS-grad,9,Never-married,Sales,Not-in-family,White,Female,1771,0,48,United-States,0,0.011514926720229312,0,6,1.0
51,Self-emp-inc,114844,Prof-school,15,Married-civ-spouse,Prof-specialty,Husband,White,Male,99999,0,80,United-States,1,0.9991878591550512,1,6,1.0
54,State-gov,119008,Assoc-acdm,12,Divorced,Tech-support,Not-in-family,Black,Female,8694,1974,55,United-States,0,0.9918231921792067,1,6,1.0
46,Private,182926,HS-grad,9,Married-civ-spouse,Craft-repair,Husband,White,Male,7532,0,58,United-States,1,0.9979843437736824,1,6,1.0
47,Private,30529,HS-grad,9,Married-civ-spouse,Handlers-cleaners,Husband,White,Male,3532,0,55,United-States,0,0.07565811481289414,0,6,1.0
65,Private,183973,11th,7,Married-civ-spouse,Machine-op-inspct,Husband,White,Male,3754,0,63,United-States,1,0.033778282401872965,0,6,1.0
48,Local-gov,380614,Bachelors,13,Married-civ-spouse,Adm-clerical,Wife,White,Female,9688,0,50,Germany,1,0.9990376388869244,1,6,1.0
53,Federal-gov,193882,HS-grad,9,Never-married,Adm-clerical,Own-child,White,Male,620,0,55,United-States,0,0.015096602603678493,0,6,1.0
34,Private,406978,Bachelors,13,Never-married,Exec-managerial,Other-relative,White,Female,10500,0,55,United-States,0,0.9973456264874958,1,6,1.0
76,Self-emp-not-inc,388625,10th,6,Married-civ-spouse,Prof-specialty,Husband,White,Male,3614,0,25,United-States,1,0.021056288878861476,0,6,1.0
48,Self-emp-not-inc,160120,Bachelors,13,Married-civ-spouse,Sales,Husband,Other,Male,11204,0,60,,0,0.9990101033768642,1,6,1.0
69,Private,161662,HS-grad,9,Married-spouse-absent,Craft-repair,Not-in-family,White,Male,12801,0,55,United-States,0,0.9973729407606039,1,6,1.0
36,Private,91189,HS-grad,9,Married-civ-spouse,Craft-repair,Husband,White,Male,1873,0,55,United-States,0,0.06938637875468519,0,6,1.0
68,Private,53481,HS-grad,9,Married-civ-spouse,Machine-op-inspct,Husband,White,Male,1681,0,55,United-States,0,0.08648446538303234,0,6,1.0
57,Private,201127,HS-grad,9,Married-civ-spouse,Machine-op-inspct,Husband,White,Male,9700,0,55,United-States,0,0.9984231410531055,1,6,1.0
58,Self-emp-not-inc,51271,HS-grad,9,Married-civ-spouse,Farming-fishing,Husband,White,Male,19321,0,85,United-States,0,0.9978051127155734,1,6,1.0
45,Private,272411,Bachelors,13,Never-married,Exec-managerial,Not-in-family,White,Female,13305,0,55,United-States,0,0.9988118677078047,1,6,1.0
38,Private,205036,HS-grad,9,Never-married,Handlers-cleaners,Not-in-family,White,Male,7340,0,57,United-States,0,0.6792710713910112,1,6,1.0
30,Private,469921,Some-college,10,Never-married,Prof-specialty,Own-child,White,Female,9070,0,55,United-States,0,0.9969983251755649,1,6,1.0
29,Private,207791,10th,6,Never-married,Handlers-cleaners,Own-child,White,Male,13168,0,35,United-States,0,0.9935916913159242,1,6,1.0
62,Federal-gov,189831,HS-grad,9,Married-civ-spouse,Tech-support,Husband,White,Male,16134,0,65,United-States,1,0.9796066922444483,1,6,1.0
52,Local-gov,147372,Some-college,10,Never-married,Protective-serv,Not-in-family,White,Male,1514,2444,55,United-States,1,0.7000340957080975,1,6,1.0
66,Private,220115,HS-grad,9,Married-civ-spouse,Craft-repair,Husband,White,Male,607,1628,55,United-States,0,0.001641186161612783,0,6,1.0
77,Self-emp-not-inc,118474,11th,7,Married-civ-spouse,Exec-managerial,Husband,White,Male,16516,0,74,,1,0.9886723441069756,1,6,1.0
38,Private,165510,HS-grad,9,Divorced,Craft-repair,Unmarried,White,Male,6479,0,55,United-States,0,0.08599000085606748,0,6,1.0
45,Self-emp-not-inc,422960,Some-college,10,Married-civ-spouse,Prof-specialty,Wife,White,Female,12254,0,75,United-States,1,0.9991186990797327,1,6,1.0
35,Private,175424,Some-college,10,Never-married,Adm-clerical,Own-child,Black,Female,7856,0,55,United-States,0,0.8845743697163504,1,6,1.0
33,Private,109952,HS-grad,9,Married-civ-spouse,Craft-repair,Husband,White,Male,6635,0,55,United-States,0,0.9826854524541816,1,6,1.0
39,Private,159623,Some-college,10,Married-civ-spouse,Sales,Husband,White,Male,13320,0,55,United-States,0,0.999066849421135,1,6,1.0
40,Private,197222,Some-college,10,Never-married,Tech-support,Own-child,White,Female,14512,0,53,United-States,0,0.9969162914081867,1,6,1.0
65,Private,295520,9th,5,Widowed,Sales,Unmarried,Black,Female,14057,0,40,United-States,0,0.992144240664255,1,6,1.0
50,Private,188503,Some-college,10,Never-married,Adm-clerical,Unmarried,White,Female,16660,0,50,United-States,0,0.9989994904348779,1,6,1.0
42,Private,93884,Bachelors,13,Married-civ-spouse,Prof-specialty,Husband,White,Male,5982,0,60,United-States,1,0.9894456127762664,1,6,1.0
35,Private,256278,7th-8th,4,Married-civ-spouse,Handlers-cleaners,Other-relative,Other,Female,7074,0,45,El-Salvador,0,0.9870705353622035,1,6,1.0
42,Private,255885,Some-college,10,Married-civ-spouse,Sales,Husband,White,Male,8792,0,65,United-States,0,0.9985185689140431,1,6,1.0
35,Private,119156,HS-grad,9,Married-civ-spouse,Craft-repair,Husband,White,Male,13233,0,55,United-States,0,0.9990062281022475,1,6,1.0
54,Private,46019,Some-college,10,Married-civ-spouse,Craft-repair,Husband,Amer-Indian-Eskimo,Male,11132,0,65,United-States,1,0.9988020067162822,1,6,1.0
62,Private,548361,Bachelors,13,Married-civ-spouse,Tech-support,Husband,White,Male,10489,0,35,United-States,1,0.9656371267917893,1,6,1.0
43,Private,289889,Assoc-voc,11,Never-married,Tech-support,Not-in-family,White,Male,14502,0,55,United-States,0,0.9984849847199274,1,6,1.0
49,Private,186035,Assoc-acdm,12,Married-civ-spouse,Craft-repair,Husband,White,Male,4196,0,70,United-States,0,0.23623630319211883,0,6,1.0
64,Private,279344,Masters,14,Married-civ-spouse,Exec-managerial,Wife,White,Female,17806,0,75,United-States,1,0.9952344576158685,1,6,1.0
34,Private,203240,10th,6,Never-married,Adm-clerical,Not-in-family,White,Female,11058,0,55,United-States,0,0.9972969253853874,1,6,1.0
41,Private,94892,Some-college,10,Married-civ-spouse,Prof-specialty,Husband,White,Male,625,0,55,United-States,0,0.10964716942765347,0,6,1.0
61,Private,167159,Some-college,10,Married-civ-spouse,Machine-op-inspct,Husband,White,Male,9326,0,55,United-States,0,0.988423897854675,1,6,1.0
30,Private,115839,12th,8,Never-married,Adm-clerical,Not-in-family,White,Female,10984,0,45,United-States,0,0.9980593767140751,1,6,1.0
51,Private,127573,HS-grad,9,Never-married,Exec-managerial,Not-in-family,White,Female,14388,0,60,United-States,0,0.9984669256002541,1,6,1.0
43,Private,100734,Doctorate,16,Never-married,Prof-specialty,Not-in-family,White,Female,9818,0,43,United-States,0,0.9984871038101482,1,6,1.0
49,Private,249208,Assoc-voc,11,Married-civ-spouse,Prof-specialty,Husband,White,Male,3398,0,63,United-States,1,0.10823157542737212,0,6,1.0
48,Private,265881,HS-grad,9,Divorced,Machine-op-inspct,Unmarried,White,Female,11260,0,55,United-States,0,0.9925040115287945,1,6,1.0
47,Private,410034,Some-college,10,Divorced,Sales,Not-in-family,White,Male,13424,0,65,United-States,0,0.9984425716988287,1,6,1.0
36,Private,424494,Bachelors,13,Married-civ-spouse,Prof-specialty,Husband,White,Male,8848,0,45,United-States,0,0.9987903143094878,1,6,1.0
44,Private,193380,HS-grad,9,Never-married,Transport-moving,Own-child,White,Male,9738,0,55,United-States,0,0.9952607010886103,1,6,1.0
58,Private,403911,HS-grad,9,Married-civ-spouse,Craft-repair,Husband,Black,Male,10765,1902,55,United-States,1,0.9994056232564016,1,6,1.0
58,Self-emp-not-inc,131091,Bachelors,13,Married-civ-spouse,Sales,Husband,White,Male,1501,1902,55,United-States,1,0.8547845732820459,1,6,1.0
47,Private,180342,HS-grad,9,Married-civ-spouse,Craft-repair,Husband,White,Male,3956,0,55,United-States,0,0.0861854943804397,0,6,1.0
55,Private,184625,HS-grad,9,Married-civ-spouse,Adm-clerical,Wife,White,Female,13091,0,55,United-States,1,0.9988365336403393,1,6,1.0
37,Private,131463,Bachelors,13,Married-civ-spouse,Prof-specialty,Husband,White,Male,13444,0,55,United-States,0,0.999061488886588,1,6,1.0
44,Private,46691,Bachelors,13,Never-married,Adm-clerical,Not-in-family,White,Female,12213,0,55,United-States,0,0.9983833186811328,1,6,1.0
45,Private,222205,HS-grad,9,Married-civ-spouse,Craft-repair,Wife,White,Female,7793,0,55,United-States,1,0.9978714944064583,1,6,1.0
56,Private,244974,HS-grad,9,Married-civ-spouse,Sales,Husband,White,Male,6735,0,75,United-States,0,0.9752291990280856,1,6,1.0
44,Private,86723,HS-grad,9,Never-married,Other-service,Not-in-family,White,Male,10939,0,67,United-States,0,0.9982756869009815,1,6,1.0
36,Private,183594,Assoc-voc,11,Never-married,Craft-repair,Own-child,White,Male,924,0,35,United-States,0,0.008752323667992713,0,6,1.0
90,Private,141758,9th,5,Never-married,Adm-clerical,Not-in-family,White,Female,4520,0,55,United-States,0,0.018020995080748434,0,6,1.0
46,Private,158615,Some-college,10,Married-civ-spouse,Handlers-cleaners,Husband,White,Male,12247,0,55,United-States,0,0.999092990882502,1,6,1.0
46,Private,181372,11th,7,Married-civ-spouse,Other-service,Wife,White,Female,13315,0,38,United-States,0,0.9992043474107136,1,6,1.0
44,Private,194141,HS-grad,9,Divorced,Machine-op-inspct,Own-child,White,Male,6614,0,65,United-States,0,0.2632485340286138,0,6,1.0
68,Private,257555,Masters,14,Married-civ-spouse,Prof-specialty,Husband,White,Male,10680,0,55,United-States,1,0.9947174360615021,1,6,1.0
43,Private,197023,Assoc-voc,11,Married-civ-spouse,Machine-op-inspct,Husband,Amer-Indian-Eskimo,Male,734,0,55,United-States,0,0.11356638893381073,0,6,1.0
54,Private,29702,HS-grad,9,Married-civ-spouse,Craft-repair,Husband,White,Male,1461,0,57,United-States,1,0.1386295705611901,0,6,1.0
36,Private,258298,Assoc-voc,11,Never-married,Tech-support,Not-in-family,White,Male,5016,0,60,United-States,0,0.2458247736025707,0,6,1.0
55,Private,162108,Bachelors,13,Never-married,Adm-clerical,Not-in-family,White,Female,2234,0,55,United-States,0,0.023536218641804652,0,6,1.0
47,Private,162302,Some-college,10,Never-married,Tech-support,Own-child,White,Female,7189,0,47,United-States,0,0.9260238769970299,1,6,1.0
33,Private,177125,Some-college,10,Never-married,Handlers-cleaners,Not-in-family,White,Male,8510,0,35,United-States,0,0.995103593720724,1,6,1.0
45,Self-emp-not-inc,134886,Bachelors,13,Married-civ-spouse,Prof-specialty,Wife,White,Female,2646,0,65,United-States,1,0.18896076673212714,0,6,1.0
61,Local-gov,193249,Assoc-acdm,12,Married-civ-spouse,Adm-clerical,Husband,White,Male,11581,0,55,United-States,0,0.9916431291585376,1,6,1.0
33,Private,198050,Assoc-acdm,12,Never-married,Adm-clerical,Not-in-family,White,Female,11594,0,40,United-States,0,0.9980426305333798,1,6,1.0
34,Private,210165,Some-college,10,Never-married,Craft-repair,Not-in-family,White,Male,5500,0,65,United-States,0,0.2315088617812843,0,6,1.0
30,,184502,11th,7,Never-married,,Own-child,Black,Male,10200,0,45,United-States,0,0.9874893343535904,1,6,1.0
41,Private,183523,Masters,14,Married-civ-spouse,Prof-specialty,Husband,White,Male,13377,1977,55,United-States,1,0.9995125802282816,1,6,1.0
61,Private,105449,Bachelors,13,Never-married,Priv-house-serv,Not-in-family,White,Male,10267,0,40,United-States,0,0.9725046695235022,1,6,1.0
40,Private,88419,HS-grad,9,Never-married,Exec-managerial,Not-in-family,Asian-Pac-Islander,Female,9216,0,55,England,0,0.9977928541230542,1,6,1.0
51,Private,132879,Some-college,10,Married-civ-spouse,Exec-managerial,Husband,White,Male,2752,0,65,United-States,1,0.23737362759502445,0,6,1.0
33,Private,147344,HS-grad,9,Never-married,Transport-moving,Other-relative,White,Male,6526,0,75,,0,0.16548278780302722,0,6,1.0
53,Private,253759,HS-grad,9,Never-married,Sales,Unmarried,Black,Female,12232,0,55,United-States,0,0.9981104615448153,1,6,1.0
77,,486436,Some-college,10,Married-civ-spouse,,Husband,White,Male,4325,0,60,United-States,1,0.9451856043277956,1,6,1.0
65,Private,95469,Bachelors,13,Married-civ-spouse,Adm-clerical,Husband,White,Male,14175,1902,55,United-States,1,0.993312594902424,1,6,1.0
60,Private,178137,HS-grad,9,Divorced,Machine-op-inspct,Unmarried,White,Female,4625,0,59,United-States,0,0.05368640603913397,0,6,1.0
43,Private,168854,Some-college,10,Never-married,Sales,Not-in-family,White,Male,10138,1504,55,United-States,0,0.9975297984599558,1,6,1.0
68,Private,329059,HS-grad,9,Married-civ-spouse,Machine-op-inspct,Husband,White,Male,487,0,55,Italy,1,0.07409745519401287,0,6,1.0
55,,35523,Assoc-acdm,12,Divorced,,Not-in-family,White,Female,8934,0,50,United-States,0,0.9969371703441855,1,6,1.0
33,Private,77759,Some-college,10,Never-married,Sales,Own-child,White,Female,11336,0,30,United-States,0,0.9934738151910316,1,6,1.0
43,Private,162572,Bachelors,13,Married-civ-spouse,Sales,Husband,White,Male,29965,0,75,United-States,1,0.9990702718796083,1,6,1.0
69,Private,217886,HS-grad,9,Widowed,Adm-clerical,Not-in-family,White,Female,6740,0,51,United-States,0,0.09688322284322,0,6,1.0
66,Self-emp-not-inc,175804,Bachelors,13,Married-civ-spouse,Exec-managerial,Husband,White,Male,7062,0,55,United-States,1,0.9929381010200353,1,6,1.0
41,Private,254450,Assoc-voc,11,Never-married,Tech-support,Not-in-family,White,Female,7465,0,55,United-States,0,0.8850698011466764,1,6,1.0
39,Local-gov,331046,Bachelors,13,Never-married,Prof-specialty,Not-in-family,White,Female,4247,0,60,United-States,0,0.35839845959628447,0,6,1.0
59,State-gov,189123,HS-grad,9,Married-civ-spouse,Other-service,Husband,White,Male,13360,0,55,United-States,0,0.9990811292905789,1,6,1.0
53,State-gov,129865,HS-grad,9,Divorced,Craft-repair,Unmarried,White,Male,987,0,55,United-States,0,0.03993090612297939,0,6,1.0
32,Private,109952,Some-college,10,Never-married,Handlers-cleaners,Own-child,White,Male,3539,0,40,United-States,0,0.002198941286135752,0,6,1.0
46,Private,185820,HS-grad,9,Married-civ-spouse,Sales,Wife,Black,Female,13781,0,55,United-States,0,0.9990167795744903,1,6,1.0
41,Local-gov,272569,10th,6,Never-married,Farming-fishing,Not-in-family,White,Male,11472,0,55,United-States,0,0.9975834161603815,1,6,1.0
42,Private,55291,Bachelors,13,Married-civ-spouse,Prof-specialty,Husband,White,Male,10773,0,55,United-States,1,0.9989575236512678,1,6,1.0
87,Private,186808,11th,7,Married-civ-spouse,Protective-serv,Husband,Black,Male,13004,0,65,United-States,1,0.970960273543411,1,6,1.0
43,Private,93326,Some-college,10,Separated,Adm-clerical,Own-child,White,Female,10132,0,55,United-States,0,0.9928926732081589,1,6,1.0
53,Private,397346,Some-college,10,Married-civ-spouse,Sales,Husband,White,Male,12259,0,65,United-States,0,0.9991811159996659,1,6,1.0
64,Private,164530,11th,7,Divorced,Machine-op-inspct,Not-in-family,Black,Female,1025,0,35,United-States,0,0.0029603274935691365,0,6,1.0
50,Local-gov,86643,Bachelors,13,Married-civ-spouse,Prof-specialty,Husband,White,Male,4404,0,60,United-States,1,0.17156088698717092,0,6,1.0
65,Private,346754,Some-college,10,Married-civ-spouse,Exec-managerial,Wife,White,Female,1141,0,55,United-States,1,0.14202314172864428,0,6,1.0
39,Private,208249,HS-grad,9,Married-civ-spouse,Handlers-cleaners,Husband,White,Male,14453,0,77,United-States,0,0.9988734511626505,1,6,1.0
55,Private,255635,5th-6th,3,Married-civ-spouse,Machine-op-inspct,Husband,Other,Male,8713,0,55,Mexico,0,0.9973076965912369,1,6,1.0
38,Private,292803,Some-college,10,Never-married,Other-service,Own-child,White,Female,5021,0,39,United-States,0,0.03803090500894007,0,6,1.0
54,Self-emp-inc,130126,Bachelors,13,Married-civ-spouse,Prof-specialty,Husband,White,Male,6336,1977,55,United-States,1,0.998523449374967,1,6,1.0
30,Private,201613,11th,7,Never-married,Sales,Own-child,White,Female,10685,0,20,United-States,0,0.9861364124368414,1,6,1.0
60,Private,101016,Masters,14,Divorced,Prof-specialty,Unmarried,White,Female,10918,0,55,United-States,0,0.9979888005721042,1,6,1.0
49,State-gov,108293,Assoc-acdm,12,Divorced,Prof-specialty,Unmarried,White,Female,2286,0,53,United-States,0,0.02228428023090521,0,6,1.0
76,Private,132519,HS-grad,9,Married-civ-spouse,Handlers-cleaners,Wife,Black,Female,1058,0,55,United-States,0,0.023326101766353337,0,6,1.0
52,Private,77975,Some-college,10,Married-civ-spouse,Exec-managerial,Husband,White,Male,8302,0,55,United-States,0,0.9985068104074637,1,6,1.0
78,Private,304957,HS-grad,9,Widowed,Priv-house-serv,Unmarried,White,Female,11005,0,40,United-States,0,0.9946676504138964,1,6,1.0
63,,123429,HS-grad,9,Married-civ-spouse,,Husband,White,Male,13527,0,55,United-States,0,0.9871948709075579,1,6,1.0
39,Private,292472,Some-college,10,Never-married,Craft-repair,Not-in-family,Asian-Pac-Islander,Male,4708,1876,60,Cambodia,0,0.71873159019348,1,6,1.0
37,Private,198512,Bachelors,13,Never-married,Exec-managerial,Not-in-family,White,Female,6627,0,55,United-States,0,0.17254215341578383,0,6,1.0
43,Private,324386,11th,7,Married-civ-spouse,Craft-repair,Husband,White,Male,12702,0,55,United-States,0,0.998977788220475,1,6,1.0
71,Self-emp-not-inc,165315,Bachelors,13,Married-civ-spouse,Prof-specialty,Husband,White,Male,99999,0,58,United-States,1,0.9852521025477949,1,6,1.0
54,Federal-gov,178470,HS-grad,9,Divorced,Adm-clerical,Not-in-family,White,Female,10953,0,55,United-States,0,0.9984679505381621,1,6,1.0
39,Private,255979,Bachelors,13,Married-civ-spouse,Machine-op-inspct,Husband,White,Male,4910,0,55,United-States,0,0.22995308652541993,0,6,1.0
70,Private,106707,5th-6th,3,Married-civ-spouse,Machine-op-inspct,Husband,Black,Male,4485,0,63,United-States,0,0.12189602754354069,0,6,1.0
47,Private,95708,Bachelors,13,Married-civ-spouse,Sales,Husband,Asian-Pac-Islander,Male,20011,0,75,United-States,1,0.9991667049171954,1,6,1.0
66,Private,93605,HS-grad,9,Married-civ-spouse,Sales,Husband,White,Male,9391,1848,55,United-States,1,0.9907722125443202,1,6,1.0
64,Private,183618,HS-grad,9,Married-civ-spouse,Handlers-cleaners,Husband,White,Male,14451,0,55,United-States,0,0.974389306172689,1,6,1.0
45,Private,231826,7th-8th,4,Married-civ-spouse,Machine-op-inspct,Husband,White,Male,11946,0,55,Mexico,0,0.9983089325108985,1,6,1.0
46,Local-gov,220066,Masters,14,Never-married,Prof-specialty,Not-in-family,White,Female,13012,0,65,United-States,0,0.9984406312226702,1,6,1.0
65,Local-gov,99682,Masters,14,Divorced,Prof-specialty,Not-in-family,White,Female,16497,0,55,United-States,0,0.9960701044176047,1,6,1.0
42,Private,209900,Bachelors,13,Married-civ-spouse,Craft-repair,Husband,White,Male,2207,0,55,United-States,0,0.2485563207123176,0,6,1.0
68,Private,179127,10th,6,Married-civ-spouse,Craft-repair,Husband,White,Male,5892,0,50,Italy,0,0.9809657217009492,1,6,1.0
46,Self-emp-not-inc,151733,Assoc-voc,11,Married-civ-spouse,Exec-managerial,Husband,White,Male,8494,0,70,United-States,0,0.9980874856278913,1,6,1.0
49,Private,355856,Bachelors,13,Married-civ-spouse,Craft-repair,Husband,Asian-Pac-Islander,Male,9042,0,55,Cambodia,1,0.9988357420789276,1,6,1.0
54,Private,282062,9th,5,Married-civ-spouse,Transport-moving,Husband,White,Male,8257,0,55,United-States,0,0.9980895358985679,1,6,1.0
58,Private,102597,Bachelors,13,Divorced,Prof-specialty,Unmarried,White,Female,14325,0,55,United-States,0,0.9979888005721042,1,6,1.0
44,Self-emp-not-inc,52647,10th,6,Married-civ-spouse,Exec-managerial,Husband,White,Male,11266,0,60,United-States,0,0.9986206261114756,1,6,1.0
35,Private,428299,HS-grad,9,Never-married,Craft-repair,Not-in-family,White,Male,6162,0,55,United-States,0,0.15943141759343307,0,6,1.0
50,Private,153685,11th,7,Divorced,Machine-op-inspct,Unmarried,Black,Female,8842,0,67,United-States,0,0.9966013435637436,1,6,1.0
43,Private,356882,HS-grad,9,Married-civ-spouse,Machine-op-inspct,Husband,White,Male,18145,0,55,United-States,0,0.9988546098729154,1,6,1.0
64,Federal-gov,221532,Bachelors,13,Married-civ-spouse,Protective-serv,Husband,White,Male,2687,0,60,United-States,1,0.33907785276198793,0,6,1.0
39,Private,289147,Bachelors,13,Never-married,Prof-specialty,Own-child,White,Female,2809,0,55,United-States,0,0.027389949019839235,0,6,1.0
59,Local-gov,273767,Bachelors,13,Never-married,Prof-specialty,Not-in-family,White,Female,11173,0,65,United-States,0,0.9977658415130402,1,6,1.0
47,Private,89508,HS-grad,9,Married-civ-spouse,Transport-moving,Husband,White,Male,2796,0,65,United-States,1,0.08386910576862903,0,6,1.0
39,Private,360097,HS-grad,9,Never-married,Handlers-cleaners,Not-in-family,Black,Male,6241,0,55,United-States,0,0.06007105129226875,0,6,1.0
50,Private,169872,HS-grad,9,Separated,Adm-clerical,Unmarried,White,Female,9467,0,60,United-States,0,0.9966414816232249,1,6,1.0
45,Private,251120,Bachelors,13,Married-civ-spouse,Sales,Husband,White,Male,17763,0,65,United-States,1,0.9990498812877898,1,6,1.0
37,Local-gov,179059,Bachelors,13,Never-married,Prof-specialty,Own-child,White,Male,3325,0,55,United-States,0,0.021686188015344155,0,6,1.0
62,Private,193081,Preschool,1,Never-married,Other-service,Not-in-family,Black,Female,11628,0,55,Haiti,0,0.9390329815657805,1,6,1.0
35,Private,263899,Some-college,10,Never-married,Adm-clerical,Own-child,Black,Male,3490,0,35,Haiti,0,0.003133841645400045,0,6,1.0
45,Private,199046,Bachelors,13,Never-married,Sales,Not-in-family,White,Female,10707,0,55,United-States,0,0.9986943941566713,1,6,1.0
37,Private,378322,HS-grad,9,Never-married,Craft-repair,Not-in-family,White,Male,14387,2001,65,United-States,0,0.9956388063053786,1,6,1.0
57,Private,44791,Bachelors,13,Never-married,Prof-specialty,Not-in-family,White,Male,897,0,55,United-States,0,0.07222797451279288,0,6,1.0
43,Self-emp-inc,118584,Some-college,10,Divorced,Exec-managerial,Not-in-family,White,Female,10237,0,55,United-States,0,0.9958955481660753,1,6,1.0
69,Private,36091,HS-grad,9,Separated,Other-service,Unmarried,Amer-Indian-Eskimo,Female,7532,0,55,United-States,0,0.8673532496919113,1,6,1.0
62,Private,40623,Some-college,10,Divorced,Sales,Not-in-family,White,Female,7961,0,55,United-States,0,0.8265404084538182,1,6,1.0
75,Private,106141,7th-8th,4,Married-civ-spouse,Sales,Husband,White,Male,12977,0,60,United-States,0,0.9830961946981643,1,6,1.0
79,,39100,HS-grad,9,Married-civ-spouse,,Wife,White,Female,4219,0,20,United-States,0,0.026974035596701536,0,6,1.0
40,Private,186720,Some-college,10,Never-married,Other-service,Own-child,White,Female,13869,0,65,United-States,0,0.9975037975584718,1,6,1.0
38,Private,483822,7th-8th,4,Never-married,Handlers-cleaners,Unmarried,White,Male,2622,0,55,Guatemala,0,0.004355869507105489,0,6,1.0
50,,129150,10th,6,Separated,,Own-child,White,Male,7504,0,50,United-States,0,0.8782652510877532,1,6,1.0
44,Private,370160,Some-college,10,Separated,Exec-managerial,Unmarried,Black,Female,7873,0,55,United-States,0,0.9381581348625022,1,6,1.0
45,Private,112115,Bachelors,13,Married-civ-spouse,Exec-managerial,Husband,White,Male,2259,1902,60,United-States,1,0.8697434554803234,1,6,1.0
32,Private,169600,Some-college,10,Never-married,Prof-specialty,Own-child,White,Female,7007,0,27,United-States,0,0.04552409014028032,0,6,1.0
63,Private,158948,HS-grad,9,Married-civ-spouse,Transport-moving,Husband,White,Male,14986,0,99,United-States,1,0.9715834352979706,1,6,1.0
70,Self-emp-inc,229116,Prof-school,15,Divorced,Prof-specialty,Not-in-family,White,Male,12900,0,85,United-States,1,0.9957003587158966,1,6,1.0
53,Private,177054,HS-grad,9,Divorced,Machine-op-inspct,Unmarried,White,Male,750,0,55,United-States,0,0.024911517017325864,0,6,1.0
53,Local-gov,74581,Bachelors,13,Divorced,Prof-specialty,Unmarried,White,Male,5330,0,80,United-States,0,0.18413615190431104,0,6,1.0
72,Private,143932,HS-grad,9,Married-civ-spouse,Craft-repair,Husband,White,Male,1289,0,55,United-States,0,0.07726590989887516,0,6,1.0
47,Private,241998,HS-grad,9,Never-married,Handlers-cleaners,Not-in-family,White,Male,14342,0,45,United-States,0,0.9979137040507232,1,6,1.0
50,Private,40319,Some-college,10,Divorced,Exec-managerial,Not-in-family,White,Female,2029,0,57,United-States,0,0.01914025887428168,0,6,1.0
55,Self-emp-inc,170214,Some-college,10,Married-civ-spouse,Exec-managerial,Husband,White,Male,10713,0,90,United-States,0,0.9990194621888887,1,6,1.0
44,Private,185027,Some-college,10,Married-civ-spouse,Sales,Husband,White,Male,5254,0,55,United-States,1,0.9927403745690323,1,6,1.0
54,Private,222884,Bachelors,13,Never-married,Exec-managerial,Not-in-family,White,Male,3245,0,70,United-States,1,0.09793929762903643,0,6,1.0
90,,39824,HS-grad,9,Widowed,,Not-in-family,White,Male,3827,0,19,United-States,0,0.0038838037608647244,0,6,1.0
40,Self-emp-not-inc,132686,Masters,14,Never-married,Prof-specialty,Not-in-family,White,Male,5846,0,55,United-States,0,0.4173247687897718,0,6,1.0
44,Private,149368,Bachelors,13,Married-civ-spouse,Prof-specialty,Husband,White,Male,12367,0,55,United-States,1,0.9990623778819748,1,6,1.0
45,Private,189843,7th-8th,4,Married-civ-spouse,Machine-op-inspct,Husband,White,Male,1258,0,55,United-States,0,0.04664715166089537,0,6,1.0
57,Private,215892,Masters,14,Never-married,Exec-managerial,Not-in-family,White,Female,4096,2824,65,United-States,1,0.5521972074839743,0,6,1.0
86,Self-emp-not-inc,199136,Bachelors,13,Widowed,Craft-repair,Not-in-family,White,Male,26526,0,23,Germany,1,0.970487235872211,1,6,1.0
70,Private,187067,Bachelors,13,Never-married,Prof-specialty,Not-in-family,White,Female,10079,0,77,Canada,0,0.9886673493169382,1,6,1.0
66,State-gov,119565,Bachelors,13,Married-civ-spouse,Exec-managerial,Husband,White,Male,6893,0,55,Puerto-Rico,1,0.9081487038626895,1,6,1.0
72,Private,205934,HS-grad,9,Separated,Other-service,Not-in-family,White,Female,11137,0,40,United-States,0,0.9936615739744303,1,6,1.0
52,Private,199303,HS-grad,9,Married-civ-spouse,Adm-clerical,Husband,White,Male,13125,0,55,United-States,0,0.9990513371306246,1,6,1.0
32,,39803,Some-college,10,Never-married,,Own-child,White,Male,12421,0,55,United-States,0,0.9967234103133887,1,6,1.0
71,Local-gov,53612,Masters,14,Separated,Prof-specialty,Own-child,Black,Female,14961,0,50,United-States,0,0.9915181828611698,1,6,1.0
33,Private,117583,HS-grad,9,Never-married,Craft-repair,Own-child,White,Male,9829,0,55,United-States,0,0.995488502682179,1,6,1.0
55,Private,183096,Some-college,10,Separated,Sales,Unmarried,White,Female,13429,0,25,United-States,0,0.996485087949464,1,6,1.0
49,Private,49115,Masters,14,Married-civ-spouse,Exec-managerial,Husband,White,Male,8054,0,75,United-States,1,0.9989000062842467,1,6,1.0
55,Private,346321,Masters,14,Married-civ-spouse,Prof-specialty,Husband,White,Male,10465,0,60,United-States,1,0.9968649002734781,1,6,1.0
83,Private,200418,5th-6th,3,Married-civ-spouse,Transport-moving,Husband,White,Male,4203,0,55,United-States,0,0.03792628976119283,0,6,1.0
38,Private,264012,Bachelors,13,Never-married,Adm-clerical,Not-in-family,White,Male,7663,0,55,United-States,0,0.8990620380873489,1,6,1.0
47,State-gov,80771,Masters,14,Never-married,Prof-specialty,Not-in-family,White,Female,13485,0,55,United-States,0,0.9985829595937767,1,6,1.0
35,Private,110677,Some-college,10,Never-married,Other-service,Own-child,White,Female,8192,0,30,United-States,0,0.8011708338806327,1,6,1.0
59,Local-gov,321851,Bachelors,13,Never-married,Prof-specialty,Not-in-family,White,Female,2036,0,65,United-States,1,0.03570260291986913,0,6,1.0
64,Private,99682,Some-college,10,Married-civ-spouse,Sales,Wife,White,Female,6863,0,67,Canada,1,0.8074582643113577,1,6,1.0
64,Private,24185,HS-grad,9,Divorced,Craft-repair,Unmarried,White,Male,2270,0,99,United-States,0,0.019594930661775613,0,6,1.0
38,Self-emp-inc,316688,Some-college,10,Never-married,Sales,Other-relative,White,Male,10524,0,55,United-States,0,0.9976427847493621,1,6,1.0
50,Self-emp-not-inc,126569,HS-grad,9,Divorced,Craft-repair,Unmarried,White,Male,789,0,75,United-States,0,0.023000142548428037,0,6,1.0
54,Private,185413,Bachelors,13,Married-civ-spouse,Exec-managerial,Husband,White,Male,5791,0,55,United-States,0,0.9949191780230496,1,6,1.0
56,Local-gov,387770,Some-college,10,Widowed,Adm-clerical,Unmarried,White,Female,4769,0,30,United-States,0,0.8143186552733687,1,6,1.0
62,Self-emp-inc,156623,Prof-school,15,Married-civ-spouse,Prof-specialty,Husband,Asian-Pac-Islander,Male,21783,0,65,Philippines,1,0.9957634792443693,1,6,1.0
41,Private,126822,HS-grad,9,Married-civ-spouse,Other-service,Husband,White,Male,2138,0,50,United-States,0,0.043341795227357774,0,6,1.0
51,Self-emp-inc,218184,9th,5,Married-civ-spouse,Exec-managerial,Husband,White,Male,1396,1651,55,Mexico,0,0.00472597763370894,0,6,1.0
50,,320811,Some-college,10,Married-civ-spouse,,Husband,White,Male,8398,0,55,United-States,0,0.9985291826908896,1,6,1.0
40,Private,169069,HS-grad,9,Never-married,Craft-repair,Own-child,White,Male,3878,0,55,United-States,0,0.011836726265553186,0,6,1.0
42,Private,95639,11th,7,Never-married,Handlers-cleaners,Other-relative,Amer-Indian-Eskimo,Male,11517,0,55,United-States,0,0.9955607240280617,1,6,1.0
40,Private,214385,Assoc-voc,11,Never-married,Exec-managerial,Own-child,Black,Female,7829,0,55,United-States,0,0.959164375491864,1,6,1.0
61,Self-emp-not-inc,343742,10th,6,Never-married,Craft-repair,Not-in-family,Black,Male,13946,0,47,United-States,0,0.9952859769468303,1,6,1.0
36,Private,111376,HS-grad,9,Never-married,Handlers-cleaners,Not-in-family,White,Male,9026,0,55,United-States,0,0.9951309228483916,1,6,1.0
40,Private,263015,10th,6,Married-civ-spouse,Craft-repair,Husband,White,Male,9853,0,55,United-States,0,0.9984184616434818,1,6,1.0
56,Private,33105,HS-grad,9,Married-civ-spouse,Exec-managerial,Husband,Amer-Indian-Eskimo,Male,11856,0,55,United-States,0,0.9987003039970324,1,6,1.0
68,Private,175127,HS-grad,9,Divorced,Craft-repair,Unmarried,White,Male,1912,0,50,United-States,0,0.04207185921693382,0,6,1.0
69,Private,358628,Assoc-voc,11,Divorced,Adm-clerical,Unmarried,White,Female,6068,0,55,United-States,0,0.1422643282815062,0,6,1.0
70,Self-emp-not-inc,106942,Some-college,10,Divorced,Craft-repair,Unmarried,White,Male,209,0,55,United-States,0,0.031351133676366355,0,6,1.0
49,State-gov,74163,Bachelors,13,Never-married,Prof-specialty,Not-in-family,White,Female,4767,0,55,United-States,0,0.9378101323458627,1,6,1.0
73,Private,180632,HS-grad,9,Married-civ-spouse,Sales,Husband,White,Male,3896,0,55,United-States,0,0.060321122731899456,0,6,1.0
76,Local-gov,113324,HS-grad,9,Widowed,Exec-managerial,Not-in-family,White,Male,11817,0,55,United-States,0,0.9967184155105011,1,6,1.0
63,Private,312446,Bachelors,13,Married-civ-spouse,Exec-managerial,Husband,White,Male,6870,0,52,United-States,1,0.944318013483677,1,6,1.0
77,Private,198766,Masters,14,Married-civ-spouse,Sales,Husband,White,Male,28791,0,55,United-States,1,0.9932075193429152,1,6,1.0
58,Self-emp-not-inc,246212,Masters,14,Married-civ-spouse,Exec-managerial,Husband,White,Male,11835,0,60,United-States,1,0.9991636646612722,1,6,1.0
64,State-gov,189728,HS-grad,9,Separated,Other-service,Not-in-family,White,Female,11347,0,50,United-States,0,0.9966437821729079,1,6,1.0
29,Private,132187,10th,6,Never-married,Handlers-cleaners,Own-child,White,Male,6656,0,30,United-States,0,0.02475365313364334,0,6,1.0
49,State-gov,136137,Some-college,10,Separated,Adm-clerical,Not-in-family,White,Male,5070,0,55,United-States,0,0.3107231682799554,0,6,1.0
75,Private,546118,Some-college,10,Married-civ-spouse,Exec-managerial,Husband,White,Male,3457,0,50,United-States,1,0.14870277764731096,0,6,1.0
45,Self-emp-not-inc,48189,HS-grad,9,Married-civ-spouse,Protective-serv,Husband,White,Male,3552,0,45,United-States,0,0.04483445265085454,0,6,1.0
36,Self-emp-not-inc,236769,7th-8th,4,Married-civ-spouse,Craft-repair,Husband,White,Male,14383,0,55,United-States,0,0.9987510320762469,1,6,1.0
61,Private,228583,HS-grad,9,Divorced,Other-service,Unmarried,White,Male,8369,0,55,Columbia,0,0.993275815545486,1,6,1.0
34,,217421,Some-college,10,Never-married,,Own-child,White,Female,3799,0,45,United-States,0,0.005796545156986773,0,6,1.0
46,Private,213887,Some-college,10,Married-civ-spouse,Craft-repair,Husband,White,Male,1702,0,55,United-States,0,0.1670186861533854,0,6,1.0
32,Private,197752,Some-college,10,Never-married,Adm-clerical,Own-child,White,Male,4445,0,31,United-States,0,0.009984129150112068,0,6,1.0
46,Private,159255,HS-grad,9,Married-civ-spouse,Exec-managerial,Husband,White,Male,5744,0,75,United-States,1,0.9931303873126306,1,6,1.0
66,Private,210736,HS-grad,9,Married-civ-spouse,Craft-repair,Husband,White,Male,8004,0,55,United-States,1,0.9737938202660189,1,6,1.0
35,,243190,Some-college,10,Never-married,,Own-child,Asian-Pac-Islander,Male,3460,0,35,China,0,0.005706041487092178,0,6,1.0
52,Private,151408,Masters,14,Never-married,Prof-specialty,Not-in-family,White,Female,8285,0,55,United-States,0,0.9494766808832585,1,6,1.0
37,Private,194897,HS-grad,9,Never-married,Sales,Own-child,Amer-Indian-Eskimo,Male,14215,0,55,United-States,0,0.9958420924314144,1,6,1.0
67,Private,35551,HS-grad,9,Divorced,Craft-repair,Not-in-family,White,Male,14005,0,55,United-States,0,0.9968626298197046,1,6,1.0
35,Private,205939,HS-grad,9,Married-civ-spouse,Craft-repair,Husband,White,Male,6147,0,53,United-States,0,0.9897059524810141,1,6,1.0
52,State-gov,456110,11th,7,Divorced,Transport-moving,Unmarried,White,Female,7019,0,67,United-States,0,0.0889409318933077,0,6,1.0
45,Private,69748,HS-grad,9,Married-civ-spouse,Exec-managerial,Wife,White,Female,6598,0,55,United-States,0,0.979418022307188,1,6,1.0
35,,22966,Bachelors,13,Never-married,,Own-child,White,Male,2936,0,50,United-States,0,0.045473854412469816,0,6,1.0
65,Self-emp-inc,155983,Masters,14,Married-civ-spouse,Sales,Husband,White,Male,4461,0,80,United-States,1,0.22757241648358323,0,6,1.0
56,Local-gov,445382,Some-college,10,Married-civ-spouse,Machine-op-inspct,Husband,White,Male,13376,0,55,United-States,1,0.9990596109356045,1,6,1.0
34,,52596,Some-college,10,Never-married,,Own-child,White,Male,9048,0,30,,1,0.9951641714780592,1,6,1.0
54,Federal-gov,65950,HS-grad,9,Divorced,Adm-clerical,Unmarried,Black,Female,5185,0,55,United-States,0,0.14526881862459104,0,6,1.0
42,,361817,HS-grad,9,Never-married,,Own-child,White,Male,12204,0,40,United-States,0,0.9973285866151886,1,6,1.0
30,Local-gov,242956,11th,7,Never-married,Prof-specialty,Own-child,Black,Female,12851,0,55,United-States,0,0.9936996986065658,1,6,1.0
62,Federal-gov,184007,Some-college,10,Married-civ-spouse,Adm-clerical,Husband,White,Male,14836,0,55,United-States,0,0.9865625989678003,1,6,1.0
39,Private,278122,HS-grad,9,Never-married,Transport-moving,Own-child,White,Male,267,0,55,United-States,0,0.007142037833927242,0,6,1.0
57,State-gov,208049,HS-grad,9,Divorced,Tech-support,Unmarried,White,Female,14538,0,55,United-States,0,0.9981711561507494,1,6,1.0
51,Self-emp-inc,122742,Assoc-acdm,12,Married-civ-spouse,Exec-managerial,Husband,White,Male,18773,0,70,United-States,1,0.9991175538801405,1,6,1.0
55,Federal-gov,101709,Some-college,10,Divorced,Handlers-cleaners,Not-in-family,Asian-Pac-Islander,Male,5890,0,55,United-States,0,0.33444687618312713,0,6,1.0
36,Private,149457,Some-college,10,Never-married,Adm-clerical,Unmarried,White,Female,12427,0,55,United-States,0,0.994422931133856,1,6,1.0
58,Private,186410,Prof-school,15,Never-married,Exec-managerial,Not-in-family,White,Male,8395,0,65,United-States,1,0.9968748549199706,1,6,1.0
56,Local-gov,177240,Prof-school,15,Never-married,Prof-specialty,Not-in-family,White,Male,21996,0,55,United-States,1,0.9983661696844081,1,6,1.0
62,Local-gov,186888,HS-grad,9,Married-civ-spouse,Exec-managerial,Wife,Black,Female,7434,0,55,United-States,1,0.9914827791747535,1,6,1.0
37,Private,197651,HS-grad,9,Never-married,Sales,Unmarried,White,Female,5206,0,55,United-States,0,0.05044907018553647,0,6,1.0
42,Private,224147,HS-grad,9,Never-married,Transport-moving,Own-child,Black,Male,1007,0,55,United-States,0,0.00933898889076003,0,6,1.0
40,Private,60288,HS-grad,9,Never-married,Adm-clerical,Own-child,White,Female,674,0,55,United-States,0,0.0067088485094615275,0,6,1.0
49,Private,109472,9th,5,Divorced,Other-service,Not-in-family,White,Female,8729,0,55,United-States,0,0.9946918958056514,1,6,1.0
38,Private,86483,Some-college,10,Never-married,Exec-managerial,Not-in-family,White,Female,11723,0,55,United-States,0,0.9986332848050721,1,6,1.0
50,Self-emp-not-inc,255503,11th,7,Divorced,Exec-managerial,Not-in-family,White,Male,8792,0,70,United-States,0,0.9953762482011725,1,6,1.0
38,Private,250261,1st-4th,2,Never-married,Handlers-cleaners,Not-in-family,White,Male,3167,0,70,Mexico,0,0.0026843687448370227,0,6,1.0
77,Self-emp-not-inc,316093,Prof-school,15,Divorced,Prof-specialty,Not-in-family,White,Male,12640,1668,55,United-States,0,0.9838698415124301,1,6,1.0
70,Private,289364,Some-college,10,Married-civ-spouse,Exec-managerial,Husband,White,Male,12717,0,60,United-States,1,0.9916437764477077,1,6,1.0
44,Private,118551,Bachelors,13,Married-civ-spouse,Adm-clerical,Wife,White,Female,2071,0,50,,1,0.2586770067100454,0,6,1.0
41,,236834,Some-college,10,Divorced,,Own-child,White,Female,11344,0,30,United-States,0,0.9939952294121005,1,6,1.0
48,Private,308945,HS-grad,9,Married-civ-spouse,Machine-op-inspct,Husband,White,Male,11293,0,55,United-States,0,0.9989407152944257,1,6,1.0
72,Local-gov,149281,HS-grad,9,Married-civ-spouse,Protective-serv,Husband,White,Male,2008,0,55,United-States,0,0.08408467545152847,0,6,1.0
75,Local-gov,28856,7th-8th,4,Married-civ-spouse,Other-service,Husband,White,Male,1946,0,70,United-States,0,0.023761884560539615,0,6,1.0
42,Private,59496,Some-college,10,Married-civ-spouse,Transport-moving,Husband,White,Male,10204,0,55,United-States,0,0.9975389093089573,1,6,1.0
54,Private,208584,Assoc-acdm,12,Separated,Sales,Not-in-family,Black,Female,2423,0,55,United-States,0,0.01611229123638046,0,6,1.0
78,Private,199374,Masters,14,Widowed,Sales,Unmarried,White,Female,4703,0,35,United-States,0,0.9699857587251064,1,6,1.0
65,Self-emp-inc,116211,Some-college,10,Married-civ-spouse,Exec-managerial,Husband,White,Male,979,0,55,United-States,0,0.22813287122882062,0,6,1.0
52,Private,84136,HS-grad,9,Married-civ-spouse,Craft-repair,Husband,White,Male,1924,0,40,United-States,0,0.07526672599358931,0,6,1.0
30,Private,301948,HS-grad,9,Never-married,Protective-serv,Own-child,White,Male,36005,0,18,United-States,0,0.9824185893500739,1,6,1.0
57,Private,371886,Bachelors,13,Never-married,Prof-specialty,Not-in-family,White,Male,4750,0,61,United-States,0,0.974774402284493,1,6,1.0
40,Local-gov,263600,HS-grad,9,Married-civ-spouse,Protective-serv,Husband,White,Male,7177,0,55,United-States,1,0.9985215638460907,1,6,1.0
67,Self-emp-inc,124137,Some-college,10,Married-civ-spouse,Sales,Husband,White,Male,9656,0,55,United-States,1,0.9645801037270076,1,6,1.0
48,Local-gov,187411,Masters,14,Never-married,Prof-specialty,Not-in-family,White,Male,2451,0,65,United-States,1,0.06144522902820362,0,6,1.0
48,Private,148143,HS-grad,9,Never-married,Machine-op-inspct,Other-relative,Black,Female,1778,0,55,United-States,0,0.003695209800497768,0,6,1.0
62,Local-gov,105788,HS-grad,9,Separated,Exec-managerial,Unmarried,Black,Female,7899,0,50,United-States,0,0.8235636362713027,1,6,1.0
51,Federal-gov,227597,HS-grad,9,Never-married,Armed-Forces,Not-in-family,White,Male,7183,0,65,United-States,0,0.9171850518959657,1,6,1.0
47,Federal-gov,182863,Bachelors,13,Separated,Tech-support,Unmarried,White,Male,6586,0,55,United-States,0,0.4986873320581887,0,6,1.0
42,Private,430283,HS-grad,9,Married-civ-spouse,Adm-clerical,Wife,White,Female,19268,0,55,United-States,1,0.9989941278435764,1,6,1.0
63,Private,161482,HS-grad,9,Divorced,Other-service,Unmarried,White,Female,12600,0,53,United-States,0,0.9966314370584761,1,6,1.0
47,Private,32126,Bachelors,13,Never-married,Prof-specialty,Not-in-family,White,Female,7109,0,55,United-States,0,0.7250813088682907,1,6,1.0
81,Private,370888,Assoc-acdm,12,Divorced,Adm-clerical,Not-in-family,White,Female,4608,0,21,Germany,0,0.007855443778728282,0,6,1.0
31,Private,232060,Some-college,10,Never-married,Other-service,Not-in-family,White,Male,13017,0,50,United-States,0,0.9985075294945553,1,6,1.0
30,,28311,11th,7,Never-married,,Own-child,White,Female,7388,0,50,United-States,0,0.6459505795884761,1,6,1.0
47,Private,46028,Assoc-acdm,12,Divorced,Other-service,Unmarried,White,Female,2705,0,65,United-States,0,0.01010552778669603,0,6,1.0
47,Private,233533,Bachelors,13,Married-civ-spouse,Sales,Husband,White,Male,385,0,57,United-States,0,0.2771415441177431,0,6,1.0
40,,389857,HS-grad,9,Married-civ-spouse,,Other-relative,White,Male,6533,0,31,United-States,0,0.9650605991944885,1,6,1.0
74,Private,190491,Doctorate,16,Married-civ-spouse,Prof-specialty,Husband,White,Male,21680,0,60,United-States,1,0.9913345315190969,1,6,1.0
39,Private,114967,Bachelors,13,Never-married,Sales,Own-child,White,Male,4723,0,55,United-States,0,0.8930025246215085,1,6,1.0
63,Self-emp-not-inc,103257,Prof-school,15,Married-civ-spouse,Prof-specialty,Husband,White,Male,12069,0,55,United-States,0,0.9961861127474855,1,6,1.0
52,Private,179069,Bachelors,13,Never-married,Prof-specialty,Not-in-family,White,Male,13679,0,45,United-States,0,0.9987677377007794,1,6,1.0
37,Private,206343,HS-grad,9,Never-married,Protective-serv,Other-relative,White,Male,8812,0,55,United-States,0,0.9961826831425137,1,6,1.0
71,Self-emp-not-inc,156797,HS-grad,9,Widowed,Exec-managerial,Not-in-family,White,Female,16263,0,75,United-States,1,0.9941896447902651,1,6,1.0
54,Private,83411,Some-college,10,Divorced,Exec-managerial,Not-in-family,White,Male,1680,1408,55,United-States,0,0.00819971850698909,0,6,1.0
57,Private,223319,Some-college,10,Divorced,Sales,Own-child,White,Male,10918,0,60,United-States,0,0.9973731989832927,1,6,1.0
71,,93655,Some-college,10,Married-civ-spouse,,Husband,White,Male,3950,0,55,United-States,0,0.073700822863732,0,6,1.0
49,Private,197429,HS-grad,9,Married-civ-spouse,Handlers-cleaners,Husband,White,Male,1831,0,60,United-States,1,0.05504169919799167,0,6,1.0
68,Self-emp-not-inc,94156,Prof-school,15,Married-civ-spouse,Prof-specialty,Husband,White,Male,8262,1977,65,United-States,1,0.9888176506967207,1,6,1.0
55,Private,216411,1st-4th,2,Never-married,Adm-clerical,Unmarried,White,Female,4548,0,45,Dominican-Republic,0,0.009395636179856021,0,6,1.0
61,Private,278322,Bachelors,13,Married-civ-spouse,Machine-op-inspct,Husband,White,Male,291,0,55,United-States,1,0.23272418539320971,0,6,1.0
38,Private,191765,Bachelors,13,Never-married,Prof-specialty,Not-in-family,White,Male,8866,0,55,Scotland,0,0.9979499164362438,1,6,1.0
68,Private,140136,Some-college,10,Married-civ-spouse,Transport-moving,Husband,Black,Male,12710,0,50,United-States,1,0.9876896580865332,1,6,1.0
54,Private,339814,Bachelors,13,Married-civ-spouse,Prof-specialty,Husband,White,Male,1123,0,55,United-States,1,0.3051331747913921,0,6,1.0
34,Private,450920,Assoc-acdm,12,Never-married,Adm-clerical,Not-in-family,Black,Female,2269,0,55,United-States,0,0.006699568416460558,0,6,1.0
36,Private,139989,Bachelors,13,Never-married,Sales,Own-child,Black,Male,13529,0,55,United-States,0,0.9973425047378311,1,6,1.0
64,Self-emp-not-inc,399008,HS-grad,9,Married-civ-spouse,Transport-moving,Husband,Black,Male,7515,0,55,United-States,0,0.9718007513166836,1,6,1.0
32,Private,435469,HS-grad,9,Never-married,Other-service,Own-child,White,Female,4113,0,55,Mexico,0,0.004309410987137003,0,6,1.0
74,Federal-gov,34916,Some-college,10,Married-civ-spouse,Prof-specialty,Husband,White,Male,7606,0,55,United-States,1,0.9879739819092557,1,6,1.0
46,Private,177437,Some-college,10,Married-civ-spouse,Craft-repair,Husband,White,Male,25826,0,60,United-States,1,0.9990948079923692,1,6,1.0
42,Private,149531,Some-college,10,Married-civ-spouse,Sales,Husband,White,Male,14644,0,55,United-States,0,0.999066849421135,1,6,1.0
44,Private,205528,HS-grad,9,Divorced,Adm-clerical,Unmarried,White,Female,7026,0,55,United-States,0,0.06004232990723586,0,6,1.0
43,Self-emp-not-inc,213307,10th,6,Married-civ-spouse,Other-service,Wife,White,Female,11637,0,43,Mexico,0,0.9988724271424094,1,6,1.0
47,Private,361888,Assoc-acdm,12,Married-civ-spouse,Tech-support,Husband,White,Male,5764,0,55,United-States,1,0.99372840097345,1,6,1.0
42,Private,161690,Assoc-voc,11,Never-married,Prof-specialty,Not-in-family,White,Female,7693,0,55,United-States,0,0.9504892893205518,1,6,1.0
64,Private,177858,HS-grad,9,Divorced,Craft-repair,Other-relative,White,Male,14883,0,70,United-States,1,0.9929567725351259,1,6,1.0
48,Private,141029,HS-grad,9,Separated,Craft-repair,Unmarried,White,Female,10855,0,55,United-States,0,0.9946583229270383,1,6,1.0
44,Private,281219,Assoc-voc,11,Divorced,Sales,Unmarried,White,Female,4395,1380,55,United-States,0,0.19821579031461176,0,6,1.0
67,Private,276229,Some-college,10,Divorced,Tech-support,Not-in-family,White,Female,9892,0,55,United-States,0,0.9920085018829968,1,6,1.0
70,State-gov,32367,Some-college,10,Married-civ-spouse,Exec-managerial,Husband,White,Male,287,0,55,United-States,0,0.12848918270867585,0,6,1.0
54,Private,142756,Some-college,10,Divorced,Adm-clerical,Unmarried,White,Female,11935,0,50,United-States,0,0.9976573713384848,1,6,1.0
51,Private,229647,Bachelors,13,Never-married,Tech-support,Not-in-family,White,Female,2355,1669,55,United-States,0,0.004684781650738249,0,6,1.0
31,Self-emp-not-inc,47176,Some-college,10,Never-married,Craft-repair,Not-in-family,White,Female,10320,0,30,United-States,0,0.9910755903383882,1,6,1.0
68,State-gov,110257,HS-grad,9,Married-civ-spouse,Adm-clerical,Husband,White,Male,14104,0,55,United-States,0,0.9792389582111295,1,6,1.0
48,Private,161547,Bachelors,13,Never-married,Sales,Unmarried,Black,Female,9071,0,55,United-States,0,0.9947698107253302,1,6,1.0
34,Private,218886,12th,8,Never-married,Handlers-cleaners,Own-child,Amer-Indian-Eskimo,Male,14604,0,55,United-States,0,0.9932345914754381,1,6,1.0
47,Self-emp-inc,182148,Bachelors,13,Married-civ-spouse,Exec-managerial,Husband,White,Male,13356,0,75,United-States,1,0.9991673803562143,1,6,1.0
49,Private,179488,10th,6,Married-civ-spouse,Farming-fishing,Husband,White,Male,12001,0,55,United-States,0,0.9985803117523046,1,6,1.0
51,Local-gov,344855,Masters,14,Married-civ-spouse,Prof-specialty,Wife,White,Female,14203,1977,35,United-States,1,0.9995331569684782,1,6,1.0
41,Private,200515,Some-college,10,Married-civ-spouse,Machine-op-inspct,Husband,White,Male,9573,0,53,United-States,0,0.9984204696365266,1,6,1.0
64,Self-emp-not-inc,193116,7th-8th,4,Married-civ-spouse,Craft-repair,Husband,White,Male,12744,0,35,Mexico,0,0.958212387719895,1,6,1.0
62,Local-gov,237356,Some-college,10,Married-civ-spouse,Protective-serv,Husband,White,Male,17204,0,55,United-States,1,0.9857353219101693,1,6,1.0
56,Private,238574,Prof-school,15,Married-civ-spouse,Prof-specialty,Husband,White,Male,7160,0,65,United-States,1,0.996418966126596,1,6,1.0
61,Self-emp-inc,306289,HS-grad,9,Married-civ-spouse,Exec-managerial,Husband,White,Male,12431,0,55,United-States,1,0.9923902554919872,1,6,1.0
55,Local-gov,43998,Bachelors,13,Divorced,Prof-specialty,Unmarried,White,Female,13482,0,65,United-States,0,0.9975441891759611,1,6,1.0
52,Private,105936,Bachelors,13,Divorced,Prof-specialty,Not-in-family,White,Female,5572,0,55,United-States,0,0.174414534101443,0,6,1.0
50,Private,103925,HS-grad,9,Never-married,Adm-clerical,Unmarried,White,Female,7200,0,50,United-States,0,0.8379631860329418,1,6,1.0
48,Local-gov,173542,HS-grad,9,Divorced,Adm-clerical,Unmarried,White,Female,1014,0,55,United-States,0,0.010785299418383132,0,6,1.0
55,,174662,Some-college,10,Divorced,,Not-in-family,White,Female,876,0,55,United-States,0,0.028370383219232086,0,6,1.0
46,Private,424988,9th,5,Married-civ-spouse,Craft-repair,Husband,White,Male,9975,0,55,Mexico,0,0.9982813291411153,1,6,1.0
52,Private,408229,1st-4th,2,Never-married,Other-service,Not-in-family,White,Male,4846,0,60,El-Salvador,0,0.2335576756171269,0,6,1.0
53,Private,122215,Masters,14,Married-civ-spouse,Prof-specialty,Husband,White,Male,28653,0,55,United-States,1,0.9991117314678637,1,6,1.0
47,Private,298635,Bachelors,13,Never-married,Sales,Not-in-family,Asian-Pac-Islander,Male,8609,0,65,United-States,0,0.9980670567120192,1,6,1.0
84,,188009,7th-8th,4,Divorced,,Not-in-family,White,Male,11538,0,45,United-States,0,0.9954833579870173,1,6,1.0
51,Private,113725,Masters,14,Divorced,Exec-managerial,Not-in-family,White,Female,16509,0,55,United-States,1,0.9985413665105304,1,6,1.0
54,Private,376072,HS-grad,9,Married-civ-spouse,Transport-moving,Husband,White,Male,9718,0,45,United-States,0,0.9986991382456256,1,6,1.0
46,Self-emp-not-inc,120672,7th-8th,4,Never-married,Handlers-cleaners,Unmarried,Black,Male,8843,0,25,United-States,0,0.9636635004495347,1,6,1.0
73,Private,181028,Masters,14,Married-civ-spouse,Prof-specialty,Husband,White,Male,2423,0,33,United-States,0,0.15830849028902774,0,6,1.0
48,Private,215503,HS-grad,9,Never-married,Craft-repair,Not-in-family,White,Male,4643,0,80,United-States,0,0.03828602363346851,0,6,1.0
62,Private,193871,Masters,14,Married-civ-spouse,Prof-specialty,Wife,White,Female,13980,0,53,United-States,0,0.9940835122864207,1,6,1.0
61,Private,186009,Some-college,10,Divorced,Other-service,Unmarried,White,Female,7821,0,58,United-States,0,0.9601124220519547,1,6,1.0
64,Private,203635,HS-grad,9,Married-civ-spouse,Handlers-cleaners,Husband,White,Male,630,0,55,United-States,1,0.07259055565207866,0,6,1.0
47,Private,195516,7th-8th,4,Married-civ-spouse,Tech-support,Husband,White,Male,6386,0,55,Mexico,0,0.990421955271617,1,6,1.0
49,Private,176900,HS-grad,9,Married-civ-spouse,Craft-repair,Husband,White,Male,4513,0,99,United-States,1,0.09777504181466276,0,6,1.0
50,Self-emp-not-inc,344480,HS-grad,9,Married-civ-spouse,Craft-repair,Husband,White,Male,10624,0,55,United-States,0,0.9988639160715566,1,6,1.0
53,Private,160893,Assoc-acdm,12,Never-married,Adm-clerical,Not-in-family,White,Female,7747,0,60,United-States,0,0.9130429905644076,1,6,1.0
45,Private,106976,HS-grad,9,Divorced,Other-service,Unmarried,White,Female,4260,0,55,United-States,0,0.2579908657937801,0,6,1.0
72,Private,304074,Some-college,10,Widowed,Transport-moving,Not-in-family,White,Male,7639,0,43,United-States,0,0.9492495434317504,1,6,1.0
64,Private,180949,Some-college,10,Married-civ-spouse,Transport-moving,Husband,White,Male,3155,0,45,United-States,0,0.09251627703738817,0,6,1.0
53,Private,188615,Some-college,10,Married-civ-spouse,Craft-repair,Husband,White,Male,1239,0,55,United-States,1,0.1685370075054626,0,6,1.0
41,Private,236436,HS-grad,9,Never-married,Adm-clerical,Not-in-family,White,Female,6791,0,55,United-States,0,0.03957685377280508,0,6,1.0
72,Private,39263,Masters,14,Never-married,Exec-managerial,Not-in-family,White,Female,3772,0,50,United-States,0,0.06607730198752243,0,6,1.0
37,Private,120268,HS-grad,9,Never-married,Sales,Own-child,White,Male,13219,1741,55,United-States,0,0.9942376650844078,1,6,1.0
29,Private,270942,HS-grad,9,Never-married,Other-service,Other-relative,White,Male,11328,0,50,Mexico,0,0.9961632264267665,1,6,1.0
70,Self-emp-inc,112945,Prof-school,15,Never-married,Prof-specialty,Not-in-family,White,Male,39318,0,55,United-States,1,0.9976507453752087,1,6,1.0
55,Local-gov,105862,Some-college,10,Married-civ-spouse,Adm-clerical,Wife,White,Female,7025,1902,55,United-States,1,0.992695990089304,1,6,1.0
47,Private,183279,HS-grad,9,Married-civ-spouse,Craft-repair,Husband,White,Male,13961,0,55,United-States,0,0.9990702236408587,1,6,1.0
62,,146015,HS-grad,9,Married-civ-spouse,,Husband,White,Male,13387,0,55,United-States,1,0.9877524059438118,1,6,1.0
65,Self-emp-not-inc,145419,1st-4th,2,Married-civ-spouse,Exec-managerial,Husband,White,Male,20957,0,82,Italy,1,0.9911759672596192,1,6,1.0
70,Private,259532,Some-college,10,Married-civ-spouse,Transport-moving,Husband,White,Male,4070,0,85,United-States,0,0.08746894186622306,0,6,1.0
41,Private,29361,HS-grad,9,Never-married,Other-service,Not-in-family,White,Female,14947,0,53,United-States,0,0.9982334060116895,1,6,1.0
71,Self-emp-inc,159472,HS-grad,9,Married-civ-spouse,Sales,Husband,White,Male,3599,0,55,United-States,0,0.062347678730704334,0,6,1.0
60,Self-emp-not-inc,107231,Bachelors,13,Married-civ-spouse,Exec-managerial,Husband,White,Male,99999,0,65,United-States,1,0.9962446217612391,1,6,1.0
48,,143774,HS-grad,9,Divorced,,Other-relative,White,Female,11707,0,55,United-States,0,0.9974472625054926,1,6,1.0
47,Private,237943,HS-grad,9,Married-civ-spouse,Handlers-cleaners,Husband,White,Male,8477,0,75,United-States,0,0.9980257223260662,1,6,1.0
62,Private,217083,HS-grad,9,Married-civ-spouse,Adm-clerical,Wife,White,Female,7723,0,55,United-States,1,0.9836432589976135,1,6,1.0
29,Private,143331,10th,6,Never-married,Sales,Own-child,White,Male,11580,0,30,United-States,0,0.9940628088215849,1,6,1.0
35,Private,166517,HS-grad,9,Married-civ-spouse,Adm-clerical,Husband,White,Male,5961,0,55,United-States,0,0.9908829796006673,1,6,1.0
41,Private,278637,Bachelors,13,Married-civ-spouse,Sales,Husband,White,Male,14940,0,60,United-States,1,0.9991667939270801,1,6,1.0
53,Private,46221,Prof-school,15,Never-married,Exec-managerial,Not-in-family,White,Male,11143,0,75,United-States,1,0.9986009517456819,1,6,1.0
37,Private,273876,Bachelors,13,Never-married,Sales,Not-in-family,White,Male,3828,0,80,United-States,0,0.06919079893134643,0,6,1.0
45,Private,111567,Masters,14,Married-civ-spouse,Exec-managerial,Husband,White,Male,13192,1902,60,Germany,1,0.9994764179061179,1,6,1.0
50,Private,257942,HS-grad,9,Never-married,Adm-clerical,Not-in-family,White,Male,8333,0,75,United-States,0,0.9978057303083668,1,6,1.0
60,Private,155664,HS-grad,9,Married-civ-spouse,Craft-repair,Husband,White,Male,15117,0,85,United-States,1,0.9989763118270537,1,6,1.0
42,Private,209103,Assoc-voc,11,Married-civ-spouse,Exec-managerial,Husband,White,Male,5325,0,63,United-States,0,0.9931214773232916,1,6,1.0
62,Self-emp-inc,175339,HS-grad,9,Married-civ-spouse,Craft-repair,Husband,White,Male,10737,1672,75,United-States,0,0.94294732493683,1,6,1.0
31,,169324,Some-college,10,Never-married,,Own-child,White,Male,13805,0,25,United-States,0,0.9923901207523262,1,6,1.0
32,Private,317443,Some-college,10,Never-married,Adm-clerical,Own-child,Black,Female,94,0,30,United-States,0,0.0012149875242862867,0,6,1.0
30,Private,184693,Some-college,10,Never-married,Other-service,Own-child,White,Female,13577,0,35,Mexico,0,0.995414056337423,1,6,1.0
55,State-gov,125405,HS-grad,9,Married-civ-spouse,Protective-serv,Husband,White,Male,7781,0,55,United-States,0,0.9985060634514057,1,6,1.0
43,Private,303942,Some-college,10,Married-civ-spouse,Sales,Husband,White,Male,3395,0,65,United-States,0,0.10975293816265637,0,6,1.0
43,Private,151053,Some-college,10,Married-civ-spouse,Transport-moving,Husband,White,Male,6728,0,49,United-States,0,0.9567169252204432,1,6,1.0
50,Private,203836,HS-grad,9,Married-civ-spouse,Sales,Husband,White,Male,6507,0,55,Columbia,0,0.990369787801657,1,6,1.0
32,Private,175069,Some-college,10,Never-married,Adm-clerical,Own-child,White,Male,1587,0,55,Yugoslavia,0,0.008469704146380373,0,6,1.0
51,Private,56962,Some-college,10,Married-civ-spouse,Exec-managerial,Wife,White,Female,7847,0,58,United-States,1,0.9980420669958411,1,6,1.0
39,Private,233421,Some-college,10,Never-married,Adm-clerical,Own-child,White,Male,5865,0,35,United-States,0,0.10074534974543325,0,6,1.0
68,Private,157786,HS-grad,9,Married-civ-spouse,Transport-moving,Husband,White,Male,5418,0,63,United-States,1,0.9859168785807069,1,6,1.0
32,,211968,Some-college,10,Never-married,,Own-child,White,Female,7414,0,60,United-States,0,0.7803535631754904,1,6,1.0
42,Private,191777,12th,8,Never-married,Other-service,Own-child,Black,Female,6763,0,35,,0,0.06346661491180346,0,6,1.0
72,Private,156889,Some-college,10,Divorced,Adm-clerical,Not-in-family,White,Female,13560,0,55,United-States,0,0.9958177794739332,1,6,1.0
58,Private,129232,Bachelors,13,Married-civ-spouse,Sales,Husband,White,Male,12470,0,70,United-States,1,0.9990717208455847,1,6,1.0
62,Private,163708,HS-grad,9,Widowed,Other-service,Unmarried,White,Female,9697,0,55,United-States,0,0.9975739410767973,1,6,1.0
58,Local-gov,93557,Bachelors,13,Married-civ-spouse,Prof-specialty,Husband,White,Male,5808,0,65,United-States,1,0.9905835966470536,1,6,1.0
36,Local-gov,155818,Bachelors,13,Never-married,Prof-specialty,Not-in-family,White,Female,10184,0,75,United-States,0,0.99736336918172,1,6,1.0
34,Private,24008,HS-grad,9,Never-married,Adm-clerical,Not-in-family,White,Male,5103,0,55,United-States,0,0.2769051613497013,0,6,1.0
41,Private,337266,Assoc-voc,11,Married-civ-spouse,Exec-managerial,Husband,White,Male,9185,0,55,United-States,1,0.9986917984491651,1,6,1.0
51,Private,279272,Assoc-acdm,12,Never-married,Transport-moving,Not-in-family,Black,Male,14552,0,75,United-States,0,0.9978051831441015,1,6,1.0
73,Federal-gov,136787,Some-college,10,Married-civ-spouse,Adm-clerical,Husband,White,Male,6294,0,55,United-States,1,0.9891202329335983,1,6,1.0
54,Private,150568,HS-grad,9,Separated,Sales,Unmarried,White,Female,211,0,60,United-States,0,0.010194854247422487,0,6,1.0
47,Local-gov,85548,Some-college,10,Separated,Adm-clerical,Unmarried,Amer-Indian-Eskimo,Female,8264,0,55,United-States,0,0.7915845015677283,1,6,1.0
51,Federal-gov,149347,Masters,14,Never-married,Prof-specialty,Not-in-family,White,Male,491,0,55,Poland,1,0.09703212787738306,0,6,1.0
51,Self-emp-not-inc,29874,Some-college,10,Separated,Craft-repair,Not-in-family,White,Male,10373,0,75,United-States,1,0.9931653974984969,1,6,1.0
62,Private,175804,HS-grad,9,Married-civ-spouse,Sales,Husband,White,Male,1432,0,63,United-States,0,0.0959957506124898,0,6,1.0
48,Private,124111,HS-grad,9,Divorced,Adm-clerical,Unmarried,White,Female,611,0,50,United-States,0,0.011696511342469929,0,6,1.0
59,Private,140664,Bachelors,13,Divorced,Sales,Not-in-family,White,Male,90,0,60,United-States,0,0.05913935966099572,0,6,1.0
36,Private,190015,Bachelors,13,Married-civ-spouse,Prof-specialty,Husband,White,Male,10088,0,55,United-States,0,0.9988723176708515,1,6,1.0
60,Local-gov,31264,Some-college,10,Married-civ-spouse,Exec-managerial,Wife,White,Female,10898,0,55,United-States,1,0.9988011659656167,1,6,1.0
50,Private,136629,Bachelors,13,Married-civ-spouse,Machine-op-inspct,Husband,White,Male,8528,0,55,Iran,0,0.9985245529885882,1,6,1.0
29,Private,507492,11th,7,Never-married,Sales,Own-child,White,Female,7783,0,30,Guatemala,0,0.7850372856160998,1,6,1.0
32,Private,205895,Some-college,10,Never-married,Sales,Own-child,White,Female,6071,0,35,United-States,0,0.06509194991087869,0,6,1.0
43,Private,152940,Some-college,10,Married-civ-spouse,Craft-repair,Husband,White,Male,9232,0,55,United-States,0,0.9984768894661441,1,6,1.0
66,Private,102828,HS-grad,9,Married-civ-spouse,Craft-repair,Husband,White,Male,1884,0,64,United-States,0,0.09372258431342852,0,6,1.0
50,Private,33394,HS-grad,9,Married-civ-spouse,Craft-repair,Husband,White,Male,6366,0,75,United-States,0,0.990481699946378,1,6,1.0
50,Private,130277,Some-college,10,Divorced,Tech-support,Unmarried,White,Female,8622,1726,55,United-States,0,0.9935198486413503,1,6,1.0
65,Private,153486,HS-grad,9,Separated,Transport-moving,Not-in-family,White,Male,5151,0,45,United-States,0,0.26662470617474876,0,6,1.0
62,Private,83311,Masters,14,Married-civ-spouse,Exec-managerial,Husband,White,Male,12975,0,55,United-States,1,0.9965122618661897,1,6,1.0
62,Federal-gov,36489,Some-college,10,Married-civ-spouse,Adm-clerical,Husband,White,Male,335,0,55,United-States,1,0.23547896891984946,0,6,1.0
59,Private,178309,9th,5,Never-married,Other-service,Unmarried,White,Female,1182,0,65,United-States,0,0.004214903924465582,0,6,1.0
58,Private,328669,Assoc-voc,11,Married-civ-spouse,Craft-repair,Husband,White,Male,468,0,57,United-States,0,0.17583894655671664,0,6,1.0
51,Private,410509,HS-grad,9,Divorced,Handlers-cleaners,Unmarried,White,Male,11745,0,55,United-States,0,0.9962154150780632,1,6,1.0
58,Private,283037,Bachelors,13,Married-civ-spouse,Exec-managerial,Husband,White,Male,7363,0,65,United-States,1,0.9982769361534173,1,6,1.0
42,Private,167476,HS-grad,9,Married-civ-spouse,Transport-moving,Husband,White,Male,2762,0,65,United-States,0,0.05789079423973139,0,6,1.0
70,,365410,Some-college,10,Separated,,Other-relative,White,Female,3162,0,99,United-States,0,0.010822527228164324,0,6,1.0
50,State-gov,185180,Prof-school,15,Married-civ-spouse,Prof-specialty,Husband,White,Male,10273,0,55,United-States,1,0.9977841010968185,1,6,1.0
64,Self-emp-not-inc,73134,Bachelors,13,Married-civ-spouse,Sales,Husband,White,Male,2928,0,55,United-States,1,0.1683937469071694,0,6,1.0
61,Private,67365,HS-grad,9,Married-civ-spouse,Craft-repair,Husband,White,Male,10206,0,55,United-States,1,0.8800804368475386,1,6,1.0
61,Private,102096,9th,5,Married-civ-spouse,Handlers-cleaners,Husband,White,Male,10333,0,55,United-States,0,0.8800910167685846,1,6,1.0
40,Private,102533,Some-college,10,Separated,Handlers-cleaners,Not-in-family,Black,Male,13722,0,55,United-States,0,0.997832007345331,1,6,1.0
40,Private,184831,Some-college,10,Married-civ-spouse,Exec-managerial,Husband,White,Male,7926,0,55,United-States,0,0.9985786893845469,1,6,1.0
39,Private,221912,HS-grad,9,Never-married,Handlers-cleaners,Own-child,White,Male,8831,0,55,United-States,0,0.9924793537652895,1,6,1.0
31,Private,304299,HS-grad,9,Never-married,Sales,Unmarried,White,Female,9714,0,55,United-States,0,0.9909030965503062,1,6,1.0
70,Private,314153,HS-grad,9,Married-civ-spouse,Sales,Husband,White,Male,10188,0,55,United-States,1,0.8291672576439069,1,6,1.0
71,Private,155976,HS-grad,9,Widowed,Adm-clerical,Not-in-family,White,Female,13535,0,55,United-States,0,0.9967019438165028,1,6,1.0
31,Private,307496,Some-college,10,Never-married,Other-service,Own-child,White,Female,1244,0,31,United-States,0,0.001925235936378841,0,6,1.0
47,Private,217605,HS-grad,9,Married-civ-spouse,Handlers-cleaners,Wife,White,Female,11199,0,55,United-States,0,0.9979966184816504,1,6,1.0
53,Local-gov,401134,Bachelors,13,Divorced,Prof-specialty,Unmarried,White,Female,3887,0,55,United-States,0,0.029024739874017456,0,6,1.0
39,Private,279608,5th-6th,3,Married-civ-spouse,Farming-fishing,Husband,White,Male,11434,0,55,Mexico,0,0.9967189835276845,1,6,1.0
36,Private,234663,HS-grad,9,Never-married,Handlers-cleaners,Own-child,White,Male,3960,0,75,United-States,0,0.005669184646705092,0,6,1.0
42,Private,187203,Bachelors,13,Married-civ-spouse,Handlers-cleaners,Husband,White,Male,4425,0,55,United-States,0,0.07554052377528117,0,6,1.0
57,Private,449354,Some-college,10,Married-civ-spouse,Exec-managerial,Husband,White,Male,12778,0,55,United-States,0,0.9990881317760406,1,6,1.0
63,Private,207419,HS-grad,9,Divorced,Craft-repair,Not-in-family,White,Male,8075,0,75,United-States,0,0.9241845577273188,1,6,1.0
78,,170617,Masters,14,Widowed,,Not-in-family,White,Male,5682,0,21,United-States,0,0.07497317717586584,0,6,1.0
57,State-gov,235431,HS-grad,9,Separated,Sales,Unmarried,Black,Female,12002,0,55,United-States,0,0.997776592996399,1,6,1.0
35,Private,237432,12th,8,Never-married,Other-service,Not-in-family,White,Male,3622,0,75,United-States,0,0.00895434363967482,0,6,1.0
45,Private,208180,Bachelors,13,Never-married,Sales,Not-in-family,White,Female,9993,0,55,United-States,0,0.997907340060729,1,6,1.0
62,Private,249096,Some-college,10,Married-civ-spouse,Transport-moving,Husband,White,Male,13433,0,75,United-States,1,0.9824562612016624,1,6,1.0
60,Local-gov,81154,Assoc-voc,11,Never-married,Protective-serv,Unmarried,White,Male,1911,0,63,United-States,0,0.042830388741126574,0,6,1.0
54,Private,143046,Bachelors,13,Never-married,Prof-specialty,Not-in-family,White,Female,14077,1564,53,United-States,1,0.999668510019142,1,6,1.0
41,Private,262208,Some-college,10,Never-married,Other-service,Not-in-family,Black,Female,12300,0,45,Jamaica,0,0.9981049335557389,1,6,1.0
68,Self-emp-not-inc,156873,HS-grad,9,Married-civ-spouse,Craft-repair,Husband,White,Male,6887,0,55,United-States,0,0.706055152788316,1,6,1.0
63,Local-gov,230767,Assoc-acdm,12,Never-married,Adm-clerical,Not-in-family,White,Male,6870,0,53,Cuba,0,0.11757616318424445,0,6,1.0
42,Private,302473,HS-grad,9,Never-married,Adm-clerical,Own-child,White,Female,9727,0,55,United-States,0,0.9952980128109014,1,6,1.0
31,Private,251579,Some-college,10,Never-married,Other-service,Own-child,White,Male,11938,0,29,United-States,0,0.9935149892461873,1,6,1.0
52,Federal-gov,219266,HS-grad,9,Married-civ-spouse,Exec-managerial,Husband,White,Male,2743,0,55,United-States,1,0.3542484253410608,0,6,1.0
84,,132015,7th-8th,4,Divorced,,Not-in-family,White,Female,14878,0,21,United-States,0,0.989547838061404,1,6,1.0
58,Private,190487,HS-grad,9,Divorced,Priv-house-serv,Unmarried,White,Female,4699,0,43,Ecuador,0,0.7644239273621763,1,6,1.0
88,Self-emp-not-inc,33213,Masters,14,Married-civ-spouse,Prof-specialty,Husband,White,Male,3593,0,45,,1,0.1157937373048458,0,6,1.0
59,Private,162302,HS-grad,9,Divorced,Adm-clerical,Unmarried,White,Female,12804,0,35,United-States,0,0.9970222269996193,1,6,1.0
48,Self-emp-not-inc,182898,Bachelors,13,Married-civ-spouse,Exec-managerial,Husband,White,Male,13396,0,55,United-States,1,0.9991257393481738,1,6,1.0
54,Local-gov,194417,Some-college,10,Married-civ-spouse,Protective-serv,Husband,White,Male,2578,0,55,United-States,1,0.1771409366988182,0,6,1.0
71,Private,70796,HS-grad,9,Married-civ-spouse,Priv-house-serv,Wife,Black,Female,7076,0,30,United-States,0,0.9744576111641455,1,6,1.0
50,Self-emp-not-inc,127772,HS-grad,9,Divorced,Farming-fishing,Own-child,White,Male,10951,0,65,United-States,0,0.9909957037501932,1,6,1.0
39,Private,194243,Prof-school,15,Never-married,Prof-specialty,Own-child,White,Female,9801,0,55,United-States,0,0.9970110579316543,1,6,1.0
36,Private,230248,7th-8th,4,Separated,Machine-op-inspct,Own-child,White,Male,10819,0,55,United-States,0,0.9961070016415393,1,6,1.0
34,Private,113936,HS-grad,9,Never-married,Handlers-cleaners,Own-child,White,Male,14967,0,55,United-States,0,0.9935391986504576,1,6,1.0
32,Private,470875,HS-grad,9,Married-civ-spouse,Sales,Own-child,Black,Male,6797,0,47,United-States,0,0.9438249206966998,1,6,1.0
29,Private,165918,11th,7,Never-married,Handlers-cleaners,Own-child,White,Male,10711,0,35,Peru,0,0.9913910163845582,1,6,1.0
36,Private,176389,HS-grad,9,Married-civ-spouse,Craft-repair,Husband,White,Male,9538,0,55,United-States,0,0.9984958020187238,1,6,1.0
38,Private,133766,11th,7,Married-civ-spouse,Transport-moving,Husband,White,Male,7787,0,50,United-States,0,0.9983286561764534,1,6,1.0
43,Private,297188,Masters,14,Never-married,Prof-specialty,Not-in-family,White,Female,10988,0,75,United-States,0,0.9980098019111793,1,6,1.0
40,Private,246595,HS-grad,9,Never-married,Craft-repair,Own-child,White,Male,3733,0,85,United-States,0,0.015320609556403726,0,6,1.0
30,Private,170194,11th,7,Never-married,Sales,Own-child,White,Male,8089,0,40,United-States,0,0.8724415493461961,1,6,1.0
34,State-gov,181096,Bachelors,13,Never-married,Prof-specialty,Own-child,Black,Male,11187,0,35,United-States,0,0.9956191145586265,1,6,1.0
75,Private,236338,HS-grad,9,Married-civ-spouse,Sales,Wife,White,Female,2294,0,50,United-States,0,0.06423522018538476,0,6,1.0
81,Private,213249,Assoc-voc,11,Widowed,Sales,Not-in-family,White,Female,393,0,40,United-States,0,0.015726906761713986,0,6,1.0
50,Private,109594,Bachelors,13,Divorced,Sales,Not-in-family,White,Female,4671,0,85,United-States,1,0.9623849630852879,1,6,1.0
29,Private,233781,11th,7,Never-married,Other-service,Own-child,Black,Male,6092,0,33,United-States,0,0.025676783301869868,0,6,1.0
33,Private,241951,HS-grad,9,Never-married,Machine-op-inspct,Not-in-family,White,Male,6522,0,60,United-States,0,0.05235183665666001,0,6,1.0
41,Self-emp-not-inc,85572,11th,7,Married-civ-spouse,Other-service,Wife,White,Female,436,0,20,United-States,0,0.026059790280925685,0,6,1.0
79,Self-emp-not-inc,116057,HS-grad,9,Divorced,Exec-managerial,Not-in-family,White,Female,4263,0,31,United-States,0,0.09296771215297243,0,6,1.0
46,Private,173495,Some-college,10,Married-civ-spouse,Craft-repair,Husband,White,Male,11121,0,63,United-States,1,0.9990554812761161,1,6,1.0
39,Private,209801,Some-college,10,Never-married,Adm-clerical,Not-in-family,White,Female,3567,0,60,,0,0.012169643980704914,0,6,1.0
40,Private,153475,Bachelors,13,Never-married,Adm-clerical,Own-child,White,Female,1526,0,31,El-Salvador,0,0.005690446250529087,0,6,1.0
48,Private,214807,HS-grad,9,Divorced,Other-service,Unmarried,White,Female,7398,0,55,United-States,0,0.8962129794934273,1,6,1.0
57,Private,171540,HS-grad,9,Married-civ-spouse,Craft-repair,Husband,White,Male,1161,0,55,United-States,0,0.10682775685705463,0,6,1.0
50,Self-emp-not-inc,357962,9th,5,Divorced,Craft-repair,Not-in-family,White,Male,2623,0,55,United-States,0,0.023603313983729324,0,6,1.0
32,Private,236601,Some-college,10,Never-married,Sales,Not-in-family,White,Male,9255,0,35,United-States,0,0.9973885025581624,1,6,1.0
40,Private,214858,HS-grad,9,Married-civ-spouse,Transport-moving,Husband,White,Male,5569,0,55,United-States,0,0.9891464486045103,1,6,1.0
46,Self-emp-inc,177675,Some-college,10,Married-civ-spouse,Exec-managerial,Husband,White,Male,12692,0,80,United-States,1,0.99906319424133,1,6,1.0
49,Private,200153,HS-grad,9,Married-civ-spouse,Craft-repair,Husband,White,Male,10903,0,55,United-States,0,0.9990513371306246,1,6,1.0
56,Local-gov,184105,Bachelors,13,Married-civ-spouse,Adm-clerical,Husband,White,Male,13362,0,55,United-States,0,0.9990839335367017,1,6,1.0
43,,505438,HS-grad,9,Married-civ-spouse,,Husband,White,Male,3023,0,45,Mexico,0,0.11092932564512417,0,6,1.0
78,State-gov,162945,Prof-school,15,Married-civ-spouse,Exec-managerial,Husband,Black,Male,26717,0,70,United-States,1,0.9959284068026988,1,6,1.0
42,Private,312667,Some-college,10,Married-civ-spouse,Craft-repair,Husband,White,Male,14265,0,55,United-States,0,0.999012815375937,1,6,1.0
64,Private,210736,HS-grad,9,Married-civ-spouse,Craft-repair,Husband,White,Male,15521,0,65,United-States,1,0.9774694220589084,1,6,1.0
40,Private,150025,9th,5,Never-married,Craft-repair,Not-in-family,White,Male,2288,0,65,,1,0.04709770847058049,0,6,1.0
33,Private,255685,Some-college,10,Never-married,Other-service,Own-child,Black,Male,8933,0,55,Outlying-US(Guam-USVI-etc),0,0.9937467467257962,1,6,1.0
33,,118023,Some-college,10,Never-married,,Own-child,White,Male,8350,0,50,United-States,0,0.9946387377410404,1,6,1.0
41,Private,162257,Bachelors,13,Married-civ-spouse,Adm-clerical,Husband,White,Male,11752,0,55,United-States,0,0.9990449050995174,1,6,1.0
41,Private,177955,9th,5,Never-married,Priv-house-serv,Unmarried,White,Female,7677,0,39,El-Salvador,0,0.572148342991271,0,6,1.0
38,Private,223464,Some-college,10,Married-civ-spouse,Adm-clerical,Husband,White,Male,13847,0,55,United-States,0,0.9990730933534943,1,6,1.0
35,,280134,HS-grad,9,Never-married,,Own-child,White,Male,8858,0,55,United-States,0,0.9938534552146355,1,6,1.0
45,Private,195488,HS-grad,9,Married-civ-spouse,Adm-clerical,Wife,White,Female,8423,0,67,United-States,0,0.9976295858536279,1,6,1.0
34,Private,237720,HS-grad,9,Never-married,Craft-repair,Own-child,White,Male,8058,0,55,United-States,0,0.9114290493692389,1,6,1.0
39,Private,279580,Bachelors,13,Never-married,Sales,Not-in-family,White,Male,13647,0,60,United-States,1,0.998762533414497,1,6,1.0
62,Private,196232,HS-grad,9,Married-civ-spouse,Exec-managerial,Husband,White,Male,9289,0,65,United-States,1,0.9908460832236599,1,6,1.0
32,Private,176262,Assoc-acdm,12,Never-married,Adm-clerical,Own-child,White,Female,12361,0,35,United-States,0,0.9948123591765382,1,6,1.0
52,Private,379919,Some-college,10,Married-civ-spouse,Machine-op-inspct,Husband,White,Male,10035,0,55,United-States,0,0.99415710119554,1,6,1.0
41,Private,211331,HS-grad,9,Never-married,Exec-managerial,Not-in-family,White,Male,7036,0,65,Mexico,0,0.054160834778103954,0,6,1.0
