age,workclass,fnlwgt,education,education-num,marital-status,occupation,relationship,race,sex,capital-gain,capital-loss,hours-per-week,native-country,income,probability,prediction,batch_id,drift_strength
43,Private,157473,HS-grad,9,Never-married,Sales,Not-in-family,White,Female,0,0,40,United-States,0,0.04252779254121808,0,2,0.2
56,Private,157749,Some-college,10,Married-civ-spouse,Farming-fishing,Husband,White,Male,0,0,60,United-States,1,0.606279586391566,0,2,0.2
45,Private,174533,Some-college,10,Married-civ-spouse,Transport-moving,Husband,White,Male,7298,0,50,United-States,1,0.9978951833876065,1,2,0.2
38,Private,278557,Bachelors,13,Married-civ-spouse,Sales,Husband,White,Male,0,0,50,United-States,1,0.8896402401366916,1,2,0.2
68,Private,535762,Some-college,10,Married-civ-spouse,Adm-clerical,Husband,White,Male,0,1844,10,United-States,0,0.7955362837805616,1,2,0.2
27,Private,100079,HS-grad,9,Never-married,Other-service,Not-in-family,Asian-Pac-Islander,Male,0,0,60,China,0,0.07332700913932443,0,2,0.2
40,Private,469864,Bachelors,13,Never-married,Prof-specialty,Not-in-family,Black,Male,7965,0,55,United-States,0,0.957700351126965,1,2,0.2
28,Private,108569,Bachelors,13,Married-civ-spouse,Prof-specialty,Husband,White,Male,0,0,43,United-States,0,0.7662024159735882,1,2,0.2
65,Private,172815,Some-college,10,Married-civ-spouse,Farming-fishing,Husband,White,Male,0,0,40,United-States,0,0.3158700736984918,0,2,0.2
44,Private,179136,HS-grad,9,Never-married,Sales,Not-in-family,White,Female,0,0,40,United-States,0,0.044320586913323724,0,2,0.2
24,Private,127647,Some-college,10,Separated,Adm-clerical,Unmarried,White,Female,0,0,35,United-States,0,0.015162864301336119,0,2,0.2
32,Private,251243,Some-college,10,Divorced,Exec-managerial,Not-in-family,White,Female,0,0,50,United-States,1,0.2962349583287376,0,2,0.2
82,Self-emp-not-inc,121944,7th-8th,4,Married-civ-spouse,Exec-managerial,Husband,White,Male,0,0,40,United-States,0,0.167514134780017,0,2,0.2
17,Private,124661,11th,7,Never-married,Sales,Own-child,White,Female,0,0,35,United-States,0,0.0010117173376707942,0,2,0.2
21,Private,25265,Assoc-voc,11,Never-married,Machine-op-inspct,Not-in-family,White,Male,0,0,30,United-States,0,0.03737985894671145,0,2,0.2
56,Private,101128,Assoc-acdm,12,Married-spouse-absent,Other-service,Not-in-family,White,Male,0,0,25,Iran,0,0.08127051191691806,0,2,0.2
30,Private,169496,Masters,14,Married-civ-spouse,Other-service,Husband,White,Male,0,0,15,United-States,1,0.32639084647034,0,2,0.2
41,Private,230020,HS-grad,9,Married-civ-spouse,Craft-repair,Husband,Other,Male,0,0,40,United-States,0,0.5758454600416788,0,2,0.2
32,Private,46746,Some-college,10,Divorced,Craft-repair,Unmarried,White,Male,0,0,40,United-States,0,0.0773757113274487,0,2,0.2
33,Private,217962,Some-college,10,Never-married,Machine-op-inspct,Unmarried,Black,Male,0,0,40,,0,0.02153233474551298,0,2,0.2
35,Private,102268,Bachelors,13,Married-civ-spouse,Exec-managerial,Husband,White,Male,0,0,45,United-States,0,0.8816688369344814,1,2,0.2
42,Private,252392,HS-grad,9,Married-civ-spouse,Transport-moving,Husband,White,Male,0,0,40,United-States,0,0.5241836912772272,0,2,0.2
58,Private,73019,Bachelors,13,Never-married,Prof-specialty,Not-in-family,White,Female,4270,0,55,United-States,0,0.46207639344866963,0,2,0.2
62,State-gov,162678,Bachelors,13,Married-civ-spouse,Exec-managerial,Husband,White,Male,0,0,40,United-States,0,0.8605837775101565,1,2,0.2
38,Private,32897,11th,7,Divorced,Sales,Unmarried,White,Female,0,0,40,United-States,0,0.04547369136988404,0,2,0.2
61,Private,72442,HS-grad,9,Married-civ-spouse,Craft-repair,Husband,White,Male,0,0,40,United-States,1,0.6555073476891308,1,2,0.2
51,Private,87205,Bachelors,13,Divorced,Prof-specialty,Unmarried,White,Female,0,0,55,England,0,0.46161092297015227,0,2,0.2
37,Local-gov,328301,Bachelors,13,Divorced,Prof-specialty,Not-in-family,White,Female,0,0,36,United-States,0,0.18050721351071533,0,2,0.2
49,Private,102953,HS-grad,9,Married-civ-spouse,Craft-repair,Husband,White,Male,12030,0,55,United-States,0,0.9990512142177185,1,2,0.2
29,Private,145490,11th,7,Married-civ-spouse,Other-service,Husband,White,Male,0,0,40,United-States,0,0.1241103123883159,0,2,0.2
48,Local-gov,144122,Masters,14,Divorced,Prof-specialty,Not-in-family,White,Female,0,0,40,United-States,1,0.4576289784023229,0,2,0.2
38,Self-emp-inc,85566,Some-college,10,Never-married,Sales,Not-in-family,White,Male,0,0,65,United-States,0,0.3191976714463595,0,2,0.2
44,Private,296538,HS-grad,9,Married-civ-spouse,Machine-op-inspct,Husband,White,Male,8716,0,57,United-States,0,0.9983824664171683,1,2,0.2
25,Private,109112,HS-grad,9,Married-civ-spouse,Machine-op-inspct,Husband,White,Male,0,0,48,United-States,0,0.14581329354144218,0,2,0.2
34,Private,180060,Bachelors,13,Never-married,Exec-managerial,Unmarried,White,Male,12423,0,55,United-States,0,0.995407360317687,1,2,0.2
20,Private,274545,Some-college,10,Never-married,Adm-clerical,Own-child,White,Female,0,0,10,United-States,0,0.0009615167395162289,0,2,0.2
52,Private,146378,HS-grad,9,Married-civ-spouse,Craft-repair,Husband,White,Male,0,0,40,United-States,1,0.670506045216765,1,2,0.2
37,Private,190350,HS-grad,9,Never-married,Adm-clerical,Unmarried,Black,Female,14493,0,55,United-States,0,0.9923225051919993,1,2,0.2
37,Private,109996,9th,5,Married-civ-spouse,Other-service,Wife,Asian-Pac-Islander,Female,0,0,40,Hong,0,0.10393831204950933,0,2,0.2
53,Private,174102,HS-grad,9,Married-civ-spouse,Craft-repair,Husband,White,Male,0,0,40,United-States,1,0.670506045216765,1,2,0.2
46,Private,149949,7th-8th,4,Married-civ-spouse,Transport-moving,Husband,White,Male,0,0,40,United-States,0,0.23331058796111925,0,2,0.2
20,,124242,Some-college,10,Never-married,,Own-child,White,Female,0,0,40,United-States,0,0.0019997055604087637,0,2,0.2
53,Private,424079,Masters,14,Married-civ-spouse,Exec-managerial,Husband,White,Male,15024,0,55,United-States,1,0.9992592139910997,1,2,0.2
19,,860348,Some-college,10,Never-married,,Own-child,Black,Female,0,0,25,United-States,0,0.0007778054385376704,0,2,0.2
46,Local-gov,187749,Bachelors,13,Married-civ-spouse,Prof-specialty,Husband,Asian-Pac-Islander,Male,0,0,40,Philippines,1,0.8838831330928707,1,2,0.2
50,State-gov,173020,Some-college,10,Married-civ-spouse,Craft-repair,Husband,White,Male,0,0,40,United-States,0,0.753182102813892,1,2,0.2
35,Private,187589,Assoc-voc,11,Married-civ-spouse,Craft-repair,Husband,White,Male,0,0,40,United-States,0,0.6389795531919245,0,2,0.2
67,Self-emp-not-inc,178878,7th-8th,4,Married-civ-spouse,Farming-fishing,Husband,White,Male,0,0,12,United-States,0,0.09017561203590273,0,2,0.2
45,Self-emp-inc,88500,Bachelors,13,Married-civ-spouse,Sales,Husband,White,Male,7298,0,40,United-States,1,0.9976364477603751,1,2,0.2
42,Local-gov,213019,Masters,14,Never-married,Prof-specialty,Not-in-family,White,Female,0,0,40,United-States,1,0.29348976499771134,0,2,0.2
60,Private,166789,Some-college,10,Divorced,Tech-support,Not-in-family,White,Male,0,1408,50,United-States,0,0.10734599791040966,0,2,0.2
42,Private,270324,HS-grad,9,Married-civ-spouse,Craft-repair,Husband,Black,Male,0,0,40,Jamaica,0,0.4351992093096179,0,2,0.2
65,,191846,HS-grad,9,Married-civ-spouse,,Husband,White,Male,0,0,40,United-States,0,0.44851475595041357,0,2,0.2
33,Private,116788,HS-grad,9,Never-married,Craft-repair,Own-child,White,Male,5604,0,55,United-States,0,0.11265198035123544,0,2,0.2
46,Self-emp-not-inc,275625,Bachelors,13,Divorced,Other-service,Unmarried,Asian-Pac-Islander,Female,0,0,60,South,1,0.37113969257044155,0,2,0.2
46,Private,255693,HS-grad,9,Married-civ-spouse,Adm-clerical,Wife,White,Female,7815,0,35,United-States,0,0.9984787042380597,1,2,0.2
39,Private,300760,HS-grad,9,Divorced,Tech-support,Unmarried,White,Female,0,0,50,United-States,0,0.17158210419599362,0,2,0.2
39,Private,173944,HS-grad,9,Married-civ-spouse,Craft-repair,Husband,White,Male,7625,0,55,United-States,1,0.9984228766774479,1,2,0.2
40,,104196,HS-grad,9,Separated,,Own-child,White,Male,0,0,45,United-States,0,0.06372475199608854,0,2,0.2
33,Federal-gov,319560,Assoc-voc,11,Divorced,Craft-repair,Unmarried,Black,Female,0,0,40,United-States,1,0.16176344229555048,0,2,0.2
36,Private,128516,HS-grad,9,Divorced,Other-service,Not-in-family,White,Female,0,0,20,United-States,0,0.022707315182127326,0,2,0.2
20,Private,163665,Assoc-acdm,12,Never-married,Adm-clerical,Own-child,White,Female,0,0,15,United-States,0,0.0009015974149363862,0,2,0.2
21,Private,176262,Some-college,10,Never-married,Exec-managerial,Own-child,White,Female,0,0,30,United-States,0,0.0073707429173231875,0,2,0.2
25,Local-gov,58065,Bachelors,13,Married-civ-spouse,Prof-specialty,Wife,White,Female,0,0,50,United-States,0,0.5622391863876968,0,2,0.2
56,Private,201817,HS-grad,9,Widowed,Machine-op-inspct,Not-in-family,Black,Female,0,0,40,United-States,0,0.013699641065753939,0,2,0.2
50,Local-gov,124076,Bachelors,13,Married-civ-spouse,Prof-specialty,Wife,White,Female,0,0,40,United-States,1,0.8980383983876339,1,2,0.2
41,Private,107458,Bachelors,13,Never-married,Sales,Not-in-family,White,Male,10413,0,65,United-States,0,0.9984618314195691,1,2,0.2
42,Private,99203,HS-grad,9,Separated,Craft-repair,Not-in-family,White,Male,3325,0,40,United-States,0,0.006168919115223022,0,2,0.2
31,Private,198513,Some-college,10,Married-civ-spouse,Adm-clerical,Wife,White,Female,0,0,40,United-States,0,0.709728074335255,1,2,0.2
45,Self-emp-not-inc,183778,Assoc-acdm,12,Divorced,Sales,Not-in-family,White,Male,10210,0,55,United-States,0,0.9848803858445869,1,2,0.2
37,Private,177420,HS-grad,9,Married-civ-spouse,Handlers-cleaners,Husband,Black,Male,0,0,40,United-States,1,0.4365961441116557,0,2,0.2
54,State-gov,74334,Masters,14,Married-civ-spouse,Adm-clerical,Husband,Amer-Indian-Eskimo,Male,1783,0,55,United-States,1,0.24427426228603538,0,2,0.2
31,Private,162312,Bachelors,13,Never-married,Prof-specialty,Not-in-family,Asian-Pac-Islander,Male,0,0,35,Philippines,0,0.2519846326797742,0,2,0.2
45,Private,169973,Assoc-voc,11,Separated,Protective-serv,Not-in-family,White,Female,3551,0,55,United-States,0,0.028156353274091626,0,2,0.2
17,Private,313444,12th,8,Never-married,Sales,Own-child,White,Female,0,0,20,United-States,0,0.0005922093388628674,0,2,0.2
23,Private,119665,HS-grad,9,Never-married,Adm-clerical,Not-in-family,White,Male,0,0,60,United-States,0,0.030661192251088494,0,2,0.2
32,Private,214387,HS-grad,9,Never-married,Machine-op-inspct,Own-child,White,Male,9090,0,55,United-States,0,0.9948427061232357,1,2,0.2
39,Private,179137,HS-grad,9,Never-married,Adm-clerical,Not-in-family,White,Female,0,0,40,United-States,0,0.03230748700952419,0,2,0.2
30,Private,302473,HS-grad,9,Never-married,Adm-clerical,Own-child,White,Female,0,0,40,United-States,0,0.014173572075813042,0,2,0.2
54,Private,105428,HS-grad,9,Married-civ-spouse,Craft-repair,Husband,White,Male,0,0,40,United-States,0,0.6447060026408077,0,2,0.2
35,Federal-gov,105138,Prof-school,15,Married-civ-spouse,Prof-specialty,Husband,White,Male,0,0,55,United-States,0,0.9528452330506098,1,2,0.2
27,Private,162104,7th-8th,4,Never-married,Priv-house-serv,Own-child,White,Female,0,0,30,United-States,0,0.006623595097480463,0,2,0.2
40,Self-emp-not-inc,282678,Masters,14,Separated,Exec-managerial,Unmarried,White,Female,0,0,20,United-States,0,0.072248784031137,0,2,0.2
46,Federal-gov,119890,Assoc-voc,11,Separated,Tech-support,Not-in-family,Other,Female,0,0,30,United-States,0,0.04653589698034519,0,2,0.2
39,Private,225291,Some-college,10,Never-married,Adm-clerical,Not-in-family,White,Female,14577,0,55,United-States,0,0.9986355056892142,1,2,0.2
40,Private,300195,Some-college,10,Divorced,Tech-support,Unmarried,Black,Female,0,0,40,United-States,0,0.05134573119193982,0,2,0.2
63,Private,221672,Masters,14,Married-civ-spouse,Sales,Husband,White,Male,21212,0,65,United-States,1,0.9935104371801291,1,2,0.2
49,Private,30267,11th,7,Never-married,Transport-moving,Not-in-family,White,Male,4806,0,75,United-States,1,0.8382332170748675,1,2,0.2
21,State-gov,99199,Masters,14,Never-married,Transport-moving,Own-child,White,Male,0,0,15,United-States,0,0.00453179472002047,0,2,0.2
18,Private,178759,Some-college,10,Never-married,Sales,Own-child,White,Female,0,0,15,United-States,0,0.0006819852041850187,0,2,0.2
29,Local-gov,152461,Bachelors,13,Never-married,Tech-support,Not-in-family,White,Female,0,0,42,United-States,0,0.0381530289332343,0,2,0.2
37,Private,134088,Assoc-acdm,12,Never-married,Adm-clerical,Not-in-family,White,Female,0,0,40,United-States,0,0.06147435556319996,0,2,0.2
36,Private,178487,HS-grad,9,Divorced,Transport-moving,Own-child,White,Male,0,0,60,United-States,0,0.11902122307136542,0,2,0.2
30,Private,226525,10th,6,Divorced,Transport-moving,Own-child,White,Male,0,0,40,United-States,0,0.03502290826750092,0,2,0.2
57,,85815,HS-grad,9,Divorced,,Own-child,Asian-Pac-Islander,Male,0,0,20,United-States,0,0.03764851617824433,0,2,0.2
31,Local-gov,176185,Bachelors,13,Married-civ-spouse,Machine-op-inspct,Husband,White,Male,4064,0,40,,0,0.07908382924451907,0,2,0.2
55,Private,165881,HS-grad,9,Married-civ-spouse,Exec-managerial,Husband,White,Male,0,0,40,United-States,1,0.8066992926993828,1,2,0.2
36,Private,186819,Assoc-acdm,12,Married-civ-spouse,Craft-repair,Husband,White,Male,0,0,52,United-States,1,0.7697130570604221,1,2,0.2
33,Private,203488,Bachelors,13,Married-civ-spouse,Exec-managerial,Husband,White,Male,0,1672,40,United-States,0,0.06924216420469152,0,2,0.2
24,,311949,HS-grad,9,Never-married,,Not-in-family,Asian-Pac-Islander,Female,0,0,45,,0,0.040006920150676584,0,2,0.2
28,Local-gov,104329,Some-college,10,Married-civ-spouse,Protective-serv,Husband,White,Male,0,0,50,United-States,0,0.5119623820975212,0,2,0.2
21,Self-emp-not-inc,236769,7th-8th,4,Never-married,Craft-repair,Not-in-family,White,Male,0,0,40,United-States,0,0.04788742292485996,0,2,0.2
68,,188102,HS-grad,9,Married-civ-spouse,,Husband,White,Male,0,0,8,United-States,1,0.1708371164244924,0,2,0.2
63,Private,189762,Some-college,10,Married-civ-spouse,Exec-managerial,Wife,White,Female,97,0,30,United-States,1,0.11803173403046219,0,2,0.2
71,Local-gov,53612,Masters,14,Separated,Prof-specialty,Own-child,Black,Female,12501,0,50,United-States,0,0.9915181828611698,1,2,0.2
53,Private,178983,HS-grad,9,Married-civ-spouse,Adm-clerical,Wife,White,Female,12046,0,55,United-States,0,0.9985801266843599,1,2,0.2
20,Private,87546,Some-college,10,Never-married,Sales,Own-child,White,Female,0,0,40,United-States,0,0.0020587028535273386,0,2,0.2
28,Private,166320,HS-grad,9,Never-married,Prof-specialty,Not-in-family,White,Male,0,0,40,United-States,0,0.11264697580165765,0,2,0.2
56,Private,99894,10th,6,Married-civ-spouse,Sales,Wife,Asian-Pac-Islander,Female,0,0,30,Japan,1,0.15980014855022948,0,2,0.2
26,State-gov,58039,Some-college,10,Married-civ-spouse,Other-service,Husband,White,Male,0,0,40,United-States,0,0.22515586180436425,0,2,0.2
35,Private,216473,Some-college,10,Married-civ-spouse,Adm-clerical,Husband,White,Male,0,0,50,United-States,1,0.7425826019404905,1,2,0.2
30,Self-emp-inc,185384,Some-college,10,Married-civ-spouse,Exec-managerial,Wife,White,Female,0,0,25,United-States,0,0.7474954789630999,1,2,0.2
43,Private,174748,Bachelors,13,Divorced,Exec-managerial,Unmarried,Black,Female,7430,0,45,United-States,1,0.9276541192132737,1,2,0.2
35,Local-gov,255252,Some-college,10,Never-married,Other-service,Own-child,White,Male,9417,0,35,United-States,0,0.9935229371712703,1,2,0.2
59,Private,205949,HS-grad,9,Separated,Craft-repair,Unmarried,Amer-Indian-Eskimo,Female,0,0,40,United-States,0,0.029871717949569783,0,2,0.2
25,Private,198632,Some-college,10,Married-spouse-absent,Sales,Not-in-family,White,Male,0,0,50,United-States,0,0.11730273389925834,0,2,0.2
47,Local-gov,121124,Masters,14,Married-civ-spouse,Prof-specialty,Husband,White,Male,0,0,35,United-States,1,0.8976055606369526,1,2,0.2
47,Private,335704,Assoc-acdm,12,Married-civ-spouse,Sales,Husband,White,Male,14766,0,75,United-States,0,0.9992019877872944,1,2,0.2
31,Private,118941,Some-college,10,Never-married,Exec-managerial,Not-in-family,White,Female,0,0,40,United-States,1,0.1040339434232617,0,2,0.2
46,State-gov,146305,Some-college,10,Divorced,Tech-support,Not-in-family,Other,Female,0,0,48,United-States,0,0.23078389469189362,0,2,0.2
57,Private,329144,Some-college,10,Married-civ-spouse,Sales,Husband,White,Male,7328,0,55,United-States,1,0.997959856870335,1,2,0.2
53,Private,539864,Some-college,10,Divorced,Craft-repair,Not-in-family,White,Male,0,0,20,United-States,0,0.08285501677405675,0,2,0.2
38,Self-emp-not-inc,67317,Bachelors,13,Married-civ-spouse,Farming-fishing,Husband,White,Male,0,0,60,United-States,0,0.4546986871842377,0,2,0.2
41,Local-gov,297248,Prof-school,15,Married-civ-spouse,Prof-specialty,Husband,White,Male,0,2415,45,United-States,1,0.9927477108949243,1,2,0.2
38,Self-emp-not-inc,248919,Bachelors,13,Divorced,Prof-specialty,Not-in-family,White,Male,27828,0,35,United-States,1,0.9939678438943436,1,2,0.2
41,Private,244246,Some-college,10,Never-married,Craft-repair,Unmarried,White,Male,2223,0,55,Poland,0,0.02291558848015775,0,2,0.2
49,Private,38563,Bachelors,13,Never-married,Exec-managerial,Not-in-family,White,Female,0,0,56,United-States,1,0.6014094383917148,0,2,0.2
56,Self-emp-not-inc,156873,HS-grad,9,Married-civ-spouse,Craft-repair,Husband,White,Male,0,0,40,United-States,0,0.5531990180981436,0,2,0.2
38,Private,110103,HS-grad,9,Never-married,Other-service,Not-in-family,White,Female,8940,1762,55,United-States,0,0.9945100904490087,1,2,0.2
26,Private,360252,Assoc-acdm,12,Married-civ-spouse,Adm-clerical,Wife,White,Female,0,0,40,United-States,0,0.6133033435405133,0,2,0.2
34,Private,108837,Some-college,10,Married-civ-spouse,Handlers-cleaners,Husband,White,Male,0,0,40,United-States,1,0.38050093943315333,0,2,0.2
51,Private,222615,HS-grad,9,Married-civ-spouse,Machine-op-inspct,Husband,White,Male,0,0,40,United-States,1,0.6217982215698865,0,2,0.2
51,Private,127573,Bachelors,13,Married-civ-spouse,Prof-specialty,Wife,White,Female,2884,0,45,United-States,1,0.27703048805113284,0,2,0.2
41,Self-emp-not-inc,240900,HS-grad,9,Divorced,Farming-fishing,Other-relative,White,Male,0,0,20,United-States,0,0.008256590398057366,0,2,0.2
41,State-gov,27305,Masters,14,Married-civ-spouse,Prof-specialty,Husband,White,Male,0,0,40,United-States,1,0.8489221456134095,1,2,0.2
43,Local-gov,301638,12th,8,Married-civ-spouse,Transport-moving,Husband,White,Male,0,1579,40,United-States,0,0.013691351327347756,0,2,0.2
59,Private,750972,HS-grad,9,Married-civ-spouse,Machine-op-inspct,Husband,White,Male,0,0,40,United-States,0,0.44704192114440733,0,2,0.2
34,Private,192900,Some-college,10,Married-civ-spouse,Craft-repair,Husband,White,Male,0,0,40,United-States,1,0.6403414812241379,0,2,0.2
62,Self-emp-not-inc,186565,Bachelors,13,Married-civ-spouse,Sales,Husband,White,Male,6255,0,65,United-States,0,0.9877535677929264,1,2,0.2
19,Private,223669,11th,7,Never-married,Other-service,Own-child,White,Male,0,0,20,United-States,0,0.001610758638102576,0,2,0.2
48,Private,172695,Assoc-voc,11,Divorced,Other-service,Own-child,White,Female,0,0,40,United-States,0,0.06326000842588561,0,2,0.2
34,Private,284895,Some-college,10,Married-civ-spouse,Exec-managerial,Husband,White,Male,317,0,70,United-States,0,0.1460947073325136,0,2,0.2
43,Private,256813,Masters,14,Married-civ-spouse,Prof-specialty,Husband,White,Male,0,1902,40,United-States,1,0.9921508324710622,1,2,0.2
42,Private,259757,Bachelors,13,Divorced,Prof-specialty,Unmarried,White,Male,0,653,50,United-States,1,0.6003402348238754,0,2,0.2
54,Self-emp-not-inc,72257,HS-grad,9,Married-civ-spouse,Sales,Husband,White,Male,0,0,50,United-States,1,0.6143901974806267,0,2,0.2
23,Private,399022,HS-grad,9,Never-married,Other-service,Own-child,White,Male,0,0,35,United-States,0,0.011054596638409795,0,2,0.2
38,Private,73471,Some-college,10,Married-civ-spouse,Sales,Husband,White,Male,0,0,50,United-States,0,0.7040174276079146,1,2,0.2
52,Private,208137,Assoc-voc,11,Married-civ-spouse,Adm-clerical,Husband,White,Male,0,0,40,United-States,0,0.7894258695693638,1,2,0.2
20,Private,105312,HS-grad,9,Never-married,Sales,Not-in-family,White,Female,0,0,35,United-States,0,0.001731907541815377,0,2,0.2
39,Private,236481,Prof-school,15,Never-married,Prof-specialty,Not-in-family,Asian-Pac-Islander,Male,7856,0,25,India,0,0.7887253653102112,1,2,0.2
35,State-gov,142547,HS-grad,9,Married-civ-spouse,Exec-managerial,Husband,White,Male,13403,0,55,United-States,0,0.9990543834753206,1,2,0.2
47,Private,268022,HS-grad,9,Married-civ-spouse,Transport-moving,Husband,White,Male,0,0,55,United-States,1,0.7446589048025878,1,2,0.2
40,Local-gov,233891,HS-grad,9,Never-married,Adm-clerical,Unmarried,Black,Female,0,0,35,United-States,0,0.012505701800396507,0,2,0.2
23,Private,197207,Bachelors,13,Never-married,Prof-specialty,Not-in-family,White,Female,0,0,40,United-States,0,0.02462417850161517,0,2,0.2
26,Private,174921,Bachelors,13,Never-married,Prof-specialty,Not-in-family,White,Female,0,0,40,United-States,0,0.09597150964368145,0,2,0.2
32,Local-gov,169837,Assoc-acdm,12,Divorced,Exec-managerial,Not-in-family,Black,Female,0,0,40,United-States,0,0.05327038081255397,0,2,0.2
25,Private,166971,HS-grad,9,Married-civ-spouse,Sales,Husband,White,Male,0,0,52,United-States,0,0.4459936581517379,0,2,0.2
65,State-gov,151580,Assoc-voc,11,Married-civ-spouse,Prof-specialty,Husband,White,Male,7935,0,55,United-States,1,0.9883355158578022,1,2,0.2
27,Self-emp-not-inc,153546,Bachelors,13,Never-married,Prof-specialty,Own-child,White,Female,0,0,40,United-States,0,0.04070729970441566,0,2,0.2
24,Private,226668,HS-grad,9,Never-married,Other-service,Not-in-family,Amer-Indian-Eskimo,Male,0,0,35,United-States,0,0.01064041931894773,0,2,0.2
26,Private,241852,12th,8,Never-married,Craft-repair,Unmarried,White,Male,0,0,40,United-States,0,0.030256938447532716,0,2,0.2
59,Private,192835,HS-grad,9,Married-civ-spouse,Adm-clerical,Husband,White,Male,14596,0,65,United-States,1,0.9989763118270537,1,2,0.2
55,Private,341358,Assoc-voc,11,Married-civ-spouse,Sales,Husband,White,Male,267,0,55,United-States,1,0.17449901379542307,0,2,0.2
50,Private,247425,HS-grad,9,Divorced,Adm-clerical,Not-in-family,Black,Female,0,0,40,United-States,0,0.0494216300070922,0,2,0.2
36,Private,26668,Bachelors,13,Married-civ-spouse,Adm-clerical,Wife,White,Female,2996,0,55,Puerto-Rico,0,0.26836366992485833,0,2,0.2
38,Private,39092,Some-college,10,Married-civ-spouse,Exec-managerial,Husband,White,Male,18757,0,65,United-States,0,0.9989531956433284,1,2,0.2
22,Private,269474,Some-college,10,Never-married,Adm-clerical,Own-child,White,Male,0,0,10,United-States,0,0.004639436905705913,0,2,0.2
37,State-gov,318891,Some-college,10,Divorced,Adm-clerical,Unmarried,White,Female,0,0,40,United-States,0,0.03976488852348597,0,2,0.2
17,Private,142457,11th,7,Never-married,Other-service,Own-child,Black,Male,0,0,20,United-States,0,0.0008421581698485467,0,2,0.2
41,,252127,Some-college,10,Widowed,,Unmarried,Black,Female,0,0,20,United-States,0,0.014136203706676754,0,2,0.2
22,Private,305498,HS-grad,9,Divorced,Sales,Own-child,White,Female,0,0,33,United-States,0,0.007496622891942601,0,2,0.2
67,Self-emp-not-inc,268514,Bachelors,13,Divorced,Prof-specialty,Not-in-family,White,Male,0,0,40,United-States,0,0.5114545480462271,0,2,0.2
17,Private,225507,11th,7,Never-married,Handlers-cleaners,Not-in-family,Black,Female,0,0,15,United-States,0,0.0005288431639232586,0,2,0.2
21,Private,77759,Some-college,10,Never-married,Sales,Own-child,White,Female,0,0,15,United-States,0,0.004501252998100392,0,2,0.2
19,Local-gov,220558,11th,7,Never-married,Handlers-cleaners,Other-relative,White,Male,0,0,35,United-States,0,0.0016995621171077217,0,2,0.2
42,Private,202466,Assoc-acdm,12,Divorced,Prof-specialty,Unmarried,White,Female,0,0,45,United-States,0,0.25413668470903933,0,2,0.2
44,Private,209093,Bachelors,13,Never-married,Prof-specialty,Not-in-family,White,Male,0,0,40,United-States,0,0.5429027320898963,0,2,0.2
43,Private,124436,Some-college,10,Married-civ-spouse,Prof-specialty,Wife,White,Female,0,0,40,United-States,1,0.8434444375428619,1,2,0.2
58,Private,285885,9th,5,Divorced,Other-service,Unmarried,White,Female,0,0,40,United-States,0,0.018078069102952246,0,2,0.2
39,Private,52978,Some-college,10,Divorced,Other-service,Not-in-family,White,Female,0,1721,55,United-States,0,0.011152987295074347,0,2,0.2
73,Private,284710,Prof-school,15,Married-civ-spouse,Prof-specialty,Husband,White,Male,13998,1902,60,Columbia,1,0.9954288708634612,1,2,0.2
32,Private,287229,HS-grad,9,Never-married,Adm-clerical,Not-in-family,White,Female,0,0,35,United-States,0,0.018303003171065042,0,2,0.2
44,Private,176063,Bachelors,13,Married-civ-spouse,Exec-managerial,Husband,White,Male,0,0,45,United-States,0,0.9172959148512205,1,2,0.2
53,Private,192386,HS-grad,9,Separated,Transport-moving,Unmarried,White,Male,0,0,45,United-States,0,0.33487841137833213,0,2,0.2
37,Private,199739,Some-college,10,Divorced,Craft-repair,Own-child,White,Male,0,0,40,United-States,0,0.11118558506530711,0,2,0.2
32,Self-emp-not-inc,189461,HS-grad,9,Never-married,Other-service,Not-in-family,White,Female,0,0,60,United-States,0,0.08383113136540324,0,2,0.2
35,Private,112264,HS-grad,9,Married-civ-spouse,Sales,Husband,White,Male,0,0,50,United-States,0,0.6131189584954025,0,2,0.2
26,Private,124953,HS-grad,9,Never-married,Tech-support,Not-in-family,White,Male,0,0,40,,0,0.06760723421989051,0,2,0.2
25,Private,216583,Bachelors,13,Married-civ-spouse,Exec-managerial,Husband,White,Male,0,0,43,United-States,0,0.7309432979321268,1,2,0.2
66,Self-emp-inc,147239,Doctorate,16,Married-civ-spouse,Prof-specialty,Husband,White,Male,4448,0,75,United-States,1,0.2863710793855415,0,2,0.2
43,Federal-gov,72887,Bachelors,13,Married-spouse-absent,Tech-support,Not-in-family,Asian-Pac-Islander,Male,0,0,40,United-States,0,0.4380189457451618,0,2,0.2
35,Private,23892,HS-grad,9,Married-civ-spouse,Exec-managerial,Wife,White,Female,0,0,40,United-States,1,0.7916610376423505,1,2,0.2
55,Private,96415,HS-grad,9,Widowed,Other-service,Unmarried,Black,Female,0,0,35,United-States,0,0.019569011587291945,0,2,0.2
31,Private,180656,Bachelors,13,Never-married,Other-service,Not-in-family,White,Male,0,0,40,,0,0.0906970429402452,0,2,0.2
26,Private,272618,Bachelors,13,Married-civ-spouse,Sales,Husband,White,Male,0,0,55,United-States,0,0.7842666331823657,1,2,0.2
49,Federal-gov,195949,HS-grad,9,Married-civ-spouse,Machine-op-inspct,Husband,White,Male,0,0,40,United-States,0,0.6784955300813965,1,2,0.2
58,Private,27385,HS-grad,9,Married-civ-spouse,Exec-managerial,Husband,White,Male,0,0,60,United-States,1,0.8938957203613934,1,2,0.2
25,Private,462869,HS-grad,9,Never-married,Handlers-cleaners,Other-relative,White,Male,0,0,40,Mexico,0,0.0028361390293191137,0,2,0.2
83,,29702,7th-8th,4,Married-civ-spouse,,Husband,White,Male,0,0,20,United-States,0,0.08409767400668544,0,2,0.2
43,Local-gov,240504,Some-college,10,Married-civ-spouse,Protective-serv,Husband,Black,Male,13814,1902,65,United-States,1,0.9995305726050019,1,2,0.2
65,Private,176279,Assoc-voc,11,Married-civ-spouse,Other-service,Husband,White,Male,0,0,35,United-States,0,0.3964169827551691,0,2,0.2
54,Private,150999,Some-college,10,Married-civ-spouse,Exec-managerial,Husband,White,Male,0,0,44,United-States,0,0.8901430834320943,1,2,0.2
45,Private,373432,Some-college,10,Separated,Craft-repair,Own-child,White,Male,3489,0,75,United-States,0,0.04599364694863411,0,2,0.2
18,Private,618808,Some-college,10,Never-married,Adm-clerical,Own-child,White,Female,0,0,40,United-States,0,0.0011019513020425714,0,2,0.2
36,Federal-gov,218542,Assoc-acdm,12,Married-civ-spouse,Adm-clerical,Wife,White,Female,0,0,40,United-States,1,0.8914123834582305,1,2,0.2
24,Private,176321,Some-college,10,Never-married,Adm-clerical,Unmarried,White,Female,0,0,40,United-States,0,0.01593248651492377,0,2,0.2
29,Private,53271,Bachelors,13,Married-civ-spouse,Exec-managerial,Husband,White,Male,0,0,40,United-States,1,0.8250062080251479,1,2,0.2
23,Private,201490,HS-grad,9,Never-married,Handlers-cleaners,Own-child,White,Male,0,0,35,United-States,0,0.005109221371572439,0,2,0.2
29,Federal-gov,37933,Some-college,10,Never-married,Adm-clerical,Unmarried,Black,Female,2174,0,40,United-States,0,0.002057586800800392,0,2,0.2
27,Self-emp-not-inc,206889,Some-college,10,Married-civ-spouse,Farming-fishing,Husband,White,Male,0,0,50,United-States,0,0.3008973846574866,0,2,0.2
28,Private,165218,Bachelors,13,Never-married,Adm-clerical,Not-in-family,White,Female,0,0,55,United-States,0,0.2532132381460737,0,2,0.2
46,Private,428405,Bachelors,13,Married-civ-spouse,Exec-managerial,Husband,White,Male,0,0,40,United-States,1,0.907268399715832,1,2,0.2
43,State-gov,134782,Assoc-acdm,12,Married-spouse-absent,Other-service,Unmarried,White,Female,0,0,30,United-States,0,0.042627682836814826,0,2,0.2
28,Private,27956,Prof-school,15,Married-civ-spouse,Prof-specialty,Husband,Asian-Pac-Islander,Male,0,0,99,Philippines,0,0.7787719821831425,1,2,0.2
64,Private,145548,Assoc-acdm,12,Married-civ-spouse,Protective-serv,Husband,White,Male,12464,0,55,United-States,1,0.9900708368727259,1,2,0.2
81,Private,36147,Prof-school,15,Married-civ-spouse,Farming-fishing,Husband,White,Male,10605,0,2,United-States,1,0.9801610967289003,1,2,0.2
54,Private,249322,Bachelors,13,Married-civ-spouse,Sales,Husband,White,Male,7688,0,50,United-States,1,0.9985807094873441,1,2,0.2
37,Private,230035,HS-grad,9,Married-civ-spouse,Craft-repair,Husband,White,Male,0,0,46,United-States,1,0.6757988045554676,1,2,0.2
33,Private,213179,Some-college,10,Married-civ-spouse,Machine-op-inspct,Husband,White,Male,0,0,40,United-States,1,0.630189029531403,0,2,0.2
33,Private,106938,HS-grad,9,Married-civ-spouse,Tech-support,Wife,Black,Female,0,0,38,United-States,0,0.21365305935166679,0,2,0.2
30,Self-emp-inc,133876,HS-grad,9,Married-civ-spouse,Exec-managerial,Husband,White,Male,0,0,45,United-States,0,0.701377036976124,1,2,0.2
60,Private,175221,HS-grad,9,Married-civ-spouse,Machine-op-inspct,Husband,White,Male,2158,0,55,United-States,0,0.11338182395021058,0,2,0.2
53,Private,87158,HS-grad,9,Married-civ-spouse,Craft-repair,Husband,Black,Male,0,0,40,United-States,0,0.6119621028073947,0,2,0.2
50,Private,176157,Masters,14,Married-civ-spouse,Exec-managerial,Husband,White,Male,0,0,50,United-States,1,0.9388903697060768,1,2,0.2
23,Private,447488,9th,5,Never-married,Machine-op-inspct,Other-relative,White,Male,0,0,35,Mexico,0,0.0018776071356609288,0,2,0.2
39,Local-gov,134813,Masters,14,Never-married,Prof-specialty,Own-child,White,Male,2722,0,67,United-States,0,0.029244692274123782,0,2,0.2
42,Private,138662,Some-college,10,Separated,Adm-clerical,Own-child,White,Female,0,0,40,United-States,0,0.03763572976902821,0,2,0.2
38,Private,33046,Assoc-voc,11,Divorced,Other-service,Unmarried,White,Female,0,0,36,United-States,0,0.027535203847729863,0,2,0.2
41,Private,143046,Masters,14,Never-married,Adm-clerical,Not-in-family,White,Female,0,0,40,United-States,0,0.1370471045625419,0,2,0.2
65,,76131,HS-grad,9,Never-married,,Unmarried,Asian-Pac-Islander,Female,0,0,40,United-States,0,0.043851251508693026,0,2,0.2
39,Self-emp-not-inc,327120,HS-grad,9,Married-civ-spouse,Craft-repair,Husband,White,Male,0,0,40,Portugal,0,0.4620671274486481,0,2,0.2
52,Private,201783,Some-college,10,Married-civ-spouse,Exec-managerial,Husband,White,Male,7688,0,40,United-States,1,0.9984450167445246,1,2,0.2
44,Private,29933,Bachelors,13,Married-civ-spouse,Handlers-cleaners,Husband,White,Male,13729,0,65,United-States,1,0.9986720300855388,1,2,0.2
21,Private,129699,HS-grad,9,Never-married,Adm-clerical,Not-in-family,White,Male,0,0,40,United-States,0,0.013460789603615587,0,2,0.2
45,Local-gov,324550,Masters,14,Married-civ-spouse,Prof-specialty,Husband,White,Male,7688,0,40,United-States,1,0.9983668490179394,1,2,0.2
23,Private,157951,Some-college,10,Never-married,Exec-managerial,Not-in-family,White,Female,0,0,50,United-States,0,0.024744835936549418,0,2,0.2
38,Local-gov,265230,Bachelors,13,Never-married,Prof-specialty,Not-in-family,Black,Female,4296,0,55,United-States,0,0.29966614093772187,0,2,0.2
26,Private,103700,Some-college,10,Never-married,Tech-support,Own-child,White,Female,0,0,40,United-States,0,0.021333017537100627,0,2,0.2
36,Private,123151,11th,7,Married-civ-spouse,Craft-repair,Husband,White,Male,0,0,60,United-States,0,0.36920314797646153,0,2,0.2
41,State-gov,201363,HS-grad,9,Married-civ-spouse,Adm-clerical,Wife,White,Female,0,0,38,United-States,1,0.6873494157350192,1,2,0.2
28,Private,109282,Some-college,10,Divorced,Prof-specialty,Not-in-family,White,Male,0,0,40,United-States,0,0.12106679854403678,0,2,0.2
58,Self-emp-not-inc,605504,HS-grad,9,Married-civ-spouse,Sales,Husband,White,Male,0,0,40,United-States,1,0.689185658984931,1,2,0.2
44,Local-gov,241506,Masters,14,Divorced,Prof-specialty,Unmarried,White,Female,0,0,50,United-States,0,0.4011824771065436,0,2,0.2
18,Private,173585,11th,7,Never-married,Other-service,Own-child,White,Male,0,0,15,Peru,0,0.000848612572916987,0,2,0.2
17,,151141,10th,6,Never-married,,Own-child,White,Male,0,0,30,United-States,0,0.0015650445068257264,0,2,0.2
37,Private,215392,Bachelors,13,Divorced,Prof-specialty,Not-in-family,White,Female,0,0,40,United-States,0,0.3680539005714958,0,2,0.2
45,Self-emp-not-inc,244813,Prof-school,15,Married-civ-spouse,Prof-specialty,Husband,White,Male,0,0,38,United-States,1,0.9421192142940692,1,2,0.2
18,Private,151386,HS-grad,9,Married-spouse-absent,Other-service,Own-child,Black,Male,0,0,40,Jamaica,0,0.0026435651203906433,0,2,0.2
41,Private,105616,Some-college,10,Widowed,Adm-clerical,Unmarried,Black,Female,0,0,48,United-States,0,0.10234094904473197,0,2,0.2
21,Private,157893,HS-grad,9,Never-married,Transport-moving,Own-child,White,Female,0,0,40,United-States,0,0.0052407044915245985,0,2,0.2
17,Private,226717,12th,8,Never-married,Handlers-cleaners,Own-child,White,Male,0,0,20,United-States,0,0.0005433398238203151,0,2,0.2
21,Private,311478,HS-grad,9,Never-married,Handlers-cleaners,Own-child,Black,Male,0,0,45,United-States,0,0.005702454029097074,0,2,0.2
54,Private,162884,HS-grad,9,Divorced,Priv-house-serv,Unmarried,White,Female,4347,0,75,Columbia,0,0.2500041017651822,0,2,0.2
37,Self-emp-inc,183800,Assoc-acdm,12,Married-civ-spouse,Sales,Husband,White,Male,0,1887,40,United-States,1,0.9912816891106965,1,2,0.2
74,Private,192290,10th,6,Married-civ-spouse,Adm-clerical,Husband,White,Male,0,0,20,United-States,0,0.1569357405750315,0,2,0.2
50,State-gov,137815,Bachelors,13,Married-civ-spouse,Craft-repair,Husband,White,Male,0,0,40,United-States,1,0.8428192264173443,1,2,0.2
74,Private,97167,HS-grad,9,Married-civ-spouse,Other-service,Husband,White,Male,0,0,15,United-States,0,0.11062957787403672,0,2,0.2
24,Private,218678,Bachelors,13,Never-married,Sales,Own-child,White,Male,0,0,40,United-States,0,0.03215012698522405,0,2,0.2
58,Private,28225,Some-college,10,Married-civ-spouse,Transport-moving,Husband,White,Male,6286,0,73,United-States,0,0.9815802352221894,1,2,0.2
19,,141418,Some-college,10,Never-married,,Own-child,White,Male,0,0,15,United-States,0,0.001686043403663036,0,2,0.2
42,Private,149427,HS-grad,9,Never-married,Craft-repair,Own-child,White,Male,372,0,50,United-States,0,0.014195916369109914,0,2,0.2
39,Local-gov,20308,Bachelors,13,Married-civ-spouse,Prof-specialty,Husband,White,Male,0,0,40,United-States,1,0.8828439280024316,1,2,0.2
46,Private,163021,HS-grad,9,Never-married,Adm-clerical,Own-child,White,Female,0,0,40,United-States,0,0.02802666696590718,0,2,0.2
35,Private,224566,Some-college,10,Never-married,Exec-managerial,Not-in-family,White,Male,0,0,60,United-States,0,0.36084623427910006,0,2,0.2
32,Self-emp-not-inc,170108,HS-grad,9,Separated,Sales,Not-in-family,White,Male,0,0,50,United-States,0,0.20747495161603643,0,2,0.2
39,Private,48093,HS-grad,9,Never-married,Handlers-cleaners,Not-in-family,White,Male,0,0,40,United-States,0,0.03852939709468316,0,2,0.2
19,Private,207173,HS-grad,9,Separated,Adm-clerical,Unmarried,White,Female,0,0,30,United-States,0,0.0019497197634550396,0,2,0.2
29,Private,143331,10th,6,Never-married,Sales,Own-child,White,Male,1213,0,30,United-States,0,0.002381254439574496,0,2,0.2
39,Private,185405,10th,6,Married-civ-spouse,Craft-repair,Husband,White,Male,0,0,40,United-States,0,0.2942168017259049,0,2,0.2
50,Private,270194,Bachelors,13,Married-civ-spouse,Exec-managerial,Husband,White,Male,0,0,60,United-States,0,0.9217959318966712,1,2,0.2
39,Federal-gov,175232,Some-college,10,Married-civ-spouse,Handlers-cleaners,Husband,White,Male,0,1977,60,United-States,1,0.98629391461145,1,2,0.2
38,Private,120074,Bachelors,13,Married-civ-spouse,Machine-op-inspct,Husband,White,Male,0,0,50,United-States,1,0.7747204525477311,1,2,0.2
33,Private,202822,7th-8th,4,Never-married,Other-service,Unmarried,Black,Female,0,0,14,Trinadad&Tobago,0,0.0030753931154832302,0,2,0.2
47,Private,105273,Bachelors,13,Widowed,Craft-repair,Unmarried,Black,Female,6497,0,40,United-States,0,0.1097769182743132,0,2,0.2
40,Private,126701,9th,5,Never-married,Transport-moving,Not-in-family,White,Male,0,0,45,United-States,0,0.14336869287375156,0,2,0.2
42,Private,209370,HS-grad,9,Separated,Sales,Not-in-family,White,Female,0,0,30,United-States,0,0.03137503207746151,0,2,0.2
49,Private,357540,HS-grad,9,Married-civ-spouse,Farming-fishing,Husband,White,Male,0,0,25,United-States,0,0.20505409095321028,0,2,0.2
52,Private,225432,Some-college,10,Married-civ-spouse,Machine-op-inspct,Husband,White,Male,11074,0,60,United-States,0,0.9990149772850069,1,2,0.2
47,Local-gov,272182,Some-college,10,Never-married,Adm-clerical,Not-in-family,Black,Male,0,0,40,United-States,0,0.09355573476575832,0,2,0.2
29,Private,122112,Bachelors,13,Married-civ-spouse,Sales,Wife,White,Female,0,0,50,United-States,0,0.8284160943523678,1,2,0.2
35,Private,325921,Assoc-voc,11,Never-married,Prof-specialty,Not-in-family,White,Female,4111,0,51,United-States,0,0.018715930287816786,0,2,0.2
59,Private,254593,Bachelors,13,Married-civ-spouse,Sales,Husband,White,Male,0,0,55,United-States,1,0.8846781599363739,1,2,0.2
63,Self-emp-not-inc,22154,Some-college,10,Divorced,Adm-clerical,Not-in-family,White,Male,5963,0,55,United-States,0,0.1147673033110561,0,2,0.2
36,Private,218490,Assoc-voc,11,Married-civ-spouse,Sales,Husband,White,Male,0,0,60,United-States,0,0.8037764293476282,1,2,0.2
54,State-gov,82161,HS-grad,9,Married-civ-spouse,Protective-serv,Husband,White,Male,1486,0,87,United-States,1,0.09269296224782962,0,2,0.2
53,Self-emp-not-inc,101017,HS-grad,9,Married-civ-spouse,Exec-managerial,Husband,White,Male,0,0,35,United-States,0,0.5522183546116144,0,2,0.2
37,Self-emp-not-inc,218249,11th,7,Divorced,Prof-specialty,Unmarried,Black,Female,0,0,30,United-States,0,0.08953838794367615,0,2,0.2
43,Private,60001,Some-college,10,Married-civ-spouse,Sales,Husband,White,Male,0,0,40,United-States,1,0.7148511230446585,1,2,0.2
36,Private,126675,Bachelors,13,Married-civ-spouse,Craft-repair,Husband,White,Male,0,0,35,United-States,0,0.6967926704202296,1,2,0.2
41,Local-gov,270379,HS-grad,9,Never-married,Other-service,Unmarried,Black,Female,4318,0,55,United-States,0,0.19301701373028385,0,2,0.2
28,Self-emp-not-inc,212318,HS-grad,9,Never-married,Craft-repair,Not-in-family,White,Male,0,0,55,United-States,0,0.16964766552345978,0,2,0.2
55,Private,171355,Assoc-voc,11,Married-civ-spouse,Machine-op-inspct,Husband,White,Male,0,0,20,United-States,0,0.454996718716265,0,2,0.2
34,Private,149943,HS-grad,9,Never-married,Other-service,Not-in-family,Asian-Pac-Islander,Male,0,0,40,Japan,0,0.03799756547156819,0,2,0.2
40,Private,114537,Assoc-voc,11,Married-civ-spouse,Exec-managerial,Husband,White,Male,0,0,50,United-States,1,0.8866514105558108,1,2,0.2
54,Private,299324,5th-6th,3,Married-spouse-absent,Machine-op-inspct,Unmarried,White,Male,0,0,40,Mexico,0,0.020625415975437326,0,2,0.2
32,Private,194740,Some-college,10,Married-civ-spouse,Craft-repair,Husband,White,Male,0,0,55,Greece,0,0.5357634281958266,0,2,0.2
48,,174533,11th,7,Separated,,Unmarried,White,Male,0,0,40,United-States,0,0.10485377616351974,0,2,0.2
22,Federal-gov,280567,Some-college,10,Never-married,Transport-moving,Own-child,White,Male,0,0,4,United-States,0,0.0036068920662031606,0,2,0.2
56,Self-emp-not-inc,205033,12th,8,Married-civ-spouse,Exec-managerial,Husband,White,Male,13872,0,70,United-States,1,0.9990359364666739,1,2,0.2
29,Never-worked,131593,11th,7,Never-married,,Own-child,Black,Female,7489,0,35,United-States,0,0.24567509748663877,0,2,0.2
24,Private,201179,HS-grad,9,Never-married,Other-service,Own-child,White,Male,0,0,40,United-States,0,0.0138522561881695,0,2,0.2
17,Private,237399,11th,7,Never-married,Sales,Own-child,White,Male,0,0,20,United-States,0,0.0008196489859431345,0,2,0.2
56,Self-emp-not-inc,210731,7th-8th,4,Divorced,Sales,Other-relative,White,Male,0,0,20,Mexico,0,0.029331903573701742,0,2,0.2
28,Private,38918,Some-college,10,Married-civ-spouse,Craft-repair,Husband,White,Male,0,0,50,Germany,1,0.44934415859215404,0,2,0.2
63,Federal-gov,321494,HS-grad,9,Never-married,Other-service,Not-in-family,White,Male,2489,0,55,United-States,0,0.016197302403827846,0,2,0.2
51,Local-gov,146181,9th,5,Married-civ-spouse,Transport-moving,Husband,Black,Male,0,0,40,United-States,0,0.22570225696776017,0,2,0.2
37,Private,222450,11th,7,Married-spouse-absent,Other-service,Other-relative,White,Male,0,0,40,El-Salvador,0,0.020676988192160982,0,2,0.2
50,Private,69477,10th,6,Married-civ-spouse,Farming-fishing,Husband,White,Male,0,0,45,United-States,0,0.3203347909959904,0,2,0.2
46,Private,193188,Masters,14,Never-married,Exec-managerial,Unmarried,White,Male,0,0,40,United-States,0,0.6382688215187848,0,2,0.2
62,Private,115387,HS-grad,9,Never-married,Handlers-cleaners,Other-relative,Black,Female,0,0,40,United-States,0,0.0030659983403326274,0,2,0.2
37,Private,134113,Bachelors,13,Never-married,Adm-clerical,Not-in-family,White,Male,4780,0,45,United-States,0,0.9141145615494,1,2,0.2
36,Local-gov,331902,Some-college,10,Divorced,Adm-clerical,Unmarried,White,Female,0,0,35,United-States,0,0.03131921509363583,0,2,0.2
29,Local-gov,152461,Bachelors,13,Never-married,Tech-support,Not-in-family,White,Female,0,0,40,United-States,0,0.031366503458847554,0,2,0.2
20,Private,97212,Some-college,10,Married-civ-spouse,Sales,Wife,White,Female,0,0,30,United-States,0,0.017018881965143992,0,2,0.2
35,Private,142616,HS-grad,9,Separated,Other-service,Own-child,Black,Female,0,0,30,United-States,0,0.009260041161139331,0,2,0.2
36,Private,127809,HS-grad,9,Separated,Other-service,Unmarried,Black,Female,0,0,30,United-States,0,0.010831071416780809,0,2,0.2
52,Private,121874,Assoc-acdm,12,Married-civ-spouse,Sales,Husband,White,Male,9325,0,65,United-States,1,0.9986308574378123,1,2,0.2
30,Private,1184622,Some-college,10,Married-civ-spouse,Transport-moving,Husband,Black,Male,0,0,35,United-States,0,0.2264495863471809,0,2,0.2
44,Private,242521,Bachelors,13,Married-civ-spouse,Sales,Husband,White,Male,7688,0,50,United-States,1,0.9985748014071697,1,2,0.2
43,Private,138471,Some-college,10,Never-married,Adm-clerical,Not-in-family,White,Male,0,0,40,United-States,0,0.16536143288876143,0,2,0.2
43,Local-gov,265698,Bachelors,13,Married-civ-spouse,Prof-specialty,Wife,White,Female,0,0,45,United-States,1,0.9129867386372741,1,2,0.2
65,Self-emp-inc,148532,Bachelors,13,Married-civ-spouse,Sales,Husband,White,Male,4654,0,75,United-States,1,0.1881508882626531,0,2,0.2
22,Private,361608,HS-grad,9,Never-married,Adm-clerical,Not-in-family,White,Female,0,0,40,United-States,0,0.010121782965925565,0,2,0.2
66,Private,99185,Doctorate,16,Married-civ-spouse,Prof-specialty,Husband,White,Male,21969,0,60,United-States,1,0.995581889390296,1,2,0.2
29,State-gov,382272,Bachelors,13,Never-married,Craft-repair,Not-in-family,White,Male,0,0,40,United-States,0,0.1123925261893689,0,2,0.2
30,Private,194971,HS-grad,9,Married-civ-spouse,Other-service,Husband,Asian-Pac-Islander,Male,0,0,52,China,0,0.29636966541186516,0,2,0.2
53,Private,119079,HS-grad,9,Married-civ-spouse,Sales,Husband,White,Male,10731,0,64,United-States,1,0.9990708012396485,1,2,0.2
54,Local-gov,163557,HS-grad,9,Never-married,Adm-clerical,Not-in-family,White,Female,0,0,30,United-States,0,0.0336258920114587,0,2,0.2
30,Private,36340,11th,7,Divorced,Other-service,Unmarried,White,Female,0,0,35,United-States,0,0.013545730928700445,0,2,0.2
41,Self-emp-not-inc,134130,HS-grad,9,Married-civ-spouse,Farming-fishing,Husband,White,Male,0,0,60,United-States,0,0.3250429665674114,0,2,0.2
54,Private,35576,Some-college,10,Married-civ-spouse,Sales,Husband,White,Male,0,2415,50,United-States,1,0.974429341635994,1,2,0.2
34,Private,205581,HS-grad,9,Married-civ-spouse,Sales,Wife,White,Female,0,0,40,United-States,0,0.5668561860988802,0,2,0.2
39,Private,282313,HS-grad,9,Married-civ-spouse,Transport-moving,Husband,Black,Male,7739,0,55,United-States,0,0.998197429829683,1,2,0.2
45,Private,348854,Some-college,10,Separated,Adm-clerical,Unmarried,White,Female,0,0,27,United-States,0,0.045140690516722926,0,2,0.2
32,Private,112139,HS-grad,9,Married-civ-spouse,Sales,Husband,White,Male,0,0,30,United-States,0,0.21202802960741574,0,2,0.2
73,Local-gov,143437,HS-grad,9,Married-civ-spouse,Exec-managerial,Husband,White,Male,0,0,20,United-States,0,0.24329887739835895,0,2,0.2
76,Private,97077,10th,6,Widowed,Sales,Unmarried,Black,Female,0,0,12,United-States,0,0.02485896223214514,0,2,0.2
35,,226379,HS-grad,9,Married-civ-spouse,,Other-relative,White,Female,0,0,25,United-States,0,0.04565064548112266,0,2,0.2
61,Self-emp-not-inc,340755,Masters,14,Married-civ-spouse,Exec-managerial,Husband,White,Male,6883,0,55,United-States,1,0.9506217603769285,1,2,0.2
43,Private,160815,Assoc-voc,11,Divorced,Prof-specialty,Unmarried,White,Female,0,0,40,United-States,0,0.21548823146999496,0,2,0.2
35,Private,105813,Bachelors,13,Married-civ-spouse,Prof-specialty,Husband,White,Male,0,0,48,United-States,1,0.8333474291470369,1,2,0.2
49,Private,20308,Bachelors,13,Married-civ-spouse,Prof-specialty,Husband,White,Male,6061,0,80,United-States,1,0.9936996283637588,1,2,0.2
22,Private,206815,HS-grad,9,Never-married,Sales,Unmarried,White,Female,0,0,40,Peru,0,0.007488849679566328,0,2,0.2
34,Private,256362,HS-grad,9,Married-civ-spouse,Adm-clerical,Husband,White,Male,0,0,40,Italy,1,0.45238972913204395,0,2,0.2
34,Private,247328,HS-grad,9,Never-married,Machine-op-inspct,Other-relative,White,Male,0,0,40,United-States,0,0.011181471529697833,0,2,0.2
39,Private,278557,Assoc-voc,11,Married-civ-spouse,Craft-repair,Husband,White,Male,0,1628,48,United-States,0,0.028198984466823142,0,2,0.2
61,Self-emp-inc,182211,HS-grad,9,Married-civ-spouse,Sales,Husband,White,Male,269,0,65,United-States,1,0.10252940557894948,0,2,0.2
41,Private,43467,Bachelors,13,Divorced,Other-service,Not-in-family,White,Female,0,0,99,United-States,0,0.21837764656916073,0,2,0.2
47,Private,117528,Bachelors,13,Never-married,Tech-support,Not-in-family,White,Female,6507,0,55,United-States,0,0.25473597231679024,0,2,0.2
45,Local-gov,317846,Assoc-acdm,12,Divorced,Exec-managerial,Unmarried,White,Male,0,0,47,United-States,0,0.5216992379582767,0,2,0.2
29,Private,149324,Some-college,10,Married-civ-spouse,Craft-repair,Husband,White,Male,0,1485,40,United-States,1,0.7536771683603104,1,2,0.2
41,Federal-gov,56236,HS-grad,9,Divorced,Protective-serv,Unmarried,Black,Male,1506,0,40,United-States,0,0.012177814249090289,0,2,0.2
64,Self-emp-inc,29887,Prof-school,15,Married-civ-spouse,Prof-specialty,Husband,White,Male,3421,0,75,United-States,1,0.1407475903476543,0,2,0.2
54,Private,179291,Some-college,10,Married-civ-spouse,Prof-specialty,Husband,Black,Male,0,0,56,Haiti,1,0.8092031080513968,1,2,0.2
29,Private,309778,Bachelors,13,Never-married,Craft-repair,Not-in-family,White,Male,0,0,40,United-States,0,0.11189985830220896,0,2,0.2
50,Private,99156,HS-grad,9,Separated,Other-service,Own-child,White,Male,11190,0,50,United-States,0,0.9973494716774222,1,2,0.2
45,Private,28119,HS-grad,9,Married-civ-spouse,Adm-clerical,Husband,White,Male,0,0,7,United-States,0,0.4040156861320393,0,2,0.2
48,Private,70668,10th,6,Never-married,Priv-house-serv,Other-relative,White,Female,0,0,40,United-States,0,0.0027865576142151443,0,2,0.2
32,Private,127651,HS-grad,9,Married-civ-spouse,Sales,Husband,White,Male,0,0,46,United-States,1,0.6385642090058546,0,2,0.2
44,Private,117369,HS-grad,9,Never-married,Other-service,Not-in-family,White,Male,12653,0,63,United-States,0,0.9983058707379245,1,2,0.2
32,Private,160594,Bachelors,13,Never-married,Sales,Not-in-family,White,Male,0,1564,50,United-States,1,0.9862769243492131,1,2,0.2
51,Private,143741,Some-college,10,Married-civ-spouse,Other-service,Wife,White,Female,0,0,40,United-States,1,0.5249073943411794,0,2,0.2
23,Private,307267,Masters,14,Never-married,Other-service,Not-in-family,White,Female,0,0,10,United-States,0,0.005016239514184894,0,2,0.2
50,Private,155433,Bachelors,13,Divorced,Exec-managerial,Not-in-family,White,Female,0,0,50,United-States,0,0.6995576133118903,1,2,0.2
23,Private,188950,Assoc-voc,11,Never-married,Sales,Own-child,White,Male,0,0,40,United-States,0,0.016716028249305473,0,2,0.2
33,Self-emp-not-inc,105229,Bachelors,13,Married-civ-spouse,Exec-managerial,Husband,White,Male,0,0,40,United-States,0,0.7501006872748173,1,2,0.2
24,Private,204653,Some-college,10,Never-married,Craft-repair,Own-child,White,Male,0,0,40,United-States,0,0.02471303889109851,0,2,0.2
50,Self-emp-not-inc,91103,HS-grad,9,Married-civ-spouse,Craft-repair,Husband,White,Male,0,0,51,United-States,1,0.6245526127928713,0,2,0.2
30,Private,170194,11th,7,Never-married,Sales,Own-child,White,Male,3717,0,40,United-States,0,0.00315607824282849,0,2,0.2
53,Private,43711,HS-grad,9,Never-married,Other-service,Not-in-family,White,Male,13850,0,45,United-States,0,0.9984230398575052,1,2,0.2
35,Private,151835,Masters,14,Married-civ-spouse,Prof-specialty,Husband,White,Male,99999,0,50,United-States,1,0.9990623778819748,1,2,0.2
18,,209735,Some-college,10,Never-married,,Own-child,White,Female,0,0,30,United-States,0,0.0013282358983716749,0,2,0.2
23,Private,129121,HS-grad,9,Divorced,Sales,Not-in-family,White,Female,0,0,30,United-States,0,0.009459677556217775,0,2,0.2
27,Self-emp-inc,193868,HS-grad,9,Never-married,Sales,Not-in-family,White,Male,0,0,50,United-States,0,0.24867831689797698,0,2,0.2
54,Private,76487,HS-grad,9,Married-civ-spouse,Adm-clerical,Husband,White,Male,8568,0,60,United-States,0,0.9985432213415831,1,2,0.2
26,Private,98114,HS-grad,9,Divorced,Exec-managerial,Own-child,White,Female,0,0,40,United-States,0,0.03362540597954302,0,2,0.2
67,Self-emp-not-inc,218456,Masters,14,Divorced,Exec-managerial,Not-in-family,White,Female,13539,0,65,Hungary,0,0.9953505050932572,1,2,0.2
60,Private,144844,HS-grad,9,Married-civ-spouse,Craft-repair,Husband,White,Male,2482,0,55,United-States,0,0.10604347071919441,0,2,0.2
36,Private,86459,Assoc-voc,11,Married-civ-spouse,Exec-managerial,Husband,White,Male,0,1887,50,United-States,1,0.9894192549996418,1,2,0.2
41,Private,106159,HS-grad,9,Never-married,Machine-op-inspct,Own-child,White,Male,14344,0,48,United-States,1,0.9969148076237135,1,2,0.2
47,Self-emp-not-inc,218676,Masters,14,Married-civ-spouse,Exec-managerial,Husband,White,Male,0,0,45,United-States,0,0.881446242595494,1,2,0.2
27,Private,307724,Some-college,10,Never-married,Adm-clerical,Not-in-family,White,Female,0,0,40,,0,0.03036064142980511,0,2,0.2
62,Private,183735,Some-college,10,Married-civ-spouse,Exec-managerial,Husband,White,Male,0,0,40,United-States,0,0.8192015373100576,1,2,0.2
33,Private,40681,Assoc-acdm,12,Never-married,Adm-clerical,Not-in-family,White,Female,0,0,40,United-States,0,0.03628572066681311,0,2,0.2
45,Self-emp-inc,177543,HS-grad,9,Married-civ-spouse,Sales,Wife,White,Female,0,0,50,United-States,0,0.6790225360196104,1,2,0.2
64,Self-emp-not-inc,41496,Some-college,10,Married-civ-spouse,Sales,Husband,White,Male,1399,0,60,United-States,0,0.07118393229300211,0,2,0.2
58,Private,196502,Some-college,10,Married-civ-spouse,Sales,Husband,White,Male,0,0,60,United-States,1,0.8187984014355221,1,2,0.2
32,Private,376416,HS-grad,9,Never-married,Sales,Own-child,White,Male,14404,0,55,United-States,0,0.9975661415629411,1,2,0.2
37,Private,359131,HS-grad,9,Divorced,Craft-repair,Unmarried,White,Female,0,0,48,United-States,0,0.14981454761090413,0,2,0.2
34,Private,303187,Bachelors,13,Married-civ-spouse,Prof-specialty,Husband,Asian-Pac-Islander,Male,0,0,40,,1,0.8482251638741548,1,2,0.2
19,Private,287380,Some-college,10,Never-married,Handlers-cleaners,Own-child,White,Male,0,0,27,United-States,0,0.0019719454374944713,0,2,0.2
50,Private,191455,HS-grad,9,Married-civ-spouse,Other-service,Wife,White,Female,1525,0,25,United-States,0,0.04082476995244818,0,2,0.2
33,Private,241697,Some-college,10,Married-spouse-absent,Sales,Unmarried,Amer-Indian-Eskimo,Male,0,1602,40,United-States,0,0.010292303783645599,0,2,0.2
26,Private,177720,Assoc-acdm,12,Divorced,Prof-specialty,Unmarried,White,Female,0,0,45,United-States,0,0.15513645621478422,0,2,0.2
53,Self-emp-inc,32016,HS-grad,9,Married-civ-spouse,Sales,Husband,White,Male,11771,0,77,United-States,0,0.9983179786760922,1,2,0.2
65,Private,209831,Assoc-voc,11,Married-civ-spouse,Adm-clerical,Wife,White,Female,0,0,40,United-States,0,0.6346677382869861,0,2,0.2
26,Private,284343,HS-grad,9,Never-married,Machine-op-inspct,Not-in-family,White,Male,0,0,40,United-States,0,0.012018345756201634,0,2,0.2
27,Private,135296,Bachelors,13,Married-civ-spouse,Exec-managerial,Wife,White,Female,0,0,40,United-States,1,0.8208159743902409,1,2,0.2
32,Private,258298,Some-college,10,Never-married,Handlers-cleaners,Own-child,White,Male,738,0,35,United-States,0,0.002333829622917137,0,2,0.2
38,Self-emp-not-inc,112158,HS-grad,9,Married-civ-spouse,Exec-managerial,Husband,White,Male,0,0,99,United-States,0,0.4571678992609573,0,2,0.2
30,Private,77634,HS-grad,9,Married-civ-spouse,Exec-managerial,Husband,White,Male,0,0,40,United-States,0,0.5855796117340784,0,2,0.2
18,Private,127388,12th,8,Never-married,Other-service,Not-in-family,White,Female,0,0,25,United-States,0,0.0008040329198419204,0,2,0.2
47,Private,244025,HS-grad,9,Never-married,Machine-op-inspct,Unmarried,Amer-Indian-Eskimo,Male,0,0,56,Puerto-Rico,0,0.039313072040837706,0,2,0.2
30,Private,41973,11th,7,Never-married,Adm-clerical,Own-child,White,Female,1579,0,20,United-States,0,0.0010069724873864657,0,2,0.2
77,Local-gov,200764,HS-grad,9,Divorced,Adm-clerical,Not-in-family,White,Female,14334,0,31,United-States,1,0.9973577566315983,1,2,0.2
38,Self-emp-inc,159179,Prof-school,15,Married-civ-spouse,Prof-specialty,Husband,White,Male,0,0,45,United-States,1,0.9442263559044348,1,2,0.2
46,State-gov,56841,Masters,14,Married-civ-spouse,Exec-managerial,Husband,White,Male,0,0,45,United-States,1,0.9281807247201409,1,2,0.2
42,Private,156580,Some-college,10,Married-civ-spouse,Machine-op-inspct,Wife,White,Female,0,0,37,United-States,1,0.7312705701963574,1,2,0.2
60,Private,366089,Doctorate,16,Married-civ-spouse,Prof-specialty,Husband,White,Male,12611,0,60,United-States,1,0.9986143525145597,1,2,0.2
39,Private,127772,HS-grad,9,Married-civ-spouse,Craft-repair,Husband,White,Male,0,0,40,United-States,0,0.5846427236705267,0,2,0.2
31,Private,196119,HS-grad,9,Never-married,Sales,Own-child,White,Female,2619,0,50,United-States,0,0.006657378470377636,0,2,0.2
52,Private,144361,Assoc-voc,11,Married-civ-spouse,Craft-repair,Husband,White,Male,0,1902,40,United-States,1,0.9871904940109761,1,2,0.2
78,Private,111189,7th-8th,4,Never-married,Machine-op-inspct,Not-in-family,White,Female,0,0,35,Dominican-Republic,0,0.024211244672509194,0,2,0.2
20,Private,113511,11th,7,Never-married,Transport-moving,Own-child,White,Male,0,0,40,United-States,0,0.002118295265218695,0,2,0.2
90,Self-emp-not-inc,152148,7th-8th,4,Married-civ-spouse,Transport-moving,Husband,White,Male,9046,0,35,United-States,0,0.9440231483295012,1,2,0.2
35,Private,164519,HS-grad,9,Divorced,Adm-clerical,Unmarried,Black,Female,0,0,40,United-States,0,0.020240717791108125,0,2,0.2
31,Local-gov,202184,Some-college,10,Never-married,Adm-clerical,Own-child,White,Male,6481,0,30,United-States,0,0.057656580773523446,0,2,0.2
29,Private,176760,Prof-school,15,Never-married,Prof-specialty,Not-in-family,Asian-Pac-Islander,Male,0,0,55,United-States,0,0.5246623836650735,0,2,0.2
30,Self-emp-inc,204470,Some-college,10,Married-civ-spouse,Exec-managerial,Husband,White,Male,0,0,36,United-States,1,0.7409121380954324,1,2,0.2
55,Private,124330,Some-college,10,Divorced,Exec-managerial,Not-in-family,White,Female,7511,0,61,United-States,0,0.8601333430972231,1,2,0.2
39,Private,269548,1st-4th,2,Married-civ-spouse,Handlers-cleaners,Husband,White,Male,0,0,70,Mexico,0,0.07918724247681012,0,2,0.2
48,Private,195437,11th,7,Married-civ-spouse,Transport-moving,Husband,White,Male,0,0,40,United-States,1,0.37809796555604913,0,2,0.2
27,Private,188941,Some-college,10,Married-civ-spouse,Tech-support,Husband,White,Male,3908,0,40,United-States,0,0.04310832298642029,0,2,0.2
35,Private,169672,11th,7,Married-civ-spouse,Sales,Husband,White,Male,0,0,65,United-States,0,0.4359359018724831,0,2,0.2
50,Private,154043,HS-grad,9,Widowed,Adm-clerical,Other-relative,Black,Female,0,0,40,United-States,0,0.019635287900884618,0,2,0.2
90,Self-emp-inc,183686,Bachelors,13,Married-civ-spouse,Sales,Husband,White,Male,13012,0,35,United-States,1,0.9920600877282978,1,2,0.2
34,Private,125010,Assoc-voc,11,Never-married,Priv-house-serv,Not-in-family,White,Female,8916,0,45,United-States,0,0.9951332350838904,1,2,0.2
47,Private,341471,HS-grad,9,Divorced,Priv-house-serv,Not-in-family,White,Female,0,0,4,United-States,0,0.025831713612847904,0,2,0.2
58,Private,148254,HS-grad,9,Divorced,Exec-managerial,Not-in-family,White,Female,7396,0,75,United-States,0,0.810838527573053,1,2,0.2
41,Private,297186,HS-grad,9,Married-civ-spouse,Transport-moving,Wife,White,Female,0,0,40,United-States,0,0.6613040351118465,1,2,0.2
59,Private,159724,Masters,14,Married-civ-spouse,Sales,Husband,White,Male,7298,0,55,United-States,1,0.9980710831223994,1,2,0.2
69,Private,104827,HS-grad,9,Widowed,Tech-support,Unmarried,White,Female,0,0,8,United-States,0,0.019913838922202404,0,2,0.2
52,Private,262579,HS-grad,9,Married-civ-spouse,Handlers-cleaners,Husband,White,Male,0,0,45,United-States,0,0.5197703085758009,0,2,0.2
27,Private,110622,5th-6th,3,Never-married,Sales,Own-child,Asian-Pac-Islander,Female,0,0,20,Vietnam,0,0.004162346405994525,0,2,0.2
23,Private,147253,Assoc-acdm,12,Never-married,Sales,Not-in-family,White,Male,0,0,40,United-States,0,0.023724101042792614,0,2,0.2
35,Private,50341,Masters,14,Never-married,Sales,Not-in-family,White,Female,998,0,35,United-States,0,0.010897051935760411,0,2,0.2
21,Private,34816,Assoc-voc,11,Married-civ-spouse,Adm-clerical,Wife,White,Female,0,0,12,United-States,0,0.058653021997109,0,2,0.2
20,Private,146879,HS-grad,9,Never-married,Other-service,Not-in-family,White,Male,0,2001,40,United-States,0,0.006804394376280591,0,2,0.2
60,Private,181200,12th,8,Married-civ-spouse,Adm-clerical,Husband,White,Male,0,0,40,United-States,0,0.580732726588682,0,2,0.2
62,Private,161438,HS-grad,9,Married-civ-spouse,Exec-managerial,Husband,White,Male,11661,0,65,United-States,1,0.9890031389169126,1,2,0.2
23,Private,202344,Bachelors,13,Never-married,Prof-specialty,Own-child,White,Female,0,0,40,United-States,0,0.018738554666588313,0,2,0.2
57,,221417,Bachelors,13,Married-civ-spouse,,Husband,White,Male,0,0,40,United-States,1,0.809642073537996,1,2,0.2
44,Private,162372,9th,5,Married-civ-spouse,Craft-repair,Husband,White,Male,0,0,45,Puerto-Rico,0,0.2630652171190068,0,2,0.2
24,Private,96844,Some-college,10,Never-married,Adm-clerical,Not-in-family,White,Female,0,0,17,United-States,0,0.004891345502216247,0,2,0.2
38,Private,304651,HS-grad,9,Married-civ-spouse,Adm-clerical,Husband,White,Male,0,0,45,United-States,1,0.7131633820987799,1,2,0.2
62,,122433,10th,6,Divorced,,Unmarried,White,Male,0,0,35,United-States,0,0.08638101639063811,0,2,0.2
42,Self-emp-not-inc,138162,Bachelors,13,Married-civ-spouse,Exec-managerial,Husband,White,Male,0,0,45,United-States,0,0.8163935940147826,1,2,0.2
62,Self-emp-inc,245491,Bachelors,13,Divorced,Sales,Not-in-family,White,Male,99999,0,40,United-States,1,0.995607615740431,1,2,0.2
44,Private,172032,HS-grad,9,Married-civ-spouse,Transport-moving,Husband,White,Male,0,0,40,United-States,0,0.5001451269648707,0,2,0.2
26,Private,266022,Some-college,10,Married-civ-spouse,Sales,Husband,White,Male,0,0,50,United-States,0,0.5676805489952722,0,2,0.2
49,Private,111129,Assoc-voc,11,Married-civ-spouse,Craft-repair,Husband,White,Male,2105,0,54,United-States,0,0.15418973777921738,0,2,0.2
58,Private,236731,1st-4th,2,Married-civ-spouse,Other-service,Husband,White,Male,0,0,40,Cuba,0,0.07513084359205796,0,2,0.2
43,Private,106637,Some-college,10,Divorced,Adm-clerical,Unmarried,White,Female,11300,0,35,United-States,0,0.9917808280115146,1,2,0.2
39,Private,43712,HS-grad,9,Married-civ-spouse,Exec-managerial,Husband,White,Male,7298,0,40,United-States,1,0.9971793907428316,1,2,0.2
22,State-gov,199266,Some-college,10,Never-married,Adm-clerical,Not-in-family,White,Female,0,0,17,United-States,0,0.0029315149245457226,0,2,0.2
19,Private,260275,11th,7,Separated,Craft-repair,Own-child,Black,Male,0,0,40,United-States,0,0.009409623306917558,0,2,0.2
28,Private,198493,Assoc-acdm,12,Never-married,Craft-repair,Not-in-family,White,Male,0,0,40,United-States,0,0.06887431828535667,0,2,0.2
19,,60688,Some-college,10,Never-married,,Own-child,White,Male,0,0,35,United-States,0,0.0033755659051065193,0,2,0.2
27,Federal-gov,508336,Bachelors,13,Never-married,Exec-managerial,Not-in-family,Black,Male,0,0,48,United-States,0,0.11495324521554097,0,2,0.2
35,Private,63921,5th-6th,3,Married-civ-spouse,Handlers-cleaners,Husband,White,Male,0,0,40,Mexico,0,0.02355007120716899,0,2,0.2
43,Private,96102,Masters,14,Married-spouse-absent,Exec-managerial,Not-in-family,White,Male,0,0,50,United-States,0,0.7795893929119794,1,2,0.2
37,Private,32719,Bachelors,13,Married-civ-spouse,Prof-specialty,Wife,White,Female,0,0,50,United-States,1,0.8002781965154436,1,2,0.2
63,Private,194908,HS-grad,9,Never-married,Adm-clerical,Not-in-family,White,Female,7131,0,55,United-States,0,0.8713970712278645,1,2,0.2
19,Private,41745,Some-college,10,Never-married,Exec-managerial,Own-child,White,Female,0,0,40,United-States,0,0.0023892442272010032,0,2,0.2
27,Private,169815,Bachelors,13,Never-married,Sales,Own-child,White,Male,0,0,40,United-States,0,0.04845421926930748,0,2,0.2
37,,223732,Some-college,10,Separated,,Unmarried,White,Male,0,0,40,United-States,0,0.058710122782843106,0,2,0.2
23,,154921,5th-6th,3,Never-married,,Not-in-family,White,Male,0,0,50,United-States,0,0.02243900950814397,0,2,0.2
51,Private,351416,Some-college,10,Divorced,Prof-specialty,Unmarried,White,Female,0,0,40,United-States,0,0.23735275900104955,0,2,0.2
44,Private,391874,HS-grad,9,Married-civ-spouse,Craft-repair,Husband,White,Male,11952,0,55,United-States,0,0.9990901511996861,1,2,0.2
41,Private,257758,12th,8,Married-civ-spouse,Craft-repair,Husband,White,Male,0,0,40,United-States,1,0.5181584724412412,0,2,0.2
53,Private,346871,HS-grad,9,Divorced,Prof-specialty,Not-in-family,White,Male,4787,0,46,United-States,1,0.970969369217132,1,2,0.2
22,Private,136230,HS-grad,9,Never-married,Adm-clerical,Own-child,White,Male,0,0,40,United-States,0,0.012883054327179965,0,2,0.2
37,Private,196373,HS-grad,9,Married-civ-spouse,Craft-repair,Husband,White,Male,0,0,40,United-States,1,0.6028741574281831,0,2,0.2
23,Private,122272,HS-grad,9,Never-married,Craft-repair,Own-child,White,Female,0,0,40,United-States,0,0.009677772467258509,0,2,0.2
43,Self-emp-not-inc,183479,HS-grad,9,Married-civ-spouse,Craft-repair,Husband,White,Male,0,0,30,United-States,0,0.17349320671602259,0,2,0.2
35,Private,166416,Bachelors,13,Married-civ-spouse,Exec-managerial,Husband,White,Male,0,0,50,United-States,1,0.9064452790418311,1,2,0.2
40,Private,103789,Assoc-acdm,12,Divorced,Adm-clerical,Unmarried,Black,Female,0,0,32,United-States,0,0.01603913598720323,0,2,0.2
22,Private,388885,HS-grad,9,Married-civ-spouse,Craft-repair,Husband,White,Male,0,0,45,United-States,0,0.14119071826670734,0,2,0.2
23,Private,179413,HS-grad,9,Never-married,Craft-repair,Unmarried,White,Male,0,0,40,United-States,0,0.015694105748472423,0,2,0.2
21,Private,105577,Some-college,10,Never-married,Other-service,Own-child,White,Female,0,0,30,United-States,0,0.0049304758329377025,0,2,0.2
19,,180976,10th,6,Never-married,,Unmarried,White,Female,0,0,35,United-States,0,0.0018166183430978835,0,2,0.2
53,Private,92968,Assoc-acdm,12,Separated,Exec-managerial,Unmarried,White,Female,0,0,40,United-States,0,0.11176390948180881,0,2,0.2
30,Private,85708,HS-grad,9,Married-civ-spouse,Adm-clerical,Husband,White,Male,0,0,40,United-States,0,0.43599534691811603,0,2,0.2
35,Private,46385,HS-grad,9,Married-civ-spouse,Transport-moving,Husband,White,Male,5178,0,90,United-States,1,0.9831610051505297,1,2,0.2
33,Private,301915,11th,7,Separated,Sales,Not-in-family,Other,Female,14970,0,45,Mexico,0,0.9956330995548062,1,2,0.2
34,Private,190040,HS-grad,9,Married-civ-spouse,Adm-clerical,Wife,White,Female,0,0,40,United-States,0,0.643597036603541,0,2,0.2
72,Private,103990,Masters,14,Married-civ-spouse,Other-service,Husband,White,Male,0,0,12,United-States,0,0.3476900356364628,0,2,0.2
40,Private,77975,HS-grad,9,Married-civ-spouse,Craft-repair,Husband,White,Male,0,0,40,United-States,0,0.5774937894070958,0,2,0.2
64,Local-gov,175339,Bachelors,13,Married-civ-spouse,Protective-serv,Husband,White,Male,7010,0,55,United-States,1,0.878661163078538,1,2,0.2
22,Private,163687,10th,6,Never-married,Sales,Own-child,White,Male,0,0,15,United-States,0,0.0036480848212270154,0,2,0.2
54,Self-emp-inc,151580,Bachelors,13,Married-civ-spouse,Tech-support,Husband,White,Male,0,0,40,United-States,1,0.8972885275587185,1,2,0.2
40,State-gov,288731,Bachelors,13,Married-civ-spouse,Prof-specialty,Husband,White,Male,11889,0,35,United-States,0,0.9988486231744232,1,2,0.2
25,Private,128699,Bachelors,13,Never-married,Adm-clerical,Not-in-family,White,Female,0,0,45,United-States,0,0.04325558377295377,0,2,0.2
60,State-gov,234854,Doctorate,16,Married-civ-spouse,Prof-specialty,Husband,White,Male,0,1902,40,United-States,1,0.9927059245182565,1,2,0.2
60,Private,209844,Some-college,10,Divorced,Adm-clerical,Other-relative,White,Female,0,0,40,United-States,0,0.017082399862344964,0,2,0.2
26,Private,183965,HS-grad,9,Never-married,Craft-repair,Not-in-family,White,Male,0,0,40,United-States,0,0.03437145401577377,0,2,0.2
44,State-gov,253354,Masters,14,Married-civ-spouse,Prof-specialty,Husband,White,Male,9638,0,65,United-States,0,0.9984549746838245,1,2,0.2
39,Private,225707,Assoc-voc,11,Married-civ-spouse,Adm-clerical,Husband,White,Male,0,0,40,Cuba,0,0.7241524472164379,1,2,0.2
52,Federal-gov,30731,Bachelors,13,Married-civ-spouse,Exec-managerial,Husband,White,Male,0,0,45,United-States,1,0.9323256854875009,1,2,0.2
43,Local-gov,180096,Masters,14,Married-civ-spouse,Prof-specialty,Husband,White,Male,0,0,40,United-States,1,0.8793625578172511,1,2,0.2
28,Federal-gov,341709,HS-grad,9,Never-married,Craft-repair,Not-in-family,White,Male,0,0,40,United-States,0,0.030867475432790267,0,2,0.2
33,Private,44392,HS-grad,9,Divorced,Handlers-cleaners,Own-child,White,Male,0,0,20,United-States,0,0.01511909101906089,0,2,0.2
22,Private,73266,Some-college,10,Never-married,Transport-moving,Own-child,Asian-Pac-Islander,Male,0,0,40,United-States,0,0.04788787784058135,0,2,0.2
43,Private,141858,11th,7,Married-civ-spouse,Handlers-cleaners,Husband,White,Male,0,0,40,United-States,0,0.16045535011325263,0,2,0.2
35,Self-emp-not-inc,280570,HS-grad,9,Married-civ-spouse,Exec-managerial,Husband,White,Male,0,0,35,United-States,0,0.42592995034703185,0,2,0.2
58,Private,196643,HS-grad,9,Divorced,Sales,Not-in-family,White,Female,0,0,15,United-States,0,0.044261810695265066,0,2,0.2
26,Private,186463,Some-college,10,Married-civ-spouse,Transport-moving,Husband,White,Male,0,0,40,United-States,0,0.370073473136925,0,2,0.2
31,State-gov,42750,HS-grad,9,Never-married,Protective-serv,Own-child,White,Male,3444,0,55,United-States,0,0.007768813183486686,0,2,0.2
40,Private,369781,HS-grad,9,Married-civ-spouse,Handlers-cleaners,Husband,White,Male,15024,0,45,United-States,1,0.9993821855418236,1,2,0.2
37,Self-emp-not-inc,154641,Assoc-acdm,12,Married-civ-spouse,Farming-fishing,Husband,White,Male,2105,0,50,United-States,0,0.06701635994867429,0,2,0.2
24,Private,258730,HS-grad,9,Divorced,Other-service,Own-child,White,Female,0,0,40,Japan,0,0.016004749386834754,0,2,0.2
46,Self-emp-inc,181413,Assoc-acdm,12,Married-civ-spouse,Exec-managerial,Wife,White,Female,0,0,40,United-States,0,0.8626211617451989,1,2,0.2
36,Private,379522,Bachelors,13,Divorced,Prof-specialty,Not-in-family,White,Male,0,0,40,Germany,0,0.48308165939687303,0,2,0.2
41,Self-emp-inc,160120,Doctorate,16,Married-civ-spouse,Sales,Husband,Asian-Pac-Islander,Male,0,0,40,Taiwan,1,0.8735725072257995,1,2,0.2
48,Self-emp-not-inc,65535,HS-grad,9,Married-civ-spouse,Farming-fishing,Husband,White,Male,0,0,50,United-States,0,0.39721988007398795,0,2,0.2
42,Private,246439,Assoc-acdm,12,Married-civ-spouse,Prof-specialty,Husband,White,Male,12061,0,75,United-States,0,0.9988716233906544,1,2,0.2
36,Private,49794,HS-grad,9,Married-civ-spouse,Craft-repair,Husband,White,Male,0,0,45,United-States,0,0.4939497218551474,0,2,0.2
46,Federal-gov,297906,Bachelors,13,Married-civ-spouse,Prof-specialty,Husband,Asian-Pac-Islander,Male,0,0,50,United-States,1,0.9320634395509924,1,2,0.2
22,Private,219042,10th,6,Never-married,Machine-op-inspct,Unmarried,White,Male,0,0,40,United-States,0,0.006988886528159522,0,2,0.2
41,Self-emp-not-inc,157686,Some-college,10,Married-civ-spouse,Exec-managerial,Husband,White,Male,0,0,40,United-States,1,0.6659151964145588,1,2,0.2
58,Private,241350,Some-college,10,Never-married,Exec-managerial,Not-in-family,White,Male,21630,0,65,United-States,1,0.9984231010175,1,2,0.2
28,Private,201861,Some-college,10,Married-civ-spouse,Machine-op-inspct,Husband,White,Male,0,0,45,United-States,0,0.4041180153369141,0,2,0.2
48,Private,162424,HS-grad,9,Married-civ-spouse,Craft-repair,Husband,White,Male,11477,0,60,United-States,0,0.9990626873586059,1,2,0.2
39,Local-gov,92431,Some-college,10,Never-married,Protective-serv,Not-in-family,White,Male,13887,2231,55,United-States,1,0.9981160513798567,1,2,0.2
36,Private,160192,HS-grad,9,Never-married,Other-service,Not-in-family,White,Male,0,0,40,United-States,0,0.03754268170187148,0,2,0.2
58,Private,25894,Doctorate,16,Divorced,Prof-specialty,Not-in-family,Asian-Pac-Islander,Male,2158,0,55,India,1,0.05622633423409233,0,2,0.2
54,Private,13769,Assoc-voc,11,Divorced,Prof-specialty,Unmarried,White,Male,209,0,55,United-States,0,0.0300198219837221,0,2,0.2
40,Private,208277,Some-college,10,Divorced,Adm-clerical,Own-child,White,Female,0,0,44,United-States,1,0.1093854019431696,0,2,0.2
41,Private,120277,Bachelors,13,Married-civ-spouse,Prof-specialty,Husband,White,Male,0,0,40,United-States,1,0.8744545204615417,1,2,0.2
22,Private,176178,HS-grad,9,Never-married,Sales,Own-child,White,Female,0,0,36,United-States,0,0.006897456175219685,0,2,0.2
39,Private,218781,HS-grad,9,Married-civ-spouse,Handlers-cleaners,Husband,White,Male,13995,0,65,United-States,0,0.9985866569600954,1,2,0.2
69,Private,197642,Some-college,10,Widowed,Other-service,Not-in-family,White,Female,9953,0,55,United-States,0,0.9950300891847581,1,2,0.2
35,State-gov,89040,Bachelors,13,Married-civ-spouse,Exec-managerial,Husband,White,Male,0,0,40,United-States,1,0.8180812221034768,1,2,0.2
47,Federal-gov,182898,HS-grad,9,Married-civ-spouse,Adm-clerical,Husband,White,Male,6388,0,55,United-States,0,0.9946887667024067,1,2,0.2
33,,182771,Bachelors,13,Never-married,,Own-child,Asian-Pac-Islander,Male,0,0,80,Philippines,0,0.35750572638985817,0,2,0.2
40,Private,244945,HS-grad,9,Married-civ-spouse,Craft-repair,Husband,White,Male,0,0,40,United-States,0,0.6084440670908955,0,2,0.2
26,Private,376016,HS-grad,9,Never-married,Other-service,Not-in-family,White,Female,0,0,30,United-States,0,0.010087549909328147,0,2,0.2
47,,294443,Assoc-voc,11,Divorced,,Not-in-family,White,Female,0,0,40,United-States,0,0.08655674928093117,0,2,0.2
55,Private,197399,HS-grad,9,Married-civ-spouse,Craft-repair,Husband,White,Male,0,0,50,United-States,1,0.7248124070070754,1,2,0.2
67,Private,123393,11th,7,Married-civ-spouse,Transport-moving,Husband,White,Male,0,0,40,United-States,0,0.2638547768677969,0,2,0.2
39,Private,174924,HS-grad,9,Separated,Exec-managerial,Not-in-family,White,Male,14344,0,40,United-States,1,0.997678677388982,1,2,0.2
28,Private,328923,HS-grad,9,Never-married,Adm-clerical,Other-relative,White,Female,0,0,38,United-States,0,0.009428074668641113,0,2,0.2
47,Private,32825,Some-college,10,Married-civ-spouse,Sales,Husband,White,Male,0,0,60,United-States,0,0.6979479640175389,1,2,0.2
75,Private,200068,Some-college,10,Married-civ-spouse,Exec-managerial,Husband,White,Male,0,0,35,United-States,1,0.7993134626931936,1,2,0.2
58,Private,316849,Some-college,10,Divorced,Other-service,Not-in-family,White,Male,0,0,40,United-States,0,0.10510759444664008,0,2,0.2
38,Private,338320,Bachelors,13,Married-civ-spouse,Prof-specialty,Husband,White,Male,0,0,40,Canada,0,0.8336700867676343,1,2,0.2
19,Private,196857,11th,7,Never-married,Adm-clerical,Own-child,White,Female,594,0,15,United-States,0,0.00021936046771675708,0,2,0.2
23,Private,194951,Bachelors,13,Never-married,Prof-specialty,Not-in-family,Asian-Pac-Islander,Male,0,0,55,Ireland,0,0.050207966456117255,0,2,0.2
29,Private,152951,HS-grad,9,Married-civ-spouse,Craft-repair,Husband,White,Male,0,0,40,United-States,1,0.3563190589217983,0,2,0.2
21,State-gov,48121,Some-college,10,Never-married,Exec-managerial,Own-child,White,Male,0,1602,10,United-States,0,0.004805046305737428,0,2,0.2
31,Federal-gov,351141,HS-grad,9,Married-civ-spouse,Tech-support,Husband,White,Male,0,0,40,United-States,0,0.7682864076214861,1,2,0.2
44,Self-emp-not-inc,89413,Bachelors,13,Married-civ-spouse,Farming-fishing,Husband,White,Male,0,0,50,United-States,0,0.6122948017849333,0,2,0.2
37,Self-emp-not-inc,29814,HS-grad,9,Never-married,Farming-fishing,Own-child,White,Male,0,0,85,United-States,0,0.1180073444641933,0,2,0.2
29,Private,433624,Some-college,10,Never-married,Adm-clerical,Not-in-family,White,Female,0,0,40,United-States,0,0.03825403230115658,0,2,0.2
49,Private,337666,HS-grad,9,Divorced,Machine-op-inspct,Not-in-family,Black,Male,0,0,40,United-States,0,0.03144745356040746,0,2,0.2
33,Self-emp-not-inc,295591,1st-4th,2,Married-spouse-absent,Craft-repair,Not-in-family,White,Male,0,0,40,Mexico,0,0.041048296123172734,0,2,0.2
23,Private,69847,Bachelors,13,Never-married,Prof-specialty,Own-child,Asian-Pac-Islander,Female,0,0,20,United-States,0,0.013951784118702067,0,2,0.2
37,Private,159603,HS-grad,9,Never-married,Other-service,Unmarried,White,Female,13872,0,49,United-States,0,0.995833132203391,1,2,0.2
42,,85995,HS-grad,9,Married-civ-spouse,,Husband,White,Male,0,0,52,United-States,0,0.39832816678175803,0,2,0.2
40,Private,82465,Some-college,10,Married-civ-spouse,Machine-op-inspct,Husband,White,Male,2580,0,40,United-States,0,0.08626457212657183,0,2,0.2
24,Private,249351,HS-grad,9,Married-civ-spouse,Machine-op-inspct,Wife,White,Female,0,0,40,United-States,0,0.139618533861922,0,2,0.2
22,Self-emp-inc,269583,7th-8th,4,Married-civ-spouse,Craft-repair,Husband,White,Male,2580,0,40,United-States,0,0.0050753505466376615,0,2,0.2
26,Private,186168,Bachelors,13,Never-married,Exec-managerial,Own-child,White,Female,0,0,40,United-States,0,0.03575968597859623,0,2,0.2
46,Private,135785,Bachelors,13,Never-married,Prof-specialty,Not-in-family,White,Female,5367,0,51,United-States,0,0.3692412998776006,0,2,0.2
62,Private,107265,HS-grad,9,Married-civ-spouse,Transport-moving,Husband,White,Male,14015,0,65,United-States,1,0.975541070578647,1,2,0.2
46,Self-emp-not-inc,225065,Bachelors,13,Separated,Other-service,Unmarried,White,Female,0,0,45,Nicaragua,0,0.239286349078073,0,2,0.2
47,Self-emp-not-inc,174995,HS-grad,9,Widowed,Exec-managerial,Not-in-family,White,Female,0,0,30,United-States,0,0.084270626731426,0,2,0.2
18,,171964,HS-grad,9,Never-married,,Own-child,White,Female,0,1602,20,United-States,0,0.0012258025987180593,0,2,0.2
38,Local-gov,218184,5th-6th,3,Married-civ-spouse,Handlers-cleaners,Other-relative,White,Male,0,0,40,Mexico,0,0.012597962063044407,0,2,0.2
32,Private,166634,HS-grad,9,Married-civ-spouse,Machine-op-inspct,Husband,Black,Male,0,0,40,United-States,0,0.21258542783423046,0,2,0.2
51,Local-gov,202044,Bachelors,13,Never-married,Prof-specialty,Not-in-family,White,Female,0,0,55,United-States,0,0.529517905812155,0,2,0.2
41,Self-emp-not-inc,143129,Bachelors,13,Divorced,Exec-managerial,Not-in-family,White,Female,0,0,40,United-States,0,0.2318257919029398,0,2,0.2
34,Private,117779,Bachelors,13,Never-married,Prof-specialty,Own-child,White,Male,8690,0,55,United-States,0,0.9965481645070317,1,2,0.2
62,Self-emp-not-inc,39630,HS-grad,9,Married-civ-spouse,Sales,Husband,White,Male,0,0,40,United-States,0,0.5323385026844218,0,2,0.2
36,State-gov,183735,Masters,14,Married-civ-spouse,Prof-specialty,Husband,White,Male,0,0,40,United-States,1,0.8670355067040026,1,2,0.2
35,Private,165474,Some-college,10,Never-married,Craft-repair,Not-in-family,White,Male,800,0,55,United-States,0,0.020237787059966834,0,2,0.2
19,Private,192162,HS-grad,9,Never-married,Prof-specialty,Not-in-family,White,Female,0,0,40,United-States,0,0.00743041776568451,0,2,0.2
20,Private,87867,Some-college,10,Never-married,Tech-support,Own-child,White,Male,0,0,40,United-States,0,0.0025718331465938663,0,2,0.2
53,Private,96827,Bachelors,13,Never-married,Other-service,Not-in-family,White,Male,0,0,40,Canada,0,0.2425277699231977,0,2,0.2
29,Private,359155,HS-grad,9,Separated,Transport-moving,Unmarried,White,Female,0,0,30,United-States,0,0.021540731896800298,0,2,0.2
39,Private,215981,Some-college,10,Married-civ-spouse,Sales,Husband,White,Male,0,0,40,United-States,1,0.7614385425796845,1,2,0.2
23,Private,176123,HS-grad,9,Never-married,Tech-support,Other-relative,Asian-Pac-Islander,Male,0,0,40,Vietnam,0,0.01631730783576105,0,2,0.2
29,Private,255187,Some-college,10,Never-married,Tech-support,Unmarried,Black,Female,0,0,40,United-States,0,0.016104262968881046,0,2,0.2
48,Self-emp-not-inc,296066,Some-college,10,Married-civ-spouse,Transport-moving,Husband,White,Male,0,0,50,United-States,1,0.6643385576123713,1,2,0.2
37,Private,141876,Masters,14,Never-married,Prof-specialty,Unmarried,White,Male,1601,0,60,,0,0.04552461290672528,0,2,0.2
58,Self-emp-inc,274363,Some-college,10,Married-civ-spouse,Sales,Husband,White,Male,0,1977,50,United-States,1,0.9941865148386505,1,2,0.2
33,Private,202046,Bachelors,13,Never-married,Handlers-cleaners,Not-in-family,White,Male,0,2001,40,United-States,0,0.025794139939134087,0,2,0.2
59,Private,274883,HS-grad,9,Married-civ-spouse,Transport-moving,Husband,White,Male,2337,0,55,United-States,0,0.07799841786046727,0,2,0.2
47,Private,227310,Some-college,10,Divorced,Adm-clerical,Unmarried,Black,Female,0,0,40,United-States,0,0.04720419205111745,0,2,0.2
58,Private,422813,Some-college,10,Married-civ-spouse,Adm-clerical,Husband,White,Male,13224,0,55,United-States,1,0.9991334626680316,1,2,0.2
31,Private,220001,Some-college,10,Never-married,Farming-fishing,Own-child,White,Male,14539,0,65,United-States,0,0.9930693345560402,1,2,0.2
90,,175444,7th-8th,4,Separated,,Not-in-family,White,Female,0,0,15,United-States,0,0.013520226368824113,0,2,0.2
24,Private,236769,Assoc-acdm,12,Never-married,Exec-managerial,Own-child,White,Male,0,0,40,United-States,0,0.02460835296125603,0,2,0.2
25,Private,332702,Assoc-voc,11,Never-married,Other-service,Own-child,White,Female,0,0,15,United-States,0,0.005369824186950448,0,2,0.2
27,Private,452963,Some-college,10,Never-married,Machine-op-inspct,Not-in-family,White,Male,0,0,40,United-States,0,0.015559444648848704,0,2,0.2
46,,162034,HS-grad,9,Married-civ-spouse,,Husband,White,Male,0,0,40,United-States,0,0.575704101003123,0,2,0.2
63,Private,172740,Some-college,10,Married-civ-spouse,Prof-specialty,Husband,White,Male,0,0,40,United-States,0,0.7375535020311057,1,2,0.2
36,Private,93461,HS-grad,9,Married-civ-spouse,Craft-repair,Wife,White,Female,0,0,30,United-States,0,0.3493000204986277,0,2,0.2
41,Private,214987,Some-college,10,Divorced,Handlers-cleaners,Not-in-family,White,Male,13023,0,55,United-States,0,0.9981363558883388,1,2,0.2
37,Private,178877,HS-grad,9,Married-civ-spouse,Adm-clerical,Husband,White,Male,0,0,45,United-States,0,0.681847772152803,1,2,0.2
59,Private,239439,11th,7,Married-civ-spouse,Machine-op-inspct,Wife,Black,Female,9514,0,55,United-States,0,0.9976868584040043,1,2,0.2
44,Local-gov,445382,Some-college,10,Married-civ-spouse,Machine-op-inspct,Husband,White,Male,7688,0,40,United-States,1,0.9982848691039787,1,2,0.2
35,,145964,Some-college,10,Never-married,,Not-in-family,White,Male,9509,0,55,United-States,0,0.997457595571856,1,2,0.2
50,Private,278924,Bachelors,13,Married-civ-spouse,Exec-managerial,Husband,White,Male,12248,1887,65,United-States,1,0.9995597357036297,1,2,0.2
52,Private,421837,HS-grad,9,Married-civ-spouse,Exec-managerial,Husband,White,Male,6505,0,65,United-States,1,0.9931553525528413,1,2,0.2
19,Private,325217,HS-grad,9,Never-married,Other-service,Own-child,White,Male,0,0,32,United-States,0,0.04084433847299987,0,2,0.2
30,Private,111415,HS-grad,9,Married-civ-spouse,Other-service,Husband,White,Male,0,0,55,Germany,0,0.26288863107333693,0,2,0.2
43,State-gov,242521,HS-grad,9,Married-civ-spouse,Craft-repair,Husband,White,Male,0,0,40,United-States,0,0.6114262054716956,0,2,0.2
24,Private,374253,HS-grad,9,Separated,Other-service,Not-in-family,White,Female,0,0,55,United-States,0,0.04646182480779523,0,2,0.2
30,Self-emp-not-inc,182089,HS-grad,9,Married-civ-spouse,Farming-fishing,Husband,White,Male,0,0,85,United-States,0,0.30111466611196963,0,2,0.2
37,Private,337778,11th,7,Divorced,Farming-fishing,Not-in-family,White,Male,0,0,40,United-States,0,0.04293113735175772,0,2,0.2
53,Private,180062,7th-8th,4,Married-civ-spouse,Craft-repair,Husband,White,Male,0,0,40,United-States,0,0.278270569476313,0,2,0.2
62,Private,237819,HS-grad,9,Married-civ-spouse,Transport-moving,Husband,White,Male,2922,0,55,United-States,1,0.08888904989838171,0,2,0.2
31,Private,105479,Bachelors,13,Married-civ-spouse,Sales,Husband,White,Male,0,0,50,United-States,1,0.8185891020502976,1,2,0.2
21,Private,231053,HS-grad,9,Never-married,Machine-op-inspct,Own-child,White,Male,0,0,30,United-States,0,0.0060687401199902265,0,2,0.2
34,Private,250724,Bachelors,13,Married-civ-spouse,Sales,Husband,White,Male,0,0,45,Jamaica,0,0.8254653827142217,1,2,0.2
40,Private,111696,HS-grad,9,Separated,Craft-repair,Not-in-family,White,Male,4655,1974,55,United-States,0,0.026576584536795258,0,2,0.2
50,State-gov,211112,HS-grad,9,Never-married,Adm-clerical,Not-in-family,White,Female,0,0,37,United-States,0,0.0335532053543378,0,2,0.2
17,,237078,11th,7,Never-married,,Own-child,White,Female,0,0,35,United-States,0,0.0012896058076158434,0,2,0.2
33,Private,138816,HS-grad,9,Never-married,Handlers-cleaners,Own-child,Black,Male,4769,0,35,United-States,0,0.30630039084361627,0,2,0.2
36,Local-gov,117023,Bachelors,13,Never-married,Prof-specialty,Own-child,White,Female,1977,0,55,United-States,0,0.023281796860298014,0,2,0.2
48,Local-gov,40666,HS-grad,9,Married-civ-spouse,Other-service,Husband,White,Male,0,0,40,United-States,0,0.3574421954933364,0,2,0.2
38,State-gov,112497,Bachelors,13,Married-civ-spouse,Protective-serv,Husband,White,Male,0,0,60,United-States,0,0.8028661894096848,1,2,0.2
66,Local-gov,189834,7th-8th,4,Widowed,Other-service,Not-in-family,White,Female,0,0,20,United-States,0,0.009867943454089546,0,2,0.2
20,Private,230482,9th,5,Never-married,Handlers-cleaners,Own-child,White,Male,0,0,40,United-States,0,0.0016150418426079116,0,2,0.2
46,Private,289984,HS-grad,9,Divorced,Priv-house-serv,Unmarried,Black,Female,779,0,45,United-States,0,0.002905615866312132,0,2,0.2
33,Private,169496,Bachelors,13,Married-civ-spouse,Exec-managerial,Husband,White,Male,0,0,50,United-States,1,0.9016997176947364,1,2,0.2
66,Self-emp-inc,76212,HS-grad,9,Married-civ-spouse,Transport-moving,Husband,White,Male,0,0,50,United-States,1,0.6310950426525721,0,2,0.2
33,Private,183845,HS-grad,9,Married-civ-spouse,Other-service,Wife,White,Female,0,0,38,El-Salvador,0,0.29481954970456387,0,2,0.2
32,Private,178691,Bachelors,13,Never-married,Exec-managerial,Own-child,White,Female,0,0,45,United-States,0,0.27064798025475867,0,2,0.2
30,Private,175931,HS-grad,9,Married-civ-spouse,Craft-repair,Husband,White,Male,0,0,40,United-States,0,0.4293656089443761,0,2,0.2
24,Federal-gov,332194,9th,5,Never-married,Adm-clerical,Other-relative,Black,Male,0,0,40,United-States,0,0.009519466540228397,0,2,0.2
57,Self-emp-not-inc,341117,Some-college,10,Divorced,Prof-specialty,Not-in-family,White,Female,1856,0,65,United-States,0,0.017237844835881137,0,2,0.2
41,Self-emp-inc,146659,Some-college,10,Divorced,Machine-op-inspct,Not-in-family,White,Female,0,0,40,Honduras,0,0.03700569851341678,0,2,0.2
32,Private,193285,HS-grad,9,Never-married,Craft-repair,Own-child,White,Male,0,0,40,United-States,0,0.027980108489231385,0,2,0.2
23,Private,113601,Some-college,10,Never-married,Handlers-cleaners,Own-child,White,Male,0,0,30,United-States,0,0.007367150959153259,0,2,0.2
19,Private,194608,Some-college,10,Never-married,Other-service,Own-child,White,Female,0,0,20,United-States,0,0.0009201187838156026,0,2,0.2
28,Private,226891,Some-college,10,Never-married,Adm-clerical,Unmarried,Asian-Pac-Islander,Female,0,0,30,,0,0.025375727490861533,0,2,0.2
51,State-gov,222530,Some-college,10,Never-married,Prof-specialty,Not-in-family,Black,Female,6834,1590,55,United-States,0,0.036408899631717125,0,2,0.2
30,State-gov,109445,HS-grad,9,Never-married,Other-service,Own-child,White,Male,8954,0,40,United-States,0,0.992779346342787,1,2,0.2
17,Private,52967,10th,6,Never-married,Other-service,Own-child,White,Female,0,0,6,United-States,0,0.0004845560731750303,0,2,0.2
77,Self-emp-inc,224357,HS-grad,9,Married-civ-spouse,Sales,Husband,White,Male,12389,0,55,United-States,0,0.9849179367021538,1,2,0.2
24,Private,155066,Assoc-voc,11,Never-married,Sales,Not-in-family,White,Male,0,0,40,United-States,0,0.04358424195642963,0,2,0.2
55,Private,144084,10th,6,Married-civ-spouse,Other-service,Husband,White,Male,0,0,40,United-States,0,0.21405543487635897,0,2,0.2
49,Self-emp-not-inc,352882,HS-grad,9,Divorced,Exec-managerial,Not-in-family,Asian-Pac-Islander,Female,10635,0,85,South,1,0.9977127089522269,1,2,0.2
23,Private,201138,Some-college,10,Never-married,Adm-clerical,Not-in-family,White,Female,0,0,8,United-States,0,0.003917759049261172,0,2,0.2
65,Private,22418,HS-grad,9,Married-civ-spouse,Craft-repair,Husband,White,Male,12010,0,55,United-States,0,0.981609981928365,1,2,0.2
23,Private,112683,Some-college,10,Never-married,Sales,Own-child,White,Female,0,0,12,United-States,0,0.003928140179146742,0,2,0.2
36,Private,184655,HS-grad,9,Married-civ-spouse,Machine-op-inspct,Husband,White,Male,0,0,40,United-States,0,0.5082540225458897,0,2,0.2
40,Private,222011,Masters,14,Never-married,Prof-specialty,Not-in-family,White,Female,3325,0,40,United-States,0,0.039283963651532625,0,2,0.2
40,Private,246949,HS-grad,9,Divorced,Machine-op-inspct,Own-child,White,Male,0,0,40,United-States,0,0.04468173068391506,0,2,0.2
34,Local-gov,174215,Masters,14,Married-civ-spouse,Prof-specialty,Wife,White,Female,7688,0,35,United-States,1,0.9986630881964489,1,2,0.2
62,Federal-gov,52765,9th,5,Divorced,Other-service,Unmarried,White,Female,0,0,40,United-States,0,0.026040824503924823,0,2,0.2
27,Private,34273,Assoc-voc,11,Never-married,Prof-specialty,Not-in-family,White,Female,0,1876,36,Canada,0,0.015112874877455341,0,2,0.2
51,Private,43354,Some-college,10,Divorced,Craft-repair,Not-in-family,White,Male,0,0,42,United-States,1,0.37936053713405216,0,2,0.2
21,Private,112137,Some-college,10,Never-married,Prof-specialty,Other-relative,Asian-Pac-Islander,Female,0,0,20,South,0,0.0042090642022538545,0,2,0.2
18,Private,205004,Some-college,10,Never-married,Other-service,Own-child,White,Male,0,0,26,United-States,0,0.002233656145595266,0,2,0.2
39,Self-emp-inc,543042,HS-grad,9,Married-civ-spouse,Craft-repair,Husband,White,Male,5178,0,50,United-States,1,0.9912675081285206,1,2,0.2
62,Private,119684,Bachelors,13,Married-civ-spouse,Sales,Husband,White,Male,2829,0,28,United-States,0,0.08890492918226675,0,2,0.2
28,Private,175710,Bachelors,13,Married-civ-spouse,Exec-managerial,Wife,White,Female,0,0,40,United-States,1,0.8681830153424834,1,2,0.2
51,State-gov,167065,HS-grad,9,Married-civ-spouse,Exec-managerial,Husband,White,Male,0,0,40,United-States,0,0.7867410426787893,1,2,0.2
42,Private,381153,HS-grad,9,Never-married,Craft-repair,Not-in-family,White,Male,12556,0,55,United-States,0,0.9986908038686729,1,2,0.2
47,Private,100113,7th-8th,4,Married-civ-spouse,Transport-moving,Husband,White,Male,0,2051,40,United-States,0,0.016829578823129097,0,2,0.2
52,Private,279129,Some-college,10,Never-married,Prof-specialty,Not-in-family,White,Male,0,0,37,United-States,1,0.3108755958034061,0,2,0.2
20,Private,105312,Some-college,10,Never-married,Sales,Own-child,White,Female,0,0,18,United-States,0,0.00105209670685218,0,2,0.2
47,Self-emp-inc,201699,Assoc-acdm,12,Married-civ-spouse,Exec-managerial,Husband,White,Male,0,0,50,United-States,1,0.9074933709084916,1,2,0.2
37,Private,329980,Some-college,10,Married-civ-spouse,Craft-repair,Husband,White,Male,0,0,40,United-States,0,0.6739257788862333,1,2,0.2
47,Private,156926,Bachelors,13,Married-civ-spouse,Prof-specialty,Husband,White,Male,0,0,40,United-States,1,0.896007294529668,1,2,0.2
46,Local-gov,364548,Masters,14,Married-civ-spouse,Prof-specialty,Husband,White,Male,0,1977,42,United-States,1,0.9931334735036305,1,2,0.2
35,Private,187625,Some-college,10,Never-married,Other-service,Not-in-family,White,Female,0,0,65,United-States,0,0.1781006559148275,0,2,0.2
63,Private,164435,Some-college,10,Married-civ-spouse,Prof-specialty,Husband,White,Male,0,0,50,United-States,0,0.7946383561065017,1,2,0.2
50,Private,154728,Some-college,10,Married-civ-spouse,Tech-support,Husband,White,Male,0,0,40,United-States,1,0.8024824633316882,1,2,0.2
66,Private,236879,Preschool,1,Widowed,Priv-house-serv,Other-relative,White,Female,0,0,40,Guatemala,0,0.0018304400591543015,0,2,0.2
28,Private,216479,Bachelors,13,Never-married,Adm-clerical,Not-in-family,White,Female,0,0,40,United-States,0,0.052277788295204276,0,2,0.2
29,Private,169683,Assoc-voc,11,Married-civ-spouse,Prof-specialty,Husband,White,Male,0,0,40,United-States,0,0.6600872947717501,1,2,0.2
52,Self-emp-not-inc,103794,Assoc-voc,11,Divorced,Prof-specialty,Not-in-family,White,Female,0,0,35,United-States,0,0.10101500054110941,0,2,0.2
54,Self-emp-not-inc,121761,HS-grad,9,Married-civ-spouse,Exec-managerial,Husband,Asian-Pac-Islander,Male,0,0,50,,0,0.6613916503942177,1,2,0.2
59,Local-gov,251588,Bachelors,13,Married-civ-spouse,Exec-managerial,Husband,Black,Male,10340,0,55,United-States,1,0.9960928828357384,1,2,0.2
28,Private,199998,HS-grad,9,Separated,Other-service,Not-in-family,White,Female,0,0,25,United-States,0,0.009716859281559203,0,2,0.2
48,Local-gov,152021,11th,7,Divorced,Other-service,Unmarried,Black,Female,7487,0,45,United-States,0,0.7053671239317546,1,2,0.2
57,Private,84888,HS-grad,9,Married-civ-spouse,Transport-moving,Husband,White,Male,0,0,50,United-States,0,0.6647033627151769,1,2,0.2
39,Private,165412,HS-grad,9,Never-married,Adm-clerical,Own-child,White,Male,6438,0,35,United-States,0,0.06980909005698019,0,2,0.2
59,Private,27624,Assoc-voc,11,Never-married,Other-service,Not-in-family,White,Female,4030,0,70,United-States,0,0.008259373917865473,0,2,0.2
32,State-gov,308955,Assoc-acdm,12,Married-civ-spouse,Prof-specialty,Husband,White,Male,0,0,20,United-States,0,0.3972208897713736,0,2,0.2
47,Private,219632,1st-4th,2,Widowed,Machine-op-inspct,Unmarried,White,Male,0,0,40,Mexico,0,0.02328485977460677,0,2,0.2
67,Self-emp-not-inc,119762,10th,6,Married-civ-spouse,Transport-moving,Husband,White,Male,11040,0,65,United-States,0,0.9812193852870937,1,2,0.2
60,Private,235336,Some-college,10,Widowed,Exec-managerial,Not-in-family,White,Female,0,0,70,United-States,0,0.25449118446028623,0,2,0.2
67,Self-emp-not-inc,189933,7th-8th,4,Married-civ-spouse,Farming-fishing,Husband,White,Male,12612,0,65,United-States,0,0.9534532641996064,1,2,0.2
44,Private,19914,HS-grad,9,Married-civ-spouse,Other-service,Wife,Asian-Pac-Islander,Female,0,0,50,Philippines,0,0.3227438642867969,0,2,0.2
42,Private,98211,Bachelors,13,Married-civ-spouse,Exec-managerial,Husband,White,Male,15024,0,45,United-States,1,0.9991247975687435,1,2,0.2
26,Private,210848,9th,5,Married-civ-spouse,Craft-repair,Husband,White,Male,2635,0,35,Mexico,0,0.002685867373919183,0,2,0.2
53,Private,117674,Some-college,10,Married-civ-spouse,Craft-repair,Husband,White,Male,7298,0,40,United-States,1,0.9975413229375656,1,2,0.2
47,Private,135162,Some-college,10,Married-civ-spouse,Craft-repair,Husband,White,Male,7594,0,65,United-States,0,0.9985431063431264,1,2,0.2
61,Private,222829,Masters,14,Married-civ-spouse,Prof-specialty,Husband,White,Male,13912,0,57,United-States,1,0.9951906868301518,1,2,0.2
62,Private,98076,Bachelors,13,Married-civ-spouse,Exec-managerial,Husband,White,Male,0,0,40,United-States,1,0.8668540985692775,1,2,0.2
41,Self-emp-not-inc,200574,Prof-school,15,Married-civ-spouse,Prof-specialty,Husband,White,Male,0,1977,60,United-States,1,0.9937667508209375,1,2,0.2
38,Private,99783,Assoc-voc,11,Married-civ-spouse,Other-service,Wife,White,Female,0,1902,40,United-States,0,0.967739888809571,1,2,0.2
42,Self-emp-not-inc,32016,HS-grad,9,Married-civ-spouse,Farming-fishing,Husband,White,Male,0,0,70,United-States,0,0.26206508545569235,0,2,0.2
50,State-gov,24790,HS-grad,9,Married-civ-spouse,Handlers-cleaners,Husband,White,Male,0,0,40,United-States,0,0.4755247674354839,0,2,0.2
54,Private,217718,5th-6th,3,Married-spouse-absent,Other-service,Unmarried,Black,Female,0,0,30,Haiti,0,0.006830320686515768,0,2,0.2
52,Private,275446,HS-grad,9,Never-married,Sales,Own-child,Black,Male,6808,0,55,United-States,0,0.1900844951970107,0,2,0.2
57,Local-gov,132717,Bachelors,13,Married-civ-spouse,Exec-managerial,Husband,White,Male,0,0,45,United-States,0,0.8985634721934493,1,2,0.2
27,Private,89598,Some-college,10,Never-married,Adm-clerical,Unmarried,White,Female,0,0,60,United-States,0,0.07167892704566124,0,2,0.2
77,State-gov,172348,HS-grad,9,Widowed,Adm-clerical,Unmarried,White,Female,11492,0,35,United-States,0,0.9965634291613642,1,2,0.2
41,Federal-gov,33487,Some-college,10,Divorced,Adm-clerical,Other-relative,Amer-Indian-Eskimo,Female,0,0,38,United-States,0,0.007792801704139955,0,2,0.2
68,,196782,7th-8th,4,Married-civ-spouse,,Husband,White,Male,0,0,30,United-States,0,0.0802337879715173,0,2,0.2
43,Local-gov,212490,Assoc-voc,11,Divorced,Adm-clerical,Not-in-family,Black,Female,0,0,40,United-States,0,0.04728833231153184,0,2,0.2
53,Private,206066,Some-college,10,Married-civ-spouse,Machine-op-inspct,Husband,White,Male,10164,0,55,United-States,0,0.9937066130160658,1,2,0.2
65,Private,171584,Bachelors,13,Never-married,Exec-managerial,Not-in-family,White,Male,0,0,40,United-States,0,0.5352291236362938,0,2,0.2
58,Private,139268,Masters,14,Married-civ-spouse,Exec-managerial,Husband,White,Male,106,0,60,United-States,1,0.3981809591341652,0,2,0.2
35,Self-emp-inc,79586,Masters,14,Married-civ-spouse,Prof-specialty,Husband,Asian-Pac-Islander,Male,0,0,40,India,1,0.8710201687334338,1,2,0.2
36,Private,410034,Assoc-acdm,12,Married-civ-spouse,Craft-repair,Husband,White,Male,0,0,45,United-States,0,0.805602787148523,1,2,0.2
80,Private,194746,Doctorate,16,Divorced,Prof-specialty,Not-in-family,White,Female,4189,0,55,Cuba,0,0.06006595507416378,0,2,0.2
38,Private,194304,Some-college,10,Divorced,Transport-moving,Not-in-family,Black,Male,0,0,55,United-States,0,0.1891649588735243,0,2,0.2
36,Private,83471,HS-grad,9,Widowed,Other-service,Unmarried,Asian-Pac-Islander,Female,0,0,20,United-States,0,0.014223754083204872,0,2,0.2
18,Private,163460,Some-college,10,Never-married,Sales,Own-child,Black,Male,0,0,20,United-States,0,0.0009072172539411474,0,2,0.2
48,Private,64479,Bachelors,13,Divorced,Exec-managerial,Not-in-family,White,Male,0,0,47,United-States,0,0.7247181602692047,1,2,0.2
44,Private,227608,Assoc-voc,11,Married-civ-spouse,Sales,Husband,White,Male,8327,0,55,United-States,0,0.9986243051991234,1,2,0.2
45,Private,180551,HS-grad,9,Divorced,Exec-managerial,Unmarried,White,Female,13897,0,55,United-States,0,0.9946616773422632,1,2,0.2
24,Private,160122,Bachelors,13,Never-married,Tech-support,Not-in-family,White,Male,0,0,20,United-States,0,0.004329825043896437,0,2,0.2
37,Private,183800,Bachelors,13,Married-civ-spouse,Exec-managerial,Husband,White,Male,0,0,40,United-States,1,0.882570432130474,1,2,0.2
46,Private,118584,Bachelors,13,Never-married,Exec-managerial,Not-in-family,White,Female,4706,0,55,United-States,0,0.9649974175021723,1,2,0.2
30,Private,226013,Bachelors,13,Never-married,Prof-specialty,Not-in-family,Black,Male,0,0,40,United-States,0,0.13037858535371363,0,2,0.2
20,Private,117767,Some-college,10,Never-married,Transport-moving,Own-child,White,Male,0,0,40,United-States,0,0.0026198307824421255,0,2,0.2
29,Private,35032,Some-college,10,Married-civ-spouse,Handlers-cleaners,Husband,White,Male,0,0,60,United-States,0,0.29373611719580145,0,2,0.2
29,Private,155256,Bachelors,13,Never-married,Tech-support,Not-in-family,Black,Female,0,0,40,United-States,0,0.0345552222801008,0,2,0.2
52,State-gov,150874,Masters,14,Divorced,Exec-managerial,Unmarried,White,Female,9073,0,55,United-States,0,0.9978652851891395,1,2,0.2
28,Private,113870,HS-grad,9,Never-married,Adm-clerical,Not-in-family,White,Male,0,0,40,United-States,0,0.044274399256848805,0,2,0.2
47,Private,368561,Some-college,10,Married-civ-spouse,Craft-repair,Husband,White,Male,0,0,40,United-States,1,0.819330403778515,1,2,0.2
25,Private,221078,HS-grad,9,Never-married,Sales,Not-in-family,White,Female,0,0,35,United-States,0,0.01266070036834175,0,2,0.2
33,Private,186977,HS-grad,9,Married-civ-spouse,Transport-moving,Husband,White,Male,0,0,40,Columbia,0,0.3504609683769374,0,2,0.2
38,Self-emp-not-inc,163204,HS-grad,9,Married-civ-spouse,Craft-repair,Husband,White,Male,3411,0,25,United-States,0,0.006402422626428149,0,2,0.2
51,Private,280292,HS-grad,9,Married-civ-spouse,Sales,Husband,White,Male,0,0,40,United-States,0,0.6806669122614,1,2,0.2
36,Self-emp-not-inc,129150,HS-grad,9,Married-civ-spouse,Farming-fishing,Husband,White,Male,0,0,50,United-States,1,0.41159794462842214,0,2,0.2
53,Federal-gov,169112,Prof-school,15,Married-civ-spouse,Adm-clerical,Husband,White,Male,0,0,45,United-States,1,0.9637349016409259,1,2,0.2
27,Private,50295,Some-college,10,Married-civ-spouse,Transport-moving,Husband,White,Male,0,0,48,United-States,0,0.43660706295985974,0,2,0.2
48,Private,225516,Assoc-acdm,12,Never-married,Sales,Not-in-family,Black,Male,21752,0,58,United-States,1,0.9987639138403903,1,2,0.2
21,Private,163870,Some-college,10,Never-married,Sales,Own-child,White,Male,0,0,40,,0,0.013489178839140909,0,2,0.2
26,Private,122485,HS-grad,9,Never-married,Craft-repair,Not-in-family,White,Male,4416,0,40,United-States,0,0.004913090379075138,0,2,0.2
54,Self-emp-not-inc,156800,Bachelors,13,Married-civ-spouse,Craft-repair,Husband,White,Male,0,0,50,United-States,0,0.7918530686662418,1,2,0.2
58,Private,155489,Assoc-acdm,12,Married-civ-spouse,Craft-repair,Husband,White,Male,4810,0,59,United-States,1,0.8597301857379483,1,2,0.2
47,Private,204163,Some-college,10,Divorced,Machine-op-inspct,Unmarried,Black,Female,13913,0,70,United-States,0,0.9946680605517348,1,2,0.2
32,Private,281030,HS-grad,9,Married-civ-spouse,Machine-op-inspct,Husband,White,Male,0,0,40,United-States,0,0.29694170104814915,0,2,0.2
55,State-gov,254817,Some-college,10,Never-married,Other-service,Not-in-family,White,Female,8661,0,55,United-States,0,0.9972669050309751,1,2,0.2
34,Private,152246,HS-grad,9,Married-civ-spouse,Transport-moving,Husband,Amer-Indian-Eskimo,Male,0,0,52,United-States,0,0.44015516504734276,0,2,0.2
42,Private,99679,HS-grad,9,Married-civ-spouse,Transport-moving,Husband,White,Male,0,0,60,United-States,1,0.5480765553845561,0,2,0.2
49,Private,32212,HS-grad,9,Married-civ-spouse,Exec-managerial,Wife,White,Female,0,0,43,United-States,0,0.7272128938435192,1,2,0.2
33,Private,34848,Some-college,10,Married-civ-spouse,Other-service,Husband,White,Male,0,0,40,United-States,0,0.2695869803751722,0,2,0.2
42,State-gov,148316,Assoc-voc,11,Married-civ-spouse,Protective-serv,Husband,White,Male,0,0,40,United-States,1,0.6922203911220948,1,2,0.2
20,Private,278155,Some-college,10,Never-married,Adm-clerical,Own-child,White,Male,0,0,40,United-States,0,0.002801643939009557,0,2,0.2
68,Private,169560,HS-grad,9,Never-married,Sales,Own-child,White,Male,6243,0,55,United-States,0,0.42486356015323784,0,2,0.2
31,Self-emp-not-inc,30800,10th,6,Married-spouse-absent,Adm-clerical,Unmarried,Amer-Indian-Eskimo,Female,13125,0,55,United-States,0,0.9888505603382199,1,2,0.2
58,Private,157857,Some-college,10,Married-civ-spouse,Protective-serv,Husband,White,Male,1827,0,55,United-States,1,0.1527068505474632,0,2,0.2
64,Self-emp-not-inc,149698,Prof-school,15,Married-civ-spouse,Prof-specialty,Husband,White,Male,0,0,40,United-States,1,0.9251550681873877,1,2,0.2
47,State-gov,142287,Bachelors,13,Married-civ-spouse,Prof-specialty,Husband,White,Male,0,0,35,United-States,1,0.8860941918302101,1,2,0.2
36,Self-emp-inc,213008,Assoc-acdm,12,Married-civ-spouse,Exec-managerial,Husband,White,Male,0,0,40,United-States,1,0.8623031427542254,1,2,0.2
55,Local-gov,159028,HS-grad,9,Married-civ-spouse,Transport-moving,Husband,White,Male,0,0,40,United-States,0,0.676609417509063,1,2,0.2
68,Private,265518,Some-college,10,Married-civ-spouse,Prof-specialty,Husband,White,Male,12704,0,60,United-States,0,0.9896295341152977,1,2,0.2
53,Private,153064,5th-6th,3,Married-civ-spouse,Exec-managerial,Husband,White,Male,7688,0,10,Yugoslavia,1,0.9942683825838974,1,2,0.2
41,Private,144460,Some-college,10,Divorced,Machine-op-inspct,Own-child,White,Male,0,0,40,Italy,0,0.08246915630439955,0,2,0.2
35,Private,180988,Some-college,10,Divorced,Adm-clerical,Unmarried,White,Female,0,0,39,United-States,0,0.04643374453734574,0,2,0.2
29,Private,77009,11th,7,Separated,Sales,Not-in-family,White,Female,0,2754,42,United-States,0,0.5856782247567845,0,2,0.2
60,Private,124198,Bachelors,13,Married-civ-spouse,Prof-specialty,Husband,White,Male,4386,0,84,United-States,1,0.9345534849323934,1,2,0.2
53,Private,343121,HS-grad,9,Divorced,Adm-clerical,Unmarried,White,Female,1732,0,51,United-States,0,0.01115277670238706,0,2,0.2
38,Self-emp-inc,187934,HS-grad,9,Married-civ-spouse,Other-service,Wife,White,Female,0,0,20,Poland,0,0.33056772717550564,0,2,0.2
52,Self-emp-not-inc,289436,Doctorate,16,Married-civ-spouse,Prof-specialty,Husband,White,Male,0,0,60,United-States,1,0.9197513748124455,1,2,0.2
33,Self-emp-not-inc,196342,Doctorate,16,Never-married,Prof-specialty,Not-in-family,White,Male,0,0,45,United-States,1,0.8518977544822692,1,2,0.2
24,Private,180931,Bachelors,13,Married-civ-spouse,Sales,Husband,Black,Male,0,0,30,United-States,0,0.20649963551032027,0,2,0.2
58,Self-emp-inc,78104,Some-college,10,Married-civ-spouse,Exec-managerial,Husband,White,Male,7298,0,60,United-States,1,0.9976232330372138,1,2,0.2
90,Private,225063,HS-grad,9,Married-civ-spouse,Craft-repair,Husband,Asian-Pac-Islander,Male,0,0,40,South,0,0.3709856260274126,0,2,0.2
29,Private,183061,HS-grad,9,Married-civ-spouse,Craft-repair,Husband,Amer-Indian-Eskimo,Male,0,0,48,United-States,0,0.3444131948055906,0,2,0.2
18,Private,98044,11th,7,Never-married,Prof-specialty,Own-child,White,Female,0,0,40,United-States,0,0.0032382501862126003,0,2,0.2
27,Private,72887,HS-grad,9,Never-married,Handlers-cleaners,Other-relative,Asian-Pac-Islander,Male,0,0,40,United-States,0,0.017653702274805727,0,2,0.2
36,Private,203828,HS-grad,9,Married-civ-spouse,Craft-repair,Husband,White,Male,0,0,40,Italy,0,0.4733908839707735,0,2,0.2
28,Private,513719,HS-grad,9,Separated,Craft-repair,Own-child,White,Male,0,0,40,United-States,0,0.05127145995756295,0,2,0.2
42,Private,529216,HS-grad,9,Separated,Transport-moving,Other-relative,Black,Male,0,0,40,United-States,0,0.02476996526605553,0,2,0.2
42,Federal-gov,178470,HS-grad,9,Divorced,Adm-clerical,Not-in-family,White,Female,0,0,40,United-States,0,0.06804545405486227,0,2,0.2
59,Private,158776,9th,5,Married-civ-spouse,Machine-op-inspct,Husband,White,Male,0,0,40,United-States,0,0.2653309974827736,0,2,0.2
32,Private,210541,Bachelors,13,Divorced,Sales,Unmarried,White,Female,0,0,30,United-States,0,0.04485051036731908,0,2,0.2
63,Private,136080,HS-grad,9,Divorced,Sales,Other-relative,White,Female,3598,0,46,United-States,0,0.0031522267570611657,0,2,0.2
33,Private,118941,Bachelors,13,Married-civ-spouse,Exec-managerial,Wife,White,Female,0,0,40,United-States,1,0.8934032474069398,1,2,0.2
34,Self-emp-not-inc,56460,HS-grad,9,Married-civ-spouse,Farming-fishing,Wife,White,Female,0,2179,12,United-States,0,0.10615560050308778,0,2,0.2
29,Private,194197,Bachelors,13,Never-married,Exec-managerial,Own-child,White,Male,0,0,40,United-States,0,0.0914821596199865,0,2,0.2
52,Self-emp-not-inc,240013,Masters,14,Married-civ-spouse,Sales,Husband,White,Male,0,0,70,United-States,0,0.8495927935250782,1,2,0.2
28,Private,273929,HS-grad,9,Married-civ-spouse,Sales,Husband,White,Male,0,1628,60,United-States,0,0.03507852105986377,0,2,0.2
33,Private,77572,HS-grad,9,Never-married,Handlers-cleaners,Not-in-family,Asian-Pac-Islander,Female,8509,0,49,South,0,0.9950993062679597,1,2,0.2
57,Private,99385,HS-grad,9,Divorced,Adm-clerical,Not-in-family,White,Female,5612,0,55,Canada,0,0.09610843721685115,0,2,0.2
37,Private,106043,HS-grad,9,Married-civ-spouse,Sales,Husband,Black,Male,0,0,40,United-States,1,0.5761950249289,0,2,0.2
50,Private,158680,Masters,14,Married-civ-spouse,Exec-managerial,Husband,White,Male,0,0,50,United-States,1,0.9388903697060768,1,2,0.2
28,Private,309196,Bachelors,13,Never-married,Protective-serv,Not-in-family,White,Female,0,0,40,United-States,0,0.1292424912386439,0,2,0.2
61,Private,199058,HS-grad,9,Married-civ-spouse,Adm-clerical,Husband,White,Male,14918,0,53,United-States,0,0.9793067151194741,1,2,0.2
38,Self-emp-not-inc,255503,11th,7,Divorced,Exec-managerial,Not-in-family,White,Male,0,0,55,United-States,0,0.2254683244669149,0,2,0.2
47,Private,282979,HS-grad,9,Married-civ-spouse,Sales,Husband,White,Male,18142,0,65,United-States,1,0.9991023633146183,1,2,0.2
37,Self-emp-not-inc,154410,Masters,14,Never-married,Exec-managerial,Not-in-family,White,Male,0,0,40,United-States,0,0.581778944164615,0,2,0.2
90,Self-emp-inc,247232,10th,6,Married-civ-spouse,Exec-managerial,Wife,White,Female,15305,0,43,United-States,0,0.9874797315012346,1,2,0.2
41,Private,268183,Prof-school,15,Married-civ-spouse,Prof-specialty,Husband,White,Male,0,0,45,United-States,1,0.9452552029941527,1,2,0.2
69,,199591,Prof-school,15,Married-civ-spouse,,Wife,White,Female,0,0,25,,0,0.6729547360109887,1,2,0.2
18,Private,183315,11th,7,Never-married,Sales,Own-child,Black,Female,0,0,10,United-States,0,0.0007090345498147452,0,2,0.2
64,Private,169604,11th,7,Married-civ-spouse,Transport-moving,Husband,White,Male,0,0,40,United-States,0,0.3275313494873644,0,2,0.2
23,,211601,Assoc-voc,11,Never-married,,Own-child,Black,Female,0,0,15,United-States,0,0.003206801364348669,0,2,0.2
30,Local-gov,27051,Some-college,10,Never-married,Handlers-cleaners,Own-child,White,Male,0,0,40,United-States,0,0.028118198245572976,0,2,0.2
45,Self-emp-not-inc,49595,Some-college,10,Married-civ-spouse,Exec-managerial,Husband,White,Male,0,0,80,United-States,0,0.5234161833728909,0,2,0.2
65,Private,149131,11th,7,Divorced,Machine-op-inspct,Other-relative,White,Male,0,0,40,United-States,0,0.03021198667201172,0,2,0.2
64,Private,181901,HS-grad,9,Married-spouse-absent,Farming-fishing,Other-relative,White,Male,14232,0,35,Mexico,0,0.9471913321312831,1,2,0.2
27,Private,36851,Assoc-voc,11,Married-civ-spouse,Sales,Husband,White,Male,0,0,35,United-States,0,0.3606926427941366,0,2,0.2
46,Private,29696,HS-grad,9,Married-civ-spouse,Exec-managerial,Husband,White,Male,0,0,40,United-States,1,0.8540975962339928,1,2,0.2
59,Self-emp-not-inc,190997,10th,6,Married-civ-spouse,Exec-managerial,Husband,White,Male,0,0,36,United-States,0,0.40354756240224177,0,2,0.2
32,Private,34568,HS-grad,9,Married-civ-spouse,Craft-repair,Husband,White,Male,5973,0,50,United-States,0,0.9851455709996519,1,2,0.2
58,Private,111394,Bachelors,13,Married-civ-spouse,Prof-specialty,Husband,White,Male,0,0,40,United-States,1,0.8756295513294662,1,2,0.2
67,Self-emp-not-inc,127543,10th,6,Married-civ-spouse,Farming-fishing,Husband,White,Male,2414,0,80,United-States,0,0.017818976587718097,0,2,0.2
31,Private,256680,Assoc-acdm,12,Never-married,Exec-managerial,Other-relative,White,Female,0,0,40,United-States,0,0.021275433899196568,0,2,0.2
44,Private,167005,Some-college,10,Married-civ-spouse,Craft-repair,Husband,White,Male,4386,0,55,United-States,0,0.9223848173518204,1,2,0.2
21,Private,238068,HS-grad,9,Married-civ-spouse,Machine-op-inspct,Husband,White,Male,0,0,40,United-States,0,0.04864777202983341,0,2,0.2
60,Private,102597,Some-college,10,Separated,Adm-clerical,Unmarried,White,Female,1983,0,59,United-States,0,0.009848848274960445,0,2,0.2
36,Private,117381,HS-grad,9,Married-civ-spouse,Machine-op-inspct,Husband,White,Male,0,0,40,United-States,0,0.48947802197237383,0,2,0.2
35,Self-emp-not-inc,61343,HS-grad,9,Married-civ-spouse,Craft-repair,Husband,White,Male,0,0,90,United-States,0,0.41671234373462956,0,2,0.2
60,Private,186446,7th-8th,4,Married-civ-spouse,Machine-op-inspct,Wife,White,Female,0,0,40,United-States,0,0.17363883970150648,0,2,0.2
22,Private,221406,Some-college,10,Never-married,Other-service,Not-in-family,White,Female,0,0,20,United-States,0,0.004292129990164053,0,2,0.2
60,Self-emp-not-inc,146674,HS-grad,9,Divorced,Craft-repair,Not-in-family,Black,Male,0,0,50,,0,0.16073238740069684,0,2,0.2
35,Private,237091,HS-grad,9,Married-civ-spouse,Priv-house-serv,Other-relative,White,Female,0,0,20,Columbia,0,0.029845708369934054,0,2,0.2
45,Self-emp-inc,160440,HS-grad,9,Divorced,Exec-managerial,Not-in-family,White,Male,0,0,42,United-States,0,0.3127027168435305,0,2,0.2
58,Private,254672,Some-college,10,Never-married,Machine-op-inspct,Not-in-family,White,Female,12132,0,55,United-States,0,0.9982333875967005,1,2,0.2
52,Self-emp-inc,254211,Masters,14,Married-civ-spouse,Prof-specialty,Husband,White,Male,15024,0,60,United-States,1,0.9990785325230316,1,2,0.2
46,Private,130364,HS-grad,9,Never-married,Craft-repair,Unmarried,White,Male,0,0,40,United-States,0,0.11652255191744003,0,2,0.2
30,Private,19302,Some-college,10,Married-civ-spouse,Prof-specialty,Husband,White,Male,7688,0,40,United-States,1,0.9989001316980727,1,2,0.2
26,,264300,Some-college,10,Married-civ-spouse,,Wife,White,Female,0,0,20,United-States,0,0.1658983454899409,0,2,0.2
22,Private,113936,HS-grad,9,Never-married,Handlers-cleaners,Own-child,White,Male,0,0,40,United-States,0,0.008639170838542704,0,2,0.2
43,Private,233130,Bachelors,13,Divorced,Sales,Not-in-family,White,Male,0,0,40,United-States,1,0.4686966398818905,0,2,0.2
30,Private,105854,HS-grad,9,Never-married,Craft-repair,Other-relative,Other,Male,8978,0,47,United-States,0,0.9967336931463245,1,2,0.2
39,Private,180667,HS-grad,9,Never-married,Adm-clerical,Not-in-family,White,Male,0,0,40,United-States,0,0.08801080067225514,0,2,0.2
53,Private,152810,Masters,14,Married-civ-spouse,Exec-managerial,Husband,White,Male,0,1977,55,United-States,1,0.9942712320676204,1,2,0.2
46,Private,114328,Some-college,10,Divorced,Machine-op-inspct,Not-in-family,White,Male,0,0,40,United-States,0,0.13091515880123278,0,2,0.2
50,Private,255621,HS-grad,9,Married-civ-spouse,Other-service,Husband,White,Male,376,0,55,United-States,0,0.04550477850536255,0,2,0.2
32,Local-gov,217296,HS-grad,9,Married-civ-spouse,Transport-moving,Wife,White,Female,4064,0,22,United-States,0,0.022139148264166752,0,2,0.2
29,Federal-gov,121040,HS-grad,9,Divorced,Adm-clerical,Not-in-family,Black,Female,0,0,40,United-States,0,0.029644956501246156,0,2,0.2
39,Private,168138,HS-grad,9,Never-married,Tech-support,Not-in-family,White,Male,5904,0,60,United-States,0,0.11164449568883006,0,2,0.2
24,Self-emp-not-inc,240160,HS-grad,9,Never-married,Craft-repair,Not-in-family,White,Male,0,0,35,United-States,0,0.026455121929972743,0,2,0.2
35,Self-emp-not-inc,368140,HS-grad,9,Married-civ-spouse,Transport-moving,Husband,White,Male,0,0,65,United-States,1,0.6611879928225324,1,2,0.2
33,Private,213308,Assoc-voc,11,Separated,Adm-clerical,Own-child,Black,Female,0,0,50,United-States,0,0.07972083218936254,0,2,0.2
18,Private,179203,Some-college,10,Never-married,Sales,Own-child,White,Female,0,0,20,United-States,0,0.0006819852041850187,0,2,0.2
33,Private,188861,HS-grad,9,Married-civ-spouse,Machine-op-inspct,Husband,White,Male,0,0,40,United-States,0,0.48278312049819316,0,2,0.2
24,Private,205883,HS-grad,9,Never-married,Adm-clerical,Unmarried,Black,Female,0,0,40,United-States,0,0.006231480833944364,0,2,0.2
49,Private,31264,HS-grad,9,Divorced,Adm-clerical,Not-in-family,White,Female,0,0,35,United-States,0,0.05040851830180338,0,2,0.2
49,Private,179869,HS-grad,9,Married-civ-spouse,Craft-repair,Husband,White,Male,0,0,40,United-States,1,0.670506045216765,1,2,0.2
31,Private,132601,Some-college,10,Married-civ-spouse,Exec-managerial,Husband,White,Male,0,0,40,United-States,0,0.7371108577052404,1,2,0.2
27,Private,147638,Bachelors,13,Never-married,Adm-clerical,Other-relative,Asian-Pac-Islander,Female,0,0,40,Hong,0,0.01815626906750422,0,2,0.2
29,Private,173611,Some-college,10,Never-married,Sales,Own-child,White,Female,0,0,40,United-States,0,0.04787537739675569,0,2,0.2
44,Private,320277,Bachelors,13,Never-married,Prof-specialty,Not-in-family,White,Male,0,0,40,United-States,0,0.520732432363818,0,2,0.2
21,Private,198822,HS-grad,9,Never-married,Adm-clerical,Own-child,White,Female,0,0,35,United-States,0,0.005222930176663917,0,2,0.2
19,Private,146189,11th,7,Never-married,Sales,Unmarried,Amer-Indian-Eskimo,Male,0,0,43,United-States,0,0.005886421739389484,0,2,0.2
35,Private,335777,Some-college,10,Divorced,Exec-managerial,Not-in-family,White,Male,0,0,40,Mexico,0,0.09636994086740079,0,2,0.2
32,Private,207284,HS-grad,9,Married-civ-spouse,Machine-op-inspct,Husband,White,Male,0,0,40,United-States,0,0.4978810868420703,0,2,0.2
30,Private,201697,Bachelors,13,Never-married,Other-service,Not-in-family,White,Male,0,0,40,United-States,0,0.08833858158409098,0,2,0.2
42,Self-emp-inc,188738,Bachelors,13,Married-civ-spouse,Exec-managerial,Husband,White,Male,7688,0,40,United-States,1,0.9985912947702122,1,2,0.2
23,Private,115458,Some-college,10,Married-civ-spouse,Sales,Husband,White,Male,0,0,40,United-States,0,0.08019537735795235,0,2,0.2
35,Federal-gov,287031,Masters,14,Never-married,Exec-managerial,Not-in-family,White,Male,8614,0,40,United-States,1,0.9972893908255,1,2,0.2
67,Self-emp-not-inc,252842,HS-grad,9,Married-civ-spouse,Farming-fishing,Husband,White,Male,1797,0,20,United-States,0,0.0070384572041404855,0,2,0.2
30,Private,221178,HS-grad,9,Separated,Other-service,Other-relative,White,Male,0,0,28,United-States,0,0.010221394789673063,0,2,0.2
56,Private,90582,Bachelors,13,Married-civ-spouse,Craft-repair,Husband,White,Male,1588,0,65,United-States,1,0.23349657368660817,0,2,0.2
40,Private,52849,Bachelors,13,Married-civ-spouse,Exec-managerial,Husband,White,Male,0,0,50,,1,0.7859636531749371,1,2,0.2
58,Private,32365,Some-college,10,Married-civ-spouse,Craft-repair,Husband,White,Male,0,0,50,United-States,0,0.6992219821772839,1,2,0.2
42,Local-gov,125159,Bachelors,13,Never-married,Prof-specialty,Not-in-family,Black,Male,17841,0,60,,1,0.9979477585228009,1,2,0.2
19,,317988,Some-college,10,Never-married,,Not-in-family,White,Male,0,0,15,United-States,0,0.002601462828873963,0,2,0.2
24,Private,211160,Some-college,10,Married-civ-spouse,Sales,Husband,White,Male,0,0,40,United-States,0,0.2389943117723722,0,2,0.2
44,Self-emp-inc,153132,Bachelors,13,Married-civ-spouse,Exec-managerial,Husband,White,Male,7688,0,52,United-States,1,0.9987299061359383,1,2,0.2
25,Private,202480,Bachelors,13,Married-civ-spouse,Prof-specialty,Husband,White,Male,0,0,40,United-States,1,0.6071230322745373,0,2,0.2
58,Private,200040,HS-grad,9,Married-civ-spouse,Craft-repair,Husband,White,Male,0,0,40,United-States,0,0.6603390921468524,1,2,0.2
66,Self-emp-inc,197816,Bachelors,13,Married-civ-spouse,Exec-managerial,Husband,White,Male,10605,0,40,United-States,1,0.9954403017682006,1,2,0.2
36,Private,190023,HS-grad,9,Married-civ-spouse,Transport-moving,Husband,White,Male,0,0,60,United-States,1,0.6659860666797074,1,2,0.2
35,Private,61343,Some-college,10,Married-civ-spouse,Sales,Husband,White,Male,0,0,45,United-States,0,0.6390411043132999,0,2,0.2
49,Private,83375,HS-grad,9,Divorced,Farming-fishing,Not-in-family,White,Male,652,0,55,United-States,0,0.02487079131736459,0,2,0.2
62,Private,240989,1st-4th,2,Married-civ-spouse,Farming-fishing,Other-relative,White,Male,11084,0,55,Mexico,0,0.9302012138930769,1,2,0.2
53,Private,185283,HS-grad,9,Married-civ-spouse,Craft-repair,Husband,White,Male,0,0,45,United-States,1,0.7313895218489311,1,2,0.2
19,Private,292590,Some-college,10,Never-married,Other-service,Own-child,White,Female,0,0,20,United-States,0,0.0010452537791031656,0,2,0.2
43,State-gov,195181,Masters,14,Married-civ-spouse,Prof-specialty,Husband,White,Male,2614,0,50,United-States,1,0.3012062727225488,0,2,0.2
46,Private,176684,Assoc-acdm,12,Never-married,Adm-clerical,Not-in-family,White,Female,0,0,40,United-States,0,0.07256660276675635,0,2,0.2
22,Private,180052,Some-college,10,Never-married,Sales,Own-child,White,Male,0,0,20,United-States,0,0.00493015422165241,0,2,0.2
44,Private,145160,Doctorate,16,Married-civ-spouse,Prof-specialty,Husband,White,Male,0,0,40,United-States,1,0.9373969648178767,1,2,0.2
55,Private,130957,HS-grad,9,Married-civ-spouse,Craft-repair,Husband,White,Male,0,0,45,United-States,0,0.719102559994493,1,2,0.2
27,Private,129629,Assoc-voc,11,Never-married,Tech-support,Other-relative,White,Female,0,0,36,United-States,0,0.010057604970304857,0,2,0.2
31,Private,259931,7th-8th,4,Married-civ-spouse,Machine-op-inspct,Husband,White,Male,0,0,40,United-States,0,0.09819038551311578,0,2,0.2
51,Self-emp-inc,122742,Assoc-acdm,12,Married-civ-spouse,Exec-managerial,Husband,White,Male,28360,0,70,United-States,1,0.9991175538801405,1,2,0.2
27,Private,279608,5th-6th,3,Married-civ-spouse,Farming-fishing,Husband,White,Male,0,0,40,Mexico,0,0.035795117396963026,0,2,0.2
36,Local-gov,61299,Some-college,10,Married-civ-spouse,Craft-repair,Husband,White,Male,0,0,40,United-States,0,0.5758302651362561,0,2,0.2
29,Private,254450,Assoc-voc,11,Never-married,Tech-support,Not-in-family,White,Female,0,0,40,United-States,0,0.037183282172763225,0,2,0.2
38,,130832,Bachelors,13,Never-married,,Unmarried,White,Female,9942,0,25,United-States,0,0.9824637015805163,1,2,0.2
55,Private,143030,HS-grad,9,Divorced,Machine-op-inspct,Not-in-family,White,Female,0,0,40,United-States,0,0.035380343869293306,0,2,0.2
33,Private,119913,Assoc-voc,11,Married-civ-spouse,Prof-specialty,Husband,White,Male,0,0,40,United-States,1,0.6927333612153554,1,2,0.2
47,Private,335973,HS-grad,9,Divorced,Adm-clerical,Unmarried,White,Female,0,0,40,United-States,0,0.04653183560915421,0,2,0.2
39,Private,181384,Assoc-acdm,12,Never-married,Adm-clerical,Not-in-family,White,Male,0,0,20,United-States,0,0.05038619701711233,0,2,0.2
34,Private,263908,Some-college,10,Married-civ-spouse,Sales,Husband,White,Male,0,0,50,United-States,0,0.7670631210984759,1,2,0.2
49,Private,340755,Masters,14,Married-civ-spouse,Sales,Husband,White,Male,0,0,40,United-States,1,0.881133831557061,1,2,0.2
50,State-gov,46401,Some-college,10,Divorced,Exec-managerial,Not-in-family,White,Female,0,0,40,United-States,0,0.19035794527497626,0,2,0.2
24,Private,291407,HS-grad,9,Married-civ-spouse,Transport-moving,Husband,Black,Male,0,0,40,United-States,0,0.09207155557815086,0,2,0.2
29,Private,116662,Bachelors,13,Never-married,Handlers-cleaners,Not-in-family,White,Male,0,0,40,United-States,0,0.04835973040159768,0,2,0.2
60,Private,164599,Some-college,10,Married-civ-spouse,Exec-managerial,Husband,White,Male,7298,0,40,United-States,1,0.9977025161930487,1,2,0.2
40,Private,32185,HS-grad,9,Never-married,Handlers-cleaners,Own-child,White,Male,0,0,44,United-States,0,0.03494596040030052,0,2,0.2
45,Private,144579,Bachelors,13,Married-civ-spouse,Prof-specialty,Husband,White,Male,0,0,40,United-States,1,0.8914951238236187,1,2,0.2
48,Local-gov,93449,Prof-school,15,Married-civ-spouse,Prof-specialty,Husband,Asian-Pac-Islander,Male,99999,0,40,Philippines,1,0.9990385332034567,1,2,0.2
34,Private,349148,Some-college,10,Married-civ-spouse,Other-service,Husband,White,Male,0,0,63,United-States,0,0.48843811032075907,0,2,0.2
72,,166253,HS-grad,9,Married-civ-spouse,,Wife,White,Female,0,0,2,United-States,0,0.24693617904887752,0,2,0.2
64,Private,180247,7th-8th,4,Married-civ-spouse,Craft-repair,Husband,Black,Male,0,0,40,United-States,0,0.14595569366823402,0,2,0.2
49,Self-emp-inc,131826,Prof-school,15,Widowed,Prof-specialty,Unmarried,White,Male,99999,0,50,United-States,1,0.9989892234587379,1,2,0.2
20,,230955,12th,8,Never-married,,Not-in-family,Black,Female,0,0,35,United-States,0,0.006484007753668188,0,2,0.2
36,Private,73023,HS-grad,9,Married-civ-spouse,Transport-moving,Husband,White,Male,0,0,70,United-States,0,0.4822751055331791,0,2,0.2
43,Private,131435,Bachelors,13,Divorced,Other-service,Not-in-family,White,Female,0,0,40,United-States,0,0.15300062770849876,0,2,0.2
22,Private,67234,HS-grad,9,Never-married,Sales,Not-in-family,White,Male,0,0,60,United-States,0,0.03571669836683994,0,2,0.2
31,Private,141118,HS-grad,9,Separated,Other-service,Unmarried,White,Female,0,0,24,United-States,0,0.011514364872424548,0,2,0.2
25,Private,210148,HS-grad,9,Never-married,Craft-repair,Own-child,White,Male,0,0,40,United-States,0,0.021751358627042545,0,2,0.2
54,Private,124792,HS-grad,9,Married-civ-spouse,Craft-repair,Husband,Black,Male,22127,0,60,United-States,1,0.9991280821027096,1,2,0.2
43,Private,258049,Masters,14,Married-civ-spouse,Exec-managerial,Husband,White,Male,7688,0,53,United-States,1,0.9988285867054553,1,2,0.2
52,Private,51233,Bachelors,13,Divorced,Machine-op-inspct,Unmarried,White,Female,8104,0,53,United-States,0,0.9484837416047427,1,2,0.2
27,Private,163127,Assoc-voc,11,Married-civ-spouse,Adm-clerical,Wife,White,Female,0,0,35,United-States,0,0.5861386702723438,0,2,0.2
49,Private,251396,Assoc-acdm,12,Married-civ-spouse,Exec-managerial,Husband,White,Male,1965,0,80,United-States,1,0.31261496075112505,0,2,0.2
57,Self-emp-inc,139268,Bachelors,13,Married-civ-spouse,Sales,Husband,White,Male,4514,0,75,United-States,1,0.20399407522282595,0,2,0.2
51,Local-gov,186416,Bachelors,13,Divorced,Adm-clerical,Not-in-family,White,Female,0,0,40,United-States,0,0.12137172935166822,0,2,0.2
49,Self-emp-inc,26502,Bachelors,13,Divorced,Prof-specialty,Unmarried,White,Male,6497,0,45,United-States,0,0.16884214088664884,0,2,0.2
45,Private,154308,Masters,14,Married-civ-spouse,Exec-managerial,Husband,Black,Male,0,0,40,United-States,1,0.9127353443813425,1,2,0.2
57,Private,88879,Some-college,10,Married-civ-spouse,Sales,Husband,White,Male,0,0,40,United-States,0,0.7506137630601688,1,2,0.2
23,Private,146178,HS-grad,9,Separated,Adm-clerical,Other-relative,White,Male,0,0,46,United-States,0,0.012202817770240418,0,2,0.2
61,Federal-gov,311671,Some-college,10,Married-civ-spouse,Exec-managerial,Husband,White,Male,5013,0,55,United-States,1,0.3453464255751284,0,2,0.2
35,Private,257416,Assoc-voc,11,Never-married,Craft-repair,Own-child,Black,Male,0,0,40,United-States,0,0.036711406772850945,0,2,0.2
28,Private,110145,HS-grad,9,Married-civ-spouse,Adm-clerical,Husband,White,Male,0,0,40,United-States,0,0.3533954413498975,0,2,0.2
63,Self-emp-not-inc,181561,Some-college,10,Divorced,Exec-managerial,Not-in-family,White,Male,0,0,50,United-States,0,0.4645074922538689,0,2,0.2
53,Self-emp-inc,153078,HS-grad,9,Married-civ-spouse,Exec-managerial,Husband,Asian-Pac-Islander,Male,4234,1887,85,South,1,0.8660502963153862,1,2,0.2
35,Self-emp-not-inc,166416,HS-grad,9,Married-civ-spouse,Farming-fishing,Husband,White,Male,0,0,99,United-States,0,0.2538615650190582,0,2,0.2
48,Private,79646,11th,7,Married-civ-spouse,Farming-fishing,Husband,White,Male,0,0,50,United-States,0,0.3570958063029688,0,2,0.2
57,Self-emp-not-inc,184553,HS-grad,9,Married-civ-spouse,Craft-repair,Husband,White,Male,0,0,50,United-States,1,0.5878801846417402,0,2,0.2
65,Private,115880,Doctorate,16,Married-civ-spouse,Exec-managerial,Husband,White,Male,0,0,40,United-States,1,0.920203811889764,1,2,0.2
44,Private,101562,Bachelors,13,Never-married,Prof-specialty,Not-in-family,White,Female,2722,0,60,United-States,0,0.04535483711410723,0,2,0.2
60,Private,160625,Some-college,10,Divorced,Craft-repair,Not-in-family,White,Male,0,0,47,United-States,0,0.43990655360167374,0,2,0.2
39,Private,91711,Masters,14,Married-civ-spouse,Exec-managerial,Husband,White,Male,0,0,40,United-States,1,0.9070858305763049,1,2,0.2
51,Private,123011,Bachelors,13,Divorced,Exec-managerial,Not-in-family,White,Male,0,2559,50,United-States,1,0.9898626686922465,1,2,0.2
57,Private,194850,Some-college,10,Married-civ-spouse,Other-service,Husband,Other,Male,0,0,40,Mexico,0,0.22382468608571207,0,2,0.2
37,Federal-gov,207887,Bachelors,13,Divorced,Exec-managerial,Other-relative,White,Female,0,0,50,United-States,0,0.33611568436115363,0,2,0.2
18,Private,111256,HS-grad,9,Never-married,Adm-clerical,Own-child,White,Female,0,0,20,United-States,0,0.0005519056916347616,0,2,0.2
33,Private,116294,Bachelors,13,Never-married,Prof-specialty,Own-child,White,Female,0,0,40,United-States,1,0.19337875558269502,0,2,0.2
49,Self-emp-not-inc,228372,Bachelors,13,Married-civ-spouse,Sales,Husband,White,Male,0,1977,60,United-States,1,0.9921104561890043,1,2,0.2
55,Private,52498,HS-grad,9,Divorced,Exec-managerial,Unmarried,White,Female,3740,0,55,United-States,1,0.015230291727931968,0,2,0.2
84,Private,109385,1st-4th,2,Married-civ-spouse,Other-service,Husband,Black,Male,12441,0,51,United-States,0,0.9548436688164689,1,2,0.2
37,State-gov,354929,Assoc-acdm,12,Divorced,Protective-serv,Not-in-family,Black,Male,0,0,38,United-States,0,0.13877737277660687,0,2,0.2
56,Private,225267,Some-college,10,Divorced,Sales,Not-in-family,White,Male,14084,0,60,United-States,1,0.9984384256675476,1,2,0.2
50,Private,193884,7th-8th,4,Married-civ-spouse,Craft-repair,Husband,White,Male,0,0,40,Ecuador,0,0.22048367352945894,0,2,0.2
37,Private,403788,HS-grad,9,Never-married,Craft-repair,Other-relative,Black,Male,1265,0,55,United-States,0,0.0032024770864963878,0,2,0.2
82,,42435,10th,6,Widowed,,Not-in-family,White,Male,0,0,20,United-States,0,0.03447393136497699,0,2,0.2
29,Private,134152,HS-grad,9,Separated,Machine-op-inspct,Not-in-family,White,Male,0,0,40,United-States,0,0.020086377714378944,0,2,0.2
58,Local-gov,239405,5th-6th,3,Divorced,Other-service,Other-relative,Black,Female,0,0,40,Haiti,0,0.006021648163071782,0,2,0.2
32,Private,208291,HS-grad,9,Married-civ-spouse,Sales,Husband,White,Male,0,0,50,United-States,0,0.6625653612784089,1,2,0.2
26,Private,266505,HS-grad,9,Married-civ-spouse,Sales,Husband,White,Male,5013,0,38,United-States,0,0.023885499846433903,0,2,0.2
42,Self-emp-inc,130126,Bachelors,13,Married-civ-spouse,Prof-specialty,Husband,White,Male,0,1977,40,United-States,1,0.9930771521313768,1,2,0.2
27,Private,135520,HS-grad,9,Married-civ-spouse,Machine-op-inspct,Wife,White,Female,0,0,40,Dominican-Republic,0,0.20373890642442552,0,2,0.2
44,Local-gov,145246,Masters,14,Married-civ-spouse,Prof-specialty,Husband,White,Male,0,0,44,United-States,1,0.8851928473032218,1,2,0.2
52,Local-gov,330799,9th,5,Married-civ-spouse,Other-service,Wife,White,Female,0,0,40,United-States,0,0.20888579403893626,0,2,0.2
30,Local-gov,182926,Some-college,10,Married-civ-spouse,Protective-serv,Husband,White,Male,15024,0,40,United-States,1,0.9991227908160626,1,2,0.2
55,Private,242968,Masters,14,Married-civ-spouse,Exec-managerial,Husband,Asian-Pac-Islander,Male,14387,0,55,India,1,0.9991960166257651,1,2,0.2
34,Private,84119,HS-grad,9,Never-married,Craft-repair,Own-child,White,Male,0,0,40,United-States,0,0.036421712230846684,0,2,0.2
39,Self-emp-not-inc,343476,Bachelors,13,Married-civ-spouse,Prof-specialty,Husband,White,Male,15024,0,50,Japan,1,0.999277825609869,1,2,0.2
53,Private,43556,Assoc-voc,11,Divorced,Tech-support,Not-in-family,White,Female,830,0,55,United-States,0,0.017705716789820875,0,2,0.2
53,Private,178356,Assoc-acdm,12,Married-civ-spouse,Exec-managerial,Husband,White,Male,2407,0,99,United-States,0,0.19828072842379252,0,2,0.2
34,Private,221324,HS-grad,9,Never-married,Machine-op-inspct,Unmarried,Black,Female,0,0,40,United-States,0,0.007594299696820991,0,2,0.2
33,Private,222490,Some-college,10,Never-married,Handlers-cleaners,Own-child,White,Female,12065,0,55,United-States,0,0.994864178787997,1,2,0.2
50,Self-emp-not-inc,177907,HS-grad,9,Married-civ-spouse,Sales,Husband,White,Male,8867,0,55,United-States,0,0.9984914204727324,1,2,0.2
56,Self-emp-inc,76534,HS-grad,9,Married-civ-spouse,Exec-managerial,Other-relative,Asian-Pac-Islander,Female,0,0,21,China,0,0.0695435088806011,0,2,0.2
47,Self-emp-not-inc,162924,Bachelors,13,Divorced,Exec-managerial,Not-in-family,Asian-Pac-Islander,Male,0,0,60,Japan,0,0.5581323328705349,0,2,0.2
65,Private,115890,Bachelors,13,Married-civ-spouse,Transport-moving,Husband,White,Male,0,0,20,United-States,0,0.49422196681134445,0,2,0.2
40,Private,198096,HS-grad,9,Married-civ-spouse,Machine-op-inspct,Husband,White,Male,0,0,40,United-States,1,0.5793526325059781,0,2,0.2
58,Self-emp-inc,62546,Doctorate,16,Separated,Prof-specialty,Not-in-family,White,Male,2304,0,50,United-States,0,0.06723542885712258,0,2,0.2
40,Private,154374,HS-grad,9,Married-civ-spouse,Machine-op-inspct,Husband,White,Male,0,0,40,United-States,1,0.5385505536548277,0,2,0.2
37,Local-gov,215618,Assoc-voc,11,Married-civ-spouse,Protective-serv,Husband,White,Male,0,0,80,United-States,1,0.874345467017093,1,2,0.2
28,Local-gov,216965,Some-college,10,Married-civ-spouse,Protective-serv,Husband,White,Male,0,0,40,United-States,0,0.6970364668608494,1,2,0.2
46,Private,268234,Assoc-voc,11,Married-civ-spouse,Exec-managerial,Husband,White,Male,0,1902,40,United-States,1,0.9893891365417524,1,2,0.2
50,Private,174964,7th-8th,4,Married-civ-spouse,Transport-moving,Husband,White,Male,0,0,40,United-States,0,0.2732225697001562,0,2,0.2
62,Self-emp-not-inc,124793,HS-grad,9,Married-civ-spouse,Craft-repair,Husband,White,Male,12766,0,45,United-States,0,0.97666001278241,1,2,0.2
59,Local-gov,223215,Some-college,10,Married-civ-spouse,Protective-serv,Husband,White,Male,0,0,42,United-States,0,0.8502961680563249,1,2,0.2
28,Self-emp-not-inc,35032,Bachelors,13,Never-married,Exec-managerial,Not-in-family,White,Male,0,0,50,United-States,0,0.5360349579944533,0,2,0.2
27,Private,390657,HS-grad,9,Married-civ-spouse,Handlers-cleaners,Husband,Black,Male,0,0,40,United-States,0,0.16634971277764915,0,2,0.2
29,Private,255949,Bachelors,13,Never-married,Sales,Unmarried,Black,Male,0,0,40,United-States,0,0.08190407633197602,0,2,0.2
59,,291856,HS-grad,9,Married-civ-spouse,,Husband,White,Male,0,0,40,United-States,0,0.5314176359799436,0,2,0.2
46,Private,58683,Bachelors,13,Married-civ-spouse,Exec-managerial,Husband,White,Male,15024,0,55,United-States,1,0.9991392671536539,1,2,0.2
31,Self-emp-not-inc,213643,Masters,14,Divorced,Prof-specialty,Not-in-family,White,Male,0,1590,60,United-States,0,0.07751109629260296,0,2,0.2
32,,96483,Some-college,10,Never-married,,Own-child,Asian-Pac-Islander,Female,11692,0,23,United-States,0,0.9900144999523668,1,2,0.2
41,Private,271282,11th,7,Divorced,Protective-serv,Not-in-family,White,Female,0,0,20,United-States,0,0.039575705058715965,0,2,0.2
40,Private,224910,HS-grad,9,Never-married,Machine-op-inspct,Not-in-family,White,Female,0,0,40,United-States,0,0.023774397832109818,0,2,0.2
53,Private,290688,HS-grad,9,Married-civ-spouse,Craft-repair,Husband,White,Male,0,0,52,United-States,1,0.7321758766477673,1,2,0.2
43,Private,193285,HS-grad,9,Never-married,Transport-moving,Not-in-family,White,Male,8047,0,55,United-States,0,0.943697146308179,1,2,0.2
23,Private,368739,Bachelors,13,Never-married,Adm-clerical,Not-in-family,White,Female,0,0,40,United-States,0,0.01731502981357472,0,2,0.2
36,Private,24504,HS-grad,9,Divorced,Adm-clerical,Unmarried,White,Female,0,0,40,United-States,0,0.047437504588930535,0,2,0.2
67,Local-gov,176931,7th-8th,4,Widowed,Other-service,Not-in-family,White,Female,0,0,20,United-States,0,0.010848077512971975,0,2,0.2
23,Private,117779,12th,8,Never-married,Sales,Not-in-family,White,Male,0,0,45,United-States,0,0.02499054467116988,0,2,0.2
39,Private,179481,HS-grad,9,Never-married,Tech-support,Not-in-family,White,Male,4650,0,44,United-States,0,0.028593100607401053,0,2,0.2
33,Local-gov,120064,Bachelors,13,Never-married,Prof-specialty,Not-in-family,White,Female,0,0,45,United-States,0,0.3276012911381746,0,2,0.2
61,Private,92691,HS-grad,9,Married-civ-spouse,Adm-clerical,Husband,White,Male,0,0,3,United-States,0,0.27661331290617247,0,2,0.2
62,Private,197918,HS-grad,9,Divorced,Adm-clerical,Unmarried,White,Female,0,0,40,United-States,0,0.05365320129347402,0,2,0.2
31,State-gov,207505,Doctorate,16,Married-civ-spouse,Prof-specialty,Husband,White,Male,0,1977,70,United-States,1,0.9842591119525428,1,2,0.2
24,Private,173679,Assoc-voc,11,Married-civ-spouse,Other-service,Husband,White,Male,0,0,20,United-States,0,0.03907817915175585,0,2,0.2
45,State-gov,37070,Masters,14,Married-civ-spouse,Prof-specialty,Husband,White,Male,7961,0,75,Canada,0,0.9985310166157132,1,2,0.2
36,Private,168276,10th,6,Divorced,Other-service,Not-in-family,White,Female,0,0,40,United-States,0,0.022436317228101306,0,2,0.2
18,,297396,HS-grad,9,Never-married,,Own-child,White,Male,0,0,10,United-States,0,0.001087790407499768,0,2,0.2
24,Private,237341,Some-college,10,Married-civ-spouse,Prof-specialty,Wife,White,Female,0,0,40,United-States,1,0.4482647034599184,0,2,0.2
24,Private,56121,5th-6th,3,Married-civ-spouse,Farming-fishing,Husband,White,Male,0,0,60,Mexico,0,0.09701982378676333,0,2,0.2
