age,workclass,fnlwgt,education,education-num,marital-status,occupation,relationship,race,sex,capital-gain,capital-loss,hours-per-week,native-country,income,probability,prediction,batch_id,drift_strength
40,Private,175262,Some-college,10,Married-civ-spouse,Handlers-cleaners,Husband,Black,Male,12618,0,55,Mexico,0,0.9984594378952691,1,4,0.6
59,Private,178341,10th,6,Married-civ-spouse,Machine-op-inspct,Husband,White,Male,1459,0,61,United-States,1,0.052217326627193916,0,4,0.6
27,Self-emp-not-inc,404998,Assoc-voc,11,Never-married,Craft-repair,Own-child,White,Male,0,0,40,United-States,0,0.03968904333106433,0,4,0.6
69,Self-emp-not-inc,771836,Assoc-acdm,12,Divorced,Prof-specialty,Unmarried,White,Male,3196,0,55,United-States,0,0.027531522779463233,0,4,0.6
37,Private,40955,Prof-school,15,Married-civ-spouse,Prof-specialty,Husband,White,Male,0,0,50,United-States,1,0.9170945160998815,1,4,0.6
51,Private,91506,HS-grad,9,Married-civ-spouse,Transport-moving,Husband,White,Male,7688,0,40,United-States,1,0.9981429865837531,1,4,0.6
35,,44793,HS-grad,9,Never-married,,Not-in-family,White,Male,13949,0,55,United-States,0,0.9982551585943871,1,4,0.6
35,Private,203482,9th,5,Married-civ-spouse,Craft-repair,Husband,White,Male,0,0,40,United-States,0,0.1637706702701362,0,4,0.6
21,Private,267040,10th,6,Never-married,Prof-specialty,Unmarried,Black,Female,0,0,40,United-States,0,0.017780462290627876,0,4,0.6
38,Self-emp-inc,71009,Bachelors,13,Married-civ-spouse,Exec-managerial,Wife,Asian-Pac-Islander,Female,7298,0,40,,1,0.9957650740671857,1,4,0.6
29,,499935,Assoc-voc,11,Never-married,,Unmarried,White,Female,0,0,40,United-States,0,0.03147063978236021,0,4,0.6
44,Private,165599,HS-grad,9,Married-civ-spouse,Machine-op-inspct,Husband,White,Male,0,0,48,United-States,0,0.6669254053346668,1,4,0.6
21,Private,323497,HS-grad,9,Never-married,Other-service,Own-child,Black,Male,0,0,36,United-States,0,0.005501209977488904,0,4,0.6
57,Self-emp-not-inc,220978,HS-grad,9,Married-civ-spouse,Exec-managerial,Husband,White,Male,9937,0,65,United-States,0,0.9984973760036797,1,4,0.6
59,Private,88564,5th-6th,3,Never-married,Machine-op-inspct,Own-child,White,Male,14415,0,35,United-States,0,0.9960413407864309,1,4,0.6
25,Private,161027,Bachelors,13,Married-civ-spouse,Tech-support,Husband,White,Male,5178,0,40,United-States,1,0.9757276300926587,1,4,0.6
64,Private,146015,HS-grad,9,Married-civ-spouse,Craft-repair,Husband,White,Male,1065,0,55,United-States,0,0.09717160467037311,0,4,0.6
55,Private,131899,Bachelors,13,Married-civ-spouse,Exec-managerial,Husband,White,Male,7216,0,55,United-States,1,0.9982391815815448,1,4,0.6
55,Private,281138,HS-grad,9,Separated,Machine-op-inspct,Not-in-family,White,Female,5539,0,55,United-States,0,0.15716187099861736,0,4,0.6
58,Private,100303,12th,8,Married-civ-spouse,Craft-repair,Husband,White,Male,0,0,40,United-States,0,0.5617951313310852,0,4,0.6
39,Private,169748,HS-grad,9,Divorced,Handlers-cleaners,Not-in-family,White,Male,1589,0,55,United-States,0,0.018206588886825362,0,4,0.6
37,State-gov,183678,Bachelors,13,Never-married,Prof-specialty,Not-in-family,White,Female,12764,0,65,United-States,0,0.9987465000619723,1,4,0.6
50,Self-emp-inc,125645,Some-college,10,Married-civ-spouse,Sales,Husband,White,Male,4088,0,65,United-States,1,0.21421762485012,0,4,0.6
54,Private,200783,Some-college,10,Married-civ-spouse,Sales,Husband,White,Male,0,0,40,United-States,0,0.784950498052465,1,4,0.6
75,Private,339473,Some-college,10,Divorced,Sales,Not-in-family,White,Female,14542,0,75,United-States,0,0.9978489765699623,1,4,0.6
80,Self-emp-not-inc,35468,Masters,14,Married-civ-spouse,Prof-specialty,Husband,White,Male,10148,0,39,United-States,0,0.9604515683756207,1,4,0.6
58,Local-gov,217802,Masters,14,Married-civ-spouse,Prof-specialty,Husband,Black,Male,7688,0,45,United-States,1,0.9987155933263044,1,4,0.6
33,Private,198050,HS-grad,9,Never-married,Other-service,Not-in-family,White,Female,5890,0,43,United-States,0,0.0589805542397673,0,4,0.6
48,Private,199947,Some-college,10,Divorced,Machine-op-inspct,Own-child,White,Female,2545,0,45,United-States,0,0.01526935625057958,0,4,0.6
29,Private,152951,HS-grad,9,Married-civ-spouse,Handlers-cleaners,Husband,White,Male,0,0,40,United-States,0,0.3452434314287251,0,4,0.6
61,,111282,7th-8th,4,Married-civ-spouse,,Husband,White,Male,15714,0,99,United-States,1,0.9818735627479189,1,4,0.6
33,Private,209067,HS-grad,9,Never-married,Other-service,Own-child,White,Female,11940,0,55,United-States,0,0.9964741220071666,1,4,0.6
62,State-gov,161075,HS-grad,9,Widowed,Tech-support,Unmarried,Black,Female,850,0,55,United-States,0,0.008285077959664265,0,4,0.6
36,Private,136310,Some-college,10,Married-civ-spouse,Tech-support,Husband,White,Male,7434,0,55,United-States,0,0.9979289435472828,1,4,0.6
65,Private,95644,Assoc-acdm,12,Divorced,Sales,Not-in-family,White,Female,0,0,40,United-States,0,0.10664195472544226,0,4,0.6
49,Self-emp-inc,195727,HS-grad,9,Married-civ-spouse,Sales,Husband,White,Male,0,0,40,United-States,0,0.714404800476601,1,4,0.6
56,Private,228729,HS-grad,9,Married-civ-spouse,Craft-repair,Husband,Black,Male,10356,0,55,,0,0.9945469102044011,1,4,0.6
53,Private,220694,Bachelors,13,Divorced,Other-service,Not-in-family,White,Male,2537,0,52,United-States,0,0.05051719679981238,0,4,0.6
45,Private,118551,HS-grad,9,Divorced,Adm-clerical,Unmarried,White,Female,12040,0,55,United-States,0,0.9941917051942716,1,4,0.6
41,Private,239632,HS-grad,9,Never-married,Adm-clerical,Not-in-family,White,Female,3910,0,55,United-States,0,0.008401336778980978,0,4,0.6
52,Private,68111,HS-grad,9,Divorced,Craft-repair,Not-in-family,White,Male,10785,0,60,United-States,0,0.9983987196308239,1,4,0.6
33,Federal-gov,207723,Masters,14,Never-married,Prof-specialty,Not-in-family,Asian-Pac-Islander,Male,0,0,40,,0,0.4206375379008833,0,4,0.6
48,Private,301614,Some-college,10,Divorced,Craft-repair,Not-in-family,White,Male,3700,0,60,Mexico,0,0.01950197045577458,0,4,0.6
38,Local-gov,206721,Bachelors,13,Never-married,Protective-serv,Own-child,White,Male,4920,0,55,United-States,0,0.5125388734102879,0,4,0.6
48,Local-gov,186172,Assoc-acdm,12,Married-civ-spouse,Protective-serv,Husband,White,Male,0,0,40,United-States,1,0.8593668327989038,1,4,0.6
73,Private,373099,7th-8th,4,Married-civ-spouse,Craft-repair,Husband,White,Male,12176,0,55,United-States,0,0.9785181675397381,1,4,0.6
39,Private,214858,HS-grad,9,Married-civ-spouse,Other-service,Own-child,White,Male,2546,0,55,United-States,0,0.043898444450416435,0,4,0.6
66,Private,111130,Some-college,10,Married-civ-spouse,Prof-specialty,Husband,Asian-Pac-Islander,Male,12273,0,65,United-States,1,0.9906387867547369,1,4,0.6
38,Private,108658,HS-grad,9,Never-married,Craft-repair,Not-in-family,White,Male,10650,0,55,United-States,0,0.9985288987205746,1,4,0.6
77,,172744,Some-college,10,Married-civ-spouse,,Husband,White,Male,0,0,35,United-States,0,0.5527493784732356,0,4,0.6
40,Private,326232,Some-college,10,Divorced,Transport-moving,Unmarried,White,Male,0,0,40,United-States,1,0.23611620080856632,0,4,0.6
28,Local-gov,34452,Prof-school,15,Married-civ-spouse,Prof-specialty,Husband,White,Male,0,0,40,United-States,0,0.7855938566744981,1,4,0.6
35,Private,384651,Some-college,10,Married-civ-spouse,Handlers-cleaners,Husband,White,Male,1466,0,55,United-States,0,0.14299685739058376,0,4,0.6
38,Self-emp-not-inc,203836,5th-6th,3,Never-married,Transport-moving,Not-in-family,White,Male,0,0,40,United-States,0,0.06380300278536223,0,4,0.6
29,Private,107458,Bachelors,13,Never-married,Sales,Not-in-family,White,Male,0,0,50,United-States,0,0.48011005786786093,0,4,0.6
50,Private,158948,7th-8th,4,Married-civ-spouse,Craft-repair,Husband,White,Male,3411,0,40,United-States,0,0.014092876893965517,0,4,0.6
51,Private,249339,HS-grad,9,Married-civ-spouse,Craft-repair,Husband,White,Male,0,0,40,United-States,0,0.6605320838528901,1,4,0.6
50,Private,283122,HS-grad,9,Married-civ-spouse,Machine-op-inspct,Husband,White,Male,8739,0,55,United-States,1,0.9979255160475422,1,4,0.6
70,Private,127264,10th,6,Married-civ-spouse,Craft-repair,Husband,White,Male,11733,0,65,United-States,0,0.9769855223391417,1,4,0.6
65,State-gov,197184,Masters,14,Married-civ-spouse,Exec-managerial,Husband,White,Male,6376,0,85,United-States,1,0.9923272198028738,1,4,0.6
63,Private,153486,HS-grad,9,Married-civ-spouse,Machine-op-inspct,Husband,White,Male,6043,0,60,United-States,1,0.987595174420021,1,4,0.6
47,Federal-gov,185053,Bachelors,13,Never-married,Prof-specialty,Own-child,White,Female,3470,0,55,United-States,0,0.03304408402748745,0,4,0.6
64,Private,312446,HS-grad,9,Married-civ-spouse,Craft-repair,Husband,White,Male,1166,0,55,United-States,0,0.09598995646903814,0,4,0.6
36,Private,69251,HS-grad,9,Married-civ-spouse,Other-service,Other-relative,Asian-Pac-Islander,Male,0,0,40,Philippines,0,0.1288562849067847,0,4,0.6
26,Private,183965,HS-grad,9,Never-married,Craft-repair,Not-in-family,White,Male,0,0,40,United-States,0,0.03437145401577377,0,4,0.6
44,Private,29312,Some-college,10,Never-married,Handlers-cleaners,Own-child,White,Male,7543,0,55,United-States,0,0.856190602901364,1,4,0.6
33,,180339,Some-college,10,Never-married,,Own-child,White,Female,6831,0,40,United-States,0,0.03049554380674956,0,4,0.6
36,Private,128392,Bachelors,13,Divorced,Exec-managerial,Not-in-family,White,Male,4787,0,40,United-States,1,0.956900623222413,1,4,0.6
20,Private,203240,Assoc-acdm,12,Never-married,Adm-clerical,Not-in-family,White,Female,0,0,30,United-States,0,0.0019030509444741726,0,4,0.6
42,Private,182771,Masters,14,Married-civ-spouse,Prof-specialty,Husband,Asian-Pac-Islander,Male,2592,0,55,United-States,1,0.2946967381339811,0,4,0.6
40,Private,103395,Some-college,10,Married-civ-spouse,Craft-repair,Husband,White,Male,0,0,45,United-States,1,0.7094023216803875,1,4,0.6
66,Private,151227,Bachelors,13,Married-civ-spouse,Other-service,Husband,White,Male,0,0,40,United-States,1,0.39861576982629593,0,4,0.6
60,Private,183162,HS-grad,9,Widowed,Machine-op-inspct,Not-in-family,White,Female,0,0,40,United-States,0,0.030761923097924866,0,4,0.6
40,Private,233275,Bachelors,13,Never-married,Prof-specialty,Not-in-family,White,Male,891,0,60,United-States,0,0.05507342200445114,0,4,0.6
50,Private,52187,Bachelors,13,Married-civ-spouse,Sales,Husband,White,Male,16299,0,65,United-States,1,0.9990958484085057,1,4,0.6
22,Private,164901,11th,7,Never-married,Craft-repair,Other-relative,White,Male,0,0,40,United-States,0,0.0064461903200396155,0,4,0.6
20,,239805,Some-college,10,Never-married,,Not-in-family,White,Male,0,0,16,United-States,0,0.0018303545522021572,0,4,0.6
50,Private,116814,HS-grad,9,Widowed,Adm-clerical,Not-in-family,Amer-Indian-Eskimo,Female,0,0,40,United-States,0,0.050458008659630085,0,4,0.6
42,Private,130369,Assoc-voc,11,Separated,Prof-specialty,Unmarried,White,Female,6723,0,55,United-States,0,0.09814434682252295,0,4,0.6
56,Private,130126,Prof-school,15,Divorced,Prof-specialty,Not-in-family,White,Male,1030,0,60,United-States,1,0.1269144988957707,0,4,0.6
73,Private,345697,HS-grad,9,Married-civ-spouse,Prof-specialty,Husband,White,Male,8236,0,55,United-States,1,0.974993641092119,1,4,0.6
61,Private,90579,HS-grad,9,Married-civ-spouse,Craft-repair,Husband,Black,Male,16647,0,65,United-States,0,0.9723650388837342,1,4,0.6
31,Private,144161,HS-grad,9,Never-married,Transport-moving,Own-child,White,Male,13699,0,45,United-States,0,0.9965621141160816,1,4,0.6
87,Self-emp-not-inc,106873,11th,7,Widowed,Sales,Not-in-family,White,Male,7176,0,55,United-States,0,0.8849234386805012,1,4,0.6
44,Private,229148,HS-grad,9,Never-married,Handlers-cleaners,Not-in-family,Black,Male,0,0,35,United-States,0,0.016712905672482042,0,4,0.6
39,Private,123302,HS-grad,9,Married-civ-spouse,Other-service,Husband,White,Male,5987,0,55,Poland,0,0.9820603203539674,1,4,0.6
31,Private,450200,Some-college,10,Never-married,Other-service,Own-child,White,Male,4369,0,45,United-States,0,0.3127626464148924,0,4,0.6
57,Local-gov,334039,Some-college,10,Married-civ-spouse,Exec-managerial,Husband,White,Male,2878,0,55,United-States,1,0.262868882932901,0,4,0.6
42,Self-emp-inc,127651,HS-grad,9,Married-civ-spouse,Craft-repair,Husband,White,Male,13346,1887,63,United-States,1,0.9994155646786612,1,4,0.6
65,Private,151864,HS-grad,9,Married-civ-spouse,Craft-repair,Husband,White,Male,5381,0,55,United-States,0,0.9855065761159892,1,4,0.6
65,Private,154891,9th,5,Married-civ-spouse,Transport-moving,Husband,White,Male,10077,0,55,United-States,0,0.785768914719106,1,4,0.6
47,Private,207819,Bachelors,13,Married-civ-spouse,Exec-managerial,Husband,White,Male,15782,0,65,United-States,1,0.9991852339314623,1,4,0.6
33,Private,303187,Some-college,10,Never-married,Handlers-cleaners,Own-child,Asian-Pac-Islander,Male,5245,0,55,Philippines,0,0.15138911700421268,0,4,0.6
29,Private,134331,10th,6,Married-civ-spouse,Craft-repair,Husband,White,Male,0,0,40,United-States,0,0.17460985840803875,0,4,0.6
70,Self-emp-not-inc,248841,HS-grad,9,Married-civ-spouse,Sales,Husband,White,Male,25043,0,55,United-States,1,0.9446327621299297,1,4,0.6
35,State-gov,37314,Doctorate,16,Never-married,Prof-specialty,Not-in-family,White,Male,0,0,55,United-States,0,0.6483622579708337,1,4,0.6
43,Private,59496,Some-college,10,Married-civ-spouse,Adm-clerical,Husband,White,Male,12036,0,65,United-States,0,0.998826342579638,1,4,0.6
43,Local-gov,193755,Bachelors,13,Married-civ-spouse,Prof-specialty,Husband,White,Male,0,0,40,United-States,0,0.8657236849065925,1,4,0.6
60,Self-emp-not-inc,107231,Bachelors,13,Married-civ-spouse,Exec-managerial,Husband,White,Male,99999,0,65,United-States,1,0.9962446217612391,1,4,0.6
41,Private,350162,Bachelors,13,Married-civ-spouse,Exec-managerial,Wife,White,Male,2105,0,55,United-States,1,0.40190602774889983,0,4,0.6
41,Private,163287,Bachelors,13,Divorced,Transport-moving,Not-in-family,White,Male,0,0,48,United-States,0,0.38506324339383047,0,4,0.6
66,Self-emp-not-inc,32778,HS-grad,9,Married-civ-spouse,Sales,Wife,White,Female,12217,0,45,United-States,0,0.9681877507810799,1,4,0.6
63,Local-gov,47415,Assoc-acdm,12,Married-civ-spouse,Adm-clerical,Wife,White,Female,4656,1628,45,United-States,0,0.007240111281020178,0,4,0.6
49,Private,547108,Bachelors,13,Married-civ-spouse,Tech-support,Husband,Asian-Pac-Islander,Male,15024,0,40,,1,0.9991996098607951,1,4,0.6
28,Private,33798,12th,8,Never-married,Transport-moving,Not-in-family,White,Male,0,0,50,United-States,0,0.08191158315501428,0,4,0.6
66,Private,146409,Some-college,10,Widowed,Exec-managerial,Unmarried,White,Female,14081,0,55,United-States,0,0.9972998993098738,1,4,0.6
29,,183161,12th,8,Never-married,,Own-child,White,Female,12873,0,23,United-States,0,0.9854522672841931,1,4,0.6
31,Private,165949,HS-grad,9,Divorced,Other-service,Unmarried,White,Female,0,0,40,United-States,0,0.03091577873918832,0,4,0.6
63,Private,153870,HS-grad,9,Married-civ-spouse,Tech-support,Husband,White,Male,3384,0,55,United-States,1,0.0836127868726555,0,4,0.6
65,Private,330144,Some-college,10,Married-civ-spouse,Exec-managerial,Husband,White,Male,0,0,40,United-States,0,0.79949759303552,1,4,0.6
47,Private,24723,10th,6,Divorced,Exec-managerial,Not-in-family,Amer-Indian-Eskimo,Female,0,0,45,United-States,0,0.096336844813215,0,4,0.6
50,Private,203836,Some-college,10,Married-civ-spouse,Sales,Husband,White,Male,5539,0,65,United-States,1,0.9927824056772199,1,4,0.6
85,Private,148003,Some-college,10,Married-civ-spouse,Adm-clerical,Wife,White,Female,25331,0,51,United-States,1,0.978318983562997,1,4,0.6
38,Private,151551,Some-college,10,Separated,Sales,Own-child,Amer-Indian-Eskimo,Male,12766,0,63,United-States,0,0.9959749143164194,1,4,0.6
41,Private,66172,Some-college,10,Separated,Adm-clerical,Not-in-family,White,Female,9533,0,55,United-States,0,0.9969884418495164,1,4,0.6
35,Private,149574,Some-college,10,Married-spouse-absent,Other-service,Not-in-family,White,Male,14219,0,60,United-States,0,0.998578965457484,1,4,0.6
37,Private,121228,HS-grad,9,Divorced,Machine-op-inspct,Unmarried,White,Male,0,1726,50,United-States,0,0.024784134507324095,0,4,0.6
32,Private,244268,11th,7,Married-civ-spouse,Craft-repair,Husband,White,Male,0,1672,48,United-States,0,0.019031604537585116,0,4,0.6
21,Private,117210,Some-college,10,Never-married,Sales,Own-child,White,Male,0,0,45,United-States,0,0.017053797090298695,0,4,0.6
40,Federal-gov,187164,Bachelors,13,Never-married,Tech-support,Own-child,White,Male,0,0,40,United-States,0,0.12175390298592646,0,4,0.6
75,,173064,Bachelors,13,Married-civ-spouse,,Husband,White,Male,0,0,6,United-States,0,0.5138575229941829,0,4,0.6
51,Local-gov,301614,11th,7,Married-civ-spouse,Other-service,Husband,White,Male,1927,0,55,United-States,0,0.030492338991086953,0,4,0.6
39,Private,141584,Masters,14,Never-married,Sales,Not-in-family,White,Male,0,2444,45,United-States,1,0.9858211406271272,1,4,0.6
45,Private,155478,Some-college,10,Divorced,Tech-support,Unmarried,White,Female,0,0,40,United-States,0,0.1100819463163878,0,4,0.6
46,Private,167497,Some-college,10,Married-civ-spouse,Exec-managerial,Wife,White,Female,20973,0,65,United-States,1,0.9987905781809688,1,4,0.6
33,Private,118657,HS-grad,9,Separated,Machine-op-inspct,Other-relative,White,Male,9402,0,55,United-States,0,0.9955712663636291,1,4,0.6
47,Private,237943,HS-grad,9,Married-civ-spouse,Handlers-cleaners,Husband,White,Male,9038,0,75,United-States,0,0.9980257223260662,1,4,0.6
34,Private,145477,HS-grad,9,Never-married,Handlers-cleaners,Own-child,Amer-Indian-Eskimo,Male,10170,0,55,United-States,0,0.9864108174511439,1,4,0.6
36,Private,125905,HS-grad,9,Married-civ-spouse,Craft-repair,Husband,White,Male,5573,0,55,United-States,0,0.989389440246711,1,4,0.6
49,Local-gov,107231,HS-grad,9,Married-civ-spouse,Craft-repair,Husband,White,Male,0,2002,40,United-States,0,0.02854835133749659,0,4,0.6
31,Private,277974,Some-college,10,Never-married,Sales,Own-child,White,Male,4469,0,50,United-States,0,0.049320410172899294,0,4,0.6
37,Private,164898,Some-college,10,Married-civ-spouse,Craft-repair,Husband,White,Male,0,0,52,United-States,0,0.7381810635059373,1,4,0.6
46,Private,263150,Some-college,10,Married-civ-spouse,Exec-managerial,Wife,White,Female,9219,0,60,United-States,1,0.9983714199402614,1,4,0.6
33,State-gov,82497,Some-college,10,Never-married,Adm-clerical,Own-child,White,Female,4630,0,35,United-States,0,0.006511202253122768,0,4,0.6
36,Private,190290,Bachelors,13,Never-married,Sales,Not-in-family,White,Male,10575,0,75,United-States,0,0.9984537238014736,1,4,0.6
40,Private,369781,HS-grad,9,Married-civ-spouse,Handlers-cleaners,Husband,White,Male,15024,0,45,United-States,1,0.9993821855418236,1,4,0.6
49,Private,126743,1st-4th,2,Married-civ-spouse,Other-service,Husband,White,Male,8960,0,68,Mexico,0,0.997644654292575,1,4,0.6
61,Self-emp-not-inc,36601,HS-grad,9,Married-civ-spouse,Craft-repair,Husband,White,Male,1778,0,55,Canada,1,0.08378303753918602,0,4,0.6
23,Private,260254,HS-grad,9,Never-married,Sales,Own-child,White,Male,0,0,40,United-States,0,0.01266168825047061,0,4,0.6
49,Private,227545,Some-college,10,Married-civ-spouse,Sales,Husband,White,Male,12615,0,59,United-States,1,0.9990796776566515,1,4,0.6
24,Private,206008,Assoc-acdm,12,Never-married,Prof-specialty,Own-child,Black,Male,0,0,20,United-States,0,0.008565576555861855,0,4,0.6
48,Private,99385,HS-grad,9,Separated,Adm-clerical,Not-in-family,White,Female,0,0,40,United-States,0,0.04062005041376322,0,4,0.6
23,Private,124259,Some-college,10,Never-married,Protective-serv,Own-child,Black,Female,0,0,40,United-States,0,0.008053052117331464,0,4,0.6
61,Federal-gov,95680,Assoc-acdm,12,Married-civ-spouse,Exec-managerial,Husband,Asian-Pac-Islander,Male,3103,0,40,United-States,1,0.9826428404477178,1,4,0.6
34,Private,123291,10th,6,Never-married,Handlers-cleaners,Other-relative,White,Male,0,0,40,United-States,0,0.007699198913090437,0,4,0.6
58,Private,117605,9th,5,Divorced,Sales,Not-in-family,White,Male,7014,0,50,United-States,0,0.06709750460250197,0,4,0.6
48,Private,370767,HS-grad,9,Married-civ-spouse,Prof-specialty,Husband,White,Male,6529,2377,75,United-States,0,0.9891364072002602,1,4,0.6
44,Private,346594,HS-grad,9,Divorced,Other-service,Unmarried,White,Female,0,0,40,United-States,0,0.045629077491836256,0,4,0.6
19,Private,266255,HS-grad,9,Never-married,Sales,Own-child,White,Female,0,0,40,United-States,0,0.001733640422643896,0,4,0.6
48,Private,188800,HS-grad,9,Married-civ-spouse,Sales,Husband,White,Male,1965,0,55,United-States,1,0.10601991893194598,0,4,0.6
30,Private,154583,11th,7,Never-married,Sales,Own-child,White,Female,4982,0,31,United-States,0,0.033904948735332244,0,4,0.6
50,Private,274528,HS-grad,9,Divorced,Craft-repair,Other-relative,White,Male,0,0,40,United-States,0,0.05214723783402222,0,4,0.6
47,State-gov,149337,HS-grad,9,Divorced,Adm-clerical,Unmarried,White,Male,0,0,38,United-States,0,0.17819761411233143,0,4,0.6
41,Private,626493,Bachelors,13,Never-married,Exec-managerial,Not-in-family,White,Male,1110,0,55,United-States,0,0.07287156361522497,0,4,0.6
52,State-gov,32372,Some-college,10,Married-civ-spouse,Prof-specialty,Husband,White,Male,0,0,40,United-States,0,0.7420548321076278,1,4,0.6
75,,166425,Some-college,10,Widowed,,Not-in-family,Black,Female,6024,0,39,United-States,0,0.31726724988868954,0,4,0.6
47,Private,152307,11th,7,Married-civ-spouse,Craft-repair,Husband,White,Male,11240,0,55,United-States,0,0.9990702236408587,1,4,0.6
70,Private,177368,HS-grad,9,Married-civ-spouse,Adm-clerical,Husband,White,Male,7012,0,55,United-States,0,0.7757620350617455,1,4,0.6
67,Private,27227,Some-college,10,Married-civ-spouse,Other-service,Husband,White,Male,12179,1977,50,United-States,1,0.990359092413431,1,4,0.6
48,Private,176026,HS-grad,9,Married-civ-spouse,Machine-op-inspct,Husband,White,Male,0,0,40,United-States,0,0.6038847290958329,0,4,0.6
48,Self-emp-inc,287647,Doctorate,16,Married-civ-spouse,Prof-specialty,Husband,White,Male,7688,0,55,United-States,1,0.9990234454288257,1,4,0.6
34,Private,132835,HS-grad,9,Never-married,Other-service,Unmarried,Black,Female,0,0,40,United-States,0,0.01157306185719862,0,4,0.6
64,Private,102041,11th,7,Married-civ-spouse,Sales,Husband,White,Male,0,0,40,United-States,0,0.34685910231114925,0,4,0.6
24,Private,174461,Bachelors,13,Never-married,Sales,Not-in-family,White,Female,0,0,50,United-States,0,0.08917205381433871,0,4,0.6
24,Private,134787,Some-college,10,Never-married,Sales,Own-child,White,Female,0,0,40,United-States,0,0.02142984435741342,0,4,0.6
20,,216672,Some-college,10,Never-married,,Own-child,White,Male,0,0,30,United-States,0,0.002576400802134974,0,4,0.6
22,Private,209034,Some-college,10,Never-married,Other-service,Not-in-family,White,Female,0,0,35,United-States,0,0.009893588334545277,0,4,0.6
41,Private,124639,Some-college,10,Separated,Craft-repair,Not-in-family,Black,Male,0,0,40,United-States,0,0.10674508194099266,0,4,0.6
38,Private,464552,9th,5,Never-married,Handlers-cleaners,Own-child,White,Male,11234,0,60,Mexico,0,0.9931441204168393,1,4,0.6
32,Private,266400,Some-college,10,Never-married,Prof-specialty,Own-child,White,Female,7468,0,63,United-States,0,0.8241995057103835,1,4,0.6
60,Self-emp-not-inc,196707,Doctorate,16,Married-civ-spouse,Prof-specialty,Husband,White,Male,99999,0,75,United-States,1,0.9981520258717966,1,4,0.6
88,Private,278938,Bachelors,13,Widowed,Prof-specialty,Not-in-family,White,Female,4544,0,35,United-States,0,0.07852834521008886,0,4,0.6
41,Private,145182,HS-grad,9,Never-married,Protective-serv,Own-child,Black,Female,12549,0,35,United-States,0,0.9965512304236844,1,4,0.6
42,Private,151967,Some-college,10,Married-civ-spouse,Craft-repair,Husband,White,Male,3569,0,73,United-States,0,0.10702122902495062,0,4,0.6
74,,199198,11th,7,Divorced,,Not-in-family,Black,Female,11689,0,55,United-States,0,0.9964811880609176,1,4,0.6
23,Private,113511,HS-grad,9,Never-married,Craft-repair,Unmarried,White,Male,0,0,40,United-States,0,0.015625037291130694,0,4,0.6
57,Private,240554,Bachelors,13,Married-civ-spouse,Exec-managerial,Husband,White,Male,10064,0,55,United-States,1,0.9969923420737278,1,4,0.6
63,,182543,1st-4th,2,Separated,,Unmarried,White,Female,5088,0,55,Mexico,0,0.08767797441060637,0,4,0.6
24,Private,228395,Bachelors,13,Never-married,Sales,Own-child,Black,Female,0,0,40,United-States,0,0.01901734677612677,0,4,0.6
77,Self-emp-not-inc,167414,HS-grad,9,Married-civ-spouse,Exec-managerial,Husband,White,Male,6710,0,74,United-States,1,0.7900311910910991,1,4,0.6
51,Self-emp-inc,34180,Assoc-voc,11,Married-civ-spouse,Farming-fishing,Husband,White,Male,7586,0,75,United-States,1,0.9975863115908918,1,4,0.6
32,State-gov,349365,HS-grad,9,Never-married,Other-service,Not-in-family,White,Female,763,0,55,United-States,0,0.004679139342673908,0,4,0.6
50,Self-emp-not-inc,219420,Doctorate,16,Divorced,Sales,Not-in-family,White,Male,0,0,64,United-States,0,0.7856325401674469,1,4,0.6
22,Private,136873,Some-college,10,Never-married,Craft-repair,Not-in-family,White,Male,0,0,40,United-States,0,0.017690544629616004,0,4,0.6
65,Private,321865,Prof-school,15,Never-married,Adm-clerical,Not-in-family,White,Male,11871,0,55,United-States,1,0.9960585108856712,1,4,0.6
45,Private,215288,11th,7,Never-married,Handlers-cleaners,Own-child,Black,Male,6913,0,55,United-States,0,0.10337708494412867,0,4,0.6
44,Self-emp-inc,111746,Some-college,10,Married-civ-spouse,Craft-repair,Husband,White,Male,10290,0,55,United-States,0,0.9979605685728223,1,4,0.6
19,Private,194260,Some-college,10,Never-married,Sales,Own-child,White,Female,0,0,20,United-States,0,0.0009106023786373141,0,4,0.6
71,Self-emp-not-inc,49893,HS-grad,9,Widowed,Craft-repair,Not-in-family,White,Male,11269,0,39,United-States,0,0.9964130224828084,1,4,0.6
39,Private,178778,Bachelors,13,Never-married,Sales,Not-in-family,White,Male,3730,0,95,United-States,1,0.06411963789051005,0,4,0.6
42,Private,104052,HS-grad,9,Never-married,Machine-op-inspct,Not-in-family,White,Male,8355,1741,57,United-States,0,0.9936480577450996,1,4,0.6
53,Self-emp-not-inc,230961,Prof-school,15,Married-civ-spouse,Prof-specialty,Husband,White,Male,11408,0,60,United-States,1,0.9993180121354333,1,4,0.6
38,Private,339423,Bachelors,13,Never-married,Exec-managerial,Not-in-family,White,Male,10691,0,55,United-States,0,0.9987122766333043,1,4,0.6
18,Private,302712,HS-grad,9,Never-married,Other-service,Not-in-family,White,Female,0,0,35,United-States,0,0.0017200068476496667,0,4,0.6
53,Private,118768,Assoc-acdm,12,Never-married,Craft-repair,Not-in-family,White,Male,354,0,63,United-States,0,0.04370839137981798,0,4,0.6
43,State-gov,187802,Some-college,10,Separated,Craft-repair,Not-in-family,White,Male,0,0,37,United-States,0,0.1344865564425525,0,4,0.6
82,,92593,Some-college,10,Widowed,,Not-in-family,White,Female,2025,0,40,United-States,0,0.006589756633795149,0,4,0.6
67,Private,139843,HS-grad,9,Divorced,Exec-managerial,Not-in-family,White,Female,7911,0,75,United-States,0,0.8635784298165256,1,4,0.6
40,Self-emp-not-inc,226198,HS-grad,9,Divorced,Exec-managerial,Not-in-family,White,Female,6477,0,55,United-States,0,0.12051123173391297,0,4,0.6
34,Self-emp-inc,171041,Bachelors,13,Never-married,Handlers-cleaners,Own-child,White,Male,14686,0,55,United-States,0,0.9962319802965416,1,4,0.6
31,Private,163885,HS-grad,9,Never-married,Machine-op-inspct,Own-child,White,Female,9436,0,55,United-States,0,0.9956066773127271,1,4,0.6
49,Private,91711,Bachelors,13,Married-civ-spouse,Exec-managerial,Husband,White,Male,11289,0,75,United-States,1,0.999193251107952,1,4,0.6
50,Private,160192,HS-grad,9,Married-civ-spouse,Craft-repair,Husband,White,Male,2832,2051,59,United-States,0,0.002199920456032662,0,4,0.6
63,Without-pay,124963,Assoc-acdm,12,Married-civ-spouse,Sales,Husband,White,Male,11171,0,60,United-States,0,0.978817143588574,1,4,0.6
35,Private,161496,Some-college,10,Divorced,Sales,Not-in-family,White,Male,0,0,50,United-States,0,0.38450174054261244,0,4,0.6
49,Private,170408,Assoc-voc,11,Divorced,Machine-op-inspct,Not-in-family,White,Female,14894,0,45,United-States,0,0.9984328785777727,1,4,0.6
65,Private,185283,HS-grad,9,Married-civ-spouse,Craft-repair,Husband,White,Male,3249,0,60,United-States,1,0.07051285083325597,0,4,0.6
61,State-gov,354529,Some-college,10,Never-married,Adm-clerical,Not-in-family,White,Female,1087,0,55,United-States,0,0.010567717384458991,0,4,0.6
36,Self-emp-inc,493034,HS-grad,9,Never-married,Other-service,Not-in-family,Black,Male,27498,0,65,United-States,1,0.9975292870122675,1,4,0.6
53,State-gov,109762,Masters,14,Never-married,Prof-specialty,Not-in-family,White,Male,4317,0,55,United-States,0,0.6016134249648533,0,4,0.6
30,Private,132986,12th,8,Never-married,Other-service,Own-child,White,Male,3112,0,25,United-States,0,0.07666626799571216,0,4,0.6
55,Self-emp-inc,123490,Bachelors,13,Married-civ-spouse,Exec-managerial,Husband,White,Male,14744,0,55,United-States,1,0.9990853997429856,1,4,0.6
28,Private,79874,Some-college,10,Never-married,Other-service,Not-in-family,White,Male,0,0,37,United-States,0,0.036285543259496185,0,4,0.6
37,Private,176756,Some-college,10,Married-civ-spouse,Adm-clerical,Husband,Black,Male,0,1485,70,United-States,1,0.8683953889885118,1,4,0.6
61,Private,119684,HS-grad,9,Married-civ-spouse,Other-service,Husband,White,Male,0,0,50,United-States,0,0.4543505166897808,0,4,0.6
79,,142370,Prof-school,15,Married-civ-spouse,,Husband,White,Male,0,0,10,United-States,0,0.6716992108818396,1,4,0.6
56,Private,160829,Bachelors,13,Married-civ-spouse,Tech-support,Wife,White,Female,80,0,35,United-States,1,0.24525216429345315,0,4,0.6
19,Private,73257,11th,7,Never-married,Other-service,Own-child,White,Female,0,0,15,Germany,0,0.0013464190268496258,0,4,0.6
40,Self-emp-not-inc,277488,HS-grad,9,Separated,Craft-repair,Own-child,White,Male,0,0,40,United-States,0,0.05156289515693632,0,4,0.6
44,Private,178835,HS-grad,9,Never-married,Adm-clerical,Not-in-family,White,Male,2115,0,55,United-States,0,0.017711234541712726,0,4,0.6
26,Private,120268,Bachelors,13,Never-married,Adm-clerical,Own-child,White,Male,0,0,24,United-States,0,0.012335481841183146,0,4,0.6
42,Private,186346,Bachelors,13,Never-married,Exec-managerial,Not-in-family,White,Female,6310,0,65,United-States,0,0.4169643009874636,0,4,0.6
51,Private,360494,HS-grad,9,Never-married,Transport-moving,Not-in-family,White,Male,9545,0,55,United-States,0,0.998048952240173,1,4,0.6
45,Private,142675,Bachelors,13,Never-married,Handlers-cleaners,Not-in-family,White,Male,1629,0,45,United-States,0,0.02569378318765584,0,4,0.6
31,Private,143816,Some-college,10,Never-married,Machine-op-inspct,Other-relative,Black,Male,2013,0,45,United-States,0,0.0021820166622657216,0,4,0.6
58,Self-emp-not-inc,193434,HS-grad,9,Married-civ-spouse,Craft-repair,Husband,White,Male,0,0,20,United-States,0,0.15946580755960255,0,4,0.6
74,Private,122246,Some-college,10,Never-married,Craft-repair,Not-in-family,White,Female,22382,0,54,United-States,1,0.9972118949346106,1,4,0.6
56,Private,187376,Assoc-acdm,12,Separated,Adm-clerical,Not-in-family,White,Male,6806,0,50,United-States,0,0.07750387442205621,0,4,0.6
64,Private,266138,Bachelors,13,Married-civ-spouse,Exec-managerial,Husband,White,Male,872,0,55,,1,0.27658185151657544,0,4,0.6
25,Private,179599,9th,5,Never-married,Machine-op-inspct,Not-in-family,White,Female,0,0,38,United-States,0,0.005719620459670034,0,4,0.6
29,Private,178272,HS-grad,9,Married-civ-spouse,Protective-serv,Husband,White,Male,0,0,40,United-States,0,0.35434448674755836,0,4,0.6
40,Private,188171,Assoc-acdm,12,Never-married,Transport-moving,Own-child,White,Male,8579,0,75,United-States,0,0.9958447783581423,1,4,0.6
40,Local-gov,33662,Masters,14,Married-civ-spouse,Prof-specialty,Wife,White,Female,13039,0,55,United-States,1,0.9988030346186473,1,4,0.6
61,,30475,7th-8th,4,Married-civ-spouse,,Husband,White,Male,0,0,40,United-States,1,0.3868356108454477,0,4,0.6
56,Private,106698,HS-grad,9,Divorced,Other-service,Unmarried,White,Female,11985,0,55,United-States,0,0.9976226547322096,1,4,0.6
39,Private,155382,Some-college,10,Never-married,Other-service,Not-in-family,White,Female,4152,0,40,United-States,0,0.004490419104271494,0,4,0.6
42,Private,194971,HS-grad,9,Married-civ-spouse,Other-service,Husband,Asian-Pac-Islander,Male,1023,0,67,China,0,0.03662024771091568,0,4,0.6
81,,26711,Assoc-voc,11,Married-civ-spouse,,Husband,White,Male,2936,0,20,United-States,0,0.07054706067166276,0,4,0.6
37,Private,219137,7th-8th,4,Divorced,Sales,Unmarried,White,Female,0,0,44,United-States,0,0.054810580041094834,0,4,0.6
42,Local-gov,126319,Bachelors,13,Married-civ-spouse,Prof-specialty,Wife,White,Female,0,0,40,United-States,1,0.9059383404854697,1,4,0.6
52,Private,182217,Some-college,10,Married-civ-spouse,Other-service,Wife,White,Female,7158,0,55,Scotland,0,0.9971840528322284,1,4,0.6
31,Private,219300,Some-college,10,Never-married,Sales,Own-child,White,Female,2429,0,40,United-States,0,0.0038495648194868406,0,4,0.6
53,Private,48087,Bachelors,13,Divorced,Machine-op-inspct,Not-in-family,White,Male,3402,0,55,United-States,0,0.03472670758185422,0,4,0.6
52,,224361,9th,5,Divorced,,Unmarried,White,Female,13820,0,20,Cuba,0,0.9911244532792828,1,4,0.6
41,Private,199116,HS-grad,9,Married-civ-spouse,Machine-op-inspct,Husband,White,Male,9637,0,55,Puerto-Rico,0,0.9977753412065418,1,4,0.6
28,Private,278736,12th,8,Never-married,Handlers-cleaners,Unmarried,White,Male,0,0,40,Mexico,0,0.011628525092996533,0,4,0.6
47,Local-gov,179048,HS-grad,9,Never-married,Craft-repair,Not-in-family,White,Male,0,0,40,United-States,0,0.13971896549259177,0,4,0.6
67,Self-emp-not-inc,96459,10th,6,Married-civ-spouse,Farming-fishing,Husband,White,Male,14022,1887,85,United-States,1,0.9752998795802349,1,4,0.6
19,Private,182355,Some-college,10,Never-married,Adm-clerical,Own-child,Black,Female,0,0,20,United-States,0,0.0008529719558773443,0,4,0.6
49,Private,157991,Some-college,10,Divorced,Adm-clerical,Unmarried,Black,Female,0,0,40,United-States,0,0.04269976278280498,0,4,0.6
64,State-gov,334273,Assoc-acdm,12,Married-civ-spouse,Sales,Husband,White,Male,3795,0,55,United-States,1,0.1263652353177866,0,4,0.6
41,Private,277256,Some-college,10,Married-civ-spouse,Craft-repair,Husband,White,Male,0,0,40,United-States,0,0.6812515144469518,1,4,0.6
46,Self-emp-inc,198613,HS-grad,9,Married-civ-spouse,Exec-managerial,Husband,White,Male,13093,2002,55,United-States,0,0.9974870263266615,1,4,0.6
27,Self-emp-not-inc,208577,Some-college,10,Married-civ-spouse,Exec-managerial,Husband,White,Male,0,0,45,United-States,1,0.6000648320641613,0,4,0.6
32,Private,174391,HS-grad,9,Never-married,Handlers-cleaners,Own-child,White,Female,13242,0,55,United-States,0,0.9948798043774124,1,4,0.6
52,Private,106501,HS-grad,9,Married-civ-spouse,Transport-moving,Husband,White,Male,15529,0,65,United-States,0,0.998882592628966,1,4,0.6
44,Self-emp-not-inc,261056,Bachelors,13,Never-married,Prof-specialty,Own-child,Black,Female,13732,0,75,,0,0.9965206718908282,1,4,0.6
49,Private,131827,HS-grad,9,Never-married,Craft-repair,Unmarried,White,Male,2725,0,55,United-States,0,0.02566276591990511,0,4,0.6
42,Private,49325,Some-college,10,Married-civ-spouse,Transport-moving,Husband,White,Male,11928,0,95,United-States,1,0.9985744732369368,1,4,0.6
58,Local-gov,226871,Bachelors,13,Divorced,Protective-serv,Not-in-family,Black,Male,3742,0,65,United-States,1,0.08177742754042161,0,4,0.6
82,Self-emp-not-inc,280639,HS-grad,9,Widowed,Other-service,Other-relative,White,Female,15340,0,35,United-States,0,0.9931910355946713,1,4,0.6
39,Private,33975,Some-college,10,Married-civ-spouse,Sales,Husband,White,Male,0,0,40,United-States,1,0.6984914543085755,1,4,0.6
59,Self-emp-not-inc,81107,Some-college,10,Married-civ-spouse,Sales,Wife,White,Female,0,0,80,United-States,1,0.5967552795331243,0,4,0.6
44,Local-gov,73199,Assoc-voc,11,Divorced,Tech-support,Unmarried,Asian-Pac-Islander,Male,0,0,40,United-States,0,0.17839652334521547,0,4,0.6
31,,208066,Some-college,10,Never-married,,Own-child,White,Female,14768,0,55,United-States,0,0.9965436850572221,1,4,0.6
54,Self-emp-not-inc,242606,Masters,14,Married-civ-spouse,Sales,Husband,White,Male,4386,0,45,United-States,1,0.9548581104605062,1,4,0.6
76,Local-gov,172768,HS-grad,9,Married-civ-spouse,Adm-clerical,Husband,White,Male,12725,0,55,United-States,0,0.9714826132260899,1,4,0.6
39,Private,221561,11th,7,Married-civ-spouse,Other-service,Wife,Black,Female,6742,0,47,United-States,0,0.9562580186904073,1,4,0.6
53,Private,80666,Some-college,10,Married-civ-spouse,Prof-specialty,Husband,White,Male,10336,0,65,United-States,1,0.9936184617171978,1,4,0.6
43,Local-gov,80058,HS-grad,9,Never-married,Machine-op-inspct,Own-child,White,Male,5928,0,79,United-States,0,0.1299987371618189,0,4,0.6
53,Private,160893,Assoc-acdm,12,Never-married,Adm-clerical,Not-in-family,White,Female,4412,0,60,United-States,0,0.028344196338601232,0,4,0.6
29,Private,152619,12th,8,Never-married,Other-service,Own-child,White,Male,11514,0,35,United-States,0,0.9955374186370815,1,4,0.6
39,Private,99065,Bachelors,13,Married-civ-spouse,Handlers-cleaners,Wife,White,Female,0,0,40,Poland,1,0.6181400333070788,0,4,0.6
45,Private,146497,Some-college,10,Widowed,Exec-managerial,Unmarried,White,Female,0,0,55,United-States,0,0.3752704721379271,0,4,0.6
49,Private,99361,Prof-school,15,Married-civ-spouse,Prof-specialty,Husband,White,Male,0,0,45,United-States,0,0.9447423938842763,1,4,0.6
58,Local-gov,311409,Masters,14,Married-civ-spouse,Prof-specialty,Husband,Black,Male,7688,0,30,United-States,1,0.997972970805667,1,4,0.6
46,Private,236861,HS-grad,9,Married-civ-spouse,Tech-support,Husband,White,Male,3548,0,55,United-States,1,0.08426300729944643,0,4,0.6
62,Self-emp-inc,52565,Some-college,10,Married-civ-spouse,Sales,Husband,White,Male,11614,1485,55,United-States,0,0.9910813397111065,1,4,0.6
90,,167336,HS-grad,9,Married-civ-spouse,,Husband,White,Male,11219,0,31,United-States,0,0.9811579539831001,1,4,0.6
42,Self-emp-not-inc,148959,Some-college,10,Divorced,Craft-repair,Not-in-family,White,Male,1997,0,50,United-States,0,0.02312751763312386,0,4,0.6
53,,38434,Masters,14,Married-civ-spouse,,Wife,White,Female,13572,0,25,United-States,1,0.998834856429688,1,4,0.6
63,State-gov,71691,Bachelors,13,Divorced,Exec-managerial,Not-in-family,White,Male,12212,0,75,United-States,1,0.9965767014152819,1,4,0.6
33,Private,220860,HS-grad,9,Divorced,Transport-moving,Not-in-family,White,Male,0,0,45,United-States,0,0.1370838185196715,0,4,0.6
28,Private,269786,HS-grad,9,Married-civ-spouse,Transport-moving,Husband,White,Male,0,0,40,United-States,0,0.31002454310463573,0,4,0.6
40,Private,236021,Some-college,10,Married-civ-spouse,Transport-moving,Husband,White,Male,0,0,40,United-States,0,0.6316358618253554,0,4,0.6
55,,246219,7th-8th,4,Married-civ-spouse,,Husband,White,Male,2105,0,40,United-States,0,0.010178696830760248,0,4,0.6
59,Federal-gov,323798,Bachelors,13,Married-civ-spouse,Exec-managerial,Husband,White,Male,3377,0,55,United-States,1,0.3017157978602375,0,4,0.6
33,Private,211391,Some-college,10,Never-married,Adm-clerical,Not-in-family,White,Female,2965,0,42,United-States,0,0.005567736064536116,0,4,0.6
64,Private,139347,HS-grad,9,Married-civ-spouse,Transport-moving,Wife,White,Female,11206,0,55,United-States,0,0.9740673315976905,1,4,0.6
37,Private,204338,10th,6,Married-civ-spouse,Craft-repair,Husband,White,Male,12846,0,55,Mexico,0,0.9981551654201192,1,4,0.6
34,Private,195136,Bachelors,13,Married-civ-spouse,Prof-specialty,Wife,White,Female,0,1887,40,United-States,1,0.9924087610061115,1,4,0.6
43,Private,401134,Assoc-acdm,12,Divorced,Other-service,Unmarried,White,Female,0,2238,40,United-States,0,0.5469750773914681,0,4,0.6
40,Private,291808,HS-grad,9,Divorced,Protective-serv,Not-in-family,Black,Female,0,0,40,United-States,0,0.04882962633192059,0,4,0.6
49,Private,32528,Bachelors,13,Married-civ-spouse,Sales,Husband,White,Male,6043,0,65,United-States,0,0.9882054330514621,1,4,0.6
76,,155142,HS-grad,9,Widowed,,Not-in-family,Black,Male,5075,0,35,United-States,0,0.17337790709408807,0,4,0.6
38,Private,247006,HS-grad,9,Married-civ-spouse,Exec-managerial,Husband,White,Male,7701,0,67,United-States,0,0.9983657573033609,1,4,0.6
90,Self-emp-not-inc,158319,HS-grad,9,Widowed,Other-service,Not-in-family,White,Female,11483,0,39,United-States,0,0.9964107919452184,1,4,0.6
48,Private,205359,HS-grad,9,Married-spouse-absent,Other-service,Unmarried,White,Female,3119,0,40,United-States,0,0.2590297847013975,0,4,0.6
27,Private,118598,HS-grad,9,Never-married,Machine-op-inspct,Unmarried,Black,Female,0,0,35,United-States,0,0.0024770285047127794,0,4,0.6
54,Local-gov,70655,HS-grad,9,Divorced,Farming-fishing,Not-in-family,White,Male,4260,0,55,United-States,0,0.3516829641911624,0,4,0.6
39,Private,22422,Some-college,10,Never-married,Sales,Other-relative,White,Male,5452,0,55,United-States,0,0.14865991777825754,0,4,0.6
39,Private,185053,HS-grad,9,Never-married,Machine-op-inspct,Not-in-family,White,Female,0,0,40,United-States,0,0.02803574960746016,0,4,0.6
45,Local-gov,55377,Bachelors,13,Married-civ-spouse,Prof-specialty,Husband,Black,Male,0,0,40,United-States,0,0.862862658100671,1,4,0.6
40,Private,346964,HS-grad,9,Divorced,Tech-support,Unmarried,White,Female,0,0,40,United-States,0,0.09829758337865264,0,4,0.6
42,Private,207284,HS-grad,9,Married-civ-spouse,Machine-op-inspct,Husband,White,Male,8723,0,55,United-States,0,0.9984197274533321,1,4,0.6
29,Private,351731,Some-college,10,Married-civ-spouse,Prof-specialty,Husband,White,Male,0,0,40,United-States,0,0.6811296139181717,1,4,0.6
56,Private,287833,Some-college,10,Married-civ-spouse,Adm-clerical,Wife,White,Female,0,0,35,United-States,1,0.6722753235155524,1,4,0.6
43,Private,35910,Some-college,10,Married-civ-spouse,Sales,Husband,White,Male,0,0,43,United-States,1,0.6943944327623256,1,4,0.6
42,Private,103642,11th,7,Married-civ-spouse,Craft-repair,Husband,White,Male,6354,0,55,United-States,0,0.986796464249762,1,4,0.6
28,Self-emp-not-inc,33363,HS-grad,9,Married-civ-spouse,Farming-fishing,Husband,White,Male,0,0,70,United-States,1,0.3931345807305074,0,4,0.6
33,Private,163870,Some-college,10,Never-married,Adm-clerical,Own-child,White,Male,6895,0,55,United-States,0,0.052433730341526305,0,4,0.6
25,Private,224361,HS-grad,9,Never-married,Other-service,Not-in-family,White,Male,0,0,40,United-States,0,0.02109417582325854,0,4,0.6
34,Private,115892,11th,7,Never-married,Other-service,Not-in-family,White,Male,3722,0,55,United-States,0,0.006070353898685872,0,4,0.6
58,Private,201393,Assoc-acdm,12,Divorced,Adm-clerical,Not-in-family,White,Male,0,1876,40,United-States,0,0.08052204397250122,0,4,0.6
29,Private,48610,11th,7,Never-married,Farming-fishing,Own-child,White,Male,1407,0,60,United-States,0,0.0035227006548692093,0,4,0.6
64,Self-emp-inc,146574,Prof-school,15,Married-civ-spouse,Prof-specialty,Husband,White,Male,9020,0,55,United-States,1,0.9908114906921119,1,4,0.6
31,Private,102884,HS-grad,9,Married-civ-spouse,Machine-op-inspct,Husband,White,Male,0,0,50,United-States,0,0.5612553322220853,0,4,0.6
52,Private,193524,Doctorate,16,Married-civ-spouse,Prof-specialty,Husband,White,Male,11403,0,75,United-States,1,0.9990525823255255,1,4,0.6
49,Private,60548,HS-grad,9,Widowed,Machine-op-inspct,Unmarried,White,Female,3008,0,35,United-States,0,0.0030942159133340633,0,4,0.6
62,Private,143664,Bachelors,13,Never-married,Exec-managerial,Not-in-family,White,Male,2385,0,55,United-States,0,0.112547157922044,0,4,0.6
46,State-gov,102628,Masters,14,Widowed,Protective-serv,Unmarried,White,Male,0,0,40,United-States,0,0.6161078953425201,0,4,0.6
32,Private,272944,Some-college,10,Never-married,Craft-repair,Not-in-family,White,Female,0,0,40,United-States,0,0.05278075688900994,0,4,0.6
90,Local-gov,84616,11th,7,Married-civ-spouse,Exec-managerial,Husband,White,Male,14570,0,22,United-States,0,0.971369517180626,1,4,0.6
42,Private,195096,HS-grad,9,Married-civ-spouse,Sales,Husband,White,Male,4064,0,40,United-States,0,0.04690096781455996,0,4,0.6
73,Self-emp-not-inc,176965,Prof-school,15,Married-civ-spouse,Prof-specialty,Husband,White,Male,7940,0,65,United-States,1,0.9773626002152392,1,4,0.6
30,Private,343059,Some-college,10,Never-married,Sales,Own-child,White,Female,14239,0,55,United-States,0,0.9954600588403298,1,4,0.6
43,Private,57781,HS-grad,9,Divorced,Adm-clerical,Unmarried,White,Female,14762,0,65,United-States,0,0.9928066125965611,1,4,0.6
48,Private,126754,Masters,14,Married-civ-spouse,Prof-specialty,Husband,White,Male,15024,0,40,United-States,1,0.9990307444178452,1,4,0.6
19,Private,279968,Some-college,10,Never-married,Adm-clerical,Own-child,White,Female,0,0,20,United-States,0,0.0008170451571220094,0,4,0.6
61,Private,255466,Some-college,10,Divorced,Adm-clerical,Not-in-family,White,Female,10657,0,75,United-States,0,0.9960709234150635,1,4,0.6
70,Private,132670,Masters,14,Married-civ-spouse,Sales,Husband,White,Male,9386,0,4,United-States,1,0.9769035213874361,1,4,0.6
65,Private,169182,10th,6,Married-spouse-absent,Machine-op-inspct,Not-in-family,White,Female,2620,0,55,Columbia,0,0.0051200007016401605,0,4,0.6
37,Private,232991,5th-6th,3,Married-civ-spouse,Machine-op-inspct,Husband,Other,Male,6524,0,55,Mexico,0,0.9623496424725407,1,4,0.6
36,Private,218542,HS-grad,9,Separated,Adm-clerical,Unmarried,Black,Female,0,0,40,United-States,0,0.02026456291306,0,4,0.6
37,Private,99357,Assoc-acdm,12,Never-married,Other-service,Not-in-family,White,Female,0,0,30,United-States,0,0.020789727727941708,0,4,0.6
30,Private,333119,Some-college,10,Never-married,Craft-repair,Not-in-family,White,Male,0,0,40,United-States,0,0.05899650759301867,0,4,0.6
41,Private,195760,HS-grad,9,Married-civ-spouse,Other-service,Wife,White,Female,12999,0,50,United-States,0,0.999117579072802,1,4,0.6
46,Private,174426,Some-college,10,Married-civ-spouse,Machine-op-inspct,Husband,White,Male,0,0,40,United-States,0,0.6983755631317556,1,4,0.6
41,Private,142579,Bachelors,13,Widowed,Sales,Unmarried,Black,Male,0,0,50,United-States,0,0.7417324226925669,1,4,0.6
30,Private,334676,HS-grad,9,Never-married,Handlers-cleaners,Own-child,White,Male,5150,0,40,United-States,0,0.04098224999379497,0,4,0.6
36,Self-emp-not-inc,280169,Some-college,10,Married-civ-spouse,Farming-fishing,Husband,White,Male,3456,0,8,United-States,0,0.00989368907062885,0,4,0.6
29,Self-emp-not-inc,322238,HS-grad,9,Never-married,Farming-fishing,Not-in-family,White,Male,0,0,40,United-States,0,0.03734513994610837,0,4,0.6
60,Private,155664,Bachelors,13,Married-civ-spouse,Adm-clerical,Husband,White,Male,12332,0,50,United-States,1,0.9990711438178993,1,4,0.6
24,Private,132320,Bachelors,13,Never-married,Exec-managerial,Own-child,White,Male,0,0,45,United-States,0,0.04357779141663713,0,4,0.6
36,Private,116138,HS-grad,9,Married-civ-spouse,Prof-specialty,Husband,Asian-Pac-Islander,Male,0,0,40,Cambodia,0,0.5993572528241939,0,4,0.6
68,Local-gov,571017,Some-college,10,Married-civ-spouse,Adm-clerical,Wife,White,Female,7577,0,30,United-States,0,0.9677128503902026,1,4,0.6
38,Private,156550,HS-grad,9,Married-civ-spouse,Craft-repair,Husband,White,Male,0,0,60,United-States,0,0.6667221000198786,1,4,0.6
35,Self-emp-not-inc,280570,HS-grad,9,Married-civ-spouse,Exec-managerial,Husband,White,Male,0,0,35,United-States,0,0.42592995034703185,0,4,0.6
24,Private,418405,HS-grad,9,Married-civ-spouse,Craft-repair,Husband,White,Male,0,0,40,United-States,0,0.14743866232556482,0,4,0.6
45,Self-emp-not-inc,203784,Assoc-voc,11,Married-civ-spouse,Farming-fishing,Husband,White,Male,7030,0,77,United-States,0,0.9221968748929582,1,4,0.6
43,Self-emp-not-inc,144218,12th,8,Married-civ-spouse,Transport-moving,Husband,White,Male,0,0,60,United-States,0,0.45648553782794254,0,4,0.6
44,Private,296897,Bachelors,13,Never-married,Prof-specialty,Own-child,Black,Female,13950,0,55,United-States,0,0.9972518484054055,1,4,0.6
41,Private,211482,Bachelors,13,Married-civ-spouse,Sales,Husband,White,Male,1963,0,55,United-States,0,0.2591441140633518,0,4,0.6
23,Private,33016,HS-grad,9,Never-married,Craft-repair,Not-in-family,White,Male,0,0,40,United-States,0,0.01638540580221422,0,4,0.6
42,Self-emp-inc,443508,Doctorate,16,Married-civ-spouse,Prof-specialty,Husband,White,Male,0,0,45,United-States,1,0.9490860399416495,1,4,0.6
32,Private,208180,Assoc-voc,11,Married-civ-spouse,Tech-support,Wife,White,Female,0,0,24,United-States,1,0.7704306453765437,1,4,0.6
32,,117210,Some-college,10,Never-married,,Own-child,White,Male,9877,0,55,United-States,0,0.9946387377410404,1,4,0.6
45,Private,221762,Some-college,10,Never-married,Prof-specialty,Not-in-family,Black,Male,14585,0,55,United-States,0,0.9987328776462183,1,4,0.6
70,Private,642830,HS-grad,9,Divorced,Protective-serv,Not-in-family,White,Female,0,0,32,United-States,0,0.04547169136024102,0,4,0.6
32,Private,113838,Some-college,10,Married-civ-spouse,Handlers-cleaners,Husband,White,Male,0,0,40,United-States,0,0.2981262560424718,0,4,0.6
69,Self-emp-not-inc,217692,HS-grad,9,Widowed,Craft-repair,Not-in-family,White,Female,11023,0,53,United-States,0,0.9947883549115422,1,4,0.6
30,Private,226696,Bachelors,13,Married-civ-spouse,Sales,Husband,White,Male,0,0,40,United-States,1,0.8227157602589912,1,4,0.6
28,Private,90928,Assoc-voc,11,Never-married,Exec-managerial,Not-in-family,White,Female,0,0,40,United-States,0,0.07215073262713327,0,4,0.6
32,Private,221955,5th-6th,3,Married-spouse-absent,Farming-fishing,Other-relative,White,Male,2235,0,55,Mexico,0,0.0036049220798709558,0,4,0.6
76,Private,114994,HS-grad,9,Married-civ-spouse,Other-service,Husband,White,Male,9213,0,35,United-States,0,0.9650780935219694,1,4,0.6
70,Private,236596,Some-college,10,Married-civ-spouse,Exec-managerial,Husband,White,Male,11670,0,55,United-States,1,0.9914517108847191,1,4,0.6
33,,133515,Assoc-acdm,12,Never-married,,Own-child,White,Female,13311,0,55,United-States,0,0.9967348019502524,1,4,0.6
25,Private,144259,HS-grad,9,Never-married,Craft-repair,Own-child,Black,Male,0,0,50,United-States,0,0.018812322714020484,0,4,0.6
50,Private,247111,HS-grad,9,Married-civ-spouse,Tech-support,Husband,White,Male,1542,0,55,United-States,1,0.13121051494735028,0,4,0.6
31,,200790,12th,8,Married-civ-spouse,,Other-relative,White,Female,21366,0,55,United-States,1,0.9979848615451763,1,4,0.6
60,Private,181758,Some-college,10,Divorced,Adm-clerical,Unmarried,White,Female,2810,0,55,United-States,0,0.014857606214669998,0,4,0.6
36,Private,198148,Some-college,10,Never-married,Other-service,Own-child,White,Male,11068,0,45,United-States,0,0.9974409699473937,1,4,0.6
41,Private,154411,Assoc-voc,11,Never-married,Tech-support,Own-child,White,Male,64,0,55,United-States,0,0.009229371630488644,0,4,0.6
49,Self-emp-not-inc,225860,Assoc-acdm,12,Married-spouse-absent,Farming-fishing,Not-in-family,White,Male,1618,0,65,United-States,0,0.03350345265114951,0,4,0.6
60,Private,329778,HS-grad,9,Widowed,Other-service,Unmarried,White,Female,11047,0,55,United-States,0,0.9973675906056642,1,4,0.6
75,Private,151364,HS-grad,9,Married-civ-spouse,Prof-specialty,Wife,White,Female,8253,0,40,United-States,0,0.9729441682350675,1,4,0.6
57,Self-emp-not-inc,103948,Prof-school,15,Married-civ-spouse,Prof-specialty,Husband,White,Male,0,0,30,United-States,1,0.8274377418358649,1,4,0.6
46,Private,113838,Some-college,10,Married-civ-spouse,Craft-repair,Husband,White,Male,12443,0,60,United-States,0,0.9990206103046704,1,4,0.6
17,Private,57723,11th,7,Never-married,Sales,Own-child,White,Male,0,0,30,United-States,0,0.0012864459085873553,0,4,0.6
37,Federal-gov,31670,Bachelors,13,Married-civ-spouse,Exec-managerial,Husband,White,Male,0,0,40,United-States,0,0.8546597743155497,1,4,0.6
41,Private,146719,HS-grad,9,Never-married,Transport-moving,Not-in-family,White,Female,14405,0,60,United-States,0,0.9972925900761938,1,4,0.6
47,Self-emp-inc,202027,Some-college,10,Divorced,Exec-managerial,Not-in-family,White,Male,694,0,75,United-States,0,0.04726677975268802,0,4,0.6
62,Private,258819,HS-grad,9,Divorced,Craft-repair,Not-in-family,White,Male,14773,0,55,United-States,1,0.996669457287124,1,4,0.6
49,Private,349689,HS-grad,9,Divorced,Adm-clerical,Unmarried,White,Female,1315,0,55,United-States,0,0.014881315306375846,0,4,0.6
46,Private,147640,5th-6th,3,Married-civ-spouse,Transport-moving,Husband,Amer-Indian-Eskimo,Male,0,1902,40,United-States,0,0.7274229106587858,1,4,0.6
43,Private,210008,HS-grad,9,Never-married,Sales,Own-child,White,Female,14982,0,55,United-States,0,0.9971336681994869,1,4,0.6
36,Private,210029,HS-grad,9,Never-married,Adm-clerical,Not-in-family,White,Female,917,2001,52,United-States,0,0.0022733647384346554,0,4,0.6
34,Private,166371,Some-college,10,Never-married,Craft-repair,Own-child,White,Male,3725,0,55,United-States,0,0.016072946919107635,0,4,0.6
31,Private,178147,Some-college,10,Never-married,Handlers-cleaners,Own-child,White,Male,407,0,25,United-States,0,0.001355763113000702,0,4,0.6
34,Private,114955,Assoc-acdm,12,Divorced,Machine-op-inspct,Not-in-family,White,Male,0,0,40,United-States,0,0.05491582342597919,0,4,0.6
29,Private,53611,12th,8,Never-married,Other-service,Own-child,White,Female,10678,0,21,United-States,0,0.9788678833125377,1,4,0.6
29,Private,303440,Assoc-voc,11,Never-married,Exec-managerial,Not-in-family,White,Female,0,0,40,United-States,0,0.07230211886559806,0,4,0.6
52,Private,277256,Bachelors,13,Divorced,Exec-managerial,Not-in-family,White,Male,3646,2559,70,United-States,1,0.7827345819710642,1,4,0.6
66,Private,159755,Some-college,10,Married-civ-spouse,Protective-serv,Husband,White,Male,1635,0,55,United-States,1,0.11237338534810024,0,4,0.6
37,Private,109419,HS-grad,9,Never-married,Adm-clerical,Own-child,White,Female,3232,0,55,United-States,0,0.006674013197671433,0,4,0.6
69,State-gov,141459,Some-college,10,Divorced,Prof-specialty,Unmarried,White,Female,7414,0,55,United-States,0,0.9449870105282098,1,4,0.6
32,State-gov,27051,Bachelors,13,Married-civ-spouse,Craft-repair,Husband,White,Male,0,0,52,United-States,1,0.8069189338839136,1,4,0.6
23,Private,195508,Bachelors,13,Married-civ-spouse,Sales,Husband,White,Male,0,0,45,United-States,0,0.3160584114105675,0,4,0.6
26,Private,358124,HS-grad,9,Never-married,Other-service,Other-relative,Black,Female,0,0,40,United-States,0,0.0036177199553637947,0,4,0.6
40,Private,205337,HS-grad,9,Married-civ-spouse,Craft-repair,Husband,White,Male,2351,0,55,United-States,0,0.09085138144098619,0,4,0.6
58,Private,163324,HS-grad,9,Married-civ-spouse,Other-service,Wife,White,Female,4347,0,55,United-States,0,0.7528455350026624,1,4,0.6
33,Private,37783,Some-college,10,Never-married,Exec-managerial,Not-in-family,White,Female,14847,0,53,United-States,0,0.9984215517171786,1,4,0.6
61,Private,110669,10th,6,Divorced,Machine-op-inspct,Not-in-family,White,Female,8532,0,47,United-States,0,0.9899431278041881,1,4,0.6
22,,374116,HS-grad,9,Never-married,,Not-in-family,White,Female,0,0,36,United-States,0,0.009135937927156347,0,4,0.6
35,Private,242912,Some-college,10,Never-married,Other-service,Own-child,White,Female,17281,0,55,United-States,0,0.9963761121318663,1,4,0.6
19,Private,210509,Some-college,10,Never-married,Adm-clerical,Own-child,White,Female,0,0,30,United-States,0,0.0017216693754767566,0,4,0.6
30,Private,340899,Prof-school,15,Never-married,Prof-specialty,Not-in-family,White,Male,0,1590,80,United-States,0,0.061682265709223576,0,4,0.6
27,,95708,11th,7,Divorced,,Not-in-family,Asian-Pac-Islander,Male,0,0,40,United-States,0,0.03170943257145904,0,4,0.6
48,Private,143098,Doctorate,16,Married-civ-spouse,Prof-specialty,Husband,Asian-Pac-Islander,Male,0,1902,40,China,1,0.9909439358689791,1,4,0.6
56,Private,215839,Some-college,10,Married-civ-spouse,Transport-moving,Husband,White,Male,0,0,60,,0,0.8031540237559333,1,4,0.6
17,Never-worked,131593,11th,7,Never-married,,Own-child,Black,Female,0,0,20,United-States,0,0.00023398971911667006,0,4,0.6
42,Private,298871,Masters,14,Married-civ-spouse,Prof-specialty,Husband,Asian-Pac-Islander,Male,366,1887,60,Iran,1,0.8778371389842003,1,4,0.6
55,Private,204334,Prof-school,15,Married-civ-spouse,Exec-managerial,Husband,White,Male,0,1977,55,England,1,0.9860573323122793,1,4,0.6
51,Local-gov,91039,Masters,14,Married-civ-spouse,Exec-managerial,Husband,White,Male,47,0,60,United-States,0,0.40408674409231327,0,4,0.6
52,Self-emp-not-inc,399008,HS-grad,9,Married-civ-spouse,Transport-moving,Husband,Black,Male,5013,0,40,United-States,0,0.029268572787967136,0,4,0.6
43,Private,184846,HS-grad,9,Widowed,Machine-op-inspct,Unmarried,White,Female,0,0,60,United-States,0,0.12342082864467359,0,4,0.6
48,Private,398843,Some-college,10,Separated,Sales,Unmarried,Black,Female,0,0,35,United-States,0,0.07654204255841442,0,4,0.6
21,Private,206891,7th-8th,4,Never-married,Farming-fishing,Own-child,White,Female,0,0,38,United-States,0,0.005350806754089744,0,4,0.6
25,Private,478836,Some-college,10,Never-married,Exec-managerial,Not-in-family,White,Male,0,0,40,United-States,0,0.03822430783300481,0,4,0.6
32,Private,226535,HS-grad,9,Never-married,Craft-repair,Not-in-family,White,Male,0,0,40,United-States,0,0.05179279857007646,0,4,0.6
25,State-gov,99076,Bachelors,13,Never-married,Other-service,Not-in-family,White,Female,2597,0,50,United-States,0,0.0036851507033968103,0,4,0.6
66,,155755,HS-grad,9,Divorced,,Not-in-family,White,Female,14103,0,40,United-States,0,0.9962377455484523,1,4,0.6
65,Local-gov,205005,Bachelors,13,Married-civ-spouse,Prof-specialty,Wife,White,Female,10933,0,75,United-States,1,0.993824562515514,1,4,0.6
45,Private,189265,Bachelors,13,Never-married,Exec-managerial,Not-in-family,White,Female,4614,0,55,United-States,0,0.12481237384688777,0,4,0.6
35,Private,211968,Some-college,10,Never-married,Other-service,Own-child,White,Female,9789,0,35,United-States,0,0.9936094469956639,1,4,0.6
33,Private,342730,Some-college,10,Married-civ-spouse,Sales,Husband,White,Male,0,0,52,United-States,0,0.5917352532580066,0,4,0.6
57,Local-gov,268252,HS-grad,9,Divorced,Adm-clerical,Unmarried,White,Female,0,0,62,United-States,0,0.11171776175052071,0,4,0.6
74,Private,77884,5th-6th,3,Married-civ-spouse,Farming-fishing,Husband,Asian-Pac-Islander,Male,3370,0,55,Philippines,0,0.017238804494512844,0,4,0.6
51,Private,248445,5th-6th,3,Married-civ-spouse,Handlers-cleaners,Husband,White,Male,7918,0,55,Mexico,0,0.9977936002610558,1,4,0.6
48,State-gov,78529,Masters,14,Separated,Prof-specialty,Not-in-family,White,Male,0,0,60,United-States,0,0.6314635238815084,0,4,0.6
60,Private,283737,Masters,14,Divorced,Exec-managerial,Not-in-family,White,Male,14177,0,55,United-States,0,0.9986495369908257,1,4,0.6
58,Private,321327,Some-college,10,Married-civ-spouse,Transport-moving,Husband,White,Male,9943,0,60,United-States,1,0.9986368640969929,1,4,0.6
23,Local-gov,145112,Bachelors,13,Never-married,Prof-specialty,Own-child,White,Female,0,0,43,United-States,0,0.013659955542682251,0,4,0.6
66,Self-emp-not-inc,109418,Bachelors,13,Married-civ-spouse,Exec-managerial,Wife,White,Female,9633,1977,50,United-States,1,0.9925125655979461,1,4,0.6
39,Private,191503,Bachelors,13,Married-civ-spouse,Prof-specialty,Husband,White,Male,0,1887,40,United-States,1,0.9929880670536915,1,4,0.6
36,Local-gov,184975,Bachelors,13,Never-married,Prof-specialty,Not-in-family,White,Female,9463,0,55,United-States,0,0.9980367067903774,1,4,0.6
41,Private,190756,11th,7,Married-civ-spouse,Craft-repair,Husband,White,Male,6786,0,59,United-States,0,0.9609512807037032,1,4,0.6
40,Self-emp-inc,32922,Assoc-voc,11,Never-married,Sales,Not-in-family,White,Male,11021,0,75,United-States,0,0.998187123156966,1,4,0.6
42,,151989,Assoc-voc,11,Divorced,,Unmarried,White,Female,13767,0,55,United-States,0,0.9929466121817071,1,4,0.6
66,Local-gov,224934,Masters,14,Married-civ-spouse,Prof-specialty,Husband,White,Male,5243,0,65,United-States,1,0.9888169471131334,1,4,0.6
32,Private,243878,Some-college,10,Never-married,Craft-repair,Own-child,White,Male,2544,0,55,United-States,0,0.009181461904518221,0,4,0.6
46,Self-emp-inc,152109,HS-grad,9,Married-civ-spouse,Craft-repair,Husband,White,Male,2753,0,55,United-States,0,0.11424031995267704,0,4,0.6
45,Private,149902,Some-college,10,Divorced,Exec-managerial,Unmarried,Black,Female,10165,0,55,United-States,0,0.9662272017501621,1,4,0.6
62,Private,96099,HS-grad,9,Never-married,Craft-repair,Not-in-family,White,Male,0,0,40,United-States,0,0.13140044309563254,0,4,0.6
49,Private,308691,Bachelors,13,Married-civ-spouse,Craft-repair,Husband,White,Male,11447,0,60,United-States,1,0.9990323815091949,1,4,0.6
35,Private,163237,Bachelors,13,Married-civ-spouse,Sales,Husband,White,Male,0,0,52,United-States,1,0.8578084019144212,1,4,0.6
40,Private,177119,Masters,14,Never-married,Exec-managerial,Not-in-family,White,Female,3023,0,95,,0,0.049951936642644336,0,4,0.6
76,,169917,7th-8th,4,Widowed,,Not-in-family,White,Female,6210,0,19,United-States,0,0.021626625664379933,0,4,0.6
48,Private,635913,HS-grad,9,Married-spouse-absent,Other-service,Not-in-family,Black,Male,11721,0,55,United-States,0,0.9979254419114704,1,4,0.6
44,Private,218322,HS-grad,9,Married-civ-spouse,Craft-repair,Husband,White,Male,11159,0,55,United-States,0,0.9990024819385588,1,4,0.6
39,Private,409246,HS-grad,9,Married-civ-spouse,Farming-fishing,Husband,White,Male,3603,0,55,United-States,1,0.05060679858126021,0,4,0.6
61,Local-gov,184428,Masters,14,Married-civ-spouse,Adm-clerical,Husband,White,Male,12976,0,55,United-States,0,0.9916577607201036,1,4,0.6
25,Private,267426,HS-grad,9,Married-civ-spouse,Handlers-cleaners,Husband,White,Male,0,0,40,United-States,0,0.18853714401680668,0,4,0.6
52,Private,99307,Assoc-acdm,12,Married-civ-spouse,Sales,Husband,White,Male,3103,0,48,United-States,1,0.9765796840319013,1,4,0.6
44,,30499,Bachelors,13,Divorced,,Unmarried,White,Female,12390,0,47,United-States,0,0.9917358802508645,1,4,0.6
31,Private,376683,HS-grad,9,Never-married,Sales,Own-child,Black,Female,11699,0,50,United-States,0,0.9953063594630301,1,4,0.6
45,Private,345360,Some-college,10,Never-married,Sales,Not-in-family,White,Male,3176,0,55,United-States,0,0.05796654982804552,0,4,0.6
30,,90230,HS-grad,9,Never-married,,Own-child,White,Male,12526,0,35,United-States,0,0.9949586447047338,1,4,0.6
23,Private,162228,Bachelors,13,Never-married,Sales,Not-in-family,White,Male,0,0,48,United-States,0,0.04200786310138843,0,4,0.6
37,Private,289886,Some-college,10,Never-married,Other-service,Other-relative,Asian-Pac-Islander,Male,0,0,30,Vietnam,0,0.015303549222066717,0,4,0.6
34,State-gov,50178,Some-college,10,Married-civ-spouse,Exec-managerial,Husband,White,Male,0,0,38,United-States,0,0.6319347984769982,0,4,0.6
21,Private,188535,HS-grad,9,Never-married,Machine-op-inspct,Not-in-family,White,Male,0,0,44,United-States,0,0.011522176730297165,0,4,0.6
51,Private,271610,HS-grad,9,Married-civ-spouse,Transport-moving,Husband,White,Male,13320,0,75,United-States,1,0.9989401624222898,1,4,0.6
54,Self-emp-not-inc,93853,Some-college,10,Married-civ-spouse,Craft-repair,Husband,White,Male,8679,0,60,United-States,0,0.9986381690414845,1,4,0.6
41,Local-gov,180916,Some-college,10,Separated,Adm-clerical,Unmarried,White,Female,3611,0,53,United-States,0,0.011793380362368747,0,4,0.6
32,,377017,Assoc-acdm,12,Never-married,,Own-child,White,Male,0,0,40,United-States,0,0.04345577932455413,0,4,0.6
32,Private,58222,Some-college,10,Never-married,Handlers-cleaners,Own-child,White,Male,10827,0,35,United-States,0,0.9923597341458337,1,4,0.6
50,Private,205493,HS-grad,9,Married-civ-spouse,Exec-managerial,Wife,White,Female,6487,0,75,United-States,1,0.9870972203114086,1,4,0.6
53,State-gov,539019,Some-college,10,Never-married,Farming-fishing,Not-in-family,Black,Male,8214,0,55,United-States,0,0.9573258531663221,1,4,0.6
72,,225894,Preschool,1,Widowed,,Not-in-family,White,Female,8703,0,55,Guatemala,0,0.9455267243337228,1,4,0.6
49,Local-gov,270181,Assoc-acdm,12,Married-spouse-absent,Other-service,Unmarried,Black,Female,3820,0,65,United-States,0,0.014126502049816114,0,4,0.6
44,Self-emp-inc,233727,Bachelors,13,Married-civ-spouse,Sales,Husband,White,Male,9612,0,75,United-States,1,0.9984597929538745,1,4,0.6
30,Private,94196,HS-grad,9,Never-married,Handlers-cleaners,Own-child,White,Female,7200,0,40,United-States,0,0.4868927099258001,0,4,0.6
56,Private,172479,Bachelors,13,Married-civ-spouse,Prof-specialty,Husband,White,Male,18897,0,55,United-States,1,0.9990711438178993,1,4,0.6
74,Federal-gov,171995,10th,6,Married-civ-spouse,Handlers-cleaners,Husband,Black,Male,15735,0,55,United-States,0,0.9741607510291102,1,4,0.6
48,Private,104457,Bachelors,13,Married-spouse-absent,Machine-op-inspct,Not-in-family,Asian-Pac-Islander,Male,5674,0,55,,0,0.26141822098676176,0,4,0.6
88,Local-gov,104443,HS-grad,9,Widowed,Other-service,Not-in-family,White,Female,14922,1668,55,United-States,0,0.9895698703241979,1,4,0.6
32,Private,39615,Some-college,10,Never-married,Craft-repair,Own-child,White,Male,3613,0,55,United-States,0,0.008942146809294966,0,4,0.6
33,Self-emp-not-inc,73585,11th,7,Married-civ-spouse,Craft-repair,Husband,White,Male,0,0,50,United-States,0,0.22980587826321877,0,4,0.6
55,Private,96483,HS-grad,9,Divorced,Other-service,Own-child,Asian-Pac-Islander,Female,14082,0,55,South,0,0.9966557138787437,1,4,0.6
65,Self-emp-inc,220786,Some-college,10,Widowed,Sales,Not-in-family,White,Female,2517,0,75,United-States,0,0.011508423216571244,0,4,0.6
32,Private,100188,Some-college,10,Never-married,Tech-support,Own-child,White,Female,355,0,39,United-States,0,0.0028688058726770624,0,4,0.6
24,Private,64520,7th-8th,4,Never-married,Sales,Own-child,White,Male,0,0,40,United-States,0,0.017804459311061407,0,4,0.6
47,Private,220098,HS-grad,9,Married-civ-spouse,Other-service,Wife,White,Female,2780,0,55,United-States,1,0.033611538822974935,0,4,0.6
42,Private,115963,7th-8th,4,Never-married,Machine-op-inspct,Unmarried,White,Male,2606,0,57,United-States,0,0.01201031087723198,0,4,0.6
43,Private,72630,Bachelors,13,Never-married,Exec-managerial,Not-in-family,White,Male,27234,0,65,United-States,1,0.9987088020473472,1,4,0.6
45,State-gov,156015,Bachelors,13,Married-civ-spouse,Exec-managerial,Husband,White,Male,13614,0,55,United-States,1,0.9991587471082406,1,4,0.6
42,Private,114691,Bachelors,13,Never-married,Adm-clerical,Other-relative,White,Male,1496,0,55,United-States,0,0.008946781375074448,0,4,0.6
29,Private,193769,9th,5,Never-married,Other-service,Unmarried,White,Male,14467,0,35,United-States,0,0.9913337200922558,1,4,0.6
45,Private,184178,Assoc-acdm,12,Married-civ-spouse,Other-service,Wife,Black,Female,6052,0,50,United-States,0,0.9880208946127731,1,4,0.6
50,Private,123374,Bachelors,13,Married-civ-spouse,Prof-specialty,Husband,White,Male,0,0,50,United-States,1,0.8962811662787505,1,4,0.6
35,Private,341643,Some-college,10,Married-civ-spouse,Machine-op-inspct,Husband,White,Male,0,0,40,United-States,0,0.31342530809605373,0,4,0.6
82,,133248,HS-grad,9,Married-civ-spouse,,Husband,White,Male,6786,0,29,United-States,0,0.598934887169838,0,4,0.6
42,Private,111415,HS-grad,9,Married-civ-spouse,Other-service,Husband,White,Male,4101,0,70,Germany,0,0.050257904680036415,0,4,0.6
29,State-gov,214881,Bachelors,13,Married-civ-spouse,Prof-specialty,Husband,White,Male,0,0,40,Honduras,1,0.7621080104096281,1,4,0.6
33,Private,124407,Bachelors,13,Never-married,Prof-specialty,Not-in-family,White,Female,0,0,40,United-States,0,0.28394025010977997,0,4,0.6
38,Local-gov,173804,Bachelors,13,Divorced,Prof-specialty,Own-child,White,Female,0,0,38,United-States,0,0.1557779956183956,0,4,0.6
51,Private,107302,HS-grad,9,Married-civ-spouse,Prof-specialty,Husband,White,Male,6114,0,60,,1,0.9920343519680214,1,4,0.6
79,,137894,Bachelors,13,Widowed,,Not-in-family,White,Female,12308,0,31,United-States,1,0.995851400332803,1,4,0.6
55,Private,109015,Bachelors,13,Divorced,Exec-managerial,Not-in-family,White,Female,0,1876,40,United-States,0,0.2385417322233639,0,4,0.6
62,Private,132917,Some-college,10,Married-civ-spouse,Transport-moving,Husband,Black,Male,0,0,20,United-States,0,0.28979527827352686,0,4,0.6
25,Private,120238,Bachelors,13,Never-married,Exec-managerial,Not-in-family,White,Male,0,0,40,United-States,0,0.06859508396391523,0,4,0.6
51,Local-gov,43705,Masters,14,Married-civ-spouse,Prof-specialty,Husband,White,Male,0,0,54,United-States,1,0.8847041780421533,1,4,0.6
34,Local-gov,63338,HS-grad,9,Never-married,Adm-clerical,Own-child,White,Female,0,0,40,United-States,0,0.019599325016867303,0,4,0.6
36,Private,232328,9th,5,Divorced,Other-service,Own-child,White,Female,1801,0,50,United-States,0,0.0057037912799744,0,4,0.6
37,Private,371987,HS-grad,9,Divorced,Adm-clerical,Not-in-family,White,Female,8567,0,55,United-States,0,0.9976233517535272,1,4,0.6
53,Private,93885,Some-college,10,Divorced,Sales,Unmarried,White,Female,9573,0,63,United-States,0,0.9966972880309058,1,4,0.6
71,Private,117059,11th,7,Married-civ-spouse,Transport-moving,Husband,Amer-Indian-Eskimo,Male,9433,0,55,United-States,0,0.9684341943219602,1,4,0.6
18,Private,137363,HS-grad,9,Never-married,Adm-clerical,Own-child,White,Female,0,0,40,United-States,0,0.0012537713066277981,0,4,0.6
37,Self-emp-inc,27997,HS-grad,9,Never-married,Transport-moving,Not-in-family,White,Male,0,0,50,United-States,0,0.0996294565211762,0,4,0.6
90,Local-gov,163685,HS-grad,9,Widowed,Exec-managerial,Not-in-family,White,Female,8682,0,48,United-States,0,0.9961818311035855,1,4,0.6
56,Federal-gov,113597,Some-college,10,Married-civ-spouse,Exec-managerial,Husband,White,Male,12485,0,70,United-States,1,0.99841021967675,1,4,0.6
34,State-gov,253121,Bachelors,13,Married-civ-spouse,Prof-specialty,Husband,White,Male,0,0,40,United-States,0,0.8318025547170269,1,4,0.6
69,Self-emp-not-inc,253267,5th-6th,3,Separated,Other-service,Unmarried,White,Female,6139,0,50,Cuba,0,0.10033841057600792,0,4,0.6
24,State-gov,166851,Masters,14,Never-married,Prof-specialty,Not-in-family,White,Male,0,0,13,United-States,0,0.009633606039446949,0,4,0.6
49,Private,248919,1st-4th,2,Married-civ-spouse,Adm-clerical,Husband,White,Male,11541,0,81,Mexico,0,0.9981891702945602,1,4,0.6
45,Self-emp-not-inc,271828,Bachelors,13,Married-civ-spouse,Craft-repair,Husband,White,Male,0,0,20,United-States,0,0.34693460854712665,0,4,0.6
32,Private,145917,Some-college,10,Never-married,Adm-clerical,Own-child,White,Female,7831,0,30,United-States,0,0.7901085311770972,1,4,0.6
62,Federal-gov,107079,HS-grad,9,Married-civ-spouse,Other-service,Husband,White,Male,11399,0,55,United-States,0,0.9831821380043662,1,4,0.6
42,Private,447739,Doctorate,16,Never-married,Prof-specialty,Not-in-family,White,Male,10514,0,75,United-States,0,0.9987470442244148,1,4,0.6
49,Private,51264,Doctorate,16,Married-civ-spouse,Prof-specialty,Husband,White,Male,3688,0,99,France,1,0.11955162749728941,0,4,0.6
64,Local-gov,143533,7th-8th,4,Never-married,Other-service,Other-relative,Black,Female,3331,0,55,United-States,0,0.0021616236079729533,0,4,0.6
33,Private,403552,HS-grad,9,Never-married,Other-service,Not-in-family,Black,Male,0,0,32,United-States,0,0.009621870742014994,0,4,0.6
33,Federal-gov,201815,Some-college,10,Never-married,Adm-clerical,Own-child,Black,Female,14628,0,45,United-States,0,0.9956176087295878,1,4,0.6
40,Private,30201,Assoc-voc,11,Divorced,Handlers-cleaners,Not-in-family,White,Female,0,0,35,United-States,0,0.033053972708016986,0,4,0.6
50,Private,177487,HS-grad,9,Married-civ-spouse,Craft-repair,Husband,White,Male,0,0,40,United-States,0,0.670506045216765,1,4,0.6
53,Private,56795,Masters,14,Married-civ-spouse,Prof-specialty,Wife,White,Female,684,0,60,England,0,0.22501859644241876,0,4,0.6
81,,164102,HS-grad,9,Divorced,,Not-in-family,White,Female,4112,0,55,United-States,1,0.021426480568011313,0,4,0.6
33,Private,110677,Some-college,10,Married-civ-spouse,Other-service,Other-relative,White,Female,4587,0,45,United-States,0,0.03657610225482863,0,4,0.6
52,Private,175642,Bachelors,13,Never-married,Prof-specialty,Not-in-family,White,Female,3990,0,75,United-States,1,0.042658156929027025,0,4,0.6
33,Private,182401,10th,6,Never-married,Adm-clerical,Not-in-family,Black,Male,0,0,40,United-States,0,0.020064432174860553,0,4,0.6
70,Local-gov,215245,Bachelors,13,Never-married,Prof-specialty,Not-in-family,White,Female,2100,0,52,United-States,0,0.0410177222116741,0,4,0.6
30,State-gov,242122,HS-grad,9,Separated,Adm-clerical,Unmarried,Black,Female,0,0,40,United-States,0,0.01007642591972869,0,4,0.6
46,Private,183778,HS-grad,9,Divorced,Transport-moving,Not-in-family,White,Male,13232,0,55,United-States,0,0.9983822941121767,1,4,0.6
20,Private,353195,HS-grad,9,Never-married,Craft-repair,Not-in-family,White,Male,0,0,35,United-States,0,0.004047761012098865,0,4,0.6
68,Private,245215,Doctorate,16,Married-civ-spouse,Prof-specialty,Husband,White,Male,9644,0,65,United-States,0,0.9782482420079277,1,4,0.6
62,Local-gov,151369,HS-grad,9,Never-married,Craft-repair,Not-in-family,White,Male,0,0,40,United-States,0,0.14820116917663942,0,4,0.6
46,Private,193047,HS-grad,9,Married-civ-spouse,Exec-managerial,Husband,White,Male,0,0,40,United-States,1,0.8130774938406018,1,4,0.6
23,Private,73514,HS-grad,9,Never-married,Adm-clerical,Own-child,Asian-Pac-Islander,Female,0,0,40,Vietnam,0,0.01525697258188507,0,4,0.6
29,,165069,10th,6,Never-married,,Own-child,White,Male,13760,1721,55,United-States,0,0.9971419490542611,1,4,0.6
59,Private,145886,Some-college,10,Divorced,Other-service,Unmarried,White,Female,5052,0,55,United-States,0,0.16794376090216395,0,4,0.6
43,Private,415706,10th,6,Separated,Other-service,Unmarried,White,Female,2542,0,55,United-States,0,0.009275317651974254,0,4,0.6
50,Private,341797,Assoc-acdm,12,Married-civ-spouse,Craft-repair,Husband,White,Male,0,0,40,Canada,1,0.7161542504247943,1,4,0.6
56,Self-emp-inc,78374,Masters,14,Divorced,Exec-managerial,Unmarried,Asian-Pac-Islander,Female,3302,0,55,United-States,0,0.06887771492503912,0,4,0.6
22,,27937,Some-college,10,Never-married,,Own-child,White,Male,0,0,36,United-States,0,0.013097084554892582,0,4,0.6
32,Private,198183,Some-college,10,Divorced,Exec-managerial,Not-in-family,White,Female,0,0,38,United-States,0,0.10875381626868298,0,4,0.6
55,Local-gov,175526,Some-college,10,Married-civ-spouse,Other-service,Husband,White,Male,526,0,55,United-States,0,0.0705835410092127,0,4,0.6
51,State-gov,99156,Doctorate,16,Married-civ-spouse,Prof-specialty,Husband,White,Male,10986,0,65,United-States,1,0.9993996050727342,1,4,0.6
51,Self-emp-not-inc,131808,Some-college,10,Married-civ-spouse,Sales,Husband,White,Male,19006,0,95,United-States,1,0.9988153990010008,1,4,0.6
35,Private,64520,HS-grad,9,Never-married,Adm-clerical,Own-child,White,Male,14293,0,45,United-States,0,0.9966939342782265,1,4,0.6
32,Private,177675,HS-grad,9,Never-married,Craft-repair,Own-child,White,Male,0,0,40,United-States,0,0.0317123321309643,0,4,0.6
30,Private,159442,HS-grad,9,Separated,Adm-clerical,Not-in-family,White,Female,0,0,40,United-States,0,0.025786975342618024,0,4,0.6
36,Private,142227,Bachelors,13,Never-married,Adm-clerical,Not-in-family,White,Female,9889,0,45,United-States,0,0.9978484952800596,1,4,0.6
19,Private,93604,7th-8th,4,Never-married,Craft-repair,Own-child,White,Male,0,1602,32,United-States,0,0.0033269805317339175,0,4,0.6
42,Private,203554,Masters,14,Married-civ-spouse,Exec-managerial,Husband,White,Male,0,0,60,United-States,1,0.9333344391961813,1,4,0.6
55,Federal-gov,36314,7th-8th,4,Married-civ-spouse,Adm-clerical,Husband,White,Male,0,0,72,United-States,0,0.4443450549900273,0,4,0.6
76,Private,265661,HS-grad,9,Married-civ-spouse,Transport-moving,Husband,White,Male,4092,0,55,United-States,0,0.12121098694727497,0,4,0.6
48,Self-emp-inc,180477,Some-college,10,Married-civ-spouse,Exec-managerial,Husband,White,Male,13007,0,65,United-States,1,0.9991760222881085,1,4,0.6
71,Self-emp-not-inc,172046,7th-8th,4,Married-civ-spouse,Farming-fishing,Husband,White,Male,0,0,50,United-States,0,0.1744879706679795,0,4,0.6
33,Private,149809,HS-grad,9,Never-married,Farming-fishing,Own-child,White,Male,11115,0,39,United-States,0,0.9904556144519708,1,4,0.6
31,Private,203488,HS-grad,9,Married-civ-spouse,Handlers-cleaners,Husband,White,Male,0,0,40,United-States,0,0.3148903615620025,0,4,0.6
62,Private,548361,Bachelors,13,Married-civ-spouse,Tech-support,Husband,White,Male,4021,0,35,United-States,1,0.13521565339321448,0,4,0.6
24,Private,187115,Bachelors,13,Never-married,Prof-specialty,Own-child,White,Female,0,0,20,United-States,0,0.014642374662474623,0,4,0.6
37,Private,260093,HS-grad,9,Never-married,Adm-clerical,Unmarried,Black,Female,0,0,40,United-States,0,0.013666758164945473,0,4,0.6
59,Federal-gov,48102,Masters,14,Never-married,Prof-specialty,Not-in-family,White,Female,0,0,40,,1,0.5514135926946292,0,4,0.6
45,Private,295649,HS-grad,9,Separated,Other-service,Unmarried,White,Female,2343,0,55,China,0,0.013326563780042265,0,4,0.6
61,Private,281647,Bachelors,13,Married-civ-spouse,Sales,Husband,White,Male,11816,0,60,United-States,1,0.9941946049667305,1,4,0.6
58,,162034,Some-college,10,Divorced,,Not-in-family,White,Male,1767,0,55,United-States,0,0.0321188426882266,0,4,0.6
21,Private,63899,11th,7,Never-married,Adm-clerical,Other-relative,White,Female,0,0,40,United-States,0,0.0036627185703614657,0,4,0.6
32,Private,154781,HS-grad,9,Never-married,Adm-clerical,Not-in-family,White,Female,12543,0,55,United-States,0,0.9980583996531693,1,4,0.6
48,Private,119199,Bachelors,13,Divorced,Sales,Unmarried,White,Female,0,0,44,United-States,0,0.3956373606582207,0,4,0.6
29,Private,158704,10th,6,Never-married,Sales,Own-child,White,Male,237,0,35,United-States,0,0.002840386916156469,0,4,0.6
51,Private,204447,Some-college,10,Married-civ-spouse,Prof-specialty,Husband,White,Male,0,0,45,United-States,1,0.8292307085096196,1,4,0.6
34,Private,177125,Some-college,10,Never-married,Adm-clerical,Not-in-family,White,Male,259,0,65,United-States,0,0.018434705544962314,0,4,0.6
59,Private,274200,11th,7,Married-civ-spouse,Craft-repair,Husband,White,Male,9265,0,55,United-States,1,0.9980658778201157,1,4,0.6
36,Private,135162,HS-grad,9,Never-married,Sales,Own-child,White,Male,0,0,45,,0,0.17484356007950996,0,4,0.6
47,Private,216256,Assoc-voc,11,Never-married,Other-service,Not-in-family,White,Male,5573,0,75,United-States,0,0.3631956598680061,0,4,0.6
62,Private,116812,Some-college,10,Divorced,Adm-clerical,Not-in-family,White,Female,0,0,40,United-States,0,0.05621749062706112,0,4,0.6
24,Private,199915,Bachelors,13,Never-married,Sales,Own-child,White,Female,0,0,35,United-States,0,0.019106389485623952,0,4,0.6
62,Private,101375,10th,6,Divorced,Machine-op-inspct,Not-in-family,White,Female,0,0,40,United-States,0,0.020085351278431682,0,4,0.6
36,Private,130589,Some-college,10,Divorced,Exec-managerial,Not-in-family,White,Male,0,0,45,United-States,0,0.34384523715576953,0,4,0.6
26,Federal-gov,169101,Some-college,10,Never-married,Tech-support,Own-child,White,Female,0,0,40,United-States,0,0.026353245704887812,0,4,0.6
39,State-gov,176949,Assoc-acdm,12,Married-civ-spouse,Protective-serv,Husband,White,Male,0,0,52,United-States,0,0.7338693225287789,1,4,0.6
64,Private,167794,Doctorate,16,Married-civ-spouse,Exec-managerial,Husband,White,Male,6615,0,53,United-States,1,0.9709384285097284,1,4,0.6
44,State-gov,181119,Bachelors,13,Separated,Prof-specialty,Not-in-family,White,Female,5836,0,55,United-States,0,0.3749061394496207,0,4,0.6
33,Private,389932,HS-grad,9,Divorced,Transport-moving,Not-in-family,Black,Male,0,0,55,United-States,0,0.11214870933737293,0,4,0.6
67,Private,377061,Bachelors,13,Married-civ-spouse,Protective-serv,Husband,White,Male,4519,0,55,United-States,1,0.17748323920888678,0,4,0.6
32,Private,74631,Some-college,10,Never-married,Sales,Not-in-family,White,Female,14918,0,65,United-States,0,0.9984686173952247,1,4,0.6
51,Private,117381,HS-grad,9,Never-married,Tech-support,Not-in-family,White,Male,4715,0,77,England,0,0.9352742395334543,1,4,0.6
63,Local-gov,26832,HS-grad,9,Married-civ-spouse,Craft-repair,Husband,White,Male,13133,0,55,United-States,1,0.9781254826658058,1,4,0.6
54,Federal-gov,122215,HS-grad,9,Married-civ-spouse,Craft-repair,Husband,White,Male,11191,0,63,United-States,1,0.9988099847312977,1,4,0.6
39,Self-emp-not-inc,179488,HS-grad,9,Married-civ-spouse,Exec-managerial,Husband,White,Male,0,0,50,United-States,0,0.5819330692935921,0,4,0.6
50,State-gov,314052,HS-grad,9,Divorced,Adm-clerical,Not-in-family,White,Female,2883,0,53,United-States,0,0.008017118968781423,0,4,0.6
32,Private,204641,Some-college,10,Never-married,Other-service,Own-child,White,Male,8986,0,55,United-States,0,0.9955619065956501,1,4,0.6
46,Local-gov,167999,HS-grad,9,Divorced,Adm-clerical,Unmarried,White,Female,4491,0,48,United-States,0,0.04291317496895051,0,4,0.6
59,Private,198435,HS-grad,9,Married-civ-spouse,Craft-repair,Husband,White,Male,0,0,50,United-States,0,0.7248124070070754,1,4,0.6
62,Private,50178,HS-grad,9,Married-civ-spouse,Tech-support,Husband,White,Male,5105,0,55,United-States,1,0.7829595880821962,1,4,0.6
70,Private,238438,Some-college,10,Married-civ-spouse,Prof-specialty,Husband,White,Male,4134,0,57,United-States,0,0.1808537482289642,0,4,0.6
63,Private,302146,11th,7,Never-married,Other-service,Not-in-family,Black,Female,463,0,55,United-States,0,0.00405747310946739,0,4,0.6
27,Private,136448,Bachelors,13,Never-married,Adm-clerical,Not-in-family,Black,Female,0,0,40,United-States,0,0.02408427938752974,0,4,0.6
55,Self-emp-not-inc,174295,11th,7,Married-civ-spouse,Other-service,Husband,White,Male,11992,0,55,United-States,0,0.9990010246314507,1,4,0.6
76,Local-gov,266080,HS-grad,9,Divorced,Adm-clerical,Not-in-family,White,Female,119,0,50,United-States,0,0.01967106557715619,0,4,0.6
33,State-gov,196827,Assoc-acdm,12,Never-married,Tech-support,Own-child,White,Male,6218,0,25,United-States,0,0.03480966140906506,0,4,0.6
40,Private,115677,Some-college,10,Married-civ-spouse,Machine-op-inspct,Husband,White,Male,1335,1902,55,United-States,1,0.7621507677672615,1,4,0.6
89,Self-emp-not-inc,145329,HS-grad,9,Never-married,Machine-op-inspct,Not-in-family,White,Male,12017,0,35,United-States,0,0.9957922424842625,1,4,0.6
60,Private,199085,10th,6,Married-civ-spouse,Machine-op-inspct,Husband,White,Male,0,0,40,United-States,0,0.28386782350084644,0,4,0.6
35,Private,182189,Masters,14,Married-civ-spouse,Prof-specialty,Husband,White,Male,0,0,50,United-States,0,0.8726165138737083,1,4,0.6
48,Private,398931,HS-grad,9,Divorced,Craft-repair,Not-in-family,White,Male,12439,0,55,United-States,0,0.9985740445548407,1,4,0.6
44,Private,103860,Bachelors,13,Married-civ-spouse,Exec-managerial,Husband,White,Male,4342,0,65,United-States,1,0.9561505576611534,1,4,0.6
21,Private,25265,Assoc-voc,11,Never-married,Machine-op-inspct,Not-in-family,White,Male,0,0,30,United-States,0,0.03737985894671145,0,4,0.6
65,Private,346754,Some-college,10,Married-civ-spouse,Exec-managerial,Wife,White,Female,10219,0,55,United-States,1,0.8672247863063887,1,4,0.6
24,Self-emp-inc,242138,Bachelors,13,Never-married,Sales,Own-child,White,Female,0,0,20,United-States,0,0.006339944594416788,0,4,0.6
43,Federal-gov,195897,HS-grad,9,Married-civ-spouse,Farming-fishing,Husband,White,Male,7298,0,40,United-States,1,0.9932195126914188,1,4,0.6
77,,160654,HS-grad,9,Married-civ-spouse,,Husband,White,Male,13244,0,35,United-States,0,0.981580455219727,1,4,0.6
40,Private,268726,HS-grad,9,Married-civ-spouse,Craft-repair,Husband,White,Male,8122,0,61,United-States,0,0.9984056509489314,1,4,0.6
54,Private,227466,HS-grad,9,Never-married,Other-service,Other-relative,Black,Male,8065,0,55,United-States,0,0.9769430616118117,1,4,0.6
31,Private,162623,HS-grad,9,Married-civ-spouse,Adm-clerical,Wife,White,Female,0,0,40,United-States,0,0.6091745243136824,0,4,0.6
33,Private,229826,Some-college,10,Married-civ-spouse,Machine-op-inspct,Husband,White,Male,13223,0,35,United-States,0,0.998675997530099,1,4,0.6
77,Private,155261,HS-grad,9,Married-civ-spouse,Exec-managerial,Husband,White,Male,12418,0,55,United-States,1,0.9893562477232971,1,4,0.6
58,Private,261688,HS-grad,9,Divorced,Craft-repair,Not-in-family,White,Male,9757,0,55,United-States,0,0.9974811543614743,1,4,0.6
34,Private,50163,9th,5,Never-married,Transport-moving,Own-child,White,Male,2302,0,55,United-States,0,0.011235344064253607,0,4,0.6
39,Private,321456,Some-college,10,Never-married,Other-service,Own-child,White,Male,13828,0,25,Germany,0,0.9924441334328191,1,4,0.6
38,Private,202203,5th-6th,3,Never-married,Adm-clerical,Own-child,White,Female,7846,0,55,Mexico,0,0.7641846448943022,1,4,0.6
34,Private,109039,HS-grad,9,Never-married,Exec-managerial,Not-in-family,White,Female,3231,0,70,United-States,0,0.008883738613720047,0,4,0.6
61,Private,230796,HS-grad,9,Divorced,Other-service,Not-in-family,White,Female,1778,0,55,United-States,0,0.009895745754266052,0,4,0.6
18,,209735,Some-college,10,Never-married,,Own-child,White,Female,0,0,30,United-States,0,0.0013282358983716749,0,4,0.6
51,Private,202937,Masters,14,Never-married,Prof-specialty,Not-in-family,White,Female,6638,0,55,United-States,1,0.3376825862212531,0,4,0.6
68,Private,67791,Some-college,10,Widowed,Sales,Not-in-family,White,Male,0,0,40,United-States,0,0.49505741135385806,0,4,0.6
30,,195981,HS-grad,9,Widowed,,Own-child,White,Male,1673,0,55,United-States,0,0.004144841639825637,0,4,0.6
27,Private,179915,Bachelors,13,Never-married,Exec-managerial,Own-child,White,Female,0,0,99,United-States,0,0.22797403006826436,0,4,0.6
45,Private,578701,Bachelors,13,Married-civ-spouse,Exec-managerial,Husband,Black,Male,11895,0,55,,0,0.998488879312025,1,4,0.6
27,Self-emp-not-inc,210020,HS-grad,9,Married-civ-spouse,Machine-op-inspct,Own-child,White,Male,0,0,40,United-States,0,0.1195177323026412,0,4,0.6
58,Self-emp-not-inc,93664,HS-grad,9,Married-civ-spouse,Exec-managerial,Husband,White,Male,15024,0,60,United-States,1,0.9988300606769155,1,4,0.6
82,,187972,HS-grad,9,Married-civ-spouse,,Husband,White,Male,9354,0,55,United-States,0,0.9770709110544971,1,4,0.6
47,Private,133839,HS-grad,9,Married-civ-spouse,Craft-repair,Husband,White,Male,12181,0,75,United-States,1,0.9990210392310439,1,4,0.6
35,Self-emp-not-inc,147258,Assoc-voc,11,Never-married,Farming-fishing,Own-child,White,Male,0,0,65,United-States,0,0.07669354856203957,0,4,0.6
58,Private,117310,HS-grad,9,Separated,Sales,Not-in-family,White,Female,4341,0,51,United-States,0,0.23687490504654335,0,4,0.6
50,Private,171150,7th-8th,4,Married-civ-spouse,Craft-repair,Husband,White,Male,9966,0,93,United-States,0,0.9979280817577141,1,4,0.6
26,Private,259585,Some-college,10,Never-married,Sales,Not-in-family,White,Male,0,0,24,United-States,0,0.013219963239824311,0,4,0.6
30,Private,203488,HS-grad,9,Never-married,Craft-repair,Own-child,White,Male,0,0,50,United-States,0,0.07115550212125996,0,4,0.6
76,,286732,7th-8th,4,Widowed,,Not-in-family,White,Female,5927,0,55,United-States,0,0.2369250967959126,0,4,0.6
46,Private,111567,Some-college,10,Never-married,Exec-managerial,Not-in-family,White,Male,5609,0,55,United-States,1,0.42491274073255864,0,4,0.6
68,Self-emp-inc,105582,Some-college,10,Married-civ-spouse,Exec-managerial,Husband,White,Male,13394,0,65,United-States,1,0.9913510054270757,1,4,0.6
40,Local-gov,42703,Some-college,10,Married-civ-spouse,Adm-clerical,Wife,White,Female,0,0,40,United-States,1,0.7091124957335154,1,4,0.6
53,Private,170685,Some-college,10,Divorced,Sales,Unmarried,White,Male,11256,0,61,United-States,0,0.9981526079717408,1,4,0.6
35,Private,27073,Some-college,10,Never-married,Adm-clerical,Unmarried,Other,Female,9426,0,55,United-States,0,0.9787186662275887,1,4,0.6
45,Private,79923,Masters,14,Married-civ-spouse,Prof-specialty,Husband,White,Male,11276,0,60,United-States,1,0.9990225877624953,1,4,0.6
28,Private,411950,HS-grad,9,Divorced,Adm-clerical,Not-in-family,White,Male,0,0,40,United-States,0,0.08363749640202835,0,4,0.6
17,Private,202344,10th,6,Never-married,Other-service,Own-child,White,Male,0,0,25,United-States,0,0.0009380386568403605,0,4,0.6
59,Private,464945,HS-grad,9,Never-married,Transport-moving,Not-in-family,White,Male,7845,0,60,United-States,0,0.9663380449458631,1,4,0.6
46,Self-emp-not-inc,328216,Prof-school,15,Married-civ-spouse,Prof-specialty,Husband,White,Male,0,0,45,United-States,1,0.9363842949707605,1,4,0.6
72,Private,389254,HS-grad,9,Married-civ-spouse,Sales,Husband,White,Male,2316,0,55,United-States,1,0.07642548021371667,0,4,0.6
52,Private,77975,Some-college,10,Married-civ-spouse,Exec-managerial,Husband,White,Male,3530,0,55,United-States,0,0.174768462749211,0,4,0.6
34,Private,325033,12th,8,Never-married,Protective-serv,Own-child,Black,Male,7969,0,50,United-States,0,0.9315748337737638,1,4,0.6
34,Private,122272,Bachelors,13,Never-married,Adm-clerical,Own-child,White,Female,5563,0,50,United-States,0,0.15438747479630993,0,4,0.6
45,Local-gov,152351,Some-college,10,Married-civ-spouse,Protective-serv,Husband,White,Male,9938,0,55,United-States,0,0.9989056618372516,1,4,0.6
47,Private,54595,12th,8,Never-married,Sales,Not-in-family,Black,Female,3794,0,55,United-States,0,0.008200813125890487,0,4,0.6
49,Private,236328,10th,6,Married-civ-spouse,Craft-repair,Husband,White,Male,7896,0,63,United-States,0,0.9983156838126874,1,4,0.6
30,Private,143450,Some-college,10,Never-married,Handlers-cleaners,Own-child,Black,Male,12408,0,35,United-States,0,0.9909056635960792,1,4,0.6
69,Local-gov,130532,Bachelors,13,Widowed,Prof-specialty,Not-in-family,White,Female,6502,0,50,United-States,0,0.25118865041664334,0,4,0.6
77,Private,136384,Masters,14,Married-civ-spouse,Prof-specialty,Husband,White,Male,2404,0,65,United-States,1,0.2318289854077824,0,4,0.6
70,,207627,HS-grad,9,Married-civ-spouse,,Husband,White,Male,2228,0,24,United-States,0,0.011541385772688352,0,4,0.6
41,Private,359155,HS-grad,9,Separated,Transport-moving,Unmarried,White,Female,4953,0,45,United-States,0,0.5744615273761102,0,4,0.6
36,Private,236696,Some-college,10,Never-married,Other-service,Not-in-family,White,Male,8452,0,45,United-States,0,0.9976792718702917,1,4,0.6
59,Self-emp-not-inc,39398,HS-grad,9,Married-civ-spouse,Sales,Wife,White,Female,0,0,42,United-States,0,0.5115630253623056,0,4,0.6
40,State-gov,106721,Masters,14,Married-civ-spouse,Prof-specialty,Husband,White,Male,6582,0,55,,0,0.9862673055085739,1,4,0.6
41,Private,31221,HS-grad,9,Divorced,Other-service,Unmarried,White,Female,0,0,30,United-States,0,0.015744253913613136,0,4,0.6
46,Private,144949,HS-grad,9,Divorced,Handlers-cleaners,Own-child,White,Male,12557,0,50,United-States,0,0.9971583378332394,1,4,0.6
28,Private,65078,HS-grad,9,Married-civ-spouse,Craft-repair,Husband,White,Male,0,0,40,United-States,1,0.3203435285893469,0,4,0.6
68,Self-emp-not-inc,385632,7th-8th,4,Divorced,Other-service,Unmarried,White,Female,11098,0,55,United-States,0,0.9960093563654775,1,4,0.6
34,Private,146352,HS-grad,9,Never-married,Sales,Unmarried,White,Female,11245,0,75,United-States,0,0.9920733210426659,1,4,0.6
58,Private,191357,Bachelors,13,Married-civ-spouse,Tech-support,Husband,White,Male,8448,0,55,United-States,0,0.9986681659477071,1,4,0.6
22,Private,164775,9th,5,Never-married,Machine-op-inspct,Unmarried,White,Male,0,0,40,Guatemala,0,0.009075293512836206,0,4,0.6
43,Private,363130,Some-college,10,Married-civ-spouse,Exec-managerial,Husband,Black,Male,3837,0,55,United-States,1,0.17955130317893947,0,4,0.6
32,Private,299635,Some-college,10,Married-civ-spouse,Exec-managerial,Husband,White,Male,0,0,50,Germany,0,0.7886803226390754,1,4,0.6
26,Private,211596,HS-grad,9,Divorced,Craft-repair,Not-in-family,White,Male,0,0,40,United-States,0,0.053242510074835894,0,4,0.6
34,Private,220840,5th-6th,3,Married-civ-spouse,Farming-fishing,Husband,White,Male,0,0,40,Mexico,0,0.03653731590032633,0,4,0.6
35,Private,275244,HS-grad,9,Never-married,Machine-op-inspct,Not-in-family,Black,Male,11799,0,50,United-States,0,0.9970628807452513,1,4,0.6
40,Local-gov,197012,Bachelors,13,Divorced,Tech-support,Not-in-family,White,Female,8614,0,40,England,1,0.9968008976414067,1,4,0.6
42,Private,66278,HS-grad,9,Never-married,Adm-clerical,Not-in-family,White,Female,9588,0,55,United-States,0,0.9974085097318748,1,4,0.6
66,,299616,Some-college,10,Married-civ-spouse,,Husband,White,Male,0,0,40,United-States,0,0.5389982904388387,0,4,0.6
38,Private,207568,Bachelors,13,Married-civ-spouse,Exec-managerial,Husband,White,Male,5178,0,40,United-States,1,0.9922208005598533,1,4,0.6
73,Private,190955,Bachelors,13,Married-civ-spouse,Exec-managerial,Husband,White,Male,11928,0,55,United-States,1,0.9962437257816148,1,4,0.6
49,Self-emp-not-inc,35330,HS-grad,9,Married-civ-spouse,Other-service,Husband,White,Male,7023,0,57,United-States,0,0.9320740498662056,1,4,0.6
53,Private,355918,Some-college,10,Married-civ-spouse,Transport-moving,Husband,White,Male,3968,0,80,United-States,1,0.13086960659146826,0,4,0.6
51,Federal-gov,97934,Bachelors,13,Married-civ-spouse,Farming-fishing,Husband,White,Male,5178,0,40,United-States,1,0.973709041718397,1,4,0.6
40,Private,408717,HS-grad,9,Married-civ-spouse,Craft-repair,Husband,White,Male,0,0,40,United-States,1,0.6737443575968826,1,4,0.6
38,Self-emp-not-inc,195636,10th,6,Never-married,Exec-managerial,Not-in-family,White,Male,7783,0,90,United-States,1,0.8892799245977593,1,4,0.6
48,Private,301614,HS-grad,9,Married-civ-spouse,Craft-repair,Husband,White,Male,4624,0,55,United-States,0,0.19379232338146155,0,4,0.6
39,Private,198286,Some-college,10,Married-spouse-absent,Exec-managerial,Not-in-family,White,Female,14409,0,55,United-States,0,0.9984543347975063,1,4,0.6
73,Private,172037,HS-grad,9,Married-civ-spouse,Other-service,Husband,White,Male,2951,0,55,United-States,0,0.03159607959645633,0,4,0.6
26,Private,78172,Some-college,10,Married-AF-spouse,Protective-serv,Husband,White,Male,0,0,40,United-States,0,0.40475389704805487,0,4,0.6
61,Private,43206,Prof-school,15,Never-married,Prof-specialty,Not-in-family,White,Female,7986,0,70,United-States,1,0.8562262429215449,1,4,0.6
39,Private,111268,Bachelors,13,Never-married,Adm-clerical,Own-child,White,Female,0,0,40,United-States,0,0.06961169665100356,0,4,0.6
69,Private,165017,HS-grad,9,Widowed,Machine-op-inspct,Unmarried,White,Male,2538,0,40,United-States,0,0.017808417279378506,0,4,0.6
46,Private,27494,HS-grad,9,Divorced,Craft-repair,Not-in-family,Amer-Indian-Eskimo,Male,11948,0,63,United-States,1,0.9976883956349645,1,4,0.6
21,Private,27255,Some-college,10,Never-married,Adm-clerical,Own-child,White,Male,0,0,40,,0,0.01650450766524937,0,4,0.6
36,Private,300584,Some-college,10,Married-civ-spouse,Craft-repair,Husband,White,Male,11200,0,60,United-States,0,0.9990500847250932,1,4,0.6
30,Private,127875,11th,7,Never-married,Sales,Unmarried,White,Female,0,0,8,United-States,0,0.01107093573193284,0,4,0.6
42,Private,189439,HS-grad,9,Married-spouse-absent,Other-service,Unmarried,Black,Female,216,0,53,United-States,0,0.012507569159913095,0,4,0.6
41,Federal-gov,192589,Bachelors,13,Married-civ-spouse,Adm-clerical,Husband,White,Male,0,0,40,United-States,0,0.8714810177855371,1,4,0.6
31,Private,466458,Some-college,10,Never-married,Adm-clerical,Own-child,White,Female,1275,0,35,United-States,0,0.0029118452348350634,0,4,0.6
45,Private,142889,HS-grad,9,Divorced,Craft-repair,Unmarried,White,Male,0,0,44,United-States,0,0.30046303616694797,0,4,0.6
59,Private,144962,HS-grad,9,Widowed,Machine-op-inspct,Not-in-family,White,Female,0,0,40,United-States,0,0.029729961743885393,0,4,0.6
58,State-gov,238648,HS-grad,9,Married-civ-spouse,Other-service,Husband,Black,Male,21675,0,55,United-States,1,0.9991876181078134,1,4,0.6
71,Private,116637,HS-grad,9,Married-civ-spouse,Craft-repair,Husband,White,Male,6618,0,55,United-States,0,0.8794703787356646,1,4,0.6
30,Private,206923,Assoc-acdm,12,Married-civ-spouse,Exec-managerial,Wife,Other,Female,0,1977,40,United-States,1,0.9847546506183501,1,4,0.6
52,Private,244945,HS-grad,9,Married-civ-spouse,Craft-repair,Husband,White,Male,13420,0,55,United-States,0,0.99903699236689,1,4,0.6
42,Private,387521,Bachelors,13,Married-civ-spouse,Exec-managerial,Husband,White,Male,16904,0,55,United-States,1,0.9992669536244271,1,4,0.6
52,,161285,Some-college,10,Married-civ-spouse,,Wife,White,Female,11951,0,40,United-States,0,0.9990178215593478,1,4,0.6
29,Private,394927,Assoc-voc,11,Married-civ-spouse,Other-service,Husband,White,Male,0,0,40,,0,0.48945892478842074,0,4,0.6
23,State-gov,251325,Some-college,10,Never-married,Sales,Not-in-family,Asian-Pac-Islander,Female,0,0,8,,0,0.015283831718577919,0,4,0.6
35,Private,227594,12th,8,Never-married,Machine-op-inspct,Own-child,White,Female,8465,0,55,United-States,0,0.994126454151677,1,4,0.6
46,Private,344073,HS-grad,9,Separated,Adm-clerical,Not-in-family,White,Male,1069,0,55,United-States,1,0.03299697964877523,0,4,0.6
63,Private,102828,Assoc-voc,11,Married-civ-spouse,Handlers-cleaners,Husband,White,Male,14842,0,55,Greece,0,0.9929037736683841,1,4,0.6
56,Private,351262,Some-college,10,Married-civ-spouse,Craft-repair,Husband,Black,Male,9202,0,53,United-States,1,0.9984913087829778,1,4,0.6
67,Private,160631,HS-grad,9,Married-civ-spouse,Machine-op-inspct,Husband,White,Male,10651,0,23,Yugoslavia,0,0.9703066442134778,1,4,0.6
34,Private,137320,HS-grad,9,Never-married,Craft-repair,Not-in-family,Black,Male,14801,0,55,United-States,0,0.9977336241399014,1,4,0.6
59,,147989,HS-grad,9,Widowed,,Not-in-family,White,Female,0,0,35,United-States,0,0.050397406391375625,0,4,0.6
37,Private,266820,Preschool,1,Never-married,Farming-fishing,Not-in-family,White,Male,3164,0,50,Mexico,0,0.0034554718318562023,0,4,0.6
67,Self-emp-not-inc,79011,HS-grad,9,Married-civ-spouse,Farming-fishing,Husband,Asian-Pac-Islander,Male,10085,0,85,United-States,0,0.8815654008880021,1,4,0.6
61,Private,28171,Masters,14,Married-civ-spouse,Protective-serv,Husband,White,Male,18719,0,93,United-States,1,0.9890924496565036,1,4,0.6
17,Private,67444,11th,7,Never-married,Other-service,Other-relative,Black,Male,0,0,20,United-States,0,0.0005828268805361794,0,4,0.6
31,Private,331556,10th,6,Never-married,Other-service,Not-in-family,White,Female,3176,0,55,United-States,0,0.002649013438878252,0,4,0.6
40,Private,115438,Bachelors,13,Never-married,Adm-clerical,Own-child,White,Male,919,0,55,United-States,0,0.020705795414977562,0,4,0.6
26,Private,63234,Bachelors,13,Married-civ-spouse,Tech-support,Wife,White,Female,4508,0,12,United-States,0,0.14576973748396557,0,4,0.6
17,,198797,11th,7,Never-married,,Own-child,White,Male,0,0,20,Peru,0,0.0008694542983593834,0,4,0.6
52,Private,192259,Masters,14,Never-married,Prof-specialty,Not-in-family,White,Male,4425,0,50,United-States,0,0.1350919771755257,0,4,0.6
25,Private,167835,Bachelors,13,Never-married,Exec-managerial,Not-in-family,White,Female,3325,0,40,United-States,0,0.00866893148198641,0,4,0.6
50,Private,159179,Some-college,10,Married-civ-spouse,Exec-managerial,Husband,White,Male,3528,1902,65,United-States,1,0.787015290774054,1,4,0.6
34,Private,112130,HS-grad,9,Never-married,Other-service,Not-in-family,Black,Female,6050,0,55,United-States,0,0.030187493378597087,0,4,0.6
39,Private,85625,HS-grad,9,Never-married,Other-service,Own-child,White,Male,6599,0,37,United-States,0,0.05352401061188645,0,4,0.6
33,Private,319163,Some-college,10,Never-married,Transport-moving,Own-child,Black,Male,2927,0,55,United-States,0,0.007836359915290482,0,4,0.6
50,State-gov,136216,HS-grad,9,Widowed,Other-service,Not-in-family,White,Female,0,0,37,United-States,0,0.0705217727717604,0,4,0.6
53,Self-emp-not-inc,138077,Masters,14,Married-civ-spouse,Exec-managerial,Wife,White,Female,885,0,25,United-States,1,0.2940229282600439,0,4,0.6
50,Private,22211,Masters,14,Married-civ-spouse,Prof-specialty,Husband,White,Male,7688,0,50,United-States,1,0.9986502365086483,1,4,0.6
46,Private,128016,HS-grad,9,Never-married,Tech-support,Other-relative,White,Female,9124,0,55,United-States,0,0.9970002471990409,1,4,0.6
61,Private,123681,Masters,14,Married-civ-spouse,Prof-specialty,Husband,White,Male,3946,0,58,United-States,1,0.15522456066530857,0,4,0.6
73,Private,176839,HS-grad,9,Married-civ-spouse,Machine-op-inspct,Husband,White,Male,11048,0,55,United-States,0,0.9742799169797298,1,4,0.6
55,Private,176012,9th,5,Married-civ-spouse,Tech-support,Wife,White,Female,0,0,23,United-States,0,0.2862344385695943,0,4,0.6
39,Private,176683,Assoc-voc,11,Married-civ-spouse,Other-service,Husband,White,Male,11178,0,75,United-States,0,0.9990146125233593,1,4,0.6
53,Federal-gov,185616,HS-grad,9,Never-married,Adm-clerical,Not-in-family,White,Female,1484,1980,55,United-States,0,0.0031844831864895192,0,4,0.6
28,Self-emp-inc,114053,Some-college,10,Never-married,Exec-managerial,Not-in-family,White,Male,0,0,30,United-States,0,0.04848517562409347,0,4,0.6
63,Local-gov,174861,Some-college,10,Married-civ-spouse,Protective-serv,Husband,White,Male,9150,0,55,United-States,1,0.9868302363240073,1,4,0.6
50,State-gov,322840,Assoc-voc,11,Married-civ-spouse,Protective-serv,Husband,White,Male,0,0,40,Poland,1,0.6711331703567717,1,4,0.6
64,Private,145409,HS-grad,9,Married-civ-spouse,Craft-repair,Husband,White,Male,2835,0,55,United-States,0,0.09717160467037311,0,4,0.6
46,Private,270488,Bachelors,13,Never-married,Prof-specialty,Own-child,White,Female,3575,0,55,United-States,0,0.027581440081103487,0,4,0.6
50,Private,111499,Prof-school,15,Never-married,Prof-specialty,Not-in-family,White,Female,12511,0,65,United-States,1,0.9989968194428701,1,4,0.6
64,Private,218550,Some-college,10,Married-spouse-absent,Adm-clerical,Not-in-family,White,Female,28004,0,31,United-States,1,0.9959970467568849,1,4,0.6
65,Private,208321,HS-grad,9,Married-civ-spouse,Other-service,Husband,Black,Male,1217,1740,55,United-States,0,0.0023571752614393086,0,4,0.6
61,Private,149949,HS-grad,9,Divorced,Craft-repair,Not-in-family,White,Male,3970,1876,55,United-States,0,0.011430198434598941,0,4,0.6
46,Private,301251,Bachelors,13,Married-civ-spouse,Sales,Husband,White,Male,11475,0,65,United-States,1,0.9991432499512382,1,4,0.6
30,Private,140612,HS-grad,9,Married-civ-spouse,Craft-repair,Husband,White,Male,0,2051,40,United-States,0,0.015646044483761862,0,4,0.6
46,Local-gov,174361,Masters,14,Married-civ-spouse,Prof-specialty,Husband,White,Male,0,0,40,United-States,1,0.9054210535196132,1,4,0.6
53,Self-emp-not-inc,344329,HS-grad,9,Married-civ-spouse,Other-service,Husband,White,Male,13648,0,25,United-States,0,0.9987762567309408,1,4,0.6
51,Private,144638,Masters,14,Divorced,Prof-specialty,Not-in-family,White,Female,10573,0,60,United-States,1,0.9944612598763534,1,4,0.6
29,Private,297544,HS-grad,9,Married-civ-spouse,Craft-repair,Husband,White,Male,0,0,40,United-States,0,0.31933957546070296,0,4,0.6
28,Local-gov,86615,HS-grad,9,Never-married,Other-service,Own-child,Black,Male,0,0,30,United-States,0,0.008396462723340352,0,4,0.6
41,Private,77322,HS-grad,9,Never-married,Other-service,Not-in-family,White,Female,13697,0,47,United-States,0,0.9980202444134879,1,4,0.6
27,Private,215504,Bachelors,13,Married-civ-spouse,Sales,Husband,White,Male,0,1848,55,United-States,1,0.9848803183653757,1,4,0.6
64,Local-gov,186117,HS-grad,9,Married-civ-spouse,Protective-serv,Husband,White,Male,13222,0,71,United-States,1,0.9795699688711826,1,4,0.6
22,Private,250647,Some-college,10,Never-married,Adm-clerical,Own-child,White,Male,0,0,12,United-States,0,0.004639436905705913,0,4,0.6
32,Private,247564,HS-grad,9,Never-married,Handlers-cleaners,Own-child,White,Male,11636,0,50,United-States,0,0.9942479974852074,1,4,0.6
47,Private,333636,HS-grad,9,Married-civ-spouse,Exec-managerial,Husband,Black,Male,5412,0,65,,1,0.9901853869617183,1,4,0.6
19,Private,348867,HS-grad,9,Never-married,Sales,Other-relative,Black,Female,0,0,15,United-States,0,0.0005079507412597314,0,4,0.6
40,Local-gov,172270,Some-college,10,Divorced,Adm-clerical,Unmarried,White,Female,3685,0,60,United-States,0,0.008306072867834444,0,4,0.6
79,Self-emp-inc,116517,Bachelors,13,Widowed,Other-service,Unmarried,White,Female,7072,0,50,United-States,0,0.9429700214181748,1,4,0.6
60,Private,313925,Assoc-acdm,12,Married-civ-spouse,Prof-specialty,Wife,White,Female,10914,0,45,United-States,1,0.9988810122216052,1,4,0.6
59,Self-emp-not-inc,275236,11th,7,Married-civ-spouse,Sales,Husband,White,Male,0,0,70,United-States,1,0.450313943605365,0,4,0.6
19,Private,32477,Some-college,10,Never-married,Other-service,Own-child,White,Male,0,0,20,United-States,0,0.0007834680273120824,0,4,0.6
37,Private,262617,Bachelors,13,Married-civ-spouse,Adm-clerical,Husband,White,Male,11712,0,70,United-States,1,0.9988346516508869,1,4,0.6
48,Private,218948,9th,5,Separated,Other-service,Unmarried,Black,Female,6245,0,55,,0,0.07840268445206738,0,4,0.6
30,Private,34125,11th,7,Never-married,Other-service,Own-child,White,Female,3369,0,25,United-States,0,0.0008477637529363241,0,4,0.6
35,Private,474136,HS-grad,9,Never-married,Craft-repair,Not-in-family,White,Male,0,1408,40,United-States,0,0.014162665158765247,0,4,0.6
43,Private,235389,7th-8th,4,Never-married,Handlers-cleaners,Not-in-family,White,Female,5802,0,45,Portugal,0,0.06445053484331437,0,4,0.6
33,Private,286675,11th,7,Married-civ-spouse,Craft-repair,Husband,White,Male,0,0,40,United-States,0,0.1852089775301221,0,4,0.6
47,Federal-gov,192894,HS-grad,9,Married-civ-spouse,Transport-moving,Husband,Black,Male,0,0,50,United-States,1,0.8363829709669176,1,4,0.6
31,Private,223669,11th,7,Never-married,Other-service,Own-child,White,Male,10492,0,35,United-States,0,0.9910365128356028,1,4,0.6
42,Local-gov,352542,Bachelors,13,Divorced,Prof-specialty,Unmarried,White,Female,12927,0,55,United-States,0,0.9939506460804265,1,4,0.6
65,Self-emp-inc,190762,HS-grad,9,Married-civ-spouse,Exec-managerial,Husband,White,Male,5190,0,60,United-States,1,0.9900795049535049,1,4,0.6
51,Private,194259,Bachelors,13,Divorced,Tech-support,Unmarried,White,Female,0,0,40,United-States,0,0.2713645697796241,0,4,0.6
44,Private,313022,Assoc-voc,11,Married-civ-spouse,Exec-managerial,Husband,Black,Male,0,0,40,United-States,1,0.8304733624071888,1,4,0.6
33,Private,175856,11th,7,Married-civ-spouse,Sales,Husband,White,Male,0,0,60,United-States,0,0.43203040048583913,0,4,0.6
55,Private,180303,Bachelors,13,Married-civ-spouse,Exec-managerial,Husband,Asian-Pac-Islander,Male,8090,0,65,United-States,1,0.9987442480039356,1,4,0.6
19,Private,206599,HS-grad,9,Never-married,Sales,Own-child,White,Female,0,0,40,United-States,0,0.0016521767262970778,0,4,0.6
35,Federal-gov,320294,HS-grad,9,Never-married,Prof-specialty,Not-in-family,White,Male,10693,0,55,United-States,0,0.998814293956978,1,4,0.6
79,Federal-gov,231604,HS-grad,9,Never-married,Adm-clerical,Not-in-family,White,Male,7579,0,55,United-States,1,0.9514346232818809,1,4,0.6
30,Private,270577,HS-grad,9,Separated,Adm-clerical,Unmarried,White,Female,0,0,40,United-States,0,0.03290230442489766,0,4,0.6
71,Private,31137,HS-grad,9,Married-civ-spouse,Craft-repair,Husband,White,Male,4444,0,55,United-States,1,0.12258795909936274,0,4,0.6
36,Private,246449,Some-college,10,Married-civ-spouse,Exec-managerial,Husband,White,Male,0,0,60,United-States,1,0.8498919897295583,1,4,0.6
53,Local-gov,196395,Bachelors,13,Married-civ-spouse,Prof-specialty,Husband,Black,Male,0,0,40,United-States,1,0.8759729608272685,1,4,0.6
32,Private,194981,HS-grad,9,Married-civ-spouse,Tech-support,Wife,White,Female,0,0,36,United-States,0,0.6245549912423791,0,4,0.6
35,Private,415500,HS-grad,9,Married-civ-spouse,Craft-repair,Husband,Black,Male,0,0,40,United-States,0,0.33930043779644936,0,4,0.6
35,Private,41777,12th,8,Never-married,Farming-fishing,Not-in-family,White,Male,0,0,20,United-States,0,0.018764587636977227,0,4,0.6
52,Private,51151,Assoc-voc,11,Married-civ-spouse,Craft-repair,Husband,White,Male,8424,0,55,United-States,0,0.9985916756147887,1,4,0.6
26,Private,207258,Some-college,10,Never-married,Exec-managerial,Own-child,White,Female,0,0,40,United-States,0,0.02743688162262864,0,4,0.6
74,Private,312818,Bachelors,13,Married-civ-spouse,Exec-managerial,Husband,White,Male,1304,1902,16,United-States,1,0.8139818342440628,1,4,0.6
41,Private,153805,HS-grad,9,Never-married,Machine-op-inspct,Other-relative,Other,Male,14699,0,55,Ecuador,0,0.9973930485938726,1,4,0.6
50,Private,171338,Some-college,10,Married-civ-spouse,Exec-managerial,Husband,White,Male,99999,0,50,United-States,1,0.9991043966648423,1,4,0.6
36,Private,287658,HS-grad,9,Never-married,Adm-clerical,Own-child,Black,Male,0,0,40,United-States,0,0.014378896608070221,0,4,0.6
50,Federal-gov,318912,Assoc-voc,11,Divorced,Adm-clerical,Own-child,Black,Male,579,0,67,United-States,0,0.018927478359390376,0,4,0.6
71,Self-emp-not-inc,116878,HS-grad,9,Married-civ-spouse,Exec-managerial,Husband,White,Male,10622,0,75,Greece,0,0.9865266057682889,1,4,0.6
52,Private,124520,Assoc-voc,11,Divorced,Craft-repair,Unmarried,White,Male,1846,0,65,United-States,1,0.047987092922152655,0,4,0.6
69,Private,367334,HS-grad,9,Separated,Sales,Unmarried,White,Female,6957,0,55,United-States,0,0.20595086021923553,0,4,0.6
81,Private,200560,Bachelors,13,Married-civ-spouse,Handlers-cleaners,Husband,White,Male,8082,0,35,United-States,0,0.9515042909292102,1,4,0.6
57,Self-emp-inc,192835,Bachelors,13,Married-civ-spouse,Exec-managerial,Husband,White,Male,2472,0,60,United-States,1,0.37527629117950007,0,4,0.6
24,Private,278130,Assoc-voc,11,Never-married,Machine-op-inspct,Not-in-family,White,Male,0,0,40,United-States,0,0.010683431854399085,0,4,0.6
33,,278130,Some-college,10,Never-married,,Own-child,White,Male,9233,0,55,United-States,0,0.9939421171930379,1,4,0.6
20,Private,185554,Some-college,10,Never-married,Adm-clerical,Own-child,White,Female,0,0,25,United-States,0,0.0012666223847963341,0,4,0.6
51,,179352,Some-college,10,Divorced,,Not-in-family,White,Female,5215,0,50,United-States,0,0.30276222595095575,0,4,0.6
45,Private,111363,Bachelors,13,Married-civ-spouse,Craft-repair,Husband,White,Male,10947,0,60,United-States,0,0.9990620776369054,1,4,0.6
51,Private,31670,HS-grad,9,Married-civ-spouse,Farming-fishing,Husband,White,Male,14911,0,80,United-States,0,0.9982938659052095,1,4,0.6
39,Private,607658,Bachelors,13,Never-married,Sales,Not-in-family,White,Female,9314,0,55,United-States,0,0.9972997969688853,1,4,0.6
50,Private,165472,Bachelors,13,Married-civ-spouse,Prof-specialty,Husband,White,Male,9094,0,55,United-States,1,0.9986459637403549,1,4,0.6
56,Private,340171,HS-grad,9,Married-civ-spouse,Transport-moving,Husband,Black,Male,0,0,40,United-States,0,0.5425071659094906,0,4,0.6
62,Private,141608,HS-grad,9,Separated,Other-service,Unmarried,White,Female,3461,0,60,United-States,0,0.008837256306916954,0,4,0.6
54,Private,210525,Masters,14,Never-married,Exec-managerial,Not-in-family,White,Male,8282,0,55,United-States,0,0.976413770404477,1,4,0.6
48,Private,401333,HS-grad,9,Divorced,Sales,Not-in-family,White,Male,0,0,40,United-States,0,0.2174269560446176,0,4,0.6
39,Private,330132,Bachelors,13,Married-civ-spouse,Tech-support,Wife,White,Female,10333,0,55,United-States,1,0.9991522635246122,1,4,0.6
46,Self-emp-inc,168796,Bachelors,13,Married-civ-spouse,Sales,Husband,White,Male,0,0,55,United-States,0,0.8928300887147628,1,4,0.6
70,Private,160101,HS-grad,9,Divorced,Adm-clerical,Not-in-family,White,Male,5880,0,70,United-States,0,0.23127724676627653,0,4,0.6
37,Private,38468,Some-college,10,Never-married,Adm-clerical,Not-in-family,White,Female,0,0,40,United-States,0,0.04421698728963059,0,4,0.6
30,Self-emp-not-inc,226535,7th-8th,4,Married-civ-spouse,Farming-fishing,Husband,White,Male,0,0,40,Mexico,0,0.048553041593479354,0,4,0.6
26,Private,318644,HS-grad,9,Never-married,Sales,Own-child,White,Male,0,0,35,United-States,0,0.026095569393696026,0,4,0.6
57,Self-emp-not-inc,138285,Assoc-acdm,12,Married-civ-spouse,Other-service,Husband,White,Male,0,0,40,Iran,0,0.35979810192444694,0,4,0.6
53,Private,231689,HS-grad,9,Married-civ-spouse,Craft-repair,Husband,White,Male,12226,0,55,United-States,1,0.9990789087216612,1,4,0.6
33,Private,103205,HS-grad,9,Married-civ-spouse,Machine-op-inspct,Husband,White,Male,4612,0,55,United-States,0,0.12338887475200046,0,4,0.6
29,State-gov,118520,HS-grad,9,Married-civ-spouse,Protective-serv,Husband,White,Male,0,0,42,United-States,0,0.39684376598996185,0,4,0.6
59,Self-emp-not-inc,132589,Some-college,10,Married-civ-spouse,Farming-fishing,Husband,White,Male,5397,0,87,United-States,0,0.9613049706384412,1,4,0.6
50,Self-emp-not-inc,122493,10th,6,Married-civ-spouse,Sales,Husband,White,Male,1072,1887,55,United-States,1,0.4589129662491676,0,4,0.6
46,Private,97614,HS-grad,9,Never-married,Craft-repair,Not-in-family,White,Male,6328,0,55,United-States,0,0.133997650002541,0,4,0.6
66,Private,127704,7th-8th,4,Separated,Craft-repair,Not-in-family,White,Male,13009,0,55,United-States,0,0.9965930304418036,1,4,0.6
31,Federal-gov,206857,HS-grad,9,Never-married,Adm-clerical,Not-in-family,White,Female,0,0,40,United-States,0,0.04421621061594168,0,4,0.6
62,Self-emp-not-inc,75478,Bachelors,13,Married-civ-spouse,Exec-managerial,Husband,White,Male,0,0,40,United-States,0,0.8033027460619381,1,4,0.6
32,Private,64292,Some-college,10,Never-married,Sales,Not-in-family,White,Female,10925,0,65,United-States,0,0.9984686173952247,1,4,0.6
84,Self-emp-not-inc,258761,HS-grad,9,Married-civ-spouse,Farming-fishing,Husband,White,Male,12149,0,55,United-States,0,0.9525674776459803,1,4,0.6
18,Self-emp-not-inc,379242,Some-college,10,Never-married,Exec-managerial,Not-in-family,White,Female,0,0,50,United-States,0,0.005467602010301217,0,4,0.6
25,Private,189850,Some-college,10,Never-married,Machine-op-inspct,Own-child,Black,Male,0,0,40,United-States,0,0.008365672288516842,0,4,0.6
33,Private,321666,HS-grad,9,Never-married,Craft-repair,Own-child,White,Male,11200,0,55,United-States,0,0.9970843767732167,1,4,0.6
51,Private,174938,Bachelors,13,Never-married,Prof-specialty,Not-in-family,White,Male,6110,0,55,United-States,0,0.490003865799566,0,4,0.6
25,Self-emp-not-inc,191803,Assoc-acdm,12,Never-married,Sales,Not-in-family,White,Male,0,0,50,United-States,0,0.1268727479449286,0,4,0.6
34,Private,617917,Bachelors,13,Married-civ-spouse,Sales,Husband,White,Male,0,1887,40,United-States,1,0.9893168990499771,1,4,0.6
73,,202106,HS-grad,9,Married-civ-spouse,,Husband,White,Male,13850,1902,55,United-States,1,0.9891372533932865,1,4,0.6
57,Private,79646,Some-college,10,Married-civ-spouse,Transport-moving,Husband,White,Male,5224,0,85,United-States,0,0.9914071078452441,1,4,0.6
70,,410980,Some-college,10,Married-civ-spouse,,Husband,White,Male,0,0,10,United-States,1,0.49277849036066784,0,4,0.6
49,Private,188763,Bachelors,13,Married-civ-spouse,Prof-specialty,Husband,White,Male,7142,0,60,United-States,1,0.9980796722859528,1,4,0.6
58,Local-gov,114160,Masters,14,Married-civ-spouse,Exec-managerial,Husband,White,Male,3864,1902,60,United-States,1,0.7953389731682772,1,4,0.6
78,Local-gov,376506,Doctorate,16,Divorced,Prof-specialty,Not-in-family,White,Female,16902,0,55,United-States,0,0.9962904316352484,1,4,0.6
36,Private,190457,Some-college,10,Never-married,Adm-clerical,Own-child,White,Female,8522,0,55,United-States,0,0.9965410841030031,1,4,0.6
29,Private,205499,Some-college,10,Married-civ-spouse,Protective-serv,Husband,White,Male,0,0,45,United-States,0,0.5658960017893184,0,4,0.6
66,Self-emp-not-inc,212165,HS-grad,9,Married-civ-spouse,Sales,Husband,White,Male,5482,0,75,United-States,0,0.9831437315775104,1,4,0.6
66,Private,192386,Some-college,10,Married-civ-spouse,Prof-specialty,Husband,White,Male,11662,0,53,United-States,1,0.9898639714957204,1,4,0.6
48,Private,240323,Some-college,10,Widowed,Adm-clerical,Unmarried,Black,Female,4143,0,55,United-States,0,0.006321994772283203,0,4,0.6
59,Private,158286,Masters,14,Married-civ-spouse,Exec-managerial,Husband,White,Male,5946,0,65,United-States,1,0.9952541894186103,1,4,0.6
20,Private,117476,Some-college,10,Married-civ-spouse,Craft-repair,Husband,White,Male,0,0,40,United-States,0,0.01582735322882721,0,4,0.6
73,Private,48549,Some-college,10,Never-married,Exec-managerial,Not-in-family,White,Male,14156,0,53,United-States,1,0.9977756427772767,1,4,0.6
19,Private,285750,HS-grad,9,Never-married,Handlers-cleaners,Other-relative,White,Male,0,0,30,United-States,0,0.0008026201006150415,0,4,0.6
37,Private,30267,11th,7,Never-married,Transport-moving,Not-in-family,White,Male,0,0,60,United-States,1,0.07502292846540785,0,4,0.6
22,Private,226508,Bachelors,13,Never-married,Exec-managerial,Own-child,White,Female,0,0,50,United-States,0,0.025619993840515925,0,4,0.6
58,Local-gov,272780,Some-college,10,Married-civ-spouse,Prof-specialty,Husband,White,Male,6590,0,39,United-States,0,0.9890479778567185,1,4,0.6
39,Private,491421,5th-6th,3,Never-married,Farming-fishing,Unmarried,White,Male,558,0,65,United-States,0,0.012031049397039197,0,4,0.6
20,Private,63633,Some-college,10,Never-married,Other-service,Unmarried,White,Female,0,0,25,United-States,0,0.0010452043448522942,0,4,0.6
43,Local-gov,279231,Assoc-voc,11,Divorced,Transport-moving,Not-in-family,White,Male,5474,0,55,United-States,0,0.2605287071683329,0,4,0.6
44,Private,402089,Bachelors,13,Married-civ-spouse,Adm-clerical,Wife,White,Female,7974,0,17,United-States,0,0.9962303262688719,1,4,0.6
54,Private,192381,HS-grad,9,Married-civ-spouse,Craft-repair,Husband,White,Male,9009,0,55,United-States,1,0.9985504005612262,1,4,0.6
46,Self-emp-not-inc,289731,11th,7,Married-civ-spouse,Machine-op-inspct,Husband,White,Male,11577,0,55,United-States,0,0.9988140801056883,1,4,0.6
63,Private,194908,HS-grad,9,Married-civ-spouse,Adm-clerical,Wife,White,Female,11972,0,55,United-States,0,0.9742723207356835,1,4,0.6
52,Private,162098,HS-grad,9,Divorced,Adm-clerical,Not-in-family,White,Female,11932,0,55,United-States,0,0.9981341987391688,1,4,0.6
44,State-gov,110171,Some-college,10,Married-civ-spouse,Prof-specialty,Wife,White,Female,5736,1902,55,United-States,1,0.9962682865377667,1,4,0.6
42,Local-gov,99502,Assoc-voc,11,Divorced,Protective-serv,Unmarried,Amer-Indian-Eskimo,Female,12481,0,55,United-States,0,0.9922659283284433,1,4,0.6
32,State-gov,253354,Masters,14,Married-civ-spouse,Prof-specialty,Husband,White,Male,0,0,50,United-States,0,0.8477549258818221,1,4,0.6
28,Private,306830,Assoc-acdm,12,Married-civ-spouse,Handlers-cleaners,Husband,White,Male,0,0,40,Nicaragua,0,0.3656650630371093,0,4,0.6
70,Private,98725,Doctorate,16,Married-civ-spouse,Prof-specialty,Husband,White,Male,10568,0,65,United-States,1,0.9748629683373887,1,4,0.6
49,Private,268234,10th,6,Married-civ-spouse,Exec-managerial,Husband,White,Male,0,0,40,United-States,0,0.4925249914835422,0,4,0.6
75,Self-emp-not-inc,157778,Assoc-voc,11,Divorced,Prof-specialty,Not-in-family,White,Female,15831,0,50,United-States,1,0.9951064096921755,1,4,0.6
35,Private,100375,Some-college,10,Married-spouse-absent,Farming-fishing,Own-child,White,Male,0,0,40,United-States,0,0.052972898948637076,0,4,0.6
21,Private,83033,Some-college,10,Never-married,Adm-clerical,Own-child,White,Female,2176,0,20,United-States,0,0.0007993011604340463,0,4,0.6
30,Private,198614,11th,7,Never-married,Sales,Own-child,Black,Female,3238,0,23,United-States,0,0.0007559472457404331,0,4,0.6
56,Self-emp-not-inc,22933,HS-grad,9,Married-civ-spouse,Exec-managerial,Husband,White,Male,4803,0,55,United-States,0,0.8979552841661685,1,4,0.6
52,Private,198790,11th,7,Married-civ-spouse,Machine-op-inspct,Husband,White,Male,1909,0,45,United-States,0,0.052271510089179546,0,4,0.6
55,Private,302041,HS-grad,9,Never-married,Adm-clerical,Not-in-family,Black,Female,3091,0,55,United-States,0,0.3503861561445774,0,4,0.6
45,Private,254221,HS-grad,9,Never-married,Adm-clerical,Not-in-family,White,Female,2211,0,55,United-States,0,0.010256454057931404,0,4,0.6
33,Private,118941,HS-grad,9,Married-civ-spouse,Adm-clerical,Wife,White,Female,0,0,40,United-States,1,0.615930777468355,0,4,0.6
33,Private,84154,Some-college,10,Married-civ-spouse,Tech-support,Husband,White,Male,0,0,20,United-States,0,0.3131474177925334,0,4,0.6
34,Private,403519,HS-grad,9,Married-civ-spouse,Machine-op-inspct,Husband,White,Male,7115,0,55,United-States,0,0.9978538594740378,1,4,0.6
53,Local-gov,36924,Some-college,10,Married-civ-spouse,Adm-clerical,Husband,White,Male,5333,0,55,United-States,1,0.9918866979843103,1,4,0.6
67,Self-emp-inc,127605,Masters,14,Married-civ-spouse,Prof-specialty,Husband,White,Male,20051,0,60,Italy,1,0.9947557661187103,1,4,0.6
41,Private,280167,Masters,14,Married-civ-spouse,Exec-managerial,Husband,White,Male,15024,0,70,United-States,1,0.9992082513994932,1,4,0.6
34,Private,349368,Bachelors,13,Never-married,Exec-managerial,Own-child,White,Female,6304,0,45,United-States,0,0.18063299052204423,0,4,0.6
62,Private,194580,HS-grad,9,Married-civ-spouse,Sales,Husband,White,Male,1826,0,75,United-States,1,0.10245569896725899,0,4,0.6
61,Self-emp-not-inc,123598,HS-grad,9,Never-married,Craft-repair,Not-in-family,White,Male,9283,0,45,United-States,0,0.9952508771801979,1,4,0.6
30,Private,211273,HS-grad,9,Never-married,Sales,Own-child,White,Female,13646,0,34,United-States,0,0.9935101445671247,1,4,0.6
55,Self-emp-not-inc,241895,Bachelors,13,Never-married,Sales,Not-in-family,White,Male,7191,0,57,United-States,0,0.9147031610750703,1,4,0.6
48,Private,209993,5th-6th,3,Married-civ-spouse,Priv-house-serv,Wife,White,Female,2411,0,55,El-Salvador,0,0.012476192296095189,0,4,0.6
50,Self-emp-inc,54953,Some-college,10,Married-civ-spouse,Craft-repair,Husband,White,Male,9577,0,53,United-States,0,0.998612538897245,1,4,0.6
56,Local-gov,100479,Assoc-acdm,12,Married-civ-spouse,Prof-specialty,Husband,White,Male,2418,0,63,United-States,0,0.14589196373761237,0,4,0.6
45,Self-emp-not-inc,93930,HS-grad,9,Married-civ-spouse,Exec-managerial,Husband,White,Male,2932,0,55,United-States,0,0.06108834668233827,0,4,0.6
45,Private,149726,HS-grad,9,Married-civ-spouse,Transport-moving,Husband,White,Male,14790,0,61,United-States,0,0.9987464280670478,1,4,0.6
58,,443179,Bachelors,13,Divorced,,Not-in-family,White,Female,5365,0,23,United-States,0,0.17928561825247144,0,4,0.6
37,Local-gov,84224,Bachelors,13,Never-married,Prof-specialty,Not-in-family,White,Female,6770,0,55,United-States,0,0.03015595526936254,0,4,0.6
33,Private,372636,HS-grad,9,Never-married,Sales,Own-child,Black,Male,9440,0,55,United-States,0,0.9936365527360647,1,4,0.6
38,Private,190873,10th,6,Divorced,Other-service,Unmarried,White,Female,7347,0,55,Germany,0,0.6910216885802236,1,4,0.6
60,Self-emp-not-inc,28791,HS-grad,9,Married-civ-spouse,Sales,Wife,White,Female,6177,0,65,United-States,0,0.9830039110089837,1,4,0.6
29,Private,157941,Bachelors,13,Never-married,Tech-support,Not-in-family,White,Male,0,0,40,United-States,0,0.06264060371546436,0,4,0.6
52,Private,176063,Bachelors,13,Married-civ-spouse,Exec-managerial,Husband,White,Male,6449,1977,75,United-States,1,0.9988138444809582,1,4,0.6
35,Private,128876,Some-college,10,Married-civ-spouse,Craft-repair,Husband,White,Male,0,0,40,United-States,0,0.5954924234639617,0,4,0.6
76,Local-gov,47298,Doctorate,16,Married-civ-spouse,Protective-serv,Husband,White,Male,1988,0,60,United-States,1,0.26392994901745015,0,4,0.6
58,Private,251474,Bachelors,13,Married-civ-spouse,Exec-managerial,Husband,White,Male,828,0,75,United-States,1,0.37751216227444423,0,4,0.6
57,State-gov,164593,Bachelors,13,Never-married,Exec-managerial,Not-in-family,White,Male,4707,0,55,,0,0.9688122355032593,1,4,0.6
18,Private,427437,HS-grad,9,Never-married,Sales,Own-child,Black,Female,0,0,40,United-States,0,0.0016828459584850323,0,4,0.6
31,Private,393702,HS-grad,9,Never-married,Prof-specialty,Own-child,White,Female,0,0,36,United-States,0,0.1036562508323338,0,4,0.6
35,Federal-gov,287658,Some-college,10,Married-civ-spouse,Protective-serv,Husband,Black,Male,0,0,40,United-States,1,0.6927811274129434,1,4,0.6
44,Private,473133,Masters,14,Married-civ-spouse,Prof-specialty,Husband,White,Male,9480,0,55,United-States,1,0.9985961307266976,1,4,0.6
37,Self-emp-not-inc,36214,Bachelors,13,Married-civ-spouse,Craft-repair,Husband,White,Male,0,0,65,United-States,1,0.6977031760066923,1,4,0.6
65,,123011,HS-grad,9,Married-civ-spouse,,Husband,White,Male,14077,0,55,United-States,1,0.987123169135209,1,4,0.6
51,State-gov,42186,HS-grad,9,Married-civ-spouse,Adm-clerical,Wife,Asian-Pac-Islander,Female,6442,0,35,United-States,0,0.9937038831408944,1,4,0.6
56,Private,157217,Assoc-acdm,12,Married-civ-spouse,Prof-specialty,Husband,White,Male,2827,0,55,United-States,1,0.1856890979885025,0,4,0.6
40,Private,31801,HS-grad,9,Never-married,Handlers-cleaners,Other-relative,White,Male,5169,0,75,United-States,0,0.07100426136503195,0,4,0.6
19,Private,113546,11th,7,Never-married,Craft-repair,Not-in-family,White,Male,0,0,56,United-States,0,0.005772908388478596,0,4,0.6
40,Private,189407,HS-grad,9,Married-civ-spouse,Sales,Husband,White,Male,8082,0,70,United-States,0,0.9986725840706572,1,4,0.6
35,Private,188505,Bachelors,13,Never-married,Other-service,Own-child,White,Female,14408,0,40,United-States,0,0.9966633755857994,1,4,0.6
48,Private,161547,Bachelors,13,Never-married,Sales,Unmarried,Black,Female,13252,0,55,United-States,0,0.9967386918424382,1,4,0.6
55,Private,174575,Bachelors,13,Divorced,Exec-managerial,Not-in-family,White,Male,7871,1564,60,United-States,1,0.9938110253535971,1,4,0.6
20,,41356,Assoc-voc,11,Never-married,,Not-in-family,White,Female,0,0,40,United-States,0,0.0022097099402542315,0,4,0.6
55,Private,188436,Prof-school,15,Divorced,Exec-managerial,Not-in-family,White,Male,1700,0,55,United-States,0,0.0765722346327514,0,4,0.6
51,Private,278632,HS-grad,9,Married-civ-spouse,Machine-op-inspct,Husband,White,Male,5094,0,55,United-States,0,0.7032340177154399,1,4,0.6
40,Private,434081,HS-grad,9,Divorced,Machine-op-inspct,Own-child,White,Female,0,0,40,United-States,0,0.03859495645345516,0,4,0.6
38,Local-gov,73392,HS-grad,9,Never-married,Handlers-cleaners,Own-child,Amer-Indian-Eskimo,Male,2627,0,45,United-States,0,0.006590385559411686,0,4,0.6
52,Federal-gov,179717,HS-grad,9,Married-civ-spouse,Adm-clerical,Husband,White,Male,18850,0,65,United-States,1,0.9988248870287635,1,4,0.6
21,Private,457162,Some-college,10,Never-married,Sales,Own-child,Black,Male,0,0,17,United-States,0,0.002261488582679237,0,4,0.6
23,Private,174754,Some-college,10,Never-married,Sales,Not-in-family,White,Female,0,0,30,United-States,0,0.012322344512025237,0,4,0.6
36,Private,66304,Bachelors,13,Married-civ-spouse,Exec-managerial,Husband,White,Male,0,0,55,United-States,1,0.8756927518781255,1,4,0.6
59,Private,398652,HS-grad,9,Married-civ-spouse,Sales,Husband,White,Male,7379,0,65,United-States,1,0.9981479780665921,1,4,0.6
26,Local-gov,189027,HS-grad,9,Married-civ-spouse,Transport-moving,Husband,White,Male,0,0,40,United-States,0,0.2088460871416817,0,4,0.6
44,Private,102085,Some-college,10,Divorced,Adm-clerical,Other-relative,White,Female,0,0,40,United-States,0,0.015567472710797543,0,4,0.6
74,Self-emp-not-inc,71467,Bachelors,13,Married-civ-spouse,Craft-repair,Husband,White,Male,3132,0,70,United-States,1,0.10162289440861473,0,4,0.6
46,Federal-gov,212120,Assoc-voc,11,Married-civ-spouse,Adm-clerical,Husband,White,Male,0,0,40,United-States,1,0.8851956197424315,1,4,0.6
38,Private,284343,Bachelors,13,Never-married,Prof-specialty,Not-in-family,White,Male,3539,0,65,United-States,0,0.037556044497398404,0,4,0.6
35,Private,263081,HS-grad,9,Married-civ-spouse,Craft-repair,Husband,Black,Male,0,0,60,United-States,1,0.5287925607535477,0,4,0.6
77,Private,180807,HS-grad,9,Separated,Protective-serv,Not-in-family,White,Male,6917,0,35,United-States,0,0.036442851323155084,0,4,0.6
38,Private,287701,11th,7,Married-civ-spouse,Handlers-cleaners,Husband,White,Male,0,0,48,United-States,1,0.37232144820829416,0,4,0.6
48,Private,167691,Some-college,10,Married-civ-spouse,Exec-managerial,Wife,White,Female,11078,0,55,United-States,1,0.9989073031758713,1,4,0.6
57,Private,362883,Some-college,10,Married-civ-spouse,Transport-moving,Husband,White,Male,9095,0,55,United-States,0,0.9986625422131208,1,4,0.6
48,Private,64874,11th,7,Married-civ-spouse,Machine-op-inspct,Husband,White,Male,3414,0,55,United-States,0,0.03507400873321307,0,4,0.6
53,Private,197093,Some-college,10,Never-married,Other-service,Not-in-family,Black,Male,451,0,35,United-States,0,0.008699700081870656,0,4,0.6
60,Private,498328,10th,6,Married-civ-spouse,Transport-moving,Husband,Black,Male,3097,0,55,United-States,0,0.8802642024956443,1,4,0.6
36,State-gov,231473,Assoc-acdm,12,Married-civ-spouse,Adm-clerical,Husband,White,Male,2809,0,45,United-States,0,0.13407342968546274,0,4,0.6
40,Private,187160,Prof-school,15,Divorced,Prof-specialty,Unmarried,White,Male,11803,0,70,United-States,0,0.9952378249417411,1,4,0.6
23,Private,193090,Bachelors,13,Never-married,Prof-specialty,Not-in-family,White,Female,0,0,38,United-States,0,0.0218539375844853,0,4,0.6
37,Private,395512,12th,8,Married-civ-spouse,Machine-op-inspct,Other-relative,Other,Male,5054,0,55,Mexico,0,0.44522447751612076,0,4,0.6
47,Private,31141,Masters,14,Married-civ-spouse,Tech-support,Husband,White,Male,0,0,40,United-States,1,0.8788287949540358,1,4,0.6
79,Self-emp-inc,171564,HS-grad,9,Married-civ-spouse,Prof-specialty,Wife,White,Female,21973,0,45,England,1,0.9855852366590551,1,4,0.6
30,State-gov,427515,HS-grad,9,Never-married,Adm-clerical,Own-child,Black,Female,869,0,35,United-States,0,0.0007599499421372934,0,4,0.6
44,Private,252257,Assoc-acdm,12,Never-married,Adm-clerical,Not-in-family,White,Female,2631,0,60,United-States,0,0.013540302941618142,0,4,0.6
51,Private,106151,11th,7,Divorced,Transport-moving,Own-child,White,Male,0,0,40,United-States,0,0.10021862659332381,0,4,0.6
35,Self-emp-not-inc,111095,HS-grad,9,Married-civ-spouse,Exec-managerial,Husband,White,Male,0,0,50,United-States,0,0.5233555773028322,0,4,0.6
61,Private,107425,Masters,14,Never-married,Sales,Not-in-family,White,Female,14988,0,50,United-States,0,0.9976497434085535,1,4,0.6
66,Private,145548,HS-grad,9,Married-civ-spouse,Craft-repair,Husband,White,Male,3353,0,55,United-States,0,0.07050196962850998,0,4,0.6
40,Private,191342,Some-college,10,Never-married,Sales,Not-in-family,Other,Male,6150,0,55,India,0,0.4117569455626091,0,4,0.6
50,Self-emp-inc,141584,HS-grad,9,Divorced,Sales,Unmarried,White,Male,8969,0,70,United-States,0,0.9970917194003681,1,4,0.6
38,Private,211695,HS-grad,9,Married-civ-spouse,Adm-clerical,Husband,White,Male,12865,0,55,United-States,0,0.9990247113883679,1,4,0.6
33,Private,213015,HS-grad,9,Never-married,Handlers-cleaners,Other-relative,Black,Male,11257,0,55,United-States,0,0.9955892144173419,1,4,0.6
35,Private,210053,Some-college,10,Never-married,Other-service,Not-in-family,White,Female,11743,0,43,United-States,0,0.9984716180319331,1,4,0.6
55,Private,201229,Bachelors,13,Divorced,Sales,Not-in-family,White,Female,0,0,8,United-States,0,0.07680418939695291,0,4,0.6
70,Local-gov,127463,HS-grad,9,Married-civ-spouse,Sales,Husband,White,Male,0,0,40,United-States,0,0.5116198721073769,0,4,0.6
39,Private,284741,Some-college,10,Never-married,Sales,Not-in-family,White,Female,13543,0,45,United-States,0,0.9980444174061114,1,4,0.6
21,,123727,Some-college,10,Never-married,,Not-in-family,White,Female,0,0,28,United-States,0,0.007110452157485716,0,4,0.6
50,Private,20795,HS-grad,9,Married-civ-spouse,Farming-fishing,Husband,White,Male,0,0,60,United-States,1,0.5266676898637054,0,4,0.6
52,Private,235786,Some-college,10,Married-civ-spouse,Craft-repair,Husband,White,Male,7564,0,59,United-States,1,0.9979855074304199,1,4,0.6
25,Private,106377,Some-college,10,Never-married,Adm-clerical,Own-child,White,Male,0,0,40,United-States,0,0.026958610464776267,0,4,0.6
30,Private,205152,Bachelors,13,Never-married,Sales,Not-in-family,White,Male,0,0,40,United-States,0,0.19621813124336335,0,4,0.6
63,Private,355954,Some-college,10,Married-civ-spouse,Craft-repair,Husband,White,Male,13348,0,75,United-States,1,0.9826792325633125,1,4,0.6
37,Private,116358,HS-grad,9,Never-married,Craft-repair,Other-relative,Amer-Indian-Eskimo,Male,27828,0,48,United-States,1,0.9975810045616706,1,4,0.6
30,Self-emp-not-inc,523095,Some-college,10,Never-married,Craft-repair,Not-in-family,White,Male,0,0,45,United-States,0,0.1969396910232636,0,4,0.6
52,Local-gov,35092,Doctorate,16,Married-civ-spouse,Exec-managerial,Husband,White,Male,0,0,40,United-States,1,0.9402231330604539,1,4,0.6
38,Private,31964,9th,5,Married-civ-spouse,Adm-clerical,Husband,White,Male,0,0,40,United-States,0,0.22538590893454616,0,4,0.6
19,Private,143608,HS-grad,9,Never-married,Machine-op-inspct,Own-child,White,Male,0,0,40,United-States,0,0.002146263810336188,0,4,0.6
52,State-gov,71344,Masters,14,Married-civ-spouse,Prof-specialty,Husband,White,Male,0,0,40,United-States,0,0.8917985510885426,1,4,0.6
46,Self-emp-not-inc,102869,HS-grad,9,Married-civ-spouse,Sales,Husband,White,Male,0,0,40,United-States,1,0.5976025962444639,0,4,0.6
49,Private,65390,Bachelors,13,Married-civ-spouse,Farming-fishing,Husband,White,Male,13511,0,65,United-States,0,0.998296350833657,1,4,0.6
62,Private,30827,Bachelors,13,Married-civ-spouse,Sales,Husband,White,Male,11813,0,60,United-States,1,0.9920716657223032,1,4,0.6
59,Private,340982,Some-college,10,Married-civ-spouse,Machine-op-inspct,Husband,Asian-Pac-Islander,Male,4453,0,55,Philippines,1,0.1760816737346423,0,4,0.6
56,Private,125461,Masters,14,Married-civ-spouse,Exec-managerial,Husband,White,Male,13463,0,50,United-States,1,0.9992052763184018,1,4,0.6
28,Private,337424,Prof-school,15,Never-married,Prof-specialty,Not-in-family,White,Male,0,0,80,United-States,0,0.3615999738926817,0,4,0.6
30,Private,283767,HS-grad,9,Married-civ-spouse,Adm-clerical,Husband,White,Male,0,0,40,,0,0.42613069829529654,0,4,0.6
21,Private,34310,Assoc-voc,11,Married-civ-spouse,Craft-repair,Husband,White,Male,0,2603,40,United-States,0,0.5895156028014262,0,4,0.6
54,,212206,Masters,14,Married-civ-spouse,,Wife,White,Female,3349,1887,63,United-States,1,0.7808624112297037,1,4,0.6
54,Private,135388,HS-grad,9,Married-civ-spouse,Craft-repair,Husband,White,Male,5178,0,40,United-States,1,0.99053941516859,1,4,0.6
36,State-gov,38151,Some-college,10,Never-married,Adm-clerical,Own-child,White,Male,1660,0,27,United-States,0,0.00496375328999634,0,4,0.6
55,Private,220109,Some-college,10,Married-civ-spouse,Other-service,Husband,White,Male,14799,1672,59,United-States,0,0.9971077735709284,1,4,0.6
53,Private,187336,HS-grad,9,Divorced,Exec-managerial,Not-in-family,White,Female,11451,0,55,United-States,0,0.9984242750057188,1,4,0.6
49,Private,143459,9th,5,Separated,Handlers-cleaners,Own-child,White,Male,0,0,38,United-States,0,0.04659586220662569,0,4,0.6
29,Private,277342,Some-college,10,Never-married,Transport-moving,Unmarried,White,Male,0,0,40,United-States,0,0.032889989412017775,0,4,0.6
73,Private,73809,Some-college,10,Divorced,Adm-clerical,Not-in-family,White,Female,7108,0,55,United-States,0,0.80472192264583,1,4,0.6
67,,102058,12th,8,Widowed,,Not-in-family,White,Male,7748,0,45,United-States,0,0.8816944024421101,1,4,0.6
36,Private,224566,Bachelors,13,Never-married,Prof-specialty,Not-in-family,White,Male,99999,0,45,United-States,1,0.9987289375774896,1,4,0.6
31,,98283,Some-college,10,Never-married,,Own-child,Asian-Pac-Islander,Male,12033,0,47,United-States,0,0.9969246388405828,1,4,0.6
43,Private,227065,Masters,14,Married-civ-spouse,Exec-managerial,Husband,White,Male,0,0,43,United-States,1,0.9275767611876554,1,4,0.6
34,Local-gov,211129,Assoc-voc,11,Never-married,Adm-clerical,Own-child,White,Female,12307,0,25,,0,0.99432890001772,1,4,0.6
37,Self-emp-not-inc,348739,Prof-school,15,Married-civ-spouse,Prof-specialty,Husband,White,Male,0,0,50,United-States,1,0.9502862817078392,1,4,0.6
