age,workclass,fnlwgt,education,education-num,marital-status,occupation,relationship,race,sex,capital-gain,capital-loss,hours-per-week,native-country,income,probability,prediction,batch_id,drift_strength
38,Private,117802,Masters,14,Married-civ-spouse,Exec-managerial,Husband,White,Male,7688,0,60,United-States,1,0.998789475960869,1,1,0.0
57,Self-emp-not-inc,247337,HS-grad,9,Married-civ-spouse,Sales,Husband,White,Male,0,0,72,United-States,0,0.6308475413219238,0,1,0.0
27,Private,70034,Some-college,10,Never-married,Other-service,Not-in-family,White,Male,0,0,40,United-States,0,0.027497253494318207,0,1,0.0
17,Private,333304,HS-grad,9,Never-married,Other-service,Own-child,White,Female,0,0,40,United-States,0,0.001892212767941548,0,1,0.0
55,Private,70088,Masters,14,Married-civ-spouse,Prof-specialty,Husband,White,Male,0,0,40,United-States,1,0.8930420977856195,1,1,0.0
35,Federal-gov,185053,Bachelors,13,Never-married,Prof-specialty,Own-child,White,Female,0,0,40,United-States,0,0.162184863747345,0,1,0.0
45,Private,170871,HS-grad,9,Married-civ-spouse,Craft-repair,Husband,White,Male,7298,0,60,United-States,1,0.997819405175131,1,1,0.0
27,Private,269246,HS-grad,9,Married-civ-spouse,Adm-clerical,Husband,White,Male,3464,0,45,United-States,0,0.023680074134257656,0,1,0.0
62,Self-emp-not-inc,244953,Some-college,10,Widowed,Exec-managerial,Not-in-family,White,Female,0,0,20,United-States,0,0.06205900340841724,0,1,0.0
23,Private,137994,Some-college,10,Never-married,Machine-op-inspct,Own-child,Black,Female,0,0,40,United-States,0,0.00517872137244083,0,1,0.0
27,Private,113501,Masters,14,Never-married,Adm-clerical,Own-child,White,Male,0,0,45,United-States,0,0.08478629407516836,0,1,0.0
32,Private,223212,Preschool,1,Married-civ-spouse,Machine-op-inspct,Husband,White,Male,0,0,40,Mexico,0,0.03196291295851643,0,1,0.0
34,,370209,HS-grad,9,Divorced,,Not-in-family,White,Male,0,0,40,United-States,0,0.059239167892324855,0,1,0.0
62,Private,311495,Some-college,10,Divorced,Exec-managerial,Not-in-family,White,Female,0,0,40,United-States,0,0.15529553818802913,0,1,0.0
52,Private,113522,HS-grad,9,Never-married,Machine-op-inspct,Not-in-family,White,Male,0,0,45,United-States,1,0.11193921817922352,0,1,0.0
53,State-gov,195690,Doctorate,16,Married-civ-spouse,Prof-specialty,Husband,White,Male,0,1902,50,United-States,1,0.9942450273694842,1,1,0.0
36,Private,215503,HS-grad,9,Never-married,Craft-repair,Not-in-family,White,Male,0,0,65,United-States,0,0.13814052439704677,0,1,0.0
53,Local-gov,146834,HS-grad,9,Married-civ-spouse,Other-service,Husband,White,Male,0,0,45,United-States,0,0.46799994360017655,0,1,0.0
25,Private,160445,HS-grad,9,Divorced,Craft-repair,Not-in-family,White,Male,0,0,40,United-States,0,0.0461235491269688,0,1,0.0
17,,275778,9th,5,Never-married,,Own-child,White,Female,0,0,25,Mexico,0,0.0003739406772457126,0,1,0.0
19,,291509,12th,8,Never-married,,Own-child,White,Male,0,0,28,United-States,0,0.0024042045059137636,0,1,0.0
25,Private,263773,Some-college,10,Married-civ-spouse,Adm-clerical,Wife,White,Female,0,0,40,United-States,1,0.5859723929168401,0,1,0.0
22,Private,189277,HS-grad,9,Never-married,Machine-op-inspct,Unmarried,Black,Female,0,0,40,United-States,0,0.002484133349539005,0,1,0.0
38,Private,297449,Bachelors,13,Married-civ-spouse,Adm-clerical,Husband,White,Male,7298,0,50,United-States,1,0.9980035374999493,1,1,0.0
43,Private,118001,7th-8th,4,Separated,Farming-fishing,Not-in-family,Black,Male,0,0,40,United-States,0,0.028199494914504294,0,1,0.0
24,State-gov,413345,Some-college,10,Married-civ-spouse,Prof-specialty,Wife,White,Female,0,0,50,United-States,0,0.35646793529954846,0,1,0.0
49,State-gov,139268,Some-college,10,Married-civ-spouse,Other-service,Husband,White,Male,0,0,70,United-States,1,0.5210837542723943,0,1,0.0
59,,424468,Bachelors,13,Married-civ-spouse,,Husband,White,Male,0,0,40,United-States,1,0.8445288481943312,1,1,0.0
29,Private,99369,Bachelors,13,Never-married,Prof-specialty,Not-in-family,Other,Female,0,0,50,United-States,0,0.3976394606194286,0,1,0.0
63,Self-emp-not-inc,111306,7th-8th,4,Widowed,Farming-fishing,Unmarried,White,Female,0,0,10,United-States,0,0.012195676585168675,0,1,0.0
70,,158642,HS-grad,9,Widowed,,Not-in-family,White,Female,2993,0,20,United-States,0,0.004058386999909737,0,1,0.0
35,Self-emp-not-inc,171968,HS-grad,9,Separated,Transport-moving,Not-in-family,White,Male,0,0,70,United-States,0,0.186272477511482,0,1,0.0
53,Private,85423,Some-college,10,Married-civ-spouse,Transport-moving,Husband,White,Male,0,0,40,United-States,1,0.742581612746449,1,1,0.0
18,Private,39222,11th,7,Never-married,Other-service,Own-child,White,Male,0,0,40,United-States,0,0.0017310838250086207,0,1,0.0
41,State-gov,33474,Bachelors,13,Married-civ-spouse,Prof-specialty,Husband,White,Male,0,0,50,United-States,0,0.8282579196657502,1,1,0.0
23,Private,490645,Some-college,10,Married-civ-spouse,Prof-specialty,Husband,White,Male,2829,0,42,United-States,0,0.00851991086872581,0,1,0.0
25,Private,123586,Some-college,10,Never-married,Adm-clerical,Unmarried,Other,Male,0,0,40,United-States,0,0.03311673921988791,0,1,0.0
20,,162667,11th,7,Never-married,,Unmarried,White,Male,0,0,40,El-Salvador,0,0.0025188931311327235,0,1,0.0
38,Self-emp-not-inc,31848,HS-grad,9,Married-civ-spouse,Farming-fishing,Husband,White,Male,0,0,50,United-States,0,0.24736697513564998,0,1,0.0
53,Private,215572,HS-grad,9,Never-married,Craft-repair,Not-in-family,White,Male,0,0,40,United-States,0,0.1301328596082114,0,1,0.0
39,Private,326342,11th,7,Married-civ-spouse,Other-service,Husband,Black,Male,2635,0,37,United-States,0,0.009484553118244305,0,1,0.0
37,Private,278924,HS-grad,9,Divorced,Sales,Not-in-family,White,Male,0,0,40,United-States,0,0.13260671990924888,0,1,0.0
30,Private,196342,Masters,14,Never-married,Prof-specialty,Not-in-family,White,Male,0,0,40,Ireland,0,0.24015907551245638,0,1,0.0
50,Private,165001,Bachelors,13,Married-civ-spouse,Craft-repair,Husband,White,Male,0,0,50,United-States,0,0.8685973712433596,1,1,0.0
28,Private,212640,Prof-school,15,Never-married,Prof-specialty,Not-in-family,White,Female,0,0,85,United-States,0,0.40425319969374923,0,1,0.0
20,,287681,Some-college,10,Never-married,,Own-child,White,Male,0,0,36,United-States,0,0.0027409825680953866,0,1,0.0
35,Private,184117,Bachelors,13,Never-married,Adm-clerical,Own-child,White,Female,0,0,40,United-States,0,0.07156233719527358,0,1,0.0
60,Federal-gov,286253,HS-grad,9,Married-spouse-absent,Handlers-cleaners,Not-in-family,White,Male,0,0,40,United-States,0,0.10444854533780294,0,1,0.0
25,Private,269015,HS-grad,9,Never-married,Other-service,Other-relative,Black,Female,0,0,40,United-States,0,0.0040648845561326065,0,1,0.0
55,Local-gov,84564,Prof-school,15,Divorced,Prof-specialty,Not-in-family,White,Female,0,0,39,United-States,0,0.5199966748677195,0,1,0.0
41,Private,94210,HS-grad,9,Divorced,Handlers-cleaners,Unmarried,White,Male,0,0,48,United-States,0,0.10636977384918056,0,1,0.0
20,Private,187592,Some-college,10,Never-married,Sales,Own-child,White,Male,0,0,40,United-States,0,0.004109998946234021,0,1,0.0
23,Private,209955,Some-college,10,Never-married,Sales,Own-child,White,Male,0,0,25,Canada,0,0.0063443385917016214,0,1,0.0
41,Private,169104,Bachelors,13,Married-civ-spouse,Craft-repair,Husband,Asian-Pac-Islander,Male,0,0,40,,1,0.824760337137792,1,1,0.0
17,Private,129396,11th,7,Never-married,Sales,Other-relative,White,Female,0,0,26,United-States,0,0.0010567451024863996,0,1,0.0
55,Private,89182,12th,8,Divorced,Machine-op-inspct,Not-in-family,White,Female,0,0,40,Italy,0,0.029099563125967096,0,1,0.0
21,,132053,Some-college,10,Never-married,,Own-child,White,Female,0,0,35,United-States,0,0.0086594875504803,0,1,0.0
26,,292803,Some-college,10,Divorced,,Other-relative,White,Female,0,0,35,United-States,0,0.008130807207487977,0,1,0.0
23,Private,177287,Some-college,10,Never-married,Exec-managerial,Other-relative,White,Female,0,0,40,United-States,0,0.008328343543894227,0,1,0.0
48,State-gov,122066,HS-grad,9,Married-civ-spouse,Adm-clerical,Husband,White,Male,0,0,35,United-States,1,0.6221676348636658,0,1,0.0
31,Private,175059,HS-grad,9,Divorced,Sales,Not-in-family,White,Female,0,0,40,United-States,0,0.06323761395573796,0,1,0.0
65,Local-gov,143570,Some-college,10,Never-married,Prof-specialty,Not-in-family,Black,Female,0,0,40,United-States,0,0.1590507689561917,0,1,0.0
43,Private,412379,Some-college,10,Never-married,Other-service,Unmarried,White,Female,0,0,28,United-States,0,0.029982119798731326,0,1,0.0
26,Private,167350,HS-grad,9,Never-married,Transport-moving,Own-child,White,Male,0,0,50,United-States,0,0.04844033166517033,0,1,0.0
36,State-gov,173273,Masters,14,Never-married,Prof-specialty,Not-in-family,Black,Female,0,0,40,United-States,0,0.22178858453444902,0,1,0.0
28,Private,162551,7th-8th,4,Married-civ-spouse,Machine-op-inspct,Other-relative,Asian-Pac-Islander,Female,0,0,48,China,0,0.08214388073219688,0,1,0.0
23,Self-emp-not-inc,191283,HS-grad,9,Never-married,Transport-moving,Own-child,White,Male,0,0,40,United-States,0,0.011042544919100164,0,1,0.0
79,Private,172220,7th-8th,4,Widowed,Priv-house-serv,Not-in-family,White,Female,2964,0,30,United-States,0,0.0010833248515828564,0,1,0.0
32,Self-emp-inc,196385,11th,7,Married-civ-spouse,Craft-repair,Husband,White,Male,0,0,40,United-States,0,0.23343752745844756,0,1,0.0
54,Private,192862,HS-grad,9,Divorced,Exec-managerial,Unmarried,White,Female,0,0,45,United-States,0,0.18418895990456116,0,1,0.0
44,Private,323627,Bachelors,13,Never-married,Exec-managerial,Not-in-family,White,Female,0,0,5,United-States,0,0.057928725205946205,0,1,0.0
46,Private,380162,HS-grad,9,Married-civ-spouse,Tech-support,Husband,Black,Male,0,0,40,United-States,1,0.6411084695348259,0,1,0.0
68,Private,211162,HS-grad,9,Married-civ-spouse,Exec-managerial,Husband,White,Male,0,0,40,United-States,0,0.7023466443815719,1,1,0.0
22,Private,184756,Some-college,10,Never-married,Sales,Own-child,White,Female,0,0,30,United-States,0,0.0086521106428145,0,1,0.0
54,Private,169719,Bachelors,13,Married-civ-spouse,Sales,Husband,White,Male,3103,0,40,United-States,1,0.9821317466266838,1,1,0.0
41,Private,66208,Prof-school,15,Divorced,Prof-specialty,Unmarried,White,Female,0,0,45,United-States,0,0.6018643760042299,0,1,0.0
18,Private,70021,HS-grad,9,Never-married,Handlers-cleaners,Own-child,White,Male,0,0,12,United-States,0,0.0008720886429016175,0,1,0.0
36,Private,75073,Some-college,10,Never-married,Craft-repair,Not-in-family,Black,Male,0,0,55,United-States,0,0.1374876534102528,0,1,0.0
35,Private,166193,HS-grad,9,Divorced,Machine-op-inspct,Own-child,White,Male,0,0,40,United-States,0,0.04502721886692674,0,1,0.0
63,Private,195338,Bachelors,13,Married-civ-spouse,Exec-managerial,Husband,White,Male,15024,0,45,United-States,1,0.9960518062806804,1,1,0.0
25,Private,145434,Some-college,10,Never-married,Machine-op-inspct,Not-in-family,White,Female,0,0,25,United-States,0,0.003312143661256141,0,1,0.0
51,Private,177705,Bachelors,13,Divorced,Sales,Not-in-family,White,Male,0,0,50,United-States,1,0.670415736388093,1,1,0.0
27,Private,110648,Bachelors,13,Never-married,Tech-support,Own-child,White,Male,0,0,40,United-States,0,0.037640847722565055,0,1,0.0
26,,296372,HS-grad,9,Divorced,,Own-child,White,Female,0,0,40,United-States,0,0.011974386541551148,0,1,0.0
52,Federal-gov,35546,HS-grad,9,Married-civ-spouse,Tech-support,Husband,White,Male,0,0,40,United-States,0,0.8091052816993227,1,1,0.0
21,Private,234108,HS-grad,9,Never-married,Sales,Not-in-family,White,Male,0,0,40,United-States,0,0.018942580733228107,0,1,0.0
73,Private,139978,11th,7,Married-civ-spouse,Machine-op-inspct,Husband,White,Male,0,0,40,United-States,0,0.1762729204583427,0,1,0.0
41,Private,116391,Bachelors,13,Married-civ-spouse,Exec-managerial,Husband,White,Male,0,0,40,United-States,1,0.8803170594861749,1,1,0.0
26,Private,48280,Bachelors,13,Never-married,Prof-specialty,Not-in-family,White,Female,0,0,40,United-States,0,0.05266399115195261,0,1,0.0
53,Private,174020,Masters,14,Divorced,Prof-specialty,Unmarried,White,Female,0,1876,38,United-States,0,0.32194452985070665,0,1,0.0
32,Private,326283,Bachelors,13,Never-married,Other-service,Unmarried,Other,Male,0,0,40,United-States,0,0.09270393245743253,0,1,0.0
46,Private,70754,Bachelors,13,Married-civ-spouse,Prof-specialty,Husband,White,Male,0,0,40,United-States,1,0.8760819560562677,1,1,0.0
53,Private,194501,11th,7,Widowed,Other-service,Own-child,White,Female,0,0,47,United-States,0,0.059378796798053995,0,1,0.0
21,Private,301199,Some-college,10,Never-married,Machine-op-inspct,Own-child,White,Female,0,0,40,United-States,0,0.0037613369276120303,0,1,0.0
45,Private,192835,Bachelors,13,Married-civ-spouse,Exec-managerial,Husband,White,Male,0,1977,55,United-States,1,0.9939719692295639,1,1,0.0
21,,436431,Preschool,1,Married-civ-spouse,,Other-relative,White,Female,0,0,40,Mexico,0,0.0031053445233148102,0,1,0.0
61,Private,191188,10th,6,Widowed,Farming-fishing,Unmarried,White,Male,0,0,20,United-States,0,0.02284857646113202,0,1,0.0
26,Private,147821,Bachelors,13,Never-married,Sales,Own-child,White,Female,0,0,45,,0,0.05318728424636343,0,1,0.0
38,State-gov,91670,Some-college,10,Divorced,Prof-specialty,Own-child,Asian-Pac-Islander,Female,0,0,40,United-States,0,0.09405527178578746,0,1,0.0
44,Local-gov,165304,Some-college,10,Married-civ-spouse,Exec-managerial,Husband,White,Male,0,1485,40,United-States,1,0.9167120737606334,1,1,0.0
43,Private,137126,Some-college,10,Married-civ-spouse,Exec-managerial,Husband,White,Male,0,0,40,United-States,1,0.8559849366520237,1,1,0.0
26,,375313,Some-college,10,Never-married,,Own-child,Asian-Pac-Islander,Male,0,0,40,Philippines,0,0.06384659801959976,0,1,0.0
23,Private,77581,Bachelors,13,Never-married,Exec-managerial,Own-child,White,Male,0,0,40,United-States,0,0.021778907335676844,0,1,0.0
26,Private,159732,HS-grad,9,Never-married,Machine-op-inspct,Not-in-family,White,Male,0,0,52,United-States,0,0.032211329542618086,0,1,0.0
46,Local-gov,222115,Bachelors,13,Divorced,Adm-clerical,Not-in-family,White,Female,99999,0,40,United-States,1,0.9979074532049287,1,1,0.0
28,Private,76313,Some-college,10,Married-civ-spouse,Craft-repair,Husband,Amer-Indian-Eskimo,Male,0,0,60,United-States,0,0.3885529942293879,0,1,0.0
28,Self-emp-not-inc,420054,HS-grad,9,Married-civ-spouse,Craft-repair,Husband,White,Male,0,0,40,Italy,0,0.36525544890693773,0,1,0.0
57,Private,319733,Bachelors,13,Married-civ-spouse,Machine-op-inspct,Husband,White,Male,0,0,40,Poland,1,0.6615233556109211,1,1,0.0
56,State-gov,143931,Bachelors,13,Widowed,Prof-specialty,Not-in-family,White,Female,0,0,40,United-States,0,0.3602573687527423,0,1,0.0
46,Self-emp-not-inc,328216,Prof-school,15,Married-civ-spouse,Prof-specialty,Husband,White,Male,0,0,45,United-States,1,0.9363842949707605,1,1,0.0
45,Private,155093,10th,6,Divorced,Other-service,Not-in-family,Black,Female,0,0,38,Dominican-Republic,0,0.018047285101252843,0,1,0.0
34,Private,309513,HS-grad,9,Married-civ-spouse,Machine-op-inspct,Husband,White,Male,0,0,40,United-States,0,0.34402202515622676,0,1,0.0
32,Private,86808,Some-college,10,Never-married,Other-service,Own-child,White,Female,0,0,38,United-States,0,0.022806109812367515,0,1,0.0
24,Private,181557,HS-grad,9,Never-married,Handlers-cleaners,Own-child,Black,Male,0,0,40,United-States,0,0.004976972238452826,0,1,0.0
55,Self-emp-not-inc,68006,7th-8th,4,Never-married,Other-service,Other-relative,White,Female,0,0,60,United-States,0,0.032010676034558816,0,1,0.0
30,Private,171889,Prof-school,15,Never-married,Tech-support,Own-child,White,Female,0,0,24,United-States,0,0.060332786339818374,0,1,0.0
24,Private,204172,Bachelors,13,Never-married,Sales,Other-relative,White,Female,0,0,40,United-States,0,0.02828280833057655,0,1,0.0
34,Private,269243,Some-college,10,Never-married,Adm-clerical,Own-child,White,Female,0,0,40,United-States,0,0.029995886377807684,0,1,0.0
39,Private,370795,HS-grad,9,Never-married,Adm-clerical,Unmarried,Black,Female,0,0,40,United-States,0,0.01360361625524352,0,1,0.0
38,Self-emp-not-inc,180477,Prof-school,15,Married-civ-spouse,Prof-specialty,Husband,White,Male,0,0,37,United-States,1,0.9386787150764052,1,1,0.0
28,Self-emp-not-inc,169460,Assoc-voc,11,Married-civ-spouse,Farming-fishing,Husband,White,Male,0,0,80,United-States,0,0.3391662806344083,0,1,0.0
38,Private,168355,HS-grad,9,Married-civ-spouse,Craft-repair,Husband,White,Male,0,0,48,United-States,0,0.6640500203343038,1,1,0.0
31,Private,168906,Bachelors,13,Divorced,Exec-managerial,Not-in-family,White,Female,0,0,50,United-States,1,0.6591273607278776,1,1,0.0
24,,376474,HS-grad,9,Married-civ-spouse,,Husband,White,Male,0,0,40,United-States,0,0.1042986060958831,0,1,0.0
46,Local-gov,155654,Masters,14,Never-married,Prof-specialty,Not-in-family,White,Female,0,0,40,United-States,0,0.43474772634702835,0,1,0.0
49,Self-emp-not-inc,111066,Bachelors,13,Married-civ-spouse,Craft-repair,Husband,White,Male,0,0,50,United-States,1,0.7789536974318393,1,1,0.0
29,Local-gov,218650,Some-college,10,Never-married,Adm-clerical,Not-in-family,White,Female,0,0,40,United-States,0,0.026713173469171982,0,1,0.0
51,Private,202752,HS-grad,9,Never-married,Craft-repair,Not-in-family,Black,Male,0,0,40,United-States,0,0.07348989949920472,0,1,0.0
44,Private,168515,Some-college,10,Divorced,Adm-clerical,Not-in-family,White,Female,0,0,40,Germany,0,0.04720370686423439,0,1,0.0
31,Federal-gov,103651,HS-grad,9,Married-civ-spouse,Adm-clerical,Husband,White,Male,0,0,45,United-States,1,0.6312717790985813,0,1,0.0
35,Private,190297,7th-8th,4,Married-civ-spouse,Craft-repair,Husband,White,Male,0,0,40,United-States,0,0.14847222439887406,0,1,0.0
42,Private,149546,Some-college,10,Divorced,Craft-repair,Unmarried,White,Male,0,0,30,United-States,0,0.063926900772143,0,1,0.0
28,Private,142764,HS-grad,9,Never-married,Machine-op-inspct,Not-in-family,White,Male,0,0,48,United-States,0,0.03447795938811568,0,1,0.0
35,Local-gov,230754,Masters,14,Never-married,Prof-specialty,Own-child,Black,Female,0,0,40,United-States,0,0.12558410976705797,0,1,0.0
37,Self-emp-not-inc,188563,HS-grad,9,Married-civ-spouse,Transport-moving,Husband,White,Male,0,0,55,United-States,0,0.5259692112134216,0,1,0.0
20,State-gov,334113,Some-college,10,Married-civ-spouse,Other-service,Husband,White,Male,0,0,40,United-States,0,0.01879878431902565,0,1,0.0
58,Private,95835,Some-college,10,Married-civ-spouse,Tech-support,Husband,White,Male,0,0,36,United-States,0,0.762459478435373,1,1,0.0
49,Self-emp-not-inc,182211,HS-grad,9,Widowed,Farming-fishing,Not-in-family,White,Male,0,0,55,United-States,0,0.20030704860909282,0,1,0.0
25,Private,427744,10th,6,Married-civ-spouse,Exec-managerial,Husband,White,Male,0,0,40,United-States,0,0.21706608993008916,0,1,0.0
45,Private,54260,Some-college,10,Divorced,Craft-repair,Unmarried,White,Male,0,0,99,United-States,0,0.24455472268643325,0,1,0.0
43,Private,347653,Some-college,10,Married-civ-spouse,Prof-specialty,Husband,White,Male,0,0,48,United-States,1,0.837604992418173,1,1,0.0
47,Private,217509,HS-grad,9,Widowed,Priv-house-serv,Not-in-family,Asian-Pac-Islander,Female,0,0,45,Thailand,0,0.03135165883506783,0,1,0.0
27,Self-emp-not-inc,120126,Some-college,10,Married-civ-spouse,Exec-managerial,Husband,White,Male,0,0,40,United-States,0,0.4535089417950374,0,1,0.0
28,Private,137296,Assoc-acdm,12,Never-married,Other-service,Not-in-family,Black,Female,0,0,40,United-States,0,0.025612698479620243,0,1,0.0
41,Self-emp-inc,397280,Bachelors,13,Married-civ-spouse,Exec-managerial,Husband,White,Male,0,0,72,,0,0.9061409236340818,1,1,0.0
49,Private,240859,11th,7,Married-civ-spouse,Craft-repair,Husband,White,Male,0,0,40,Cuba,0,0.3131928094909819,0,1,0.0
23,Private,64520,10th,6,Never-married,Craft-repair,Not-in-family,White,Male,0,0,40,United-States,0,0.015594193303088444,0,1,0.0
47,Private,147236,HS-grad,9,Married-civ-spouse,Craft-repair,Husband,White,Male,0,0,40,United-States,1,0.670506045216765,1,1,0.0
39,Private,225504,Masters,14,Never-married,Prof-specialty,Not-in-family,White,Male,0,0,40,United-States,0,0.5800580195917493,0,1,0.0
37,Self-emp-inc,98389,HS-grad,9,Married-civ-spouse,Exec-managerial,Husband,White,Male,0,0,50,United-States,1,0.7845980606699967,1,1,0.0
45,Private,168232,HS-grad,9,Married-civ-spouse,Craft-repair,Husband,White,Male,0,0,56,United-States,1,0.7342014978957523,1,1,0.0
34,Federal-gov,67083,Bachelors,13,Never-married,Exec-managerial,Unmarried,Asian-Pac-Islander,Male,1471,0,40,Cambodia,0,0.01820585209795593,0,1,0.0
31,Private,124827,HS-grad,9,Never-married,Other-service,Not-in-family,White,Male,0,0,40,United-States,0,0.03351609523345256,0,1,0.0
28,Private,378460,Bachelors,13,Never-married,Adm-clerical,Not-in-family,White,Male,10520,0,60,United-States,1,0.9982818380201453,1,1,0.0
22,Private,117767,Some-college,10,Never-married,Sales,Own-child,White,Male,0,0,18,United-States,0,0.004899158435218617,0,1,0.0
56,Local-gov,212864,HS-grad,9,Married-civ-spouse,Transport-moving,Husband,White,Male,0,0,40,United-States,1,0.6795551567228062,1,1,0.0
38,,242221,HS-grad,9,Never-married,,Unmarried,Black,Female,0,0,38,United-States,0,0.012444698263638152,0,1,0.0
44,Private,194924,HS-grad,9,Married-civ-spouse,Sales,Husband,White,Male,0,0,35,United-States,1,0.6205811234235573,0,1,0.0
40,Self-emp-not-inc,182516,Assoc-acdm,12,Married-civ-spouse,Adm-clerical,Wife,White,Female,0,0,40,United-States,0,0.795642603858266,1,1,0.0
27,Self-emp-not-inc,123116,HS-grad,9,Married-civ-spouse,Transport-moving,Husband,White,Male,0,0,40,United-States,0,0.28109353674410736,0,1,0.0
28,Private,209109,Bachelors,13,Married-civ-spouse,Other-service,Husband,White,Male,0,0,50,United-States,0,0.5202708215401152,0,1,0.0
36,Private,134367,HS-grad,9,Divorced,Other-service,Own-child,White,Female,0,0,30,United-States,0,0.025695071017665227,0,1,0.0
18,,256191,HS-grad,9,Never-married,,Own-child,Black,Female,0,0,25,United-States,0,0.0007276003680454077,0,1,0.0
47,Private,264052,Some-college,10,Married-civ-spouse,Prof-specialty,Husband,White,Male,0,0,50,United-States,1,0.8242798400208392,1,1,0.0
43,Private,316820,Assoc-acdm,12,Married-civ-spouse,Exec-managerial,Husband,White,Male,7688,0,40,United-States,1,0.9984632124267365,1,1,0.0
38,Private,269318,Bachelors,13,Married-civ-spouse,Adm-clerical,Husband,White,Male,5178,0,50,United-States,1,0.9915586590111887,1,1,0.0
30,Private,296538,9th,5,Divorced,Farming-fishing,Own-child,White,Male,0,0,30,United-States,0,0.013470157658816356,0,1,0.0
50,State-gov,76728,Some-college,10,Divorced,Adm-clerical,Not-in-family,White,Female,0,0,39,United-States,0,0.05024797851193887,0,1,0.0
42,Private,192569,Prof-school,15,Divorced,Prof-specialty,Not-in-family,White,Female,0,0,39,United-States,1,0.7397840752310078,1,1,0.0
35,Private,180988,Some-college,10,Divorced,Adm-clerical,Unmarried,White,Female,0,0,39,United-States,0,0.04643374453734574,0,1,0.0
44,Private,271792,Bachelors,13,Married-spouse-absent,Exec-managerial,Unmarried,White,Female,0,0,40,United-States,0,0.33117282686207056,0,1,0.0
56,Private,31782,10th,6,Married-civ-spouse,Sales,Husband,White,Male,0,0,40,United-States,0,0.3176071333889238,0,1,0.0
19,Private,187724,Some-college,10,Never-married,Other-service,Own-child,White,Female,0,0,25,United-States,0,0.001432824357431771,0,1,0.0
23,,234970,Some-college,10,Never-married,,Own-child,Black,Female,0,0,40,United-States,0,0.007244191355794322,0,1,0.0
56,Local-gov,571017,Some-college,10,Married-civ-spouse,Adm-clerical,Wife,White,Female,0,0,15,United-States,0,0.6546477892438521,1,1,0.0
45,,154430,Some-college,10,Divorced,,Not-in-family,White,Female,0,0,35,United-States,0,0.0754649758497106,0,1,0.0
36,Federal-gov,116580,Assoc-voc,11,Married-civ-spouse,Prof-specialty,Wife,White,Female,0,0,45,United-States,1,0.8644501992053828,1,1,0.0
31,Self-emp-not-inc,234537,Some-college,10,Married-civ-spouse,Craft-repair,Husband,White,Male,0,0,60,United-States,0,0.5836874650601521,0,1,0.0
38,Private,213260,HS-grad,9,Separated,Protective-serv,Not-in-family,Black,Male,0,0,40,United-States,0,0.07332824377224978,0,1,0.0
24,Private,92609,Bachelors,13,Never-married,Exec-managerial,Own-child,White,Male,0,0,45,United-States,0,0.04374907105031497,0,1,0.0
19,,138153,Some-college,10,Never-married,,Own-child,White,Female,0,0,40,United-States,0,0.002112198840356443,0,1,0.0
40,Private,137304,Bachelors,13,Divorced,Adm-clerical,Not-in-family,Black,Female,0,0,40,United-States,0,0.09878151161581171,0,1,0.0
35,Private,177482,HS-grad,9,Married-civ-spouse,Machine-op-inspct,Husband,Amer-Indian-Eskimo,Male,0,0,40,United-States,0,0.35643074287064463,0,1,0.0
39,Private,192251,10th,6,Divorced,Other-service,Not-in-family,White,Female,0,0,60,United-States,0,0.07125064850300503,0,1,0.0
35,Self-emp-not-inc,32528,HS-grad,9,Married-civ-spouse,Transport-moving,Husband,White,Male,0,0,50,United-States,0,0.24195750161797985,0,1,0.0
41,Private,33331,HS-grad,9,Married-civ-spouse,Craft-repair,Husband,White,Male,0,0,45,United-States,0,0.5993123911284194,0,1,0.0
41,Private,175883,HS-grad,9,Married-civ-spouse,Transport-moving,Husband,White,Male,0,0,60,United-States,0,0.6714964818232789,1,1,0.0
29,Private,286452,Assoc-acdm,12,Divorced,Sales,Unmarried,White,Female,3418,0,40,United-States,0,0.002935432972845424,0,1,0.0
21,Private,204596,Assoc-acdm,12,Never-married,Adm-clerical,Own-child,White,Female,0,0,8,United-States,0,0.0024589608933681954,0,1,0.0
17,,235661,10th,6,Never-married,,Own-child,White,Female,0,0,30,United-States,0,0.0009060209316583784,0,1,0.0
39,Private,156897,HS-grad,9,Never-married,Craft-repair,Own-child,White,Male,0,2258,42,United-States,1,0.6789112079254591,1,1,0.0
23,,99399,Some-college,10,Never-married,,Unmarried,Amer-Indian-Eskimo,Female,0,0,25,United-States,0,0.00356386511601929,0,1,0.0
54,Self-emp-not-inc,104748,10th,6,Married-civ-spouse,Sales,Husband,White,Male,0,0,65,United-States,0,0.39347509878624515,0,1,0.0
25,Local-gov,109972,Bachelors,13,Never-married,Prof-specialty,Own-child,White,Male,0,0,45,United-States,0,0.038332980941365634,0,1,0.0
22,Private,416356,Some-college,10,Never-married,Craft-repair,Unmarried,White,Male,0,0,40,United-States,0,0.014843127523199802,0,1,0.0
32,Private,202729,HS-grad,9,Married-civ-spouse,Transport-moving,Own-child,White,Male,0,0,40,United-States,0,0.33055289739115035,0,1,0.0
59,Private,42959,HS-grad,9,Widowed,Other-service,Not-in-family,White,Female,0,0,36,United-States,0,0.030018075464846694,0,1,0.0
39,Private,185099,HS-grad,9,Married-civ-spouse,Exec-managerial,Husband,White,Male,0,0,40,United-States,0,0.7920507170490789,1,1,0.0
36,Private,52327,Masters,14,Married-civ-spouse,Prof-specialty,Husband,Other,Male,0,0,40,Iran,1,0.8339140774154944,1,1,0.0
51,Private,316059,Some-college,10,Divorced,Exec-managerial,Not-in-family,White,Female,0,0,36,United-States,0,0.1855332337489552,0,1,0.0
36,Private,126675,Masters,14,Married-civ-spouse,Prof-specialty,Husband,White,Male,0,1977,50,United-States,1,0.9915802899213321,1,1,0.0
25,Private,267594,Some-college,10,Married-civ-spouse,Adm-clerical,Wife,White,Female,0,0,40,United-States,0,0.5859723929168401,0,1,0.0
36,Private,143486,HS-grad,9,Married-civ-spouse,Transport-moving,Husband,White,Male,7298,0,50,United-States,1,0.9976885166329497,1,1,0.0
35,Local-gov,91124,Bachelors,13,Never-married,Exec-managerial,Not-in-family,White,Male,0,0,40,United-States,0,0.2531596867932487,0,1,0.0
20,Private,230113,Some-college,10,Never-married,Other-service,Own-child,White,Male,0,0,50,United-States,0,0.006940451828959377,0,1,0.0
26,Private,388812,Some-college,10,Never-married,Sales,Not-in-family,Black,Male,0,0,35,United-States,0,0.011595767718259454,0,1,0.0
35,Private,139364,HS-grad,9,Married-civ-spouse,Sales,Husband,White,Male,0,1902,40,United-States,1,0.9893759139418188,1,1,0.0
23,,44793,HS-grad,9,Never-married,,Not-in-family,White,Male,0,0,40,United-States,0,0.010478639777832017,0,1,0.0
45,Private,88781,Bachelors,13,Married-civ-spouse,Craft-repair,Husband,White,Male,0,0,40,Germany,1,0.7695066207861702,1,1,0.0
48,Federal-gov,328606,HS-grad,9,Divorced,Handlers-cleaners,Not-in-family,White,Male,0,0,40,United-States,0,0.12357587388350993,0,1,0.0
33,Private,229636,HS-grad,9,Never-married,Craft-repair,Not-in-family,White,Male,0,0,40,Mexico,0,0.04145179633109644,0,1,0.0
53,Private,239155,Some-college,10,Married-civ-spouse,Exec-managerial,Husband,White,Male,0,0,50,United-States,1,0.8769188111525988,1,1,0.0
21,Private,129980,9th,5,Never-married,Transport-moving,Own-child,White,Male,0,0,40,United-States,0,0.007046536646048631,0,1,0.0
18,Private,236069,10th,6,Never-married,Other-service,Own-child,Black,Male,0,0,10,United-States,0,0.001082132327511675,0,1,0.0
47,Private,169549,HS-grad,9,Married-civ-spouse,Craft-repair,Husband,White,Male,0,0,40,United-States,1,0.670506045216765,1,1,0.0
50,State-gov,392668,Doctorate,16,Married-civ-spouse,Prof-specialty,Husband,White,Male,0,0,40,United-States,1,0.9504728252590858,1,1,0.0
38,Private,65291,Bachelors,13,Married-civ-spouse,Tech-support,Wife,White,Female,0,0,24,United-States,0,0.7904605114263462,1,1,0.0
30,Private,181212,Some-college,10,Never-married,Exec-managerial,Other-relative,White,Female,0,0,40,United-States,0,0.026792008111389785,0,1,0.0
49,Self-emp-not-inc,130206,HS-grad,9,Divorced,Other-service,Not-in-family,White,Female,0,0,40,United-States,0,0.037670169220735884,0,1,0.0
37,Private,319831,HS-grad,9,Married-civ-spouse,Transport-moving,Husband,White,Male,0,0,55,United-States,1,0.7457676513319997,1,1,0.0
27,Private,386036,Some-college,10,Never-married,Transport-moving,Not-in-family,White,Male,0,0,48,United-States,0,0.08371137431011463,0,1,0.0
21,Private,370990,Some-college,10,Never-married,Sales,Own-child,White,Male,0,0,40,United-States,0,0.008425310676466924,0,1,0.0
39,Private,266960,Some-college,10,Divorced,Machine-op-inspct,Not-in-family,White,Female,0,0,25,United-States,0,0.018597886672078394,0,1,0.0
53,Private,311269,HS-grad,9,Divorced,Other-service,Not-in-family,White,Female,0,0,40,United-States,0,0.03710707339856034,0,1,0.0
22,Private,88050,Assoc-acdm,12,Married-civ-spouse,Exec-managerial,Husband,Asian-Pac-Islander,Male,0,0,6,United-States,0,0.0739766994438445,0,1,0.0
39,Self-emp-inc,117555,Bachelors,13,Married-civ-spouse,Exec-managerial,Husband,White,Male,0,0,60,United-States,1,0.9026351464665764,1,1,0.0
49,Self-emp-inc,211020,Doctorate,16,Married-civ-spouse,Prof-specialty,Husband,White,Male,15024,0,50,United-States,1,0.9993522921704173,1,1,0.0
53,Private,185846,HS-grad,9,Married-civ-spouse,Craft-repair,Husband,White,Male,0,0,40,United-States,0,0.670506045216765,1,1,0.0
35,Private,159179,Some-college,10,Never-married,Sales,Not-in-family,White,Male,0,0,40,United-States,0,0.1916264547676361,0,1,0.0
50,Self-emp-not-inc,89737,Some-college,10,Married-civ-spouse,Craft-repair,Husband,White,Male,0,0,48,United-States,0,0.6495605565016597,1,1,0.0
42,Private,110318,HS-grad,9,Widowed,Exec-managerial,Not-in-family,White,Female,0,0,40,United-States,0,0.1589214988143055,0,1,0.0
53,Federal-gov,218382,Assoc-acdm,12,Married-civ-spouse,Adm-clerical,Wife,Black,Female,0,0,40,United-States,1,0.8573615454843231,1,1,0.0
36,Private,35429,Some-college,10,Married-civ-spouse,Exec-managerial,Husband,White,Male,0,0,60,United-States,0,0.7546142781575524,1,1,0.0
41,Federal-gov,34178,Bachelors,13,Divorced,Prof-specialty,Not-in-family,White,Male,0,0,40,United-States,0,0.4609301634014226,0,1,0.0
27,Private,269354,Bachelors,13,Married-civ-spouse,Sales,Husband,White,Male,0,0,25,,0,0.4540084812942389,0,1,0.0
39,Private,286789,Bachelors,13,Married-civ-spouse,Exec-managerial,Husband,White,Male,0,0,40,United-States,1,0.8921831113856553,1,1,0.0
36,Self-emp-not-inc,143385,HS-grad,9,Married-civ-spouse,Farming-fishing,Husband,White,Male,0,0,60,United-States,0,0.32844037295507467,0,1,0.0
33,Private,143485,HS-grad,9,Married-civ-spouse,Handlers-cleaners,Husband,Black,Male,0,0,40,United-States,0,0.18632020313088804,0,1,0.0
51,Self-emp-inc,200046,Bachelors,13,Separated,Sales,Unmarried,White,Male,0,2824,40,United-States,1,0.9396989008433796,1,1,0.0
51,Federal-gov,223206,Doctorate,16,Married-civ-spouse,Prof-specialty,Husband,Asian-Pac-Islander,Male,15024,0,40,Vietnam,1,0.999115760573202,1,1,0.0
42,Local-gov,178983,Bachelors,13,Divorced,Prof-specialty,Unmarried,White,Female,0,0,37,United-States,0,0.18386590532851183,0,1,0.0
52,Private,180142,Masters,14,Married-civ-spouse,Tech-support,Husband,White,Male,0,0,45,United-States,0,0.9257145674214184,1,1,0.0
51,Private,162988,10th,6,Divorced,Other-service,Unmarried,White,Female,0,0,25,United-States,0,0.01493621528111498,0,1,0.0
64,,338355,Assoc-voc,11,Married-civ-spouse,,Wife,White,Female,0,0,15,United-States,0,0.4521875193917448,0,1,0.0
44,Private,144925,Some-college,10,Divorced,Machine-op-inspct,Not-in-family,White,Male,3325,0,40,United-States,0,0.011477738259774231,0,1,0.0
29,Federal-gov,33315,Assoc-acdm,12,Divorced,Adm-clerical,Not-in-family,White,Female,0,0,40,United-States,0,0.07211130070634277,0,1,0.0
23,Private,107801,Bachelors,13,Never-married,Adm-clerical,Own-child,White,Female,0,0,20,United-States,0,0.00420737024349784,0,1,0.0
37,,102541,Assoc-voc,11,Married-civ-spouse,,Wife,Amer-Indian-Eskimo,Female,0,0,40,United-States,0,0.5429193686628129,0,1,0.0
37,Private,127961,HS-grad,9,Never-married,Machine-op-inspct,Not-in-family,White,Male,0,0,40,United-States,0,0.03431729070369944,0,1,0.0
58,Self-emp-not-inc,159021,Doctorate,16,Married-civ-spouse,Prof-specialty,Husband,White,Male,0,0,16,United-States,1,0.8127951402562561,1,1,0.0
57,Federal-gov,97837,Some-college,10,Divorced,Prof-specialty,Not-in-family,White,Male,0,0,48,United-States,1,0.5686446348746496,0,1,0.0
19,,184308,Some-college,10,Married-civ-spouse,,Wife,White,Female,0,0,30,United-States,0,0.016652381311197256,0,1,0.0
51,Local-gov,96190,Some-college,10,Married-civ-spouse,Adm-clerical,Wife,White,Female,0,0,40,United-States,0,0.7596889189269594,1,1,0.0
22,Private,482082,11th,7,Married-civ-spouse,Machine-op-inspct,Not-in-family,White,Female,0,0,40,Mexico,0,0.01211711988318805,0,1,0.0
48,Private,152953,7th-8th,4,Married-civ-spouse,Craft-repair,Husband,White,Male,0,0,32,Dominican-Republic,0,0.1352892675490347,0,1,0.0
28,Private,250135,Some-college,10,Divorced,Exec-managerial,Not-in-family,White,Female,0,0,40,United-States,0,0.10068116441804977,0,1,0.0
26,Private,282142,Assoc-voc,11,Married-civ-spouse,Exec-managerial,Wife,White,Female,0,0,40,United-States,0,0.6657272398854027,1,1,0.0
23,Private,449432,Some-college,10,Never-married,Adm-clerical,Own-child,White,Male,0,0,40,United-States,0,0.012641719809142304,0,1,0.0
29,Private,148069,Assoc-voc,11,Never-married,Adm-clerical,Not-in-family,White,Female,0,0,40,United-States,0,0.028672640982276,0,1,0.0
29,Private,122112,Bachelors,13,Married-civ-spouse,Sales,Wife,White,Female,0,0,50,United-States,0,0.8284160943523678,1,1,0.0
70,Private,216390,9th,5,Married-civ-spouse,Machine-op-inspct,Wife,White,Female,2653,0,40,United-States,0,0.013296554382438085,0,1,0.0
32,Private,194740,Bachelors,13,Married-civ-spouse,Sales,Husband,White,Male,0,1902,40,United-States,1,0.9905950884913811,1,1,0.0
18,Private,115725,11th,7,Never-married,Other-service,Own-child,White,Female,0,0,12,United-States,0,0.0005828337939355571,0,1,0.0
25,Private,262885,11th,7,Never-married,Other-service,Unmarried,Black,Female,0,0,32,United-States,0,0.004641834275954983,0,1,0.0
35,Private,162302,Some-college,10,Never-married,Tech-support,Own-child,White,Female,0,0,32,United-States,0,0.05141922050909048,0,1,0.0
43,Local-gov,256253,Bachelors,13,Married-civ-spouse,Prof-specialty,Husband,White,Male,0,0,55,United-States,1,0.8538567919008673,1,1,0.0
46,Private,315423,Some-college,10,Married-civ-spouse,Sales,Husband,White,Male,0,2042,50,United-States,0,0.05473445542542715,0,1,0.0
18,Private,310175,12th,8,Never-married,Other-service,Own-child,White,Female,0,0,12,United-States,0,0.000764721573978342,0,1,0.0
32,Private,207301,HS-grad,9,Never-married,Handlers-cleaners,Not-in-family,White,Female,0,0,40,United-States,0,0.015348357954535052,0,1,0.0
30,Federal-gov,295010,Bachelors,13,Never-married,Protective-serv,Not-in-family,White,Female,0,0,60,United-States,1,0.7763772206849079,1,1,0.0
24,Private,274398,Some-college,10,Never-married,Adm-clerical,Own-child,Black,Female,0,0,20,United-States,0,0.0022743419697305307,0,1,0.0
35,Private,149455,Some-college,10,Separated,Exec-managerial,Own-child,Black,Female,0,0,40,United-States,0,0.035125499208793765,0,1,0.0
46,Self-emp-inc,191978,Masters,14,Married-civ-spouse,Exec-managerial,Husband,White,Male,0,2392,50,United-States,1,0.9946543877140024,1,1,0.0
30,State-gov,111883,Some-college,10,Never-married,Prof-specialty,Not-in-family,White,Male,0,0,40,United-States,0,0.07977214237588998,0,1,0.0
37,Private,302604,Some-college,10,Separated,Other-service,Other-relative,White,Female,0,0,40,United-States,0,0.019969903899065028,0,1,0.0
19,Private,238474,11th,7,Never-married,Machine-op-inspct,Own-child,White,Male,0,0,40,United-States,0,0.0028985749752255606,0,1,0.0
51,Private,210736,HS-grad,9,Married-spouse-absent,Craft-repair,Not-in-family,White,Male,0,0,40,United-States,0,0.16884597200412557,0,1,0.0
28,Private,210765,HS-grad,9,Never-married,Craft-repair,Own-child,White,Male,0,0,40,United-States,0,0.027764108935492936,0,1,0.0
51,Private,180807,Some-college,10,Divorced,Exec-managerial,Unmarried,White,Female,0,0,40,United-States,0,0.18274776595376782,0,1,0.0
37,Self-emp-not-inc,32239,HS-grad,9,Divorced,Farming-fishing,Not-in-family,White,Male,27828,0,40,United-States,1,0.982795762642327,1,1,0.0
26,Private,273876,HS-grad,9,Never-married,Other-service,Not-in-family,White,Male,0,0,60,United-States,0,0.04902559163960959,0,1,0.0
32,Private,215047,7th-8th,4,Married-civ-spouse,Machine-op-inspct,Husband,White,Male,0,0,40,United-States,0,0.14422421186124623,0,1,0.0
55,Private,123436,Assoc-voc,11,Married-civ-spouse,Prof-specialty,Husband,White,Male,0,0,40,United-States,1,0.8156595173437168,1,1,0.0
21,,262062,Some-college,10,Never-married,,Own-child,White,Female,0,0,40,United-States,0,0.005573198899369345,0,1,0.0
18,Private,39529,12th,8,Never-married,Other-service,Own-child,White,Female,0,0,32,United-States,0,0.0009454468366049143,0,1,0.0
37,Self-emp-not-inc,504871,Some-college,10,Married-civ-spouse,Craft-repair,Husband,White,Male,0,0,40,United-States,0,0.6412245220497361,0,1,0.0
23,Private,69911,Preschool,1,Never-married,Other-service,Own-child,White,Female,0,0,15,United-States,0,0.0007639470177353112,0,1,0.0
51,Private,57698,HS-grad,9,Married-spouse-absent,Other-service,Unmarried,White,Female,0,0,40,United-States,0,0.03486287184761125,0,1,0.0
33,Private,160594,Some-college,10,Married-civ-spouse,Exec-managerial,Husband,White,Male,7298,0,40,United-States,1,0.9975975125127905,1,1,0.0
62,Local-gov,68268,HS-grad,9,Married-civ-spouse,Transport-moving,Husband,White,Male,0,0,40,United-States,0,0.6313057394054785,0,1,0.0
39,Private,98975,Bachelors,13,Never-married,Sales,Not-in-family,White,Female,8614,0,50,United-States,1,0.9978950105010853,1,1,0.0
25,Private,236564,HS-grad,9,Never-married,Adm-clerical,Not-in-family,White,Male,0,0,40,United-States,0,0.0362012548673663,0,1,0.0
37,,111268,Assoc-voc,11,Never-married,,Own-child,White,Female,0,0,32,United-States,0,0.024469974119953268,0,1,0.0
56,Private,112840,HS-grad,9,Married-civ-spouse,Exec-managerial,Husband,White,Male,0,0,55,United-States,1,0.8310773903886844,1,1,0.0
33,Self-emp-not-inc,75417,HS-grad,9,Separated,Other-service,Unmarried,White,Female,0,0,8,United-States,0,0.012318753674409651,0,1,0.0
24,Private,132247,HS-grad,9,Married-civ-spouse,Other-service,Wife,White,Female,0,0,24,United-States,0,0.06112935691129189,0,1,0.0
33,Self-emp-not-inc,103435,Prof-school,15,Married-civ-spouse,Prof-specialty,Husband,White,Male,7688,0,50,United-States,1,0.9989858135968369,1,1,0.0
37,Self-emp-not-inc,31095,Assoc-voc,11,Married-civ-spouse,Farming-fishing,Husband,White,Male,0,0,60,United-States,1,0.31118069631418777,0,1,0.0
39,Private,140169,10th,6,Separated,Other-service,Unmarried,White,Female,0,0,40,Mexico,0,0.007537885625532135,0,1,0.0
29,Federal-gov,204796,10th,6,Separated,Exec-managerial,Not-in-family,White,Female,0,0,40,United-States,0,0.08427277897599676,0,1,0.0
32,State-gov,317647,HS-grad,9,Never-married,Transport-moving,Own-child,White,Male,0,0,40,United-States,0,0.027484338870848293,0,1,0.0
34,Private,93699,HS-grad,9,Separated,Sales,Unmarried,White,Female,0,0,50,United-States,0,0.10144924496318591,0,1,0.0
49,Private,225124,HS-grad,9,Divorced,Other-service,Own-child,Black,Female,0,0,40,United-States,0,0.0325510217231319,0,1,0.0
63,Private,213095,Bachelors,13,Married-civ-spouse,Exec-managerial,Husband,White,Male,0,0,50,United-States,1,0.916671870744939,1,1,0.0
21,Private,230229,HS-grad,9,Never-married,Handlers-cleaners,Other-relative,White,Male,0,0,40,Mexico,0,0.00526287834561286,0,1,0.0
46,Private,164749,Some-college,10,Married-civ-spouse,Exec-managerial,Husband,White,Male,0,0,40,United-States,1,0.8667014984418335,1,1,0.0
29,Private,341846,Masters,14,Never-married,Prof-specialty,Not-in-family,White,Female,0,0,50,United-States,0,0.3024089980600183,0,1,0.0
34,Private,130021,HS-grad,9,Married-civ-spouse,Transport-moving,Husband,White,Male,0,0,48,United-States,0,0.5521305194389275,0,1,0.0
29,Private,115064,HS-grad,9,Never-married,Other-service,Not-in-family,White,Male,0,0,40,United-States,0,0.026521952309646324,0,1,0.0
34,Private,132835,HS-grad,9,Never-married,Other-service,Unmarried,Black,Female,0,0,40,United-States,0,0.01157306185719862,0,1,0.0
29,Private,367706,Some-college,10,Never-married,Adm-clerical,Own-child,Black,Male,0,0,40,United-States,0,0.018942890696946046,0,1,0.0
39,Local-gov,91039,Masters,14,Married-civ-spouse,Exec-managerial,Husband,White,Male,0,0,45,United-States,0,0.9078757022722143,1,1,0.0
51,State-gov,193720,HS-grad,9,Married-civ-spouse,Craft-repair,Husband,White,Male,0,0,56,United-States,1,0.7553019342383417,1,1,0.0
67,Private,192670,HS-grad,9,Divorced,Sales,Not-in-family,White,Female,0,0,20,United-States,0,0.04651337815579654,0,1,0.0
31,Self-emp-not-inc,226624,9th,5,Married-civ-spouse,Craft-repair,Husband,White,Male,0,0,60,United-States,0,0.2423228329112623,0,1,0.0
41,Private,197344,HS-grad,9,Never-married,Craft-repair,Not-in-family,White,Male,0,0,54,United-States,0,0.18834396305703843,0,1,0.0
43,Private,260761,HS-grad,9,Married-civ-spouse,Machine-op-inspct,Husband,White,Male,0,0,40,Mexico,0,0.11122237165728512,0,1,0.0
33,Private,181824,HS-grad,9,Married-civ-spouse,Sales,Wife,White,Female,0,0,20,United-States,0,0.2771046686493729,0,1,0.0
36,State-gov,323726,Some-college,10,Never-married,Tech-support,Unmarried,Black,Female,0,0,40,United-States,0,0.025050537119994526,0,1,0.0
45,Private,59287,Bachelors,13,Married-civ-spouse,Exec-managerial,Husband,White,Male,0,0,40,United-States,0,0.8804884154054492,1,1,0.0
54,Self-emp-inc,119570,Assoc-acdm,12,Married-civ-spouse,Sales,Husband,White,Male,0,0,50,United-States,1,0.840627559420942,1,1,0.0
39,Private,365009,Bachelors,13,Never-married,Handlers-cleaners,Own-child,White,Male,0,0,40,United-States,0,0.23140805981660503,0,1,0.0
36,Self-emp-not-inc,111957,Some-college,10,Married-civ-spouse,Exec-managerial,Husband,White,Male,0,0,52,United-States,0,0.6547757352927168,1,1,0.0
20,Private,344278,11th,7,Separated,Other-service,Own-child,White,Female,0,0,40,United-States,0,0.0052893506529268705,0,1,0.0
34,Private,220631,Assoc-voc,11,Never-married,Other-service,Not-in-family,White,Male,0,0,50,,0,0.1509527445258632,0,1,0.0
38,State-gov,203628,Bachelors,13,Married-civ-spouse,Prof-specialty,Husband,White,Male,0,0,45,United-States,1,0.8707279342708858,1,1,0.0
46,Local-gov,236827,9th,5,Separated,Other-service,Unmarried,Black,Female,0,0,40,United-States,0,0.014346606533762109,0,1,0.0
31,Private,157640,Bachelors,13,Married-civ-spouse,Sales,Husband,White,Male,7688,0,55,United-States,1,0.9985749775258533,1,1,0.0
45,Private,175925,HS-grad,9,Married-civ-spouse,Craft-repair,Husband,White,Male,0,0,40,United-States,0,0.6506531672513295,1,1,0.0
32,Local-gov,217296,HS-grad,9,Married-civ-spouse,Transport-moving,Wife,White,Female,4064,0,22,United-States,0,0.022139148264166752,0,1,0.0
51,,165637,Masters,14,Married-civ-spouse,,Husband,White,Male,0,0,40,United-States,0,0.8524102532464449,1,1,0.0
25,Private,198318,HS-grad,9,Married-civ-spouse,Machine-op-inspct,Husband,White,Male,0,0,50,United-States,0,0.18551798508162137,0,1,0.0
34,Private,293900,11th,7,Married-spouse-absent,Craft-repair,Not-in-family,Black,Male,0,0,55,United-States,0,0.12413968156456102,0,1,0.0
33,Self-emp-inc,281832,Doctorate,16,Married-civ-spouse,Prof-specialty,Husband,White,Male,0,0,40,Cuba,1,0.8969540428416796,1,1,0.0
52,Private,204447,HS-grad,9,Married-civ-spouse,Machine-op-inspct,Husband,White,Male,4386,0,40,United-States,1,0.9291523089147421,1,1,0.0
40,Private,282155,HS-grad,9,Separated,Other-service,Other-relative,White,Female,0,0,25,United-States,0,0.008626749166962135,0,1,0.0
52,Private,48947,Assoc-voc,11,Widowed,Other-service,Unmarried,White,Female,0,0,13,United-States,0,0.016612758072641898,0,1,0.0
60,Private,139586,Assoc-voc,11,Widowed,Exec-managerial,Unmarried,Asian-Pac-Islander,Female,0,0,40,United-States,1,0.33698417202570485,0,1,0.0
31,Private,217460,HS-grad,9,Married-civ-spouse,Transport-moving,Husband,White,Male,0,0,45,United-States,1,0.5622361903911679,0,1,0.0
48,Private,73434,HS-grad,9,Married-civ-spouse,Adm-clerical,Wife,White,Female,0,0,40,Germany,1,0.661899667884648,1,1,0.0
56,Private,134286,Some-college,10,Married-civ-spouse,Exec-managerial,Husband,White,Male,0,0,45,United-States,0,0.8787971842299308,1,1,0.0
34,Local-gov,176802,11th,7,Separated,Other-service,Unmarried,Black,Female,0,0,40,United-States,0,0.010123318655620042,0,1,0.0
34,Self-emp-inc,198613,HS-grad,9,Married-civ-spouse,Exec-managerial,Husband,White,Male,0,2002,40,United-States,0,0.06305681507677587,0,1,0.0
19,Private,316868,Some-college,10,Never-married,Other-service,Own-child,White,Male,0,0,30,Mexico,0,0.0036818278203624676,0,1,0.0
46,Local-gov,93639,Bachelors,13,Divorced,Prof-specialty,Unmarried,White,Female,0,0,40,United-States,0,0.20436047981268463,0,1,0.0
49,Private,297884,HS-grad,9,Married-civ-spouse,Machine-op-inspct,Husband,White,Male,4064,0,50,United-States,0,0.08672392621977199,0,1,0.0
17,Private,216137,11th,7,Never-married,Sales,Own-child,White,Female,0,0,8,United-States,0,0.0005096270699745382,0,1,0.0
34,Private,202046,HS-grad,9,Married-civ-spouse,Craft-repair,Husband,White,Male,0,0,35,United-States,1,0.3350441269322599,0,1,0.0
35,Self-emp-not-inc,216256,9th,5,Married-civ-spouse,Craft-repair,Husband,White,Male,0,0,50,United-States,0,0.23103430846873374,0,1,0.0
23,Private,205865,HS-grad,9,Married-civ-spouse,Machine-op-inspct,Husband,White,Male,0,2179,60,United-States,0,0.032682311547179536,0,1,0.0
53,Self-emp-not-inc,276369,HS-grad,9,Married-civ-spouse,Farming-fishing,Husband,White,Male,0,0,99,United-States,0,0.2080223491492432,0,1,0.0
46,Private,155659,Some-college,10,Married-civ-spouse,Craft-repair,Husband,White,Male,15024,0,45,United-States,1,0.9990988441456505,1,1,0.0
26,Private,260614,HS-grad,9,Married-civ-spouse,Machine-op-inspct,Husband,White,Male,0,0,40,United-States,0,0.1558328702211026,0,1,0.0
52,Private,127749,HS-grad,9,Married-civ-spouse,Transport-moving,Husband,White,Male,0,0,50,United-States,0,0.7463145709532195,1,1,0.0
56,Local-gov,157525,Some-college,10,Divorced,Protective-serv,Not-in-family,Black,Male,0,0,48,United-States,0,0.6048447213939415,0,1,0.0
31,Private,258849,Assoc-voc,11,Never-married,Adm-clerical,Unmarried,Black,Female,0,0,40,United-States,0,0.014589638084418596,0,1,0.0
41,Private,42563,Bachelors,13,Married-civ-spouse,Tech-support,Wife,White,Female,0,0,25,United-States,1,0.744507208835214,1,1,0.0
32,Private,248584,HS-grad,9,Never-married,Farming-fishing,Own-child,White,Male,0,0,40,United-States,0,0.014628706912641374,0,1,0.0
59,Local-gov,221417,HS-grad,9,Married-civ-spouse,Protective-serv,Husband,White,Male,0,0,40,United-States,1,0.7456658230242532,1,1,0.0
45,,319993,HS-grad,9,Widowed,,Unmarried,White,Female,0,0,40,Mexico,0,0.009899123979261345,0,1,0.0
54,Self-emp-not-inc,139023,Some-college,10,Married-civ-spouse,Sales,Husband,White,Male,0,0,40,United-States,0,0.6652019682844194,1,1,0.0
41,Federal-gov,255543,Some-college,10,Married-civ-spouse,Adm-clerical,Husband,White,Male,0,0,40,United-States,1,0.8584579363108673,1,1,0.0
37,Private,193106,Bachelors,13,Never-married,Sales,Not-in-family,White,Female,0,0,30,United-States,0,0.06136069055310414,0,1,0.0
25,Local-gov,125863,Bachelors,13,Never-married,Prof-specialty,Own-child,White,Male,0,0,35,United-States,0,0.022270278016997994,0,1,0.0
47,Federal-gov,211123,HS-grad,9,Married-civ-spouse,Craft-repair,Husband,White,Male,0,0,40,United-States,0,0.762609044283628,1,1,0.0
27,Private,180758,Assoc-acdm,12,Never-married,Sales,Not-in-family,White,Male,0,0,40,United-States,0,0.07293851020213396,0,1,0.0
60,Private,145493,Some-college,10,Divorced,Adm-clerical,Not-in-family,White,Female,0,0,40,United-States,0,0.0638328887387267,0,1,0.0
41,State-gov,116520,Doctorate,16,Married-civ-spouse,Prof-specialty,Husband,White,Male,0,0,40,United-States,1,0.9338303075711099,1,1,0.0
35,Private,210310,HS-grad,9,Married-civ-spouse,Sales,Husband,White,Male,0,0,55,United-States,1,0.6772262720080957,1,1,0.0
38,Private,227794,Bachelors,13,Never-married,Adm-clerical,Not-in-family,Black,Male,0,0,40,United-States,0,0.12470210660434179,0,1,0.0
47,Federal-gov,176917,Some-college,10,Married-civ-spouse,Adm-clerical,Husband,White,Male,0,0,48,United-States,1,0.8982311866849098,1,1,0.0
39,Private,288551,HS-grad,9,Married-civ-spouse,Craft-repair,Husband,Black,Male,0,0,40,United-States,0,0.4924710291418126,0,1,0.0
31,Federal-gov,180656,HS-grad,9,Never-married,Adm-clerical,Own-child,White,Male,0,0,35,United-States,0,0.02090898171950449,0,1,0.0
38,Private,195025,HS-grad,9,Separated,Other-service,Unmarried,Black,Female,0,0,32,United-States,0,0.010398166155817734,0,1,0.0
53,Private,175220,Bachelors,13,Married-civ-spouse,Sales,Husband,Asian-Pac-Islander,Male,7688,0,48,Taiwan,1,0.9986115688632968,1,1,0.0
63,Private,171635,Bachelors,13,Married-civ-spouse,Sales,Husband,White,Male,0,0,40,United-States,0,0.8317372584190544,1,1,0.0
28,Private,82531,Some-college,10,Never-married,Other-service,Not-in-family,Black,Male,0,0,40,United-States,0,0.022557747354133975,0,1,0.0
23,Private,227594,HS-grad,9,Never-married,Adm-clerical,Not-in-family,White,Female,0,0,30,United-States,0,0.0064814705892376175,0,1,0.0
24,Private,208946,Assoc-voc,11,Never-married,Craft-repair,Not-in-family,White,Male,0,0,40,United-States,0,0.03414410430978662,0,1,0.0
47,Private,24723,10th,6,Divorced,Exec-managerial,Not-in-family,Amer-Indian-Eskimo,Female,0,0,45,United-States,0,0.096336844813215,0,1,0.0
25,Private,185287,Some-college,10,Never-married,Adm-clerical,Not-in-family,White,Male,0,0,40,United-States,0,0.04022890406101657,0,1,0.0
29,Private,67306,HS-grad,9,Never-married,Adm-clerical,Unmarried,Amer-Indian-Eskimo,Female,0,0,40,United-States,0,0.012615474868718283,0,1,0.0
20,Private,163205,Some-college,10,Separated,Other-service,Own-child,White,Female,0,0,30,United-States,0,0.002429418403869011,0,1,0.0
50,Private,200783,7th-8th,4,Divorced,Craft-repair,Not-in-family,White,Male,0,0,60,United-States,0,0.26583517445707633,0,1,0.0
24,Local-gov,234108,Some-college,10,Never-married,Protective-serv,Not-in-family,White,Male,0,0,40,United-States,0,0.09954093764239354,0,1,0.0
26,Private,195562,HS-grad,9,Never-married,Machine-op-inspct,Own-child,Black,Male,0,0,40,United-States,0,0.005090104801403051,0,1,0.0
36,Private,74706,10th,6,Divorced,Craft-repair,Unmarried,White,Female,0,0,40,United-States,0,0.025943547470476717,0,1,0.0
37,Self-emp-inc,57424,Bachelors,13,Divorced,Sales,Not-in-family,White,Female,0,0,60,United-States,0,0.3650211265106108,0,1,0.0
39,Private,403489,11th,7,Divorced,Transport-moving,Own-child,White,Male,0,0,40,United-States,0,0.08809170303743108,0,1,0.0
31,Private,136398,Doctorate,16,Married-civ-spouse,Prof-specialty,Husband,Asian-Pac-Islander,Male,0,0,50,Thailand,1,0.8575171106043121,1,1,0.0
21,Private,83141,HS-grad,9,Never-married,Farming-fishing,Not-in-family,White,Male,0,0,53,United-States,0,0.03377384816043103,0,1,0.0
43,Federal-gov,211763,Doctorate,16,Separated,Prof-specialty,Unmarried,Black,Female,0,0,24,United-States,1,0.4607657392668392,0,1,0.0
53,State-gov,153486,Some-college,10,Married-civ-spouse,Farming-fishing,Husband,White,Male,0,0,50,United-States,0,0.6033947462446319,0,1,0.0
39,Self-emp-not-inc,190023,Bachelors,13,Married-civ-spouse,Sales,Husband,White,Male,0,0,60,United-States,0,0.8114901695690119,1,1,0.0
28,Private,195573,HS-grad,9,Married-civ-spouse,Transport-moving,Husband,White,Male,0,0,50,United-States,0,0.46399025985910336,0,1,0.0
28,Private,273269,Some-college,10,Never-married,Craft-repair,Not-in-family,Black,Male,0,0,40,United-States,0,0.031105611958961443,0,1,0.0
35,Private,186815,HS-grad,9,Married-civ-spouse,Machine-op-inspct,Husband,White,Male,0,0,40,United-States,0,0.44055739826343043,0,1,0.0
39,Private,115618,HS-grad,9,Married-civ-spouse,Transport-moving,Husband,White,Male,0,0,50,United-States,0,0.5890320909585959,0,1,0.0
31,Private,500002,1st-4th,2,Married-civ-spouse,Farming-fishing,Husband,White,Male,0,0,45,Mexico,0,0.15091779920398368,0,1,0.0
68,Private,166149,HS-grad,9,Widowed,Adm-clerical,Not-in-family,White,Female,0,2206,30,United-States,0,0.05092350123601541,0,1,0.0
26,Private,108019,HS-grad,9,Never-married,Craft-repair,Own-child,White,Male,3325,0,40,United-States,0,0.002276708647170549,0,1,0.0
27,Private,363053,9th,5,Never-married,Priv-house-serv,Unmarried,White,Female,0,0,24,Mexico,0,0.002423635271267837,0,1,0.0
28,Private,334368,Assoc-voc,11,Never-married,Prof-specialty,Not-in-family,White,Female,4650,0,40,United-States,0,0.011640588039378405,0,1,0.0
23,Private,199011,11th,7,Never-married,Craft-repair,Own-child,White,Male,0,0,3,United-States,0,0.0035729247604370834,0,1,0.0
32,Private,174789,HS-grad,9,Never-married,Machine-op-inspct,Unmarried,White,Male,0,0,40,United-States,0,0.030226189252472245,0,1,0.0
17,Private,108085,12th,8,Never-married,Other-service,Own-child,White,Female,0,0,24,United-States,0,0.0006251203712638058,0,1,0.0
36,Federal-gov,106297,Masters,14,Married-civ-spouse,Exec-managerial,Husband,White,Male,0,0,40,United-States,1,0.9311516644092248,1,1,0.0
20,Private,200153,HS-grad,9,Never-married,Other-service,Own-child,White,Female,0,0,38,United-States,0,0.0016945722996116739,0,1,0.0
57,Private,161964,HS-grad,9,Married-civ-spouse,Craft-repair,Husband,White,Male,0,0,55,United-States,0,0.7287997729624318,1,1,0.0
30,Private,374454,HS-grad,9,Divorced,Transport-moving,Own-child,Black,Male,0,0,40,United-States,0,0.01863194120226366,0,1,0.0
52,Self-emp-inc,287927,HS-grad,9,Married-civ-spouse,Exec-managerial,Wife,White,Female,15024,0,40,United-States,1,0.9989026991558764,1,1,0.0
54,Private,206369,HS-grad,9,Married-civ-spouse,Machine-op-inspct,Husband,White,Male,5178,0,50,United-States,1,0.9903279681108129,1,1,0.0
57,Self-emp-not-inc,287229,HS-grad,9,Married-civ-spouse,Craft-repair,Husband,White,Male,0,0,48,United-States,1,0.5481259431023268,0,1,0.0
55,Private,236520,Assoc-voc,11,Married-civ-spouse,Craft-repair,Husband,White,Male,0,0,40,United-States,1,0.7664871708905977,1,1,0.0
37,Private,249720,Bachelors,13,Never-married,Adm-clerical,Unmarried,Black,Female,0,0,27,United-States,0,0.023730988941442308,0,1,0.0
48,Private,108699,HS-grad,9,Never-married,Adm-clerical,Not-in-family,White,Female,0,0,40,United-States,0,0.04137938080599926,0,1,0.0
33,Private,301251,HS-grad,9,Married-civ-spouse,Craft-repair,Husband,White,Male,0,0,60,United-States,1,0.6003160664712047,0,1,0.0
44,Private,75012,HS-grad,9,Married-civ-spouse,Farming-fishing,Husband,White,Male,0,0,80,United-States,0,0.26754182057094994,0,1,0.0
20,Private,482732,10th,6,Never-married,Machine-op-inspct,Not-in-family,White,Male,0,0,40,United-States,0,0.0036069733067883134,0,1,0.0
36,Private,195516,HS-grad,9,Divorced,Machine-op-inspct,Not-in-family,White,Male,0,0,40,United-States,0,0.04285680992772659,0,1,0.0
49,Private,366089,Bachelors,13,Married-civ-spouse,Exec-managerial,Husband,White,Male,0,0,50,United-States,1,0.942134606463254,1,1,0.0
36,Self-emp-not-inc,34180,HS-grad,9,Never-married,Farming-fishing,Not-in-family,White,Male,0,0,70,United-States,1,0.21158790015636478,0,1,0.0
22,Federal-gov,216129,HS-grad,9,Never-married,Adm-clerical,Other-relative,White,Male,0,0,40,United-States,0,0.029556889659250837,0,1,0.0
41,Self-emp-inc,244172,Some-college,10,Married-civ-spouse,Craft-repair,Husband,White,Male,0,0,40,,1,0.7079628885349909,1,1,0.0
18,,137363,Some-college,10,Never-married,,Own-child,White,Female,0,0,4,United-States,0,0.0009042064901182521,0,1,0.0
34,Private,349148,Some-college,10,Married-civ-spouse,Other-service,Husband,White,Male,0,0,63,United-States,0,0.48843811032075907,0,1,0.0
49,Private,723746,HS-grad,9,Married-civ-spouse,Craft-repair,Husband,White,Male,0,0,43,United-States,0,0.658196364084733,1,1,0.0
20,Private,107882,Some-college,10,Never-married,Adm-clerical,Own-child,White,Female,0,0,20,United-States,0,0.0009363149200926287,0,1,0.0
43,Private,176716,Bachelors,13,Married-civ-spouse,Transport-moving,Husband,White,Male,0,0,70,United-States,1,0.7861770353919763,1,1,0.0
53,State-gov,153486,Bachelors,13,Married-civ-spouse,Tech-support,Husband,White,Male,0,0,40,United-States,1,0.8898283845473582,1,1,0.0
24,Private,111368,Some-college,10,Never-married,Adm-clerical,Own-child,White,Female,0,0,40,United-States,0,0.016179113573639946,0,1,0.0
47,Private,431245,7th-8th,4,Married-civ-spouse,Craft-repair,Husband,White,Male,0,0,40,United-States,0,0.3897468770914446,0,1,0.0
26,Private,248990,HS-grad,9,Married-civ-spouse,Craft-repair,Husband,White,Male,0,0,40,Mexico,0,0.0913761947231279,0,1,0.0
25,Private,390316,9th,5,Married-civ-spouse,Craft-repair,Husband,White,Male,0,0,40,Mexico,0,0.053647269789224704,0,1,0.0
21,Self-emp-not-inc,318865,Some-college,10,Never-married,Other-service,Own-child,White,Male,0,0,30,United-States,0,0.0114024931631025,0,1,0.0
36,Private,152307,HS-grad,9,Married-civ-spouse,Machine-op-inspct,Husband,White,Male,0,0,40,United-States,0,0.4912989856031393,0,1,0.0
33,Private,255004,HS-grad,9,Never-married,Transport-moving,Not-in-family,White,Male,2354,0,61,United-States,0,0.007927154544152246,0,1,0.0
61,Self-emp-inc,134768,Some-college,10,Married-civ-spouse,Sales,Husband,White,Male,0,0,40,United-States,0,0.7762189811964766,1,1,0.0
28,Self-emp-not-inc,176027,HS-grad,9,Never-married,Other-service,Not-in-family,White,Female,0,0,28,United-States,0,0.017015182031425588,0,1,0.0
36,Private,269722,Bachelors,13,Married-civ-spouse,Exec-managerial,Husband,White,Male,0,0,55,United-States,1,0.911541585030695,1,1,0.0
21,Private,234108,Some-college,10,Never-married,Handlers-cleaners,Own-child,White,Male,0,0,40,United-States,0,0.006293454161627675,0,1,0.0
30,Private,188146,HS-grad,9,Married-civ-spouse,Machine-op-inspct,Husband,White,Male,5013,0,40,United-States,0,0.03875126253216812,0,1,0.0
56,Private,247337,Bachelors,13,Married-civ-spouse,Prof-specialty,Husband,White,Male,0,0,50,United-States,1,0.891118936175405,1,1,0.0
27,Private,263552,HS-grad,9,Never-married,Adm-clerical,Not-in-family,White,Male,0,0,50,United-States,0,0.08432794626573037,0,1,0.0
72,Self-emp-not-inc,47203,HS-grad,9,Married-civ-spouse,Farming-fishing,Husband,White,Male,4931,0,70,United-States,0,0.06969913049672824,0,1,0.0
24,Private,117767,Assoc-acdm,12,Never-married,Sales,Own-child,White,Male,0,0,20,United-States,0,0.007379315749970938,0,1,0.0
45,Private,140644,Doctorate,16,Divorced,Prof-specialty,Not-in-family,White,Male,0,0,45,United-States,1,0.8706860140042072,1,1,0.0
22,Private,209646,Bachelors,13,Never-married,Prof-specialty,Own-child,White,Female,0,0,6,United-States,0,0.005869645898460125,0,1,0.0
62,Private,185503,Masters,14,Married-civ-spouse,Exec-managerial,Husband,White,Male,0,0,50,United-States,1,0.9129435345804551,1,1,0.0
41,Local-gov,307767,HS-grad,9,Married-civ-spouse,Protective-serv,Husband,White,Male,0,0,40,United-States,0,0.7567741369682962,1,1,0.0
48,Private,102102,Assoc-voc,11,Married-civ-spouse,Tech-support,Husband,White,Male,0,0,50,United-States,1,0.8340231378574741,1,1,0.0
42,Private,246011,Bachelors,13,Married-civ-spouse,Prof-specialty,Wife,White,Female,0,0,55,United-States,0,0.8863301507904681,1,1,0.0
49,Self-emp-not-inc,199326,Some-college,10,Married-civ-spouse,Sales,Husband,White,Male,0,0,50,United-States,0,0.6834117854583153,1,1,0.0
19,Self-emp-not-inc,194205,Some-college,10,Never-married,Other-service,Own-child,White,Female,0,0,40,Mexico,0,0.001444048671091965,0,1,0.0
56,Private,147653,HS-grad,9,Divorced,Adm-clerical,Unmarried,White,Female,0,0,32,United-States,0,0.035684732262759276,0,1,0.0
24,Private,289909,HS-grad,9,Never-married,Machine-op-inspct,Not-in-family,White,Male,0,0,40,United-States,0,0.009209973135715326,0,1,0.0
26,Private,61270,HS-grad,9,Never-married,Machine-op-inspct,Unmarried,Other,Female,0,0,40,Columbia,0,0.007923936429534323,0,1,0.0
22,Private,341610,Some-college,10,Never-married,Sales,Not-in-family,White,Male,0,0,35,,0,0.015511659344941047,0,1,0.0
56,Private,83196,HS-grad,9,Married-civ-spouse,Exec-managerial,Husband,White,Male,0,0,50,United-States,0,0.8159625421710278,1,1,0.0
22,Self-emp-not-inc,238917,HS-grad,9,Never-married,Handlers-cleaners,Not-in-family,White,Male,0,0,40,United-States,0,0.02618257028473404,0,1,0.0
28,Private,108569,Bachelors,13,Married-civ-spouse,Prof-specialty,Husband,White,Male,0,0,43,United-States,0,0.7662024159735882,1,1,0.0
45,Self-emp-inc,142719,HS-grad,9,Married-civ-spouse,Sales,Husband,White,Male,0,0,40,United-States,0,0.7029611818085725,1,1,0.0
38,Local-gov,185394,Bachelors,13,Married-civ-spouse,Prof-specialty,Wife,White,Female,7688,0,40,United-States,1,0.9987494234736545,1,1,0.0
26,Private,124111,Bachelors,13,Never-married,Adm-clerical,Not-in-family,White,Female,0,0,35,United-States,0,0.019516005925631037,0,1,0.0
69,Private,271312,HS-grad,9,Widowed,Adm-clerical,Not-in-family,White,Female,0,0,40,United-States,0,0.11557455335680274,0,1,0.0
52,Private,149908,Prof-school,15,Divorced,Prof-specialty,Unmarried,White,Female,25236,0,44,United-States,1,0.9987235444903609,1,1,0.0
34,Private,110476,HS-grad,9,Married-civ-spouse,Adm-clerical,Husband,White,Male,0,0,40,United-States,0,0.4620737202611422,0,1,0.0
56,Private,192869,Masters,14,Married-civ-spouse,Craft-repair,Husband,White,Male,0,1977,44,United-States,1,0.9921391473704501,1,1,0.0
58,Private,284834,Assoc-acdm,12,Divorced,Adm-clerical,Not-in-family,White,Female,0,0,40,United-States,0,0.05644110947104467,0,1,0.0
35,,365739,Some-college,10,Never-married,,Own-child,White,Male,0,0,40,United-States,0,0.0760871118592525,0,1,0.0
23,Private,180771,1st-4th,2,Married-civ-spouse,Machine-op-inspct,Wife,Amer-Indian-Eskimo,Female,0,0,35,Mexico,0,0.02725455006242951,0,1,0.0
27,Federal-gov,469705,HS-grad,9,Never-married,Craft-repair,Not-in-family,Black,Male,0,1980,40,United-States,0,0.004599793183506287,0,1,0.0
28,Private,371408,Bachelors,13,Never-married,Prof-specialty,Not-in-family,White,Male,0,0,47,United-States,0,0.37370130723224865,0,1,0.0
36,Private,369843,HS-grad,9,Married-civ-spouse,Other-service,Husband,White,Male,0,0,50,United-States,0,0.43013344596364306,0,1,0.0
63,Local-gov,147440,Some-college,10,Divorced,Exec-managerial,Not-in-family,White,Female,0,0,35,United-States,0,0.09061312297475953,0,1,0.0
19,Private,231972,11th,7,Never-married,Adm-clerical,Own-child,White,Female,0,0,20,United-States,0,0.0008251098156346345,0,1,0.0
27,Private,118230,Bachelors,13,Never-married,Exec-managerial,Own-child,White,Female,0,0,40,United-States,0,0.035262744441889926,0,1,0.0
43,Private,345789,Bachelors,13,Married-civ-spouse,Prof-specialty,Wife,White,Female,15024,0,50,United-States,1,0.9993511661154545,1,1,0.0
77,,232894,9th,5,Married-civ-spouse,,Husband,Black,Male,0,0,40,United-States,0,0.13453956382561377,0,1,0.0
31,Private,174215,HS-grad,9,Married-civ-spouse,Exec-managerial,Wife,White,Female,0,0,35,United-States,0,0.6957175693377401,1,1,0.0
23,Private,203078,Bachelors,13,Never-married,Adm-clerical,Own-child,Black,Male,0,0,24,United-States,0,0.005532014822160619,0,1,0.0
21,Private,572285,HS-grad,9,Never-married,Other-service,Other-relative,White,Female,0,0,20,United-States,0,0.002013410342023714,0,1,0.0
24,,174182,11th,7,Married-civ-spouse,,Wife,Other,Female,0,0,24,United-States,0,0.042021153699792875,0,1,0.0
30,Private,30290,HS-grad,9,Never-married,Machine-op-inspct,Not-in-family,White,Female,0,0,40,United-States,0,0.016613927350356335,0,1,0.0
49,Private,200949,10th,6,Never-married,Other-service,Unmarried,White,Female,0,0,38,Peru,0,0.014467881949419783,0,1,0.0
40,Private,100451,Some-college,10,Never-married,Craft-repair,Not-in-family,White,Male,0,0,40,United-States,0,0.20471849705063985,0,1,0.0
57,Self-emp-not-inc,110199,HS-grad,9,Married-civ-spouse,Farming-fishing,Husband,White,Male,0,0,20,United-States,0,0.120647422183941,0,1,0.0
27,Private,102142,Assoc-acdm,12,Never-married,Tech-support,Not-in-family,White,Male,0,0,40,United-States,0,0.0511138211467449,0,1,0.0
18,Private,228216,HS-grad,9,Never-married,Handlers-cleaners,Own-child,White,Male,0,0,20,United-States,0,0.0005433398238203151,0,1,0.0
61,Private,477209,7th-8th,4,Married-civ-spouse,Farming-fishing,Husband,White,Male,0,0,54,United-States,0,0.5326935884630186,0,1,0.0
19,Private,39026,HS-grad,9,Never-married,Other-service,Not-in-family,White,Male,0,0,30,United-States,0,0.0024846088643782883,0,1,0.0
30,Local-gov,311913,HS-grad,9,Married-civ-spouse,Adm-clerical,Wife,White,Female,0,0,40,United-States,1,0.6603435027408584,1,1,0.0
49,Self-emp-not-inc,102318,Assoc-acdm,12,Divorced,Exec-managerial,Not-in-family,White,Male,0,0,25,United-States,0,0.06878556199804944,0,1,0.0
24,Private,112137,Bachelors,13,Never-married,Sales,Own-child,Asian-Pac-Islander,Female,0,0,50,South,0,0.04589152291496828,0,1,0.0
24,Private,126822,HS-grad,9,Never-married,Adm-clerical,Unmarried,White,Female,0,0,45,United-States,0,0.020039162275155512,0,1,0.0
46,Private,34186,HS-grad,9,Married-civ-spouse,Handlers-cleaners,Husband,White,Male,0,0,40,United-States,0,0.3829083296012859,0,1,0.0
44,Federal-gov,469454,Assoc-voc,11,Married-civ-spouse,Protective-serv,Husband,White,Male,7298,0,48,United-States,1,0.9979550836096569,1,1,0.0
31,Private,87891,Some-college,10,Married-civ-spouse,Adm-clerical,Husband,White,Male,0,0,40,United-States,0,0.5714591478519216,0,1,0.0
51,Self-emp-not-inc,95435,HS-grad,9,Married-civ-spouse,Sales,Husband,White,Male,0,0,60,United-States,1,0.6264213204824917,0,1,0.0
56,,656036,HS-grad,9,Married-civ-spouse,,Husband,White,Male,0,0,25,United-States,0,0.23468194911570325,0,1,0.0
53,Federal-gov,174040,Some-college,10,Separated,Craft-repair,Not-in-family,Black,Male,0,0,40,United-States,0,0.16071649901131535,0,1,0.0
21,Private,198050,Assoc-acdm,12,Never-married,Adm-clerical,Not-in-family,White,Female,0,0,25,United-States,0,0.0033189088559053823,0,1,0.0
27,Private,79787,Masters,14,Never-married,Exec-managerial,Not-in-family,White,Female,0,0,25,United-States,0,0.013505478945394696,0,1,0.0
69,,164102,HS-grad,9,Divorced,,Not-in-family,White,Female,0,0,40,United-States,1,0.158785821840329,0,1,0.0
27,Private,160291,Some-college,10,Never-married,Adm-clerical,Unmarried,Black,Female,0,0,40,Germany,0,0.009025325407997997,0,1,0.0
41,,188436,HS-grad,9,Married-civ-spouse,,Husband,White,Male,0,0,20,Canada,0,0.13355144463118965,0,1,0.0
51,Self-emp-inc,318351,HS-grad,9,Divorced,Adm-clerical,Not-in-family,White,Female,0,1741,40,United-States,0,0.00601961650274317,0,1,0.0
45,Private,166636,HS-grad,9,Divorced,Other-service,Other-relative,Black,Female,0,0,35,United-States,0,0.013060251645556013,0,1,0.0
54,Self-emp-inc,263925,HS-grad,9,Divorced,Sales,Not-in-family,White,Male,0,0,50,United-States,0,0.3624529793442667,0,1,0.0
90,Private,311184,Bachelors,13,Married-civ-spouse,Sales,Husband,White,Male,0,0,20,,0,0.5081188321849843,0,1,0.0
47,Private,184402,HS-grad,9,Divorced,Other-service,Not-in-family,White,Male,0,0,32,United-States,0,0.064687723821814,0,1,0.0
32,Private,34104,HS-grad,9,Married-civ-spouse,Exec-managerial,Husband,White,Male,3103,0,55,United-States,1,0.9243159164415053,1,1,0.0
49,Self-emp-inc,197332,Some-college,10,Married-civ-spouse,Sales,Husband,White,Male,0,0,60,United-States,0,0.8185310267451165,1,1,0.0
28,Private,110408,HS-grad,9,Married-civ-spouse,Sales,Husband,White,Male,0,0,45,United-States,0,0.45462511838360053,0,1,0.0
64,Private,174826,HS-grad,9,Divorced,Machine-op-inspct,Not-in-family,White,Female,0,0,40,United-States,0,0.03328420276310793,0,1,0.0
35,Private,102976,HS-grad,9,Divorced,Exec-managerial,Not-in-family,White,Male,0,0,50,United-States,0,0.27495968094972056,0,1,0.0
27,Private,371103,Bachelors,13,Never-married,Adm-clerical,Not-in-family,Black,Female,0,0,40,United-States,0,0.018596037928018835,0,1,0.0
40,Private,141583,10th,6,Never-married,Other-service,Unmarried,Black,Female,0,0,40,United-States,0,0.00844528378514407,0,1,0.0
46,Self-emp-inc,167882,Assoc-voc,11,Divorced,Exec-managerial,Not-in-family,White,Female,8614,0,70,United-States,1,0.9973531233505195,1,1,0.0
23,Private,46645,Bachelors,13,Never-married,Prof-specialty,Not-in-family,White,Female,0,0,25,United-States,0,0.006029102617496121,0,1,0.0
37,Private,301614,Bachelors,13,Never-married,Machine-op-inspct,Other-relative,White,Male,0,0,40,United-States,0,0.03164196631721781,0,1,0.0
36,Self-emp-not-inc,206520,Bachelors,13,Never-married,Craft-repair,Own-child,White,Male,0,0,40,United-States,0,0.1565095254813017,0,1,0.0
18,,221312,Some-college,10,Never-married,,Other-relative,White,Male,0,0,40,United-States,0,0.0010717730840269066,0,1,0.0
51,Local-gov,114508,9th,5,Separated,Other-service,Other-relative,White,Female,0,0,40,United-States,0,0.006354745194859852,0,1,0.0
50,Private,140516,HS-grad,9,Married-civ-spouse,Protective-serv,Husband,White,Male,0,0,40,United-States,1,0.6759654785662856,1,1,0.0
64,Self-emp-not-inc,144391,Masters,14,Married-civ-spouse,Farming-fishing,Husband,White,Male,0,0,40,United-States,0,0.5584714900788801,0,1,0.0
38,State-gov,168223,Some-college,10,Divorced,Adm-clerical,Unmarried,White,Female,0,0,40,United-States,0,0.03937313870323398,0,1,0.0
28,Private,119287,Bachelors,13,Married-civ-spouse,Exec-managerial,Wife,White,Female,15024,0,28,United-States,1,0.9988791286733889,1,1,0.0
61,Self-emp-not-inc,44983,HS-grad,9,Married-civ-spouse,Craft-repair,Husband,White,Male,0,0,20,United-States,0,0.16309935229383263,0,1,0.0
22,Private,303822,10th,6,Never-married,Craft-repair,Own-child,White,Male,0,0,40,United-States,0,0.010724473121791114,0,1,0.0
51,Private,229272,HS-grad,9,Divorced,Other-service,Other-relative,Black,Male,0,0,32,Haiti,0,0.0135994411315816,0,1,0.0
21,State-gov,337766,Some-college,10,Never-married,Prof-specialty,Own-child,White,Male,0,0,20,United-States,0,0.0057936685670417045,0,1,0.0
19,Self-emp-not-inc,47176,Some-college,10,Never-married,Craft-repair,Not-in-family,White,Female,0,0,15,United-States,0,0.0018034758993676317,0,1,0.0
30,Private,122042,Masters,14,Married-civ-spouse,Exec-managerial,Husband,White,Male,0,0,45,United-States,1,0.9054911044019884,1,1,0.0
43,Private,236936,HS-grad,9,Divorced,Exec-managerial,Unmarried,White,Female,0,0,47,United-States,1,0.23930200077792077,0,1,0.0
65,,240857,Bachelors,13,Married-civ-spouse,,Husband,White,Male,0,2377,40,United-States,1,0.9480454720659002,1,1,0.0
40,Private,206927,HS-grad,9,Married-civ-spouse,Craft-repair,Husband,White,Male,0,1887,40,United-States,1,0.9916450821300301,1,1,0.0
23,Private,203203,Bachelors,13,Never-married,Prof-specialty,Not-in-family,White,Female,0,0,40,United-States,0,0.02616686609647404,0,1,0.0
36,Private,271767,Bachelors,13,Separated,Prof-specialty,Not-in-family,White,Male,0,0,40,,0,0.4444133246082309,0,1,0.0
46,Private,171228,HS-grad,9,Married-civ-spouse,Machine-op-inspct,Husband,White,Male,3411,0,35,Guatemala,0,0.04428030701406119,0,1,0.0
50,Private,238959,Bachelors,13,Married-civ-spouse,Sales,Husband,White,Male,99999,0,60,,1,0.9990413251730162,1,1,0.0
25,Private,69739,10th,6,Never-married,Machine-op-inspct,Own-child,White,Male,0,0,40,Portugal,0,0.00801977537639927,0,1,0.0
36,Private,148143,HS-grad,9,Never-married,Machine-op-inspct,Other-relative,Black,Female,0,0,40,United-States,0,0.003121747743731109,0,1,0.0
47,Private,264244,HS-grad,9,Married-spouse-absent,Craft-repair,Not-in-family,Black,Female,0,0,40,United-States,0,0.04852302121399009,0,1,0.0
50,,339547,Some-college,10,Married-civ-spouse,,Husband,Asian-Pac-Islander,Male,0,0,50,,0,0.8186375827480549,1,1,0.0
47,State-gov,100818,HS-grad,9,Married-civ-spouse,Adm-clerical,Wife,White,Female,0,0,40,United-States,1,0.6681105524588665,1,1,0.0
46,Private,166269,Some-college,10,Divorced,Sales,Unmarried,White,Male,0,0,50,United-States,0,0.5144045035624133,0,1,0.0
41,Private,267252,Some-college,10,Married-civ-spouse,Machine-op-inspct,Husband,Black,Male,0,1902,40,United-States,1,0.9634583378305476,1,1,0.0
30,Private,220915,Bachelors,13,Married-civ-spouse,Prof-specialty,Husband,White,Male,0,0,60,United-States,0,0.8506585382399824,1,1,0.0
49,Private,128736,Bachelors,13,Never-married,Prof-specialty,Unmarried,White,Female,0,0,40,United-States,0,0.32808008037620595,0,1,0.0
55,Local-gov,161662,Masters,14,Married-civ-spouse,Exec-managerial,Husband,White,Male,0,0,55,United-States,1,0.9342048677694265,1,1,0.0
39,Private,186934,HS-grad,9,Married-civ-spouse,Craft-repair,Husband,White,Male,0,0,38,United-States,0,0.5640565331231304,0,1,0.0
33,Private,92003,HS-grad,9,Married-civ-spouse,Adm-clerical,Wife,White,Female,0,0,40,United-States,0,0.5541984526773103,0,1,0.0
36,Local-gov,101833,Bachelors,13,Separated,Prof-specialty,Not-in-family,White,Male,0,0,40,United-States,0,0.24112599289228318,0,1,0.0
61,Private,101701,Bachelors,13,Married-civ-spouse,Other-service,Husband,Black,Male,0,0,20,United-States,0,0.26429238840567976,0,1,0.0
40,Private,111067,Bachelors,13,Married-civ-spouse,Handlers-cleaners,Husband,White,Male,0,0,80,United-States,1,0.5762069706490567,0,1,0.0
58,State-gov,280519,HS-grad,9,Divorced,Other-service,Own-child,Black,Male,0,0,40,United-States,0,0.030673315832159806,0,1,0.0
40,Private,434081,HS-grad,9,Divorced,Machine-op-inspct,Own-child,White,Female,0,0,40,United-States,0,0.03859495645345516,0,1,0.0
47,Private,124973,Assoc-voc,11,Married-civ-spouse,Exec-managerial,Husband,White,Male,15024,0,50,United-States,1,0.9991358444085157,1,1,0.0
33,Private,433375,1st-4th,2,Married-civ-spouse,Craft-repair,Husband,White,Male,0,0,35,Mexico,0,0.04786682758350053,0,1,0.0
37,Private,222450,HS-grad,9,Never-married,Sales,Not-in-family,White,Male,0,2339,40,El-Salvador,0,0.24042640107011962,0,1,0.0
72,Self-emp-not-inc,32819,Masters,14,Married-civ-spouse,Craft-repair,Husband,White,Male,0,0,30,United-States,0,0.44064444609834913,0,1,0.0
76,Private,208843,7th-8th,4,Widowed,Protective-serv,Not-in-family,White,Male,0,0,30,United-States,0,0.044772936576534264,0,1,0.0
33,State-gov,171151,HS-grad,9,Never-married,Adm-clerical,Not-in-family,Black,Female,0,0,40,United-States,0,0.008777922354926021,0,1,0.0
21,Private,34816,Assoc-voc,11,Married-civ-spouse,Adm-clerical,Wife,White,Female,0,0,12,United-States,0,0.058653021997109,0,1,0.0
41,Self-emp-inc,56019,Prof-school,15,Married-civ-spouse,Prof-specialty,Husband,Asian-Pac-Islander,Male,99999,0,50,India,1,0.9991773957574585,1,1,0.0
49,Private,180532,Masters,14,Married-spouse-absent,Prof-specialty,Not-in-family,White,Male,0,0,40,United-States,0,0.639593428443736,0,1,0.0
18,,173125,12th,8,Never-married,,Own-child,White,Female,0,0,24,United-States,0,0.0006748513232342976,0,1,0.0
53,Private,149784,Bachelors,13,Married-civ-spouse,Prof-specialty,Husband,White,Male,7688,0,40,United-States,1,0.9985225735508536,1,1,0.0
51,Private,508891,HS-grad,9,Divorced,Machine-op-inspct,Own-child,Black,Male,0,0,40,United-States,0,0.035783520584785275,0,1,0.0
43,Private,91949,HS-grad,9,Divorced,Machine-op-inspct,Not-in-family,Black,Female,0,0,40,United-States,0,0.012168461718283462,0,1,0.0
26,Private,125680,Bachelors,13,Never-married,Prof-specialty,Not-in-family,Asian-Pac-Islander,Male,0,0,16,Japan,0,0.02514096532256285,0,1,0.0
53,Local-gov,216931,Some-college,10,Married-civ-spouse,Protective-serv,Husband,White,Male,4386,0,40,United-States,1,0.9698574341944028,1,1,0.0
17,Private,132680,10th,6,Never-married,Other-service,Own-child,White,Female,0,1602,10,United-States,0,0.00045976755794124977,0,1,0.0
46,,202560,HS-grad,9,Married-civ-spouse,,Wife,White,Female,0,0,40,United-States,1,0.6343826132040022,0,1,0.0
30,Private,237903,Some-college,10,Never-married,Handlers-cleaners,Unmarried,White,Female,0,0,40,United-States,0,0.020299329398288123,0,1,0.0
46,Federal-gov,213140,Masters,14,Married-civ-spouse,Exec-managerial,Husband,White,Male,0,1977,40,United-States,1,0.9947436080972681,1,1,0.0
37,Private,38948,HS-grad,9,Married-civ-spouse,Machine-op-inspct,Husband,White,Male,0,0,40,United-States,1,0.528727137189219,0,1,0.0
51,Private,207449,Bachelors,13,Married-civ-spouse,Exec-managerial,Husband,White,Male,0,0,55,United-States,0,0.9292105032136118,1,1,0.0
37,Private,212826,HS-grad,9,Married-civ-spouse,Other-service,Husband,Black,Male,0,0,40,United-States,0,0.2941834965529946,0,1,0.0
33,Private,93206,5th-6th,3,Married-civ-spouse,Farming-fishing,Husband,Asian-Pac-Islander,Male,0,0,40,Philippines,0,0.09465405954781392,0,1,0.0
59,Private,100453,7th-8th,4,Separated,Other-service,Own-child,Black,Female,0,0,38,United-States,0,0.011154092883101013,0,1,0.0
39,Private,347960,Prof-school,15,Never-married,Prof-specialty,Not-in-family,White,Female,14084,0,35,United-States,1,0.9987139107231003,1,1,0.0
45,Local-gov,308275,Bachelors,13,Married-civ-spouse,Exec-managerial,Husband,Black,Male,7688,0,65,United-States,1,0.9986870344477872,1,1,0.0
33,Self-emp-not-inc,173495,HS-grad,9,Married-civ-spouse,Craft-repair,Husband,White,Male,0,0,50,United-States,0,0.4725148034098705,0,1,0.0
36,Private,282092,Assoc-acdm,12,Never-married,Tech-support,Not-in-family,White,Female,0,0,40,United-States,0,0.050801893616981376,0,1,0.0
34,Private,185216,Some-college,10,Never-married,Adm-clerical,Own-child,White,Male,0,0,40,United-States,0,0.06968060679095135,0,1,0.0
67,Self-emp-not-inc,107138,Some-college,10,Married-civ-spouse,Sales,Husband,White,Male,0,0,40,United-States,0,0.5906903994891989,0,1,0.0
59,Federal-gov,23789,HS-grad,9,Married-civ-spouse,Sales,Wife,White,Female,0,0,40,United-States,1,0.7334581352362534,1,1,0.0
52,Private,157413,1st-4th,2,Divorced,Farming-fishing,Not-in-family,Black,Male,0,0,40,United-States,0,0.020628131380051682,0,1,0.0
21,Private,33432,Some-college,10,Never-married,Prof-specialty,Own-child,White,Female,0,0,8,United-States,0,0.003546037793868913,0,1,0.0
19,Private,118352,Some-college,10,Never-married,Other-service,Own-child,White,Female,0,0,16,United-States,0,0.0010282480643107694,0,1,0.0
26,Local-gov,566066,Bachelors,13,Never-married,Protective-serv,Unmarried,Black,Female,0,0,40,United-States,0,0.028809868038912438,0,1,0.0
46,Private,102308,HS-grad,9,Married-civ-spouse,Handlers-cleaners,Husband,White,Male,0,0,56,United-States,1,0.5873467279095622,0,1,0.0
46,Private,280766,HS-grad,9,Divorced,Protective-serv,Not-in-family,White,Male,0,0,40,Cuba,0,0.15115246862158893,0,1,0.0
41,Private,356934,Some-college,10,Married-civ-spouse,Tech-support,Husband,White,Male,0,0,45,United-States,1,0.8678687681803599,1,1,0.0
42,Private,191149,HS-grad,9,Married-civ-spouse,Sales,Wife,White,Female,0,0,40,United-States,1,0.6901778521544573,1,1,0.0
47,Self-emp-not-inc,122307,Bachelors,13,Married-civ-spouse,Sales,Husband,White,Male,0,1887,40,United-States,1,0.9919078745465583,1,1,0.0
33,Local-gov,511289,Assoc-voc,11,Married-civ-spouse,Protective-serv,Husband,White,Male,0,0,48,United-States,1,0.8292792834650323,1,1,0.0
41,Private,718736,Some-college,10,Widowed,Other-service,Unmarried,White,Female,0,0,40,United-States,0,0.03119366205593472,0,1,0.0
47,State-gov,187581,Assoc-voc,11,Married-civ-spouse,Tech-support,Husband,White,Male,0,0,48,United-States,1,0.8429578469009766,1,1,0.0
19,Private,52372,Some-college,10,Never-married,Other-service,Own-child,White,Male,0,0,20,United-States,0,0.001370738814703346,0,1,0.0
22,,196943,Some-college,10,Separated,,Own-child,White,Male,0,0,25,United-States,0,0.005164610111274069,0,1,0.0
33,Local-gov,55921,Assoc-voc,11,Never-married,Protective-serv,Not-in-family,White,Male,0,0,70,United-States,0,0.369165857380753,0,1,0.0
21,Private,209955,HS-grad,9,Never-married,Craft-repair,Not-in-family,White,Male,0,0,48,United-States,0,0.020637907238893062,0,1,0.0
23,Private,1038553,HS-grad,9,Never-married,Exec-managerial,Not-in-family,Black,Male,0,0,45,United-States,0,0.007921102317883736,0,1,0.0
30,Private,112115,Bachelors,13,Married-civ-spouse,Exec-managerial,Husband,White,Male,0,0,50,United-States,1,0.8909251951915065,1,1,0.0
31,Private,182246,HS-grad,9,Divorced,Craft-repair,Not-in-family,White,Male,0,0,45,United-States,0,0.13584323421552852,0,1,0.0
36,Private,398575,Some-college,10,Never-married,Tech-support,Unmarried,White,Female,0,0,40,United-States,0,0.07052385688179456,0,1,0.0
54,Local-gov,173050,Masters,14,Married-civ-spouse,Prof-specialty,Husband,White,Male,7688,0,40,United-States,1,0.9984683568057667,1,1,0.0
27,State-gov,249362,Some-college,10,Married-civ-spouse,Transport-moving,Husband,White,Male,3411,0,40,United-States,0,0.016179982936260422,0,1,0.0
30,Private,333119,Some-college,10,Never-married,Craft-repair,Not-in-family,White,Male,0,0,40,United-States,0,0.05899650759301867,0,1,0.0
25,Private,301634,Assoc-acdm,12,Never-married,Exec-managerial,Not-in-family,White,Male,0,0,40,United-States,0,0.0540887920704071,0,1,0.0
43,Private,187164,HS-grad,9,Married-civ-spouse,Transport-moving,Husband,White,Male,0,0,50,United-States,0,0.6222087929691548,0,1,0.0
47,Local-gov,128401,Doctorate,16,Never-married,Prof-specialty,Unmarried,White,Female,0,0,40,United-States,0,0.6160943194913989,0,1,0.0
20,Private,232577,Some-college,10,Never-married,Other-service,Unmarried,White,Female,0,0,40,United-States,0,0.003820761387229729,0,1,0.0
51,Private,21698,HS-grad,9,Never-married,Adm-clerical,Not-in-family,White,Female,0,0,40,United-States,0,0.06075287424384179,0,1,0.0
44,Private,172025,Some-college,10,Separated,Adm-clerical,Unmarried,White,Female,0,0,38,United-States,0,0.032410302629266315,0,1,0.0
37,Self-emp-not-inc,400287,Masters,14,Married-civ-spouse,Prof-specialty,Wife,White,Female,0,1887,15,United-States,1,0.9932799358140458,1,1,0.0
49,Private,193047,HS-grad,9,Married-civ-spouse,Craft-repair,Husband,White,Male,0,0,45,United-States,1,0.7313895218489311,1,1,0.0
40,,438427,Assoc-acdm,12,Separated,,Unmarried,Black,Female,0,0,55,United-States,0,0.10904517197901552,0,1,0.0
23,Private,195532,Bachelors,13,Never-married,Exec-managerial,Own-child,White,Female,0,0,40,United-States,0,0.013772139728019429,0,1,0.0
36,Self-emp-not-inc,177907,Doctorate,16,Never-married,Prof-specialty,Not-in-family,White,Male,0,0,40,United-States,1,0.8206241015759487,1,1,0.0
33,Private,154227,Some-college,10,Married-civ-spouse,Machine-op-inspct,Husband,White,Male,0,0,40,United-States,1,0.5943724745670902,0,1,0.0
54,Private,156877,HS-grad,9,Married-civ-spouse,Craft-repair,Husband,White,Male,0,0,40,Greece,0,0.5914956303962083,0,1,0.0
20,Private,133515,Some-college,10,Never-married,Sales,Other-relative,White,Female,0,0,40,United-States,0,0.0023132657943565897,0,1,0.0
49,Federal-gov,168598,HS-grad,9,Married-civ-spouse,Adm-clerical,Wife,Black,Female,0,0,40,United-States,1,0.7672519966133025,1,1,0.0
19,Private,175083,HS-grad,9,Never-married,Sales,Own-child,White,Female,0,0,8,United-States,0,0.0007662231153919398,0,1,0.0
21,Private,112225,Some-college,10,Never-married,Exec-managerial,Own-child,Asian-Pac-Islander,Male,0,0,15,United-States,0,0.004007790140162961,0,1,0.0
41,Private,143046,Masters,14,Never-married,Adm-clerical,Not-in-family,White,Female,0,0,40,United-States,0,0.1370471045625419,0,1,0.0
43,Self-emp-not-inc,47261,Some-college,10,Married-civ-spouse,Farming-fishing,Husband,White,Male,0,0,50,United-States,0,0.23478401835318707,0,1,0.0
57,Private,111385,10th,6,Never-married,Other-service,Not-in-family,White,Male,0,0,40,United-States,0,0.05381211259239319,0,1,0.0
44,Private,116632,Some-college,10,Married-civ-spouse,Prof-specialty,Husband,White,Male,0,0,40,United-States,1,0.792065307809131,1,1,0.0
35,Private,165799,HS-grad,9,Divorced,Exec-managerial,Not-in-family,White,Male,0,0,60,United-States,0,0.29731602786309225,0,1,0.0
19,Private,105460,Some-college,10,Never-married,Other-service,Own-child,White,Male,0,0,20,United-States,0,0.0014391301333721875,0,1,0.0
63,,54851,HS-grad,9,Married-civ-spouse,,Husband,White,Male,0,0,40,United-States,0,0.4995280497737014,0,1,0.0
29,Private,52636,HS-grad,9,Married-civ-spouse,Transport-moving,Husband,White,Male,0,0,40,United-States,0,0.34365884956997506,0,1,0.0
18,State-gov,391257,Some-college,10,Never-married,Other-service,Not-in-family,White,Female,0,0,40,United-States,0,0.002105084189371742,0,1,0.0
28,Private,249870,Prof-school,15,Never-married,Prof-specialty,Not-in-family,Black,Male,0,0,50,United-States,0,0.36373431845377696,0,1,0.0
31,Private,226443,Bachelors,13,Married-civ-spouse,Prof-specialty,Husband,White,Male,0,0,40,United-States,0,0.8384992884843678,1,1,0.0
63,Private,134960,HS-grad,9,Married-civ-spouse,Sales,Husband,White,Male,0,0,40,Scotland,0,0.5815023269682228,0,1,0.0
20,Self-emp-not-inc,428299,HS-grad,9,Never-married,Sales,Own-child,White,Male,0,0,40,United-States,0,0.0038027944442181622,0,1,0.0
35,Private,126569,Some-college,10,Married-civ-spouse,Sales,Husband,White,Male,4064,0,40,United-States,0,0.04710289428142983,0,1,0.0
35,Private,107302,Bachelors,13,Married-civ-spouse,Sales,Husband,White,Male,0,0,40,United-States,1,0.7852183605466007,1,1,0.0
30,Private,247156,HS-grad,9,Never-married,Transport-moving,Own-child,Black,Male,0,0,40,United-States,0,0.008516709797228076,0,1,0.0
48,Local-gov,186172,Assoc-acdm,12,Married-civ-spouse,Protective-serv,Husband,White,Male,0,0,40,United-States,1,0.8593668327989038,1,1,0.0
54,Private,161691,Masters,14,Divorced,Prof-specialty,Not-in-family,White,Female,0,2559,40,United-States,1,0.9754240250651203,1,1,0.0
48,Self-emp-inc,275100,HS-grad,9,Married-civ-spouse,Exec-managerial,Husband,White,Male,0,0,70,Greece,1,0.8646523935552163,1,1,0.0
34,Private,259818,HS-grad,9,Divorced,Other-service,Unmarried,Black,Female,0,0,40,United-States,0,0.01760800759732496,0,1,0.0
44,State-gov,59460,HS-grad,9,Married-civ-spouse,Other-service,Wife,White,Female,0,0,15,United-States,0,0.3432726158046658,0,1,0.0
28,Private,70034,Bachelors,13,Married-civ-spouse,Sales,Husband,White,Male,0,0,45,United-States,1,0.7452778005396614,1,1,0.0
39,Self-emp-inc,170174,HS-grad,9,Married-civ-spouse,Exec-managerial,Husband,White,Male,0,0,60,United-States,1,0.8218461200977448,1,1,0.0
32,Private,408328,7th-8th,4,Married-civ-spouse,Craft-repair,Husband,White,Male,0,0,40,United-States,0,0.22023142440976132,0,1,0.0
25,Private,209970,Bachelors,13,Never-married,Prof-specialty,Not-in-family,White,Female,0,0,40,United-States,0,0.054848021679381125,0,1,0.0
20,Private,117767,Some-college,10,Never-married,Prof-specialty,Own-child,White,Male,0,0,40,United-States,0,0.009177566385958763,0,1,0.0
29,Private,154571,Some-college,10,Never-married,Craft-repair,Other-relative,Asian-Pac-Islander,Male,0,0,40,,0,0.025798710168717206,0,1,0.0
61,,116230,Bachelors,13,Married-civ-spouse,,Husband,White,Male,0,0,40,United-States,1,0.7863395972756019,1,1,0.0
61,Private,167138,HS-grad,9,Divorced,Exec-managerial,Not-in-family,White,Female,0,0,40,United-States,0,0.15817181415210613,0,1,0.0
40,Self-emp-not-inc,107762,Bachelors,13,Married-civ-spouse,Exec-managerial,Husband,White,Male,0,0,45,United-States,0,0.7632212195176922,1,1,0.0
34,Private,204470,Masters,14,Married-civ-spouse,Exec-managerial,Husband,White,Male,0,0,50,United-States,1,0.9233585587973778,1,1,0.0
75,Private,185603,10th,6,Widowed,Tech-support,Not-in-family,White,Female,0,0,32,United-States,0,0.06697268238167502,0,1,0.0
42,Private,104647,HS-grad,9,Divorced,Other-service,Not-in-family,White,Male,0,0,40,United-States,0,0.05403059627036998,0,1,0.0
19,Private,451951,HS-grad,9,Never-married,Sales,Not-in-family,White,Female,0,0,40,United-States,0,0.002925398451813787,0,1,0.0
27,Private,187746,Some-college,10,Never-married,Other-service,Own-child,White,Female,0,0,40,United-States,0,0.025317470519743954,0,1,0.0
59,Self-emp-not-inc,98418,HS-grad,9,Married-civ-spouse,Farming-fishing,Husband,White,Male,0,0,20,United-States,0,0.11828139676159359,0,1,0.0
78,Private,182977,HS-grad,9,Widowed,Other-service,Not-in-family,Black,Female,2964,0,40,United-States,0,0.0042531160730067226,0,1,0.0
46,Private,45363,Prof-school,15,Divorced,Prof-specialty,Not-in-family,White,Male,0,2824,40,United-States,1,0.978180543951884,1,1,0.0
26,Private,212304,7th-8th,4,Never-married,Machine-op-inspct,Own-child,White,Male,0,0,48,United-States,0,0.025125542492504527,0,1,0.0
58,Local-gov,101480,Assoc-voc,11,Widowed,Adm-clerical,Not-in-family,White,Female,0,0,40,United-States,0,0.05711899143777667,0,1,0.0
35,Private,202263,Assoc-acdm,12,Never-married,Exec-managerial,Not-in-family,White,Male,0,0,38,United-States,0,0.18131740920789127,0,1,0.0
26,Private,150361,Some-college,10,Never-married,Tech-support,Own-child,White,Female,0,0,40,United-States,0,0.019133779043981614,0,1,0.0
32,Private,107843,HS-grad,9,Married-civ-spouse,Machine-op-inspct,Husband,White,Male,5178,0,50,United-States,1,0.9861135837152653,1,1,0.0
21,Private,212213,Assoc-acdm,12,Never-married,Adm-clerical,Not-in-family,Black,Female,0,0,40,United-States,0,0.007735372310246009,0,1,0.0
34,Private,284629,HS-grad,9,Married-civ-spouse,Prof-specialty,Husband,White,Male,0,0,40,United-States,0,0.587759594162983,0,1,0.0
38,Private,179117,Assoc-acdm,12,Never-married,Machine-op-inspct,Not-in-family,Black,Female,10520,0,50,United-States,1,0.9962440212095509,1,1,0.0
31,Private,328118,Some-college,10,Never-married,Other-service,Not-in-family,White,Female,0,0,20,United-States,0,0.01404911775188242,0,1,0.0
51,Federal-gov,68898,Some-college,10,Married-civ-spouse,Exec-managerial,Husband,White,Male,0,0,40,United-States,1,0.8810917345449674,1,1,0.0
43,Local-gov,225165,Some-college,10,Married-civ-spouse,Protective-serv,Husband,White,Male,0,0,40,United-States,0,0.8398542594779661,1,1,0.0
18,Self-emp-not-inc,296090,HS-grad,9,Never-married,Sales,Own-child,White,Male,0,0,48,,0,0.0029001786762400963,0,1,0.0
21,Private,119704,Some-college,10,Never-married,Sales,Unmarried,White,Female,0,0,35,United-States,0,0.009352658233487323,0,1,0.0
69,Federal-gov,47341,Masters,14,Divorced,Prof-specialty,Not-in-family,White,Female,0,0,5,United-States,0,0.12945943229013004,0,1,0.0
37,Self-emp-not-inc,86643,Assoc-acdm,12,Never-married,Transport-moving,Not-in-family,White,Male,0,0,50,United-States,0,0.2591512174652683,0,1,0.0
63,Private,192849,Bachelors,13,Divorced,Other-service,Not-in-family,White,Female,0,0,10,United-States,0,0.0458431855060104,0,1,0.0
33,Private,56121,HS-grad,9,Never-married,Transport-moving,Not-in-family,White,Male,0,0,60,United-States,0,0.07869621033938858,0,1,0.0
29,Private,22641,HS-grad,9,Married-civ-spouse,Machine-op-inspct,Husband,Amer-Indian-Eskimo,Male,0,0,45,United-States,0,0.1801610462221751,0,1,0.0
34,Private,107417,HS-grad,9,Married-civ-spouse,Craft-repair,Husband,White,Male,0,0,40,United-States,0,0.42461242097196056,0,1,0.0
35,Private,397307,Masters,14,Never-married,Exec-managerial,Not-in-family,White,Female,0,0,55,United-States,0,0.6871987899729859,1,1,0.0
55,Local-gov,227386,Bachelors,13,Married-civ-spouse,Prof-specialty,Husband,White,Male,0,0,40,United-States,1,0.8905189280969761,1,1,0.0
48,Self-emp-not-inc,28791,HS-grad,9,Married-civ-spouse,Sales,Wife,White,Female,0,0,50,United-States,0,0.4917461563074592,0,1,0.0
36,Federal-gov,359249,Some-college,10,Separated,Adm-clerical,Not-in-family,Black,Male,0,0,40,United-States,0,0.10039609136752788,0,1,0.0
17,Private,286422,10th,6,Never-married,Handlers-cleaners,Own-child,White,Male,0,0,25,United-States,0,0.0006299091373043796,0,1,0.0
57,,300104,5th-6th,3,Married-civ-spouse,,Husband,White,Male,7298,0,84,United-States,1,0.9960930801077658,1,1,0.0
31,Private,150553,Assoc-acdm,12,Never-married,Tech-support,Not-in-family,Asian-Pac-Islander,Female,0,0,40,United-States,0,0.020918167307897747,0,1,0.0
46,Self-emp-not-inc,176863,HS-grad,9,Married-civ-spouse,Exec-managerial,Husband,White,Male,0,0,40,United-States,0,0.5911584067884071,0,1,0.0
38,Private,223004,Some-college,10,Never-married,Other-service,Own-child,White,Male,0,0,40,United-States,0,0.06000182380877773,0,1,0.0
51,Self-emp-not-inc,321865,Some-college,10,Married-civ-spouse,Other-service,Husband,White,Male,0,0,99,United-States,0,0.342664668304532,0,1,0.0
37,Private,151835,Bachelors,13,Married-civ-spouse,Prof-specialty,Husband,White,Male,0,0,40,,1,0.8730868377961676,1,1,0.0
32,Private,296466,Assoc-voc,11,Married-civ-spouse,Craft-repair,Husband,White,Male,0,0,40,United-States,1,0.5525256228710406,0,1,0.0
52,Federal-gov,38973,Bachelors,13,Separated,Adm-clerical,Unmarried,Black,Female,0,0,40,United-States,0,0.10515111497780347,0,1,0.0
21,Private,688355,HS-grad,9,Never-married,Adm-clerical,Unmarried,Black,Female,0,0,40,United-States,0,0.002212194223170165,0,1,0.0
30,Local-gov,181372,Bachelors,13,Married-civ-spouse,Prof-specialty,Wife,White,Female,0,0,33,United-States,1,0.8678795569221807,1,1,0.0
38,Self-emp-not-inc,331374,11th,7,Married-civ-spouse,Other-service,Husband,White,Male,0,0,60,United-States,0,0.2599540876338055,0,1,0.0
29,,1024535,11th,7,Never-married,,Own-child,Black,Male,0,0,40,United-States,0,0.004886772201074313,0,1,0.0
41,Local-gov,75313,Prof-school,15,Married-civ-spouse,Prof-specialty,Husband,White,Male,0,0,40,,1,0.9031690265671503,1,1,0.0
23,Private,202920,Assoc-voc,11,Never-married,Adm-clerical,Own-child,White,Female,0,0,40,Germany,0,0.01109628469197317,0,1,0.0
21,Private,206681,Some-college,10,Never-married,Sales,Own-child,White,Female,0,0,15,United-States,0,0.002536317327340275,0,1,0.0
19,Private,243941,Some-college,10,Never-married,Sales,Own-child,Amer-Indian-Eskimo,Female,0,1721,25,United-States,0,0.0003961726793405782,0,1,0.0
40,Self-emp-not-inc,243636,Bachelors,13,Married-civ-spouse,Sales,Husband,White,Male,0,0,50,United-States,1,0.8140570264911066,1,1,0.0
59,Private,109015,Some-college,10,Never-married,Prof-specialty,Not-in-family,White,Female,0,0,38,United-States,1,0.18318392768791003,0,1,0.0
35,Private,192923,HS-grad,9,Married-civ-spouse,Craft-repair,Husband,White,Male,0,2377,40,United-States,0,0.49529321447907737,0,1,0.0
33,Private,152109,Assoc-acdm,12,Married-civ-spouse,Craft-repair,Husband,White,Male,0,0,45,United-States,0,0.6842577960433256,1,1,0.0
54,Federal-gov,72257,HS-grad,9,Married-civ-spouse,Machine-op-inspct,Husband,White,Male,7688,0,40,United-States,1,0.9984878872263062,1,1,0.0
64,Private,75577,7th-8th,4,Married-civ-spouse,Adm-clerical,Husband,White,Male,2580,0,50,United-States,0,0.035004306011423125,0,1,0.0
17,Private,103851,11th,7,Never-married,Adm-clerical,Own-child,White,Female,1055,0,20,United-States,0,0.00016309850939845235,0,1,0.0
22,Private,201615,Assoc-acdm,12,Never-married,Adm-clerical,Other-relative,White,Female,0,0,37,United-States,0,0.00811087742770443,0,1,0.0
27,Self-emp-not-inc,334132,Assoc-acdm,12,Never-married,Prof-specialty,Not-in-family,White,Female,0,0,78,United-States,0,0.1795080355275876,0,1,0.0
44,Private,44006,Assoc-voc,11,Divorced,Transport-moving,Not-in-family,White,Male,0,0,40,United-States,0,0.16280824443905648,0,1,0.0
37,Self-emp-not-inc,121510,HS-grad,9,Divorced,Exec-managerial,Unmarried,White,Male,0,0,55,United-States,0,0.2049793077547434,0,1,0.0
44,Local-gov,196456,Masters,14,Never-married,Prof-specialty,Not-in-family,White,Female,0,1669,40,United-States,0,0.04821624776503176,0,1,0.0
56,Self-emp-not-inc,94156,Prof-school,15,Married-civ-spouse,Prof-specialty,Husband,White,Male,0,1977,50,United-States,1,0.9929922174458845,1,1,0.0
46,State-gov,146305,Some-college,10,Divorced,Tech-support,Not-in-family,Other,Female,0,0,48,United-States,0,0.23078389469189362,0,1,0.0
22,Federal-gov,104443,Some-college,10,Never-married,Adm-clerical,Own-child,White,Female,0,0,20,United-States,0,0.0025116724157448105,0,1,0.0
62,Self-emp-inc,164616,Doctorate,16,Married-civ-spouse,Prof-specialty,Husband,White,Male,15024,0,45,United-States,1,0.9960805709687626,1,1,0.0
38,Local-gov,34744,Some-college,10,Divorced,Adm-clerical,Unmarried,White,Female,0,0,38,United-States,0,0.032631283007084066,0,1,0.0
34,Private,122116,Some-college,10,Married-civ-spouse,Exec-managerial,Husband,White,Male,0,0,40,United-States,0,0.7728052732923774,1,1,0.0
41,Private,228847,Some-college,10,Married-civ-spouse,Sales,Husband,White,Male,0,0,40,United-States,1,0.7696290937628114,1,1,0.0
64,Self-emp-not-inc,178748,1st-4th,2,Married-civ-spouse,Craft-repair,Husband,White,Male,0,0,40,Mexico,0,0.08326333990083813,0,1,0.0
49,Federal-gov,89334,Bachelors,13,Married-civ-spouse,Prof-specialty,Husband,White,Male,0,0,40,United-States,0,0.9150734851640573,1,1,0.0
24,Private,199555,Assoc-voc,11,Never-married,Sales,Unmarried,White,Male,0,0,5,United-States,0,0.010339126195238689,0,1,0.0
20,,190290,Some-college,10,Never-married,,Own-child,White,Male,0,0,35,United-States,0,0.003240851121868235,0,1,0.0
46,Private,45857,HS-grad,9,Divorced,Sales,Not-in-family,White,Female,0,0,33,United-States,0,0.034775252225441936,0,1,0.0
65,Private,220788,Masters,14,Never-married,Prof-specialty,Not-in-family,White,Male,0,0,60,United-States,0,0.6514850693702172,1,1,0.0
44,Self-emp-not-inc,38122,HS-grad,9,Divorced,Craft-repair,Not-in-family,White,Male,0,0,45,United-States,0,0.1826221842806855,0,1,0.0
40,Private,153799,Bachelors,13,Married-civ-spouse,Sales,Wife,White,Female,0,0,72,,1,0.864272983081039,1,1,0.0
39,Private,90646,Assoc-voc,11,Divorced,Adm-clerical,Unmarried,White,Female,0,0,40,United-States,0,0.04706205645952242,0,1,0.0
21,,182288,Some-college,10,Never-married,,Own-child,White,Female,0,0,40,United-States,0,0.006962839483803904,0,1,0.0
39,State-gov,142897,Assoc-voc,11,Never-married,Exec-managerial,Unmarried,White,Female,0,0,50,United-States,0,0.20165968163333642,0,1,0.0
33,Private,199248,Some-college,10,Married-civ-spouse,Prof-specialty,Wife,White,Female,0,0,40,United-States,0,0.7624175741178578,1,1,0.0
46,Private,375606,Doctorate,16,Never-married,Prof-specialty,Not-in-family,White,Male,0,0,40,United-States,1,0.870442547365485,1,1,0.0
30,Private,58582,Bachelors,13,Never-married,Craft-repair,Own-child,White,Male,0,0,10,United-States,0,0.037014243531070905,0,1,0.0
25,Private,93223,Some-college,10,Divorced,Prof-specialty,Unmarried,White,Female,0,0,35,United-States,0,0.027016536783585017,0,1,0.0
50,Local-gov,50048,Masters,14,Married-civ-spouse,Prof-specialty,Husband,White,Male,0,0,52,United-States,1,0.8847041780421533,1,1,0.0
17,,40299,10th,6,Never-married,,Not-in-family,White,Female,0,0,30,United-States,0,0.0009804683520252772,0,1,0.0
43,Private,388849,Assoc-acdm,12,Married-civ-spouse,Handlers-cleaners,Husband,White,Male,0,0,60,United-States,0,0.7847520813245618,1,1,0.0
24,Private,216129,HS-grad,9,Never-married,Craft-repair,Own-child,White,Male,0,1408,50,United-States,0,0.00668372431870279,0,1,0.0
54,State-gov,151580,Some-college,10,Married-civ-spouse,Prof-specialty,Husband,White,Male,0,1902,40,United-States,1,0.9897706863437395,1,1,0.0
58,Private,83542,HS-grad,9,Never-married,Other-service,Not-in-family,White,Male,0,0,40,United-States,0,0.05381211259239319,0,1,0.0
47,,80451,7th-8th,4,Married-civ-spouse,,Husband,White,Male,0,0,40,United-States,0,0.18068771466061578,0,1,0.0
43,Private,182437,Bachelors,13,Never-married,Prof-specialty,Not-in-family,White,Male,0,0,45,United-States,1,0.6331308422789406,0,1,0.0
21,Private,108670,HS-grad,9,Never-married,Prof-specialty,Not-in-family,White,Female,0,0,40,United-States,0,0.019494056940066666,0,1,0.0
66,Self-emp-not-inc,293114,HS-grad,9,Married-civ-spouse,Farming-fishing,Husband,White,Male,1409,0,40,United-States,0,0.016234578077048527,0,1,0.0
20,Private,316043,11th,7,Never-married,Other-service,Own-child,Black,Male,594,0,20,United-States,0,0.001431492154489716,0,1,0.0
29,,134566,Doctorate,16,Married-civ-spouse,,Husband,White,Male,0,0,50,United-States,1,0.8273089995768035,1,1,0.0
78,,33186,7th-8th,4,Married-civ-spouse,,Husband,White,Male,0,0,60,United-States,0,0.2786467909562923,0,1,0.0
38,Federal-gov,99280,Some-college,10,Divorced,Adm-clerical,Not-in-family,White,Female,0,0,30,United-States,0,0.0407251017635987,0,1,0.0
50,State-gov,198103,Bachelors,13,Never-married,Exec-managerial,Not-in-family,White,Female,0,0,40,United-States,0,0.3287131430930456,0,1,0.0
18,Private,187770,HS-grad,9,Never-married,Handlers-cleaners,Own-child,White,Male,0,0,30,United-States,0,0.0010449262606826877,0,1,0.0
34,Local-gov,303867,9th,5,Never-married,Other-service,Own-child,White,Male,0,0,40,United-States,0,0.026846769645691583,0,1,0.0
27,Private,189702,7th-8th,4,Married-civ-spouse,Craft-repair,Husband,White,Male,0,0,40,United-States,0,0.1339975341264685,0,1,0.0
31,Private,165949,HS-grad,9,Divorced,Other-service,Unmarried,White,Female,0,0,40,United-States,0,0.03091577873918832,0,1,0.0
68,Local-gov,31725,HS-grad,9,Married-civ-spouse,Farming-fishing,Husband,White,Male,0,0,40,United-States,0,0.20294317744692314,0,1,0.0
47,Private,109089,Some-college,10,Married-civ-spouse,Prof-specialty,Husband,White,Male,0,0,70,United-States,0,0.7861706002624268,1,1,0.0
57,Local-gov,31532,Assoc-acdm,12,Married-civ-spouse,Other-service,Husband,White,Male,0,0,20,United-States,0,0.3251867810753567,0,1,0.0
56,Private,265518,Some-college,10,Married-civ-spouse,Prof-specialty,Husband,White,Male,0,0,45,United-States,0,0.8200179628257493,1,1,0.0
23,,190650,Bachelors,13,Never-married,,Not-in-family,Asian-Pac-Islander,Male,0,0,35,United-States,0,0.024274046817365676,0,1,0.0
36,Private,31438,HS-grad,9,Divorced,Transport-moving,Unmarried,White,Male,0,0,43,,0,0.07533268322049497,0,1,0.0
23,Private,49296,HS-grad,9,Never-married,Handlers-cleaners,Other-relative,Black,Male,0,0,40,United-States,0,0.0031283966167159165,0,1,0.0
23,Private,236601,Some-college,10,Never-married,Tech-support,Not-in-family,White,Male,0,0,48,United-States,0,0.027653641206623187,0,1,0.0
52,Private,89041,Bachelors,13,Married-civ-spouse,Sales,Husband,White,Male,0,0,40,United-States,1,0.8492525933092631,1,1,0.0
23,Private,236994,HS-grad,9,Never-married,Sales,Own-child,White,Male,0,0,60,United-States,0,0.02988498559281103,0,1,0.0
32,Private,255424,Bachelors,13,Married-civ-spouse,Sales,Husband,White,Male,0,0,60,United-States,1,0.8545537189403896,1,1,0.0
37,Private,178136,HS-grad,9,Married-civ-spouse,Machine-op-inspct,Husband,Black,Male,0,0,40,United-States,0,0.39754442274629354,0,1,0.0
90,,313986,HS-grad,9,Married-civ-spouse,,Husband,White,Male,0,0,40,United-States,1,0.3721407100874327,0,1,0.0
19,Private,140459,11th,7,Never-married,Craft-repair,Other-relative,White,Male,0,0,25,United-States,0,0.0007355810331036094,0,1,0.0
31,Private,101345,Bachelors,13,Never-married,Sales,Not-in-family,White,Female,0,0,40,United-States,0,0.1085727418206612,0,1,0.0
18,Private,176136,HS-grad,9,Never-married,Sales,Own-child,White,Male,0,0,35,United-States,0,0.0017331975703446822,0,1,0.0
31,Private,22201,HS-grad,9,Married-civ-spouse,Adm-clerical,Husband,Amer-Indian-Eskimo,Male,0,0,40,United-States,1,0.5232074263115111,0,1,0.0
40,Self-emp-inc,115411,Assoc-acdm,12,Married-civ-spouse,Exec-managerial,Husband,White,Male,0,0,65,United-States,1,0.8805582446723428,1,1,0.0
21,Private,91189,Some-college,10,Never-married,Sales,Unmarried,White,Male,0,0,60,United-States,0,0.03396603675944553,0,1,0.0
56,Private,202435,HS-grad,9,Widowed,Machine-op-inspct,Unmarried,White,Female,0,0,30,United-States,0,0.01716017189862884,0,1,0.0
51,Private,163052,HS-grad,9,Married-civ-spouse,Protective-serv,Husband,White,Male,0,0,40,United-States,1,0.7043389468857688,1,1,0.0
28,Private,124685,Some-college,10,Married-civ-spouse,Exec-managerial,Husband,Amer-Indian-Eskimo,Male,0,0,55,United-States,0,0.6160574470776562,0,1,0.0
25,Private,296394,HS-grad,9,Never-married,Machine-op-inspct,Unmarried,Black,Male,0,0,45,United-States,0,0.008830649415277097,0,1,0.0
50,Self-emp-not-inc,183915,Bachelors,13,Married-civ-spouse,Craft-repair,Husband,White,Male,0,0,45,United-States,1,0.7968794261378751,1,1,0.0
22,Private,252355,HS-grad,9,Never-married,Other-service,Not-in-family,White,Male,0,0,27,United-States,0,0.012392754669860367,0,1,0.0
34,Private,362787,HS-grad,9,Never-married,Machine-op-inspct,Unmarried,Black,Female,0,0,40,United-States,0,0.00498929916830202,0,1,0.0
18,Private,228592,HS-grad,9,Never-married,Transport-moving,Own-child,White,Male,0,0,18,United-States,0,0.0007735802061686314,0,1,0.0
28,Federal-gov,281860,Bachelors,13,Never-married,Prof-specialty,Not-in-family,White,Female,0,0,40,United-States,0,0.21329618847817425,0,1,0.0
25,,218948,7th-8th,4,Never-married,,Not-in-family,White,Female,0,0,32,Mexico,0,0.009380571524540002,0,1,0.0
26,Private,256263,HS-grad,9,Never-married,Craft-repair,Not-in-family,White,Male,0,0,25,United-States,0,0.00816366513168346,0,1,0.0
38,Private,191455,HS-grad,9,Married-civ-spouse,Other-service,Wife,White,Female,0,0,10,United-States,0,0.3433376321834817,0,1,0.0
20,,117789,Some-college,10,Never-married,,Own-child,White,Female,0,0,40,United-States,0,0.0019997055604087637,0,1,0.0
21,Private,160968,Some-college,10,Never-married,Handlers-cleaners,Own-child,White,Male,0,0,40,United-States,0,0.00807680456541221,0,1,0.0
26,Private,53833,HS-grad,9,Never-married,Other-service,Unmarried,White,Male,0,0,40,United-States,0,0.019501472145341536,0,1,0.0
26,Local-gov,242464,HS-grad,9,Married-civ-spouse,Protective-serv,Husband,White,Male,3103,0,40,United-States,1,0.9229619994901587,1,1,0.0
50,Self-emp-not-inc,27539,Some-college,10,Married-civ-spouse,Farming-fishing,Husband,White,Male,7688,0,40,United-States,1,0.9975077549078891,1,1,0.0
20,Private,460356,12th,8,Never-married,Other-service,Not-in-family,White,Male,0,0,30,Mexico,0,0.0042782947686031015,0,1,0.0
18,Self-emp-inc,38307,11th,7,Never-married,Farming-fishing,Own-child,White,Male,0,0,30,United-States,0,0.0007050680094015777,0,1,0.0
31,Private,63861,HS-grad,9,Divorced,Sales,Not-in-family,White,Female,0,0,34,United-States,0,0.02403905997462002,0,1,0.0
36,Private,269784,10th,6,Separated,Handlers-cleaners,Unmarried,White,Female,0,0,40,United-States,0,0.016864049983390333,0,1,0.0
60,Private,166789,Some-college,10,Divorced,Tech-support,Not-in-family,White,Male,0,1408,50,United-States,0,0.10734599791040966,0,1,0.0
49,Private,348751,7th-8th,4,Married-civ-spouse,Machine-op-inspct,Husband,White,Male,0,0,40,United-States,0,0.22358343659522878,0,1,0.0
72,,402306,Some-college,10,Married-civ-spouse,,Husband,White,Male,0,0,32,Canada,0,0.44025368339926496,0,1,0.0
48,Local-gov,97680,Masters,14,Married-civ-spouse,Prof-specialty,Wife,White,Female,15024,0,10,United-States,1,0.9977702997176257,1,1,0.0
51,Self-emp-inc,274948,Some-college,10,Married-civ-spouse,Craft-repair,Husband,White,Male,0,0,60,United-States,0,0.7152118583291861,1,1,0.0
24,Local-gov,157678,HS-grad,9,Married-spouse-absent,Machine-op-inspct,Unmarried,White,Female,2036,0,42,United-States,0,0.0015566563671556353,0,1,0.0
46,Private,203653,Bachelors,13,Divorced,Sales,Other-relative,Black,Male,0,0,40,United-States,0,0.14728470595876098,0,1,0.0
60,Self-emp-not-inc,52900,HS-grad,9,Married-civ-spouse,Craft-repair,Husband,White,Male,0,0,42,United-States,1,0.6192300256533895,0,1,0.0
35,Private,186934,HS-grad,9,Married-civ-spouse,Exec-managerial,Husband,White,Male,7688,0,50,United-States,1,0.9983762295511323,1,1,0.0
18,Private,50879,10th,6,Never-married,Other-service,Own-child,White,Male,0,0,6,United-States,0,0.0008366174999489669,0,1,0.0
43,Private,180138,HS-grad,9,Never-married,Craft-repair,Not-in-family,White,Male,0,0,45,United-States,0,0.1933494363133599,0,1,0.0
28,Private,301010,11th,7,Never-married,Other-service,Not-in-family,Black,Male,0,0,40,United-States,0,0.012934749829771388,0,1,0.0
40,Private,29393,HS-grad,9,Never-married,Craft-repair,Own-child,White,Female,0,0,40,United-States,0,0.03923768402604918,0,1,0.0
53,Private,123703,HS-grad,9,Divorced,Transport-moving,Not-in-family,White,Male,0,0,40,United-States,0,0.14567080518006487,0,1,0.0
74,,292627,1st-4th,2,Married-civ-spouse,,Husband,Black,Male,0,0,40,United-States,0,0.036119748633321826,0,1,0.0
48,Private,107231,Prof-school,15,Married-civ-spouse,Exec-managerial,Husband,White,Male,99999,0,50,United-States,1,0.9993648792767369,1,1,0.0
52,Self-emp-inc,49069,Some-college,10,Married-civ-spouse,Adm-clerical,Wife,White,Female,0,0,40,United-States,1,0.7777417009470764,1,1,0.0
20,Private,159297,Some-college,10,Never-married,Adm-clerical,Own-child,Asian-Pac-Islander,Female,0,0,15,United-States,0,0.0008925411885261472,0,1,0.0
33,Self-emp-not-inc,245173,Assoc-acdm,12,Married-civ-spouse,Prof-specialty,Husband,White,Male,0,0,40,United-States,0,0.7612454235239803,1,1,0.0
42,Private,165309,HS-grad,9,Never-married,Handlers-cleaners,Not-in-family,White,Male,0,0,50,United-States,0,0.12405152540148147,0,1,0.0
24,Private,332155,HS-grad,9,Never-married,Handlers-cleaners,Other-relative,White,Male,0,0,20,United-States,0,0.002159011599762525,0,1,0.0
35,Private,44780,Some-college,10,Married-civ-spouse,Adm-clerical,Wife,White,Female,7688,0,20,United-States,1,0.9966955957032283,1,1,0.0
56,Private,182273,HS-grad,9,Married-civ-spouse,Machine-op-inspct,Husband,White,Male,0,0,40,United-States,0,0.5929101758715023,0,1,0.0
18,Private,220836,11th,7,Never-married,Other-service,Not-in-family,White,Female,0,0,20,United-States,0,0.0009017018592841797,0,1,0.0
24,Private,424494,Bachelors,13,Married-civ-spouse,Prof-specialty,Husband,White,Male,0,0,30,United-States,0,0.2668563753511352,0,1,0.0
43,Private,115178,Bachelors,13,Divorced,Prof-specialty,Unmarried,White,Female,0,0,43,United-States,1,0.3120524485756281,0,1,0.0
39,Local-gov,282461,Assoc-voc,11,Married-civ-spouse,Protective-serv,Husband,White,Male,0,0,40,United-States,1,0.8332845299083098,1,1,0.0
67,Private,236627,Bachelors,13,Married-civ-spouse,Prof-specialty,Husband,White,Male,0,0,2,United-States,0,0.6480638142267512,1,1,0.0
19,Private,376683,Some-college,10,Never-married,Other-service,Unmarried,Black,Female,2036,0,30,United-States,0,0.0005484400289704591,0,1,0.0
29,Private,185127,HS-grad,9,Married-civ-spouse,Sales,Husband,White,Male,0,0,50,United-States,0,0.5198666228753341,0,1,0.0
61,Private,27086,HS-grad,9,Divorced,Transport-moving,Not-in-family,White,Male,0,0,40,United-States,0,0.08620568096463681,0,1,0.0
41,Private,187802,Some-college,10,Never-married,Handlers-cleaners,Not-in-family,White,Male,0,0,40,United-States,0,0.10377770981772566,0,1,0.0
51,Private,172046,Bachelors,13,Married-civ-spouse,Exec-managerial,Husband,White,Male,0,0,45,United-States,1,0.9246136957855107,1,1,0.0
25,Private,258379,Bachelors,13,Married-civ-spouse,Prof-specialty,Wife,White,Female,0,0,32,United-States,0,0.5822125168662132,0,1,0.0
32,Private,202952,HS-grad,9,Married-civ-spouse,Adm-clerical,Husband,White,Male,0,0,40,United-States,0,0.5047365886367341,0,1,0.0
19,Private,119964,HS-grad,9,Never-married,Craft-repair,Other-relative,White,Female,0,0,15,United-States,0,0.000551600105163616,0,1,0.0
29,Private,280344,Bachelors,13,Married-civ-spouse,Sales,Husband,White,Male,0,0,40,United-States,1,0.7798486338970978,1,1,0.0
24,Self-emp-inc,142404,Bachelors,13,Married-civ-spouse,Exec-managerial,Husband,White,Male,0,0,40,United-States,1,0.5798601410753724,0,1,0.0
40,Private,220460,HS-grad,9,Never-married,Craft-repair,Not-in-family,White,Male,0,0,40,Canada,0,0.08678184438000174,0,1,0.0
49,Private,97883,Bachelors,13,Divorced,Exec-managerial,Unmarried,White,Female,0,0,40,United-States,0,0.33078651824190325,0,1,0.0
37,Private,406328,Bachelors,13,Married-civ-spouse,Adm-clerical,Husband,Black,Male,0,0,50,United-States,1,0.8597633767683489,1,1,0.0
26,Private,181666,HS-grad,9,Never-married,Handlers-cleaners,Own-child,White,Female,0,0,40,United-States,0,0.009644200457485538,0,1,0.0
55,Private,314592,HS-grad,9,Married-civ-spouse,Craft-repair,Husband,White,Male,0,0,40,United-States,1,0.6478978340060025,1,1,0.0
38,Self-emp-not-inc,22245,HS-grad,9,Married-civ-spouse,Exec-managerial,Husband,White,Male,0,0,50,United-States,0,0.6573299966595475,1,1,0.0
23,Self-emp-not-inc,236804,Some-college,10,Never-married,Farming-fishing,Own-child,White,Male,0,0,35,United-States,0,0.009637135782694078,0,1,0.0
18,Private,171088,Some-college,10,Never-married,Sales,Own-child,White,Female,0,0,10,United-States,0,0.001105779186168433,0,1,0.0
68,Private,192656,Some-college,10,Widowed,Craft-repair,Not-in-family,White,Male,0,0,10,United-States,0,0.05516913217175981,0,1,0.0
42,Private,155106,Some-college,10,Never-married,Machine-op-inspct,Not-in-family,White,Male,0,0,45,United-States,0,0.16871902152033877,0,1,0.0
44,Self-emp-not-inc,282722,Prof-school,15,Married-civ-spouse,Prof-specialty,Husband,White,Male,99999,0,50,United-States,1,0.9986718138034324,1,1,0.0
28,Private,109165,HS-grad,9,Married-civ-spouse,Tech-support,Husband,White,Male,0,0,40,United-States,0,0.4116485277629927,0,1,0.0
20,Private,163687,Some-college,10,Never-married,Other-service,Own-child,White,Male,0,0,40,United-States,0,0.0032776262058065646,0,1,0.0
47,Private,150768,Bachelors,13,Divorced,Handlers-cleaners,Not-in-family,White,Male,0,1564,51,United-States,1,0.9718582852256473,1,1,0.0
43,Private,153132,Some-college,10,Married-civ-spouse,Craft-repair,Husband,White,Male,0,0,40,United-States,1,0.7017002192153547,1,1,0.0
41,State-gov,88913,Assoc-acdm,12,Divorced,Prof-specialty,Unmarried,Asian-Pac-Islander,Female,0,0,36,United-States,0,0.09080497208521324,0,1,0.0
46,Private,140782,Assoc-acdm,12,Divorced,Prof-specialty,Not-in-family,White,Female,0,0,50,United-States,0,0.3784881204197108,0,1,0.0
18,,214989,Some-college,10,Never-married,,Own-child,White,Female,0,1602,24,United-States,0,0.001421199333828045,0,1,0.0
29,Private,159768,HS-grad,9,Never-married,Machine-op-inspct,Not-in-family,White,Male,3325,0,40,Ecuador,0,0.0020133498410128355,0,1,0.0
28,,30237,Some-college,10,Never-married,,Unmarried,White,Female,0,0,40,United-States,0,0.030028582861173513,0,1,0.0
38,Self-emp-inc,124665,Bachelors,13,Never-married,Craft-repair,Not-in-family,White,Female,0,0,20,United-States,0,0.028688521052164722,0,1,0.0
31,Private,83413,HS-grad,9,Never-married,Sales,Own-child,White,Male,0,0,40,United-States,0,0.03378378328341653,0,1,0.0
33,Private,154227,Assoc-voc,11,Divorced,Sales,Not-in-family,White,Male,0,0,40,United-States,0,0.142019088265062,0,1,0.0
43,Self-emp-not-inc,27242,Some-college,10,Married-civ-spouse,Craft-repair,Husband,White,Male,0,0,50,United-States,0,0.6435829038396457,0,1,0.0
63,Self-emp-not-inc,125178,Bachelors,13,Married-civ-spouse,Prof-specialty,Husband,White,Male,0,0,40,United-States,1,0.8510839478195615,1,1,0.0
27,Private,59068,HS-grad,9,Married-civ-spouse,Handlers-cleaners,Husband,White,Male,0,0,40,United-States,0,0.18965253140767888,0,1,0.0
25,Local-gov,187792,Some-college,10,Divorced,Protective-serv,Not-in-family,White,Female,0,0,40,United-States,0,0.21071901305255136,0,1,0.0
26,Private,154966,Some-college,10,Married-civ-spouse,Craft-repair,Husband,White,Male,0,0,40,Puerto-Rico,0,0.24369591711523084,0,1,0.0
49,Self-emp-not-inc,355978,Prof-school,15,Married-civ-spouse,Prof-specialty,Husband,White,Male,99999,0,35,United-States,1,0.9988269412804085,1,1,0.0
49,Private,60751,HS-grad,9,Married-civ-spouse,Protective-serv,Husband,White,Male,0,0,40,United-States,0,0.631335477806102,0,1,0.0
21,Private,177711,HS-grad,9,Never-married,Transport-moving,Own-child,Black,Male,0,0,40,United-States,0,0.004885916321997697,0,1,0.0
21,Private,39943,Some-college,10,Never-married,Sales,Own-child,White,Female,0,0,20,United-States,0,0.0023161951795358563,0,1,0.0
22,Private,117789,Bachelors,13,Never-married,Adm-clerical,Own-child,White,Female,0,0,40,United-States,0,0.01238049552242505,0,1,0.0
39,Private,387068,HS-grad,9,Married-civ-spouse,Exec-managerial,Husband,White,Male,0,0,40,United-States,1,0.818898915993021,1,1,0.0
31,Local-gov,189843,HS-grad,9,Divorced,Protective-serv,Not-in-family,White,Male,0,0,47,United-States,1,0.4231394001128822,0,1,0.0
37,,161664,Some-college,10,Married-civ-spouse,,Wife,White,Female,0,0,60,United-States,0,0.504105486818262,0,1,0.0
27,Private,229803,HS-grad,9,Never-married,Craft-repair,Own-child,Black,Male,0,0,40,United-States,0,0.012325128055184247,0,1,0.0
44,Private,111275,HS-grad,9,Divorced,Machine-op-inspct,Unmarried,Black,Female,0,0,56,United-States,0,0.05235093953588685,0,1,0.0
47,Federal-gov,98726,Bachelors,13,Married-spouse-absent,Exec-managerial,Not-in-family,White,Female,0,0,40,United-States,0,0.3962390869960328,0,1,0.0
36,Private,305319,Masters,14,Married-civ-spouse,Exec-managerial,Husband,White,Male,0,0,50,United-States,1,0.9299258131643257,1,1,0.0
42,Self-emp-not-inc,222978,Doctorate,16,Never-married,Prof-specialty,Not-in-family,White,Female,0,0,45,United-States,0,0.810873042542627,1,1,0.0
47,Private,105273,Bachelors,13,Widowed,Craft-repair,Unmarried,Black,Female,6497,0,40,United-States,0,0.1097769182743132,0,1,0.0
43,Private,315971,Assoc-acdm,12,Never-married,Prof-specialty,Not-in-family,White,Female,0,0,32,,1,0.1913661463061967,0,1,0.0
47,Private,185465,HS-grad,9,Married-civ-spouse,Craft-repair,Husband,Black,Male,0,0,40,United-States,0,0.6347392547935715,0,1,0.0
45,Private,179135,HS-grad,9,Divorced,Adm-clerical,Not-in-family,White,Female,0,0,40,United-States,0,0.05296098272542938,0,1,0.0
43,Private,180096,Assoc-voc,11,Married-civ-spouse,Craft-repair,Husband,White,Male,0,0,50,United-States,1,0.7594283130145505,1,1,0.0
61,Private,241013,7th-8th,4,Widowed,Farming-fishing,Not-in-family,Black,Male,0,0,40,United-States,0,0.026232260846615438,0,1,0.0
39,Private,189344,HS-grad,9,Married-civ-spouse,Machine-op-inspct,Husband,White,Male,0,0,40,Mexico,0,0.18913637542380682,0,1,0.0
51,Private,134808,HS-grad,9,Separated,Handlers-cleaners,Unmarried,White,Female,0,0,40,United-States,0,0.01797691505274085,0,1,0.0
19,Private,87497,11th,7,Never-married,Transport-moving,Other-relative,White,Male,0,0,10,United-States,0,0.0016179858121641963,0,1,0.0
24,Private,267945,Bachelors,13,Never-married,Adm-clerical,Own-child,White,Female,0,0,40,United-States,0,0.01913113348166187,0,1,0.0
38,Federal-gov,190174,HS-grad,9,Divorced,Prof-specialty,Unmarried,White,Female,0,0,40,United-States,0,0.2068014515639405,0,1,0.0
26,Private,179633,HS-grad,9,Never-married,Tech-support,Other-relative,White,Male,0,0,40,United-States,0,0.012515539172453734,0,1,0.0
54,Private,77336,HS-grad,9,Married-civ-spouse,Sales,Husband,White,Male,0,0,40,United-States,0,0.6690927600105218,1,1,0.0
19,Private,205977,Some-college,10,Married-civ-spouse,Adm-clerical,Other-relative,White,Female,0,0,20,United-States,0,0.003849283571638752,0,1,0.0
39,Private,299828,5th-6th,3,Separated,Sales,Unmarried,Black,Female,0,0,30,Puerto-Rico,0,0.003983383990426105,0,1,0.0
39,Local-gov,20308,Bachelors,13,Married-civ-spouse,Prof-specialty,Husband,White,Male,0,0,40,United-States,1,0.8828439280024316,1,1,0.0
46,Private,203785,Some-college,10,Married-civ-spouse,Sales,Husband,White,Male,0,0,40,United-States,1,0.78846121205895,1,1,0.0
81,Private,176500,12th,8,Widowed,Sales,Not-in-family,White,Female,0,0,30,United-States,0,0.06509771481731999,0,1,0.0
47,Private,161676,11th,7,Never-married,Transport-moving,Not-in-family,Black,Male,0,0,40,United-States,0,0.06364563637139735,0,1,0.0
34,Private,182691,HS-grad,9,Divorced,Exec-managerial,Own-child,White,Male,0,0,44,United-States,0,0.12938907242368528,0,1,0.0
34,State-gov,595000,Masters,14,Married-civ-spouse,Prof-specialty,Wife,Black,Female,0,0,40,United-States,1,0.7101742673970989,1,1,0.0
27,Local-gov,132718,HS-grad,9,Never-married,Transport-moving,Own-child,Black,Male,0,0,40,United-States,0,0.007721165243435318,0,1,0.0
33,Private,278736,Assoc-voc,11,Married-civ-spouse,Machine-op-inspct,Husband,White,Male,0,0,50,United-States,0,0.5071034758745137,0,1,0.0
54,Local-gov,163557,HS-grad,9,Never-married,Adm-clerical,Not-in-family,White,Female,0,0,30,United-States,0,0.0336258920114587,0,1,0.0
31,Private,192900,Some-college,10,Never-married,Other-service,Not-in-family,White,Male,0,0,40,United-States,0,0.04784236705529105,0,1,0.0
29,Private,250967,Assoc-voc,11,Married-civ-spouse,Machine-op-inspct,Husband,White,Male,0,1887,48,United-States,1,0.9409299716570793,1,1,0.0
19,State-gov,378418,HS-grad,9,Never-married,Tech-support,Own-child,White,Female,0,0,40,United-States,0,0.0016303446010886965,0,1,0.0
37,Private,234807,Bachelors,13,Divorced,Exec-managerial,Unmarried,White,Female,7430,0,45,United-States,1,0.8783489386925728,1,1,0.0
63,Private,219337,7th-8th,4,Married-civ-spouse,Craft-repair,Husband,White,Male,3471,0,45,United-States,0,0.02465509416721179,0,1,0.0
41,,254630,Assoc-voc,11,Divorced,,Not-in-family,White,Male,0,0,80,United-States,0,0.16352340534979262,0,1,0.0
22,Private,187538,10th,6,Separated,Other-service,Unmarried,White,Female,0,0,40,United-States,0,0.006673671523683878,0,1,0.0
43,Private,110556,HS-grad,9,Separated,Exec-managerial,Unmarried,Black,Female,0,0,40,United-States,0,0.04202486631825553,0,1,0.0
35,Private,332588,HS-grad,9,Divorced,Other-service,Unmarried,White,Female,0,0,30,United-States,0,0.024222633939076157,0,1,0.0
25,Private,266600,HS-grad,9,Married-civ-spouse,Adm-clerical,Husband,Black,Male,3137,0,40,United-States,0,0.006795031836031322,0,1,0.0
20,Private,39477,Some-college,10,Never-married,Farming-fishing,Not-in-family,White,Female,0,0,40,United-States,0,0.001800914177767723,0,1,0.0
56,Private,162301,HS-grad,9,Widowed,Adm-clerical,Unmarried,White,Female,0,0,40,United-States,0,0.08279238506675672,0,1,0.0
31,Federal-gov,210926,HS-grad,9,Separated,Handlers-cleaners,Unmarried,White,Female,0,0,40,United-States,0,0.027433734950420122,0,1,0.0
48,Federal-gov,186256,HS-grad,9,Divorced,Farming-fishing,Other-relative,White,Male,0,0,40,United-States,0,0.04515870482947866,0,1,0.0
36,Self-emp-inc,166880,HS-grad,9,Never-married,Other-service,Not-in-family,White,Female,0,0,70,United-States,0,0.09178739740116348,0,1,0.0
38,Private,252662,Bachelors,13,Divorced,Exec-managerial,Not-in-family,White,Male,0,0,40,United-States,0,0.4685218552053037,0,1,0.0
43,Local-gov,293535,Bachelors,13,Married-civ-spouse,Prof-specialty,Husband,Black,Male,0,0,40,United-States,1,0.8327841990534376,1,1,0.0
61,Private,316359,Some-college,10,Divorced,Sales,Not-in-family,White,Female,0,0,40,United-States,0,0.11976818572198032,0,1,0.0
28,Private,108574,Some-college,10,Never-married,Other-service,Not-in-family,White,Female,0,0,40,United-States,0,0.03110763191992449,0,1,0.0
25,Private,198632,Some-college,10,Married-spouse-absent,Sales,Not-in-family,White,Male,0,0,50,United-States,0,0.11730273389925834,0,1,0.0
31,Local-gov,50442,Some-college,10,Never-married,Adm-clerical,Own-child,Amer-Indian-Eskimo,Female,0,0,25,United-States,0,0.0084458129140269,0,1,0.0
19,Private,300679,Some-college,10,Never-married,Craft-repair,Own-child,White,Female,0,0,40,United-States,0,0.0019403684941339562,0,1,0.0
21,State-gov,258490,Some-college,10,Never-married,Prof-specialty,Not-in-family,White,Female,0,0,20,United-States,0,0.004973450511454168,0,1,0.0
36,Private,170376,HS-grad,9,Married-civ-spouse,Craft-repair,Husband,White,Male,0,0,45,United-States,1,0.619215583713005,0,1,0.0
39,,361838,Bachelors,13,Married-civ-spouse,,Wife,White,Female,0,0,6,United-States,1,0.7555668360514529,1,1,0.0
56,Private,200316,Some-college,10,Married-civ-spouse,Adm-clerical,Husband,White,Male,0,0,35,United-States,0,0.748943622720711,1,1,0.0
38,Private,233717,Some-college,10,Divorced,Exec-managerial,Unmarried,Black,Male,0,0,60,United-States,0,0.32622695990750933,0,1,0.0
67,Private,222899,Assoc-voc,11,Divorced,Prof-specialty,Unmarried,White,Female,0,0,40,United-States,0,0.1730740181101413,0,1,0.0
53,Local-gov,215990,Some-college,10,Married-civ-spouse,Other-service,Husband,White,Male,0,0,35,United-States,0,0.4735250136000255,0,1,0.0
47,Local-gov,126754,Masters,14,Married-civ-spouse,Prof-specialty,Husband,White,Male,0,0,40,United-States,1,0.9028338505979511,1,1,0.0
59,Private,178282,HS-grad,9,Married-civ-spouse,Machine-op-inspct,Husband,White,Male,7688,0,40,United-States,1,0.9981775325829111,1,1,0.0
47,Local-gov,202606,Assoc-acdm,12,Never-married,Exec-managerial,Not-in-family,Black,Female,0,0,40,United-States,0,0.16862497481345837,0,1,0.0
70,Self-emp-inc,217801,Bachelors,13,Married-civ-spouse,Sales,Husband,White,Male,0,0,15,United-States,0,0.6169211832608723,0,1,0.0
20,Private,388156,Some-college,10,Never-married,Prof-specialty,Own-child,White,Male,0,0,24,United-States,0,0.00683611623572838,0,1,0.0
50,State-gov,116211,Prof-school,15,Married-civ-spouse,Exec-managerial,Husband,White,Male,0,0,52,United-States,1,0.9538919208639274,1,1,0.0
36,Private,198237,Bachelors,13,Married-civ-spouse,Prof-specialty,Husband,White,Male,15024,0,50,United-States,1,0.9990886249838384,1,1,0.0
48,Local-gov,142719,Masters,14,Married-civ-spouse,Prof-specialty,Husband,White,Male,0,0,40,United-States,1,0.9057835729400456,1,1,0.0
23,,234108,Some-college,10,Never-married,,Not-in-family,White,Male,0,0,40,United-States,0,0.013374187232453887,0,1,0.0
41,Private,40151,HS-grad,9,Married-civ-spouse,Craft-repair,Husband,White,Male,0,0,40,United-States,1,0.5829902785648706,0,1,0.0
36,Private,224566,Bachelors,13,Never-married,Prof-specialty,Not-in-family,White,Male,99999,0,45,United-States,1,0.9987289375774896,1,1,0.0
76,,239900,HS-grad,9,Divorced,,Not-in-family,White,Female,0,0,3,United-States,0,0.051681589709291154,0,1,0.0
35,Private,498216,Bachelors,13,Divorced,Exec-managerial,Unmarried,White,Female,0,0,40,United-States,0,0.32551256142759266,0,1,0.0
40,Private,225660,Bachelors,13,Married-civ-spouse,Exec-managerial,Wife,White,Female,0,0,45,United-States,1,0.9381540855001418,1,1,0.0
31,Private,291052,Some-college,10,Married-civ-spouse,Adm-clerical,Husband,White,Male,0,2051,40,United-States,0,0.023282256326871097,0,1,0.0
19,Private,192773,HS-grad,9,Never-married,Other-service,Own-child,White,Female,0,0,24,United-States,0,0.0008772898761182841,0,1,0.0
21,Private,31606,Some-college,10,Never-married,Other-service,Own-child,White,Female,0,0,25,Germany,0,0.0018322630998866356,0,1,0.0
32,Self-emp-not-inc,92531,HS-grad,9,Divorced,Craft-repair,Unmarried,White,Male,0,0,40,United-States,0,0.05722253501504527,0,1,0.0
52,Private,31460,HS-grad,9,Divorced,Other-service,Not-in-family,White,Male,0,0,38,United-States,0,0.0988977703640585,0,1,0.0
33,Private,187618,Bachelors,13,Never-married,Prof-specialty,Own-child,White,Male,0,1741,40,United-States,0,0.04561227755128337,0,1,0.0
19,,177923,Some-college,10,Never-married,,Own-child,White,Female,0,0,25,United-States,0,0.0012562727665943172,0,1,0.0
57,Federal-gov,337895,Bachelors,13,Married-civ-spouse,Prof-specialty,Husband,Black,Male,0,0,40,United-States,1,0.8959621907187761,1,1,0.0
48,Private,175006,1st-4th,2,Separated,Machine-op-inspct,Other-relative,Black,Male,0,0,48,United-States,0,0.02882447747364682,0,1,0.0
79,Private,187492,HS-grad,9,Married-civ-spouse,Prof-specialty,Husband,White,Male,0,0,7,United-States,0,0.16076523407601687,0,1,0.0
41,Private,29762,HS-grad,9,Married-civ-spouse,Craft-repair,Husband,White,Male,0,0,52,United-States,1,0.7205529821485955,1,1,0.0
40,Private,154076,HS-grad,9,Married-civ-spouse,Craft-repair,Husband,White,Male,0,0,45,United-States,0,0.6683126467348143,1,1,0.0
65,Private,213149,HS-grad,9,Married-civ-spouse,Tech-support,Husband,White,Male,0,0,40,United-States,0,0.6608013838123207,1,1,0.0
73,Federal-gov,127858,Some-college,10,Widowed,Tech-support,Not-in-family,White,Female,3273,0,40,United-States,0,0.012857490207887231,0,1,0.0
39,Private,28572,HS-grad,9,Never-married,Handlers-cleaners,Own-child,White,Male,0,0,48,United-States,0,0.11724460331660437,0,1,0.0
36,Self-emp-not-inc,186934,Some-college,10,Married-civ-spouse,Sales,Husband,White,Male,0,0,55,United-States,0,0.6701641396104493,1,1,0.0
18,Private,225859,Some-college,10,Never-married,Transport-moving,Own-child,White,Male,2907,0,30,United-States,0,0.0003492545899722509,0,1,0.0
26,Private,421561,11th,7,Married-civ-spouse,Other-service,Other-relative,White,Male,0,0,25,United-States,0,0.021778276374645817,0,1,0.0
48,State-gov,49595,Masters,14,Divorced,Protective-serv,Not-in-family,White,Male,0,0,72,United-States,0,0.7026872826450695,1,1,0.0
21,Private,417668,HS-grad,9,Never-married,Handlers-cleaners,Own-child,White,Male,0,0,36,United-States,0,0.005033636063661035,0,1,0.0
20,Private,289944,Some-college,10,Never-married,Other-service,Own-child,White,Female,0,0,25,United-States,0,0.0012055672074471771,0,1,0.0
28,Local-gov,179759,Some-college,10,Married-spouse-absent,Adm-clerical,Unmarried,White,Female,0,0,40,United-States,0,0.025579378151581858,0,1,0.0
36,Self-emp-not-inc,188503,Masters,14,Never-married,Prof-specialty,Not-in-family,White,Female,0,0,60,United-States,1,0.6862473684518525,1,1,0.0
63,Self-emp-not-inc,795830,1st-4th,2,Widowed,Other-service,Unmarried,White,Female,0,0,30,El-Salvador,0,0.007753243543636308,0,1,0.0
30,Local-gov,131776,Masters,14,Never-married,Adm-clerical,Not-in-family,White,Female,0,0,40,United-States,0,0.05550895414514487,0,1,0.0
18,Private,120029,HS-grad,9,Never-married,Other-service,Own-child,White,Female,0,0,40,United-States,0,0.0013845589517444432,0,1,0.0
28,Private,50814,HS-grad,9,Never-married,Prof-specialty,Not-in-family,White,Female,0,0,40,United-States,0,0.058139394726060944,0,1,0.0
24,Private,198148,Some-college,10,Never-married,Other-service,Own-child,White,Male,0,0,30,United-States,0,0.015138743916309292,0,1,0.0
50,Private,132465,1st-4th,2,Married-spouse-absent,Other-service,Not-in-family,White,Male,0,0,40,Mexico,0,0.033140722898210614,0,1,0.0
46,Private,102771,Masters,14,Married-civ-spouse,Tech-support,Husband,White,Male,0,1977,40,United-States,1,0.9939216757606808,1,1,0.0
40,Private,271665,Some-college,10,Married-civ-spouse,Tech-support,Husband,White,Male,0,0,50,United-States,0,0.8471314096075063,1,1,0.0
20,Private,175069,Some-college,10,Never-married,Adm-clerical,Own-child,White,Male,0,0,40,Yugoslavia,0,0.003185138352871272,0,1,0.0
60,Self-emp-not-inc,96073,HS-grad,9,Married-civ-spouse,Craft-repair,Husband,White,Male,0,0,30,United-States,0,0.20510886426162867,0,1,0.0
42,Private,52781,Bachelors,13,Married-civ-spouse,Prof-specialty,Husband,White,Male,7688,0,40,United-States,1,0.9982646199757844,1,1,0.0
23,Private,149704,HS-grad,9,Never-married,Adm-clerical,Own-child,White,Female,0,0,40,United-States,0,0.007273476575417842,0,1,0.0
33,Private,205649,Assoc-acdm,12,Married-spouse-absent,Craft-repair,Not-in-family,White,Male,0,0,20,United-States,0,0.03290700176971485,0,1,0.0
24,Private,95552,HS-grad,9,Never-married,Handlers-cleaners,Not-in-family,White,Male,0,0,40,United-States,0,0.012217942819283055,0,1,0.0
74,Private,161387,HS-grad,9,Divorced,Handlers-cleaners,Not-in-family,White,Female,0,0,16,United-States,0,0.0324724756976841,0,1,0.0
48,Private,185079,HS-grad,9,Never-married,Exec-managerial,Not-in-family,White,Female,0,0,50,United-States,0,0.2296747283330808,0,1,0.0
26,Private,259138,11th,7,Married-civ-spouse,Other-service,Wife,White,Female,2407,0,36,United-States,0,0.014715403749614928,0,1,0.0
40,Private,234397,Bachelors,13,Married-civ-spouse,Protective-serv,Husband,Black,Male,0,0,40,United-States,1,0.7441135554861389,1,1,0.0
20,Private,39764,HS-grad,9,Never-married,Handlers-cleaners,Own-child,White,Male,0,0,40,United-States,0,0.0025992918547798637,0,1,0.0
17,Private,70868,11th,7,Never-married,Craft-repair,Own-child,White,Male,0,0,16,United-States,0,0.0008400664001290631,0,1,0.0
28,Local-gov,327533,HS-grad,9,Married-civ-spouse,Protective-serv,Husband,White,Male,3908,0,40,United-States,0,0.024982488721504444,0,1,0.0
53,Local-gov,235567,HS-grad,9,Divorced,Adm-clerical,Not-in-family,White,Female,0,0,40,United-States,0,0.06425423719002925,0,1,0.0
49,Private,259323,HS-grad,9,Divorced,Craft-repair,Unmarried,White,Male,0,0,40,United-States,0,0.19914400239553082,0,1,0.0
42,Private,188615,Some-college,10,Separated,Prof-specialty,Not-in-family,White,Male,0,2231,50,Canada,1,0.8632538627492782,1,1,0.0
29,Federal-gov,128553,Assoc-voc,11,Never-married,Adm-clerical,Unmarried,Black,Female,0,0,40,United-States,0,0.023818450796171602,0,1,0.0
33,Private,288840,HS-grad,9,Married-spouse-absent,Other-service,Unmarried,Black,Female,0,0,38,United-States,0,0.009834431068596222,0,1,0.0
55,Private,200453,Some-college,10,Married-civ-spouse,Tech-support,Husband,White,Male,0,0,40,United-States,0,0.810468216330878,1,1,0.0
47,Private,265097,HS-grad,9,Married-civ-spouse,Machine-op-inspct,Husband,White,Male,0,0,40,United-States,0,0.511559188809235,0,1,0.0
17,,35603,11th,7,Never-married,,Own-child,White,Female,0,0,16,United-States,0,0.0006089967265740061,0,1,0.0
61,Private,219701,12th,8,Divorced,Protective-serv,Not-in-family,White,Male,0,0,37,Cuba,0,0.19453351798860175,0,1,0.0
30,Private,177522,HS-grad,9,Married-civ-spouse,Adm-clerical,Own-child,White,Female,0,0,20,United-States,0,0.09599048178071586,0,1,0.0
