age,workclass,fnlwgt,education,education-num,marital-status,occupation,relationship,race,sex,capital-gain,capital-loss,hours-per-week,native-country,income,probability,prediction,batch_id,drift_strength
76,,205479,Bachelors,13,Married-civ-spouse,,Husband,White,Male,10192,0,65,United-States,1,0.9656839553216617,1,5,0.8
38,Private,119741,Masters,14,Married-civ-spouse,Craft-repair,Husband,Black,Male,0,0,40,United-States,1,0.8034304571909998,1,5,0.8
66,Private,161147,HS-grad,9,Never-married,Adm-clerical,Own-child,White,Female,13982,0,55,United-States,0,0.9885124117031804,1,5,0.8
55,Local-gov,198096,HS-grad,9,Married-civ-spouse,Craft-repair,Husband,White,Male,21170,0,55,United-States,1,0.9988622632545721,1,5,0.8
63,Local-gov,169182,9th,5,Widowed,Other-service,Not-in-family,White,Female,6222,0,60,Cuba,0,0.08310665333845431,0,5,0.8
21,Private,23813,10th,6,Divorced,Craft-repair,Not-in-family,Amer-Indian-Eskimo,Male,0,0,40,United-States,0,0.017409390168901483,0,5,0.8
64,Local-gov,84808,HS-grad,9,Divorced,Adm-clerical,Unmarried,Black,Female,12267,0,55,United-States,0,0.9954662294480723,1,5,0.8
46,Private,56121,11th,7,Divorced,Craft-repair,Unmarried,White,Male,14093,0,55,United-States,0,0.9947095707697012,1,5,0.8
60,Private,205100,Bachelors,13,Married-civ-spouse,Sales,Husband,White,Male,99999,0,95,United-States,1,0.9987525808306651,1,5,0.8
31,Local-gov,210308,Some-college,10,Never-married,Adm-clerical,Own-child,White,Female,2335,1721,45,United-States,0,0.0010189950622942732,0,5,0.8
49,Private,106705,Some-college,10,Separated,Sales,Unmarried,White,Female,0,0,36,United-States,0,0.059235853706610865,0,5,0.8
57,Federal-gov,133973,Some-college,10,Divorced,Adm-clerical,Unmarried,White,Female,5136,0,55,United-States,0,0.19121592780809724,0,5,0.8
45,Self-emp-inc,289886,HS-grad,9,Never-married,Other-service,Unmarried,Asian-Pac-Islander,Male,7082,0,55,Vietnam,0,0.934667387414809,1,5,0.8
90,,29106,10th,6,Married-civ-spouse,,Husband,White,Male,6086,0,35,United-States,0,0.9833787304573032,1,5,0.8
54,Self-emp-not-inc,140474,Assoc-acdm,12,Divorced,Craft-repair,Own-child,Amer-Indian-Eskimo,Male,9598,0,50,United-States,0,0.9950571408135295,1,5,0.8
63,Private,142835,11th,7,Married-civ-spouse,Machine-op-inspct,Husband,White,Male,1522,0,55,United-States,0,0.04760133898192389,0,5,0.8
48,Private,199217,HS-grad,9,Divorced,Handlers-cleaners,Not-in-family,White,Male,2302,0,55,Mexico,0,0.018643867366158376,0,5,0.8
51,Private,144084,HS-grad,9,Never-married,Machine-op-inspct,Own-child,White,Female,0,0,40,United-States,0,0.02069075325966294,0,5,0.8
79,Private,105216,Some-college,10,Widowed,Prof-specialty,Not-in-family,White,Female,13254,0,31,United-States,0,0.9945334137585313,1,5,0.8
47,Local-gov,185769,Some-college,10,Married-civ-spouse,Other-service,Husband,White,Male,9214,0,55,United-States,0,0.9986280158251019,1,5,0.8
44,Private,324284,HS-grad,9,Married-civ-spouse,Craft-repair,Husband,White,Male,8393,0,55,United-States,0,0.9984248260247299,1,5,0.8
42,State-gov,141297,Bachelors,13,Married-civ-spouse,Prof-specialty,Husband,Asian-Pac-Islander,Male,1962,0,55,India,1,0.2533066105943228,0,5,0.8
46,Private,62165,Some-college,10,Never-married,Sales,Other-relative,Black,Male,8009,0,45,United-States,0,0.9480147363665741,1,5,0.8
64,Self-emp-not-inc,190333,HS-grad,9,Divorced,Farming-fishing,Not-in-family,White,Male,9156,0,40,United-States,0,0.9893927635652205,1,5,0.8
36,Private,170031,HS-grad,9,Married-civ-spouse,Craft-repair,Husband,White,Male,0,0,40,United-States,0,0.5206556116570841,0,5,0.8
43,Private,972354,Some-college,10,Married-civ-spouse,Other-service,Husband,White,Male,0,0,48,United-States,0,0.46950761863130114,0,5,0.8
74,Local-gov,136787,HS-grad,9,Divorced,Transport-moving,Other-relative,White,Male,12499,0,55,United-States,0,0.9921334178978031,1,5,0.8
48,Private,41490,Some-college,10,Divorced,Adm-clerical,Unmarried,White,Female,3853,0,55,United-States,0,0.007056822956622953,0,5,0.8
46,Private,217460,Bachelors,13,Married-civ-spouse,Exec-managerial,Husband,White,Male,4510,0,60,United-States,1,0.38017332267547244,0,5,0.8
53,Private,142579,Bachelors,13,Widowed,Sales,Unmarried,Black,Male,13316,0,65,United-States,0,0.9989439282809666,1,5,0.8
55,Local-gov,337469,Some-college,10,Divorced,Adm-clerical,Not-in-family,White,Female,7718,0,35,Mexico,0,0.9439348563866815,1,5,0.8
50,Self-emp-inc,140854,Bachelors,13,Married-civ-spouse,Craft-repair,Husband,White,Male,5646,0,65,United-States,1,0.9912645211439607,1,5,0.8
37,Private,242136,HS-grad,9,Divorced,Machine-op-inspct,Not-in-family,Black,Male,6301,0,55,United-States,0,0.04303405231519038,0,5,0.8
58,Local-gov,85341,Masters,14,Married-civ-spouse,Prof-specialty,Husband,White,Male,9826,0,71,United-States,0,0.998345907633103,1,5,0.8
52,Private,117860,HS-grad,9,Divorced,Other-service,Not-in-family,Black,Male,3329,0,55,United-States,0,0.01484086078308825,0,5,0.8
66,Self-emp-not-inc,212456,HS-grad,9,Widowed,Craft-repair,Not-in-family,White,Male,0,0,20,United-States,0,0.04419090621154809,0,5,0.8
42,Federal-gov,73514,Bachelors,13,Never-married,Exec-managerial,Other-relative,Asian-Pac-Islander,Female,5329,0,60,United-States,0,0.17290195609224818,0,5,0.8
39,Private,210498,Some-college,10,Married-civ-spouse,Exec-managerial,Husband,White,Male,907,0,95,United-States,0,0.22523733411937713,0,5,0.8
49,Private,83444,HS-grad,9,Divorced,Exec-managerial,Not-in-family,White,Male,0,0,40,United-States,0,0.21632739527943357,0,5,0.8
29,Private,152710,10th,6,Never-married,Sales,Own-child,White,Female,4765,0,30,United-States,0,0.45618834931636226,0,5,0.8
40,Private,195520,Assoc-voc,11,Never-married,Adm-clerical,Other-relative,White,Male,3708,0,55,Ireland,0,0.006290179354806317,0,5,0.8
40,Private,166662,Prof-school,15,Married-civ-spouse,Prof-specialty,Husband,White,Male,15024,0,45,United-States,1,0.9993351604884986,1,5,0.8
69,State-gov,254949,HS-grad,9,Married-civ-spouse,Exec-managerial,Husband,White,Male,8482,0,55,United-States,1,0.9842216820596178,1,5,0.8
52,Private,276096,HS-grad,9,Married-civ-spouse,Machine-op-inspct,Husband,White,Male,10378,0,55,United-States,0,0.9911040988783436,1,5,0.8
57,Private,175262,9th,5,Married-civ-spouse,Handlers-cleaners,Husband,Asian-Pac-Islander,Male,1329,0,55,India,0,0.046552492313500025,0,5,0.8
20,Private,133515,Some-college,10,Never-married,Sales,Other-relative,White,Female,0,0,40,United-States,0,0.0023132657943565897,0,5,0.8
57,Private,112362,10th,6,Married-civ-spouse,Sales,Husband,White,Male,8245,0,55,United-States,0,0.9985038769301334,1,5,0.8
38,Private,141824,Some-college,10,Divorced,Exec-managerial,Not-in-family,White,Female,11399,0,55,United-States,0,0.9985379261282338,1,5,0.8
38,Private,258550,Bachelors,13,Never-married,Adm-clerical,Own-child,White,Male,896,0,55,United-States,0,0.017080118203931804,0,5,0.8
31,Private,55284,HS-grad,9,Never-married,Handlers-cleaners,Own-child,White,Female,11311,0,40,United-States,0,0.9903920981443457,1,5,0.8
42,Private,192644,Masters,14,Married-civ-spouse,Exec-managerial,Husband,White,Male,10257,0,65,United-States,1,0.9990100662839261,1,5,0.8
48,Private,214807,HS-grad,9,Divorced,Other-service,Unmarried,White,Female,3086,0,55,United-States,0,0.44229922600950244,0,5,0.8
41,Self-emp-not-inc,375574,Some-college,10,Married-civ-spouse,Sales,Husband,White,Male,0,0,60,Mexico,1,0.7890202286772029,1,5,0.8
66,Private,222882,HS-grad,9,Widowed,Exec-managerial,Unmarried,White,Female,7667,0,60,United-States,0,0.9534398519520056,1,5,0.8
50,Private,210198,HS-grad,9,Never-married,Sales,Unmarried,White,Female,4931,0,45,United-States,0,0.37884000100921145,0,5,0.8
49,Local-gov,89491,Masters,14,Divorced,Exec-managerial,Not-in-family,White,Female,7753,0,55,United-States,0,0.9257892291250126,1,5,0.8
51,Local-gov,277024,HS-grad,9,Separated,Protective-serv,Not-in-family,Black,Male,0,0,40,United-States,0,0.15396638076124433,0,5,0.8
53,Private,176069,HS-grad,9,Separated,Machine-op-inspct,Unmarried,White,Female,4633,0,55,United-States,0,0.05116412734061386,0,5,0.8
36,Private,254767,11th,7,Never-married,Sales,Own-child,White,Male,12913,0,55,United-States,0,0.9971947819651136,1,5,0.8
42,Private,156464,Masters,14,Never-married,Prof-specialty,Not-in-family,White,Male,4496,0,60,United-States,1,0.11338904657317182,0,5,0.8
45,Private,248754,Bachelors,13,Married-civ-spouse,Prof-specialty,Husband,White,Male,1511,0,60,United-States,0,0.2677242477751439,0,5,0.8
64,Private,204322,Assoc-voc,11,Married-civ-spouse,Tech-support,Husband,White,Male,12387,0,55,United-States,0,0.9929642584775983,1,5,0.8
58,Private,126104,Masters,14,Divorced,Adm-clerical,Not-in-family,White,Female,0,1980,45,United-States,0,0.07084377752659345,0,5,0.8
63,Self-emp-not-inc,321865,Some-college,10,Married-civ-spouse,Other-service,Husband,White,Male,7852,0,99,United-States,0,0.9684791324559587,1,5,0.8
49,Private,127048,Some-college,10,Married-civ-spouse,Adm-clerical,Wife,White,Female,1008,0,55,United-States,0,0.09344426426434174,0,5,0.8
53,Private,294270,9th,5,Married-civ-spouse,Transport-moving,Husband,White,Male,7710,0,50,United-States,0,0.9984698173934726,1,5,0.8
64,,133336,10th,6,Divorced,,Not-in-family,White,Male,10187,0,40,United-States,0,0.9817825198955272,1,5,0.8
35,Private,447488,9th,5,Never-married,Machine-op-inspct,Other-relative,White,Male,7076,0,50,Mexico,0,0.7920006332090576,1,5,0.8
41,Private,133292,Some-college,10,Never-married,Adm-clerical,Own-child,Black,Male,6426,0,55,United-States,0,0.19176795579103356,0,5,0.8
52,,170649,Some-college,10,Married-civ-spouse,,Husband,White,Male,517,0,23,United-States,0,0.05410856167165597,0,5,0.8
56,Self-emp-inc,171615,Prof-school,15,Married-civ-spouse,Prof-specialty,Husband,White,Male,11555,0,70,United-States,1,0.9989066688533653,1,5,0.8
60,Private,227714,Bachelors,13,Married-civ-spouse,Sales,Husband,White,Male,8376,0,75,United-States,0,0.9987090270457671,1,5,0.8
61,,71467,HS-grad,9,Married-civ-spouse,,Husband,White,Male,3103,0,40,United-States,1,0.9409384078970895,1,5,0.8
36,Private,321435,Bachelors,13,Never-married,Adm-clerical,Not-in-family,White,Male,14850,0,55,United-States,0,0.9986580528884903,1,5,0.8
61,Private,79436,HS-grad,9,Married-civ-spouse,Handlers-cleaners,Husband,White,Male,9346,0,63,United-States,0,0.9829195775259115,1,5,0.8
31,Private,176185,Masters,14,Married-civ-spouse,Exec-managerial,Husband,White,Male,0,0,60,France,1,0.90743249579668,1,5,0.8
41,Private,67306,HS-grad,9,Never-married,Adm-clerical,Unmarried,Amer-Indian-Eskimo,Female,5139,0,55,United-States,0,0.03724697876928076,0,5,0.8
31,Private,125010,HS-grad,9,Never-married,Farming-fishing,Own-child,White,Male,6866,0,60,United-States,0,0.02292077677788377,0,5,0.8
27,Private,214858,Bachelors,13,Never-married,Sales,Own-child,White,Male,0,0,40,United-States,0,0.04755627961189707,0,5,0.8
42,Private,622192,Some-college,10,Married-civ-spouse,Other-service,Wife,White,Female,7358,0,21,United-States,0,0.9935251905204834,1,5,0.8
42,Private,165115,Assoc-voc,11,Divorced,Adm-clerical,Unmarried,White,Female,13593,0,45,United-States,0,0.9927349440052903,1,5,0.8
40,Private,195000,Bachelors,13,Never-married,Sales,Other-relative,White,Female,5901,0,60,United-States,0,0.19630212461532046,0,5,0.8
81,Private,136218,11th,7,Never-married,Machine-op-inspct,Not-in-family,White,Female,5320,0,55,United-States,0,0.12930900437932558,0,5,0.8
32,Private,171398,10th,6,Never-married,Sales,Not-in-family,Other,Male,9647,0,55,United-States,0,0.9976413700507324,1,5,0.8
48,Private,288049,HS-grad,9,Married-civ-spouse,Exec-managerial,Husband,White,Male,11045,0,60,United-States,0,0.999001525435671,1,5,0.8
62,Local-gov,120190,Masters,14,Divorced,Prof-specialty,Not-in-family,White,Female,10941,0,60,United-States,0,0.9961898229636612,1,5,0.8
49,Private,280282,Assoc-voc,11,Married-civ-spouse,Tech-support,Wife,White,Female,13714,0,39,United-States,1,0.9989925405362254,1,5,0.8
31,Private,25429,Some-college,10,Never-married,Adm-clerical,Own-child,White,Female,8506,0,31,United-States,0,0.9965715770885029,1,5,0.8
67,Private,200734,HS-grad,9,Separated,Other-service,Unmarried,Black,Female,3449,0,55,,0,0.013078187841697782,0,5,0.8
39,Private,203160,Bachelors,13,Never-married,Handlers-cleaners,Not-in-family,White,Male,11754,0,43,United-States,0,0.9971097180391582,1,5,0.8
55,Private,193494,Some-college,10,Married-civ-spouse,Prof-specialty,Husband,White,Male,10402,0,55,United-States,0,0.9937765082479229,1,5,0.8
41,,429696,Some-college,10,Married-civ-spouse,,Own-child,Black,Female,4095,0,29,United-States,0,0.058925610741868945,0,5,0.8
35,Private,203003,7th-8th,4,Never-married,Craft-repair,Not-in-family,White,Male,13160,0,40,Germany,0,0.9976428551546236,1,5,0.8
38,Private,380543,HS-grad,9,Never-married,Other-service,Unmarried,Black,Female,0,0,30,United-States,0,0.00875178678907766,0,5,0.8
62,Local-gov,173224,Masters,14,Married-civ-spouse,Prof-specialty,Wife,White,Female,5781,0,55,United-States,0,0.9897547910174215,1,5,0.8
26,Local-gov,73392,HS-grad,9,Never-married,Handlers-cleaners,Own-child,Amer-Indian-Eskimo,Male,0,0,30,United-States,0,0.006894105685487246,0,5,0.8
57,Private,149169,Some-college,10,Divorced,Craft-repair,Not-in-family,White,Male,4724,0,65,United-States,0,0.9615117839520825,1,5,0.8
29,Private,156736,10th,6,Never-married,Sales,Unmarried,White,Female,3251,0,27,United-States,0,0.0010972634191436844,0,5,0.8
32,,50163,Some-college,10,Never-married,,Not-in-family,White,Male,14612,0,40,United-States,0,0.9980211962137582,1,5,0.8
42,Private,310889,Some-college,10,Never-married,Handlers-cleaners,Not-in-family,White,Male,5268,0,70,United-States,0,0.3834603498108032,0,5,0.8
34,Private,304710,Bachelors,13,Never-married,Adm-clerical,Not-in-family,Asian-Pac-Islander,Female,1236,0,25,Vietnam,0,0.0016731382765052976,0,5,0.8
29,Private,244589,11th,7,Never-married,Sales,Own-child,White,Female,40,0,55,United-States,0,0.005826465115499479,0,5,0.8
39,Private,173927,Some-college,10,Never-married,Tech-support,Own-child,Other,Female,12288,0,47,Jamaica,0,0.99809915915177,1,5,0.8
58,Private,94741,12th,8,Married-civ-spouse,Other-service,Wife,White,Female,0,0,24,United-States,0,0.19075080039107264,0,5,0.8
52,Private,326310,Some-college,10,Married-civ-spouse,Craft-repair,Husband,White,Male,1991,0,59,United-States,0,0.1698151496344917,0,5,0.8
35,Private,188545,Assoc-acdm,12,Never-married,Adm-clerical,Own-child,White,Female,2539,1974,35,United-States,0,0.005704772851572207,0,5,0.8
44,Private,187322,Bachelors,13,Divorced,Transport-moving,Not-in-family,White,Male,0,0,40,United-States,0,0.25170649689472435,0,5,0.8
19,Private,693066,12th,8,Never-married,Other-service,Own-child,White,Female,0,0,15,United-States,0,0.0007352731270224346,0,5,0.8
50,Private,159179,HS-grad,9,Married-civ-spouse,Craft-repair,Husband,White,Male,5703,0,55,United-States,0,0.9918387106343138,1,5,0.8
46,Private,295922,Some-college,10,Never-married,Machine-op-inspct,Not-in-family,White,Male,10771,0,55,England,1,0.9984902036365372,1,5,0.8
36,Private,129573,Assoc-acdm,12,Married-civ-spouse,Sales,Husband,White,Male,0,0,60,United-States,1,0.8147606394256998,1,5,0.8
59,Private,176140,HS-grad,9,Divorced,Exec-managerial,Unmarried,Black,Female,4158,0,55,United-States,1,0.012267637160599436,0,5,0.8
44,State-gov,169973,Masters,14,Never-married,Adm-clerical,Not-in-family,White,Female,6062,0,53,United-States,0,0.19646491997846977,0,5,0.8
50,Self-emp-inc,54953,Some-college,10,Married-civ-spouse,Craft-repair,Husband,White,Male,543,0,53,United-States,0,0.13413588597982118,0,5,0.8
42,Private,104647,HS-grad,9,Divorced,Other-service,Not-in-family,White,Male,0,0,40,United-States,0,0.05403059627036998,0,5,0.8
31,Private,43003,Some-college,10,Never-married,Other-service,Own-child,White,Male,9747,0,35,United-States,0,0.9930964003556975,1,5,0.8
49,Private,53232,Prof-school,15,Never-married,Prof-specialty,Not-in-family,Asian-Pac-Islander,Female,10420,0,70,United-States,1,0.9961711432095878,1,5,0.8
57,Private,117409,Some-college,10,Married-civ-spouse,Exec-managerial,Husband,White,Male,14879,0,55,United-States,1,0.9990364918032082,1,5,0.8
61,Private,166215,9th,5,Married-civ-spouse,Craft-repair,Husband,White,Male,1627,0,55,United-States,0,0.04700085308752423,0,5,0.8
50,Private,32271,Some-college,10,Married-civ-spouse,Craft-repair,Husband,White,Male,4953,0,55,United-States,0,0.10834848915643029,0,5,0.8
62,Private,233363,11th,7,Divorced,Other-service,Unmarried,White,Female,326,0,55,United-States,0,0.009818117487665744,0,5,0.8
45,Private,159303,HS-grad,9,Divorced,Other-service,Unmarried,White,Female,3032,0,55,United-States,0,0.016320201629309136,0,5,0.8
30,,220168,Some-college,10,Never-married,,Own-child,White,Male,5647,0,31,United-States,0,0.051944776581281805,0,5,0.8
31,Private,173350,HS-grad,9,Never-married,Other-service,Not-in-family,White,Female,0,0,30,United-States,0,0.01864895273603731,0,5,0.8
69,Local-gov,237546,Masters,14,Married-civ-spouse,Exec-managerial,Husband,White,Male,10565,0,75,United-States,1,0.9751318489112725,1,5,0.8
39,Private,246440,11th,7,Divorced,Machine-op-inspct,Unmarried,White,Female,4677,0,55,United-States,0,0.8592040893798009,1,5,0.8
34,Private,127647,HS-grad,9,Never-married,Other-service,Own-child,White,Female,3060,0,51,United-States,0,0.21281380647914191,0,5,0.8
80,Self-emp-not-inc,225892,HS-grad,9,Married-civ-spouse,Other-service,Husband,White,Male,1409,0,40,United-States,0,0.012625690005124559,0,5,0.8
80,Private,34887,HS-grad,9,Widowed,Priv-house-serv,Not-in-family,White,Female,9034,0,21,United-States,0,0.9834451526806195,1,5,0.8
33,Private,241951,HS-grad,9,Never-married,Machine-op-inspct,Not-in-family,White,Male,2487,0,60,United-States,0,0.005561030725802415,0,5,0.8
44,Private,73498,7th-8th,4,Divorced,Other-service,Unmarried,White,Female,9959,0,55,United-States,0,0.9794041538848802,1,5,0.8
76,Private,110110,11th,7,Married-civ-spouse,Machine-op-inspct,Husband,Black,Male,3511,0,55,United-States,0,0.0431009699481373,0,5,0.8
54,Self-emp-not-inc,103759,HS-grad,9,Married-civ-spouse,Sales,Husband,White,Male,8056,0,63,United-States,0,0.9984605800915317,1,5,0.8
56,Private,179666,Some-college,10,Divorced,Transport-moving,Unmarried,White,Male,4481,0,50,England,0,0.18512260820402385,0,5,0.8
35,Private,413345,Bachelors,13,Never-married,Adm-clerical,Not-in-family,White,Female,2913,0,75,United-States,0,0.03199717774972031,0,5,0.8
76,Private,114994,HS-grad,9,Married-civ-spouse,Other-service,Husband,White,Male,8146,0,35,United-States,0,0.9650780935219694,1,5,0.8
41,Private,185660,HS-grad,9,Separated,Adm-clerical,Unmarried,White,Female,0,0,40,United-States,0,0.05520048543779175,0,5,0.8
50,Private,169469,HS-grad,9,Divorced,Sales,Not-in-family,White,Male,9204,0,95,United-States,0,0.9969473453030645,1,5,0.8
40,,241580,HS-grad,9,Divorced,,Unmarried,White,Female,4279,0,70,United-States,0,0.303252628742878,0,5,0.8
50,Private,127493,Assoc-acdm,12,Widowed,Sales,Unmarried,White,Female,8481,0,50,United-States,0,0.9979127634075146,1,5,0.8
49,State-gov,231961,Doctorate,16,Divorced,Prof-specialty,Unmarried,White,Male,0,0,50,United-States,1,0.8714174333474859,1,5,0.8
48,Private,306567,HS-grad,9,Married-civ-spouse,Transport-moving,Wife,White,Female,11184,0,55,United-States,1,0.9988602676867379,1,5,0.8
22,Private,187703,Assoc-voc,11,Never-married,Other-service,Other-relative,White,Male,0,0,40,Guatemala,0,0.01754003267849092,0,5,0.8
38,State-gov,105787,Bachelors,13,Never-married,Prof-specialty,Own-child,White,Male,10770,0,55,United-States,0,0.9972855178349608,1,5,0.8
64,Private,110748,Masters,14,Married-civ-spouse,Prof-specialty,Husband,White,Male,2624,0,65,United-States,1,0.26004416561275184,0,5,0.8
56,Private,246687,Some-college,10,Divorced,Adm-clerical,Not-in-family,White,Female,0,0,40,United-States,0,0.06517972566277215,0,5,0.8
45,State-gov,43716,Some-college,10,Married-civ-spouse,Craft-repair,Husband,White,Male,12184,0,19,United-States,0,0.9970794967138042,1,5,0.8
57,Private,187730,Bachelors,13,Never-married,Prof-specialty,Own-child,White,Male,11672,0,55,United-States,0,0.9978528579043284,1,5,0.8
57,,28359,HS-grad,9,Separated,,Unmarried,White,Female,10958,0,25,United-States,0,0.9930822623613392,1,5,0.8
46,Private,120461,Some-college,10,Divorced,Adm-clerical,Not-in-family,White,Female,7414,0,65,United-States,0,0.7606818916250807,1,5,0.8
46,Private,236861,HS-grad,9,Married-civ-spouse,Tech-support,Husband,White,Male,7142,0,55,United-States,1,0.9979834509079928,1,5,0.8
43,Private,113364,Assoc-acdm,12,Married-civ-spouse,Machine-op-inspct,Husband,White,Male,10261,0,70,United-States,0,0.9979715632494939,1,5,0.8
37,Local-gov,514716,Bachelors,13,Never-married,Adm-clerical,Own-child,Black,Female,4643,0,55,United-States,0,0.051966106989691216,0,5,0.8
44,Private,143604,HS-grad,9,Divorced,Other-service,Not-in-family,Black,Female,8370,0,31,United-States,0,0.9948718404139119,1,5,0.8
51,Private,28572,HS-grad,9,Divorced,Other-service,Not-in-family,White,Male,508,0,55,United-States,0,0.02650068081660946,0,5,0.8
59,Private,24384,HS-grad,9,Widowed,Priv-house-serv,Not-in-family,White,Female,0,0,40,United-States,0,0.03159138295128652,0,5,0.8
39,Private,223792,HS-grad,9,Married-civ-spouse,Handlers-cleaners,Husband,White,Male,0,0,72,United-States,0,0.467420419171953,0,5,0.8
31,Private,501144,Some-college,10,Never-married,Sales,Other-relative,Black,Female,7440,0,55,United-States,0,0.8515813045363619,1,5,0.8
56,Private,245317,HS-grad,9,Married-civ-spouse,Adm-clerical,Husband,White,Male,9642,0,55,United-States,0,0.9984776769674254,1,5,0.8
57,Self-emp-inc,67001,Some-college,10,Married-civ-spouse,Machine-op-inspct,Husband,White,Male,4302,0,65,United-States,0,0.9119565938345172,1,5,0.8
52,Private,337456,HS-grad,9,Divorced,Protective-serv,Unmarried,White,Female,8607,0,55,United-States,0,0.9959257270076054,1,5,0.8
43,Private,309028,Bachelors,13,Never-married,Prof-specialty,Not-in-family,White,Female,14804,0,55,United-States,0,0.998581954863064,1,5,0.8
69,Self-emp-inc,127728,Prof-school,15,Married-civ-spouse,Prof-specialty,Husband,White,Male,20100,0,75,United-States,1,0.9947898034809902,1,5,0.8
53,Local-gov,169995,Some-college,10,Divorced,Protective-serv,Not-in-family,White,Male,14189,0,35,United-States,0,0.9983014674231755,1,5,0.8
53,Private,115849,HS-grad,9,Married-civ-spouse,Transport-moving,Husband,White,Male,10702,0,55,United-States,0,0.9988112075388227,1,5,0.8
53,Private,171839,Masters,14,Married-civ-spouse,Other-service,Wife,White,Female,10584,0,65,United-States,1,0.9965264341614679,1,5,0.8
52,Private,220984,HS-grad,9,Married-civ-spouse,Machine-op-inspct,Husband,White,Male,0,0,40,United-States,0,0.5631961531412834,0,5,0.8
38,State-gov,177035,11th,7,Divorced,Other-service,Unmarried,White,Female,11512,0,55,United-States,0,0.9958704485817218,1,5,0.8
39,Private,209443,Bachelors,13,Married-AF-spouse,Sales,Wife,White,Female,3857,0,55,United-States,0,0.20399960106135834,0,5,0.8
32,,386962,10th,6,Never-married,,Own-child,White,Male,11959,0,55,Mexico,0,0.9971579594985827,1,5,0.8
51,Private,198654,HS-grad,9,Divorced,Exec-managerial,Unmarried,Black,Female,99999,0,55,United-States,1,0.9982686614034966,1,5,0.8
53,Private,195661,Some-college,10,Married-civ-spouse,Transport-moving,Husband,White,Male,3290,0,69,United-States,0,0.09354795685391105,0,5,0.8
39,Self-emp-not-inc,132686,HS-grad,9,Married-civ-spouse,Transport-moving,Husband,White,Male,8405,0,65,United-States,0,0.9982837215260596,1,5,0.8
31,Private,150324,Assoc-acdm,12,Never-married,Machine-op-inspct,Unmarried,White,Male,0,0,40,United-States,0,0.04682068431196691,0,5,0.8
35,Private,271354,HS-grad,9,Married-civ-spouse,Transport-moving,Husband,White,Male,14039,1902,65,United-States,1,0.9990092699452303,1,5,0.8
25,Private,178505,Some-college,10,Never-married,Exec-managerial,Other-relative,White,Female,0,1504,45,United-States,0,0.04272727302736987,0,5,0.8
35,Private,47541,HS-grad,9,Married-civ-spouse,Machine-op-inspct,Husband,White,Male,7768,0,65,United-States,0,0.9982104739821024,1,5,0.8
58,Private,128460,10th,6,Married-civ-spouse,Handlers-cleaners,Husband,White,Male,8319,0,55,United-States,0,0.9971835815873256,1,5,0.8
54,Self-emp-not-inc,37618,Some-college,10,Married-civ-spouse,Farming-fishing,Husband,White,Male,14617,0,75,United-States,0,0.9978279580696245,1,5,0.8
46,Private,190040,HS-grad,9,Married-civ-spouse,Adm-clerical,Wife,White,Female,3745,0,55,United-States,0,0.049272821754222894,0,5,0.8
57,Private,84790,Bachelors,13,Married-civ-spouse,Prof-specialty,Husband,White,Male,4264,0,70,United-States,1,0.9351579374090286,1,5,0.8
42,Local-gov,1125613,HS-grad,9,Divorced,Other-service,Not-in-family,Black,Male,0,0,40,United-States,0,0.027953140196145927,0,5,0.8
45,Private,227026,Bachelors,13,Never-married,Craft-repair,Unmarried,White,Female,3220,0,55,Nicaragua,0,0.036779888174824124,0,5,0.8
74,Private,270092,Masters,14,Married-civ-spouse,Prof-specialty,Husband,White,Male,13640,0,55,United-States,1,0.994032851141602,1,5,0.8
48,Private,82743,Assoc-acdm,12,Never-married,Transport-moving,Not-in-family,White,Male,7093,0,70,Iran,0,0.8228639995669198,1,5,0.8
38,Private,152263,HS-grad,9,Never-married,Adm-clerical,Own-child,White,Female,6793,0,60,United-States,0,0.031859379108961944,0,5,0.8
50,Private,428251,Some-college,10,Never-married,Craft-repair,Unmarried,White,Male,8199,0,55,United-States,0,0.978825443578376,1,5,0.8
39,Private,91996,HS-grad,9,Divorced,Other-service,Unmarried,White,Female,0,0,40,United-States,0,0.026560551496638263,0,5,0.8
48,,155509,11th,7,Divorced,,Unmarried,Black,Female,0,0,10,Haiti,0,0.021358098294112133,0,5,0.8
40,Private,444304,Bachelors,13,Married-civ-spouse,Tech-support,Husband,White,Male,8817,0,55,United-States,0,0.9989375890895142,1,5,0.8
34,Self-emp-not-inc,349148,Some-college,10,Married-civ-spouse,Craft-repair,Husband,White,Male,0,0,40,United-States,0,0.5912630514423078,0,5,0.8
85,,180603,HS-grad,9,Widowed,,Not-in-family,White,Female,13710,0,23,United-States,0,0.9928706755395449,1,5,0.8
48,Private,139743,Some-college,10,Widowed,Prof-specialty,Own-child,White,Female,14847,0,55,United-States,0,0.9986213915446368,1,5,0.8
75,Private,163708,9th,5,Widowed,Other-service,Not-in-family,White,Female,13299,0,35,United-States,0,0.9956457169756312,1,5,0.8
65,Private,420277,Some-college,10,Married-civ-spouse,Protective-serv,Husband,White,Male,0,0,40,United-States,0,0.663515768999112,1,5,0.8
54,Private,153132,Bachelors,13,Divorced,Sales,Unmarried,White,Male,6175,0,60,,0,0.3192847334509617,0,5,0.8
59,Self-emp-inc,123075,Masters,14,Married-civ-spouse,Sales,Husband,White,Male,11981,0,65,United-States,1,0.9990867840161324,1,5,0.8
63,Self-emp-not-inc,183173,HS-grad,9,Married-civ-spouse,Sales,Husband,White,Male,252,0,55,United-States,1,0.06172506189177679,0,5,0.8
64,State-gov,254285,Doctorate,16,Married-civ-spouse,Prof-specialty,Husband,White,Male,8831,1887,85,Germany,1,0.990578398214573,1,5,0.8
39,Private,110426,Assoc-acdm,12,Married-civ-spouse,Exec-managerial,Wife,White,Female,15024,0,45,United-States,1,0.9990544714304606,1,5,0.8
33,Private,237051,Some-college,10,Never-married,Other-service,Own-child,White,Female,9145,0,40,United-States,0,0.9930921011080563,1,5,0.8
39,Private,188171,HS-grad,9,Never-married,Handlers-cleaners,Own-child,White,Male,2920,0,55,United-States,0,0.00730903337522043,0,5,0.8
55,Federal-gov,94937,Bachelors,13,Divorced,Adm-clerical,Unmarried,White,Female,1549,0,55,United-States,0,0.035360345625713954,0,5,0.8
58,Local-gov,303918,HS-grad,9,Married-civ-spouse,Protective-serv,Husband,White,Male,10116,0,99,United-States,1,0.990089873327716,1,5,0.8
46,Local-gov,28568,HS-grad,9,Divorced,Craft-repair,Unmarried,White,Male,12616,0,55,United-States,0,0.9881256892044447,1,5,0.8
56,Private,100584,HS-grad,9,Married-civ-spouse,Machine-op-inspct,Husband,Amer-Indian-Eskimo,Male,1396,0,55,United-States,0,0.08956265772364294,0,5,0.8
52,Private,123306,Assoc-voc,11,Married-civ-spouse,Prof-specialty,Husband,White,Male,864,0,55,United-States,1,0.17021556049259062,0,5,0.8
74,Private,150693,HS-grad,9,Widowed,Adm-clerical,Not-in-family,White,Female,1527,0,57,United-States,0,0.012213073120499006,0,5,0.8
54,Private,53956,HS-grad,9,Married-civ-spouse,Handlers-cleaners,Husband,White,Male,2197,0,55,United-States,0,0.0672821454607688,0,5,0.8
33,Private,147655,HS-grad,9,Never-married,Adm-clerical,Own-child,White,Female,11370,0,55,United-States,0,0.9959955626138295,1,5,0.8
39,Private,192936,HS-grad,9,Divorced,Adm-clerical,Unmarried,White,Female,2962,0,55,United-States,0,0.00978399445635559,0,5,0.8
43,Self-emp-not-inc,111423,Bachelors,13,Never-married,Craft-repair,Not-in-family,White,Male,8000,0,70,United-States,0,0.9315286773281354,1,5,0.8
53,Private,79586,Bachelors,13,Married-civ-spouse,Prof-specialty,Husband,Asian-Pac-Islander,Male,7884,0,75,China,1,0.9985529629661105,1,5,0.8
33,Private,164019,Some-college,10,Never-married,Farming-fishing,Own-child,Black,Male,5408,0,25,United-States,0,0.011668818444897698,0,5,0.8
33,State-gov,96483,Some-college,10,Never-married,Adm-clerical,Own-child,Asian-Pac-Islander,Female,13832,0,27,United-States,0,0.9956155503490468,1,5,0.8
30,Private,130849,11th,7,Never-married,Other-service,Own-child,White,Female,7037,0,23,United-States,0,0.00696847527816365,0,5,0.8
45,Private,208180,Bachelors,13,Never-married,Sales,Not-in-family,White,Female,144,0,55,United-States,0,0.04520382102091814,0,5,0.8
30,Private,128016,Bachelors,13,Never-married,Exec-managerial,Not-in-family,White,Female,0,0,55,United-States,0,0.5496838707225964,0,5,0.8
36,Private,228613,11th,7,Never-married,Machine-op-inspct,Unmarried,White,Female,12008,0,55,United-States,0,0.9939490873918265,1,5,0.8
54,Private,388725,Masters,14,Divorced,Sales,Not-in-family,White,Male,8233,0,65,United-States,1,0.9670508216277686,1,5,0.8
64,,271749,12th,8,Never-married,,Other-relative,Black,Male,9253,0,55,United-States,0,0.9905077978759885,1,5,0.8
50,Self-emp-inc,159179,Prof-school,15,Married-civ-spouse,Prof-specialty,Husband,White,Male,9264,0,60,United-States,1,0.999060707365903,1,5,0.8
21,,105312,HS-grad,9,Never-married,,Not-in-family,White,Female,0,0,20,United-States,0,0.0028903302261828498,0,5,0.8
66,Private,278329,HS-grad,9,Married-spouse-absent,Exec-managerial,Not-in-family,White,Female,14990,0,58,United-States,0,0.9968249150134404,1,5,0.8
27,State-gov,280618,Masters,14,Never-married,Prof-specialty,Not-in-family,White,Male,0,0,40,United-States,0,0.04904399617330715,0,5,0.8
31,Private,168275,HS-grad,9,Divorced,Other-service,Not-in-family,White,Female,0,0,28,United-States,0,0.02460807098786696,0,5,0.8
46,Private,64830,Assoc-acdm,12,Divorced,Exec-managerial,Not-in-family,White,Female,473,0,60,United-States,0,0.0246974000490986,0,5,0.8
67,Private,204334,Prof-school,15,Married-civ-spouse,Exec-managerial,Husband,White,Male,1865,1977,70,England,1,0.7520701996016372,1,5,0.8
37,Private,207369,Some-college,10,Never-married,Exec-managerial,Own-child,White,Female,1777,0,55,United-States,0,0.013770599518959273,0,5,0.8
58,Private,102359,Bachelors,13,Divorced,Prof-specialty,Not-in-family,White,Male,11297,0,55,United-States,0,0.9983774281064719,1,5,0.8
42,Self-emp-not-inc,209808,Doctorate,16,Married-civ-spouse,Prof-specialty,Husband,White,Male,2653,0,55,United-States,1,0.3792465906491254,0,5,0.8
54,Self-emp-inc,196514,Bachelors,13,Never-married,Prof-specialty,Not-in-family,White,Male,1211,0,55,United-States,0,0.07103487676899299,0,5,0.8
34,Private,87546,HS-grad,9,Married-civ-spouse,Machine-op-inspct,Wife,White,Female,10749,0,55,United-States,0,0.9984247785231375,1,5,0.8
35,Private,39182,HS-grad,9,Married-civ-spouse,Sales,Husband,White,Male,6223,0,55,United-States,0,0.986377996563662,1,5,0.8
20,Private,361138,HS-grad,9,Never-married,Sales,Unmarried,White,Male,0,0,45,United-States,0,0.005965535675857888,0,5,0.8
34,Private,227626,HS-grad,9,Divorced,Transport-moving,Not-in-family,White,Male,14699,0,55,United-States,0,0.998345717660235,1,5,0.8
57,Self-emp-not-inc,43434,Bachelors,13,Never-married,Exec-managerial,Not-in-family,White,Female,11379,0,55,United-States,0,0.9980018774369125,1,5,0.8
54,Private,162003,Doctorate,16,Never-married,Prof-specialty,Not-in-family,White,Male,12392,0,51,United-States,1,0.9990872457516763,1,5,0.8
36,Self-emp-not-inc,347491,Doctorate,16,Married-civ-spouse,Prof-specialty,Husband,White,Male,0,0,35,United-States,0,0.9092620447761537,1,5,0.8
62,Local-gov,117791,HS-grad,9,Divorced,Adm-clerical,Not-in-family,White,Female,1288,0,55,United-States,0,0.007828420329619114,0,5,0.8
72,Private,163665,Some-college,10,Married-civ-spouse,Protective-serv,Husband,White,Male,5916,0,31,United-States,1,0.9662919117580856,1,5,0.8
39,Private,448841,HS-grad,9,Married-civ-spouse,Exec-managerial,Husband,White,Male,1405,0,55,United-States,0,0.20148290330233953,0,5,0.8
21,Private,30619,Some-college,10,Never-married,Exec-managerial,Not-in-family,White,Female,0,0,38,United-States,0,0.009380418156337977,0,5,0.8
36,Private,175254,Some-college,10,Never-married,Transport-moving,Not-in-family,Black,Male,5710,0,55,United-States,0,0.09940104906783985,0,5,0.8
43,Local-gov,265706,Bachelors,13,Never-married,Protective-serv,Not-in-family,White,Male,12811,0,55,United-States,0,0.9988088682509563,1,5,0.8
51,Private,190297,Doctorate,16,Married-civ-spouse,Prof-specialty,Husband,White,Male,99999,0,70,United-States,1,0.9991111278719012,1,5,0.8
47,Private,187711,HS-grad,9,Divorced,Machine-op-inspct,Not-in-family,White,Male,14155,0,55,United-States,0,0.9981390763074217,1,5,0.8
21,Private,285522,Some-college,10,Never-married,Craft-repair,Not-in-family,White,Male,0,0,40,United-States,0,0.012922561865775773,0,5,0.8
56,Private,216116,HS-grad,9,Married-spouse-absent,Other-service,Not-in-family,Black,Female,3118,0,55,Jamaica,0,0.325313720859269,0,5,0.8
52,Self-emp-not-inc,34007,HS-grad,9,Married-civ-spouse,Farming-fishing,Husband,White,Male,6277,0,85,United-States,1,0.981789523093015,1,5,0.8
74,Private,110586,Some-college,10,Widowed,Priv-house-serv,Unmarried,White,Female,5045,0,55,United-States,0,0.13425313823413584,0,5,0.8
44,Local-gov,223267,HS-grad,9,Married-civ-spouse,Transport-moving,Husband,White,Male,6113,0,55,United-States,0,0.9861974086478158,1,5,0.8
46,,41493,Bachelors,13,Divorced,,Own-child,White,Female,9227,0,55,United-States,0,0.9947560227933117,1,5,0.8
32,Private,42279,Some-college,10,Never-married,Other-service,Own-child,White,Female,8504,0,45,United-States,0,0.9934051703204988,1,5,0.8
49,Private,225821,Assoc-acdm,12,Married-civ-spouse,Prof-specialty,Husband,White,Male,3488,1485,55,United-States,1,0.18852598664646752,0,5,0.8
61,State-gov,72619,Some-college,10,Divorced,Adm-clerical,Unmarried,White,Female,3680,0,65,United-States,0,0.007812620966329627,0,5,0.8
48,Private,116608,HS-grad,9,Never-married,Adm-clerical,Not-in-family,White,Female,8231,0,55,United-States,0,0.8882045218695517,1,5,0.8
31,Self-emp-inc,108551,HS-grad,9,Never-married,Adm-clerical,Own-child,White,Female,599,0,35,United-States,0,0.001566902545306203,0,5,0.8
42,Private,30063,HS-grad,9,Divorced,Other-service,Unmarried,White,Female,6140,0,47,United-States,0,0.042692353802111525,0,5,0.8
30,Private,209317,HS-grad,9,Never-married,Machine-op-inspct,Not-in-family,White,Male,0,0,50,Dominican-Republic,0,0.06150945718168455,0,5,0.8
64,Private,321959,Some-college,10,Married-civ-spouse,Tech-support,Husband,Black,Male,11168,0,55,United-States,1,0.9850093194093333,1,5,0.8
53,State-gov,26892,Bachelors,13,Never-married,Adm-clerical,Not-in-family,White,Male,4238,0,55,United-States,0,0.03224042761541001,0,5,0.8
41,Local-gov,158703,Some-college,10,Married-civ-spouse,Other-service,Husband,White,Male,8447,0,55,United-States,0,0.9985172385473469,1,5,0.8
55,Private,33121,Some-college,10,Married-civ-spouse,Adm-clerical,Husband,White,Male,7831,0,50,United-States,0,0.9985483563982164,1,5,0.8
56,Private,367749,Bachelors,13,Never-married,Prof-specialty,Not-in-family,White,Female,8568,0,60,Mexico,0,0.9969473952496177,1,5,0.8
60,State-gov,77102,Doctorate,16,Married-civ-spouse,Prof-specialty,Husband,White,Male,810,0,60,United-States,1,0.3207359804684033,0,5,0.8
60,Private,309212,Some-college,10,Divorced,Exec-managerial,Not-in-family,White,Female,3094,0,55,Germany,0,0.6452496547203334,1,5,0.8
50,Local-gov,287658,Masters,14,Divorced,Prof-specialty,Not-in-family,Black,Male,482,0,55,Jamaica,0,0.025454450727373543,0,5,0.8
44,Private,211699,Assoc-acdm,12,Married-civ-spouse,Exec-managerial,Wife,White,Female,8882,1485,55,United-States,1,0.99843910993024,1,5,0.8
51,Private,101722,7th-8th,4,Married-civ-spouse,Exec-managerial,Husband,Amer-Indian-Eskimo,Male,3908,0,47,United-States,0,0.03604519012453323,0,5,0.8
61,Self-emp-inc,362654,Some-college,10,Married-civ-spouse,Exec-managerial,Husband,White,Male,29075,0,65,United-States,1,0.9943327795334997,1,5,0.8
60,Private,235646,Some-college,10,Married-civ-spouse,Sales,Husband,White,Male,5486,0,55,United-States,1,0.9930791615313009,1,5,0.8
50,Local-gov,32587,Bachelors,13,Married-civ-spouse,Exec-managerial,Husband,Amer-Indian-Eskimo,Male,4713,0,65,United-States,1,0.7021539110917141,1,5,0.8
32,,145917,Some-college,10,Never-married,,Not-in-family,White,Female,8283,0,30,United-States,0,0.7464328617337053,1,5,0.8
41,Private,132675,11th,7,Separated,Other-service,Own-child,Black,Female,12427,0,55,United-States,0,0.9969184714337674,1,5,0.8
61,Self-emp-not-inc,343742,10th,6,Never-married,Craft-repair,Not-in-family,Black,Male,4876,0,47,United-States,0,0.4392732364399404,0,5,0.8
56,Private,238188,Assoc-acdm,12,Married-civ-spouse,Sales,Husband,White,Male,7583,0,55,United-States,0,0.9985583700376244,1,5,0.8
68,Local-gov,391926,HS-grad,9,Married-civ-spouse,Exec-managerial,Husband,White,Male,8079,0,55,United-States,0,0.9754505546826279,1,5,0.8
60,Private,44216,Masters,14,Never-married,Adm-clerical,Not-in-family,White,Female,10643,0,35,United-States,0,0.9980107761161963,1,5,0.8
71,Private,113838,Bachelors,13,Widowed,Prof-specialty,Not-in-family,White,Female,11458,0,52,United-States,0,0.9971155125574905,1,5,0.8
50,Private,159179,Some-college,10,Married-civ-spouse,Exec-managerial,Husband,White,Male,13126,1902,65,United-States,1,0.9992608222826993,1,5,0.8
36,Private,186452,HS-grad,9,Never-married,Exec-managerial,Not-in-family,White,Male,910,0,65,United-States,0,0.017721621705012246,0,5,0.8
76,Private,321166,Bachelors,13,Divorced,Sales,Not-in-family,White,Female,12111,0,20,United-States,0,0.9968963028813105,1,5,0.8
42,Private,197558,HS-grad,9,Married-civ-spouse,Handlers-cleaners,Husband,White,Male,6168,0,55,United-States,0,0.9768205694025749,1,5,0.8
73,Federal-gov,136787,Some-college,10,Married-civ-spouse,Adm-clerical,Husband,White,Male,7289,0,55,United-States,1,0.9851207126560122,1,5,0.8
30,,160984,11th,7,Never-married,,Own-child,White,Female,1922,0,21,United-States,0,0.0018188669998184244,0,5,0.8
49,Private,393673,12th,8,Married-civ-spouse,Other-service,Wife,White,Female,12567,0,60,United-States,0,0.9990012892378799,1,5,0.8
23,,164574,Assoc-acdm,12,Never-married,,Own-child,White,Male,0,0,40,United-States,0,0.010733589855710747,0,5,0.8
49,Private,160192,Assoc-acdm,12,Never-married,Prof-specialty,Not-in-family,White,Male,16947,0,95,United-States,0,0.9981948427593701,1,5,0.8
43,Private,127651,Assoc-acdm,12,Married-civ-spouse,Exec-managerial,Husband,White,Male,14863,1902,53,United-States,1,0.9994731706396836,1,5,0.8
63,Private,124963,Bachelors,13,Married-civ-spouse,Sales,Husband,White,Male,13960,0,55,United-States,1,0.9933644708811283,1,5,0.8
76,Private,116084,HS-grad,9,Married-civ-spouse,Craft-repair,Husband,White,Male,9868,0,55,United-States,0,0.9341883644713869,1,5,0.8
51,Federal-gov,193583,Bachelors,13,Divorced,Prof-specialty,Unmarried,White,Female,15468,0,75,United-States,0,0.9970151517064944,1,5,0.8
78,Private,197414,7th-8th,4,Married-spouse-absent,Other-service,Not-in-family,White,Female,10996,0,35,United-States,0,0.9928749337644897,1,5,0.8
69,Self-emp-not-inc,24473,Assoc-voc,11,Married-civ-spouse,Craft-repair,Husband,White,Male,3919,0,55,United-States,1,0.06951360695003789,0,5,0.8
39,Private,113464,1st-4th,2,Never-married,Other-service,Own-child,Other,Male,12537,0,50,Dominican-Republic,0,0.9928865936955068,1,5,0.8
61,Federal-gov,106207,Bachelors,13,Married-civ-spouse,Adm-clerical,Husband,White,Male,3386,0,55,United-States,0,0.2170941499979503,0,5,0.8
20,Private,74631,9th,5,Never-married,Other-service,Own-child,White,Female,0,0,40,United-States,0,0.0013176702834318374,0,5,0.8
86,Private,84197,Masters,14,Divorced,Sales,Not-in-family,White,Female,11962,0,25,United-States,0,0.99266035972811,1,5,0.8
83,Private,179574,Prof-school,15,Married-civ-spouse,Prof-specialty,Husband,White,Male,8764,0,27,United-States,1,0.9847065864647594,1,5,0.8
84,Private,426562,11th,7,Divorced,Other-service,Not-in-family,Black,Female,12695,0,50,United-States,0,0.9965865497512134,1,5,0.8
41,Private,568490,HS-grad,9,Married-civ-spouse,Craft-repair,Husband,White,Male,10003,0,55,United-States,0,0.9986746944084813,1,5,0.8
59,Private,100113,7th-8th,4,Married-civ-spouse,Transport-moving,Husband,White,Male,4496,2051,55,United-States,0,0.00808173946917445,0,5,0.8
66,Self-emp-not-inc,83311,Prof-school,15,Married-civ-spouse,Prof-specialty,Husband,White,Male,12056,0,45,United-States,1,0.9920127313459889,1,5,0.8
23,Private,158940,Some-college,10,Married-civ-spouse,Handlers-cleaners,Husband,White,Male,0,0,55,United-States,0,0.07329603930781346,0,5,0.8
42,Private,195488,HS-grad,9,Never-married,Priv-house-serv,Own-child,White,Female,1399,0,55,Guatemala,0,0.004272933993841085,0,5,0.8
49,Private,177974,Some-college,10,Married-civ-spouse,Machine-op-inspct,Husband,White,Male,1507,0,85,United-States,0,0.18597638310536876,0,5,0.8
18,Private,137363,HS-grad,9,Never-married,Adm-clerical,Own-child,White,Female,0,0,40,United-States,0,0.0012537713066277981,0,5,0.8
43,Self-emp-not-inc,162442,Bachelors,13,Married-civ-spouse,Exec-managerial,Wife,White,Female,112,0,55,United-States,1,0.13688379973067624,0,5,0.8
37,Self-emp-not-inc,183735,HS-grad,9,Married-civ-spouse,Prof-specialty,Husband,White,Male,3137,0,30,United-States,0,0.014112037829812962,0,5,0.8
55,Private,193882,HS-grad,9,Married-civ-spouse,Exec-managerial,Husband,White,Male,13687,0,55,United-States,1,0.9990293233143299,1,5,0.8
34,Private,88126,Bachelors,13,Never-married,Exec-managerial,Own-child,White,Male,14826,0,55,United-States,0,0.9971269465597293,1,5,0.8
42,Private,287129,Bachelors,13,Divorced,Prof-specialty,Not-in-family,Black,Male,0,0,40,United-States,0,0.44865618477559505,0,5,0.8
41,Private,263831,Bachelors,13,Never-married,Adm-clerical,Own-child,White,Female,14973,0,55,United-States,0,0.9971290864592528,1,5,0.8
52,State-gov,166327,Some-college,10,Divorced,Adm-clerical,Not-in-family,Black,Female,13552,0,50,United-States,0,0.9981755823810246,1,5,0.8
61,Private,296849,Some-college,10,Married-civ-spouse,Exec-managerial,Husband,White,Male,6931,0,55,United-States,1,0.9483046962519148,1,5,0.8
33,Private,177125,Some-college,10,Never-married,Handlers-cleaners,Not-in-family,White,Male,7467,0,35,United-States,0,0.5528912091134186,0,5,0.8
35,Private,308498,10th,6,Never-married,Craft-repair,Own-child,White,Male,14259,0,33,United-States,0,0.994504568851046,1,5,0.8
60,Self-emp-not-inc,116360,Assoc-voc,11,Divorced,Tech-support,Other-relative,Black,Female,9808,0,25,United-States,0,0.9857316898236924,1,5,0.8
57,Private,223999,9th,5,Married-civ-spouse,Other-service,Husband,White,Male,6843,1848,55,United-States,1,0.9940270455393512,1,5,0.8
31,Private,106183,HS-grad,9,Never-married,Other-service,Own-child,Amer-Indian-Eskimo,Female,919,0,50,United-States,0,0.0029963738981976175,0,5,0.8
53,State-gov,190910,HS-grad,9,Married-civ-spouse,Farming-fishing,Other-relative,White,Male,4493,0,55,United-States,0,0.03896105560676634,0,5,0.8
42,Private,177675,HS-grad,9,Never-married,Machine-op-inspct,Other-relative,White,Male,674,0,55,United-States,0,0.005612574640762577,0,5,0.8
52,Private,123557,Some-college,10,Married-civ-spouse,Sales,Husband,White,Male,6889,0,55,United-States,0,0.9753644275038629,1,5,0.8
90,Self-emp-not-inc,137018,HS-grad,9,Widowed,Adm-clerical,Not-in-family,White,Female,12344,0,35,United-States,0,0.9945147629400485,1,5,0.8
47,Private,187119,Some-college,10,Divorced,Exec-managerial,Not-in-family,White,Female,2237,0,85,United-States,0,0.030072057627521187,0,5,0.8
52,Private,144995,Assoc-voc,11,Married-civ-spouse,Tech-support,Husband,White,Male,7401,0,55,United-States,0,0.998297796866039,1,5,0.8
53,Self-emp-not-inc,33304,Prof-school,15,Married-civ-spouse,Prof-specialty,Husband,White,Male,0,0,38,United-States,1,0.9354421511619553,1,5,0.8
19,Private,89397,HS-grad,9,Never-married,Other-service,Own-child,White,Male,0,0,40,United-States,0,0.0026992109558978163,0,5,0.8
47,,98080,Prof-school,15,Never-married,,Not-in-family,Asian-Pac-Islander,Male,7928,0,60,Japan,1,0.9419990506178141,1,5,0.8
37,Local-gov,262818,Bachelors,13,Never-married,Prof-specialty,Own-child,White,Male,13977,0,50,Guatemala,0,0.9966998328743456,1,5,0.8
46,Private,118941,11th,7,Never-married,Other-service,Not-in-family,White,Female,6412,0,55,Ireland,0,0.06536078425676771,0,5,0.8
32,Self-emp-not-inc,159322,Some-college,10,Never-married,Craft-repair,Own-child,White,Male,0,1980,80,United-States,0,0.03244178130477224,0,5,0.8
87,State-gov,113868,Doctorate,16,Married-civ-spouse,Prof-specialty,Husband,Black,Male,3821,0,35,United-States,1,0.18187750577042786,0,5,0.8
63,Private,179010,Some-college,10,Divorced,Sales,Not-in-family,White,Female,2426,0,75,United-States,0,0.023476605545399782,0,5,0.8
41,Local-gov,275110,Some-college,10,Married-civ-spouse,Protective-serv,Own-child,Black,Male,10123,0,55,United-States,0,0.9960646458487065,1,5,0.8
34,Self-emp-not-inc,108506,Assoc-voc,11,Never-married,Farming-fishing,Not-in-family,Amer-Indian-Eskimo,Male,12610,0,90,United-States,0,0.995208880943629,1,5,0.8
32,Private,37783,Some-college,10,Never-married,Other-service,Not-in-family,White,Female,11374,0,40,United-States,0,0.9976258946643279,1,5,0.8
27,Private,214702,Prof-school,15,Married-civ-spouse,Prof-specialty,Husband,White,Male,0,0,42,United-States,1,0.8263432350381471,1,5,0.8
39,Private,232801,10th,6,Divorced,Machine-op-inspct,Other-relative,White,Female,2303,0,55,United-States,0,0.003387308846836971,0,5,0.8
55,Self-emp-not-inc,187778,HS-grad,9,Married-civ-spouse,Craft-repair,Husband,White,Male,8623,0,35,United-States,0,0.997928404368774,1,5,0.8
55,Private,111895,Bachelors,13,Married-civ-spouse,Prof-specialty,Husband,White,Male,9681,0,65,United-States,1,0.9984983779760223,1,5,0.8
40,Private,300838,1st-4th,2,Married-civ-spouse,Craft-repair,Husband,Other,Male,0,0,40,Mexico,0,0.03326399031511659,0,5,0.8
43,Private,160594,Bachelors,13,Married-civ-spouse,Exec-managerial,Husband,White,Male,14711,1887,65,United-States,1,0.9995601187929202,1,5,0.8
52,Private,309311,HS-grad,9,Married-civ-spouse,Farming-fishing,Husband,White,Male,3139,0,55,United-States,0,0.05542509554847584,0,5,0.8
31,Private,223669,11th,7,Never-married,Other-service,Own-child,White,Male,4672,0,35,United-States,0,0.6826255404524423,1,5,0.8
33,Private,132832,HS-grad,9,Never-married,Adm-clerical,Not-in-family,White,Female,0,0,50,United-States,0,0.08111593656454338,0,5,0.8
38,Private,152452,Bachelors,13,Married-civ-spouse,Tech-support,Husband,White,Male,8937,0,65,United-States,0,0.9965431453946593,1,5,0.8
70,Self-emp-not-inc,203039,9th,5,Separated,Craft-repair,Not-in-family,White,Male,5817,0,55,United-States,0,0.35447681952259497,0,5,0.8
37,Private,30269,Bachelors,13,Never-married,Exec-managerial,Not-in-family,White,Female,2174,0,50,United-States,0,0.07018803444315112,0,5,0.8
48,Private,182074,HS-grad,9,Never-married,Adm-clerical,Other-relative,White,Male,8810,0,55,United-States,0,0.9971260758734765,1,5,0.8
44,Private,183542,Bachelors,13,Widowed,Prof-specialty,Unmarried,White,Female,0,0,32,United-States,0,0.1414200060094157,0,5,0.8
34,Private,324685,9th,5,Never-married,Sales,Not-in-family,White,Female,8900,0,47,United-States,0,0.9961535478568501,1,5,0.8
32,Private,194901,HS-grad,9,Married-civ-spouse,Adm-clerical,Husband,White,Male,0,0,40,United-States,0,0.4793884158556629,0,5,0.8
65,Local-gov,236873,Masters,14,Married-civ-spouse,Exec-managerial,Husband,Black,Male,2028,0,55,United-States,1,0.34060734524638503,0,5,0.8
75,Private,206052,HS-grad,9,Married-civ-spouse,Craft-repair,Husband,White,Male,1873,0,55,United-States,0,0.07500763300146336,0,5,0.8
72,Private,51290,7th-8th,4,Divorced,Other-service,Not-in-family,White,Female,7078,0,55,United-States,0,0.7023705365724637,1,5,0.8
37,State-gov,187508,Some-college,10,Never-married,Handlers-cleaners,Own-child,White,Male,8085,0,55,United-States,0,0.9280908570674107,1,5,0.8
51,Private,188069,Masters,14,Married-civ-spouse,Tech-support,Husband,White,Male,20853,0,65,United-States,1,0.9992908937269667,1,5,0.8
45,Private,182556,Bachelors,13,Married-civ-spouse,Exec-managerial,Husband,White,Male,2395,0,55,United-States,1,0.3661808040468349,0,5,0.8
19,Private,374262,12th,8,Never-married,Handlers-cleaners,Own-child,White,Male,0,0,20,United-States,0,0.0016004709030479384,0,5,0.8
48,Private,83545,Some-college,10,Married-civ-spouse,Exec-managerial,Husband,White,Male,0,0,65,United-States,1,0.8532878616154232,1,5,0.8
29,Private,130856,Some-college,10,Married-civ-spouse,Craft-repair,Husband,White,Male,0,0,60,United-States,0,0.531878467831726,0,5,0.8
39,Private,328466,11th,7,Married-civ-spouse,Other-service,Husband,White,Male,2407,0,70,Mexico,0,0.013663415558668601,0,5,0.8
40,Private,109001,HS-grad,9,Never-married,Handlers-cleaners,Not-in-family,White,Male,12943,0,55,United-States,0,0.9973755636239338,1,5,0.8
45,Private,348618,5th-6th,3,Married-spouse-absent,Transport-moving,Unmarried,Other,Male,74,0,35,El-Salvador,0,0.004474378128374628,0,5,0.8
24,Private,353010,Bachelors,13,Never-married,Machine-op-inspct,Not-in-family,White,Male,0,0,65,United-States,0,0.059719097440345,0,5,0.8
71,Private,160631,Bachelors,13,Married-civ-spouse,Craft-repair,Husband,White,Male,6953,0,75,United-States,1,0.834726088732158,1,5,0.8
33,Private,344891,Some-college,10,Never-married,Adm-clerical,Own-child,Asian-Pac-Islander,Male,3299,0,35,United-States,0,0.0035909192542293027,0,5,0.8
44,Private,281030,HS-grad,9,Married-civ-spouse,Machine-op-inspct,Husband,White,Male,13817,0,55,United-States,0,0.9986442827700756,1,5,0.8
60,Private,117251,HS-grad,9,Widowed,Adm-clerical,Not-in-family,White,Female,2757,0,47,United-States,0,0.00848862189720825,0,5,0.8
39,Private,194759,Assoc-acdm,12,Married-spouse-absent,Craft-repair,Not-in-family,White,Male,3741,0,65,United-States,0,0.023519025572154732,0,5,0.8
29,Self-emp-not-inc,368700,11th,7,Never-married,Farming-fishing,Own-child,White,Male,8629,0,25,United-States,0,0.9778753731772285,1,5,0.8
41,Private,62345,HS-grad,9,Married-civ-spouse,Other-service,Other-relative,Asian-Pac-Islander,Female,14137,0,55,,0,0.9979354820402027,1,5,0.8
37,Private,164938,HS-grad,9,Never-married,Machine-op-inspct,Own-child,White,Male,7795,0,55,United-States,0,0.9114543661184585,1,5,0.8
44,Private,347623,HS-grad,9,Married-civ-spouse,Machine-op-inspct,Husband,White,Male,10459,0,55,United-States,0,0.9974989125166246,1,5,0.8
70,,175017,Bachelors,13,Divorced,,Not-in-family,White,Male,13968,0,40,United-States,0,0.9969087240769681,1,5,0.8
50,Private,183279,Some-college,10,Married-civ-spouse,Exec-managerial,Husband,White,Male,6337,0,59,United-States,1,0.9938302151923509,1,5,0.8
73,Private,160143,HS-grad,9,Married-civ-spouse,Sales,Husband,White,Male,24752,0,60,United-States,1,0.9832078682495554,1,5,0.8
39,Private,236391,HS-grad,9,Married-civ-spouse,Craft-repair,Husband,White,Male,0,0,45,United-States,0,0.6831814265310798,1,5,0.8
39,Private,56658,HS-grad,9,Married-civ-spouse,Handlers-cleaners,Husband,Amer-Indian-Eskimo,Male,2219,0,23,United-States,0,0.009566255343298741,0,5,0.8
39,Private,212895,Some-college,10,Never-married,Craft-repair,Not-in-family,White,Male,11991,0,55,United-States,0,0.9986592312106547,1,5,0.8
50,Federal-gov,122240,HS-grad,9,Married-civ-spouse,Adm-clerical,Husband,White,Male,3358,0,70,United-States,1,0.09093784607235493,0,5,0.8
35,Private,193815,Bachelors,13,Married-civ-spouse,Prof-specialty,Husband,White,Male,0,1977,48,United-States,1,0.9916015874693295,1,5,0.8
32,Private,102607,HS-grad,9,Never-married,Handlers-cleaners,Own-child,White,Male,13129,0,45,United-States,0,0.9961163166396294,1,5,0.8
52,Self-emp-not-inc,175943,Assoc-voc,11,Married-civ-spouse,Prof-specialty,Wife,White,Female,4539,1977,30,United-States,1,0.9306801008490372,1,5,0.8
48,Private,36989,Some-college,10,Married-civ-spouse,Sales,Husband,White,Male,2888,0,55,United-States,0,0.12161930541220325,0,5,0.8
40,,167094,10th,6,Divorced,,Not-in-family,White,Male,2238,0,65,United-States,0,0.008175741512253835,0,5,0.8
64,Private,201062,11th,7,Separated,Priv-house-serv,Not-in-family,Black,Female,13228,0,33,United-States,0,0.9886925337003061,1,5,0.8
66,Private,118793,HS-grad,9,Married-civ-spouse,Adm-clerical,Husband,White,Male,6662,0,60,United-States,0,0.9091821203487178,1,5,0.8
55,Self-emp-not-inc,243432,HS-grad,9,Married-civ-spouse,Craft-repair,Husband,White,Male,2198,0,75,United-States,0,0.05341912789012291,0,5,0.8
61,Private,94638,HS-grad,9,Separated,Adm-clerical,Unmarried,White,Female,3896,0,55,United-States,0,0.008421660102711915,0,5,0.8
73,Private,160942,Masters,14,Married-civ-spouse,Sales,Husband,White,Male,14319,0,65,United-States,0,0.9931527887197023,1,5,0.8
40,State-gov,132675,Assoc-voc,11,Never-married,Exec-managerial,Not-in-family,Black,Female,12187,0,55,Germany,0,0.9983255190130133,1,5,0.8
57,Private,293691,HS-grad,9,Divorced,Adm-clerical,Not-in-family,Asian-Pac-Islander,Female,7751,1590,55,Japan,0,0.6943719396878778,1,5,0.8
43,Private,25955,9th,5,Never-married,Craft-repair,Own-child,Amer-Indian-Eskimo,Male,7027,0,50,United-States,0,0.04083164340142777,0,5,0.8
34,Private,31752,HS-grad,9,Divorced,Machine-op-inspct,Other-relative,White,Female,0,0,40,,0,0.008730680866059217,0,5,0.8
35,Private,199915,Bachelors,13,Never-married,Adm-clerical,Own-child,White,Female,6498,0,50,United-States,0,0.1346839833305858,0,5,0.8
29,Private,163003,Bachelors,13,Never-married,Adm-clerical,Own-child,Asian-Pac-Islander,Female,2202,0,40,Taiwan,0,0.003350927768842902,0,5,0.8
43,Self-emp-inc,467108,Bachelors,13,Never-married,Prof-specialty,Not-in-family,White,Male,2028,0,60,United-States,1,0.06908201295957132,0,5,0.8
51,Private,156897,HS-grad,9,Never-married,Craft-repair,Own-child,White,Male,14852,2258,57,United-States,1,0.9987405822096832,1,5,0.8
53,Private,53956,Bachelors,13,Divorced,Sales,Not-in-family,White,Male,4665,1980,71,United-States,0,0.018125213417334224,0,5,0.8
42,Private,209103,Assoc-voc,11,Married-civ-spouse,Exec-managerial,Husband,White,Male,9114,0,63,United-States,0,0.9984718387211673,1,5,0.8
52,,162108,Bachelors,13,Divorced,,Not-in-family,White,Female,3581,0,65,United-States,0,0.04219400099594984,0,5,0.8
79,State-gov,168224,Bachelors,13,Married-civ-spouse,Exec-managerial,Husband,White,Male,13707,0,55,United-States,0,0.9960570404185654,1,5,0.8
33,Private,337766,Some-college,10,Married-civ-spouse,Adm-clerical,Husband,White,Male,2103,0,55,United-States,0,0.08567520888245671,0,5,0.8
81,Private,150600,HS-grad,9,Married-civ-spouse,Sales,Husband,White,Male,3151,0,50,United-States,0,0.05408598610969801,0,5,0.8
53,Private,286970,Bachelors,13,Married-civ-spouse,Adm-clerical,Husband,White,Male,13005,0,55,United-States,0,0.9988320274656103,1,5,0.8
46,Private,135785,Bachelors,13,Never-married,Prof-specialty,Not-in-family,White,Female,6494,0,51,United-States,0,0.29284702142844204,0,5,0.8
29,,27251,11th,7,Widowed,,Own-child,White,Male,8740,0,55,United-States,0,0.9967117752864132,1,5,0.8
30,Private,421350,11th,7,Never-married,Handlers-cleaners,Own-child,White,Male,11086,0,35,United-States,0,0.9930728081203849,1,5,0.8
68,Private,360770,1st-4th,2,Married-civ-spouse,Machine-op-inspct,Husband,Black,Male,12016,0,55,Dominican-Republic,0,0.9628455341954083,1,5,0.8
51,Self-emp-not-inc,134475,Bachelors,13,Divorced,Adm-clerical,Not-in-family,White,Male,6341,1762,55,United-States,0,0.0730603731305258,0,5,0.8
42,Self-emp-not-inc,79531,Some-college,10,Married-civ-spouse,Exec-managerial,Husband,White,Male,0,0,55,United-States,1,0.6207116601524413,0,5,0.8
70,Private,219537,7th-8th,4,Divorced,Machine-op-inspct,Unmarried,White,Female,10102,0,55,United-States,0,0.9470011767091903,1,5,0.8
42,Local-gov,363032,HS-grad,9,Married-civ-spouse,Protective-serv,Husband,Black,Male,9744,0,55,United-States,0,0.9988580552946936,1,5,0.8
48,Private,224566,Bachelors,13,Never-married,Prof-specialty,Not-in-family,White,Male,99999,0,60,United-States,1,0.998719053551981,1,5,0.8
33,State-gov,204425,Some-college,10,Never-married,Exec-managerial,Own-child,White,Female,13358,0,35,United-States,0,0.9936829714832519,1,5,0.8
79,Self-emp-not-inc,36876,HS-grad,9,Married-civ-spouse,Farming-fishing,Husband,White,Male,13393,0,55,United-States,0,0.9443544920039078,1,5,0.8
59,Self-emp-not-inc,166894,Some-college,10,Divorced,Prof-specialty,Unmarried,Black,Female,2519,0,55,United-States,0,0.017226979002569878,0,5,0.8
53,Private,510072,Bachelors,13,Married-civ-spouse,Prof-specialty,Husband,White,Male,4936,0,55,United-States,1,0.34715904098889605,0,5,0.8
60,Self-emp-not-inc,247294,HS-grad,9,Married-civ-spouse,Craft-repair,Husband,White,Male,4526,0,45,Peru,0,0.15535799057570768,0,5,0.8
58,State-gov,119904,Prof-school,15,Never-married,Prof-specialty,Not-in-family,White,Female,3743,1564,70,United-States,1,0.6249967295233232,0,5,0.8
65,Private,130143,HS-grad,9,Married-civ-spouse,Machine-op-inspct,Husband,White,Male,9848,0,63,United-States,0,0.9347476940985923,1,5,0.8
46,Private,400416,11th,7,Never-married,Machine-op-inspct,Own-child,Black,Male,7043,0,60,United-States,0,0.1401740128420325,0,5,0.8
54,Private,106679,HS-grad,9,Married-civ-spouse,Craft-repair,Husband,White,Male,12396,0,65,United-States,1,0.9989902698783488,1,5,0.8
58,Local-gov,141944,Bachelors,13,Married-civ-spouse,Prof-specialty,Husband,White,Male,9770,0,53,United-States,1,0.9984533485383554,1,5,0.8
61,,60641,Bachelors,13,Never-married,,Not-in-family,White,Female,0,0,45,United-States,0,0.4625144307534333,0,5,0.8
38,Private,191648,Assoc-acdm,12,Never-married,Machine-op-inspct,Other-relative,White,Female,13786,0,30,United-States,0,0.995416683993145,1,5,0.8
52,Private,30846,Some-college,10,Divorced,Machine-op-inspct,Not-in-family,White,Female,0,0,40,United-States,0,0.10389365621074369,0,5,0.8
66,Private,174491,HS-grad,9,Married-civ-spouse,Handlers-cleaners,Husband,White,Male,0,0,40,United-States,0,0.3609273714028281,0,5,0.8
41,Private,154017,HS-grad,9,Never-married,Sales,Not-in-family,White,Female,1326,0,25,United-States,0,0.002278563070653892,0,5,0.8
32,Private,121596,Some-college,10,Never-married,Other-service,Own-child,White,Female,7871,0,50,United-States,0,0.9234659768037666,1,5,0.8
47,Private,150125,Assoc-voc,11,Divorced,Other-service,Unmarried,Black,Female,12346,0,55,United-States,0,0.9951437329421355,1,5,0.8
17,Private,142912,10th,6,Never-married,Other-service,Own-child,White,Male,0,0,40,United-States,0,0.0019139832907465349,0,5,0.8
72,Self-emp-not-inc,71457,HS-grad,9,Married-civ-spouse,Transport-moving,Husband,White,Male,5364,0,23,United-States,0,0.9573187174246441,1,5,0.8
31,,220517,Some-college,10,Never-married,,Own-child,White,Female,684,0,50,United-States,0,0.006815762216410342,0,5,0.8
56,Private,107433,Some-college,10,Married-civ-spouse,Sales,Husband,White,Male,6709,0,70,United-States,1,0.972430343336497,1,5,0.8
74,Private,193881,Masters,14,Widowed,Exec-managerial,Not-in-family,White,Female,1563,0,50,United-States,0,0.0466005801178673,0,5,0.8
71,Self-emp-not-inc,172046,7th-8th,4,Married-civ-spouse,Farming-fishing,Husband,White,Male,0,0,50,United-States,0,0.1744879706679795,0,5,0.8
60,Private,174533,HS-grad,9,Married-civ-spouse,Machine-op-inspct,Husband,White,Male,13045,0,55,United-States,0,0.998976694149081,1,5,0.8
68,Self-emp-inc,216636,12th,8,Married-civ-spouse,Exec-managerial,Husband,White,Male,4866,1651,55,United-States,0,0.03567646383029605,0,5,0.8
51,Local-gov,301614,11th,7,Married-civ-spouse,Other-service,Husband,White,Male,7386,0,55,United-States,0,0.9975299929311146,1,5,0.8
54,State-gov,392167,Bachelors,13,Married-civ-spouse,Adm-clerical,Husband,White,Male,11798,0,55,United-States,1,0.9991848683591049,1,5,0.8
30,,269373,12th,8,Never-married,,Own-child,White,Female,14896,0,35,United-States,0,0.9926516336709078,1,5,0.8
26,Private,31208,Masters,14,Never-married,Exec-managerial,Not-in-family,White,Female,0,0,40,United-States,0,0.05075859246480255,0,5,0.8
57,,403625,Some-college,10,Married-civ-spouse,,Husband,Asian-Pac-Islander,Male,0,0,60,United-States,1,0.8150681208796687,1,5,0.8
53,Private,299505,HS-grad,9,Separated,Craft-repair,Not-in-family,Black,Male,4609,0,55,United-States,0,0.058976265019335505,0,5,0.8
52,Private,255675,Some-college,10,Married-civ-spouse,Prof-specialty,Husband,White,Male,14393,0,55,United-States,1,0.9990699927189997,1,5,0.8
63,Private,82578,Masters,14,Married-civ-spouse,Prof-specialty,Husband,White,Male,8144,0,53,Canada,1,0.9889713826712443,1,5,0.8
40,Private,30771,Some-college,10,Never-married,Adm-clerical,Unmarried,Black,Female,1624,0,55,United-States,0,0.005262019046570087,0,5,0.8
55,Local-gov,135056,HS-grad,9,Separated,Adm-clerical,Other-relative,White,Female,9110,0,50,United-States,0,0.9953191700343044,1,5,0.8
55,Private,84673,Masters,14,Divorced,Exec-managerial,Not-in-family,White,Female,14229,0,53,United-States,1,0.9986027534091644,1,5,0.8
26,Private,184026,Some-college,10,Never-married,Prof-specialty,Not-in-family,Other,Male,0,0,50,United-States,0,0.13770637496820554,0,5,0.8
62,Private,33304,HS-grad,9,Married-civ-spouse,Craft-repair,Husband,White,Male,12328,0,55,United-States,1,0.9801977267699795,1,5,0.8
58,State-gov,260782,Masters,14,Never-married,Prof-specialty,Not-in-family,White,Female,6678,0,55,United-States,0,0.10435030878582313,0,5,0.8
32,Private,293297,Some-college,10,Never-married,Other-service,Own-child,White,Male,14719,0,50,United-States,0,0.9966335850990811,1,5,0.8
47,Private,336793,Bachelors,13,Never-married,Adm-clerical,Other-relative,White,Male,526,0,55,United-States,0,0.012927302324062034,0,5,0.8
65,State-gov,153486,Some-college,10,Married-civ-spouse,Farming-fishing,Husband,White,Male,4067,0,65,United-States,0,0.033791198144420685,0,5,0.8
47,Private,165539,HS-grad,9,Never-married,Prof-specialty,Not-in-family,Black,Female,4101,0,40,Jamaica,0,0.006815641438405821,0,5,0.8
37,Private,106491,HS-grad,9,Married-civ-spouse,Craft-repair,Husband,White,Male,5902,0,63,United-States,0,0.9872762268334979,1,5,0.8
73,,584259,Masters,14,Married-civ-spouse,,Husband,White,Male,9067,0,17,United-States,1,0.9768580162810078,1,5,0.8
71,Private,116442,Some-college,10,Married-civ-spouse,Machine-op-inspct,Husband,White,Male,13700,0,65,United-States,0,0.9824147865434298,1,5,0.8
67,Private,104996,7th-8th,4,Married-civ-spouse,Transport-moving,Husband,White,Male,8869,0,65,United-States,0,0.97633024343279,1,5,0.8
45,Private,194336,HS-grad,9,Married-civ-spouse,Exec-managerial,Husband,White,Male,19136,0,65,United-States,1,0.998928806679951,1,5,0.8
36,Private,217226,Some-college,10,Never-married,Other-service,Not-in-family,White,Male,177,0,45,United-States,0,0.011253636130634162,0,5,0.8
45,Private,156464,10th,6,Never-married,Farming-fishing,Not-in-family,White,Male,6519,0,55,United-States,0,0.13978098767906294,0,5,0.8
31,Self-emp-inc,164658,Some-college,10,Never-married,Farming-fishing,Own-child,White,Male,2324,0,75,United-States,0,0.004773512427384641,0,5,0.8
76,,29825,HS-grad,9,Married-civ-spouse,,Husband,White,Male,12292,0,20,United-States,0,0.9849624971412164,1,5,0.8
50,Private,302604,11th,7,Divorced,Adm-clerical,Not-in-family,White,Female,5558,0,59,United-States,0,0.14993963469368649,0,5,0.8
35,Self-emp-not-inc,179171,HS-grad,9,Never-married,Sales,Unmarried,Black,Female,0,0,38,Germany,0,0.03212058023099103,0,5,0.8
63,Private,197600,Bachelors,13,Married-civ-spouse,Exec-managerial,Husband,White,Male,11975,0,65,United-States,1,0.9963046153902756,1,5,0.8
39,Private,133937,Some-college,10,Never-married,Exec-managerial,Not-in-family,White,Male,14298,0,60,United-States,0,0.99865497736308,1,5,0.8
67,Private,184948,HS-grad,9,Married-civ-spouse,Exec-managerial,Husband,White,Male,11650,0,55,United-States,0,0.989552698636957,1,5,0.8
41,Private,238680,Some-college,10,Never-married,Sales,Not-in-family,Black,Male,6136,0,70,Outlying-US(Guam-USVI-etc),0,0.4129937160209538,0,5,0.8
42,Private,99203,HS-grad,9,Separated,Craft-repair,Not-in-family,White,Male,3325,0,40,United-States,0,0.006168919115223022,0,5,0.8
61,Private,215766,Bachelors,13,Married-civ-spouse,Exec-managerial,Husband,White,Male,0,0,50,United-States,1,0.9275119495311707,1,5,0.8
30,Private,32059,11th,7,Never-married,Handlers-cleaners,Own-child,White,Male,6019,0,55,United-States,0,0.030355908616255364,0,5,0.8
45,Private,419895,5th-6th,3,Divorced,Handlers-cleaners,Unmarried,White,Male,14172,0,55,Mexico,0,0.9841079831001651,1,5,0.8
40,Self-emp-inc,115705,Some-college,10,Never-married,Exec-managerial,Not-in-family,White,Male,9154,0,65,United-States,0,0.9979856686263379,1,5,0.8
42,Private,144949,Bachelors,13,Never-married,Adm-clerical,Own-child,White,Male,12547,2559,55,United-States,1,0.9992186839868624,1,5,0.8
40,Private,439919,9th,5,Married-civ-spouse,Machine-op-inspct,Husband,White,Male,0,0,40,Mexico,0,0.03665689461118354,0,5,0.8
62,Private,266433,Some-college,10,Divorced,Tech-support,Not-in-family,White,Female,446,0,55,United-States,0,0.015433029687514947,0,5,0.8
50,Private,81965,Assoc-voc,11,Never-married,Tech-support,Not-in-family,White,Female,1051,0,55,United-States,0,0.028470699159939956,0,5,0.8
44,Private,123964,Some-college,10,Married-civ-spouse,Sales,Husband,White,Male,10226,0,65,United-States,0,0.9979629997349935,1,5,0.8
43,Private,55104,HS-grad,9,Divorced,Adm-clerical,Not-in-family,White,Female,3249,0,40,United-States,0,0.004528509946079608,0,5,0.8
32,Private,224238,12th,8,Never-married,Craft-repair,Own-child,White,Male,7916,0,55,United-States,0,0.9112127741578178,1,5,0.8
22,Private,39432,HS-grad,9,Married-civ-spouse,Craft-repair,Husband,White,Male,0,0,40,United-States,0,0.07433769788794846,0,5,0.8
31,Private,356272,Some-college,10,Never-married,Adm-clerical,Not-in-family,White,Female,832,0,40,United-States,0,0.0031364532780622455,0,5,0.8
50,Self-emp-inc,105044,HS-grad,9,Divorced,Craft-repair,Not-in-family,White,Male,2997,0,55,United-States,0,0.03394362022203221,0,5,0.8
67,Local-gov,173296,Masters,14,Divorced,Prof-specialty,Unmarried,White,Female,4823,0,60,United-States,0,0.9428526109829213,1,5,0.8
58,Local-gov,146497,HS-grad,9,Divorced,Prof-specialty,Not-in-family,White,Female,9057,0,55,United-States,0,0.9963482127169366,1,5,0.8
70,Private,137506,HS-grad,9,Married-civ-spouse,Machine-op-inspct,Husband,White,Male,9838,0,55,United-States,0,0.9347951661496037,1,5,0.8
62,Private,204447,Masters,14,Married-civ-spouse,Exec-managerial,Husband,White,Male,17585,0,80,United-States,1,0.9961173454304219,1,5,0.8
37,Private,195914,Some-college,10,Never-married,Sales,Own-child,Black,Female,5730,0,45,United-States,0,0.10131781331061104,0,5,0.8
32,,238685,11th,7,Divorced,,Not-in-family,White,Female,6475,0,55,United-States,0,0.03738715236640736,0,5,0.8
35,Private,94071,9th,5,Married-civ-spouse,Machine-op-inspct,Husband,White,Male,13698,0,55,United-States,0,0.9991185186659244,1,5,0.8
26,Federal-gov,345157,HS-grad,9,Never-married,Adm-clerical,Own-child,White,Male,0,0,40,United-States,0,0.02226867915058007,0,5,0.8
28,Private,469864,Bachelors,13,Never-married,Prof-specialty,Not-in-family,Black,Male,0,0,40,United-States,0,0.09431047485893353,0,5,0.8
45,Private,157446,11th,7,Never-married,Craft-repair,Not-in-family,White,Male,10965,0,80,United-States,0,0.9984706532270453,1,5,0.8
60,Private,168283,Some-college,10,Married-civ-spouse,Transport-moving,Husband,White,Male,11759,0,60,United-States,1,0.9990510901525118,1,5,0.8
51,Private,36376,Some-college,10,Married-civ-spouse,Farming-fishing,Husband,White,Male,2686,0,75,United-States,0,0.05533299192668772,0,5,0.8
34,Private,71469,Assoc-acdm,12,Never-married,Sales,Own-child,White,Female,12369,0,40,United-States,0,0.9960664701587418,1,5,0.8
71,,113445,5th-6th,3,Married-civ-spouse,,Husband,White,Male,0,0,10,United-States,0,0.06498726410105837,0,5,0.8
58,Private,184883,9th,5,Married-civ-spouse,Machine-op-inspct,Wife,White,Female,1902,0,55,United-States,0,0.03840061771157493,0,5,0.8
55,Private,288829,Assoc-voc,11,Married-civ-spouse,Protective-serv,Husband,White,Male,8320,1902,57,United-States,1,0.9990536513761418,1,5,0.8
67,Private,173832,Masters,14,Divorced,Sales,Not-in-family,White,Male,23697,0,55,United-States,1,0.9967503629647978,1,5,0.8
67,Self-emp-not-inc,96459,10th,6,Married-civ-spouse,Farming-fishing,Husband,White,Male,3307,1887,85,United-States,1,0.3694130173015593,0,5,0.8
49,Private,342768,HS-grad,9,Married-civ-spouse,Craft-repair,Husband,White,Male,899,0,55,United-States,0,0.11361623257926039,0,5,0.8
39,Self-emp-not-inc,328119,9th,5,Married-civ-spouse,Craft-repair,Husband,White,Male,9189,0,45,Mexico,0,0.9987363744391641,1,5,0.8
38,Private,491862,Assoc-voc,11,Never-married,Exec-managerial,Not-in-family,Black,Female,7392,0,55,United-States,0,0.7864341477069079,1,5,0.8
33,Private,174714,Assoc-acdm,12,Never-married,Adm-clerical,Own-child,White,Male,12334,0,50,United-States,0,0.9971824747530705,1,5,0.8
37,Private,124111,Bachelors,13,Never-married,Sales,Own-child,White,Female,11440,0,51,,0,0.9975196669403319,1,5,0.8
37,Private,72294,HS-grad,9,Never-married,Adm-clerical,Own-child,White,Female,1785,0,55,United-States,0,0.0059772871150261305,0,5,0.8
38,Private,264627,Some-college,10,Divorced,Adm-clerical,Unmarried,White,Female,0,0,40,United-States,0,0.053544986701397915,0,5,0.8
45,State-gov,255456,Masters,14,Married-civ-spouse,Prof-specialty,Husband,Asian-Pac-Islander,Male,0,0,50,India,1,0.9003682616875599,1,5,0.8
45,Private,204057,Bachelors,13,Divorced,Adm-clerical,Unmarried,White,Female,0,0,40,Germany,0,0.10200307946932435,0,5,0.8
56,Private,229954,Assoc-acdm,12,Widowed,Adm-clerical,Unmarried,White,Female,746,0,55,United-States,0,0.014185728955394324,0,5,0.8
44,Private,353994,Bachelors,13,Married-civ-spouse,Exec-managerial,Other-relative,Asian-Pac-Islander,Female,1625,0,55,China,1,0.20562472212171093,0,5,0.8
49,Private,28171,HS-grad,9,Divorced,Tech-support,Not-in-family,White,Male,4787,0,40,United-States,1,0.9643247405761523,1,5,0.8
47,Private,139770,HS-grad,9,Never-married,Sales,Own-child,White,Female,13387,0,44,United-States,0,0.9975643759684925,1,5,0.8
41,Private,255187,Some-college,10,Never-married,Tech-support,Unmarried,Black,Female,3815,0,55,United-States,0,0.009148092829293025,0,5,0.8
53,Private,174395,Masters,14,Married-civ-spouse,Prof-specialty,Husband,White,Male,3623,0,55,United-States,1,0.16033163699039826,0,5,0.8
49,Private,161226,HS-grad,9,Married-civ-spouse,Other-service,Wife,White,Female,2659,0,45,United-States,1,0.04563117532462957,0,5,0.8
36,Private,29814,HS-grad,9,Never-married,Transport-moving,Other-relative,White,Male,0,0,50,United-States,0,0.040487727131963885,0,5,0.8
73,Self-emp-not-inc,181033,HS-grad,9,Married-civ-spouse,Farming-fishing,Husband,White,Male,4736,0,75,United-States,0,0.5067903782380482,0,5,0.8
53,Private,153031,Some-college,10,Married-civ-spouse,Sales,Husband,White,Male,1696,0,80,United-States,1,0.16677074268150216,0,5,0.8
37,Private,457070,7th-8th,4,Divorced,Craft-repair,Own-child,White,Male,10484,0,60,United-States,0,0.9950803339370186,1,5,0.8
67,Private,250149,Some-college,10,Married-civ-spouse,Prof-specialty,Husband,White,Male,4057,0,55,United-States,1,0.09627329518566523,0,5,0.8
46,Private,213722,HS-grad,9,Never-married,Handlers-cleaners,Own-child,White,Male,6544,0,55,United-States,0,0.2538897471779672,0,5,0.8
46,Private,169605,10th,6,Separated,Other-service,Unmarried,White,Female,2405,0,51,United-States,0,0.007192101025610814,0,5,0.8
47,Private,186009,HS-grad,9,Married-civ-spouse,Craft-repair,Husband,White,Male,11741,0,55,United-States,1,0.9990702236408587,1,5,0.8
34,Private,51985,Some-college,10,Never-married,Craft-repair,Own-child,White,Male,8675,0,45,United-States,0,0.9953979681742947,1,5,0.8
22,Private,162282,Assoc-voc,11,Never-married,Exec-managerial,Own-child,White,Male,0,0,40,United-States,0,0.016047660705830573,0,5,0.8
86,,278557,Assoc-voc,11,Married-civ-spouse,,Husband,White,Male,11934,0,47,United-States,0,0.9925951224631576,1,5,0.8
65,Private,95540,Some-college,10,Divorced,Adm-clerical,Unmarried,White,Female,11798,0,55,United-States,0,0.9958751648777071,1,5,0.8
40,Private,134566,Bachelors,13,Married-civ-spouse,Exec-managerial,Husband,White,Male,5477,0,60,United-States,0,0.9941292329588517,1,5,0.8
34,Private,29810,Some-college,10,Never-married,Transport-moving,Own-child,White,Female,3581,0,45,United-States,0,0.005434757154638978,0,5,0.8
33,Private,133582,5th-6th,3,Never-married,Farming-fishing,Not-in-family,White,Male,3564,0,51,Mexico,0,0.006064625937499774,0,5,0.8
61,Private,122066,HS-grad,9,Married-civ-spouse,Exec-managerial,Husband,White,Male,14358,0,45,Hungary,0,0.9898638267832836,1,5,0.8
33,Private,284651,Some-college,10,Never-married,Sales,Own-child,White,Female,13104,0,35,United-States,0,0.9938298586575174,1,5,0.8
52,Private,313945,Some-college,10,Married-civ-spouse,Craft-repair,Husband,White,Male,7585,0,55,United-States,0,0.9985227918892271,1,5,0.8
54,Local-gov,190333,HS-grad,9,Married-civ-spouse,Protective-serv,Husband,White,Male,0,0,40,United-States,0,0.7465143013241435,1,5,0.8
49,Private,50837,7th-8th,4,Divorced,Exec-managerial,Not-in-family,White,Male,5120,0,65,United-States,0,0.16180407541395636,0,5,0.8
63,Private,196501,Bachelors,13,Divorced,Exec-managerial,Not-in-family,White,Male,16246,0,65,United-States,1,0.9971345334979321,1,5,0.8
47,Private,306388,HS-grad,9,Divorced,Sales,Unmarried,White,Female,7889,0,45,United-States,0,0.8580743228813194,1,5,0.8
26,Private,59367,Bachelors,13,Never-married,Machine-op-inspct,Other-relative,White,Male,0,0,40,United-States,0,0.008287784847803794,0,5,0.8
43,Self-emp-inc,72744,HS-grad,9,Divorced,Other-service,Unmarried,White,Male,7814,0,45,United-States,0,0.8629863122969396,1,5,0.8
56,Private,252202,HS-grad,9,Divorced,Adm-clerical,Not-in-family,White,Female,1772,0,55,United-States,0,0.010767544222173535,0,5,0.8
46,Private,279724,HS-grad,9,Never-married,Machine-op-inspct,Not-in-family,White,Male,0,0,45,United-States,0,0.06788136803740535,0,5,0.8
50,Self-emp-inc,176357,HS-grad,9,Married-civ-spouse,Exec-managerial,Husband,White,Male,7991,0,65,United-States,0,0.9986124582654088,1,5,0.8
43,Private,279015,Masters,14,Married-civ-spouse,Exec-managerial,Husband,White,Male,13427,2415,85,Taiwan,1,0.9996864893223388,1,5,0.8
41,Self-emp-not-inc,198286,Bachelors,13,Never-married,Prof-specialty,Not-in-family,White,Female,995,0,55,United-States,0,0.054278568093509866,0,5,0.8
43,Private,199689,Bachelors,13,Married-spouse-absent,Sales,Unmarried,White,Female,0,0,20,United-States,0,0.09050434397402926,0,5,0.8
61,Federal-gov,94754,Masters,14,Married-civ-spouse,Adm-clerical,Husband,White,Male,1940,0,55,United-States,1,0.4714875686984522,0,5,0.8
35,Self-emp-not-inc,184370,HS-grad,9,Divorced,Other-service,Not-in-family,White,Female,3829,0,55,United-States,0,0.011190816231376638,0,5,0.8
32,Private,44064,Some-college,10,Never-married,Prof-specialty,Own-child,White,Male,3527,0,40,United-States,0,0.006952174509407013,0,5,0.8
41,Private,191177,HS-grad,9,Married-civ-spouse,Adm-clerical,Wife,White,Female,13136,0,33,United-States,0,0.9989505819771991,1,5,0.8
51,Private,114844,Bachelors,13,Never-married,Sales,Not-in-family,White,Male,14799,1876,65,United-States,0,0.9970232154931438,1,5,0.8
51,Private,200598,Bachelors,13,Married-civ-spouse,Exec-managerial,Husband,White,Male,3826,0,70,United-States,0,0.1856795734606129,0,5,0.8
50,Private,109231,HS-grad,9,Married-civ-spouse,Craft-repair,Husband,White,Male,2967,0,55,United-States,0,0.17595962713848806,0,5,0.8
28,Self-emp-not-inc,96219,Bachelors,13,Married-civ-spouse,Sales,Wife,White,Female,0,0,5,United-States,0,0.44719386943850026,0,5,0.8
44,Private,459465,HS-grad,9,Married-civ-spouse,Craft-repair,Husband,White,Male,6216,0,55,El-Salvador,0,0.9869677045718063,1,5,0.8
33,Private,207103,HS-grad,9,Never-married,Handlers-cleaners,Own-child,White,Male,11806,0,55,United-States,0,0.995263254171687,1,5,0.8
27,Private,205145,HS-grad,9,Married-civ-spouse,Machine-op-inspct,Husband,White,Male,0,0,40,United-States,0,0.18331574340749004,0,5,0.8
57,Federal-gov,45891,Some-college,10,Divorced,Adm-clerical,Unmarried,White,Male,12804,0,57,United-States,0,0.9984708637964871,1,5,0.8
44,Private,49539,Some-college,10,Never-married,Other-service,Not-in-family,White,Female,11062,0,55,United-States,0,0.9981933435090311,1,5,0.8
60,State-gov,44434,Masters,14,Married-civ-spouse,Prof-specialty,Husband,White,Male,13973,0,76,United-States,1,0.9990596583869074,1,5,0.8
53,Private,132222,Prof-school,15,Married-civ-spouse,Prof-specialty,Husband,White,Male,13162,2415,55,United-States,1,0.9995925530244121,1,5,0.8
32,Private,106541,5th-6th,3,Married-civ-spouse,Other-service,Other-relative,White,Male,0,0,40,United-States,0,0.05180104063938202,0,5,0.8
21,Private,147655,HS-grad,9,Never-married,Other-service,Own-child,White,Female,0,0,35,United-States,0,0.00511823972987661,0,5,0.8
39,Private,72443,HS-grad,9,Never-married,Tech-support,Not-in-family,White,Male,1492,0,55,United-States,0,0.011448981372258148,0,5,0.8
38,Self-emp-not-inc,102476,HS-grad,9,Never-married,Craft-repair,Own-child,White,Male,4812,0,65,United-States,0,0.7645383218874292,1,5,0.8
32,Private,161092,Some-college,10,Never-married,Handlers-cleaners,Own-child,White,Male,14956,0,55,United-States,0,0.995083497800989,1,5,0.8
35,Private,215624,Some-college,10,Never-married,Machine-op-inspct,Unmarried,Asian-Pac-Islander,Male,5719,0,55,Vietnam,0,0.08603239218554602,0,5,0.8
62,Private,44728,HS-grad,9,Married-civ-spouse,Machine-op-inspct,Husband,White,Male,3114,0,55,United-States,0,0.9262906257537922,1,5,0.8
46,Private,145290,Some-college,10,Married-civ-spouse,Craft-repair,Husband,White,Male,0,0,40,United-States,0,0.7512612221553905,1,5,0.8
43,Private,315128,Some-college,10,Never-married,Adm-clerical,Not-in-family,White,Female,7615,0,67,United-States,0,0.9397307363450906,1,5,0.8
66,Private,88019,Some-college,10,Divorced,Transport-moving,Not-in-family,White,Male,10216,0,70,United-States,0,0.9789611472022081,1,5,0.8
27,Private,192698,Some-college,10,Never-married,Adm-clerical,Not-in-family,White,Female,0,0,40,United-States,0,0.03142338206520252,0,5,0.8
54,Private,297335,Assoc-acdm,12,Married-spouse-absent,Exec-managerial,Unmarried,Asian-Pac-Islander,Female,1823,0,46,Laos,0,0.030957506172611216,0,5,0.8
54,Private,68684,HS-grad,9,Married-civ-spouse,Craft-repair,Husband,White,Male,0,0,44,United-States,0,0.6996865431411989,1,5,0.8
41,Private,278637,Assoc-voc,11,Married-civ-spouse,Adm-clerical,Husband,White,Male,2049,0,55,United-States,0,0.11092022166537359,0,5,0.8
38,Private,135521,Assoc-voc,11,Never-married,Handlers-cleaners,Other-relative,White,Male,3395,0,43,United-States,0,0.0027768659480990427,0,5,0.8
19,Private,287380,Some-college,10,Never-married,Handlers-cleaners,Own-child,White,Male,0,0,27,United-States,0,0.0019719454374944713,0,5,0.8
62,Self-emp-inc,193720,HS-grad,9,Married-civ-spouse,Exec-managerial,Husband,White,Male,2355,0,85,Greece,1,0.177839380159839,0,5,0.8
37,Private,82521,Bachelors,13,Married-civ-spouse,Exec-managerial,Husband,White,Male,15024,0,40,United-States,1,0.9989301893744353,1,5,0.8
59,Private,205068,Prof-school,15,Married-civ-spouse,Prof-specialty,Husband,White,Male,13849,1977,75,United-States,1,0.998934611124811,1,5,0.8
38,Private,252662,Bachelors,13,Divorced,Exec-managerial,Not-in-family,White,Male,0,0,40,United-States,0,0.4685218552053037,0,5,0.8
51,Self-emp-not-inc,24790,Some-college,10,Married-civ-spouse,Exec-managerial,Husband,White,Male,0,0,99,United-States,1,0.7358724344614413,1,5,0.8
65,State-gov,119570,Bachelors,13,Married-civ-spouse,Exec-managerial,Husband,White,Male,6155,0,60,United-States,1,0.9916876082283014,1,5,0.8
78,Private,242589,HS-grad,9,Married-civ-spouse,Other-service,Husband,White,Male,1104,0,49,United-States,0,0.029047713083094468,0,5,0.8
59,Private,216999,HS-grad,9,Married-civ-spouse,Sales,Husband,White,Male,4527,0,60,United-States,0,0.21516687483560984,0,5,0.8
50,Private,105017,HS-grad,9,Divorced,Craft-repair,Unmarried,White,Male,3830,0,55,United-States,0,0.03057013022399046,0,5,0.8
40,Private,148084,HS-grad,9,Never-married,Handlers-cleaners,Unmarried,Black,Female,11770,0,55,Dominican-Republic,0,0.9861601187552033,1,5,0.8
44,State-gov,342510,Doctorate,16,Married-civ-spouse,Prof-specialty,Wife,White,Female,7688,0,40,United-States,1,0.9989843016045488,1,5,0.8
54,Private,572751,Preschool,1,Married-civ-spouse,Craft-repair,Husband,White,Male,3689,0,55,Nicaragua,0,0.015658578883103007,0,5,0.8
22,Private,305874,HS-grad,9,Married-civ-spouse,Craft-repair,Husband,White,Male,0,0,60,United-States,0,0.11989729873750554,0,5,0.8
44,Self-emp-not-inc,121058,HS-grad,9,Married-civ-spouse,Farming-fishing,Husband,White,Male,5271,0,75,United-States,0,0.9703268305537779,1,5,0.8
61,Private,60751,HS-grad,9,Married-civ-spouse,Protective-serv,Husband,White,Male,989,0,55,United-States,0,0.08158372602109197,0,5,0.8
40,Private,191196,Masters,14,Never-married,Exec-managerial,Not-in-family,White,Male,0,0,40,United-States,0,0.6021122307743875,0,5,0.8
63,Private,194097,HS-grad,9,Married-civ-spouse,Protective-serv,Husband,White,Male,7944,0,55,United-States,0,0.9762280222261808,1,5,0.8
30,Private,347132,Some-college,10,Never-married,Machine-op-inspct,Not-in-family,Black,Female,0,0,40,United-States,0,0.011131822407810864,0,5,0.8
33,Private,210355,11th,7,Never-married,Prof-specialty,Not-in-family,White,Female,7987,0,39,United-States,0,0.8795556033468493,1,5,0.8
36,Private,33016,Some-college,10,Never-married,Craft-repair,Own-child,White,Male,1127,0,55,United-States,0,0.014979804369900778,0,5,0.8
52,Private,374764,Some-college,10,Divorced,Handlers-cleaners,Not-in-family,White,Male,12223,0,55,United-States,0,0.9989882331106338,1,5,0.8
24,Private,211968,Bachelors,13,Never-married,Tech-support,Not-in-family,White,Female,0,0,40,United-States,0,0.018908851653276455,0,5,0.8
50,Private,60355,HS-grad,9,Never-married,Adm-clerical,Unmarried,White,Female,12643,0,55,United-States,0,0.9980406879029697,1,5,0.8
30,Self-emp-not-inc,29582,11th,7,Never-married,Craft-repair,Own-child,White,Male,8087,0,55,United-States,0,0.9480885803170447,1,5,0.8
85,Self-emp-not-inc,233882,HS-grad,9,Married-civ-spouse,Farming-fishing,Husband,Asian-Pac-Islander,Male,10613,2457,55,Vietnam,0,0.9478536902492201,1,5,0.8
52,Private,318975,HS-grad,9,Divorced,Adm-clerical,Unmarried,White,Female,0,0,40,Cuba,0,0.05844680136364012,0,5,0.8
44,Private,170924,Some-college,10,Married-civ-spouse,Craft-repair,Husband,White,Male,7298,0,40,United-States,1,0.9974401948453785,1,5,0.8
51,Private,318416,10th,6,Separated,Other-service,Own-child,Black,Female,3804,0,27,United-States,0,0.001749588722359572,0,5,0.8
56,Private,29115,Some-college,10,Never-married,Other-service,Not-in-family,White,Female,3661,0,55,United-States,0,0.007744478349962378,0,5,0.8
80,Private,166149,HS-grad,9,Widowed,Adm-clerical,Not-in-family,White,Female,7137,2206,45,United-States,0,0.7881672666169752,1,5,0.8
52,Private,116103,Some-college,10,Separated,Craft-repair,Unmarried,White,Male,16021,0,62,United-States,1,0.9980535744952748,1,5,0.8
63,Local-gov,387250,Bachelors,13,Married-civ-spouse,Adm-clerical,Husband,White,Male,6941,0,65,United-States,1,0.9205081921487184,1,5,0.8
72,Private,176731,HS-grad,9,Married-civ-spouse,Tech-support,Husband,White,Male,14900,0,55,United-States,0,0.9819064481750571,1,5,0.8
48,Private,181065,Assoc-acdm,12,Married-civ-spouse,Tech-support,Husband,White,Male,2486,0,55,United-States,1,0.18880002580992022,0,5,0.8
34,Private,159442,HS-grad,9,Never-married,Prof-specialty,Not-in-family,White,Female,0,0,30,United-States,0,0.09397657584591235,0,5,0.8
64,Private,180195,Bachelors,13,Married-civ-spouse,Sales,Husband,White,Male,1005,0,55,United-States,1,0.23778382011151666,0,5,0.8
35,Private,177287,Some-college,10,Never-married,Exec-managerial,Other-relative,White,Female,6562,0,55,United-States,0,0.1828450311207306,0,5,0.8
66,Private,103580,Assoc-acdm,12,Divorced,Exec-managerial,Unmarried,White,Female,7820,0,70,United-States,1,0.942253840342394,1,5,0.8
46,Self-emp-inc,182655,Assoc-voc,11,Married-civ-spouse,Exec-managerial,Husband,White,Male,0,0,60,United-States,1,0.8994910409215934,1,5,0.8
63,Private,161482,HS-grad,9,Divorced,Other-service,Unmarried,White,Female,2773,0,53,United-States,0,0.012981427740288473,0,5,0.8
38,Self-emp-not-inc,31143,HS-grad,9,Married-civ-spouse,Exec-managerial,Husband,White,Male,5665,0,60,United-States,0,0.9810795862686154,1,5,0.8
41,Private,133937,HS-grad,9,Never-married,Handlers-cleaners,Own-child,White,Male,5285,0,45,United-States,0,0.08756322549987672,0,5,0.8
54,State-gov,116493,Bachelors,13,Married-civ-spouse,Protective-serv,Husband,White,Male,7842,0,67,United-States,0,0.9984328843832634,1,5,0.8
40,Private,285897,Bachelors,13,Married-civ-spouse,Exec-managerial,Husband,White,Male,12907,0,55,United-States,0,0.9992101814382329,1,5,0.8
43,Private,318647,11th,7,Never-married,Craft-repair,Not-in-family,White,Male,7935,0,55,United-States,0,0.9514428991469676,1,5,0.8
34,Private,289982,11th,7,Never-married,Other-service,Not-in-family,White,Female,2162,0,55,United-States,0,0.005712707961868649,0,5,0.8
31,Private,274657,5th-6th,3,Never-married,Other-service,Not-in-family,White,Male,3775,0,65,Guatemala,0,0.0038031887711091118,0,5,0.8
66,Private,35576,Some-college,10,Married-civ-spouse,Sales,Husband,White,Male,13904,2415,65,United-States,1,0.9832318306548173,1,5,0.8
52,Local-gov,33155,HS-grad,9,Never-married,Other-service,Own-child,White,Male,13084,0,55,United-States,0,0.9965377617764474,1,5,0.8
78,Self-emp-not-inc,51687,Bachelors,13,Married-civ-spouse,Sales,Husband,White,Male,5686,0,35,United-States,0,0.9835539076077234,1,5,0.8
37,Private,97952,Bachelors,13,Never-married,Prof-specialty,Not-in-family,White,Male,99,0,55,,0,0.046546583249741404,0,5,0.8
18,,379768,HS-grad,9,Never-married,,Own-child,Other,Female,0,0,40,United-States,0,0.0019098034027655818,0,5,0.8
25,Private,74389,Bachelors,13,Never-married,Exec-managerial,Not-in-family,Asian-Pac-Islander,Female,0,0,40,United-States,0,0.07826820293117759,0,5,0.8
59,Private,141511,Doctorate,16,Married-civ-spouse,Prof-specialty,Husband,White,Male,9566,0,75,United-States,1,0.9988823000109971,1,5,0.8
72,Private,349898,HS-grad,9,Widowed,Other-service,Not-in-family,White,Female,2997,0,59,United-States,0,0.015690463059744645,0,5,0.8
56,Private,279183,Some-college,10,Married-civ-spouse,Other-service,Own-child,White,Female,14365,0,55,United-States,1,0.9969808905815539,1,5,0.8
63,Private,197189,HS-grad,9,Married-civ-spouse,Exec-managerial,Husband,White,Male,13289,0,55,United-States,0,0.9896110144925956,1,5,0.8
41,Private,207473,7th-8th,4,Married-civ-spouse,Transport-moving,Husband,White,Male,5979,0,55,Mexico,0,0.9723818608212839,1,5,0.8
22,Private,361138,HS-grad,9,Never-married,Handlers-cleaners,Other-relative,White,Male,0,0,50,United-States,0,0.010990243180853334,0,5,0.8
41,State-gov,201556,Bachelors,13,Never-married,Prof-specialty,Not-in-family,White,Male,2285,0,65,United-States,0,0.058388938947506575,0,5,0.8
57,Private,90992,HS-grad,9,Married-civ-spouse,Transport-moving,Husband,White,Male,9179,0,85,United-States,0,0.9983449637176974,1,5,0.8
31,Private,110998,Some-college,10,Never-married,Adm-clerical,Own-child,Asian-Pac-Islander,Female,12640,0,55,Philippines,0,0.9977182726073718,1,5,0.8
30,Local-gov,55658,10th,6,Never-married,Other-service,Own-child,White,Male,8622,0,40,United-States,0,0.9905490967435165,1,5,0.8
30,Private,188476,11th,7,Never-married,Exec-managerial,Own-child,White,Male,5297,0,35,United-States,0,0.07697673741453237,0,5,0.8
68,Self-emp-inc,184598,9th,5,Married-civ-spouse,Transport-moving,Husband,White,Male,14800,0,99,United-States,0,0.9676490918923121,1,5,0.8
41,Private,252986,Some-college,10,Married-civ-spouse,Craft-repair,Husband,White,Male,0,0,48,United-States,1,0.7531810581123822,1,5,0.8
32,Private,29312,Some-college,10,Never-married,Handlers-cleaners,Own-child,White,Male,0,0,40,United-States,0,0.03348611401433043,0,5,0.8
33,Private,51262,HS-grad,9,Never-married,Other-service,Own-child,White,Male,8380,0,50,United-States,0,0.9942388565715408,1,5,0.8
55,Self-emp-not-inc,144218,12th,8,Married-civ-spouse,Transport-moving,Husband,White,Male,10860,0,75,United-States,0,0.998923045119456,1,5,0.8
37,Private,316688,HS-grad,9,Never-married,Machine-op-inspct,Not-in-family,Black,Male,6868,0,55,United-States,0,0.014862238376558102,0,5,0.8
66,Local-gov,116428,10th,6,Married-civ-spouse,Exec-managerial,Husband,White,Male,14887,0,55,United-States,0,0.9862735015053726,1,5,0.8
39,,129661,Assoc-voc,11,Married-civ-spouse,,Wife,Amer-Indian-Eskimo,Female,4365,0,55,United-States,1,0.8350193730696026,1,5,0.8
41,Private,187431,HS-grad,9,Never-married,Machine-op-inspct,Not-in-family,Black,Male,0,0,40,United-States,0,0.02108587600512626,0,5,0.8
69,Private,201232,HS-grad,9,Married-civ-spouse,Priv-house-serv,Husband,White,Male,10697,0,45,United-States,0,0.9532903893560143,1,5,0.8
45,Private,132705,9th,5,Separated,Adm-clerical,Not-in-family,White,Male,9452,0,63,United-States,0,0.9979614443709575,1,5,0.8
36,Private,142528,Some-college,10,Never-married,Sales,Own-child,White,Male,2904,0,35,United-States,0,0.009865552181980914,0,5,0.8
32,Local-gov,38455,HS-grad,9,Never-married,Craft-repair,Not-in-family,White,Male,11862,0,25,United-States,0,0.9966281482134045,1,5,0.8
54,Local-gov,131167,Masters,14,Never-married,Prof-specialty,Not-in-family,White,Female,4956,0,60,United-States,0,0.49869787196034404,0,5,0.8
40,Private,187397,HS-grad,9,Never-married,Other-service,Other-relative,Other,Male,7455,0,63,Mexico,0,0.9201545743482051,1,5,0.8
19,Private,260327,Some-college,10,Never-married,Other-service,Own-child,White,Female,0,0,18,United-States,0,0.0012405076685725368,0,5,0.8
41,Private,173113,Bachelors,13,Married-civ-spouse,Tech-support,Husband,White,Male,11134,0,55,United-States,0,0.999348007810829,1,5,0.8
52,Private,20109,Some-college,10,Divorced,Handlers-cleaners,Not-in-family,Amer-Indian-Eskimo,Female,6851,0,99,United-States,0,0.01077877801773927,0,5,0.8
45,Private,180551,Some-college,10,Separated,Adm-clerical,Unmarried,White,Female,9791,0,55,United-States,0,0.9940865872650002,1,5,0.8
41,Private,81057,Some-college,10,Never-married,Adm-clerical,Own-child,White,Female,7715,0,55,United-States,0,0.9269627471267978,1,5,0.8
56,Private,192014,Bachelors,13,Separated,Exec-managerial,Not-in-family,White,Male,1791,0,53,United-States,0,0.08474026713545879,0,5,0.8
74,Self-emp-inc,354075,Bachelors,13,Married-civ-spouse,Exec-managerial,Husband,White,Male,182,0,65,United-States,1,0.3062755494089069,0,5,0.8
38,Private,199600,HS-grad,9,Never-married,Sales,Not-in-family,Black,Male,2818,0,55,United-States,0,0.007458501844633925,0,5,0.8
43,Private,185528,Some-college,10,Divorced,Sales,Own-child,White,Female,14518,0,50,United-States,0,0.9974443530253331,1,5,0.8
63,Self-emp-inc,195638,Some-college,10,Separated,Sales,Not-in-family,White,Female,1086,0,55,United-States,0,0.01741608896587611,0,5,0.8
23,Private,65038,HS-grad,9,Never-married,Sales,Own-child,White,Male,0,0,40,United-States,0,0.013125101152340519,0,5,0.8
43,Private,225507,Assoc-voc,11,Never-married,Other-service,Unmarried,White,Female,13842,0,55,United-States,0,0.9950727835928904,1,5,0.8
34,Private,102258,Some-college,10,Divorced,Protective-serv,Not-in-family,White,Male,9840,0,55,United-States,0,0.9971510936957672,1,5,0.8
36,Private,278130,HS-grad,9,Never-married,Craft-repair,Own-child,White,Male,8822,0,55,United-States,0,0.9946529625930769,1,5,0.8
35,Private,203240,Some-college,10,Never-married,Other-service,Not-in-family,White,Female,6428,0,55,United-States,0,0.11461717668424139,0,5,0.8
48,Self-emp-not-inc,166193,HS-grad,9,Married-civ-spouse,Sales,Husband,White,Male,3828,0,45,United-States,0,0.04458503631319124,0,5,0.8
63,Private,165953,HS-grad,9,Separated,Handlers-cleaners,Not-in-family,Black,Male,13950,0,60,United-States,0,0.9946660327437712,1,5,0.8
55,Self-emp-not-inc,227298,Bachelors,13,Never-married,Sales,Not-in-family,White,Male,7866,0,60,United-States,0,0.9626705030553472,1,5,0.8
54,Private,171841,Prof-school,15,Married-civ-spouse,Prof-specialty,Husband,White,Male,4806,0,75,United-States,0,0.9116740259711035,1,5,0.8
66,Federal-gov,439608,Some-college,10,Divorced,Adm-clerical,Not-in-family,White,Female,8694,0,55,United-States,0,0.9942731650872983,1,5,0.8
21,Private,369643,HS-grad,9,Never-married,Adm-clerical,Own-child,White,Female,0,0,35,United-States,0,0.005866074208138194,0,5,0.8
39,Local-gov,332785,HS-grad,9,Never-married,Protective-serv,Own-child,White,Male,9212,0,53,United-States,0,0.9970259700030093,1,5,0.8
46,Private,287168,Some-college,10,Divorced,Adm-clerical,Unmarried,White,Male,14337,0,55,United-States,0,0.9929912467306553,1,5,0.8
40,Private,264076,HS-grad,9,Never-married,Adm-clerical,Not-in-family,White,Female,5948,0,55,United-States,0,0.17706676271257885,0,5,0.8
43,Private,112115,Some-college,10,Married-civ-spouse,Sales,Husband,White,Male,11562,0,55,United-States,0,0.9990432715125982,1,5,0.8
49,Private,208358,HS-grad,9,Married-civ-spouse,Craft-repair,Husband,White,Male,14452,0,55,United-States,1,0.9990640413342393,1,5,0.8
59,Private,173938,Bachelors,13,Married-civ-spouse,Craft-repair,Husband,White,Male,6767,0,55,United-States,0,0.9704806670598147,1,5,0.8
20,Private,95552,HS-grad,9,Never-married,Sales,Own-child,White,Male,0,0,40,United-States,0,0.0025287277271478534,0,5,0.8
30,Private,270544,12th,8,Never-married,Adm-clerical,Own-child,White,Female,8347,0,45,United-States,0,0.9933507753689086,1,5,0.8
30,Private,347829,11th,7,Never-married,Other-service,Own-child,White,Female,5265,0,19,United-States,0,0.014387254925851845,0,5,0.8
36,Self-emp-inc,142404,Bachelors,13,Married-civ-spouse,Exec-managerial,Husband,White,Male,733,0,55,United-States,1,0.33886818581077666,0,5,0.8
38,State-gov,106812,Assoc-voc,11,Divorced,Exec-managerial,Not-in-family,White,Female,12208,0,53,United-States,0,0.998031395999464,1,5,0.8
73,Private,29797,HS-grad,9,Divorced,Sales,Other-relative,White,Female,3130,0,55,United-States,0,0.0057186293876392725,0,5,0.8
35,Private,150463,HS-grad,9,Never-married,Priv-house-serv,Unmarried,Other,Female,5265,0,55,Guatemala,0,0.019553027626665886,0,5,0.8
57,Self-emp-not-inc,32948,Bachelors,13,Married-civ-spouse,Farming-fishing,Husband,White,Male,3269,0,75,United-States,0,0.034086786561422,0,5,0.8
53,Private,104879,HS-grad,9,Married-civ-spouse,Tech-support,Husband,White,Male,0,0,40,United-States,1,0.7077498492822054,1,5,0.8
49,Private,175390,HS-grad,9,Divorced,Machine-op-inspct,Unmarried,Black,Female,9344,0,55,United-States,0,0.9972154741060698,1,5,0.8
38,Private,333541,HS-grad,9,Never-married,Other-service,Not-in-family,White,Male,12560,0,39,United-States,0,0.9978409738497573,1,5,0.8
63,Private,82720,HS-grad,9,Married-civ-spouse,Craft-repair,Husband,White,Male,1294,0,55,United-States,0,0.10101073349692127,0,5,0.8
32,Private,60639,Some-college,10,Never-married,Sales,Own-child,White,Female,5899,0,43,United-States,0,0.1047434160125384,0,5,0.8
58,Private,31732,Some-college,10,Married-civ-spouse,Sales,Husband,White,Male,0,0,45,United-States,1,0.794752380149537,1,5,0.8
84,,235014,Assoc-voc,11,Widowed,,Not-in-family,White,Female,13311,2465,55,United-States,0,0.998586854765588,1,5,0.8
60,Private,185143,Masters,14,Married-civ-spouse,Exec-managerial,Husband,White,Male,13665,0,55,United-States,0,0.9991871477205682,1,5,0.8
56,Private,147206,Some-college,10,Married-civ-spouse,Craft-repair,Husband,White,Male,20354,0,60,United-States,1,0.9990525503364031,1,5,0.8
39,Self-emp-not-inc,192626,HS-grad,9,Separated,Farming-fishing,Not-in-family,White,Male,0,0,50,United-States,0,0.1498303096318163,0,5,0.8
38,Private,186191,HS-grad,9,Married-civ-spouse,Craft-repair,Husband,White,Male,0,0,55,United-States,0,0.6549591368285499,1,5,0.8
18,,221312,Some-college,10,Never-married,,Other-relative,White,Male,0,0,40,United-States,0,0.0010717730840269066,0,5,0.8
54,Private,179533,HS-grad,9,Married-civ-spouse,Craft-repair,Husband,White,Male,4080,0,55,United-States,1,0.08527096240899514,0,5,0.8
50,Private,149347,HS-grad,9,Married-civ-spouse,Craft-repair,Husband,White,Male,4118,0,55,United-States,1,0.196552190986701,0,5,0.8
57,Private,156117,Assoc-voc,11,Divorced,Prof-specialty,Not-in-family,White,Female,8544,0,47,United-States,0,0.9973499500256178,1,5,0.8
45,Private,121966,HS-grad,9,Never-married,Tech-support,Not-in-family,White,Female,5011,0,65,United-States,0,0.18871548868937824,0,5,0.8
64,Private,35305,7th-8th,4,Never-married,Other-service,Own-child,White,Female,6006,0,22,United-States,0,0.01103400468924946,0,5,0.8
18,,297396,HS-grad,9,Never-married,,Own-child,White,Male,0,0,10,United-States,0,0.001087790407499768,0,5,0.8
62,Self-emp-not-inc,343242,Some-college,10,Married-civ-spouse,Transport-moving,Husband,White,Male,13870,0,70,United-States,0,0.9823116556811319,1,5,0.8
46,Private,149943,HS-grad,9,Never-married,Other-service,Not-in-family,Asian-Pac-Islander,Male,7630,0,55,Japan,0,0.9253742650114594,1,5,0.8
41,Private,187479,Some-college,10,Married-civ-spouse,Craft-repair,Husband,White,Male,363,0,65,United-States,0,0.13252582528801785,0,5,0.8
32,Private,167424,Some-college,10,Never-married,Priv-house-serv,Own-child,White,Female,3619,0,55,United-States,0,0.005225692574816957,0,5,0.8
28,Private,182509,Some-college,10,Never-married,Handlers-cleaners,Not-in-family,White,Male,0,0,35,United-States,0,0.022597554560982672,0,5,0.8
27,Private,169117,HS-grad,9,Married-civ-spouse,Adm-clerical,Wife,Black,Female,0,1887,40,United-States,1,0.9344961509519327,1,5,0.8
45,Private,20534,Some-college,10,Married-civ-spouse,Machine-op-inspct,Husband,White,Male,0,0,84,United-States,1,0.8238080935202772,1,5,0.8
67,Private,118993,Some-college,10,Separated,Exec-managerial,Unmarried,White,Female,2749,0,25,United-States,0,0.003453296798998035,0,5,0.8
65,Private,348287,HS-grad,9,Divorced,Craft-repair,Other-relative,White,Male,11376,0,55,United-States,0,0.9888734584399479,1,5,0.8
42,Private,169589,Some-college,10,Married-civ-spouse,Adm-clerical,Husband,White,Male,13231,0,55,United-States,0,0.9990336195801052,1,5,0.8
72,State-gov,27037,HS-grad,9,Married-civ-spouse,Protective-serv,Husband,Amer-Indian-Eskimo,Male,11616,0,55,United-States,1,0.9548522196792566,1,5,0.8
50,Private,195744,Bachelors,13,Never-married,Other-service,Not-in-family,White,Male,13212,0,63,United-States,0,0.9985749038974958,1,5,0.8
37,Private,236564,HS-grad,9,Never-married,Adm-clerical,Not-in-family,White,Male,12698,0,55,United-States,0,0.9986158006473097,1,5,0.8
29,Federal-gov,229300,Bachelors,13,Never-married,Prof-specialty,Not-in-family,White,Male,0,0,48,United-States,0,0.5162414372552818,0,5,0.8
74,Private,143746,HS-grad,9,Divorced,Other-service,Not-in-family,White,Female,13904,0,55,United-States,0,0.996432589503486,1,5,0.8
37,Local-gov,250770,HS-grad,9,Never-married,Adm-clerical,Own-child,White,Female,13224,0,55,United-States,0,0.996110305649785,1,5,0.8
42,Self-emp-inc,78530,HS-grad,9,Married-civ-spouse,Exec-managerial,Husband,White,Male,7920,0,80,Canada,1,0.9984953829332033,1,5,0.8
37,Private,75759,Some-college,10,Never-married,Adm-clerical,Not-in-family,White,Male,6521,0,55,United-States,0,0.0747905833158858,0,5,0.8
55,Federal-gov,369468,Bachelors,13,Married-civ-spouse,Prof-specialty,Husband,White,Male,4254,0,55,United-States,1,0.9667392382861254,1,5,0.8
22,Private,148431,HS-grad,9,Never-married,Adm-clerical,Not-in-family,Other,Female,0,0,40,United-States,0,0.007072786680376448,0,5,0.8
64,Private,301229,Assoc-voc,11,Separated,Sales,Unmarried,White,Female,9813,0,55,United-States,0,0.9937120532493825,1,5,0.8
43,State-gov,241506,Bachelors,13,Divorced,Prof-specialty,Unmarried,White,Female,1506,0,36,United-States,0,0.011892463163000463,0,5,0.8
40,Private,67661,Some-college,10,Never-married,Adm-clerical,Other-relative,White,Female,8060,0,55,United-States,0,0.942221041375166,1,5,0.8
53,Private,116391,Bachelors,13,Married-civ-spouse,Handlers-cleaners,Husband,White,Male,13027,0,55,Germany,0,0.9987445284369098,1,5,0.8
37,Private,361307,Bachelors,13,Never-married,Sales,Own-child,White,Female,3669,0,55,United-States,0,0.031108308334526866,0,5,0.8
42,Private,39386,Some-college,10,Married-civ-spouse,Exec-managerial,Husband,Black,Male,4317,0,99,United-States,0,0.9178242793316566,1,5,0.8
75,,64448,HS-grad,9,Married-civ-spouse,,Husband,White,Male,14024,0,55,United-States,0,0.98618978122877,1,5,0.8
46,Private,293017,Some-college,10,Never-married,Tech-support,Unmarried,Black,Female,14546,0,55,United-States,0,0.993520847064618,1,5,0.8
44,Private,239659,Some-college,10,Separated,Machine-op-inspct,Unmarried,Black,Female,7879,0,85,United-States,0,0.9351816390924393,1,5,0.8
36,Private,216129,HS-grad,9,Never-married,Adm-clerical,Own-child,White,Male,13122,0,55,United-States,0,0.997408389028292,1,5,0.8
78,Federal-gov,38621,Assoc-voc,11,Widowed,Other-service,Unmarried,Black,Female,5688,0,55,United-States,0,0.21702284992337792,0,5,0.8
37,Private,208117,Bachelors,13,Never-married,Prof-specialty,Other-relative,White,Male,3677,0,55,United-States,0,0.012540958944940192,0,5,0.8
35,Private,274797,HS-grad,9,Never-married,Handlers-cleaners,Own-child,White,Male,6176,0,40,United-States,0,0.05013379587065346,0,5,0.8
38,Private,358124,HS-grad,9,Never-married,Other-service,Other-relative,Black,Female,12815,0,55,United-States,0,0.996632275985399,1,5,0.8
67,Self-emp-not-inc,204387,Bachelors,13,Married-civ-spouse,Sales,Husband,White,Male,2555,0,55,United-States,1,0.17430304904301525,0,5,0.8
64,Private,231865,HS-grad,9,Married-civ-spouse,Adm-clerical,Husband,White,Male,494,0,61,United-States,0,0.09312280100465259,0,5,0.8
42,Self-emp-not-inc,106742,12th,8,Married-civ-spouse,Transport-moving,Husband,White,Male,1131,0,90,United-States,0,0.0336127352307349,0,5,0.8
47,Private,188888,Bachelors,13,Never-married,Sales,Not-in-family,White,Male,8517,0,55,United-States,1,0.9981105572966777,1,5,0.8
17,Private,136363,10th,6,Never-married,Other-service,Own-child,White,Male,0,0,20,United-States,0,0.0022696614046567513,0,5,0.8
43,Private,243678,Bachelors,13,Never-married,Exec-managerial,Not-in-family,White,Female,7915,0,55,United-States,0,0.9704137671795552,1,5,0.8
74,Private,122033,HS-grad,9,Widowed,Adm-clerical,Not-in-family,White,Female,12409,0,53,United-States,0,0.9962913797326789,1,5,0.8
26,Private,182308,Some-college,10,Married-civ-spouse,Prof-specialty,Husband,White,Male,0,0,40,United-States,0,0.4996234931058609,0,5,0.8
31,,369678,HS-grad,9,Never-married,,Not-in-family,Other,Male,11593,0,45,United-States,0,0.9984985354707032,1,5,0.8
67,Private,120970,10th,6,Married-civ-spouse,Craft-repair,Husband,Black,Male,7461,0,55,United-States,1,0.9832780443219372,1,5,0.8
54,Private,40151,Assoc-voc,11,Married-civ-spouse,Other-service,Husband,White,Male,2852,0,45,United-States,0,0.0555340107666679,0,5,0.8
45,Self-emp-not-inc,133969,HS-grad,9,Married-civ-spouse,Sales,Husband,Asian-Pac-Islander,Male,0,0,50,South,1,0.5827690408988776,0,5,0.8
55,Private,188808,Masters,14,Married-civ-spouse,Exec-managerial,Husband,White,Male,7514,0,60,United-States,1,0.998273399160411,1,5,0.8
65,Private,114758,Masters,14,Married-civ-spouse,Exec-managerial,Husband,White,Male,27777,0,80,United-States,1,0.9963052429573701,1,5,0.8
63,,170529,Bachelors,13,Married-civ-spouse,,Wife,Black,Female,0,0,45,United-States,0,0.7552647827785237,1,5,0.8
56,Private,124747,HS-grad,9,Married-civ-spouse,Exec-managerial,Wife,White,Female,15626,0,55,United-States,1,0.9988470269616899,1,5,0.8
77,Private,149912,Bachelors,13,Never-married,Prof-specialty,Not-in-family,White,Female,0,0,10,United-States,0,0.08439589924390095,0,5,0.8
18,Private,395567,HS-grad,9,Never-married,Handlers-cleaners,Own-child,White,Male,0,0,40,United-States,0,0.0024968058709667574,0,5,0.8
88,Private,125784,Bachelors,13,Married-civ-spouse,Exec-managerial,Husband,White,Male,424,0,55,United-States,0,0.29165973317684085,0,5,0.8
37,Private,103323,Assoc-acdm,12,Married-civ-spouse,Sales,Husband,White,Male,0,0,40,United-States,0,0.7459865892331877,1,5,0.8
31,Private,143608,HS-grad,9,Never-married,Machine-op-inspct,Own-child,White,Male,9401,0,55,United-States,0,0.9948014788888067,1,5,0.8
60,Private,287547,Some-college,10,Divorced,Prof-specialty,Unmarried,White,Female,10260,0,55,United-States,0,0.9813562682729595,1,5,0.8
44,Private,153326,Bachelors,13,Married-civ-spouse,Prof-specialty,Other-relative,White,Male,3327,0,55,United-States,0,0.04344729181706459,0,5,0.8
53,Private,252058,Bachelors,13,Never-married,Adm-clerical,Not-in-family,White,Male,9169,0,55,United-States,0,0.9979163898853948,1,5,0.8
32,,308924,Some-college,10,Never-married,,Own-child,White,Male,2548,0,40,United-States,0,0.002605674810953633,0,5,0.8
72,Federal-gov,248288,Some-college,10,Divorced,Adm-clerical,Not-in-family,White,Female,4992,0,55,United-States,0,0.49700760501061,0,5,0.8
36,Private,99970,Bachelors,13,Never-married,Tech-support,Own-child,White,Male,10344,0,55,United-States,0,0.9967402755925275,1,5,0.8
48,Private,143152,7th-8th,4,Married-civ-spouse,Machine-op-inspct,Wife,White,Female,9968,0,55,United-States,0,0.9980544085429192,1,5,0.8
53,Local-gov,175149,HS-grad,9,Divorced,Transport-moving,Not-in-family,Black,Female,3398,0,53,United-States,0,0.008949651565667474,0,5,0.8
33,Private,91163,HS-grad,9,Separated,Other-service,Other-relative,Black,Female,0,0,40,United-States,0,0.005784927923753531,0,5,0.8
29,Private,148429,HS-grad,9,Married-civ-spouse,Farming-fishing,Husband,White,Male,0,0,60,United-States,0,0.2994916561421919,0,5,0.8
33,Private,90409,Bachelors,13,Never-married,Sales,Not-in-family,White,Male,0,0,45,United-States,0,0.4683151725175119,0,5,0.8
49,Federal-gov,118701,HS-grad,9,Divorced,Adm-clerical,Unmarried,Black,Female,0,0,40,United-States,0,0.046775714375723615,0,5,0.8
42,Self-emp-inc,77689,Bachelors,13,Married-civ-spouse,Sales,Husband,White,Male,18836,0,65,United-States,1,0.9990434765341323,1,5,0.8
55,State-gov,52849,Bachelors,13,Married-civ-spouse,Prof-specialty,Husband,White,Male,7876,0,55,United-States,0,0.9986360270964064,1,5,0.8
29,,235661,10th,6,Never-married,,Own-child,White,Female,12908,0,45,United-States,0,0.9925876953162567,1,5,0.8
25,Private,419658,HS-grad,9,Never-married,Other-service,Own-child,White,Female,0,0,8,United-States,0,0.0033818404619281365,0,5,0.8
31,Local-gov,197550,HS-grad,9,Divorced,Prof-specialty,Unmarried,White,Male,0,0,33,United-States,0,0.05023397721800315,0,5,0.8
61,Local-gov,192349,Masters,14,Never-married,Prof-specialty,Not-in-family,White,Female,10529,0,55,United-States,0,0.9906810386873989,1,5,0.8
48,Local-gov,130620,HS-grad,9,Married-civ-spouse,Adm-clerical,Wife,Asian-Pac-Islander,Female,11165,0,55,China,1,0.9987107119345732,1,5,0.8
29,Private,216086,11th,7,Never-married,Other-service,Own-child,White,Female,4617,0,45,United-States,0,0.016288085064877077,0,5,0.8
53,Self-emp-not-inc,443508,HS-grad,9,Married-civ-spouse,Exec-managerial,Husband,White,Male,11182,0,65,United-States,0,0.9988420021872247,1,5,0.8
54,Private,141186,Some-college,10,Never-married,Other-service,Own-child,White,Female,13061,0,55,United-States,0,0.9977500217941674,1,5,0.8
41,Local-gov,32185,Masters,14,Married-civ-spouse,Exec-managerial,Husband,White,Male,0,0,40,United-States,1,0.8763281061061615,1,5,0.8
55,State-gov,506329,Bachelors,13,Married-civ-spouse,Prof-specialty,Husband,Asian-Pac-Islander,Male,25014,0,55,,1,0.9991315121230131,1,5,0.8
72,Private,124648,HS-grad,9,Widowed,Sales,Unmarried,White,Female,2092,0,53,United-States,0,0.014030155235090222,0,5,0.8
58,Private,182533,Bachelors,13,Never-married,Adm-clerical,Unmarried,Asian-Pac-Islander,Female,2946,0,55,Philippines,0,0.03903096782612745,0,5,0.8
46,,143582,HS-grad,9,Married-spouse-absent,,Not-in-family,Asian-Pac-Islander,Female,9731,0,52,Taiwan,0,0.9978202870321015,1,5,0.8
35,Private,260617,10th,6,Never-married,Craft-repair,Not-in-family,White,Male,8508,0,55,United-States,0,0.9977005845145531,1,5,0.8
32,Private,205581,Some-college,10,Separated,Tech-support,Unmarried,White,Female,0,0,50,United-States,0,0.21361120199924136,0,5,0.8
24,Private,542762,Bachelors,13,Never-married,Sales,Other-relative,Black,Male,0,0,50,United-States,0,0.028700819803773387,0,5,0.8
32,Private,305446,HS-grad,9,Never-married,Other-service,Own-child,White,Male,8812,0,45,United-States,0,0.9935509051445875,1,5,0.8
32,Private,331539,HS-grad,9,Never-married,Craft-repair,Not-in-family,Other,Male,0,0,40,United-States,0,0.039758372464147776,0,5,0.8
63,Local-gov,146181,9th,5,Married-civ-spouse,Transport-moving,Husband,Black,Male,303,0,55,United-States,0,0.02365914482978403,0,5,0.8
40,Self-emp-inc,153291,HS-grad,9,Never-married,Adm-clerical,Own-child,White,Female,14865,0,50,United-States,0,0.9963397776425669,1,5,0.8
32,Private,340917,Masters,14,Married-civ-spouse,Prof-specialty,Husband,White,Male,0,1848,60,,1,0.978350747823476,1,5,0.8
69,Private,335605,Some-college,10,Married-civ-spouse,Prof-specialty,Husband,White,Male,4277,0,55,United-States,1,0.9545940580173143,1,5,0.8
87,,260543,10th,6,Widowed,,Other-relative,Asian-Pac-Islander,Female,11066,0,16,China,0,0.9718165205660194,1,5,0.8
55,Local-gov,231964,Some-college,10,Divorced,Adm-clerical,Unmarried,White,Female,11472,0,55,United-States,0,0.99788823525927,1,5,0.8
57,Private,330535,HS-grad,9,Never-married,Adm-clerical,Not-in-family,White,Male,10334,0,55,United-States,0,0.9912911431094921,1,5,0.8
58,Private,295566,Doctorate,16,Divorced,Prof-specialty,Unmarried,White,Female,32136,0,80,United-States,1,0.9965762930869815,1,5,0.8
69,State-gov,399246,Bachelors,13,Married-civ-spouse,Adm-clerical,Husband,Asian-Pac-Islander,Male,4104,1485,55,China,0,0.20651327370944622,0,5,0.8
31,Private,170720,12th,8,Never-married,Other-service,Own-child,White,Male,5969,0,31,United-States,0,0.04952303985734705,0,5,0.8
40,Private,141537,10th,6,Divorced,Machine-op-inspct,Not-in-family,Black,Female,0,0,40,United-States,0,0.007645117992248891,0,5,0.8
48,Private,398931,HS-grad,9,Divorced,Craft-repair,Not-in-family,White,Male,7547,0,55,United-States,0,0.9005921704367333,1,5,0.8
24,Private,143436,Some-college,10,Never-married,Handlers-cleaners,Own-child,White,Male,0,0,24,United-States,0,0.004544883149045009,0,5,0.8
55,Federal-gov,183608,HS-grad,9,Divorced,Adm-clerical,Not-in-family,Black,Female,11251,0,55,United-States,0,0.9986614045882004,1,5,0.8
70,,167358,9th,5,Widowed,,Unmarried,White,Female,1111,0,15,United-States,0,0.0015881403196309884,0,5,0.8
76,Self-emp-not-inc,217380,Prof-school,15,Divorced,Prof-specialty,Not-in-family,White,Male,4639,2559,75,United-States,1,0.5840431432219014,0,5,0.8
32,,301408,Some-college,10,Never-married,,Own-child,White,Female,774,1602,45,United-States,0,0.0037395242865089916,0,5,0.8
18,Private,188076,11th,7,Never-married,Other-service,Own-child,White,Female,0,0,20,United-States,0,0.0005715038306895334,0,5,0.8
34,Private,221480,HS-grad,9,Never-married,Adm-clerical,Own-child,White,Female,167,0,55,United-States,0,0.0075940074857733025,0,5,0.8
31,Private,87402,Some-college,10,Never-married,Craft-repair,Not-in-family,White,Male,5090,0,55,United-States,0,0.22230557854777508,0,5,0.8
52,Self-emp-not-inc,57233,Assoc-voc,11,Married-civ-spouse,Exec-managerial,Husband,White,Male,8354,0,55,United-States,1,0.9985004658470461,1,5,0.8
36,Private,117381,HS-grad,9,Married-civ-spouse,Machine-op-inspct,Husband,White,Male,0,0,40,United-States,0,0.48947802197237383,0,5,0.8
48,Private,290861,11th,7,Married-spouse-absent,Craft-repair,Not-in-family,Black,Male,4719,0,55,United-States,0,0.9543533861688643,1,5,0.8
17,Private,721712,10th,6,Never-married,Other-service,Own-child,White,Male,0,0,15,United-States,0,0.0008816190515074653,0,5,0.8
65,Private,226135,9th,5,Never-married,Craft-repair,Not-in-family,Black,Male,13932,0,55,Jamaica,0,0.9960185421907681,1,5,0.8
63,Local-gov,205100,Masters,14,Married-civ-spouse,Prof-specialty,Wife,White,Female,5900,0,47,United-States,1,0.9899262180451988,1,5,0.8
40,Private,115677,Assoc-acdm,12,Never-married,Adm-clerical,Own-child,White,Male,2799,0,47,United-States,0,0.016585050260341638,0,5,0.8
33,,34443,Some-college,10,Never-married,,Own-child,White,Male,10130,0,65,United-States,0,0.9932738491375698,1,5,0.8
47,Federal-gov,39207,HS-grad,9,Never-married,Adm-clerical,Not-in-family,White,Male,9977,0,55,United-States,0,0.9985174840508576,1,5,0.8
45,Private,137310,HS-grad,9,Never-married,Machine-op-inspct,Own-child,White,Female,4489,0,55,,0,0.03930665501336893,0,5,0.8
19,Private,299050,Some-college,10,Never-married,Adm-clerical,Own-child,White,Male,0,0,20,United-States,0,0.0011540004048738292,0,5,0.8
31,State-gov,156294,Some-college,10,Never-married,Prof-specialty,Own-child,White,Male,6156,0,40,United-States,0,0.11040179150807401,0,5,0.8
33,Private,77572,HS-grad,9,Never-married,Handlers-cleaners,Not-in-family,Asian-Pac-Islander,Female,11958,0,49,South,0,0.9969157621247516,1,5,0.8
39,Private,126349,Some-college,10,Never-married,Sales,Not-in-family,White,Male,11992,0,64,United-States,0,0.9987124441976877,1,5,0.8
43,Private,36222,HS-grad,9,Separated,Handlers-cleaners,Not-in-family,White,Male,7413,0,80,United-States,0,0.6973739282990934,1,5,0.8
35,State-gov,209744,HS-grad,9,Never-married,Adm-clerical,Not-in-family,White,Male,8003,0,53,United-States,0,0.8911587402464098,1,5,0.8
39,Private,430710,HS-grad,9,Separated,Sales,Own-child,White,Male,7766,0,55,United-States,0,0.9282746029054674,1,5,0.8
20,,147031,Some-college,10,Never-married,,Own-child,White,Male,0,0,15,United-States,0,0.001686043403663036,0,5,0.8
52,Private,60594,Some-college,10,Divorced,Other-service,Unmarried,White,Female,12772,0,45,United-States,0,0.9978302509200901,1,5,0.8
41,Private,103111,HS-grad,9,Never-married,Other-service,Own-child,White,Male,11295,0,45,Canada,0,0.9969509789481157,1,5,0.8
57,Private,153918,HS-grad,9,Married-civ-spouse,Transport-moving,Husband,White,Male,0,0,40,United-States,0,0.6818151678584817,1,5,0.8
32,Private,130840,HS-grad,9,Never-married,Craft-repair,Own-child,White,Male,5759,0,35,United-States,0,0.05203418051405893,0,5,0.8
45,Self-emp-inc,213897,Masters,14,Married-civ-spouse,Sales,Husband,Asian-Pac-Islander,Male,0,1902,40,Hong,1,0.9915621466192297,1,5,0.8
90,Private,148623,Prof-school,15,Married-civ-spouse,Prof-specialty,Husband,White,Male,13672,0,50,United-States,1,0.9952628774539414,1,5,0.8
39,Self-emp-not-inc,87745,Assoc-voc,11,Married-civ-spouse,Farming-fishing,Husband,White,Male,11426,0,85,United-States,0,0.9970184476899767,1,5,0.8
33,Private,188467,HS-grad,9,Never-married,Farming-fishing,Not-in-family,White,Male,0,0,40,United-States,0,0.031439444444717676,0,5,0.8
39,Private,77146,Some-college,10,Married-civ-spouse,Sales,Husband,White,Male,0,0,55,United-States,1,0.7529866496735812,1,5,0.8
62,Self-emp-not-inc,171315,Bachelors,13,Married-civ-spouse,Prof-specialty,Husband,White,Male,0,0,60,United-States,1,0.840422401321573,1,5,0.8
81,Federal-gov,143849,11th,7,Widowed,Adm-clerical,Not-in-family,White,Female,8742,0,35,United-States,0,0.9925698575521039,1,5,0.8
39,State-gov,112812,HS-grad,9,Married-civ-spouse,Protective-serv,Other-relative,White,Female,0,0,40,United-States,0,0.1579125596312948,0,5,0.8
28,Self-emp-not-inc,195607,HS-grad,9,Married-civ-spouse,Sales,Wife,White,Female,0,0,40,United-States,0,0.35357956984240685,0,5,0.8
43,Local-gov,168906,Assoc-acdm,12,Married-civ-spouse,Adm-clerical,Wife,White,Female,11097,0,50,United-States,0,0.9991793812949964,1,5,0.8
57,Private,207955,5th-6th,3,Married-spouse-absent,Other-service,Not-in-family,White,Male,5054,0,55,Ecuador,0,0.26573874316061263,0,5,0.8
46,Private,100882,Bachelors,13,Married-civ-spouse,Sales,Husband,White,Male,6054,0,62,United-States,1,0.99244489566034,1,5,0.8
53,Private,146908,Doctorate,16,Married-civ-spouse,Prof-specialty,Husband,White,Male,963,0,75,United-States,1,0.4231935031363931,0,5,0.8
48,Private,129357,Some-college,10,Divorced,Adm-clerical,Unmarried,White,Female,13532,0,55,United-States,0,0.9944922264795298,1,5,0.8
63,Self-emp-inc,119570,Bachelors,13,Married-civ-spouse,Craft-repair,Husband,White,Male,3282,0,65,United-States,0,0.11454623009265884,0,5,0.8
41,Self-emp-inc,446724,Bachelors,13,Married-civ-spouse,Exec-managerial,Husband,White,Male,6552,0,50,United-States,0,0.994447652984179,1,5,0.8
70,Private,111169,HS-grad,9,Divorced,Adm-clerical,Not-in-family,White,Female,12246,0,55,United-States,0,0.9964076832571477,1,5,0.8
49,Private,103121,Bachelors,13,Married-civ-spouse,Exec-managerial,Wife,White,Female,8571,1848,55,United-States,1,0.9993807254271881,1,5,0.8
46,Private,263307,Bachelors,13,Never-married,Sales,Unmarried,Black,Male,3337,0,60,,0,0.05540293708759996,0,5,0.8
48,,342480,11th,7,Never-married,,Not-in-family,Black,Male,10002,0,55,United-States,0,0.9982461099115068,1,5,0.8
61,Self-emp-inc,330874,Some-college,10,Married-civ-spouse,Sales,Husband,White,Male,13098,0,85,United-States,1,0.9878918437873662,1,5,0.8
51,Private,278403,HS-grad,9,Married-civ-spouse,Transport-moving,Husband,White,Male,8158,0,80,United-States,0,0.9981346707215061,1,5,0.8
35,Private,120601,Assoc-voc,11,Married-civ-spouse,Craft-repair,Husband,Black,Male,10040,0,55,United-States,0,0.9981117168723078,1,5,0.8
39,Private,116372,Masters,14,Never-married,Exec-managerial,Not-in-family,White,Female,11266,0,55,United-States,0,0.9988905508357973,1,5,0.8
43,Private,168071,HS-grad,9,Married-civ-spouse,Exec-managerial,Husband,White,Male,0,0,44,United-States,0,0.8267278177147268,1,5,0.8
37,Private,323139,Bachelors,13,Never-married,Handlers-cleaners,Own-child,White,Male,9762,0,50,United-States,0,0.9960881540614585,1,5,0.8
90,,256514,Bachelors,13,Widowed,,Other-relative,White,Female,10312,0,25,United-States,0,0.9772872337980408,1,5,0.8
40,Private,228346,Bachelors,13,Married-civ-spouse,Exec-managerial,Husband,White,Male,9093,0,65,United-States,0,0.9987699420719229,1,5,0.8
50,Local-gov,193026,HS-grad,9,Married-civ-spouse,Craft-repair,Husband,White,Male,14579,0,65,United-States,1,0.9988565906983082,1,5,0.8
49,Self-emp-not-inc,284616,Some-college,10,Never-married,Sales,Own-child,White,Male,7835,0,63,United-States,0,0.9674485842023861,1,5,0.8
57,Self-emp-not-inc,47857,Some-college,10,Married-civ-spouse,Farming-fishing,Husband,White,Male,0,0,50,United-States,0,0.41925969137296876,0,5,0.8
50,Private,172538,Bachelors,13,Married-civ-spouse,Exec-managerial,Husband,White,Male,23469,0,65,United-States,1,0.999225211043009,1,5,0.8
75,Self-emp-inc,215833,HS-grad,9,Married-civ-spouse,Exec-managerial,Husband,White,Male,8526,0,55,United-States,1,0.9866112300060694,1,5,0.8
39,Private,249382,HS-grad,9,Divorced,Other-service,Unmarried,Black,Female,1754,0,55,United-States,0,0.007411291011900043,0,5,0.8
44,Private,192225,Bachelors,13,Married-civ-spouse,Exec-managerial,Husband,White,Male,0,0,40,United-States,1,0.8968223692447276,1,5,0.8
58,Private,130364,HS-grad,9,Never-married,Craft-repair,Unmarried,White,Male,10331,0,55,United-States,0,0.9898188331138902,1,5,0.8
43,Private,119033,HS-grad,9,Never-married,Handlers-cleaners,Own-child,White,Male,5911,0,65,United-States,0,0.09978043268785024,0,5,0.8
58,Private,314153,HS-grad,9,Married-civ-spouse,Craft-repair,Husband,White,Male,0,0,40,United-States,1,0.6478978340060025,1,5,0.8
57,Private,179048,12th,8,Married-civ-spouse,Adm-clerical,Husband,White,Male,8914,0,50,,1,0.9985003406719938,1,5,0.8
34,Private,184543,Some-college,10,Divorced,Adm-clerical,Unmarried,White,Female,10632,0,55,United-States,0,0.9941473582247173,1,5,0.8
30,Private,236861,HS-grad,9,Never-married,Exec-managerial,Not-in-family,White,Male,0,1876,45,United-States,0,0.035318196992079505,0,5,0.8
44,Private,215912,HS-grad,9,Married-civ-spouse,Other-service,Wife,Black,Female,2615,0,55,United-States,0,0.03407164482538888,0,5,0.8
72,Private,81578,9th,5,Married-civ-spouse,Sales,Husband,White,Male,7107,0,55,United-States,0,0.9872996454143053,1,5,0.8
33,Private,195532,HS-grad,9,Never-married,Adm-clerical,Unmarried,White,Female,8325,0,55,United-States,0,0.988662833534355,1,5,0.8
46,Private,331126,HS-grad,9,Never-married,Other-service,Unmarried,Black,Male,1403,0,45,United-States,0,0.008947140346453886,0,5,0.8
36,Private,86065,HS-grad,9,Never-married,Transport-moving,Unmarried,White,Female,10010,0,55,Mexico,0,0.9871907640353398,1,5,0.8
59,Private,125120,Bachelors,13,Divorced,Craft-repair,Not-in-family,White,Female,3488,0,65,United-States,0,0.035565885826257596,0,5,0.8
44,,377017,Assoc-acdm,12,Never-married,,Own-child,White,Male,8894,0,55,United-States,0,0.9968563710798288,1,5,0.8
73,Self-emp-inc,98350,Doctorate,16,Married-civ-spouse,Exec-managerial,Husband,Asian-Pac-Islander,Male,6768,0,55,Taiwan,1,0.9431619323239058,1,5,0.8
74,Private,118696,HS-grad,9,Married-civ-spouse,Craft-repair,Husband,White,Male,8438,0,55,United-States,0,0.966835183667327,1,5,0.8
51,Private,75891,Bachelors,13,Divorced,Tech-support,Unmarried,White,Female,10676,0,55,United-States,0,0.9978967931778594,1,5,0.8
46,Private,201874,HS-grad,9,Married-civ-spouse,Exec-managerial,Husband,White,Male,5575,0,55,United-States,0,0.9933606456547212,1,5,0.8
20,Private,151780,Assoc-voc,11,Never-married,Sales,Not-in-family,Black,Female,0,0,35,United-States,0,0.0034614650472081726,0,5,0.8
49,Private,104359,Some-college,10,Married-civ-spouse,Handlers-cleaners,Husband,White,Male,12121,0,55,United-States,0,0.9985785227067379,1,5,0.8
55,Self-emp-not-inc,336763,Some-college,10,Divorced,Sales,Unmarried,White,Female,14422,880,57,United-States,0,0.9946154853768913,1,5,0.8
38,Local-gov,117833,Bachelors,13,Never-married,Prof-specialty,Not-in-family,White,Female,8837,0,50,United-States,0,0.9975444649403157,1,5,0.8
51,Private,548510,Bachelors,13,Married-civ-spouse,Prof-specialty,Husband,Black,Male,5863,0,45,United-States,0,0.9930369179062484,1,5,0.8
46,Private,191834,HS-grad,9,Married-civ-spouse,Transport-moving,Husband,White,Male,13835,0,55,United-States,0,0.9990687906692003,1,5,0.8
42,Private,187560,Bachelors,13,Never-married,Sales,Not-in-family,White,Male,10112,0,55,United-States,0,0.9984380757372087,1,5,0.8
33,Private,122322,Some-college,10,Never-married,Other-service,Own-child,White,Female,10476,0,75,United-States,0,0.9933044390801518,1,5,0.8
66,Private,302146,HS-grad,9,Separated,Other-service,Unmarried,Black,Female,12444,0,35,United-States,0,0.9940750231487752,1,5,0.8
44,Private,227466,Some-college,10,Married-civ-spouse,Transport-moving,Husband,Black,Male,0,0,40,United-States,1,0.6684366948988896,1,5,0.8
64,Private,229375,HS-grad,9,Divorced,Adm-clerical,Not-in-family,White,Female,8234,0,55,United-States,0,0.8888966979591002,1,5,0.8
32,Private,40142,Bachelors,13,Married-civ-spouse,Exec-managerial,Husband,White,Male,0,0,40,United-States,1,0.828537574080431,1,5,0.8
54,Private,104973,HS-grad,9,Married-civ-spouse,Craft-repair,Husband,White,Male,11804,0,55,United-States,0,0.9990400894547995,1,5,0.8
46,Private,339142,HS-grad,9,Separated,Handlers-cleaners,Unmarried,White,Female,2529,0,55,United-States,0,0.016439318350957847,0,5,0.8
57,Private,306889,Bachelors,13,Married-civ-spouse,Exec-managerial,Wife,White,Female,371,0,55,United-States,1,0.3127016675393068,0,5,0.8
52,Private,195892,Some-college,10,Divorced,Transport-moving,Not-in-family,Black,Female,1295,0,55,United-States,0,0.021824626712425486,0,5,0.8
67,Private,123515,HS-grad,9,Divorced,Adm-clerical,Not-in-family,White,Female,11112,0,55,United-States,0,0.9964302982580057,1,5,0.8
73,,139391,Some-college,10,Married-civ-spouse,,Husband,White,Male,99999,0,45,United-States,1,0.9879920183393609,1,5,0.8
37,Self-emp-inc,257295,Some-college,10,Married-civ-spouse,Exec-managerial,Husband,Asian-Pac-Islander,Male,0,0,75,Thailand,1,0.8932607548816981,1,5,0.8
53,Private,171234,Some-college,10,Never-married,Machine-op-inspct,Not-in-family,White,Female,10071,0,63,United-States,0,0.9920575640979499,1,5,0.8
41,Private,206351,10th,6,Married-civ-spouse,Craft-repair,Husband,White,Male,13963,0,55,United-States,0,0.9989227200015439,1,5,0.8
52,Private,163434,Some-college,10,Married-civ-spouse,Handlers-cleaners,Husband,White,Male,8042,0,55,United-States,0,0.9985707772902598,1,5,0.8
62,Private,201882,Masters,14,Married-civ-spouse,Machine-op-inspct,Husband,White,Male,10650,0,45,United-States,0,0.9911966603113986,1,5,0.8
61,Self-emp-not-inc,47086,Bachelors,13,Widowed,Sales,Unmarried,White,Female,315,0,55,United-States,0,0.025853544148870113,0,5,0.8
36,Private,117767,Assoc-acdm,12,Never-married,Sales,Own-child,White,Male,8152,0,35,United-States,0,0.9163804672534063,1,5,0.8
50,Private,31848,Assoc-voc,11,Married-civ-spouse,Craft-repair,Husband,White,Male,14,0,55,United-States,1,0.12269028491810584,0,5,0.8
51,Private,186183,HS-grad,9,Married-civ-spouse,Craft-repair,Husband,White,Male,11301,0,55,United-States,1,0.9990702236408587,1,5,0.8
50,Private,31033,Bachelors,13,Married-civ-spouse,Sales,Husband,White,Male,9155,0,55,United-States,1,0.998538654758334,1,5,0.8
64,Private,163776,HS-grad,9,Married-civ-spouse,Sales,Husband,White,Male,402,1902,75,United-States,1,0.8571336539598121,1,5,0.8
43,Private,139277,HS-grad,9,Widowed,Craft-repair,Unmarried,White,Female,0,0,40,Italy,0,0.08496248146761344,0,5,0.8
46,Private,248795,HS-grad,9,Never-married,Machine-op-inspct,Not-in-family,White,Female,12294,0,60,United-States,0,0.9978506780780018,1,5,0.8
25,State-gov,257064,Some-college,10,Married-civ-spouse,Adm-clerical,Husband,Black,Male,0,0,38,United-States,0,0.32804880511279455,0,5,0.8
51,Private,99452,Bachelors,13,Married-civ-spouse,Prof-specialty,Husband,White,Male,10600,0,65,United-States,1,0.9990474264889065,1,5,0.8
45,Private,255334,Bachelors,13,Married-civ-spouse,Prof-specialty,Husband,White,Male,2747,0,40,United-States,1,0.2769070976791512,0,5,0.8
46,Private,32528,Assoc-voc,11,Married-spouse-absent,Adm-clerical,Unmarried,White,Female,10606,974,55,United-States,0,0.9805083911677627,1,5,0.8
44,Private,100135,Some-college,10,Never-married,Other-service,Own-child,White,Female,1589,0,30,United-States,0,0.0023118805581559434,0,5,0.8
74,Private,176839,Bachelors,13,Married-civ-spouse,Tech-support,Husband,White,Male,13509,0,53,United-States,0,0.9926163295158823,1,5,0.8
66,State-gov,55861,Assoc-acdm,12,Divorced,Adm-clerical,Not-in-family,White,Male,2975,0,54,United-States,0,0.01645521321181659,0,5,0.8
37,Private,69413,Some-college,10,Never-married,Sales,Own-child,White,Female,328,0,55,United-States,0,0.011389758198109258,0,5,0.8
41,Private,221366,Bachelors,13,Married-civ-spouse,Prof-specialty,Husband,White,Male,6893,0,55,Germany,0,0.9722652903271921,1,5,0.8
41,State-gov,47170,Bachelors,13,Married-civ-spouse,Prof-specialty,Wife,Amer-Indian-Eskimo,Female,0,0,48,United-States,1,0.8200087737961609,1,5,0.8
32,Private,200153,HS-grad,9,Never-married,Other-service,Own-child,White,Female,12459,0,53,United-States,0,0.9959527759778418,1,5,0.8
33,Private,309348,Some-college,10,Never-married,Other-service,Not-in-family,White,Female,9198,0,33,United-States,0,0.9952902665480963,1,5,0.8
44,Private,162572,Masters,14,Married-civ-spouse,Exec-managerial,Husband,White,Male,5299,1977,63,United-States,1,0.9986408382700772,1,5,0.8
46,Private,185480,Assoc-acdm,12,Never-married,Adm-clerical,Own-child,White,Female,4168,0,55,United-States,0,0.022995695148475943,0,5,0.8
80,Local-gov,159643,HS-grad,9,Married-civ-spouse,Adm-clerical,Husband,White,Male,2489,0,30,United-States,0,0.008329195296858171,0,5,0.8
74,Private,81534,Some-college,10,Married-civ-spouse,Sales,Husband,Asian-Pac-Islander,Male,8445,0,55,United-States,1,0.9872826240653252,1,5,0.8
36,Private,95552,HS-grad,9,Never-married,Handlers-cleaners,Not-in-family,White,Male,12016,0,55,United-States,0,0.9983165914441965,1,5,0.8
31,Self-emp-not-inc,389765,7th-8th,4,Married-civ-spouse,Prof-specialty,Husband,White,Male,0,0,60,United-States,0,0.43943266075883153,0,5,0.8
45,Private,207201,HS-grad,9,Married-civ-spouse,Machine-op-inspct,Husband,White,Male,5182,0,70,United-States,1,0.9901714914622897,1,5,0.8
60,Self-emp-inc,26145,10th,6,Married-civ-spouse,Farming-fishing,Husband,White,Male,8846,0,95,United-States,0,0.9982656167637377,1,5,0.8
30,Private,89760,12th,8,Never-married,Other-service,Own-child,White,Female,4162,0,35,United-States,0,0.001401658850155027,0,5,0.8
53,State-gov,253250,Bachelors,13,Married-civ-spouse,Exec-managerial,Husband,White,Male,11017,0,55,United-States,1,0.9991980251177021,1,5,0.8
19,,302229,HS-grad,9,Never-married,,Own-child,Black,Male,0,0,10,United-States,0,0.0015638878257558217,0,5,0.8
39,Private,241998,HS-grad,9,Never-married,Craft-repair,Not-in-family,White,Male,0,0,40,United-States,0,0.08321299168662499,0,5,0.8
49,Private,174150,Masters,14,Married-civ-spouse,Exec-managerial,Husband,White,Male,2238,0,55,United-States,1,0.41335674142768825,0,5,0.8
64,,188431,HS-grad,9,Married-civ-spouse,,Husband,White,Male,1225,0,60,United-States,0,0.08389638613846173,0,5,0.8
33,Private,105997,HS-grad,9,Never-married,Other-service,Other-relative,White,Female,6573,0,35,United-States,0,0.023645238322135317,0,5,0.8
45,,173998,HS-grad,9,Married-civ-spouse,,Wife,White,Female,3671,1485,53,United-States,0,0.09670286319736204,0,5,0.8
42,Private,53373,Bachelors,13,Married-civ-spouse,Adm-clerical,Husband,White,Male,6978,0,55,United-States,1,0.9588051315626709,1,5,0.8
86,,89667,Bachelors,13,Widowed,,Not-in-family,Other,Female,5402,0,50,United-States,0,0.23509959243077924,0,5,0.8
43,State-gov,176998,Some-college,10,Married-civ-spouse,Craft-repair,Husband,White,Male,7684,0,50,United-States,1,0.9986100124663756,1,5,0.8
34,Private,271933,Bachelors,13,Never-married,Exec-managerial,Other-relative,White,Female,0,1741,45,United-States,0,0.027467648217655266,0,5,0.8
56,Private,83827,HS-grad,9,Divorced,Exec-managerial,Not-in-family,White,Female,10643,0,65,United-States,0,0.9980084761418587,1,5,0.8
65,Private,139522,HS-grad,9,Married-civ-spouse,Other-service,Wife,White,Female,10711,1573,55,Italy,0,0.9383625325384324,1,5,0.8
50,Private,230858,Masters,14,Married-civ-spouse,Sales,Husband,White,Male,0,0,50,United-States,1,0.9040938672230915,1,5,0.8
48,Private,219565,HS-grad,9,Married-civ-spouse,Craft-repair,Husband,White,Male,0,0,40,United-States,0,0.6690388850606425,1,5,0.8
34,Private,151790,Some-college,10,Married-civ-spouse,Sales,Wife,White,Female,3425,0,45,Germany,0,0.05486333850133306,0,5,0.8
64,Private,270142,Assoc-voc,11,Separated,Exec-managerial,Unmarried,Black,Female,11086,0,75,United-States,0,0.9948810275451209,1,5,0.8
42,Local-gov,364310,Bachelors,13,Never-married,Prof-specialty,Not-in-family,Black,Female,10741,0,55,Germany,0,0.9982121188644478,1,5,0.8
46,Private,113708,12th,8,Married-civ-spouse,Craft-repair,Husband,White,Male,9131,0,74,United-States,1,0.9984829641585197,1,5,0.8
45,Private,208881,Assoc-acdm,12,Married-civ-spouse,Machine-op-inspct,Husband,White,Male,13572,0,75,United-States,1,0.9991038761675933,1,5,0.8
71,Private,231377,Some-college,10,Married-civ-spouse,Exec-managerial,Husband,White,Male,11498,1848,60,United-States,1,0.9957609279391244,1,5,0.8
43,Private,112115,HS-grad,9,Never-married,Adm-clerical,Own-child,White,Male,12087,0,55,United-States,0,0.9973217246243447,1,5,0.8
34,Private,199426,Some-college,10,Never-married,Sales,Not-in-family,White,Female,13708,0,32,United-States,0,0.9977485036879093,1,5,0.8
75,Self-emp-not-inc,168048,Prof-school,15,Married-civ-spouse,Prof-specialty,Husband,White,Male,10302,0,45,United-States,0,0.9438351613028861,1,5,0.8
48,Self-emp-not-inc,112497,Prof-school,15,Divorced,Prof-specialty,Unmarried,White,Male,36392,0,55,United-States,1,0.9929022831068657,1,5,0.8
48,Private,158592,11th,7,Married-civ-spouse,Craft-repair,Husband,White,Male,3619,0,65,United-States,0,0.03786342092881051,0,5,0.8
30,Private,256005,HS-grad,9,Never-married,Other-service,Own-child,White,Male,10112,0,55,United-States,0,0.9925247461750065,1,5,0.8
54,Private,54102,Some-college,10,Divorced,Adm-clerical,Unmarried,White,Female,13839,0,55,United-States,0,0.9978443702042319,1,5,0.8
53,Self-emp-not-inc,219869,Some-college,10,Widowed,Farming-fishing,Unmarried,White,Male,14023,0,55,United-States,0,0.9944085261381532,1,5,0.8
55,Private,196158,Some-college,10,Divorced,Adm-clerical,Unmarried,White,Female,853,0,53,United-States,0,0.011783884812489504,0,5,0.8
82,Private,206232,10th,6,Married-civ-spouse,Machine-op-inspct,Husband,White,Male,6469,0,65,United-States,0,0.9798720305843731,1,5,0.8
77,Private,350498,Bachelors,13,Married-civ-spouse,Adm-clerical,Husband,White,Male,24725,0,35,United-States,1,0.986190063335143,1,5,0.8
47,Private,197365,HS-grad,9,Married-civ-spouse,Farming-fishing,Husband,White,Male,1811,0,55,United-States,0,0.04506012330548158,0,5,0.8
37,Private,190107,Bachelors,13,Never-married,Prof-specialty,Not-in-family,White,Male,6302,0,50,United-States,0,0.17582479037302984,0,5,0.8
44,Private,79586,Bachelors,13,Married-civ-spouse,Exec-managerial,Husband,Asian-Pac-Islander,Male,10200,0,55,Philippines,1,0.9991711552673408,1,5,0.8
27,Private,208703,HS-grad,9,Never-married,Protective-serv,Own-child,White,Male,0,0,40,Japan,0,0.01827420244370378,0,5,0.8
28,Private,161087,Some-college,10,Never-married,Exec-managerial,Not-in-family,Black,Female,0,0,45,Jamaica,0,0.07624270535583733,0,5,0.8
69,Private,160275,HS-grad,9,Divorced,Craft-repair,Not-in-family,White,Male,8729,0,55,United-States,0,0.9949502570530201,1,5,0.8
62,Private,175029,HS-grad,9,Married-civ-spouse,Handlers-cleaners,Husband,White,Male,12500,0,55,United-States,1,0.9790622419796289,1,5,0.8
42,Local-gov,264936,Bachelors,13,Separated,Prof-specialty,Unmarried,White,Female,12225,0,55,United-States,0,0.9928908222856633,1,5,0.8
50,Private,107265,HS-grad,9,Married-civ-spouse,Transport-moving,Husband,White,Male,0,0,50,United-States,1,0.7095732864807791,1,5,0.8
46,Private,176117,Some-college,10,Never-married,Sales,Own-child,Black,Female,4173,0,50,United-States,0,0.018768993920845505,0,5,0.8
39,State-gov,194773,Masters,14,Never-married,Prof-specialty,Not-in-family,White,Female,7026,0,65,Germany,0,0.04890940837740168,0,5,0.8
47,Self-emp-not-inc,198841,Prof-school,15,Married-civ-spouse,Prof-specialty,Husband,White,Male,10784,0,65,United-States,1,0.9992975927418312,1,5,0.8
25,Private,299908,Some-college,10,Married-civ-spouse,Exec-managerial,Wife,Black,Female,0,0,40,United-States,1,0.3900885689302887,0,5,0.8
40,Local-gov,191088,Bachelors,13,Divorced,Prof-specialty,Not-in-family,White,Female,16274,0,75,United-States,0,0.9984192655300141,1,5,0.8
69,Self-emp-not-inc,57071,Some-college,10,Married-civ-spouse,Craft-repair,Husband,White,Male,5859,0,55,United-States,0,0.97723942855772,1,5,0.8
41,Private,82778,1st-4th,2,Married-civ-spouse,Farming-fishing,Husband,White,Male,0,0,40,Mexico,0,0.02049886985447757,0,5,0.8
42,Private,195750,HS-grad,9,Never-married,Handlers-cleaners,Own-child,White,Male,12913,0,42,United-States,0,0.9950350777829852,1,5,0.8
62,Private,138193,Bachelors,13,Divorced,Prof-specialty,Other-relative,White,Female,6966,0,65,United-States,1,0.05810292374745947,0,5,0.8
