age,workclass,fnlwgt,education,education-num,marital-status,occupation,relationship,race,sex,capital-gain,capital-loss,hours-per-week,native-country,income,probability,prediction,batch_id,drift_strength
38,Private,117802,Masters,14,Married-civ-spouse,Exec-managerial,Husband,White,Male,7688,0,60,United-States,1,0.998789475960869,1,1,0.0
57,Self-emp-not-inc,247337,HS-grad,9,Married-civ-spouse,Sales,Husband,White,Male,0,0,72,United-States,0,0.6308475413219238,0,1,0.0
27,Private,70034,Some-college,10,Never-married,Other-service,Not-in-family,White,Male,0,0,40,United-States,0,0.027497253494318207,0,1,0.0
17,Private,333304,HS-grad,9,Never-married,Other-service,Own-child,White,Female,0,0,40,United-States,0,0.001892212767941548,0,1,0.0
55,Private,70088,Masters,14,Married-civ-spouse,Prof-specialty,Husband,White,Male,0,0,40,United-States,1,0.8930420977856195,1,1,0.0
35,Federal-gov,185053,Bachelors,13,Never-married,Prof-specialty,Own-child,White,Female,0,0,40,United-States,0,0.162184863747345,0,1,0.0
45,Private,170871,HS-grad,9,Married-civ-spouse,Craft-repair,Husband,White,Male,7298,0,60,United-States,1,0.997819405175131,1,1,0.0
27,Private,269246,HS-grad,9,Married-civ-spouse,Adm-clerical,Husband,White,Male,3464,0,45,United-States,0,0.023680074134257656,0,1,0.0
62,Self-emp-not-inc,244953,Some-college,10,Widowed,Exec-managerial,Not-in-family,White,Female,0,0,20,United-States,0,0.06205900340841724,0,1,0.0
23,Private,137994,Some-college,10,Never-married,Machine-op-inspct,Own-child,Black,Female,0,0,40,United-States,0,0.00517872137244083,0,1,0.0
27,Private,113501,Masters,14,Never-married,Adm-clerical,Own-child,White,Male,0,0,45,United-States,0,0.08478629407516836,0,1,0.0
32,Private,223212,Preschool,1,Married-civ-spouse,Machine-op-inspct,Husband,White,Male,0,0,40,Mexico,0,0.03196291295851643,0,1,0.0
34,,370209,HS-grad,9,Divorced,,Not-in-family,White,Male,0,0,40,United-States,0,0.059239167892324855,0,1,0.0
62,Private,311495,Some-college,10,Divorced,Exec-managerial,Not-in-family,White,Female,0,0,40,United-States,0,0.15529553818802913,0,1,0.0
52,Private,113522,HS-grad,9,Never-married,Machine-op-inspct,Not-in-family,White,Male,0,0,45,United-States,1,0.11193921817922352,0,1,0.0
53,State-gov,195690,Doctorate,16,Married-civ-spouse,Prof-specialty,Husband,White,Male,0,1902,50,United-States,1,0.9942450273694842,1,1,0.0
36,Private,215503,HS-grad,9,Never-married,Craft-repair,Not-in-family,White,Male,0,0,65,United-States,0,0.13814052439704677,0,1,0.0
53,Local-gov,146834,HS-grad,9,Married-civ-spouse,Other-service,Husband,White,Male,0,0,45,United-States,0,0.46799994360017655,0,1,0.0
25,Private,160445,HS-grad,9,Divorced,Craft-repair,Not-in-family,White,Male,0,0,40,United-States,0,0.0461235491269688,0,1,0.0
17,,275778,9th,5,Never-married,,Own-child,White,Female,0,0,25,Mexico,0,0.0003739406772457126,0,1,0.0
19,,291509,12th,8,Never-married,,Own-child,White,Male,0,0,28,United-States,0,0.0024042045059137636,0,1,0.0
25,Private,263773,Some-college,10,Married-civ-spouse,Adm-clerical,Wife,White,Female,0,0,40,United-States,1,0.5859723929168401,0,1,0.0
22,Private,189277,HS-grad,9,Never-married,Machine-op-inspct,Unmarried,Black,Female,0,0,40,United-States,0,0.002484133349539005,0,1,0.0
38,Private,297449,Bachelors,13,Married-civ-spouse,Adm-clerical,Husband,White,Male,7298,0,50,United-States,1,0.9980035374999493,1,1,0.0
43,Private,118001,7th-8th,4,Separated,Farming-fishing,Not-in-family,Black,Male,0,0,40,United-States,0,0.028199494914504294,0,1,0.0
24,State-gov,413345,Some-college,10,Married-civ-spouse,Prof-specialty,Wife,White,Female,0,0,50,United-States,0,0.35646793529954846,0,1,0.0
49,State-gov,139268,Some-college,10,Married-civ-spouse,Other-service,Husband,White,Male,0,0,70,United-States,1,0.5210837542723943,0,1,0.0
59,,424468,Bachelors,13,Married-civ-spouse,,Husband,White,Male,0,0,40,United-States,1,0.8445288481943312,1,1,0.0
29,Private,99369,Bachelors,13,Never-married,Prof-specialty,Not-in-family,Other,Female,0,0,50,United-States,0,0.3976394606194286,0,1,0.0
63,Self-emp-not-inc,111306,7th-8th,4,Widowed,Farming-fishing,Unmarried,White,Female,0,0,10,United-States,0,0.012195676585168675,0,1,0.0
70,,158642,HS-grad,9,Widowed,,Not-in-family,White,Female,2993,0,20,United-States,0,0.004058386999909737,0,1,0.0
35,Self-emp-not-inc,171968,HS-grad,9,Separated,Transport-moving,Not-in-family,White,Male,0,0,70,United-States,0,0.186272477511482,0,1,0.0
53,Private,85423,Some-college,10,Married-civ-spouse,Transport-moving,Husband,White,Male,0,0,40,United-States,1,0.742581612746449,1,1,0.0
18,Private,39222,11th,7,Never-married,Other-service,Own-child,White,Male,0,0,40,United-States,0,0.0017310838250086207,0,1,0.0
41,State-gov,33474,Bachelors,13,Married-civ-spouse,Prof-specialty,Husband,White,Male,0,0,50,United-States,0,0.8282579196657502,1,1,0.0
23,Private,490645,Some-college,10,Married-civ-spouse,Prof-specialty,Husband,White,Male,2829,0,42,United-States,0,0.00851991086872581,0,1,0.0
25,Private,123586,Some-college,10,Never-married,Adm-clerical,Unmarried,Other,Male,0,0,40,United-States,0,0.03311673921988791,0,1,0.0
20,,162667,11th,7,Never-married,,Unmarried,White,Male,0,0,40,El-Salvador,0,0.0025188931311327235,0,1,0.0
38,Self-emp-not-inc,31848,HS-grad,9,Married-civ-spouse,Farming-fishing,Husband,White,Male,0,0,50,United-States,0,0.24736697513564998,0,1,0.0
53,Private,215572,HS-grad,9,Never-married,Craft-repair,Not-in-family,White,Male,0,0,40,United-States,0,0.1301328596082114,0,1,0.0
39,Private,326342,11th,7,Married-civ-spouse,Other-service,Husband,Black,Male,2635,0,37,United-States,0,0.009484553118244305,0,1,0.0
37,Private,278924,HS-grad,9,Divorced,Sales,Not-in-family,White,Male,0,0,40,United-States,0,0.13260671990924888,0,1,0.0
30,Private,196342,Masters,14,Never-married,Prof-specialty,Not-in-family,White,Male,0,0,40,Ireland,0,0.24015907551245638,0,1,0.0
50,Private,165001,Bachelors,13,Married-civ-spouse,Craft-repair,Husband,White,Male,0,0,50,United-States,0,0.8685973712433596,1,1,0.0
28,Private,212640,Prof-school,15,Never-married,Prof-specialty,Not-in-family,White,Female,0,0,85,United-States,0,0.40425319969374923,0,1,0.0
20,,287681,Some-college,10,Never-married,,Own-child,White,Male,0,0,36,United-States,0,0.0027409825680953866,0,1,0.0
35,Private,184117,Bachelors,13,Never-married,Adm-clerical,Own-child,White,Female,0,0,40,United-States,0,0.07156233719527358,0,1,0.0
60,Federal-gov,286253,HS-grad,9,Married-spouse-absent,Handlers-cleaners,Not-in-family,White,Male,0,0,40,United-States,0,0.10444854533780294,0,1,0.0
25,Private,269015,HS-grad,9,Never-married,Other-service,Other-relative,Black,Female,0,0,40,United-States,0,0.0040648845561326065,0,1,0.0
55,Local-gov,84564,Prof-school,15,Divorced,Prof-specialty,Not-in-family,White,Female,0,0,39,United-States,0,0.5199966748677195,0,1,0.0
41,Private,94210,HS-grad,9,Divorced,Handlers-cleaners,Unmarried,White,Male,0,0,48,United-States,0,0.10636977384918056,0,1,0.0
20,Private,187592,Some-college,10,Never-married,Sales,Own-child,White,Male,0,0,40,United-States,0,0.004109998946234021,0,1,0.0
23,Private,209955,Some-college,10,Never-married,Sales,Own-child,White,Male,0,0,25,Canada,0,0.0063443385917016214,0,1,0.0
41,Private,169104,Bachelors,13,Married-civ-spouse,Craft-repair,Husband,Asian-Pac-Islander,Male,0,0,40,,1,0.824760337137792,1,1,0.0
17,Private,129396,11th,7,Never-married,Sales,Other-relative,White,Female,0,0,26,United-States,0,0.0010567451024863996,0,1,0.0
55,Private,89182,12th,8,Divorced,Machine-op-inspct,Not-in-family,White,Female,0,0,40,Italy,0,0.029099563125967096,0,1,0.0
21,,132053,Some-college,10,Never-married,,Own-child,White,Female,0,0,35,United-States,0,0.0086594875504803,0,1,0.0
26,,292803,Some-college,10,Divorced,,Other-relative,White,Female,0,0,35,United-States,0,0.008130807207487977,0,1,0.0
23,Private,177287,Some-college,10,Never-married,Exec-managerial,Other-relative,White,Female,0,0,40,United-States,0,0.008328343543894227,0,1,0.0
48,State-gov,122066,HS-grad,9,Married-civ-spouse,Adm-clerical,Husband,White,Male,0,0,35,United-States,1,0.6221676348636658,0,1,0.0
31,Private,175059,HS-grad,9,Divorced,Sales,Not-in-family,White,Female,0,0,40,United-States,0,0.06323761395573796,0,1,0.0
65,Local-gov,143570,Some-college,10,Never-married,Prof-specialty,Not-in-family,Black,Female,0,0,40,United-States,0,0.1590507689561917,0,1,0.0
43,Private,412379,Some-college,10,Never-married,Other-service,Unmarried,White,Female,0,0,28,United-States,0,0.029982119798731326,0,1,0.0
26,Private,167350,HS-grad,9,Never-married,Transport-moving,Own-child,White,Male,0,0,50,United-States,0,0.04844033166517033,0,1,0.0
36,State-gov,173273,Masters,14,Never-married,Prof-specialty,Not-in-family,Black,Female,0,0,40,United-States,0,0.22178858453444902,0,1,0.0
28,Private,162551,7th-8th,4,Married-civ-spouse,Machine-op-inspct,Other-relative,Asian-Pac-Islander,Female,0,0,48,China,0,0.08214388073219688,0,1,0.0
23,Self-emp-not-inc,191283,HS-grad,9,Never-married,Transport-moving,Own-child,White,Male,0,0,40,United-States,0,0.011042544919100164,0,1,0.0
79,Private,172220,7th-8th,4,Widowed,Priv-house-serv,Not-in-family,White,Female,2964,0,30,United-States,0,0.0010833248515828564,0,1,0.0
32,Self-emp-inc,196385,11th,7,Married-civ-spouse,Craft-repair,Husband,White,Male,0,0,40,United-States,0,0.23343752745844756,0,1,0.0
54,Private,192862,HS-grad,9,Divorced,Exec-managerial,Unmarried,White,Female,0,0,45,United-States,0,0.18418895990456116,0,1,0.0
44,Private,323627,Bachelors,13,Never-married,Exec-managerial,Not-in-family,White,Female,0,0,5,United-States,0,0.057928725205946205,0,1,0.0
46,Private,380162,HS-grad,9,Married-civ-spouse,Tech-support,Husband,Black,Male,0,0,40,United-States,1,0.6411084695348259,0,1,0.0
68,Private,211162,HS-grad,9,Married-civ-spouse,Exec-managerial,Husband,White,Male,0,0,40,United-States,0,0.7023466443815719,1,1,0.0
22,Private,184756,Some-college,10,Never-married,Sales,Own-child,White,Female,0,0,30,United-States,0,0.0086521106428145,0,1,0.0
54,Private,169719,Bachelors,13,Married-civ-spouse,Sales,Husband,White,Male,3103,0,40,United-States,1,0.9821317466266838,1,1,0.0
41,Private,66208,Prof-school,15,Divorced,Prof-specialty,Unmarried,White,Female,0,0,45,United-States,0,0.6018643760042299,0,1,0.0
18,Private,70021,HS-grad,9,Never-married,Handlers-cleaners,Own-child,White,Male,0,0,12,United-States,0,0.0008720886429016175,0,1,0.0
36,Private,75073,Some-college,10,Never-married,Craft-repair,Not-in-family,Black,Male,0,0,55,United-States,0,0.1374876534102528,0,1,0.0
35,Private,166193,HS-grad,9,Divorced,Machine-op-inspct,Own-child,White,Male,0,0,40,United-States,0,0.04502721886692674,0,1,0.0
63,Private,195338,Bachelors,13,Married-civ-spouse,Exec-managerial,Husband,White,Male,15024,0,45,United-States,1,0.9960518062806804,1,1,0.0
25,Private,145434,Some-college,10,Never-married,Machine-op-inspct,Not-in-family,White,Female,0,0,25,United-States,0,0.003312143661256141,0,1,0.0
51,Private,177705,Bachelors,13,Divorced,Sales,Not-in-family,White,Male,0,0,50,United-States,1,0.670415736388093,1,1,0.0
27,Private,110648,Bachelors,13,Never-married,Tech-support,Own-child,White,Male,0,0,40,United-States,0,0.037640847722565055,0,1,0.0
26,,296372,HS-grad,9,Divorced,,Own-child,White,Female,0,0,40,United-States,0,0.011974386541551148,0,1,0.0
52,Federal-gov,35546,HS-grad,9,Married-civ-spouse,Tech-support,Husband,White,Male,0,0,40,United-States,0,0.8091052816993227,1,1,0.0
21,Private,234108,HS-grad,9,Never-married,Sales,Not-in-family,White,Male,0,0,40,United-States,0,0.018942580733228107,0,1,0.0
73,Private,139978,11th,7,Married-civ-spouse,Machine-op-inspct,Husband,White,Male,0,0,40,United-States,0,0.1762729204583427,0,1,0.0
41,Private,116391,Bachelors,13,Married-civ-spouse,Exec-managerial,Husband,White,Male,0,0,40,United-States,1,0.8803170594861749,1,1,0.0
26,Private,48280,Bachelors,13,Never-married,Prof-specialty,Not-in-family,White,Female,0,0,40,United-States,0,0.05266399115195261,0,1,0.0
53,Private,174020,Masters,14,Divorced,Prof-specialty,Unmarried,White,Female,0,1876,38,United-States,0,0.32194452985070665,0,1,0.0
32,Private,326283,Bachelors,13,Never-married,Other-service,Unmarried,Other,Male,0,0,40,United-States,0,0.09270393245743253,0,1,0.0
46,Private,70754,Bachelors,13,Married-civ-spouse,Prof-specialty,Husband,White,Male,0,0,40,United-States,1,0.8760819560562677,1,1,0.0
53,Private,194501,11th,7,Widowed,Other-service,Own-child,White,Female,0,0,47,United-States,0,0.059378796798053995,0,1,0.0
21,Private,301199,Some-college,10,Never-married,Machine-op-inspct,Own-child,White,Female,0,0,40,United-States,0,0.0037613369276120303,0,1,0.0
45,Private,192835,Bachelors,13,Married-civ-spouse,Exec-managerial,Husband,White,Male,0,1977,55,United-States,1,0.9939719692295639,1,1,0.0
21,,436431,Preschool,1,Married-civ-spouse,,Other-relative,White,Female,0,0,40,Mexico,0,0.0031053445233148102,0,1,0.0
61,Private,191188,10th,6,Widowed,Farming-fishing,Unmarried,White,Male,0,0,20,United-States,0,0.02284857646113202,0,1,0.0
26,Private,147821,Bachelors,13,Never-married,Sales,Own-child,White,Female,0,0,45,,0,0.05318728424636343,0,1,0.0
38,State-gov,91670,Some-college,10,Divorced,Prof-specialty,Own-child,Asian-Pac-Islander,Female,0,0,40,United-States,0,0.09405527178578746,0,1,0.0
44,Local-gov,165304,Some-college,10,Married-civ-spouse,Exec-managerial,Husband,White,Male,0,1485,40,United-States,1,0.9167120737606334,1,1,0.0
43,Private,137126,Some-college,10,Married-civ-spouse,Exec-managerial,Husband,White,Male,0,0,40,United-States,1,0.8559849366520237,1,1,0.0
26,,375313,Some-college,10,Never-married,,Own-child,Asian-Pac-Islander,Male,0,0,40,Philippines,0,0.06384659801959976,0,1,0.0
23,Private,77581,Bachelors,13,Never-married,Exec-managerial,Own-child,White,Male,0,0,40,United-States,0,0.021778907335676844,0,1,0.0
26,Private,159732,HS-grad,9,Never-married,Machine-op-inspct,Not-in-family,White,Male,0,0,52,United-States,0,0.032211329542618086,0,1,0.0
46,Local-gov,222115,Bachelors,13,Divorced,Adm-clerical,Not-in-family,White,Female,99999,0,40,United-States,1,0.9979074532049287,1,1,0.0
28,Private,76313,Some-college,10,Married-civ-spouse,Craft-repair,Husband,Amer-Indian-Eskimo,Male,0,0,60,United-States,0,0.3885529942293879,0,1,0.0
28,Self-emp-not-inc,420054,HS-grad,9,Married-civ-spouse,Craft-repair,Husband,White,Male,0,0,40,Italy,0,0.36525544890693773,0,1,0.0
57,Private,319733,Bachelors,13,Married-civ-spouse,Machine-op-inspct,Husband,White,Male,0,0,40,Poland,1,0.6615233556109211,1,1,0.0
56,State-gov,143931,Bachelors,13,Widowed,Prof-specialty,Not-in-family,White,Female,0,0,40,United-States,0,0.3602573687527423,0,1,0.0
46,Self-emp-not-inc,328216,Prof-school,15,Married-civ-spouse,Prof-specialty,Husband,White,Male,0,0,45,United-States,1,0.9363842949707605,1,1,0.0
45,Private,155093,10th,6,Divorced,Other-service,Not-in-family,Black,Female,0,0,38,Dominican-Republic,0,0.018047285101252843,0,1,0.0
34,Private,309513,HS-grad,9,Married-civ-spouse,Machine-op-inspct,Husband,White,Male,0,0,40,United-States,0,0.34402202515622676,0,1,0.0
32,Private,86808,Some-college,10,Never-married,Other-service,Own-child,White,Female,0,0,38,United-States,0,0.022806109812367515,0,1,0.0
24,Private,181557,HS-grad,9,Never-married,Handlers-cleaners,Own-child,Black,Male,0,0,40,United-States,0,0.004976972238452826,0,1,0.0
55,Self-emp-not-inc,68006,7th-8th,4,Never-married,Other-service,Other-relative,White,Female,0,0,60,United-States,0,0.032010676034558816,0,1,0.0
30,Private,171889,Prof-school,15,Never-married,Tech-support,Own-child,White,Female,0,0,24,United-States,0,0.060332786339818374,0,1,0.0
24,Private,204172,Bachelors,13,Never-married,Sales,Other-relative,White,Female,0,0,40,United-States,0,0.02828280833057655,0,1,0.0
34,Private,269243,Some-college,10,Never-married,Adm-clerical,Own-child,White,Female,0,0,40,United-States,0,0.029995886377807684,0,1,0.0
39,Private,370795,HS-grad,9,Never-married,Adm-clerical,Unmarried,Black,Female,0,0,40,United-States,0,0.01360361625524352,0,1,0.0
38,Self-emp-not-inc,180477,Prof-school,15,Married-civ-spouse,Prof-specialty,Husband,White,Male,0,0,37,United-States,1,0.9386787150764052,1,1,0.0
28,Self-emp-not-inc,169460,Assoc-voc,11,Married-civ-spouse,Farming-fishing,Husband,White,Male,0,0,80,United-States,0,0.3391662806344083,0,1,0.0
38,Private,168355,HS-grad,9,Married-civ-spouse,Craft-repair,Husband,White,Male,0,0,48,United-States,0,0.6640500203343038,1,1,0.0
31,Private,168906,Bachelors,13,Divorced,Exec-managerial,Not-in-family,White,Female,0,0,50,United-States,1,0.6591273607278776,1,1,0.0
24,,376474,HS-grad,9,Married-civ-spouse,,Husband,White,Male,0,0,40,United-States,0,0.1042986060958831,0,1,0.0
46,Local-gov,155654,Masters,14,Never-married,Prof-specialty,Not-in-family,White,Female,0,0,40,United-States,0,0.43474772634702835,0,1,0.0
49,Self-emp-not-inc,111066,Bachelors,13,Married-civ-spouse,Craft-repair,Husband,White,Male,0,0,50,United-States,1,0.7789536974318393,1,1,0.0
29,Local-gov,218650,Some-college,10,Never-married,Adm-clerical,Not-in-family,White,Female,0,0,40,United-States,0,0.026713173469171982,0,1,0.0
51,Private,202752,HS-grad,9,Never-married,Craft-repair,Not-in-family,Black,Male,0,0,40,United-States,0,0.07348989949920472,0,1,0.0
44,Private,168515,Some-college,10,Divorced,Adm-clerical,Not-in-family,White,Female,0,0,40,Germany,0,0.04720370686423439,0,1,0.0
31,Federal-gov,103651,HS-grad,9,Married-civ-spouse,Adm-clerical,Husband,White,Male,0,0,45,United-States,1,0.6312717790985813,0,1,0.0
35,Private,190297,7th-8th,4,Married-civ-spouse,Craft-repair,Husband,White,Male,0,0,40,United-States,0,0.14847222439887406,0,1,0.0
42,Private,149546,Some-college,10,Divorced,Craft-repair,Unmarried,White,Male,0,0,30,United-States,0,0.063926900772143,0,1,0.0
28,Private,142764,HS-grad,9,Never-married,Machine-op-inspct,Not-in-family,White,Male,0,0,48,United-States,0,0.03447795938811568,0,1,0.0
35,Local-gov,230754,Masters,14,Never-married,Prof-specialty,Own-child,Black,Female,0,0,40,United-States,0,0.12558410976705797,0,1,0.0
37,Self-emp-not-inc,188563,HS-grad,9,Married-civ-spouse,Transport-moving,Husband,White,Male,0,0,55,United-States,0,0.5259692112134216,0,1,0.0
20,State-gov,334113,Some-college,10,Married-civ-spouse,Other-service,Husband,White,Male,0,0,40,United-States,0,0.01879878431902565,0,1,0.0
58,Private,95835,Some-college,10,Married-civ-spouse,Tech-support,Husband,White,Male,0,0,36,United-States,0,0.762459478435373,1,1,0.0
49,Self-emp-not-inc,182211,HS-grad,9,Widowed,Farming-fishing,Not-in-family,White,Male,0,0,55,United-States,0,0.20030704860909282,0,1,0.0
25,Private,427744,10th,6,Married-civ-spouse,Exec-managerial,Husband,White,Male,0,0,40,United-States,0,0.21706608993008916,0,1,0.0
45,Private,54260,Some-college,10,Divorced,Craft-repair,Unmarried,White,Male,0,0,99,United-States,0,0.24455472268643325,0,1,0.0
43,Private,347653,Some-college,10,Married-civ-spouse,Prof-specialty,Husband,White,Male,0,0,48,United-States,1,0.837604992418173,1,1,0.0
47,Private,217509,HS-grad,9,Widowed,Priv-house-serv,Not-in-family,Asian-Pac-Islander,Female,0,0,45,Thailand,0,0.03135165883506783,0,1,0.0
27,Self-emp-not-inc,120126,Some-college,10,Married-civ-spouse,Exec-managerial,Husband,White,Male,0,0,40,United-States,0,0.4535089417950374,0,1,0.0
28,Private,137296,Assoc-acdm,12,Never-married,Other-service,Not-in-family,Black,Female,0,0,40,United-States,0,0.025612698479620243,0,1,0.0
41,Self-emp-inc,397280,Bachelors,13,Married-civ-spouse,Exec-managerial,Husband,White,Male,0,0,72,,0,0.9061409236340818,1,1,0.0
49,Private,240859,11th,7,Married-civ-spouse,Craft-repair,Husband,White,Male,0,0,40,Cuba,0,0.3131928094909819,0,1,0.0
23,Private,64520,10th,6,Never-married,Craft-repair,Not-in-family,White,Male,0,0,40,United-States,0,0.015594193303088444,0,1,0.0
47,Private,147236,HS-grad,9,Married-civ-spouse,Craft-repair,Husband,White,Male,0,0,40,United-States,1,0.670506045216765,1,1,0.0
39,Private,225504,Masters,14,Never-married,Prof-specialty,Not-in-family,White,Male,0,0,40,United-States,0,0.5800580195917493,0,1,0.0
37,Self-emp-inc,98389,HS-grad,9,Married-civ-spouse,Exec-managerial,Husband,White,Male,0,0,50,United-States,1,0.7845980606699967,1,1,0.0
45,Private,168232,HS-grad,9,Married-civ-spouse,Craft-repair,Husband,White,Male,0,0,56,United-States,1,0.7342014978957523,1,1,0.0
34,Federal-gov,67083,Bachelors,13,Never-married,Exec-managerial,Unmarried,Asian-Pac-Islander,Male,1471,0,40,Cambodia,0,0.01820585209795593,0,1,0.0
31,Private,124827,HS-grad,9,Never-married,Other-service,Not-in-family,White,Male,0,0,40,United-States,0,0.03351609523345256,0,1,0.0
28,Private,378460,Bachelors,13,Never-married,Adm-clerical,Not-in-family,White,Male,10520,0,60,United-States,1,0.9982818380201453,1,1,0.0
22,Private,117767,Some-college,10,Never-married,Sales,Own-child,White,Male,0,0,18,United-States,0,0.004899158435218617,0,1,0.0
56,Local-gov,212864,HS-grad,9,Married-civ-spouse,Transport-moving,Husband,White,Male,0,0,40,United-States,1,0.6795551567228062,1,1,0.0
38,,242221,HS-grad,9,Never-married,,Unmarried,Black,Female,0,0,38,United-States,0,0.012444698263638152,0,1,0.0
44,Private,194924,HS-grad,9,Married-civ-spouse,Sales,Husband,White,Male,0,0,35,United-States,1,0.6205811234235573,0,1,0.0
40,Self-emp-not-inc,182516,Assoc-acdm,12,Married-civ-spouse,Adm-clerical,Wife,White,Female,0,0,40,United-States,0,0.795642603858266,1,1,0.0
27,Self-emp-not-inc,123116,HS-grad,9,Married-civ-spouse,Transport-moving,Husband,White,Male,0,0,40,United-States,0,0.28109353674410736,0,1,0.0
28,Private,209109,Bachelors,13,Married-civ-spouse,Other-service,Husband,White,Male,0,0,50,United-States,0,0.5202708215401152,0,1,0.0
36,Private,134367,HS-grad,9,Divorced,Other-service,Own-child,White,Female,0,0,30,United-States,0,0.025695071017665227,0,1,0.0
18,,256191,HS-grad,9,Never-married,,Own-child,Black,Female,0,0,25,United-States,0,0.0007276003680454077,0,1,0.0
47,Private,264052,Some-college,10,Married-civ-spouse,Prof-specialty,Husband,White,Male,0,0,50,United-States,1,0.8242798400208392,1,1,0.0
43,Private,316820,Assoc-acdm,12,Married-civ-spouse,Exec-managerial,Husband,White,Male,7688,0,40,United-States,1,0.9984632124267365,1,1,0.0
38,Private,269318,Bachelors,13,Married-civ-spouse,Adm-clerical,Husband,White,Male,5178,0,50,United-States,1,0.9915586590111887,1,1,0.0
30,Private,296538,9th,5,Divorced,Farming-fishing,Own-child,White,Male,0,0,30,United-States,0,0.013470157658816356,0,1,0.0
50,State-gov,76728,Some-college,10,Divorced,Adm-clerical,Not-in-family,White,Female,0,0,39,United-States,0,0.05024797851193887,0,1,0.0
42,Private,192569,Prof-school,15,Divorced,Prof-specialty,Not-in-family,White,Female,0,0,39,United-States,1,0.7397840752310078,1,1,0.0
35,Private,180988,Some-college,10,Divorced,Adm-clerical,Unmarried,White,Female,0,0,39,United-States,0,0.04643374453734574,0,1,0.0
44,Private,271792,Bachelors,13,Married-spouse-absent,Exec-managerial,Unmarried,White,Female,0,0,40,United-States,0,0.33117282686207056,0,1,0.0
56,Private,31782,10th,6,Married-civ-spouse,Sales,Husband,White,Male,0,0,40,United-States,0,0.3176071333889238,0,1,0.0
19,Private,187724,Some-college,10,Never-married,Other-service,Own-child,White,Female,0,0,25,United-States,0,0.001432824357431771,0,1,0.0
23,,234970,Some-college,10,Never-married,,Own-child,Black,Female,0,0,40,United-States,0,0.007244191355794322,0,1,0.0
56,Local-gov,571017,Some-college,10,Married-civ-spouse,Adm-clerical,Wife,White,Female,0,0,15,United-States,0,0.6546477892438521,1,1,0.0
45,,154430,Some-college,10,Divorced,,Not-in-family,White,Female,0,0,35,United-States,0,0.0754649758497106,0,1,0.0
36,Federal-gov,116580,Assoc-voc,11,Married-civ-spouse,Prof-specialty,Wife,White,Female,0,0,45,United-States,1,0.8644501992053828,1,1,0.0
31,Self-emp-not-inc,234537,Some-college,10,Married-civ-spouse,Craft-repair,Husband,White,Male,0,0,60,United-States,0,0.5836874650601521,0,1,0.0
38,Private,213260,HS-grad,9,Separated,Protective-serv,Not-in-family,Black,Male,0,0,40,United-States,0,0.07332824377224978,0,1,0.0
24,Private,92609,Bachelors,13,Never-married,Exec-managerial,Own-child,White,Male,0,0,45,United-States,0,0.04374907105031497,0,1,0.0
19,,138153,Some-college,10,Never-married,,Own-child,White,Female,0,0,40,United-States,0,0.002112198840356443,0,1,0.0
40,Private,137304,Bachelors,13,Divorced,Adm-clerical,Not-in-family,Black,Female,0,0,40,United-States,0,0.09878151161581171,0,1,0.0
35,Private,177482,HS-grad,9,Married-civ-spouse,Machine-op-inspct,Husband,Amer-Indian-Eskimo,Male,0,0,40,United-States,0,0.35643074287064463,0,1,0.0
39,Private,192251,10th,6,Divorced,Other-service,Not-in-family,White,Female,0,0,60,United-States,0,0.07125064850300503,0,1,0.0
35,Self-emp-not-inc,32528,HS-grad,9,Married-civ-spouse,Transport-moving,Husband,White,Male,0,0,50,United-States,0,0.24195750161797985,0,1,0.0
41,Private,33331,HS-grad,9,Married-civ-spouse,Craft-repair,Husband,White,Male,0,0,45,United-States,0,0.5993123911284194,0,1,0.0
41,Private,175883,HS-grad,9,Married-civ-spouse,Transport-moving,Husband,White,Male,0,0,60,United-States,0,0.6714964818232789,1,1,0.0
29,Private,286452,Assoc-acdm,12,Divorced,Sales,Unmarried,White,Female,3418,0,40,United-States,0,0.002935432972845424,0,1,0.0
21,Private,204596,Assoc-acdm,12,Never-married,Adm-clerical,Own-child,White,Female,0,0,8,United-States,0,0.0024589608933681954,0,1,0.0
17,,235661,10th,6,Never-married,,Own-child,White,Female,0,0,30,United-States,0,0.0009060209316583784,0,1,0.0
39,Private,156897,HS-grad,9,Never-married,Craft-repair,Own-child,White,Male,0,2258,42,United-States,1,0.6789112079254591,1,1,0.0
23,,99399,Some-college,10,Never-married,,Unmarried,Amer-Indian-Eskimo,Female,0,0,25,United-States,0,0.00356386511601929,0,1,0.0
54,Self-emp-not-inc,104748,10th,6,Married-civ-spouse,Sales,Husband,White,Male,0,0,65,United-States,0,0.39347509878624515,0,1,0.0
25,Local-gov,109972,Bachelors,13,Never-married,Prof-specialty,Own-child,White,Male,0,0,45,United-States,0,0.038332980941365634,0,1,0.0
22,Private,416356,Some-college,10,Never-married,Craft-repair,Unmarried,White,Male,0,0,40,United-States,0,0.014843127523199802,0,1,0.0
32,Private,202729,HS-grad,9,Married-civ-spouse,Transport-moving,Own-child,White,Male,0,0,40,United-States,0,0.33055289739115035,0,1,0.0
59,Private,42959,HS-grad,9,Widowed,Other-service,Not-in-family,White,Female,0,0,36,United-States,0,0.030018075464846694,0,1,0.0
39,Private,185099,HS-grad,9,Married-civ-spouse,Exec-managerial,Husband,White,Male,0,0,40,United-States,0,0.7920507170490789,1,1,0.0
36,Private,52327,Masters,14,Married-civ-spouse,Prof-specialty,Husband,Other,Male,0,0,40,Iran,1,0.8339140774154944,1,1,0.0
51,Private,316059,Some-college,10,Divorced,Exec-managerial,Not-in-family,White,Female,0,0,36,United-States,0,0.1855332337489552,0,1,0.0
36,Private,126675,Masters,14,Married-civ-spouse,Prof-specialty,Husband,White,Male,0,1977,50,United-States,1,0.9915802899213321,1,1,0.0
25,Private,267594,Some-college,10,Married-civ-spouse,Adm-clerical,Wife,White,Female,0,0,40,United-States,0,0.5859723929168401,0,1,0.0
36,Private,143486,HS-grad,9,Married-civ-spouse,Transport-moving,Husband,White,Male,7298,0,50,United-States,1,0.9976885166329497,1,1,0.0
35,Local-gov,91124,Bachelors,13,Never-married,Exec-managerial,Not-in-family,White,Male,0,0,40,United-States,0,0.2531596867932487,0,1,0.0
20,Private,230113,Some-college,10,Never-married,Other-service,Own-child,White,Male,0,0,50,United-States,0,0.006940451828959377,0,1,0.0
26,Private,388812,Some-college,10,Never-married,Sales,Not-in-family,Black,Male,0,0,35,United-States,0,0.011595767718259454,0,1,0.0
35,Private,139364,HS-grad,9,Married-civ-spouse,Sales,Husband,White,Male,0,1902,40,United-States,1,0.9893759139418188,1,1,0.0
23,,44793,HS-grad,9,Never-married,,Not-in-family,White,Male,0,0,40,United-States,0,0.010478639777832017,0,1,0.0
45,Private,88781,Bachelors,13,Married-civ-spouse,Craft-repair,Husband,White,Male,0,0,40,Germany,1,0.7695066207861702,1,1,0.0
48,Federal-gov,328606,HS-grad,9,Divorced,Handlers-cleaners,Not-in-family,White,Male,0,0,40,United-States,0,0.12357587388350993,0,1,0.0
33,Private,229636,HS-grad,9,Never-married,Craft-repair,Not-in-family,White,Male,0,0,40,Mexico,0,0.04145179633109644,0,1,0.0
53,Private,239155,Some-college,10,Married-civ-spouse,Exec-managerial,Husband,White,Male,0,0,50,United-States,1,0.8769188111525988,1,1,0.0
21,Private,129980,9th,5,Never-married,Transport-moving,Own-child,White,Male,0,0,40,United-States,0,0.007046536646048631,0,1,0.0
18,Private,236069,10th,6,Never-married,Other-service,Own-child,Black,Male,0,0,10,United-States,0,0.001082132327511675,0,1,0.0
47,Private,169549,HS-grad,9,Married-civ-spouse,Craft-repair,Husband,White,Male,0,0,40,United-States,1,0.670506045216765,1,1,0.0
50,State-gov,392668,Doctorate,16,Married-civ-spouse,Prof-specialty,Husband,White,Male,0,0,40,United-States,1,0.9504728252590858,1,1,0.0
38,Private,65291,Bachelors,13,Married-civ-spouse,Tech-support,Wife,White,Female,0,0,24,United-States,0,0.7904605114263462,1,1,0.0
30,Private,181212,Some-college,10,Never-married,Exec-managerial,Other-relative,White,Female,0,0,40,United-States,0,0.026792008111389785,0,1,0.0
49,Self-emp-not-inc,130206,HS-grad,9,Divorced,Other-service,Not-in-family,White,Female,0,0,40,United-States,0,0.037670169220735884,0,1,0.0
37,Private,319831,HS-grad,9,Married-civ-spouse,Transport-moving,Husband,White,Male,0,0,55,United-States,1,0.7457676513319997,1,1,0.0
27,Private,386036,Some-college,10,Never-married,Transport-moving,Not-in-family,White,Male,0,0,48,United-States,0,0.08371137431011463,0,1,0.0
21,Private,370990,Some-college,10,Never-married,Sales,Own-child,White,Male,0,0,40,United-States,0,0.008425310676466924,0,1,0.0
39,Private,266960,Some-college,10,Divorced,Machine-op-inspct,Not-in-family,White,Female,0,0,25,United-States,0,0.018597886672078394,0,1,0.0
53,Private,311269,HS-grad,9,Divorced,Other-service,Not-in-family,White,Female,0,0,40,United-States,0,0.03710707339856034,0,1,0.0
22,Private,88050,Assoc-acdm,12,Married-civ-spouse,Exec-managerial,Husband,Asian-Pac-Islander,Male,0,0,6,United-States,0,0.0739766994438445,0,1,0.0
39,Self-emp-inc,117555,Bachelors,13,Married-civ-spouse,Exec-managerial,Husband,White,Male,0,0,60,United-States,1,0.9026351464665764,1,1,0.0
49,Self-emp-inc,211020,Doctorate,16,Married-civ-spouse,Prof-specialty,Husband,White,Male,15024,0,50,United-States,1,0.9993522921704173,1,1,0.0
53,Private,185846,HS-grad,9,Married-civ-spouse,Craft-repair,Husband,White,Male,0,0,40,United-States,0,0.670506045216765,1,1,0.0
35,Private,159179,Some-college,10,Never-married,Sales,Not-in-family,White,Male,0,0,40,United-States,0,0.1916264547676361,0,1,0.0
50,Self-emp-not-inc,89737,Some-college,10,Married-civ-spouse,Craft-repair,Husband,White,Male,0,0,48,United-States,0,0.6495605565016597,1,1,0.0
42,Private,110318,HS-grad,9,Widowed,Exec-managerial,Not-in-family,White,Female,0,0,40,United-States,0,0.1589214988143055,0,1,0.0
53,Federal-gov,218382,Assoc-acdm,12,Married-civ-spouse,Adm-clerical,Wife,Black,Female,0,0,40,United-States,1,0.8573615454843231,1,1,0.0
36,Private,35429,Some-college,10,Married-civ-spouse,Exec-managerial,Husband,White,Male,0,0,60,United-States,0,0.7546142781575524,1,1,0.0
41,Federal-gov,34178,Bachelors,13,Divorced,Prof-specialty,Not-in-family,White,Male,0,0,40,United-States,0,0.4609301634014226,0,1,0.0
27,Private,269354,Bachelors,13,Married-civ-spouse,Sales,Husband,White,Male,0,0,25,,0,0.4540084812942389,0,1,0.0
39,Private,286789,Bachelors,13,Married-civ-spouse,Exec-managerial,Husband,White,Male,0,0,40,United-States,1,0.8921831113856553,1,1,0.0
36,Self-emp-not-inc,143385,HS-grad,9,Married-civ-spouse,Farming-fishing,Husband,White,Male,0,0,60,United-States,0,0.32844037295507467,0,1,0.0
33,Private,143485,HS-grad,9,Married-civ-spouse,Handlers-cleaners,Husband,Black,Male,0,0,40,United-States,0,0.18632020313088804,0,1,0.0
51,Self-emp-inc,200046,Bachelors,13,Separated,Sales,Unmarried,White,Male,0,2824,40,United-States,1,0.9396989008433796,1,1,0.0
51,Federal-gov,223206,Doctorate,16,Married-civ-spouse,Prof-specialty,Husband,Asian-Pac-Islander,Male,15024,0,40,Vietnam,1,0.999115760573202,1,1,0.0
42,Local-gov,178983,Bachelors,13,Divorced,Prof-specialty,Unmarried,White,Female,0,0,37,United-States,0,0.18386590532851183,0,1,0.0
52,Private,180142,Masters,14,Married-civ-spouse,Tech-support,Husband,White,Male,0,0,45,United-States,0,0.9257145674214184,1,1,0.0
51,Private,162988,10th,6,Divorced,Other-service,Unmarried,White,Female,0,0,25,United-States,0,0.01493621528111498,0,1,0.0
64,,338355,Assoc-voc,11,Married-civ-spouse,,Wife,White,Female,0,0,15,United-States,0,0.4521875193917448,0,1,0.0
44,Private,144925,Some-college,10,Divorced,Machine-op-inspct,Not-in-family,White,Male,3325,0,40,United-States,0,0.011477738259774231,0,1,0.0
29,Federal-gov,33315,Assoc-acdm,12,Divorced,Adm-clerical,Not-in-family,White,Female,0,0,40,United-States,0,0.07211130070634277,0,1,0.0
23,Private,107801,Bachelors,13,Never-married,Adm-clerical,Own-child,White,Female,0,0,20,United-States,0,0.00420737024349784,0,1,0.0
37,,102541,Assoc-voc,11,Married-civ-spouse,,Wife,Amer-Indian-Eskimo,Female,0,0,40,United-States,0,0.5429193686628129,0,1,0.0
37,Private,127961,HS-grad,9,Never-married,Machine-op-inspct,Not-in-family,White,Male,0,0,40,United-States,0,0.03431729070369944,0,1,0.0
58,Self-emp-not-inc,159021,Doctorate,16,Married-civ-spouse,Prof-specialty,Husband,White,Male,0,0,16,United-States,1,0.8127951402562561,1,1,0.0
57,Federal-gov,97837,Some-college,10,Divorced,Prof-specialty,Not-in-family,White,Male,0,0,48,United-States,1,0.5686446348746496,0,1,0.0
19,,184308,Some-college,10,Married-civ-spouse,,Wife,White,Female,0,0,30,United-States,0,0.016652381311197256,0,1,0.0
51,Local-gov,96190,Some-college,10,Married-civ-spouse,Adm-clerical,Wife,White,Female,0,0,40,United-States,0,0.7596889189269594,1,1,0.0
22,Private,482082,11th,7,Married-civ-spouse,Machine-op-inspct,Not-in-family,White,Female,0,0,40,Mexico,0,0.01211711988318805,0,1,0.0
48,Private,152953,7th-8th,4,Married-civ-spouse,Craft-repair,Husband,White,Male,0,0,32,Dominican-Republic,0,0.1352892675490347,0,1,0.0
28,Private,250135,Some-college,10,Divorced,Exec-managerial,Not-in-family,White,Female,0,0,40,United-States,0,0.10068116441804977,0,1,0.0
26,Private,282142,Assoc-voc,11,Married-civ-spouse,Exec-managerial,Wife,White,Female,0,0,40,United-States,0,0.6657272398854027,1,1,0.0
23,Private,449432,Some-college,10,Never-married,Adm-clerical,Own-child,White,Male,0,0,40,United-States,0,0.012641719809142304,0,1,0.0
29,Private,148069,Assoc-voc,11,Never-married,Adm-clerical,Not-in-family,White,Female,0,0,40,United-States,0,0.028672640982276,0,1,0.0
29,Private,122112,Bachelors,13,Married-civ-spouse,Sales,Wife,White,Female,0,0,50,United-States,0,0.8284160943523678,1,1,0.0
70,Private,216390,9th,5,Married-civ-spouse,Machine-op-inspct,Wife,White,Female,2653,0,40,United-States,0,0.013296554382438085,0,1,0.0
32,Private,194740,Bachelors,13,Married-civ-spouse,Sales,Husband,White,Male,0,1902,40,United-States,1,0.9905950884913811,1,1,0.0
18,Private,115725,11th,7,Never-married,Other-service,Own-child,White,Female,0,0,12,United-States,0,0.0005828337939355571,0,1,0.0
25,Private,262885,11th,7,Never-married,Other-service,Unmarried,Black,Female,0,0,32,United-States,0,0.004641834275954983,0,1,0.0
35,Private,162302,Some-college,10,Never-married,Tech-support,Own-child,White,Female,0,0,32,United-States,0,0.05141922050909048,0,1,0.0
43,Local-gov,256253,Bachelors,13,Married-civ-spouse,Prof-specialty,Husband,White,Male,0,0,55,United-States,1,0.8538567919008673,1,1,0.0
46,Private,315423,Some-college,10,Married-civ-spouse,Sales,Husband,White,Male,0,2042,50,United-States,0,0.05473445542542715,0,1,0.0
18,Private,310175,12th,8,Never-married,Other-service,Own-child,White,Female,0,0,12,United-States,0,0.000764721573978342,0,1,0.0
32,Private,207301,HS-grad,9,Never-married,Handlers-cleaners,Not-in-family,White,Female,0,0,40,United-States,0,0.015348357954535052,0,1,0.0
30,Federal-gov,295010,Bachelors,13,Never-married,Protective-serv,Not-in-family,White,Female,0,0,60,United-States,1,0.7763772206849079,1,1,0.0
24,Private,274398,Some-college,10,Never-married,Adm-clerical,Own-child,Black,Female,0,0,20,United-States,0,0.0022743419697305307,0,1,0.0
35,Private,149455,Some-college,10,Separated,Exec-managerial,Own-child,Black,Female,0,0,40,United-States,0,0.035125499208793765,0,1,0.0
46,Self-emp-inc,191978,Masters,14,Married-civ-spouse,Exec-managerial,Husband,White,Male,0,2392,50,United-States,1,0.9946543877140024,1,1,0.0
30,State-gov,111883,Some-college,10,Never-married,Prof-specialty,Not-in-family,White,Male,0,0,40,United-States,0,0.07977214237588998,0,1,0.0
37,Private,302604,Some-college,10,Separated,Other-service,Other-relative,White,Female,0,0,40,United-States,0,0.019969903899065028,0,1,0.0
19,Private,238474,11th,7,Never-married,Machine-op-inspct,Own-child,White,Male,0,0,40,United-States,0,0.0028985749752255606,0,1,0.0
51,Private,210736,HS-grad,9,Married-spouse-absent,Craft-repair,Not-in-family,White,Male,0,0,40,United-States,0,0.16884597200412557,0,1,0.0
28,Private,210765,HS-grad,9,Never-married,Craft-repair,Own-child,White,Male,0,0,40,United-States,0,0.027764108935492936,0,1,0.0
51,Private,180807,Some-college,10,Divorced,Exec-managerial,Unmarried,White,Female,0,0,40,United-States,0,0.18274776595376782,0,1,0.0
37,Self-emp-not-inc,32239,HS-grad,9,Divorced,Farming-fishing,Not-in-family,White,Male,27828,0,40,United-States,1,0.982795762642327,1,1,0.0
26,Private,273876,HS-grad,9,Never-married,Other-service,Not-in-family,White,Male,0,0,60,United-States,0,0.04902559163960959,0,1,0.0
32,Private,215047,7th-8th,4,Married-civ-spouse,Machine-op-inspct,Husband,White,Male,0,0,40,United-States,0,0.14422421186124623,0,1,0.0
55,Private,123436,Assoc-voc,11,Married-civ-spouse,Prof-specialty,Husband,White,Male,0,0,40,United-States,1,0.8156595173437168,1,1,0.0
21,,262062,Some-college,10,Never-married,,Own-child,White,Female,0,0,40,United-States,0,0.005573198899369345,0,1,0.0
18,Private,39529,12th,8,Never-married,Other-service,Own-child,White,Female,0,0,32,United-States,0,0.0009454468366049143,0,1,0.0
37,Self-emp-not-inc,504871,Some-college,10,Married-civ-spouse,Craft-repair,Husband,White,Male,0,0,40,United-States,0,0.6412245220497361,0,1,0.0
23,Private,69911,Preschool,1,Never-married,Other-service,Own-child,White,Female,0,0,15,United-States,0,0.0007639470177353112,0,1,0.0
51,Private,57698,HS-grad,9,Married-spouse-absent,Other-service,Unmarried,White,Female,0,0,40,United-States,0,0.03486287184761125,0,1,0.0
33,Private,160594,Some-college,10,Married-civ-spouse,Exec-managerial,Husband,White,Male,7298,0,40,United-States,1,0.9975975125127905,1,1,0.0
62,Local-gov,68268,HS-grad,9,Married-civ-spouse,Transport-moving,Husband,White,Male,0,0,40,United-States,0,0.6313057394054785,0,1,0.0
39,Private,98975,Bachelors,13,Never-married,Sales,Not-in-family,White,Female,8614,0,50,United-States,1,0.9978950105010853,1,1,0.0
25,Private,236564,HS-grad,9,Never-married,Adm-clerical,Not-in-family,White,Male,0,0,40,United-States,0,0.0362012548673663,0,1,0.0
37,,111268,Assoc-voc,11,Never-married,,Own-child,White,Female,0,0,32,United-States,0,0.024469974119953268,0,1,0.0
56,Private,112840,HS-grad,9,Married-civ-spouse,Exec-managerial,Husband,White,Male,0,0,55,United-States,1,0.8310773903886844,1,1,0.0
33,Self-emp-not-inc,75417,HS-grad,9,Separated,Other-service,Unmarried,White,Female,0,0,8,United-States,0,0.012318753674409651,0,1,0.0
24,Private,132247,HS-grad,9,Married-civ-spouse,Other-service,Wife,White,Female,0,0,24,United-States,0,0.06112935691129189,0,1,0.0
33,Self-emp-not-inc,103435,Prof-school,15,Married-civ-spouse,Prof-specialty,Husband,White,Male,7688,0,50,United-States,1,0.9989858135968369,1,1,0.0
37,Self-emp-not-inc,31095,Assoc-voc,11,Married-civ-spouse,Farming-fishing,Husband,White,Male,0,0,60,United-States,1,0.31118069631418777,0,1,0.0
39,Private,140169,10th,6,Separated,Other-service,Unmarried,White,Female,0,0,40,Mexico,0,0.007537885625532135,0,1,0.0
29,Federal-gov,204796,10th,6,Separated,Exec-managerial,Not-in-family,White,Female,0,0,40,United-States,0,0.08427277897599676,0,1,0.0
32,State-gov,317647,HS-grad,9,Never-married,Transport-moving,Own-child,White,Male,0,0,40,United-States,0,0.027484338870848293,0,1,0.0
34,Private,93699,HS-grad,9,Separated,Sales,Unmarried,White,Female,0,0,50,United-States,0,0.10144924496318591,0,1,0.0
49,Private,225124,HS-grad,9,Divorced,Other-service,Own-child,Black,Female,0,0,40,United-States,0,0.0325510217231319,0,1,0.0
63,Private,213095,Bachelors,13,Married-civ-spouse,Exec-managerial,Husband,White,Male,0,0,50,United-States,1,0.916671870744939,1,1,0.0
21,Private,230229,HS-grad,9,Never-married,Handlers-cleaners,Other-relative,White,Male,0,0,40,Mexico,0,0.00526287834561286,0,1,0.0
46,Private,164749,Some-college,10,Married-civ-spouse,Exec-managerial,Husband,White,Male,0,0,40,United-States,1,0.8667014984418335,1,1,0.0
29,Private,341846,Masters,14,Never-married,Prof-specialty,Not-in-family,White,Female,0,0,50,United-States,0,0.3024089980600183,0,1,0.0
34,Private,130021,HS-grad,9,Married-civ-spouse,Transport-moving,Husband,White,Male,0,0,48,United-States,0,0.5521305194389275,0,1,0.0
29,Private,115064,HS-grad,9,Never-married,Other-service,Not-in-family,White,Male,0,0,40,United-States,0,0.026521952309646324,0,1,0.0
34,Private,132835,HS-grad,9,Never-married,Other-service,Unmarried,Black,Female,0,0,40,United-States,0,0.01157306185719862,0,1,0.0
29,Private,367706,Some-college,10,Never-married,Adm-clerical,Own-child,Black,Male,0,0,40,United-States,0,0.018942890696946046,0,1,0.0
39,Local-gov,91039,Masters,14,Married-civ-spouse,Exec-managerial,Husband,White,Male,0,0,45,United-States,0,0.9078757022722143,1,1,0.0
51,State-gov,193720,HS-grad,9,Married-civ-spouse,Craft-repair,Husband,White,Male,0,0,56,United-States,1,0.7553019342383417,1,1,0.0
67,Private,192670,HS-grad,9,Divorced,Sales,Not-in-family,White,Female,0,0,20,United-States,0,0.04651337815579654,0,1,0.0
31,Self-emp-not-inc,226624,9th,5,Married-civ-spouse,Craft-repair,Husband,White,Male,0,0,60,United-States,0,0.2423228329112623,0,1,0.0
41,Private,197344,HS-grad,9,Never-married,Craft-repair,Not-in-family,White,Male,0,0,54,United-States,0,0.18834396305703843,0,1,0.0
43,Private,260761,HS-grad,9,Married-civ-spouse,Machine-op-inspct,Husband,White,Male,0,0,40,Mexico,0,0.11122237165728512,0,1,0.0
33,Private,181824,HS-grad,9,Married-civ-spouse,Sales,Wife,White,Female,0,0,20,United-States,0,0.2771046686493729,0,1,0.0
36,State-gov,323726,Some-college,10,Never-married,Tech-support,Unmarried,Black,Female,0,0,40,United-States,0,0.025050537119994526,0,1,0.0
45,Private,59287,Bachelors,13,Married-civ-spouse,Exec-managerial,Husband,White,Male,0,0,40,United-States,0,0.8804884154054492,1,1,0.0
54,Self-emp-inc,119570,Assoc-acdm,12,Married-civ-spouse,Sales,Husband,White,Male,0,0,50,United-States,1,0.840627559420942,1,1,0.0
39,Private,365009,Bachelors,13,Never-married,Handlers-cleaners,Own-child,White,Male,0,0,40,United-States,0,0.23140805981660503,0,1,0.0
36,Self-emp-not-inc,111957,Some-college,10,Married-civ-spouse,Exec-managerial,Husband,White,Male,0,0,52,United-States,0,0.6547757352927168,1,1,0.0
20,Private,344278,11th,7,Separated,Other-service,Own-child,White,Female,0,0,40,United-States,0,0.0052893506529268705,0,1,0.0
34,Private,220631,Assoc-voc,11,Never-married,Other-service,Not-in-family,White,Male,0,0,50,,0,0.1509527445258632,0,1,0.0
38,State-gov,203628,Bachelors,13,Married-civ-spouse,Prof-specialty,Husband,White,Male,0,0,45,United-States,1,0.8707279342708858,1,1,0.0
46,Local-gov,236827,9th,5,Separated,Other-service,Unmarried,Black,Female,0,0,40,United-States,0,0.014346606533762109,0,1,0.0
31,Private,157640,Bachelors,13,Married-civ-spouse,Sales,Husband,White,Male,7688,0,55,United-States,1,0.9985749775258533,1,1,0.0
45,Private,175925,HS-grad,9,Married-civ-spouse,Craft-repair,Husband,White,Male,0,0,40,United-States,0,0.6506531672513295,1,1,0.0
32,Local-gov,217296,HS-grad,9,Married-civ-spouse,Transport-moving,Wife,White,Female,4064,0,22,United-States,0,0.022139148264166752,0,1,0.0
51,,165637,Masters,14,Married-civ-spouse,,Husband,White,Male,0,0,40,United-States,0,0.8524102532464449,1,1,0.0
25,Private,198318,HS-grad,9,Married-civ-spouse,Machine-op-inspct,Husband,White,Male,0,0,50,United-States,0,0.18551798508162137,0,1,0.0
34,Private,293900,11th,7,Married-spouse-absent,Craft-repair,Not-in-family,Black,Male,0,0,55,United-States,0,0.12413968156456102,0,1,0.0
33,Self-emp-inc,281832,Doctorate,16,Married-civ-spouse,Prof-specialty,Husband,White,Male,0,0,40,Cuba,1,0.8969540428416796,1,1,0.0
52,Private,204447,HS-grad,9,Married-civ-spouse,Machine-op-inspct,Husband,White,Male,4386,0,40,United-States,1,0.9291523089147421,1,1,0.0
40,Private,282155,HS-grad,9,Separated,Other-service,Other-relative,White,Female,0,0,25,United-States,0,0.008626749166962135,0,1,0.0
52,Private,48947,Assoc-voc,11,Widowed,Other-service,Unmarried,White,Female,0,0,13,United-States,0,0.016612758072641898,0,1,0.0
60,Private,139586,Assoc-voc,11,Widowed,Exec-managerial,Unmarried,Asian-Pac-Islander,Female,0,0,40,United-States,1,0.33698417202570485,0,1,0.0
31,Private,217460,HS-grad,9,Married-civ-spouse,Transport-moving,Husband,White,Male,0,0,45,United-States,1,0.5622361903911679,0,1,0.0
48,Private,73434,HS-grad,9,Married-civ-spouse,Adm-clerical,Wife,White,Female,0,0,40,Germany,1,0.661899667884648,1,1,0.0
56,Private,134286,Some-college,10,Married-civ-spouse,Exec-managerial,Husband,White,Male,0,0,45,United-States,0,0.8787971842299308,1,1,0.0
34,Local-gov,176802,11th,7,Separated,Other-service,Unmarried,Black,Female,0,0,40,United-States,0,0.010123318655620042,0,1,0.0
34,Self-emp-inc,198613,HS-grad,9,Married-civ-spouse,Exec-managerial,Husband,White,Male,0,2002,40,United-States,0,0.06305681507677587,0,1,0.0
19,Private,316868,Some-college,10,Never-married,Other-service,Own-child,White,Male,0,0,30,Mexico,0,0.0036818278203624676,0,1,0.0
46,Local-gov,93639,Bachelors,13,Divorced,Prof-specialty,Unmarried,White,Female,0,0,40,United-States,0,0.20436047981268463,0,1,0.0
49,Private,297884,HS-grad,9,Married-civ-spouse,Machine-op-inspct,Husband,White,Male,4064,0,50,United-States,0,0.08672392621977199,0,1,0.0
17,Private,216137,11th,7,Never-married,Sales,Own-child,White,Female,0,0,8,United-States,0,0.0005096270699745382,0,1,0.0
34,Private,202046,HS-grad,9,Married-civ-spouse,Craft-repair,Husband,White,Male,0,0,35,United-States,1,0.3350441269322599,0,1,0.0
35,Self-emp-not-inc,216256,9th,5,Married-civ-spouse,Craft-repair,Husband,White,Male,0,0,50,United-States,0,0.23103430846873374,0,1,0.0
23,Private,205865,HS-grad,9,Married-civ-spouse,Machine-op-inspct,Husband,White,Male,0,2179,60,United-States,0,0.032682311547179536,0,1,0.0
53,Self-emp-not-inc,276369,HS-grad,9,Married-civ-spouse,Farming-fishing,Husband,White,Male,0,0,99,United-States,0,0.2080223491492432,0,1,0.0
46,Private,155659,Some-college,10,Married-civ-spouse,Craft-repair,Husband,White,Male,15024,0,45,United-States,1,0.9990988441456505,1,1,0.0
26,Private,260614,HS-grad,9,Married-civ-spouse,Machine-op-inspct,Husband,White,Male,0,0,40,United-States,0,0.1558328702211026,0,1,0.0
52,Private,127749,HS-grad,9,Married-civ-spouse,Transport-moving,Husband,White,Male,0,0,50,United-States,0,0.7463145709532195,1,1,0.0
56,Local-gov,157525,Some-college,10,Divorced,Protective-serv,Not-in-family,Black,Male,0,0,48,United-States,0,0.6048447213939415,0,1,0.0
31,Private,258849,Assoc-voc,11,Never-married,Adm-clerical,Unmarried,Black,Female,0,0,40,United-States,0,0.014589638084418596,0,1,0.0
41,Private,42563,Bachelors,13,Married-civ-spouse,Tech-support,Wife,White,Female,0,0,25,United-States,1,0.744507208835214,1,1,0.0
32,Private,248584,HS-grad,9,Never-married,Farming-fishing,Own-child,White,Male,0,0,40,United-States,0,0.014628706912641374,0,1,0.0
59,Local-gov,221417,HS-grad,9,Married-civ-spouse,Protective-serv,Husband,White,Male,0,0,40,United-States,1,0.7456658230242532,1,1,0.0
45,,319993,HS-grad,9,Widowed,,Unmarried,White,Female,0,0,40,Mexico,0,0.009899123979261345,0,1,0.0
54,Self-emp-not-inc,139023,Some-college,10,Married-civ-spouse,Sales,Husband,White,Male,0,0,40,United-States,0,0.6652019682844194,1,1,0.0
41,Federal-gov,255543,Some-college,10,Married-civ-spouse,Adm-clerical,Husband,White,Male,0,0,40,United-States,1,0.8584579363108673,1,1,0.0
37,Private,193106,Bachelors,13,Never-married,Sales,Not-in-family,White,Female,0,0,30,United-States,0,0.06136069055310414,0,1,0.0
25,Local-gov,125863,Bachelors,13,Never-married,Prof-specialty,Own-child,White,Male,0,0,35,United-States,0,0.022270278016997994,0,1,0.0
47,Federal-gov,211123,HS-grad,9,Married-civ-spouse,Craft-repair,Husband,White,Male,0,0,40,United-States,0,0.762609044283628,1,1,0.0
27,Private,180758,Assoc-acdm,12,Never-married,Sales,Not-in-family,White,Male,0,0,40,United-States,0,0.07293851020213396,0,1,0.0
60,Private,145493,Some-college,10,Divorced,Adm-clerical,Not-in-family,White,Female,0,0,40,United-States,0,0.0638328887387267,0,1,0.0
41,State-gov,116520,Doctorate,16,Married-civ-spouse,Prof-specialty,Husband,White,Male,0,0,40,United-States,1,0.9338303075711099,1,1,0.0
35,Private,210310,HS-grad,9,Married-civ-spouse,Sales,Husband,White,Male,0,0,55,United-States,1,0.6772262720080957,1,1,0.0
38,Private,227794,Bachelors,13,Never-married,Adm-clerical,Not-in-family,Black,Male,0,0,40,United-States,0,0.12470210660434179,0,1,0.0
47,Federal-gov,176917,Some-college,10,Married-civ-spouse,Adm-clerical,Husband,White,Male,0,0,48,United-States,1,0.8982311866849098,1,1,0.0
39,Private,288551,HS-grad,9,Married-civ-spouse,Craft-repair,Husband,Black,Male,0,0,40,United-States,0,0.4924710291418126,0,1,0.0
31,Federal-gov,180656,HS-grad,9,Never-married,Adm-clerical,Own-child,White,Male,0,0,35,United-States,0,0.02090898171950449,0,1,0.0
38,Private,195025,HS-grad,9,Separated,Other-service,Unmarried,Black,Female,0,0,32,United-States,0,0.010398166155817734,0,1,0.0
53,Private,175220,Bachelors,13,Married-civ-spouse,Sales,Husband,Asian-Pac-Islander,Male,7688,0,48,Taiwan,1,0.9986115688632968,1,1,0.0
63,Private,171635,Bachelors,13,Married-civ-spouse,Sales,Husband,White,Male,0,0,40,United-States,0,0.8317372584190544,1,1,0.0
28,Private,82531,Some-college,10,Never-married,Other-service,Not-in-family,Black,Male,0,0,40,United-States,0,0.022557747354133975,0,1,0.0
23,Private,227594,HS-grad,9,Never-married,Adm-clerical,Not-in-family,White,Female,0,0,30,United-States,0,0.0064814705892376175,0,1,0.0
24,Private,208946,Assoc-voc,11,Never-married,Craft-repair,Not-in-family,White,Male,0,0,40,United-States,0,0.03414410430978662,0,1,0.0
47,Private,24723,10th,6,Divorced,Exec-managerial,Not-in-family,Amer-Indian-Eskimo,Female,0,0,45,United-States,0,0.096336844813215,0,1,0.0
25,Private,185287,Some-college,10,Never-married,Adm-clerical,Not-in-family,White,Male,0,0,40,United-States,0,0.04022890406101657,0,1,0.0
29,Private,67306,HS-grad,9,Never-married,Adm-clerical,Unmarried,Amer-Indian-Eskimo,Female,0,0,40,United-States,0,0.012615474868718283,0,1,0.0
20,Private,163205,Some-college,10,Separated,Other-service,Own-child,White,Female,0,0,30,United-States,0,0.002429418403869011,0,1,0.0
50,Private,200783,7th-8th,4,Divorced,Craft-repair,Not-in-family,White,Male,0,0,60,United-States,0,0.26583517445707633,0,1,0.0
24,Local-gov,234108,Some-college,10,Never-married,Protective-serv,Not-in-family,White,Male,0,0,40,United-States,0,0.09954093764239354,0,1,0.0
26,Private,195562,HS-grad,9,Never-married,Machine-op-inspct,Own-child,Black,Male,0,0,40,United-States,0,0.005090104801403051,0,1,0.0
36,Private,74706,10th,6,Divorced,Craft-repair,Unmarried,White,Female,0,0,40,United-States,0,0.025943547470476717,0,1,0.0
37,Self-emp-inc,57424,Bachelors,13,Divorced,Sales,Not-in-family,White,Female,0,0,60,United-States,0,0.3650211265106108,0,1,0.0
39,Private,403489,11th,7,Divorced,Transport-moving,Own-child,White,Male,0,0,40,United-States,0,0.08809170303743108,0,1,0.0
31,Private,136398,Doctorate,16,Married-civ-spouse,Prof-specialty,Husband,Asian-Pac-Islander,Male,0,0,50,Thailand,1,0.8575171106043121,1,1,0.0
21,Private,83141,HS-grad,9,Never-married,Farming-fishing,Not-in-family,White,Male,0,0,53,United-States,0,0.03377384816043103,0,1,0.0
43,Federal-gov,211763,Doctorate,16,Separated,Prof-specialty,Unmarried,Black,Female,0,0,24,United-States,1,0.4607657392668392,0,1,0.0
53,State-gov,153486,Some-college,10,Married-civ-spouse,Farming-fishing,Husband,White,Male,0,0,50,United-States,0,0.6033947462446319,0,1,0.0
39,Self-emp-not-inc,190023,Bachelors,13,Married-civ-spouse,Sales,Husband,White,Male,0,0,60,United-States,0,0.8114901695690119,1,1,0.0
28,Private,195573,HS-grad,9,Married-civ-spouse,Transport-moving,Husband,White,Male,0,0,50,United-States,0,0.46399025985910336,0,1,0.0
28,Private,273269,Some-college,10,Never-married,Craft-repair,Not-in-family,Black,Male,0,0,40,United-States,0,0.031105611958961443,0,1,0.0
35,Private,186815,HS-grad,9,Married-civ-spouse,Machine-op-inspct,Husband,White,Male,0,0,40,United-States,0,0.44055739826343043,0,1,0.0
39,Private,115618,HS-grad,9,Married-civ-spouse,Transport-moving,Husband,White,Male,0,0,50,United-States,0,0.5890320909585959,0,1,0.0
31,Private,500002,1st-4th,2,Married-civ-spouse,Farming-fishing,Husband,White,Male,0,0,45,Mexico,0,0.15091779920398368,0,1,0.0
68,Private,166149,HS-grad,9,Widowed,Adm-clerical,Not-in-family,White,Female,0,2206,30,United-States,0,0.05092350123601541,0,1,0.0
26,Private,108019,HS-grad,9,Never-married,Craft-repair,Own-child,White,Male,3325,0,40,United-States,0,0.002276708647170549,0,1,0.0
27,Private,363053,9th,5,Never-married,Priv-house-serv,Unmarried,White,Female,0,0,24,Mexico,0,0.002423635271267837,0,1,0.0
28,Private,334368,Assoc-voc,11,Never-married,Prof-specialty,Not-in-family,White,Female,4650,0,40,United-States,0,0.011640588039378405,0,1,0.0
23,Private,199011,11th,7,Never-married,Craft-repair,Own-child,White,Male,0,0,3,United-States,0,0.0035729247604370834,0,1,0.0
32,Private,174789,HS-grad,9,Never-married,Machine-op-inspct,Unmarried,White,Male,0,0,40,United-States,0,0.030226189252472245,0,1,0.0
17,Private,108085,12th,8,Never-married,Other-service,Own-child,White,Female,0,0,24,United-States,0,0.0006251203712638058,0,1,0.0
36,Federal-gov,106297,Masters,14,Married-civ-spouse,Exec-managerial,Husband,White,Male,0,0,40,United-States,1,0.9311516644092248,1,1,0.0
20,Private,200153,HS-grad,9,Never-married,Other-service,Own-child,White,Female,0,0,38,United-States,0,0.0016945722996116739,0,1,0.0
57,Private,161964,HS-grad,9,Married-civ-spouse,Craft-repair,Husband,White,Male,0,0,55,United-States,0,0.7287997729624318,1,1,0.0
30,Private,374454,HS-grad,9,Divorced,Transport-moving,Own-child,Black,Male,0,0,40,United-States,0,0.01863194120226366,0,1,0.0
52,Self-emp-inc,287927,HS-grad,9,Married-civ-spouse,Exec-managerial,Wife,White,Female,15024,0,40,United-States,1,0.9989026991558764,1,1,0.0
54,Private,206369,HS-grad,9,Married-civ-spouse,Machine-op-inspct,Husband,White,Male,5178,0,50,United-States,1,0.9903279681108129,1,1,0.0
57,Self-emp-not-inc,287229,HS-grad,9,Married-civ-spouse,Craft-repair,Husband,White,Male,0,0,48,United-States,1,0.5481259431023268,0,1,0.0
55,Private,236520,Assoc-voc,11,Married-civ-spouse,Craft-repair,Husband,White,Male,0,0,40,United-States,1,0.7664871708905977,1,1,0.0
37,Private,249720,Bachelors,13,Never-married,Adm-clerical,Unmarried,Black,Female,0,0,27,United-States,0,0.023730988941442308,0,1,0.0
48,Private,108699,HS-grad,9,Never-married,Adm-clerical,Not-in-family,White,Female,0,0,40,United-States,0,0.04137938080599926,0,1,0.0
33,Private,301251,HS-grad,9,Married-civ-spouse,Craft-repair,Husband,White,Male,0,0,60,United-States,1,0.6003160664712047,0,1,0.0
44,Private,75012,HS-grad,9,Married-civ-spouse,Farming-fishing,Husband,White,Male,0,0,80,United-States,0,0.26754182057094994,0,1,0.0
20,Private,482732,10th,6,Never-married,Machine-op-inspct,Not-in-family,White,Male,0,0,40,United-States,0,0.0036069733067883134,0,1,0.0
36,Private,195516,HS-grad,9,Divorced,Machine-op-inspct,Not-in-family,White,Male,0,0,40,United-States,0,0.04285680992772659,0,1,0.0
49,Private,366089,Bachelors,13,Married-civ-spouse,Exec-managerial,Husband,White,Male,0,0,50,United-States,1,0.942134606463254,1,1,0.0
36,Self-emp-not-inc,34180,HS-grad,9,Never-married,Farming-fishing,Not-in-family,White,Male,0,0,70,United-States,1,0.21158790015636478,0,1,0.0
22,Federal-gov,216129,HS-grad,9,Never-married,Adm-clerical,Other-relative,White,Male,0,0,40,United-States,0,0.029556889659250837,0,1,0.0
41,Self-emp-inc,244172,Some-college,10,Married-civ-spouse,Craft-repair,Husband,White,Male,0,0,40,,1,0.7079628885349909,1,1,0.0
18,,137363,Some-college,10,Never-married,,Own-child,White,Female,0,0,4,United-States,0,0.0009042064901182521,0,1,0.0
34,Private,349148,Some-college,10,Married-civ-spouse,Other-service,Husband,White,Male,0,0,63,United-States,0,0.48843811032075907,0,1,0.0
49,Private,723746,HS-grad,9,Married-civ-spouse,Craft-repair,Husband,White,Male,0,0,43,United-States,0,0.658196364084733,1,1,0.0
20,Private,107882,Some-college,10,Never-married,Adm-clerical,Own-child,White,Female,0,0,20,United-States,0,0.0009363149200926287,0,1,0.0
43,Private,176716,Bachelors,13,Married-civ-spouse,Transport-moving,Husband,White,Male,0,0,70,United-States,1,0.7861770353919763,1,1,0.0
53,State-gov,153486,Bachelors,13,Married-civ-spouse,Tech-support,Husband,White,Male,0,0,40,United-States,1,0.8898283845473582,1,1,0.0
24,Private,111368,Some-college,10,Never-married,Adm-clerical,Own-child,White,Female,0,0,40,United-States,0,0.016179113573639946,0,1,0.0
47,Private,431245,7th-8th,4,Married-civ-spouse,Craft-repair,Husband,White,Male,0,0,40,United-States,0,0.3897468770914446,0,1,0.0
26,Private,248990,HS-grad,9,Married-civ-spouse,Craft-repair,Husband,White,Male,0,0,40,Mexico,0,0.0913761947231279,0,1,0.0
25,Private,390316,9th,5,Married-civ-spouse,Craft-repair,Husband,White,Male,0,0,40,Mexico,0,0.053647269789224704,0,1,0.0
21,Self-emp-not-inc,318865,Some-college,10,Never-married,Other-service,Own-child,White,Male,0,0,30,United-States,0,0.0114024931631025,0,1,0.0
36,Private,152307,HS-grad,9,Married-civ-spouse,Machine-op-inspct,Husband,White,Male,0,0,40,United-States,0,0.4912989856031393,0,1,0.0
33,Private,255004,HS-grad,9,Never-married,Transport-moving,Not-in-family,White,Male,2354,0,61,United-States,0,0.007927154544152246,0,1,0.0
61,Self-emp-inc,134768,Some-college,10,Married-civ-spouse,Sales,Husband,White,Male,0,0,40,United-States,0,0.7762189811964766,1,1,0.0
28,Self-emp-not-inc,176027,HS-grad,9,Never-married,Other-service,Not-in-family,White,Female,0,0,28,United-States,0,0.017015182031425588,0,1,0.0
36,Private,269722,Bachelors,13,Married-civ-spouse,Exec-managerial,Husband,White,Male,0,0,55,United-States,1,0.911541585030695,1,1,0.0
21,Private,234108,Some-college,10,Never-married,Handlers-cleaners,Own-child,White,Male,0,0,40,United-States,0,0.006293454161627675,0,1,0.0
30,Private,188146,HS-grad,9,Married-civ-spouse,Machine-op-inspct,Husband,White,Male,5013,0,40,United-States,0,0.03875126253216812,0,1,0.0
56,Private,247337,Bachelors,13,Married-civ-spouse,Prof-specialty,Husband,White,Male,0,0,50,United-States,1,0.891118936175405,1,1,0.0
27,Private,263552,HS-grad,9,Never-married,Adm-clerical,Not-in-family,White,Male,0,0,50,United-States,0,0.08432794626573037,0,1,0.0
72,Self-emp-not-inc,47203,HS-grad,9,Married-civ-spouse,Farming-fishing,Husband,White,Male,4931,0,70,United-States,0,0.06969913049672824,0,1,0.0
24,Private,117767,Assoc-acdm,12,Never-married,Sales,Own-child,White,Male,0,0,20,United-States,0,0.007379315749970938,0,1,0.0
45,Private,140644,Doctorate,16,Divorced,Prof-specialty,Not-in-family,White,Male,0,0,45,United-States,1,0.8706860140042072,1,1,0.0
22,Private,209646,Bachelors,13,Never-married,Prof-specialty,Own-child,White,Female,0,0,6,United-States,0,0.005869645898460125,0,1,0.0
62,Private,185503,Masters,14,Married-civ-spouse,Exec-managerial,Husband,White,Male,0,0,50,United-States,1,0.9129435345804551,1,1,0.0
41,Local-gov,307767,HS-grad,9,Married-civ-spouse,Protective-serv,Husband,White,Male,0,0,40,United-States,0,0.7567741369682962,1,1,0.0
48,Private,102102,Assoc-voc,11,Married-civ-spouse,Tech-support,Husband,White,Male,0,0,50,United-States,1,0.8340231378574741,1,1,0.0
42,Private,246011,Bachelors,13,Married-civ-spouse,Prof-specialty,Wife,White,Female,0,0,55,United-States,0,0.8863301507904681,1,1,0.0
49,Self-emp-not-inc,199326,Some-college,10,Married-civ-spouse,Sales,Husband,White,Male,0,0,50,United-States,0,0.6834117854583153,1,1,0.0
19,Self-emp-not-inc,194205,Some-college,10,Never-married,Other-service,Own-child,White,Female,0,0,40,Mexico,0,0.001444048671091965,0,1,0.0
56,Private,147653,HS-grad,9,Divorced,Adm-clerical,Unmarried,White,Female,0,0,32,United-States,0,0.035684732262759276,0,1,0.0
24,Private,289909,HS-grad,9,Never-married,Machine-op-inspct,Not-in-family,White,Male,0,0,40,United-States,0,0.009209973135715326,0,1,0.0
26,Private,61270,HS-grad,9,Never-married,Machine-op-inspct,Unmarried,Other,Female,0,0,40,Columbia,0,0.007923936429534323,0,1,0.0
22,Private,341610,Some-college,10,Never-married,Sales,Not-in-family,White,Male,0,0,35,,0,0.015511659344941047,0,1,0.0
56,Private,83196,HS-grad,9,Married-civ-spouse,Exec-managerial,Husband,White,Male,0,0,50,United-States,0,0.8159625421710278,1,1,0.0
22,Self-emp-not-inc,238917,HS-grad,9,Never-married,Handlers-cleaners,Not-in-family,White,Male,0,0,40,United-States,0,0.02618257028473404,0,1,0.0
28,Private,108569,Bachelors,13,Married-civ-spouse,Prof-specialty,Husband,White,Male,0,0,43,United-States,0,0.7662024159735882,1,1,0.0
45,Self-emp-inc,142719,HS-grad,9,Married-civ-spouse,Sales,Husband,White,Male,0,0,40,United-States,0,0.7029611818085725,1,1,0.0
38,Local-gov,185394,Bachelors,13,Married-civ-spouse,Prof-specialty,Wife,White,Female,7688,0,40,United-States,1,0.9987494234736545,1,1,0.0
26,Private,124111,Bachelors,13,Never-married,Adm-clerical,Not-in-family,White,Female,0,0,35,United-States,0,0.019516005925631037,0,1,0.0
69,Private,271312,HS-grad,9,Widowed,Adm-clerical,Not-in-family,White,Female,0,0,40,United-States,0,0.11557455335680274,0,1,0.0
52,Private,149908,Prof-school,15,Divorced,Prof-specialty,Unmarried,White,Female,25236,0,44,United-States,1,0.9987235444903609,1,1,0.0
34,Private,110476,HS-grad,9,Married-civ-spouse,Adm-clerical,Husband,White,Male,0,0,40,United-States,0,0.4620737202611422,0,1,0.0
56,Private,192869,Masters,14,Married-civ-spouse,Craft-repair,Husband,White,Male,0,1977,44,United-States,1,0.9921391473704501,1,1,0.0
58,Private,284834,Assoc-acdm,12,Divorced,Adm-clerical,Not-in-family,White,Female,0,0,40,United-States,0,0.05644110947104467,0,1,0.0
35,,365739,Some-college,10,Never-married,,Own-child,White,Male,0,0,40,United-States,0,0.0760871118592525,0,1,0.0
23,Private,180771,1st-4th,2,Married-civ-spouse,Machine-op-inspct,Wife,Amer-Indian-Eskimo,Female,0,0,35,Mexico,0,0.02725455006242951,0,1,0.0
27,Federal-gov,469705,HS-grad,9,Never-married,Craft-repair,Not-in-family,Black,Male,0,1980,40,United-States,0,0.004599793183506287,0,1,0.0
28,Private,371408,Bachelors,13,Never-married,Prof-specialty,Not-in-family,White,Male,0,0,47,United-States,0,0.37370130723224865,0,1,0.0
36,Private,369843,HS-grad,9,Married-civ-spouse,Other-service,Husband,White,Male,0,0,50,United-States,0,0.43013344596364306,0,1,0.0
63,Local-gov,147440,Some-college,10,Divorced,Exec-managerial,Not-in-family,White,Female,0,0,35,United-States,0,0.09061312297475953,0,1,0.0
19,Private,231972,11th,7,Never-married,Adm-clerical,Own-child,White,Female,0,0,20,United-States,0,0.0008251098156346345,0,1,0.0
27,Private,118230,Bachelors,13,Never-married,Exec-managerial,Own-child,White,Female,0,0,40,United-States,0,0.035262744441889926,0,1,0.0
43,Private,345789,Bachelors,13,Married-civ-spouse,Prof-specialty,Wife,White,Female,15024,0,50,United-States,1,0.9993511661154545,1,1,0.0
77,,232894,9th,5,Married-civ-spouse,,Husband,Black,Male,0,0,40,United-States,0,0.13453956382561377,0,1,0.0
31,Private,174215,HS-grad,9,Married-civ-spouse,Exec-managerial,Wife,White,Female,0,0,35,United-States,0,0.6957175693377401,1,1,0.0
23,Private,203078,Bachelors,13,Never-married,Adm-clerical,Own-child,Black,Male,0,0,24,United-States,0,0.005532014822160619,0,1,0.0
21,Private,572285,HS-grad,9,Never-married,Other-service,Other-relative,White,Female,0,0,20,United-States,0,0.002013410342023714,0,1,0.0
24,,174182,11th,7,Married-civ-spouse,,Wife,Other,Female,0,0,24,United-States,0,0.042021153699792875,0,1,0.0
30,Private,30290,HS-grad,9,Never-married,Machine-op-inspct,Not-in-family,White,Female,0,0,40,United-States,0,0.016613927350356335,0,1,0.0
49,Private,200949,10th,6,Never-married,Other-service,Unmarried,White,Female,0,0,38,Peru,0,0.014467881949419783,0,1,0.0
40,Private,100451,Some-college,10,Never-married,Craft-repair,Not-in-family,White,Male,0,0,40,United-States,0,0.20471849705063985,0,1,0.0
57,Self-emp-not-inc,110199,HS-grad,9,Married-civ-spouse,Farming-fishing,Husband,White,Male,0,0,20,United-States,0,0.120647422183941,0,1,0.0
27,Private,102142,Assoc-acdm,12,Never-married,Tech-support,Not-in-family,White,Male,0,0,40,United-States,0,0.0511138211467449,0,1,0.0
18,Private,228216,HS-grad,9,Never-married,Handlers-cleaners,Own-child,White,Male,0,0,20,United-States,0,0.0005433398238203151,0,1,0.0
61,Private,477209,7th-8th,4,Married-civ-spouse,Farming-fishing,Husband,White,Male,0,0,54,United-States,0,0.5326935884630186,0,1,0.0
19,Private,39026,HS-grad,9,Never-married,Other-service,Not-in-family,White,Male,0,0,30,United-States,0,0.0024846088643782883,0,1,0.0
30,Local-gov,311913,HS-grad,9,Married-civ-spouse,Adm-clerical,Wife,White,Female,0,0,40,United-States,1,0.6603435027408584,1,1,0.0
49,Self-emp-not-inc,102318,Assoc-acdm,12,Divorced,Exec-managerial,Not-in-family,White,Male,0,0,25,United-States,0,0.06878556199804944,0,1,0.0
24,Private,112137,Bachelors,13,Never-married,Sales,Own-child,Asian-Pac-Islander,Female,0,0,50,South,0,0.04589152291496828,0,1,0.0
24,Private,126822,HS-grad,9,Never-married,Adm-clerical,Unmarried,White,Female,0,0,45,United-States,0,0.020039162275155512,0,1,0.0
46,Private,34186,HS-grad,9,Married-civ-spouse,Handlers-cleaners,Husband,White,Male,0,0,40,United-States,0,0.3829083296012859,0,1,0.0
44,Federal-gov,469454,Assoc-voc,11,Married-civ-spouse,Protective-serv,Husband,White,Male,7298,0,48,United-States,1,0.9979550836096569,1,1,0.0
31,Private,87891,Some-college,10,Married-civ-spouse,Adm-clerical,Husband,White,Male,0,0,40,United-States,0,0.5714591478519216,0,1,0.0
51,Self-emp-not-inc,95435,HS-grad,9,Married-civ-spouse,Sales,Husband,White,Male,0,0,60,United-States,1,0.6264213204824917,0,1,0.0
56,,656036,HS-grad,9,Married-civ-spouse,,Husband,White,Male,0,0,25,United-States,0,0.23468194911570325,0,1,0.0
53,Federal-gov,174040,Some-college,10,Separated,Craft-repair,Not-in-family,Black,Male,0,0,40,United-States,0,0.16071649901131535,0,1,0.0
21,Private,198050,Assoc-acdm,12,Never-married,Adm-clerical,Not-in-family,White,Female,0,0,25,United-States,0,0.0033189088559053823,0,1,0.0
27,Private,79787,Masters,14,Never-married,Exec-managerial,Not-in-family,White,Female,0,0,25,United-States,0,0.013505478945394696,0,1,0.0
69,,164102,HS-grad,9,Divorced,,Not-in-family,White,Female,0,0,40,United-States,1,0.158785821840329,0,1,0.0
27,Private,160291,Some-college,10,Never-married,Adm-clerical,Unmarried,Black,Female,0,0,40,Germany,0,0.009025325407997997,0,1,0.0
41,,188436,HS-grad,9,Married-civ-spouse,,Husband,White,Male,0,0,20,Canada,0,0.13355144463118965,0,1,0.0
51,Self-emp-inc,318351,HS-grad,9,Divorced,Adm-clerical,Not-in-family,White,Female,0,1741,40,United-States,0,0.00601961650274317,0,1,0.0
45,Private,166636,HS-grad,9,Divorced,Other-service,Other-relative,Black,Female,0,0,35,United-States,0,0.013060251645556013,0,1,0.0
54,Self-emp-inc,263925,HS-grad,9,Divorced,Sales,Not-in-family,White,Male,0,0,50,United-States,0,0.3624529793442667,0,1,0.0
90,Private,311184,Bachelors,13,Married-civ-spouse,Sales,Husband,White,Male,0,0,20,,0,0.5081188321849843,0,1,0.0
47,Private,184402,HS-grad,9,Divorced,Other-service,Not-in-family,White,Male,0,0,32,United-States,0,0.064687723821814,0,1,0.0
32,Private,34104,HS-grad,9,Married-civ-spouse,Exec-managerial,Husband,White,Male,3103,0,55,United-States,1,0.9243159164415053,1,1,0.0
49,Self-emp-inc,197332,Some-college,10,Married-civ-spouse,Sales,Husband,White,Male,0,0,60,United-States,0,0.8185310267451165,1,1,0.0
28,Private,110408,HS-grad,9,Married-civ-spouse,Sales,Husband,White,Male,0,0,45,United-States,0,0.45462511838360053,0,1,0.0
64,Private,174826,HS-grad,9,Divorced,Machine-op-inspct,Not-in-family,White,Female,0,0,40,United-States,0,0.03328420276310793,0,1,0.0
35,Private,102976,HS-grad,9,Divorced,Exec-managerial,Not-in-family,White,Male,0,0,50,United-States,0,0.27495968094972056,0,1,0.0
27,Private,371103,Bachelors,13,Never-married,Adm-clerical,Not-in-family,Black,Female,0,0,40,United-States,0,0.018596037928018835,0,1,0.0
40,Private,141583,10th,6,Never-married,Other-service,Unmarried,Black,Female,0,0,40,United-States,0,0.00844528378514407,0,1,0.0
46,Self-emp-inc,167882,Assoc-voc,11,Divorced,Exec-managerial,Not-in-family,White,Female,8614,0,70,United-States,1,0.9973531233505195,1,1,0.0
23,Private,46645,Bachelors,13,Never-married,Prof-specialty,Not-in-family,White,Female,0,0,25,United-States,0,0.006029102617496121,0,1,0.0
37,Private,301614,Bachelors,13,Never-married,Machine-op-inspct,Other-relative,White,Male,0,0,40,United-States,0,0.03164196631721781,0,1,0.0
36,Self-emp-not-inc,206520,Bachelors,13,Never-married,Craft-repair,Own-child,White,Male,0,0,40,United-States,0,0.1565095254813017,0,1,0.0
18,,221312,Some-college,10,Never-married,,Other-relative,White,Male,0,0,40,United-States,0,0.0010717730840269066,0,1,0.0
51,Local-gov,114508,9th,5,Separated,Other-service,Other-relative,White,Female,0,0,40,United-States,0,0.006354745194859852,0,1,0.0
50,Private,140516,HS-grad,9,Married-civ-spouse,Protective-serv,Husband,White,Male,0,0,40,United-States,1,0.6759654785662856,1,1,0.0
64,Self-emp-not-inc,144391,Masters,14,Married-civ-spouse,Farming-fishing,Husband,White,Male,0,0,40,United-States,0,0.5584714900788801,0,1,0.0
38,State-gov,168223,Some-college,10,Divorced,Adm-clerical,Unmarried,White,Female,0,0,40,United-States,0,0.03937313870323398,0,1,0.0
28,Private,119287,Bachelors,13,Married-civ-spouse,Exec-managerial,Wife,White,Female,15024,0,28,United-States,1,0.9988791286733889,1,1,0.0
61,Self-emp-not-inc,44983,HS-grad,9,Married-civ-spouse,Craft-repair,Husband,White,Male,0,0,20,United-States,0,0.16309935229383263,0,1,0.0
22,Private,303822,10th,6,Never-married,Craft-repair,Own-child,White,Male,0,0,40,United-States,0,0.010724473121791114,0,1,0.0
51,Private,229272,HS-grad,9,Divorced,Other-service,Other-relative,Black,Male,0,0,32,Haiti,0,0.0135994411315816,0,1,0.0
21,State-gov,337766,Some-college,10,Never-married,Prof-specialty,Own-child,White,Male,0,0,20,United-States,0,0.0057936685670417045,0,1,0.0
19,Self-emp-not-inc,47176,Some-college,10,Never-married,Craft-repair,Not-in-family,White,Female,0,0,15,United-States,0,0.0018034758993676317,0,1,0.0
30,Private,122042,Masters,14,Married-civ-spouse,Exec-managerial,Husband,White,Male,0,0,45,United-States,1,0.9054911044019884,1,1,0.0
43,Private,236936,HS-grad,9,Divorced,Exec-managerial,Unmarried,White,Female,0,0,47,United-States,1,0.23930200077792077,0,1,0.0
65,,240857,Bachelors,13,Married-civ-spouse,,Husband,White,Male,0,2377,40,United-States,1,0.9480454720659002,1,1,0.0
40,Private,206927,HS-grad,9,Married-civ-spouse,Craft-repair,Husband,White,Male,0,1887,40,United-States,1,0.9916450821300301,1,1,0.0
23,Private,203203,Bachelors,13,Never-married,Prof-specialty,Not-in-family,White,Female,0,0,40,United-States,0,0.02616686609647404,0,1,0.0
36,Private,271767,Bachelors,13,Separated,Prof-specialty,Not-in-family,White,Male,0,0,40,,0,0.4444133246082309,0,1,0.0
46,Private,171228,HS-grad,9,Married-civ-spouse,Machine-op-inspct,Husband,White,Male,3411,0,35,Guatemala,0,0.04428030701406119,0,1,0.0
50,Private,238959,Bachelors,13,Married-civ-spouse,Sales,Husband,White,Male,99999,0,60,,1,0.9990413251730162,1,1,0.0
25,Private,69739,10th,6,Never-married,Machine-op-inspct,Own-child,White,Male,0,0,40,Portugal,0,0.00801977537639927,0,1,0.0
36,Private,148143,HS-grad,9,Never-married,Machine-op-inspct,Other-relative,Black,Female,0,0,40,United-States,0,0.003121747743731109,0,1,0.0
47,Private,264244,HS-grad,9,Married-spouse-absent,Craft-repair,Not-in-family,Black,Female,0,0,40,United-States,0,0.04852302121399009,0,1,0.0
50,,339547,Some-college,10,Married-civ-spouse,,Husband,Asian-Pac-Islander,Male,0,0,50,,0,0.8186375827480549,1,1,0.0
47,State-gov,100818,HS-grad,9,Married-civ-spouse,Adm-clerical,Wife,White,Female,0,0,40,United-States,1,0.6681105524588665,1,1,0.0
46,Private,166269,Some-college,10,Divorced,Sales,Unmarried,White,Male,0,0,50,United-States,0,0.5144045035624133,0,1,0.0
41,Private,267252,Some-college,10,Married-civ-spouse,Machine-op-inspct,Husband,Black,Male,0,1902,40,United-States,1,0.9634583378305476,1,1,0.0
30,Private,220915,Bachelors,13,Married-civ-spouse,Prof-specialty,Husband,White,Male,0,0,60,United-States,0,0.8506585382399824,1,1,0.0
49,Private,128736,Bachelors,13,Never-married,Prof-specialty,Unmarried,White,Female,0,0,40,United-States,0,0.32808008037620595,0,1,0.0
55,Local-gov,161662,Masters,14,Married-civ-spouse,Exec-managerial,Husband,White,Male,0,0,55,United-States,1,0.9342048677694265,1,1,0.0
39,Private,186934,HS-grad,9,Married-civ-spouse,Craft-repair,Husband,White,Male,0,0,38,United-States,0,0.5640565331231304,0,1,0.0
33,Private,92003,HS-grad,9,Married-civ-spouse,Adm-clerical,Wife,White,Female,0,0,40,United-States,0,0.5541984526773103,0,1,0.0
36,Local-gov,101833,Bachelors,13,Separated,Prof-specialty,Not-in-family,White,Male,0,0,40,United-States,0,0.24112599289228318,0,1,0.0
61,Private,101701,Bachelors,13,Married-civ-spouse,Other-service,Husband,Black,Male,0,0,20,United-States,0,0.26429238840567976,0,1,0.0
40,Private,111067,Bachelors,13,Married-civ-spouse,Handlers-cleaners,Husband,White,Male,0,0,80,United-States,1,0.5762069706490567,0,1,0.0
58,State-gov,280519,HS-grad,9,Divorced,Other-service,Own-child,Black,Male,0,0,40,United-States,0,0.030673315832159806,0,1,0.0
40,Private,434081,HS-grad,9,Divorced,Machine-op-inspct,Own-child,White,Female,0,0,40,United-States,0,0.03859495645345516,0,1,0.0
47,Private,124973,Assoc-voc,11,Married-civ-spouse,Exec-managerial,Husband,White,Male,15024,0,50,United-States,1,0.9991358444085157,1,1,0.0
33,Private,433375,1st-4th,2,Married-civ-spouse,Craft-repair,Husband,White,Male,0,0,35,Mexico,0,0.04786682758350053,0,1,0.0
37,Private,222450,HS-grad,9,Never-married,Sales,Not-in-family,White,Male,0,2339,40,El-Salvador,0,0.24042640107011962,0,1,0.0
72,Self-emp-not-inc,32819,Masters,14,Married-civ-spouse,Craft-repair,Husband,White,Male,0,0,30,United-States,0,0.44064444609834913,0,1,0.0
76,Private,208843,7th-8th,4,Widowed,Protective-serv,Not-in-family,White,Male,0,0,30,United-States,0,0.044772936576534264,0,1,0.0
33,State-gov,171151,HS-grad,9,Never-married,Adm-clerical,Not-in-family,Black,Female,0,0,40,United-States,0,0.008777922354926021,0,1,0.0
21,Private,34816,Assoc-voc,11,Married-civ-spouse,Adm-clerical,Wife,White,Female,0,0,12,United-States,0,0.058653021997109,0,1,0.0
41,Self-emp-inc,56019,Prof-school,15,Married-civ-spouse,Prof-specialty,Husband,Asian-Pac-Islander,Male,99999,0,50,India,1,0.9991773957574585,1,1,0.0
49,Private,180532,Masters,14,Married-spouse-absent,Prof-specialty,Not-in-family,White,Male,0,0,40,United-States,0,0.639593428443736,0,1,0.0
18,,173125,12th,8,Never-married,,Own-child,White,Female,0,0,24,United-States,0,0.0006748513232342976,0,1,0.0
53,Private,149784,Bachelors,13,Married-civ-spouse,Prof-specialty,Husband,White,Male,7688,0,40,United-States,1,0.9985225735508536,1,1,0.0
51,Private,508891,HS-grad,9,Divorced,Machine-op-inspct,Own-child,Black,Male,0,0,40,United-States,0,0.035783520584785275,0,1,0.0
43,Private,91949,HS-grad,9,Divorced,Machine-op-inspct,Not-in-family,Black,Female,0,0,40,United-States,0,0.012168461718283462,0,1,0.0
26,Private,125680,Bachelors,13,Never-married,Prof-specialty,Not-in-family,Asian-Pac-Islander,Male,0,0,16,Japan,0,0.02514096532256285,0,1,0.0
53,Local-gov,216931,Some-college,10,Married-civ-spouse,Protective-serv,Husband,White,Male,4386,0,40,United-States,1,0.9698574341944028,1,1,0.0
17,Private,132680,10th,6,Never-married,Other-service,Own-child,White,Female,0,1602,10,United-States,0,0.00045976755794124977,0,1,0.0
46,,202560,HS-grad,9,Married-civ-spouse,,Wife,White,Female,0,0,40,United-States,1,0.6343826132040022,0,1,0.0
30,Private,237903,Some-college,10,Never-married,Handlers-cleaners,Unmarried,White,Female,0,0,40,United-States,0,0.020299329398288123,0,1,0.0
46,Federal-gov,213140,Masters,14,Married-civ-spouse,Exec-managerial,Husband,White,Male,0,1977,40,United-States,1,0.9947436080972681,1,1,0.0
37,Private,38948,HS-grad,9,Married-civ-spouse,Machine-op-inspct,Husband,White,Male,0,0,40,United-States,1,0.528727137189219,0,1,0.0
51,Private,207449,Bachelors,13,Married-civ-spouse,Exec-managerial,Husband,White,Male,0,0,55,United-States,0,0.9292105032136118,1,1,0.0
37,Private,212826,HS-grad,9,Married-civ-spouse,Other-service,Husband,Black,Male,0,0,40,United-States,0,0.2941834965529946,0,1,0.0
33,Private,93206,5th-6th,3,Married-civ-spouse,Farming-fishing,Husband,Asian-Pac-Islander,Male,0,0,40,Philippines,0,0.09465405954781392,0,1,0.0
59,Private,100453,7th-8th,4,Separated,Other-service,Own-child,Black,Female,0,0,38,United-States,0,0.011154092883101013,0,1,0.0
39,Private,347960,Prof-school,15,Never-married,Prof-specialty,Not-in-family,White,Female,14084,0,35,United-States,1,0.9987139107231003,1,1,0.0
45,Local-gov,308275,Bachelors,13,Married-civ-spouse,Exec-managerial,Husband,Black,Male,7688,0,65,United-States,1,0.9986870344477872,1,1,0.0
33,Self-emp-not-inc,173495,HS-grad,9,Married-civ-spouse,Craft-repair,Husband,White,Male,0,0,50,United-States,0,0.4725148034098705,0,1,0.0
36,Private,282092,Assoc-acdm,12,Never-married,Tech-support,Not-in-family,White,Female,0,0,40,United-States,0,0.050801893616981376,0,1,0.0
34,Private,185216,Some-college,10,Never-married,Adm-clerical,Own-child,White,Male,0,0,40,United-States,0,0.06968060679095135,0,1,0.0
67,Self-emp-not-inc,107138,Some-college,10,Married-civ-spouse,Sales,Husband,White,Male,0,0,40,United-States,0,0.5906903994891989,0,1,0.0
59,Federal-gov,23789,HS-grad,9,Married-civ-spouse,Sales,Wife,White,Female,0,0,40,United-States,1,0.7334581352362534,1,1,0.0
52,Private,157413,1st-4th,2,Divorced,Farming-fishing,Not-in-family,Black,Male,0,0,40,United-States,0,0.020628131380051682,0,1,0.0
21,Private,33432,Some-college,10,Never-married,Prof-specialty,Own-child,White,Female,0,0,8,United-States,0,0.003546037793868913,0,1,0.0
19,Private,118352,Some-college,10,Never-married,Other-service,Own-child,White,Female,0,0,16,United-States,0,0.0010282480643107694,0,1,0.0
26,Local-gov,566066,Bachelors,13,Never-married,Protective-serv,Unmarried,Black,Female,0,0,40,United-States,0,0.028809868038912438,0,1,0.0
46,Private,102308,HS-grad,9,Married-civ-spouse,Handlers-cleaners,Husband,White,Male,0,0,56,United-States,1,0.5873467279095622,0,1,0.0
46,Private,280766,HS-grad,9,Divorced,Protective-serv,Not-in-family,White,Male,0,0,40,Cuba,0,0.15115246862158893,0,1,0.0
41,Private,356934,Some-college,10,Married-civ-spouse,Tech-support,Husband,White,Male,0,0,45,United-States,1,0.8678687681803599,1,1,0.0
42,Private,191149,HS-grad,9,Married-civ-spouse,Sales,Wife,White,Female,0,0,40,United-States,1,0.6901778521544573,1,1,0.0
47,Self-emp-not-inc,122307,Bachelors,13,Married-civ-spouse,Sales,Husband,White,Male,0,1887,40,United-States,1,0.9919078745465583,1,1,0.0
33,Local-gov,511289,Assoc-voc,11,Married-civ-spouse,Protective-serv,Husband,White,Male,0,0,48,United-States,1,0.8292792834650323,1,1,0.0
41,Private,718736,Some-college,10,Widowed,Other-service,Unmarried,White,Female,0,0,40,United-States,0,0.03119366205593472,0,1,0.0
47,State-gov,187581,Assoc-voc,11,Married-civ-spouse,Tech-support,Husband,White,Male,0,0,48,United-States,1,0.8429578469009766,1,1,0.0
19,Private,52372,Some-college,10,Never-married,Other-service,Own-child,White,Male,0,0,20,United-States,0,0.001370738814703346,0,1,0.0
22,,196943,Some-college,10,Separated,,Own-child,White,Male,0,0,25,United-States,0,0.005164610111274069,0,1,0.0
33,Local-gov,55921,Assoc-voc,11,Never-married,Protective-serv,Not-in-family,White,Male,0,0,70,United-States,0,0.369165857380753,0,1,0.0
21,Private,209955,HS-grad,9,Never-married,Craft-repair,Not-in-family,White,Male,0,0,48,United-States,0,0.020637907238893062,0,1,0.0
23,Private,1038553,HS-grad,9,Never-married,Exec-managerial,Not-in-family,Black,Male,0,0,45,United-States,0,0.007921102317883736,0,1,0.0
30,Private,112115,Bachelors,13,Married-civ-spouse,Exec-managerial,Husband,White,Male,0,0,50,United-States,1,0.8909251951915065,1,1,0.0
31,Private,182246,HS-grad,9,Divorced,Craft-repair,Not-in-family,White,Male,0,0,45,United-States,0,0.13584323421552852,0,1,0.0
36,Private,398575,Some-college,10,Never-married,Tech-support,Unmarried,White,Female,0,0,40,United-States,0,0.07052385688179456,0,1,0.0
54,Local-gov,173050,Masters,14,Married-civ-spouse,Prof-specialty,Husband,White,Male,7688,0,40,United-States,1,0.9984683568057667,1,1,0.0
27,State-gov,249362,Some-college,10,Married-civ-spouse,Transport-moving,Husband,White,Male,3411,0,40,United-States,0,0.016179982936260422,0,1,0.0
30,Private,333119,Some-college,10,Never-married,Craft-repair,Not-in-family,White,Male,0,0,40,United-States,0,0.05899650759301867,0,1,0.0
25,Private,301634,Assoc-acdm,12,Never-married,Exec-managerial,Not-in-family,White,Male,0,0,40,United-States,0,0.0540887920704071,0,1,0.0
43,Private,187164,HS-grad,9,Married-civ-spouse,Transport-moving,Husband,White,Male,0,0,50,United-States,0,0.6222087929691548,0,1,0.0
47,Local-gov,128401,Doctorate,16,Never-married,Prof-specialty,Unmarried,White,Female,0,0,40,United-States,0,0.6160943194913989,0,1,0.0
20,Private,232577,Some-college,10,Never-married,Other-service,Unmarried,White,Female,0,0,40,United-States,0,0.003820761387229729,0,1,0.0
51,Private,21698,HS-grad,9,Never-married,Adm-clerical,Not-in-family,White,Female,0,0,40,United-States,0,0.06075287424384179,0,1,0.0
44,Private,172025,Some-college,10,Separated,Adm-clerical,Unmarried,White,Female,0,0,38,United-States,0,0.032410302629266315,0,1,0.0
37,Self-emp-not-inc,400287,Masters,14,Married-civ-spouse,Prof-specialty,Wife,White,Female,0,1887,15,United-States,1,0.9932799358140458,1,1,0.0
49,Private,193047,HS-grad,9,Married-civ-spouse,Craft-repair,Husband,White,Male,0,0,45,United-States,1,0.7313895218489311,1,1,0.0
40,,438427,Assoc-acdm,12,Separated,,Unmarried,Black,Female,0,0,55,United-States,0,0.10904517197901552,0,1,0.0
23,Private,195532,Bachelors,13,Never-married,Exec-managerial,Own-child,White,Female,0,0,40,United-States,0,0.013772139728019429,0,1,0.0
36,Self-emp-not-inc,177907,Doctorate,16,Never-married,Prof-specialty,Not-in-family,White,Male,0,0,40,United-States,1,0.8206241015759487,1,1,0.0
33,Private,154227,Some-college,10,Married-civ-spouse,Machine-op-inspct,Husband,White,Male,0,0,40,United-States,1,0.5943724745670902,0,1,0.0
54,Private,156877,HS-grad,9,Married-civ-spouse,Craft-repair,Husband,White,Male,0,0,40,Greece,0,0.5914956303962083,0,1,0.0
20,Private,133515,Some-college,10,Never-married,Sales,Other-relative,White,Female,0,0,40,United-States,0,0.0023132657943565897,0,1,0.0
49,Federal-gov,168598,HS-grad,9,Married-civ-spouse,Adm-clerical,Wife,Black,Female,0,0,40,United-States,1,0.7672519966133025,1,1,0.0
19,Private,175083,HS-grad,9,Never-married,Sales,Own-child,White,Female,0,0,8,United-States,0,0.0007662231153919398,0,1,0.0
21,Private,112225,Some-college,10,Never-married,Exec-managerial,Own-child,Asian-Pac-Islander,Male,0,0,15,United-States,0,0.004007790140162961,0,1,0.0
41,Private,143046,Masters,14,Never-married,Adm-clerical,Not-in-family,White,Female,0,0,40,United-States,0,0.1370471045625419,0,1,0.0
43,Self-emp-not-inc,47261,Some-college,10,Married-civ-spouse,Farming-fishing,Husband,White,Male,0,0,50,United-States,0,0.23478401835318707,0,1,0.0
57,Private,111385,10th,6,Never-married,Other-service,Not-in-family,White,Male,0,0,40,United-States,0,0.05381211259239319,0,1,0.0
44,Private,116632,Some-college,10,Married-civ-spouse,Prof-specialty,Husband,White,Male,0,0,40,United-States,1,0.792065307809131,1,1,0.0
35,Private,165799,HS-grad,9,Divorced,Exec-managerial,Not-in-family,White,Male,0,0,60,United-States,0,0.29731602786309225,0,1,0.0
19,Private,105460,Some-college,10,Never-married,Other-service,Own-child,White,Male,0,0,20,United-States,0,0.0014391301333721875,0,1,0.0
63,,54851,HS-grad,9,Married-civ-spouse,,Husband,White,Male,0,0,40,United-States,0,0.4995280497737014,0,1,0.0
29,Private,52636,HS-grad,9,Married-civ-spouse,Transport-moving,Husband,White,Male,0,0,40,United-States,0,0.34365884956997506,0,1,0.0
18,State-gov,391257,Some-college,10,Never-married,Other-service,Not-in-family,White,Female,0,0,40,United-States,0,0.002105084189371742,0,1,0.0
28,Private,249870,Prof-school,15,Never-married,Prof-specialty,Not-in-family,Black,Male,0,0,50,United-States,0,0.36373431845377696,0,1,0.0
31,Private,226443,Bachelors,13,Married-civ-spouse,Prof-specialty,Husband,White,Male,0,0,40,United-States,0,0.8384992884843678,1,1,0.0
63,Private,134960,HS-grad,9,Married-civ-spouse,Sales,Husband,White,Male,0,0,40,Scotland,0,0.5815023269682228,0,1,0.0
20,Self-emp-not-inc,428299,HS-grad,9,Never-married,Sales,Own-child,White,Male,0,0,40,United-States,0,0.0038027944442181622,0,1,0.0
35,Private,126569,Some-college,10,Married-civ-spouse,Sales,Husband,White,Male,4064,0,40,United-States,0,0.04710289428142983,0,1,0.0
35,Private,107302,Bachelors,13,Married-civ-spouse,Sales,Husband,White,Male,0,0,40,United-States,1,0.7852183605466007,1,1,0.0
30,Private,247156,HS-grad,9,Never-married,Transport-moving,Own-child,Black,Male,0,0,40,United-States,0,0.008516709797228076,0,1,0.0
48,Local-gov,186172,Assoc-acdm,12,Married-civ-spouse,Protective-serv,Husband,White,Male,0,0,40,United-States,1,0.8593668327989038,1,1,0.0
54,Private,161691,Masters,14,Divorced,Prof-specialty,Not-in-family,White,Female,0,2559,40,United-States,1,0.9754240250651203,1,1,0.0
48,Self-emp-inc,275100,HS-grad,9,Married-civ-spouse,Exec-managerial,Husband,White,Male,0,0,70,Greece,1,0.8646523935552163,1,1,0.0
34,Private,259818,HS-grad,9,Divorced,Other-service,Unmarried,Black,Female,0,0,40,United-States,0,0.01760800759732496,0,1,0.0
44,State-gov,59460,HS-grad,9,Married-civ-spouse,Other-service,Wife,White,Female,0,0,15,United-States,0,0.3432726158046658,0,1,0.0
28,Private,70034,Bachelors,13,Married-civ-spouse,Sales,Husband,White,Male,0,0,45,United-States,1,0.7452778005396614,1,1,0.0
39,Self-emp-inc,170174,HS-grad,9,Married-civ-spouse,Exec-managerial,Husband,White,Male,0,0,60,United-States,1,0.8218461200977448,1,1,0.0
32,Private,408328,7th-8th,4,Married-civ-spouse,Craft-repair,Husband,White,Male,0,0,40,United-States,0,0.22023142440976132,0,1,0.0
25,Private,209970,Bachelors,13,Never-married,Prof-specialty,Not-in-family,White,Female,0,0,40,United-States,0,0.054848021679381125,0,1,0.0
20,Private,117767,Some-college,10,Never-married,Prof-specialty,Own-child,White,Male,0,0,40,United-States,0,0.009177566385958763,0,1,0.0
29,Private,154571,Some-college,10,Never-married,Craft-repair,Other-relative,Asian-Pac-Islander,Male,0,0,40,,0,0.025798710168717206,0,1,0.0
61,,116230,Bachelors,13,Married-civ-spouse,,Husband,White,Male,0,0,40,United-States,1,0.7863395972756019,1,1,0.0
61,Private,167138,HS-grad,9,Divorced,Exec-managerial,Not-in-family,White,Female,0,0,40,United-States,0,0.15817181415210613,0,1,0.0
40,Self-emp-not-inc,107762,Bachelors,13,Married-civ-spouse,Exec-managerial,Husband,White,Male,0,0,45,United-States,0,0.7632212195176922,1,1,0.0
34,Private,204470,Masters,14,Married-civ-spouse,Exec-managerial,Husband,White,Male,0,0,50,United-States,1,0.9233585587973778,1,1,0.0
75,Private,185603,10th,6,Widowed,Tech-support,Not-in-family,White,Female,0,0,32,United-States,0,0.06697268238167502,0,1,0.0
42,Private,104647,HS-grad,9,Divorced,Other-service,Not-in-family,White,Male,0,0,40,United-States,0,0.05403059627036998,0,1,0.0
19,Private,451951,HS-grad,9,Never-married,Sales,Not-in-family,White,Female,0,0,40,United-States,0,0.002925398451813787,0,1,0.0
27,Private,187746,Some-college,10,Never-married,Other-service,Own-child,White,Female,0,0,40,United-States,0,0.025317470519743954,0,1,0.0
59,Self-emp-not-inc,98418,HS-grad,9,Married-civ-spouse,Farming-fishing,Husband,White,Male,0,0,20,United-States,0,0.11828139676159359,0,1,0.0
78,Private,182977,HS-grad,9,Widowed,Other-service,Not-in-family,Black,Female,2964,0,40,United-States,0,0.0042531160730067226,0,1,0.0
46,Private,45363,Prof-school,15,Divorced,Prof-specialty,Not-in-family,White,Male,0,2824,40,United-States,1,0.978180543951884,1,1,0.0
26,Private,212304,7th-8th,4,Never-married,Machine-op-inspct,Own-child,White,Male,0,0,48,United-States,0,0.025125542492504527,0,1,0.0
58,Local-gov,101480,Assoc-voc,11,Widowed,Adm-clerical,Not-in-family,White,Female,0,0,40,United-States,0,0.05711899143777667,0,1,0.0
35,Private,202263,Assoc-acdm,12,Never-married,Exec-managerial,Not-in-family,White,Male,0,0,38,United-States,0,0.18131740920789127,0,1,0.0
26,Private,150361,Some-college,10,Never-married,Tech-support,Own-child,White,Female,0,0,40,United-States,0,0.019133779043981614,0,1,0.0
32,Private,107843,HS-grad,9,Married-civ-spouse,Machine-op-inspct,Husband,White,Male,5178,0,50,United-States,1,0.9861135837152653,1,1,0.0
21,Private,212213,Assoc-acdm,12,Never-married,Adm-clerical,Not-in-family,Black,Female,0,0,40,United-States,0,0.007735372310246009,0,1,0.0
34,Private,284629,HS-grad,9,Married-civ-spouse,Prof-specialty,Husband,White,Male,0,0,40,United-States,0,0.587759594162983,0,1,0.0
38,Private,179117,Assoc-acdm,12,Never-married,Machine-op-inspct,Not-in-family,Black,Female,10520,0,50,United-States,1,0.9962440212095509,1,1,0.0
31,Private,328118,Some-college,10,Never-married,Other-service,Not-in-family,White,Female,0,0,20,United-States,0,0.01404911775188242,0,1,0.0
51,Federal-gov,68898,Some-college,10,Married-civ-spouse,Exec-managerial,Husband,White,Male,0,0,40,United-States,1,0.8810917345449674,1,1,0.0
43,Local-gov,225165,Some-college,10,Married-civ-spouse,Protective-serv,Husband,White,Male,0,0,40,United-States,0,0.8398542594779661,1,1,0.0
18,Self-emp-not-inc,296090,HS-grad,9,Never-married,Sales,Own-child,White,Male,0,0,48,,0,0.0029001786762400963,0,1,0.0
21,Private,119704,Some-college,10,Never-married,Sales,Unmarried,White,Female,0,0,35,United-States,0,0.009352658233487323,0,1,0.0
69,Federal-gov,47341,Masters,14,Divorced,Prof-specialty,Not-in-family,White,Female,0,0,5,United-States,0,0.12945943229013004,0,1,0.0
37,Self-emp-not-inc,86643,Assoc-acdm,12,Never-married,Transport-moving,Not-in-family,White,Male,0,0,50,United-States,0,0.2591512174652683,0,1,0.0
63,Private,192849,Bachelors,13,Divorced,Other-service,Not-in-family,White,Female,0,0,10,United-States,0,0.0458431855060104,0,1,0.0
33,Private,56121,HS-grad,9,Never-married,Transport-moving,Not-in-family,White,Male,0,0,60,United-States,0,0.07869621033938858,0,1,0.0
29,Private,22641,HS-grad,9,Married-civ-spouse,Machine-op-inspct,Husband,Amer-Indian-Eskimo,Male,0,0,45,United-States,0,0.1801610462221751,0,1,0.0
34,Private,107417,HS-grad,9,Married-civ-spouse,Craft-repair,Husband,White,Male,0,0,40,United-States,0,0.42461242097196056,0,1,0.0
35,Private,397307,Masters,14,Never-married,Exec-managerial,Not-in-family,White,Female,0,0,55,United-States,0,0.6871987899729859,1,1,0.0
55,Local-gov,227386,Bachelors,13,Married-civ-spouse,Prof-specialty,Husband,White,Male,0,0,40,United-States,1,0.8905189280969761,1,1,0.0
48,Self-emp-not-inc,28791,HS-grad,9,Married-civ-spouse,Sales,Wife,White,Female,0,0,50,United-States,0,0.4917461563074592,0,1,0.0
36,Federal-gov,359249,Some-college,10,Separated,Adm-clerical,Not-in-family,Black,Male,0,0,40,United-States,0,0.10039609136752788,0,1,0.0
17,Private,286422,10th,6,Never-married,Handlers-cleaners,Own-child,White,Male,0,0,25,United-States,0,0.0006299091373043796,0,1,0.0
57,,300104,5th-6th,3,Married-civ-spouse,,Husband,White,Male,7298,0,84,United-States,1,0.9960930801077658,1,1,0.0
31,Private,150553,Assoc-acdm,12,Never-married,Tech-support,Not-in-family,Asian-Pac-Islander,Female,0,0,40,United-States,0,0.020918167307897747,0,1,0.0
46,Self-emp-not-inc,176863,HS-grad,9,Married-civ-spouse,Exec-managerial,Husband,White,Male,0,0,40,United-States,0,0.5911584067884071,0,1,0.0
38,Private,223004,Some-college,10,Never-married,Other-service,Own-child,White,Male,0,0,40,United-States,0,0.06000182380877773,0,1,0.0
51,Self-emp-not-inc,321865,Some-college,10,Married-civ-spouse,Other-service,Husband,White,Male,0,0,99,United-States,0,0.342664668304532,0,1,0.0
37,Private,151835,Bachelors,13,Married-civ-spouse,Prof-specialty,Husband,White,Male,0,0,40,,1,0.8730868377961676,1,1,0.0
32,Private,296466,Assoc-voc,11,Married-civ-spouse,Craft-repair,Husband,White,Male,0,0,40,United-States,1,0.5525256228710406,0,1,0.0
52,Federal-gov,38973,Bachelors,13,Separated,Adm-clerical,Unmarried,Black,Female,0,0,40,United-States,0,0.10515111497780347,0,1,0.0
21,Private,688355,HS-grad,9,Never-married,Adm-clerical,Unmarried,Black,Female,0,0,40,United-States,0,0.002212194223170165,0,1,0.0
30,Local-gov,181372,Bachelors,13,Married-civ-spouse,Prof-specialty,Wife,White,Female,0,0,33,United-States,1,0.8678795569221807,1,1,0.0
38,Self-emp-not-inc,331374,11th,7,Married-civ-spouse,Other-service,Husband,White,Male,0,0,60,United-States,0,0.2599540876338055,0,1,0.0
29,,1024535,11th,7,Never-married,,Own-child,Black,Male,0,0,40,United-States,0,0.004886772201074313,0,1,0.0
41,Local-gov,75313,Prof-school,15,Married-civ-spouse,Prof-specialty,Husband,White,Male,0,0,40,,1,0.9031690265671503,1,1,0.0
23,Private,202920,Assoc-voc,11,Never-married,Adm-clerical,Own-child,White,Female,0,0,40,Germany,0,0.01109628469197317,0,1,0.0
21,Private,206681,Some-college,10,Never-married,Sales,Own-child,White,Female,0,0,15,United-States,0,0.002536317327340275,0,1,0.0
19,Private,243941,Some-college,10,Never-married,Sales,Own-child,Amer-Indian-Eskimo,Female,0,1721,25,United-States,0,0.0003961726793405782,0,1,0.0
40,Self-emp-not-inc,243636,Bachelors,13,Married-civ-spouse,Sales,Husband,White,Male,0,0,50,United-States,1,0.8140570264911066,1,1,0.0
59,Private,109015,Some-college,10,Never-married,Prof-specialty,Not-in-family,White,Female,0,0,38,United-States,1,0.18318392768791003,0,1,0.0
35,Private,192923,HS-grad,9,Married-civ-spouse,Craft-repair,Husband,White,Male,0,2377,40,United-States,0,0.49529321447907737,0,1,0.0
33,Private,152109,Assoc-acdm,12,Married-civ-spouse,Craft-repair,Husband,White,Male,0,0,45,United-States,0,0.6842577960433256,1,1,0.0
54,Federal-gov,72257,HS-grad,9,Married-civ-spouse,Machine-op-inspct,Husband,White,Male,7688,0,40,United-States,1,0.9984878872263062,1,1,0.0
64,Private,75577,7th-8th,4,Married-civ-spouse,Adm-clerical,Husband,White,Male,2580,0,50,United-States,0,0.035004306011423125,0,1,0.0
17,Private,103851,11th,7,Never-married,Adm-clerical,Own-child,White,Female,1055,0,20,United-States,0,0.00016309850939845235,0,1,0.0
22,Private,201615,Assoc-acdm,12,Never-married,Adm-clerical,Other-relative,White,Female,0,0,37,United-States,0,0.00811087742770443,0,1,0.0
27,Self-emp-not-inc,334132,Assoc-acdm,12,Never-married,Prof-specialty,Not-in-family,White,Female,0,0,78,United-States,0,0.1795080355275876,0,1,0.0
44,Private,44006,Assoc-voc,11,Divorced,Transport-moving,Not-in-family,White,Male,0,0,40,United-States,0,0.16280824443905648,0,1,0.0
37,Self-emp-not-inc,121510,HS-grad,9,Divorced,Exec-managerial,Unmarried,White,Male,0,0,55,United-States,0,0.2049793077547434,0,1,0.0
44,Local-gov,196456,Masters,14,Never-married,Prof-specialty,Not-in-family,White,Female,0,1669,40,United-States,0,0.04821624776503176,0,1,0.0
56,Self-emp-not-inc,94156,Prof-school,15,Married-civ-spouse,Prof-specialty,Husband,White,Male,0,1977,50,United-States,1,0.9929922174458845,1,1,0.0
46,State-gov,146305,Some-college,10,Divorced,Tech-support,Not-in-family,Other,Female,0,0,48,United-States,0,0.23078389469189362,0,1,0.0
22,Federal-gov,104443,Some-college,10,Never-married,Adm-clerical,Own-child,White,Female,0,0,20,United-States,0,0.0025116724157448105,0,1,0.0
62,Self-emp-inc,164616,Doctorate,16,Married-civ-spouse,Prof-specialty,Husband,White,Male,15024,0,45,United-States,1,0.9960805709687626,1,1,0.0
38,Local-gov,34744,Some-college,10,Divorced,Adm-clerical,Unmarried,White,Female,0,0,38,United-States,0,0.032631283007084066,0,1,0.0
34,Private,122116,Some-college,10,Married-civ-spouse,Exec-managerial,Husband,White,Male,0,0,40,United-States,0,0.7728052732923774,1,1,0.0
41,Private,228847,Some-college,10,Married-civ-spouse,Sales,Husband,White,Male,0,0,40,United-States,1,0.7696290937628114,1,1,0.0
64,Self-emp-not-inc,178748,1st-4th,2,Married-civ-spouse,Craft-repair,Husband,White,Male,0,0,40,Mexico,0,0.08326333990083813,0,1,0.0
49,Federal-gov,89334,Bachelors,13,Married-civ-spouse,Prof-specialty,Husband,White,Male,0,0,40,United-States,0,0.9150734851640573,1,1,0.0
24,Private,199555,Assoc-voc,11,Never-married,Sales,Unmarried,White,Male,0,0,5,United-States,0,0.010339126195238689,0,1,0.0
20,,190290,Some-college,10,Never-married,,Own-child,White,Male,0,0,35,United-States,0,0.003240851121868235,0,1,0.0
46,Private,45857,HS-grad,9,Divorced,Sales,Not-in-family,White,Female,0,0,33,United-States,0,0.034775252225441936,0,1,0.0
65,Private,220788,Masters,14,Never-married,Prof-specialty,Not-in-family,White,Male,0,0,60,United-States,0,0.6514850693702172,1,1,0.0
44,Self-emp-not-inc,38122,HS-grad,9,Divorced,Craft-repair,Not-in-family,White,Male,0,0,45,United-States,0,0.1826221842806855,0,1,0.0
40,Private,153799,Bachelors,13,Married-civ-spouse,Sales,Wife,White,Female,0,0,72,,1,0.864272983081039,1,1,0.0
39,Private,90646,Assoc-voc,11,Divorced,Adm-clerical,Unmarried,White,Female,0,0,40,United-States,0,0.04706205645952242,0,1,0.0
21,,182288,Some-college,10,Never-married,,Own-child,White,Female,0,0,40,United-States,0,0.006962839483803904,0,1,0.0
39,State-gov,142897,Assoc-voc,11,Never-married,Exec-managerial,Unmarried,White,Female,0,0,50,United-States,0,0.20165968163333642,0,1,0.0
33,Private,199248,Some-college,10,Married-civ-spouse,Prof-specialty,Wife,White,Female,0,0,40,United-States,0,0.7624175741178578,1,1,0.0
46,Private,375606,Doctorate,16,Never-married,Prof-specialty,Not-in-family,White,Male,0,0,40,United-States,1,0.870442547365485,1,1,0.0
30,Private,58582,Bachelors,13,Never-married,Craft-repair,Own-child,White,Male,0,0,10,United-States,0,0.037014243531070905,0,1,0.0
25,Private,93223,Some-college,10,Divorced,Prof-specialty,Unmarried,White,Female,0,0,35,United-States,0,0.027016536783585017,0,1,0.0
50,Local-gov,50048,Masters,14,Married-civ-spouse,Prof-specialty,Husband,White,Male,0,0,52,United-States,1,0.8847041780421533,1,1,0.0
17,,40299,10th,6,Never-married,,Not-in-family,White,Female,0,0,30,United-States,0,0.0009804683520252772,0,1,0.0
43,Private,388849,Assoc-acdm,12,Married-civ-spouse,Handlers-cleaners,Husband,White,Male,0,0,60,United-States,0,0.7847520813245618,1,1,0.0
24,Private,216129,HS-grad,9,Never-married,Craft-repair,Own-child,White,Male,0,1408,50,United-States,0,0.00668372431870279,0,1,0.0
54,State-gov,151580,Some-college,10,Married-civ-spouse,Prof-specialty,Husband,White,Male,0,1902,40,United-States,1,0.9897706863437395,1,1,0.0
58,Private,83542,HS-grad,9,Never-married,Other-service,Not-in-family,White,Male,0,0,40,United-States,0,0.05381211259239319,0,1,0.0
47,,80451,7th-8th,4,Married-civ-spouse,,Husband,White,Male,0,0,40,United-States,0,0.18068771466061578,0,1,0.0
43,Private,182437,Bachelors,13,Never-married,Prof-specialty,Not-in-family,White,Male,0,0,45,United-States,1,0.6331308422789406,0,1,0.0
21,Private,108670,HS-grad,9,Never-married,Prof-specialty,Not-in-family,White,Female,0,0,40,United-States,0,0.019494056940066666,0,1,0.0
66,Self-emp-not-inc,293114,HS-grad,9,Married-civ-spouse,Farming-fishing,Husband,White,Male,1409,0,40,United-States,0,0.016234578077048527,0,1,0.0
20,Private,316043,11th,7,Never-married,Other-service,Own-child,Black,Male,594,0,20,United-States,0,0.001431492154489716,0,1,0.0
29,,134566,Doctorate,16,Married-civ-spouse,,Husband,White,Male,0,0,50,United-States,1,0.8273089995768035,1,1,0.0
78,,33186,7th-8th,4,Married-civ-spouse,,Husband,White,Male,0,0,60,United-States,0,0.2786467909562923,0,1,0.0
38,Federal-gov,99280,Some-college,10,Divorced,Adm-clerical,Not-in-family,White,Female,0,0,30,United-States,0,0.0407251017635987,0,1,0.0
50,State-gov,198103,Bachelors,13,Never-married,Exec-managerial,Not-in-family,White,Female,0,0,40,United-States,0,0.3287131430930456,0,1,0.0
18,Private,187770,HS-grad,9,Never-married,Handlers-cleaners,Own-child,White,Male,0,0,30,United-States,0,0.0010449262606826877,0,1,0.0
34,Local-gov,303867,9th,5,Never-married,Other-service,Own-child,White,Male,0,0,40,United-States,0,0.026846769645691583,0,1,0.0
27,Private,189702,7th-8th,4,Married-civ-spouse,Craft-repair,Husband,White,Male,0,0,40,United-States,0,0.1339975341264685,0,1,0.0
31,Private,165949,HS-grad,9,Divorced,Other-service,Unmarried,White,Female,0,0,40,United-States,0,0.03091577873918832,0,1,0.0
68,Local-gov,31725,HS-grad,9,Married-civ-spouse,Farming-fishing,Husband,White,Male,0,0,40,United-States,0,0.20294317744692314,0,1,0.0
47,Private,109089,Some-college,10,Married-civ-spouse,Prof-specialty,Husband,White,Male,0,0,70,United-States,0,0.7861706002624268,1,1,0.0
57,Local-gov,31532,Assoc-acdm,12,Married-civ-spouse,Other-service,Husband,White,Male,0,0,20,United-States,0,0.3251867810753567,0,1,0.0
56,Private,265518,Some-college,10,Married-civ-spouse,Prof-specialty,Husband,White,Male,0,0,45,United-States,0,0.8200179628257493,1,1,0.0
23,,190650,Bachelors,13,Never-married,,Not-in-family,Asian-Pac-Islander,Male,0,0,35,United-States,0,0.024274046817365676,0,1,0.0
36,Private,31438,HS-grad,9,Divorced,Transport-moving,Unmarried,White,Male,0,0,43,,0,0.07533268322049497,0,1,0.0
23,Private,49296,HS-grad,9,Never-married,Handlers-cleaners,Other-relative,Black,Male,0,0,40,United-States,0,0.0031283966167159165,0,1,0.0
23,Private,236601,Some-college,10,Never-married,Tech-support,Not-in-family,White,Male,0,0,48,United-States,0,0.027653641206623187,0,1,0.0
52,Private,89041,Bachelors,13,Married-civ-spouse,Sales,Husband,White,Male,0,0,40,United-States,1,0.8492525933092631,1,1,0.0
23,Private,236994,HS-grad,9,Never-married,Sales,Own-child,White,Male,0,0,60,United-States,0,0.02988498559281103,0,1,0.0
32,Private,255424,Bachelors,13,Married-civ-spouse,Sales,Husband,White,Male,0,0,60,United-States,1,0.8545537189403896,1,1,0.0
37,Private,178136,HS-grad,9,Married-civ-spouse,Machine-op-inspct,Husband,Black,Male,0,0,40,United-States,0,0.39754442274629354,0,1,0.0
90,,313986,HS-grad,9,Married-civ-spouse,,Husband,White,Male,0,0,40,United-States,1,0.3721407100874327,0,1,0.0
19,Private,140459,11th,7,Never-married,Craft-repair,Other-relative,White,Male,0,0,25,United-States,0,0.0007355810331036094,0,1,0.0
31,Private,101345,Bachelors,13,Never-married,Sales,Not-in-family,White,Female,0,0,40,United-States,0,0.1085727418206612,0,1,0.0
18,Private,176136,HS-grad,9,Never-married,Sales,Own-child,White,Male,0,0,35,United-States,0,0.0017331975703446822,0,1,0.0
31,Private,22201,HS-grad,9,Married-civ-spouse,Adm-clerical,Husband,Amer-Indian-Eskimo,Male,0,0,40,United-States,1,0.5232074263115111,0,1,0.0
40,Self-emp-inc,115411,Assoc-acdm,12,Married-civ-spouse,Exec-managerial,Husband,White,Male,0,0,65,United-States,1,0.8805582446723428,1,1,0.0
21,Private,91189,Some-college,10,Never-married,Sales,Unmarried,White,Male,0,0,60,United-States,0,0.03396603675944553,0,1,0.0
56,Private,202435,HS-grad,9,Widowed,Machine-op-inspct,Unmarried,White,Female,0,0,30,United-States,0,0.01716017189862884,0,1,0.0
51,Private,163052,HS-grad,9,Married-civ-spouse,Protective-serv,Husband,White,Male,0,0,40,United-States,1,0.7043389468857688,1,1,0.0
28,Private,124685,Some-college,10,Married-civ-spouse,Exec-managerial,Husband,Amer-Indian-Eskimo,Male,0,0,55,United-States,0,0.6160574470776562,0,1,0.0
25,Private,296394,HS-grad,9,Never-married,Machine-op-inspct,Unmarried,Black,Male,0,0,45,United-States,0,0.008830649415277097,0,1,0.0
50,Self-emp-not-inc,183915,Bachelors,13,Married-civ-spouse,Craft-repair,Husband,White,Male,0,0,45,United-States,1,0.7968794261378751,1,1,0.0
22,Private,252355,HS-grad,9,Never-married,Other-service,Not-in-family,White,Male,0,0,27,United-States,0,0.012392754669860367,0,1,0.0
34,Private,362787,HS-grad,9,Never-married,Machine-op-inspct,Unmarried,Black,Female,0,0,40,United-States,0,0.00498929916830202,0,1,0.0
18,Private,228592,HS-grad,9,Never-married,Transport-moving,Own-child,White,Male,0,0,18,United-States,0,0.0007735802061686314,0,1,0.0
28,Federal-gov,281860,Bachelors,13,Never-married,Prof-specialty,Not-in-family,White,Female,0,0,40,United-States,0,0.21329618847817425,0,1,0.0
25,,218948,7th-8th,4,Never-married,,Not-in-family,White,Female,0,0,32,Mexico,0,0.009380571524540002,0,1,0.0
26,Private,256263,HS-grad,9,Never-married,Craft-repair,Not-in-family,White,Male,0,0,25,United-States,0,0.00816366513168346,0,1,0.0
38,Private,191455,HS-grad,9,Married-civ-spouse,Other-service,Wife,White,Female,0,0,10,United-States,0,0.3433376321834817,0,1,0.0
20,,117789,Some-college,10,Never-married,,Own-child,White,Female,0,0,40,United-States,0,0.0019997055604087637,0,1,0.0
21,Private,160968,Some-college,10,Never-married,Handlers-cleaners,Own-child,White,Male,0,0,40,United-States,0,0.00807680456541221,0,1,0.0
26,Private,53833,HS-grad,9,Never-married,Other-service,Unmarried,White,Male,0,0,40,United-States,0,0.019501472145341536,0,1,0.0
26,Local-gov,242464,HS-grad,9,Married-civ-spouse,Protective-serv,Husband,White,Male,3103,0,40,United-States,1,0.9229619994901587,1,1,0.0
50,Self-emp-not-inc,27539,Some-college,10,Married-civ-spouse,Farming-fishing,Husband,White,Male,7688,0,40,United-States,1,0.9975077549078891,1,1,0.0
20,Private,460356,12th,8,Never-married,Other-service,Not-in-family,White,Male,0,0,30,Mexico,0,0.0042782947686031015,0,1,0.0
18,Self-emp-inc,38307,11th,7,Never-married,Farming-fishing,Own-child,White,Male,0,0,30,United-States,0,0.0007050680094015777,0,1,0.0
31,Private,63861,HS-grad,9,Divorced,Sales,Not-in-family,White,Female,0,0,34,United-States,0,0.02403905997462002,0,1,0.0
36,Private,269784,10th,6,Separated,Handlers-cleaners,Unmarried,White,Female,0,0,40,United-States,0,0.016864049983390333,0,1,0.0
60,Private,166789,Some-college,10,Divorced,Tech-support,Not-in-family,White,Male,0,1408,50,United-States,0,0.10734599791040966,0,1,0.0
49,Private,348751,7th-8th,4,Married-civ-spouse,Machine-op-inspct,Husband,White,Male,0,0,40,United-States,0,0.22358343659522878,0,1,0.0
72,,402306,Some-college,10,Married-civ-spouse,,Husband,White,Male,0,0,32,Canada,0,0.44025368339926496,0,1,0.0
48,Local-gov,97680,Masters,14,Married-civ-spouse,Prof-specialty,Wife,White,Female,15024,0,10,United-States,1,0.9977702997176257,1,1,0.0
51,Self-emp-inc,274948,Some-college,10,Married-civ-spouse,Craft-repair,Husband,White,Male,0,0,60,United-States,0,0.7152118583291861,1,1,0.0
24,Local-gov,157678,HS-grad,9,Married-spouse-absent,Machine-op-inspct,Unmarried,White,Female,2036,0,42,United-States,0,0.0015566563671556353,0,1,0.0
46,Private,203653,Bachelors,13,Divorced,Sales,Other-relative,Black,Male,0,0,40,United-States,0,0.14728470595876098,0,1,0.0
60,Self-emp-not-inc,52900,HS-grad,9,Married-civ-spouse,Craft-repair,Husband,White,Male,0,0,42,United-States,1,0.6192300256533895,0,1,0.0
35,Private,186934,HS-grad,9,Married-civ-spouse,Exec-managerial,Husband,White,Male,7688,0,50,United-States,1,0.9983762295511323,1,1,0.0
18,Private,50879,10th,6,Never-married,Other-service,Own-child,White,Male,0,0,6,United-States,0,0.0008366174999489669,0,1,0.0
43,Private,180138,HS-grad,9,Never-married,Craft-repair,Not-in-family,White,Male,0,0,45,United-States,0,0.1933494363133599,0,1,0.0
28,Private,301010,11th,7,Never-married,Other-service,Not-in-family,Black,Male,0,0,40,United-States,0,0.012934749829771388,0,1,0.0
40,Private,29393,HS-grad,9,Never-married,Craft-repair,Own-child,White,Female,0,0,40,United-States,0,0.03923768402604918,0,1,0.0
53,Private,123703,HS-grad,9,Divorced,Transport-moving,Not-in-family,White,Male,0,0,40,United-States,0,0.14567080518006487,0,1,0.0
74,,292627,1st-4th,2,Married-civ-spouse,,Husband,Black,Male,0,0,40,United-States,0,0.036119748633321826,0,1,0.0
48,Private,107231,Prof-school,15,Married-civ-spouse,Exec-managerial,Husband,White,Male,99999,0,50,United-States,1,0.9993648792767369,1,1,0.0
52,Self-emp-inc,49069,Some-college,10,Married-civ-spouse,Adm-clerical,Wife,White,Female,0,0,40,United-States,1,0.7777417009470764,1,1,0.0
20,Private,159297,Some-college,10,Never-married,Adm-clerical,Own-child,Asian-Pac-Islander,Female,0,0,15,United-States,0,0.0008925411885261472,0,1,0.0
33,Self-emp-not-inc,245173,Assoc-acdm,12,Married-civ-spouse,Prof-specialty,Husband,White,Male,0,0,40,United-States,0,0.7612454235239803,1,1,0.0
42,Private,165309,HS-grad,9,Never-married,Handlers-cleaners,Not-in-family,White,Male,0,0,50,United-States,0,0.12405152540148147,0,1,0.0
24,Private,332155,HS-grad,9,Never-married,Handlers-cleaners,Other-relative,White,Male,0,0,20,United-States,0,0.002159011599762525,0,1,0.0
35,Private,44780,Some-college,10,Married-civ-spouse,Adm-clerical,Wife,White,Female,7688,0,20,United-States,1,0.9966955957032283,1,1,0.0
56,Private,182273,HS-grad,9,Married-civ-spouse,Machine-op-inspct,Husband,White,Male,0,0,40,United-States,0,0.5929101758715023,0,1,0.0
18,Private,220836,11th,7,Never-married,Other-service,Not-in-family,White,Female,0,0,20,United-States,0,0.0009017018592841797,0,1,0.0
24,Private,424494,Bachelors,13,Married-civ-spouse,Prof-specialty,Husband,White,Male,0,0,30,United-States,0,0.2668563753511352,0,1,0.0
43,Private,115178,Bachelors,13,Divorced,Prof-specialty,Unmarried,White,Female,0,0,43,United-States,1,0.3120524485756281,0,1,0.0
39,Local-gov,282461,Assoc-voc,11,Married-civ-spouse,Protective-serv,Husband,White,Male,0,0,40,United-States,1,0.8332845299083098,1,1,0.0
67,Private,236627,Bachelors,13,Married-civ-spouse,Prof-specialty,Husband,White,Male,0,0,2,United-States,0,0.6480638142267512,1,1,0.0
19,Private,376683,Some-college,10,Never-married,Other-service,Unmarried,Black,Female,2036,0,30,United-States,0,0.0005484400289704591,0,1,0.0
29,Private,185127,HS-grad,9,Married-civ-spouse,Sales,Husband,White,Male,0,0,50,United-States,0,0.5198666228753341,0,1,0.0
61,Private,27086,HS-grad,9,Divorced,Transport-moving,Not-in-family,White,Male,0,0,40,United-States,0,0.08620568096463681,0,1,0.0
41,Private,187802,Some-college,10,Never-married,Handlers-cleaners,Not-in-family,White,Male,0,0,40,United-States,0,0.10377770981772566,0,1,0.0
51,Private,172046,Bachelors,13,Married-civ-spouse,Exec-managerial,Husband,White,Male,0,0,45,United-States,1,0.9246136957855107,1,1,0.0
25,Private,258379,Bachelors,13,Married-civ-spouse,Prof-specialty,Wife,White,Female,0,0,32,United-States,0,0.5822125168662132,0,1,0.0
32,Private,202952,HS-grad,9,Married-civ-spouse,Adm-clerical,Husband,White,Male,0,0,40,United-States,0,0.5047365886367341,0,1,0.0
19,Private,119964,HS-grad,9,Never-married,Craft-repair,Other-relative,White,Female,0,0,15,United-States,0,0.000551600105163616,0,1,0.0
29,Private,280344,Bachelors,13,Married-civ-spouse,Sales,Husband,White,Male,0,0,40,United-States,1,0.7798486338970978,1,1,0.0
24,Self-emp-inc,142404,Bachelors,13,Married-civ-spouse,Exec-managerial,Husband,White,Male,0,0,40,United-States,1,0.5798601410753724,0,1,0.0
40,Private,220460,HS-grad,9,Never-married,Craft-repair,Not-in-family,White,Male,0,0,40,Canada,0,0.08678184438000174,0,1,0.0
49,Private,97883,Bachelors,13,Divorced,Exec-managerial,Unmarried,White,Female,0,0,40,United-States,0,0.33078651824190325,0,1,0.0
37,Private,406328,Bachelors,13,Married-civ-spouse,Adm-clerical,Husband,Black,Male,0,0,50,United-States,1,0.8597633767683489,1,1,0.0
26,Private,181666,HS-grad,9,Never-married,Handlers-cleaners,Own-child,White,Female,0,0,40,United-States,0,0.009644200457485538,0,1,0.0
55,Private,314592,HS-grad,9,Married-civ-spouse,Craft-repair,Husband,White,Male,0,0,40,United-States,1,0.6478978340060025,1,1,0.0
38,Self-emp-not-inc,22245,HS-grad,9,Married-civ-spouse,Exec-managerial,Husband,White,Male,0,0,50,United-States,0,0.6573299966595475,1,1,0.0
23,Self-emp-not-inc,236804,Some-college,10,Never-married,Farming-fishing,Own-child,White,Male,0,0,35,United-States,0,0.009637135782694078,0,1,0.0
18,Private,171088,Some-college,10,Never-married,Sales,Own-child,White,Female,0,0,10,United-States,0,0.001105779186168433,0,1,0.0
68,Private,192656,Some-college,10,Widowed,Craft-repair,Not-in-family,White,Male,0,0,10,United-States,0,0.05516913217175981,0,1,0.0
42,Private,155106,Some-college,10,Never-married,Machine-op-inspct,Not-in-family,White,Male,0,0,45,United-States,0,0.16871902152033877,0,1,0.0
44,Self-emp-not-inc,282722,Prof-school,15,Married-civ-spouse,Prof-specialty,Husband,White,Male,99999,0,50,United-States,1,0.9986718138034324,1,1,0.0
28,Private,109165,HS-grad,9,Married-civ-spouse,Tech-support,Husband,White,Male,0,0,40,United-States,0,0.4116485277629927,0,1,0.0
20,Private,163687,Some-college,10,Never-married,Other-service,Own-child,White,Male,0,0,40,United-States,0,0.0032776262058065646,0,1,0.0
47,Private,150768,Bachelors,13,Divorced,Handlers-cleaners,Not-in-family,White,Male,0,1564,51,United-States,1,0.9718582852256473,1,1,0.0
43,Private,153132,Some-college,10,Married-civ-spouse,Craft-repair,Husband,White,Male,0,0,40,United-States,1,0.7017002192153547,1,1,0.0
41,State-gov,88913,Assoc-acdm,12,Divorced,Prof-specialty,Unmarried,Asian-Pac-Islander,Female,0,0,36,United-States,0,0.09080497208521324,0,1,0.0
46,Private,140782,Assoc-acdm,12,Divorced,Prof-specialty,Not-in-family,White,Female,0,0,50,United-States,0,0.3784881204197108,0,1,0.0
18,,214989,Some-college,10,Never-married,,Own-child,White,Female,0,1602,24,United-States,0,0.001421199333828045,0,1,0.0
29,Private,159768,HS-grad,9,Never-married,Machine-op-inspct,Not-in-family,White,Male,3325,0,40,Ecuador,0,0.0020133498410128355,0,1,0.0
28,,30237,Some-college,10,Never-married,,Unmarried,White,Female,0,0,40,United-States,0,0.030028582861173513,0,1,0.0
38,Self-emp-inc,124665,Bachelors,13,Never-married,Craft-repair,Not-in-family,White,Female,0,0,20,United-States,0,0.028688521052164722,0,1,0.0
31,Private,83413,HS-grad,9,Never-married,Sales,Own-child,White,Male,0,0,40,United-States,0,0.03378378328341653,0,1,0.0
33,Private,154227,Assoc-voc,11,Divorced,Sales,Not-in-family,White,Male,0,0,40,United-States,0,0.142019088265062,0,1,0.0
43,Self-emp-not-inc,27242,Some-college,10,Married-civ-spouse,Craft-repair,Husband,White,Male,0,0,50,United-States,0,0.6435829038396457,0,1,0.0
63,Self-emp-not-inc,125178,Bachelors,13,Married-civ-spouse,Prof-specialty,Husband,White,Male,0,0,40,United-States,1,0.8510839478195615,1,1,0.0
27,Private,59068,HS-grad,9,Married-civ-spouse,Handlers-cleaners,Husband,White,Male,0,0,40,United-States,0,0.18965253140767888,0,1,0.0
25,Local-gov,187792,Some-college,10,Divorced,Protective-serv,Not-in-family,White,Female,0,0,40,United-States,0,0.21071901305255136,0,1,0.0
26,Private,154966,Some-college,10,Married-civ-spouse,Craft-repair,Husband,White,Male,0,0,40,Puerto-Rico,0,0.24369591711523084,0,1,0.0
49,Self-emp-not-inc,355978,Prof-school,15,Married-civ-spouse,Prof-specialty,Husband,White,Male,99999,0,35,United-States,1,0.9988269412804085,1,1,0.0
49,Private,60751,HS-grad,9,Married-civ-spouse,Protective-serv,Husband,White,Male,0,0,40,United-States,0,0.631335477806102,0,1,0.0
21,Private,177711,HS-grad,9,Never-married,Transport-moving,Own-child,Black,Male,0,0,40,United-States,0,0.004885916321997697,0,1,0.0
21,Private,39943,Some-college,10,Never-married,Sales,Own-child,White,Female,0,0,20,United-States,0,0.0023161951795358563,0,1,0.0
22,Private,117789,Bachelors,13,Never-married,Adm-clerical,Own-child,White,Female,0,0,40,United-States,0,0.01238049552242505,0,1,0.0
39,Private,387068,HS-grad,9,Married-civ-spouse,Exec-managerial,Husband,White,Male,0,0,40,United-States,1,0.818898915993021,1,1,0.0
31,Local-gov,189843,HS-grad,9,Divorced,Protective-serv,Not-in-family,White,Male,0,0,47,United-States,1,0.4231394001128822,0,1,0.0
37,,161664,Some-college,10,Married-civ-spouse,,Wife,White,Female,0,0,60,United-States,0,0.504105486818262,0,1,0.0
27,Private,229803,HS-grad,9,Never-married,Craft-repair,Own-child,Black,Male,0,0,40,United-States,0,0.012325128055184247,0,1,0.0
44,Private,111275,HS-grad,9,Divorced,Machine-op-inspct,Unmarried,Black,Female,0,0,56,United-States,0,0.05235093953588685,0,1,0.0
47,Federal-gov,98726,Bachelors,13,Married-spouse-absent,Exec-managerial,Not-in-family,White,Female,0,0,40,United-States,0,0.3962390869960328,0,1,0.0
36,Private,305319,Masters,14,Married-civ-spouse,Exec-managerial,Husband,White,Male,0,0,50,United-States,1,0.9299258131643257,1,1,0.0
42,Self-emp-not-inc,222978,Doctorate,16,Never-married,Prof-specialty,Not-in-family,White,Female,0,0,45,United-States,0,0.810873042542627,1,1,0.0
47,Private,105273,Bachelors,13,Widowed,Craft-repair,Unmarried,Black,Female,6497,0,40,United-States,0,0.1097769182743132,0,1,0.0
43,Private,315971,Assoc-acdm,12,Never-married,Prof-specialty,Not-in-family,White,Female,0,0,32,,1,0.1913661463061967,0,1,0.0
47,Private,185465,HS-grad,9,Married-civ-spouse,Craft-repair,Husband,Black,Male,0,0,40,United-States,0,0.6347392547935715,0,1,0.0
45,Private,179135,HS-grad,9,Divorced,Adm-clerical,Not-in-family,White,Female,0,0,40,United-States,0,0.05296098272542938,0,1,0.0
43,Private,180096,Assoc-voc,11,Married-civ-spouse,Craft-repair,Husband,White,Male,0,0,50,United-States,1,0.7594283130145505,1,1,0.0
61,Private,241013,7th-8th,4,Widowed,Farming-fishing,Not-in-family,Black,Male,0,0,40,United-States,0,0.026232260846615438,0,1,0.0
39,Private,189344,HS-grad,9,Married-civ-spouse,Machine-op-inspct,Husband,White,Male,0,0,40,Mexico,0,0.18913637542380682,0,1,0.0
51,Private,134808,HS-grad,9,Separated,Handlers-cleaners,Unmarried,White,Female,0,0,40,United-States,0,0.01797691505274085,0,1,0.0
19,Private,87497,11th,7,Never-married,Transport-moving,Other-relative,White,Male,0,0,10,United-States,0,0.0016179858121641963,0,1,0.0
24,Private,267945,Bachelors,13,Never-married,Adm-clerical,Own-child,White,Female,0,0,40,United-States,0,0.01913113348166187,0,1,0.0
38,Federal-gov,190174,HS-grad,9,Divorced,Prof-specialty,Unmarried,White,Female,0,0,40,United-States,0,0.2068014515639405,0,1,0.0
26,Private,179633,HS-grad,9,Never-married,Tech-support,Other-relative,White,Male,0,0,40,United-States,0,0.012515539172453734,0,1,0.0
54,Private,77336,HS-grad,9,Married-civ-spouse,Sales,Husband,White,Male,0,0,40,United-States,0,0.6690927600105218,1,1,0.0
19,Private,205977,Some-college,10,Married-civ-spouse,Adm-clerical,Other-relative,White,Female,0,0,20,United-States,0,0.003849283571638752,0,1,0.0
39,Private,299828,5th-6th,3,Separated,Sales,Unmarried,Black,Female,0,0,30,Puerto-Rico,0,0.003983383990426105,0,1,0.0
39,Local-gov,20308,Bachelors,13,Married-civ-spouse,Prof-specialty,Husband,White,Male,0,0,40,United-States,1,0.8828439280024316,1,1,0.0
46,Private,203785,Some-college,10,Married-civ-spouse,Sales,Husband,White,Male,0,0,40,United-States,1,0.78846121205895,1,1,0.0
81,Private,176500,12th,8,Widowed,Sales,Not-in-family,White,Female,0,0,30,United-States,0,0.06509771481731999,0,1,0.0
47,Private,161676,11th,7,Never-married,Transport-moving,Not-in-family,Black,Male,0,0,40,United-States,0,0.06364563637139735,0,1,0.0
34,Private,182691,HS-grad,9,Divorced,Exec-managerial,Own-child,White,Male,0,0,44,United-States,0,0.12938907242368528,0,1,0.0
34,State-gov,595000,Masters,14,Married-civ-spouse,Prof-specialty,Wife,Black,Female,0,0,40,United-States,1,0.7101742673970989,1,1,0.0
27,Local-gov,132718,HS-grad,9,Never-married,Transport-moving,Own-child,Black,Male,0,0,40,United-States,0,0.007721165243435318,0,1,0.0
33,Private,278736,Assoc-voc,11,Married-civ-spouse,Machine-op-inspct,Husband,White,Male,0,0,50,United-States,0,0.5071034758745137,0,1,0.0
54,Local-gov,163557,HS-grad,9,Never-married,Adm-clerical,Not-in-family,White,Female,0,0,30,United-States,0,0.0336258920114587,0,1,0.0
31,Private,192900,Some-college,10,Never-married,Other-service,Not-in-family,White,Male,0,0,40,United-States,0,0.04784236705529105,0,1,0.0
29,Private,250967,Assoc-voc,11,Married-civ-spouse,Machine-op-inspct,Husband,White,Male,0,1887,48,United-States,1,0.9409299716570793,1,1,0.0
19,State-gov,378418,HS-grad,9,Never-married,Tech-support,Own-child,White,Female,0,0,40,United-States,0,0.0016303446010886965,0,1,0.0
37,Private,234807,Bachelors,13,Divorced,Exec-managerial,Unmarried,White,Female,7430,0,45,United-States,1,0.8783489386925728,1,1,0.0
63,Private,219337,7th-8th,4,Married-civ-spouse,Craft-repair,Husband,White,Male,3471,0,45,United-States,0,0.02465509416721179,0,1,0.0
41,,254630,Assoc-voc,11,Divorced,,Not-in-family,White,Male,0,0,80,United-States,0,0.16352340534979262,0,1,0.0
22,Private,187538,10th,6,Separated,Other-service,Unmarried,White,Female,0,0,40,United-States,0,0.006673671523683878,0,1,0.0
43,Private,110556,HS-grad,9,Separated,Exec-managerial,Unmarried,Black,Female,0,0,40,United-States,0,0.04202486631825553,0,1,0.0
35,Private,332588,HS-grad,9,Divorced,Other-service,Unmarried,White,Female,0,0,30,United-States,0,0.024222633939076157,0,1,0.0
25,Private,266600,HS-grad,9,Married-civ-spouse,Adm-clerical,Husband,Black,Male,3137,0,40,United-States,0,0.006795031836031322,0,1,0.0
20,Private,39477,Some-college,10,Never-married,Farming-fishing,Not-in-family,White,Female,0,0,40,United-States,0,0.001800914177767723,0,1,0.0
56,Private,162301,HS-grad,9,Widowed,Adm-clerical,Unmarried,White,Female,0,0,40,United-States,0,0.08279238506675672,0,1,0.0
31,Federal-gov,210926,HS-grad,9,Separated,Handlers-cleaners,Unmarried,White,Female,0,0,40,United-States,0,0.027433734950420122,0,1,0.0
48,Federal-gov,186256,HS-grad,9,Divorced,Farming-fishing,Other-relative,White,Male,0,0,40,United-States,0,0.04515870482947866,0,1,0.0
36,Self-emp-inc,166880,HS-grad,9,Never-married,Other-service,Not-in-family,White,Female,0,0,70,United-States,0,0.09178739740116348,0,1,0.0
38,Private,252662,Bachelors,13,Divorced,Exec-managerial,Not-in-family,White,Male,0,0,40,United-States,0,0.4685218552053037,0,1,0.0
43,Local-gov,293535,Bachelors,13,Married-civ-spouse,Prof-specialty,Husband,Black,Male,0,0,40,United-States,1,0.8327841990534376,1,1,0.0
61,Private,316359,Some-college,10,Divorced,Sales,Not-in-family,White,Female,0,0,40,United-States,0,0.11976818572198032,0,1,0.0
28,Private,108574,Some-college,10,Never-married,Other-service,Not-in-family,White,Female,0,0,40,United-States,0,0.03110763191992449,0,1,0.0
25,Private,198632,Some-college,10,Married-spouse-absent,Sales,Not-in-family,White,Male,0,0,50,United-States,0,0.11730273389925834,0,1,0.0
31,Local-gov,50442,Some-college,10,Never-married,Adm-clerical,Own-child,Amer-Indian-Eskimo,Female,0,0,25,United-States,0,0.0084458129140269,0,1,0.0
19,Private,300679,Some-college,10,Never-married,Craft-repair,Own-child,White,Female,0,0,40,United-States,0,0.0019403684941339562,0,1,0.0
21,State-gov,258490,Some-college,10,Never-married,Prof-specialty,Not-in-family,White,Female,0,0,20,United-States,0,0.004973450511454168,0,1,0.0
36,Private,170376,HS-grad,9,Married-civ-spouse,Craft-repair,Husband,White,Male,0,0,45,United-States,1,0.619215583713005,0,1,0.0
39,,361838,Bachelors,13,Married-civ-spouse,,Wife,White,Female,0,0,6,United-States,1,0.7555668360514529,1,1,0.0
56,Private,200316,Some-college,10,Married-civ-spouse,Adm-clerical,Husband,White,Male,0,0,35,United-States,0,0.748943622720711,1,1,0.0
38,Private,233717,Some-college,10,Divorced,Exec-managerial,Unmarried,Black,Male,0,0,60,United-States,0,0.32622695990750933,0,1,0.0
67,Private,222899,Assoc-voc,11,Divorced,Prof-specialty,Unmarried,White,Female,0,0,40,United-States,0,0.1730740181101413,0,1,0.0
53,Local-gov,215990,Some-college,10,Married-civ-spouse,Other-service,Husband,White,Male,0,0,35,United-States,0,0.4735250136000255,0,1,0.0
47,Local-gov,126754,Masters,14,Married-civ-spouse,Prof-specialty,Husband,White,Male,0,0,40,United-States,1,0.9028338505979511,1,1,0.0
59,Private,178282,HS-grad,9,Married-civ-spouse,Machine-op-inspct,Husband,White,Male,7688,0,40,United-States,1,0.9981775325829111,1,1,0.0
47,Local-gov,202606,Assoc-acdm,12,Never-married,Exec-managerial,Not-in-family,Black,Female,0,0,40,United-States,0,0.16862497481345837,0,1,0.0
70,Self-emp-inc,217801,Bachelors,13,Married-civ-spouse,Sales,Husband,White,Male,0,0,15,United-States,0,0.6169211832608723,0,1,0.0
20,Private,388156,Some-college,10,Never-married,Prof-specialty,Own-child,White,Male,0,0,24,United-States,0,0.00683611623572838,0,1,0.0
50,State-gov,116211,Prof-school,15,Married-civ-spouse,Exec-managerial,Husband,White,Male,0,0,52,United-States,1,0.9538919208639274,1,1,0.0
36,Private,198237,Bachelors,13,Married-civ-spouse,Prof-specialty,Husband,White,Male,15024,0,50,United-States,1,0.9990886249838384,1,1,0.0
48,Local-gov,142719,Masters,14,Married-civ-spouse,Prof-specialty,Husband,White,Male,0,0,40,United-States,1,0.9057835729400456,1,1,0.0
23,,234108,Some-college,10,Never-married,,Not-in-family,White,Male,0,0,40,United-States,0,0.013374187232453887,0,1,0.0
41,Private,40151,HS-grad,9,Married-civ-spouse,Craft-repair,Husband,White,Male,0,0,40,United-States,1,0.5829902785648706,0,1,0.0
36,Private,224566,Bachelors,13,Never-married,Prof-specialty,Not-in-family,White,Male,99999,0,45,United-States,1,0.9987289375774896,1,1,0.0
76,,239900,HS-grad,9,Divorced,,Not-in-family,White,Female,0,0,3,United-States,0,0.051681589709291154,0,1,0.0
35,Private,498216,Bachelors,13,Divorced,Exec-managerial,Unmarried,White,Female,0,0,40,United-States,0,0.32551256142759266,0,1,0.0
40,Private,225660,Bachelors,13,Married-civ-spouse,Exec-managerial,Wife,White,Female,0,0,45,United-States,1,0.9381540855001418,1,1,0.0
31,Private,291052,Some-college,10,Married-civ-spouse,Adm-clerical,Husband,White,Male,0,2051,40,United-States,0,0.023282256326871097,0,1,0.0
19,Private,192773,HS-grad,9,Never-married,Other-service,Own-child,White,Female,0,0,24,United-States,0,0.0008772898761182841,0,1,0.0
21,Private,31606,Some-college,10,Never-married,Other-service,Own-child,White,Female,0,0,25,Germany,0,0.0018322630998866356,0,1,0.0
32,Self-emp-not-inc,92531,HS-grad,9,Divorced,Craft-repair,Unmarried,White,Male,0,0,40,United-States,0,0.05722253501504527,0,1,0.0
52,Private,31460,HS-grad,9,Divorced,Other-service,Not-in-family,White,Male,0,0,38,United-States,0,0.0988977703640585,0,1,0.0
33,Private,187618,Bachelors,13,Never-married,Prof-specialty,Own-child,White,Male,0,1741,40,United-States,0,0.04561227755128337,0,1,0.0
19,,177923,Some-college,10,Never-married,,Own-child,White,Female,0,0,25,United-States,0,0.0012562727665943172,0,1,0.0
57,Federal-gov,337895,Bachelors,13,Married-civ-spouse,Prof-specialty,Husband,Black,Male,0,0,40,United-States,1,0.8959621907187761,1,1,0.0
48,Private,175006,1st-4th,2,Separated,Machine-op-inspct,Other-relative,Black,Male,0,0,48,United-States,0,0.02882447747364682,0,1,0.0
79,Private,187492,HS-grad,9,Married-civ-spouse,Prof-specialty,Husband,White,Male,0,0,7,United-States,0,0.16076523407601687,0,1,0.0
41,Private,29762,HS-grad,9,Married-civ-spouse,Craft-repair,Husband,White,Male,0,0,52,United-States,1,0.7205529821485955,1,1,0.0
40,Private,154076,HS-grad,9,Married-civ-spouse,Craft-repair,Husband,White,Male,0,0,45,United-States,0,0.6683126467348143,1,1,0.0
65,Private,213149,HS-grad,9,Married-civ-spouse,Tech-support,Husband,White,Male,0,0,40,United-States,0,0.6608013838123207,1,1,0.0
73,Federal-gov,127858,Some-college,10,Widowed,Tech-support,Not-in-family,White,Female,3273,0,40,United-States,0,0.012857490207887231,0,1,0.0
39,Private,28572,HS-grad,9,Never-married,Handlers-cleaners,Own-child,White,Male,0,0,48,United-States,0,0.11724460331660437,0,1,0.0
36,Self-emp-not-inc,186934,Some-college,10,Married-civ-spouse,Sales,Husband,White,Male,0,0,55,United-States,0,0.6701641396104493,1,1,0.0
18,Private,225859,Some-college,10,Never-married,Transport-moving,Own-child,White,Male,2907,0,30,United-States,0,0.0003492545899722509,0,1,0.0
26,Private,421561,11th,7,Married-civ-spouse,Other-service,Other-relative,White,Male,0,0,25,United-States,0,0.021778276374645817,0,1,0.0
48,State-gov,49595,Masters,14,Divorced,Protective-serv,Not-in-family,White,Male,0,0,72,United-States,0,0.7026872826450695,1,1,0.0
21,Private,417668,HS-grad,9,Never-married,Handlers-cleaners,Own-child,White,Male,0,0,36,United-States,0,0.005033636063661035,0,1,0.0
20,Private,289944,Some-college,10,Never-married,Other-service,Own-child,White,Female,0,0,25,United-States,0,0.0012055672074471771,0,1,0.0
28,Local-gov,179759,Some-college,10,Married-spouse-absent,Adm-clerical,Unmarried,White,Female,0,0,40,United-States,0,0.025579378151581858,0,1,0.0
36,Self-emp-not-inc,188503,Masters,14,Never-married,Prof-specialty,Not-in-family,White,Female,0,0,60,United-States,1,0.6862473684518525,1,1,0.0
63,Self-emp-not-inc,795830,1st-4th,2,Widowed,Other-service,Unmarried,White,Female,0,0,30,El-Salvador,0,0.007753243543636308,0,1,0.0
30,Local-gov,131776,Masters,14,Never-married,Adm-clerical,Not-in-family,White,Female,0,0,40,United-States,0,0.05550895414514487,0,1,0.0
18,Private,120029,HS-grad,9,Never-married,Other-service,Own-child,White,Female,0,0,40,United-States,0,0.0013845589517444432,0,1,0.0
28,Private,50814,HS-grad,9,Never-married,Prof-specialty,Not-in-family,White,Female,0,0,40,United-States,0,0.058139394726060944,0,1,0.0
24,Private,198148,Some-college,10,Never-married,Other-service,Own-child,White,Male,0,0,30,United-States,0,0.015138743916309292,0,1,0.0
50,Private,132465,1st-4th,2,Married-spouse-absent,Other-service,Not-in-family,White,Male,0,0,40,Mexico,0,0.033140722898210614,0,1,0.0
46,Private,102771,Masters,14,Married-civ-spouse,Tech-support,Husband,White,Male,0,1977,40,United-States,1,0.9939216757606808,1,1,0.0
40,Private,271665,Some-college,10,Married-civ-spouse,Tech-support,Husband,White,Male,0,0,50,United-States,0,0.8471314096075063,1,1,0.0
20,Private,175069,Some-college,10,Never-married,Adm-clerical,Own-child,White,Male,0,0,40,Yugoslavia,0,0.003185138352871272,0,1,0.0
60,Self-emp-not-inc,96073,HS-grad,9,Married-civ-spouse,Craft-repair,Husband,White,Male,0,0,30,United-States,0,0.20510886426162867,0,1,0.0
42,Private,52781,Bachelors,13,Married-civ-spouse,Prof-specialty,Husband,White,Male,7688,0,40,United-States,1,0.9982646199757844,1,1,0.0
23,Private,149704,HS-grad,9,Never-married,Adm-clerical,Own-child,White,Female,0,0,40,United-States,0,0.007273476575417842,0,1,0.0
33,Private,205649,Assoc-acdm,12,Married-spouse-absent,Craft-repair,Not-in-family,White,Male,0,0,20,United-States,0,0.03290700176971485,0,1,0.0
24,Private,95552,HS-grad,9,Never-married,Handlers-cleaners,Not-in-family,White,Male,0,0,40,United-States,0,0.012217942819283055,0,1,0.0
74,Private,161387,HS-grad,9,Divorced,Handlers-cleaners,Not-in-family,White,Female,0,0,16,United-States,0,0.0324724756976841,0,1,0.0
48,Private,185079,HS-grad,9,Never-married,Exec-managerial,Not-in-family,White,Female,0,0,50,United-States,0,0.2296747283330808,0,1,0.0
26,Private,259138,11th,7,Married-civ-spouse,Other-service,Wife,White,Female,2407,0,36,United-States,0,0.014715403749614928,0,1,0.0
40,Private,234397,Bachelors,13,Married-civ-spouse,Protective-serv,Husband,Black,Male,0,0,40,United-States,1,0.7441135554861389,1,1,0.0
20,Private,39764,HS-grad,9,Never-married,Handlers-cleaners,Own-child,White,Male,0,0,40,United-States,0,0.0025992918547798637,0,1,0.0
17,Private,70868,11th,7,Never-married,Craft-repair,Own-child,White,Male,0,0,16,United-States,0,0.0008400664001290631,0,1,0.0
28,Local-gov,327533,HS-grad,9,Married-civ-spouse,Protective-serv,Husband,White,Male,3908,0,40,United-States,0,0.024982488721504444,0,1,0.0
53,Local-gov,235567,HS-grad,9,Divorced,Adm-clerical,Not-in-family,White,Female,0,0,40,United-States,0,0.06425423719002925,0,1,0.0
49,Private,259323,HS-grad,9,Divorced,Craft-repair,Unmarried,White,Male,0,0,40,United-States,0,0.19914400239553082,0,1,0.0
42,Private,188615,Some-college,10,Separated,Prof-specialty,Not-in-family,White,Male,0,2231,50,Canada,1,0.8632538627492782,1,1,0.0
29,Federal-gov,128553,Assoc-voc,11,Never-married,Adm-clerical,Unmarried,Black,Female,0,0,40,United-States,0,0.023818450796171602,0,1,0.0
33,Private,288840,HS-grad,9,Married-spouse-absent,Other-service,Unmarried,Black,Female,0,0,38,United-States,0,0.009834431068596222,0,1,0.0
55,Private,200453,Some-college,10,Married-civ-spouse,Tech-support,Husband,White,Male,0,0,40,United-States,0,0.810468216330878,1,1,0.0
47,Private,265097,HS-grad,9,Married-civ-spouse,Machine-op-inspct,Husband,White,Male,0,0,40,United-States,0,0.511559188809235,0,1,0.0
17,,35603,11th,7,Never-married,,Own-child,White,Female,0,0,16,United-States,0,0.0006089967265740061,0,1,0.0
61,Private,219701,12th,8,Divorced,Protective-serv,Not-in-family,White,Male,0,0,37,Cuba,0,0.19453351798860175,0,1,0.0
30,Private,177522,HS-grad,9,Married-civ-spouse,Adm-clerical,Own-child,White,Female,0,0,20,United-States,0,0.09599048178071586,0,1,0.0
43,Private,157473,HS-grad,9,Never-married,Sales,Not-in-family,White,Female,0,0,40,United-States,0,0.04252779254121808,0,2,0.2
56,Private,157749,Some-college,10,Married-civ-spouse,Farming-fishing,Husband,White,Male,0,0,60,United-States,1,0.606279586391566,0,2,0.2
45,Private,174533,Some-college,10,Married-civ-spouse,Transport-moving,Husband,White,Male,7298,0,50,United-States,1,0.9978951833876065,1,2,0.2
38,Private,278557,Bachelors,13,Married-civ-spouse,Sales,Husband,White,Male,0,0,50,United-States,1,0.8896402401366916,1,2,0.2
68,Private,535762,Some-college,10,Married-civ-spouse,Adm-clerical,Husband,White,Male,0,1844,10,United-States,0,0.7955362837805616,1,2,0.2
27,Private,100079,HS-grad,9,Never-married,Other-service,Not-in-family,Asian-Pac-Islander,Male,0,0,60,China,0,0.07332700913932443,0,2,0.2
40,Private,469864,Bachelors,13,Never-married,Prof-specialty,Not-in-family,Black,Male,7965,0,55,United-States,0,0.957700351126965,1,2,0.2
28,Private,108569,Bachelors,13,Married-civ-spouse,Prof-specialty,Husband,White,Male,0,0,43,United-States,0,0.7662024159735882,1,2,0.2
65,Private,172815,Some-college,10,Married-civ-spouse,Farming-fishing,Husband,White,Male,0,0,40,United-States,0,0.3158700736984918,0,2,0.2
44,Private,179136,HS-grad,9,Never-married,Sales,Not-in-family,White,Female,0,0,40,United-States,0,0.044320586913323724,0,2,0.2
24,Private,127647,Some-college,10,Separated,Adm-clerical,Unmarried,White,Female,0,0,35,United-States,0,0.015162864301336119,0,2,0.2
32,Private,251243,Some-college,10,Divorced,Exec-managerial,Not-in-family,White,Female,0,0,50,United-States,1,0.2962349583287376,0,2,0.2
82,Self-emp-not-inc,121944,7th-8th,4,Married-civ-spouse,Exec-managerial,Husband,White,Male,0,0,40,United-States,0,0.167514134780017,0,2,0.2
17,Private,124661,11th,7,Never-married,Sales,Own-child,White,Female,0,0,35,United-States,0,0.0010117173376707942,0,2,0.2
21,Private,25265,Assoc-voc,11,Never-married,Machine-op-inspct,Not-in-family,White,Male,0,0,30,United-States,0,0.03737985894671145,0,2,0.2
56,Private,101128,Assoc-acdm,12,Married-spouse-absent,Other-service,Not-in-family,White,Male,0,0,25,Iran,0,0.08127051191691806,0,2,0.2
30,Private,169496,Masters,14,Married-civ-spouse,Other-service,Husband,White,Male,0,0,15,United-States,1,0.32639084647034,0,2,0.2
41,Private,230020,HS-grad,9,Married-civ-spouse,Craft-repair,Husband,Other,Male,0,0,40,United-States,0,0.5758454600416788,0,2,0.2
32,Private,46746,Some-college,10,Divorced,Craft-repair,Unmarried,White,Male,0,0,40,United-States,0,0.0773757113274487,0,2,0.2
33,Private,217962,Some-college,10,Never-married,Machine-op-inspct,Unmarried,Black,Male,0,0,40,,0,0.02153233474551298,0,2,0.2
35,Private,102268,Bachelors,13,Married-civ-spouse,Exec-managerial,Husband,White,Male,0,0,45,United-States,0,0.8816688369344814,1,2,0.2
42,Private,252392,HS-grad,9,Married-civ-spouse,Transport-moving,Husband,White,Male,0,0,40,United-States,0,0.5241836912772272,0,2,0.2
58,Private,73019,Bachelors,13,Never-married,Prof-specialty,Not-in-family,White,Female,4270,0,55,United-States,0,0.46207639344866963,0,2,0.2
62,State-gov,162678,Bachelors,13,Married-civ-spouse,Exec-managerial,Husband,White,Male,0,0,40,United-States,0,0.8605837775101565,1,2,0.2
38,Private,32897,11th,7,Divorced,Sales,Unmarried,White,Female,0,0,40,United-States,0,0.04547369136988404,0,2,0.2
61,Private,72442,HS-grad,9,Married-civ-spouse,Craft-repair,Husband,White,Male,0,0,40,United-States,1,0.6555073476891308,1,2,0.2
51,Private,87205,Bachelors,13,Divorced,Prof-specialty,Unmarried,White,Female,0,0,55,England,0,0.46161092297015227,0,2,0.2
37,Local-gov,328301,Bachelors,13,Divorced,Prof-specialty,Not-in-family,White,Female,0,0,36,United-States,0,0.18050721351071533,0,2,0.2
49,Private,102953,HS-grad,9,Married-civ-spouse,Craft-repair,Husband,White,Male,12030,0,55,United-States,0,0.9990512142177185,1,2,0.2
29,Private,145490,11th,7,Married-civ-spouse,Other-service,Husband,White,Male,0,0,40,United-States,0,0.1241103123883159,0,2,0.2
48,Local-gov,144122,Masters,14,Divorced,Prof-specialty,Not-in-family,White,Female,0,0,40,United-States,1,0.4576289784023229,0,2,0.2
38,Self-emp-inc,85566,Some-college,10,Never-married,Sales,Not-in-family,White,Male,0,0,65,United-States,0,0.3191976714463595,0,2,0.2
44,Private,296538,HS-grad,9,Married-civ-spouse,Machine-op-inspct,Husband,White,Male,8716,0,57,United-States,0,0.9983824664171683,1,2,0.2
25,Private,109112,HS-grad,9,Married-civ-spouse,Machine-op-inspct,Husband,White,Male,0,0,48,United-States,0,0.14581329354144218,0,2,0.2
34,Private,180060,Bachelors,13,Never-married,Exec-managerial,Unmarried,White,Male,12423,0,55,United-States,0,0.995407360317687,1,2,0.2
20,Private,274545,Some-college,10,Never-married,Adm-clerical,Own-child,White,Female,0,0,10,United-States,0,0.0009615167395162289,0,2,0.2
52,Private,146378,HS-grad,9,Married-civ-spouse,Craft-repair,Husband,White,Male,0,0,40,United-States,1,0.670506045216765,1,2,0.2
37,Private,190350,HS-grad,9,Never-married,Adm-clerical,Unmarried,Black,Female,14493,0,55,United-States,0,0.9923225051919993,1,2,0.2
37,Private,109996,9th,5,Married-civ-spouse,Other-service,Wife,Asian-Pac-Islander,Female,0,0,40,Hong,0,0.10393831204950933,0,2,0.2
53,Private,174102,HS-grad,9,Married-civ-spouse,Craft-repair,Husband,White,Male,0,0,40,United-States,1,0.670506045216765,1,2,0.2
46,Private,149949,7th-8th,4,Married-civ-spouse,Transport-moving,Husband,White,Male,0,0,40,United-States,0,0.23331058796111925,0,2,0.2
20,,124242,Some-college,10,Never-married,,Own-child,White,Female,0,0,40,United-States,0,0.0019997055604087637,0,2,0.2
53,Private,424079,Masters,14,Married-civ-spouse,Exec-managerial,Husband,White,Male,15024,0,55,United-States,1,0.9992592139910997,1,2,0.2
19,,860348,Some-college,10,Never-married,,Own-child,Black,Female,0,0,25,United-States,0,0.0007778054385376704,0,2,0.2
46,Local-gov,187749,Bachelors,13,Married-civ-spouse,Prof-specialty,Husband,Asian-Pac-Islander,Male,0,0,40,Philippines,1,0.8838831330928707,1,2,0.2
50,State-gov,173020,Some-college,10,Married-civ-spouse,Craft-repair,Husband,White,Male,0,0,40,United-States,0,0.753182102813892,1,2,0.2
35,Private,187589,Assoc-voc,11,Married-civ-spouse,Craft-repair,Husband,White,Male,0,0,40,United-States,0,0.6389795531919245,0,2,0.2
67,Self-emp-not-inc,178878,7th-8th,4,Married-civ-spouse,Farming-fishing,Husband,White,Male,0,0,12,United-States,0,0.09017561203590273,0,2,0.2
45,Self-emp-inc,88500,Bachelors,13,Married-civ-spouse,Sales,Husband,White,Male,7298,0,40,United-States,1,0.9976364477603751,1,2,0.2
42,Local-gov,213019,Masters,14,Never-married,Prof-specialty,Not-in-family,White,Female,0,0,40,United-States,1,0.29348976499771134,0,2,0.2
60,Private,166789,Some-college,10,Divorced,Tech-support,Not-in-family,White,Male,0,1408,50,United-States,0,0.10734599791040966,0,2,0.2
42,Private,270324,HS-grad,9,Married-civ-spouse,Craft-repair,Husband,Black,Male,0,0,40,Jamaica,0,0.4351992093096179,0,2,0.2
65,,191846,HS-grad,9,Married-civ-spouse,,Husband,White,Male,0,0,40,United-States,0,0.44851475595041357,0,2,0.2
33,Private,116788,HS-grad,9,Never-married,Craft-repair,Own-child,White,Male,5604,0,55,United-States,0,0.11265198035123544,0,2,0.2
46,Self-emp-not-inc,275625,Bachelors,13,Divorced,Other-service,Unmarried,Asian-Pac-Islander,Female,0,0,60,South,1,0.37113969257044155,0,2,0.2
46,Private,255693,HS-grad,9,Married-civ-spouse,Adm-clerical,Wife,White,Female,7815,0,35,United-States,0,0.9984787042380597,1,2,0.2
39,Private,300760,HS-grad,9,Divorced,Tech-support,Unmarried,White,Female,0,0,50,United-States,0,0.17158210419599362,0,2,0.2
39,Private,173944,HS-grad,9,Married-civ-spouse,Craft-repair,Husband,White,Male,7625,0,55,United-States,1,0.9984228766774479,1,2,0.2
40,,104196,HS-grad,9,Separated,,Own-child,White,Male,0,0,45,United-States,0,0.06372475199608854,0,2,0.2
33,Federal-gov,319560,Assoc-voc,11,Divorced,Craft-repair,Unmarried,Black,Female,0,0,40,United-States,1,0.16176344229555048,0,2,0.2
36,Private,128516,HS-grad,9,Divorced,Other-service,Not-in-family,White,Female,0,0,20,United-States,0,0.022707315182127326,0,2,0.2
20,Private,163665,Assoc-acdm,12,Never-married,Adm-clerical,Own-child,White,Female,0,0,15,United-States,0,0.0009015974149363862,0,2,0.2
21,Private,176262,Some-college,10,Never-married,Exec-managerial,Own-child,White,Female,0,0,30,United-States,0,0.0073707429173231875,0,2,0.2
25,Local-gov,58065,Bachelors,13,Married-civ-spouse,Prof-specialty,Wife,White,Female,0,0,50,United-States,0,0.5622391863876968,0,2,0.2
56,Private,201817,HS-grad,9,Widowed,Machine-op-inspct,Not-in-family,Black,Female,0,0,40,United-States,0,0.013699641065753939,0,2,0.2
50,Local-gov,124076,Bachelors,13,Married-civ-spouse,Prof-specialty,Wife,White,Female,0,0,40,United-States,1,0.8980383983876339,1,2,0.2
41,Private,107458,Bachelors,13,Never-married,Sales,Not-in-family,White,Male,10413,0,65,United-States,0,0.9984618314195691,1,2,0.2
42,Private,99203,HS-grad,9,Separated,Craft-repair,Not-in-family,White,Male,3325,0,40,United-States,0,0.006168919115223022,0,2,0.2
31,Private,198513,Some-college,10,Married-civ-spouse,Adm-clerical,Wife,White,Female,0,0,40,United-States,0,0.709728074335255,1,2,0.2
45,Self-emp-not-inc,183778,Assoc-acdm,12,Divorced,Sales,Not-in-family,White,Male,10210,0,55,United-States,0,0.9848803858445869,1,2,0.2
37,Private,177420,HS-grad,9,Married-civ-spouse,Handlers-cleaners,Husband,Black,Male,0,0,40,United-States,1,0.4365961441116557,0,2,0.2
54,State-gov,74334,Masters,14,Married-civ-spouse,Adm-clerical,Husband,Amer-Indian-Eskimo,Male,1783,0,55,United-States,1,0.24427426228603538,0,2,0.2
31,Private,162312,Bachelors,13,Never-married,Prof-specialty,Not-in-family,Asian-Pac-Islander,Male,0,0,35,Philippines,0,0.2519846326797742,0,2,0.2
45,Private,169973,Assoc-voc,11,Separated,Protective-serv,Not-in-family,White,Female,3551,0,55,United-States,0,0.028156353274091626,0,2,0.2
17,Private,313444,12th,8,Never-married,Sales,Own-child,White,Female,0,0,20,United-States,0,0.0005922093388628674,0,2,0.2
23,Private,119665,HS-grad,9,Never-married,Adm-clerical,Not-in-family,White,Male,0,0,60,United-States,0,0.030661192251088494,0,2,0.2
32,Private,214387,HS-grad,9,Never-married,Machine-op-inspct,Own-child,White,Male,9090,0,55,United-States,0,0.9948427061232357,1,2,0.2
39,Private,179137,HS-grad,9,Never-married,Adm-clerical,Not-in-family,White,Female,0,0,40,United-States,0,0.03230748700952419,0,2,0.2
30,Private,302473,HS-grad,9,Never-married,Adm-clerical,Own-child,White,Female,0,0,40,United-States,0,0.014173572075813042,0,2,0.2
54,Private,105428,HS-grad,9,Married-civ-spouse,Craft-repair,Husband,White,Male,0,0,40,United-States,0,0.6447060026408077,0,2,0.2
35,Federal-gov,105138,Prof-school,15,Married-civ-spouse,Prof-specialty,Husband,White,Male,0,0,55,United-States,0,0.9528452330506098,1,2,0.2
27,Private,162104,7th-8th,4,Never-married,Priv-house-serv,Own-child,White,Female,0,0,30,United-States,0,0.006623595097480463,0,2,0.2
40,Self-emp-not-inc,282678,Masters,14,Separated,Exec-managerial,Unmarried,White,Female,0,0,20,United-States,0,0.072248784031137,0,2,0.2
46,Federal-gov,119890,Assoc-voc,11,Separated,Tech-support,Not-in-family,Other,Female,0,0,30,United-States,0,0.04653589698034519,0,2,0.2
39,Private,225291,Some-college,10,Never-married,Adm-clerical,Not-in-family,White,Female,14577,0,55,United-States,0,0.9986355056892142,1,2,0.2
40,Private,300195,Some-college,10,Divorced,Tech-support,Unmarried,Black,Female,0,0,40,United-States,0,0.05134573119193982,0,2,0.2
63,Private,221672,Masters,14,Married-civ-spouse,Sales,Husband,White,Male,21212,0,65,United-States,1,0.9935104371801291,1,2,0.2
49,Private,30267,11th,7,Never-married,Transport-moving,Not-in-family,White,Male,4806,0,75,United-States,1,0.8382332170748675,1,2,0.2
21,State-gov,99199,Masters,14,Never-married,Transport-moving,Own-child,White,Male,0,0,15,United-States,0,0.00453179472002047,0,2,0.2
18,Private,178759,Some-college,10,Never-married,Sales,Own-child,White,Female,0,0,15,United-States,0,0.0006819852041850187,0,2,0.2
29,Local-gov,152461,Bachelors,13,Never-married,Tech-support,Not-in-family,White,Female,0,0,42,United-States,0,0.0381530289332343,0,2,0.2
37,Private,134088,Assoc-acdm,12,Never-married,Adm-clerical,Not-in-family,White,Female,0,0,40,United-States,0,0.06147435556319996,0,2,0.2
36,Private,178487,HS-grad,9,Divorced,Transport-moving,Own-child,White,Male,0,0,60,United-States,0,0.11902122307136542,0,2,0.2
30,Private,226525,10th,6,Divorced,Transport-moving,Own-child,White,Male,0,0,40,United-States,0,0.03502290826750092,0,2,0.2
57,,85815,HS-grad,9,Divorced,,Own-child,Asian-Pac-Islander,Male,0,0,20,United-States,0,0.03764851617824433,0,2,0.2
31,Local-gov,176185,Bachelors,13,Married-civ-spouse,Machine-op-inspct,Husband,White,Male,4064,0,40,,0,0.07908382924451907,0,2,0.2
55,Private,165881,HS-grad,9,Married-civ-spouse,Exec-managerial,Husband,White,Male,0,0,40,United-States,1,0.8066992926993828,1,2,0.2
36,Private,186819,Assoc-acdm,12,Married-civ-spouse,Craft-repair,Husband,White,Male,0,0,52,United-States,1,0.7697130570604221,1,2,0.2
33,Private,203488,Bachelors,13,Married-civ-spouse,Exec-managerial,Husband,White,Male,0,1672,40,United-States,0,0.06924216420469152,0,2,0.2
24,,311949,HS-grad,9,Never-married,,Not-in-family,Asian-Pac-Islander,Female,0,0,45,,0,0.040006920150676584,0,2,0.2
28,Local-gov,104329,Some-college,10,Married-civ-spouse,Protective-serv,Husband,White,Male,0,0,50,United-States,0,0.5119623820975212,0,2,0.2
21,Self-emp-not-inc,236769,7th-8th,4,Never-married,Craft-repair,Not-in-family,White,Male,0,0,40,United-States,0,0.04788742292485996,0,2,0.2
68,,188102,HS-grad,9,Married-civ-spouse,,Husband,White,Male,0,0,8,United-States,1,0.1708371164244924,0,2,0.2
63,Private,189762,Some-college,10,Married-civ-spouse,Exec-managerial,Wife,White,Female,97,0,30,United-States,1,0.11803173403046219,0,2,0.2
71,Local-gov,53612,Masters,14,Separated,Prof-specialty,Own-child,Black,Female,12501,0,50,United-States,0,0.9915181828611698,1,2,0.2
53,Private,178983,HS-grad,9,Married-civ-spouse,Adm-clerical,Wife,White,Female,12046,0,55,United-States,0,0.9985801266843599,1,2,0.2
20,Private,87546,Some-college,10,Never-married,Sales,Own-child,White,Female,0,0,40,United-States,0,0.0020587028535273386,0,2,0.2
28,Private,166320,HS-grad,9,Never-married,Prof-specialty,Not-in-family,White,Male,0,0,40,United-States,0,0.11264697580165765,0,2,0.2
56,Private,99894,10th,6,Married-civ-spouse,Sales,Wife,Asian-Pac-Islander,Female,0,0,30,Japan,1,0.15980014855022948,0,2,0.2
26,State-gov,58039,Some-college,10,Married-civ-spouse,Other-service,Husband,White,Male,0,0,40,United-States,0,0.22515586180436425,0,2,0.2
35,Private,216473,Some-college,10,Married-civ-spouse,Adm-clerical,Husband,White,Male,0,0,50,United-States,1,0.7425826019404905,1,2,0.2
30,Self-emp-inc,185384,Some-college,10,Married-civ-spouse,Exec-managerial,Wife,White,Female,0,0,25,United-States,0,0.7474954789630999,1,2,0.2
43,Private,174748,Bachelors,13,Divorced,Exec-managerial,Unmarried,Black,Female,7430,0,45,United-States,1,0.9276541192132737,1,2,0.2
35,Local-gov,255252,Some-college,10,Never-married,Other-service,Own-child,White,Male,9417,0,35,United-States,0,0.9935229371712703,1,2,0.2
59,Private,205949,HS-grad,9,Separated,Craft-repair,Unmarried,Amer-Indian-Eskimo,Female,0,0,40,United-States,0,0.029871717949569783,0,2,0.2
25,Private,198632,Some-college,10,Married-spouse-absent,Sales,Not-in-family,White,Male,0,0,50,United-States,0,0.11730273389925834,0,2,0.2
47,Local-gov,121124,Masters,14,Married-civ-spouse,Prof-specialty,Husband,White,Male,0,0,35,United-States,1,0.8976055606369526,1,2,0.2
47,Private,335704,Assoc-acdm,12,Married-civ-spouse,Sales,Husband,White,Male,14766,0,75,United-States,0,0.9992019877872944,1,2,0.2
31,Private,118941,Some-college,10,Never-married,Exec-managerial,Not-in-family,White,Female,0,0,40,United-States,1,0.1040339434232617,0,2,0.2
46,State-gov,146305,Some-college,10,Divorced,Tech-support,Not-in-family,Other,Female,0,0,48,United-States,0,0.23078389469189362,0,2,0.2
57,Private,329144,Some-college,10,Married-civ-spouse,Sales,Husband,White,Male,7328,0,55,United-States,1,0.997959856870335,1,2,0.2
53,Private,539864,Some-college,10,Divorced,Craft-repair,Not-in-family,White,Male,0,0,20,United-States,0,0.08285501677405675,0,2,0.2
38,Self-emp-not-inc,67317,Bachelors,13,Married-civ-spouse,Farming-fishing,Husband,White,Male,0,0,60,United-States,0,0.4546986871842377,0,2,0.2
41,Local-gov,297248,Prof-school,15,Married-civ-spouse,Prof-specialty,Husband,White,Male,0,2415,45,United-States,1,0.9927477108949243,1,2,0.2
38,Self-emp-not-inc,248919,Bachelors,13,Divorced,Prof-specialty,Not-in-family,White,Male,27828,0,35,United-States,1,0.9939678438943436,1,2,0.2
41,Private,244246,Some-college,10,Never-married,Craft-repair,Unmarried,White,Male,2223,0,55,Poland,0,0.02291558848015775,0,2,0.2
49,Private,38563,Bachelors,13,Never-married,Exec-managerial,Not-in-family,White,Female,0,0,56,United-States,1,0.6014094383917148,0,2,0.2
56,Self-emp-not-inc,156873,HS-grad,9,Married-civ-spouse,Craft-repair,Husband,White,Male,0,0,40,United-States,0,0.5531990180981436,0,2,0.2
38,Private,110103,HS-grad,9,Never-married,Other-service,Not-in-family,White,Female,8940,1762,55,United-States,0,0.9945100904490087,1,2,0.2
26,Private,360252,Assoc-acdm,12,Married-civ-spouse,Adm-clerical,Wife,White,Female,0,0,40,United-States,0,0.6133033435405133,0,2,0.2
34,Private,108837,Some-college,10,Married-civ-spouse,Handlers-cleaners,Husband,White,Male,0,0,40,United-States,1,0.38050093943315333,0,2,0.2
51,Private,222615,HS-grad,9,Married-civ-spouse,Machine-op-inspct,Husband,White,Male,0,0,40,United-States,1,0.6217982215698865,0,2,0.2
51,Private,127573,Bachelors,13,Married-civ-spouse,Prof-specialty,Wife,White,Female,2884,0,45,United-States,1,0.27703048805113284,0,2,0.2
41,Self-emp-not-inc,240900,HS-grad,9,Divorced,Farming-fishing,Other-relative,White,Male,0,0,20,United-States,0,0.008256590398057366,0,2,0.2
41,State-gov,27305,Masters,14,Married-civ-spouse,Prof-specialty,Husband,White,Male,0,0,40,United-States,1,0.8489221456134095,1,2,0.2
43,Local-gov,301638,12th,8,Married-civ-spouse,Transport-moving,Husband,White,Male,0,1579,40,United-States,0,0.013691351327347756,0,2,0.2
59,Private,750972,HS-grad,9,Married-civ-spouse,Machine-op-inspct,Husband,White,Male,0,0,40,United-States,0,0.44704192114440733,0,2,0.2
34,Private,192900,Some-college,10,Married-civ-spouse,Craft-repair,Husband,White,Male,0,0,40,United-States,1,0.6403414812241379,0,2,0.2
62,Self-emp-not-inc,186565,Bachelors,13,Married-civ-spouse,Sales,Husband,White,Male,6255,0,65,United-States,0,0.9877535677929264,1,2,0.2
19,Private,223669,11th,7,Never-married,Other-service,Own-child,White,Male,0,0,20,United-States,0,0.001610758638102576,0,2,0.2
48,Private,172695,Assoc-voc,11,Divorced,Other-service,Own-child,White,Female,0,0,40,United-States,0,0.06326000842588561,0,2,0.2
34,Private,284895,Some-college,10,Married-civ-spouse,Exec-managerial,Husband,White,Male,317,0,70,United-States,0,0.1460947073325136,0,2,0.2
43,Private,256813,Masters,14,Married-civ-spouse,Prof-specialty,Husband,White,Male,0,1902,40,United-States,1,0.9921508324710622,1,2,0.2
42,Private,259757,Bachelors,13,Divorced,Prof-specialty,Unmarried,White,Male,0,653,50,United-States,1,0.6003402348238754,0,2,0.2
54,Self-emp-not-inc,72257,HS-grad,9,Married-civ-spouse,Sales,Husband,White,Male,0,0,50,United-States,1,0.6143901974806267,0,2,0.2
23,Private,399022,HS-grad,9,Never-married,Other-service,Own-child,White,Male,0,0,35,United-States,0,0.011054596638409795,0,2,0.2
38,Private,73471,Some-college,10,Married-civ-spouse,Sales,Husband,White,Male,0,0,50,United-States,0,0.7040174276079146,1,2,0.2
52,Private,208137,Assoc-voc,11,Married-civ-spouse,Adm-clerical,Husband,White,Male,0,0,40,United-States,0,0.7894258695693638,1,2,0.2
20,Private,105312,HS-grad,9,Never-married,Sales,Not-in-family,White,Female,0,0,35,United-States,0,0.001731907541815377,0,2,0.2
39,Private,236481,Prof-school,15,Never-married,Prof-specialty,Not-in-family,Asian-Pac-Islander,Male,7856,0,25,India,0,0.7887253653102112,1,2,0.2
35,State-gov,142547,HS-grad,9,Married-civ-spouse,Exec-managerial,Husband,White,Male,13403,0,55,United-States,0,0.9990543834753206,1,2,0.2
47,Private,268022,HS-grad,9,Married-civ-spouse,Transport-moving,Husband,White,Male,0,0,55,United-States,1,0.7446589048025878,1,2,0.2
40,Local-gov,233891,HS-grad,9,Never-married,Adm-clerical,Unmarried,Black,Female,0,0,35,United-States,0,0.012505701800396507,0,2,0.2
23,Private,197207,Bachelors,13,Never-married,Prof-specialty,Not-in-family,White,Female,0,0,40,United-States,0,0.02462417850161517,0,2,0.2
26,Private,174921,Bachelors,13,Never-married,Prof-specialty,Not-in-family,White,Female,0,0,40,United-States,0,0.09597150964368145,0,2,0.2
32,Local-gov,169837,Assoc-acdm,12,Divorced,Exec-managerial,Not-in-family,Black,Female,0,0,40,United-States,0,0.05327038081255397,0,2,0.2
25,Private,166971,HS-grad,9,Married-civ-spouse,Sales,Husband,White,Male,0,0,52,United-States,0,0.4459936581517379,0,2,0.2
65,State-gov,151580,Assoc-voc,11,Married-civ-spouse,Prof-specialty,Husband,White,Male,7935,0,55,United-States,1,0.9883355158578022,1,2,0.2
27,Self-emp-not-inc,153546,Bachelors,13,Never-married,Prof-specialty,Own-child,White,Female,0,0,40,United-States,0,0.04070729970441566,0,2,0.2
24,Private,226668,HS-grad,9,Never-married,Other-service,Not-in-family,Amer-Indian-Eskimo,Male,0,0,35,United-States,0,0.01064041931894773,0,2,0.2
26,Private,241852,12th,8,Never-married,Craft-repair,Unmarried,White,Male,0,0,40,United-States,0,0.030256938447532716,0,2,0.2
59,Private,192835,HS-grad,9,Married-civ-spouse,Adm-clerical,Husband,White,Male,14596,0,65,United-States,1,0.9989763118270537,1,2,0.2
55,Private,341358,Assoc-voc,11,Married-civ-spouse,Sales,Husband,White,Male,267,0,55,United-States,1,0.17449901379542307,0,2,0.2
50,Private,247425,HS-grad,9,Divorced,Adm-clerical,Not-in-family,Black,Female,0,0,40,United-States,0,0.0494216300070922,0,2,0.2
36,Private,26668,Bachelors,13,Married-civ-spouse,Adm-clerical,Wife,White,Female,2996,0,55,Puerto-Rico,0,0.26836366992485833,0,2,0.2
38,Private,39092,Some-college,10,Married-civ-spouse,Exec-managerial,Husband,White,Male,18757,0,65,United-States,0,0.9989531956433284,1,2,0.2
22,Private,269474,Some-college,10,Never-married,Adm-clerical,Own-child,White,Male,0,0,10,United-States,0,0.004639436905705913,0,2,0.2
37,State-gov,318891,Some-college,10,Divorced,Adm-clerical,Unmarried,White,Female,0,0,40,United-States,0,0.03976488852348597,0,2,0.2
17,Private,142457,11th,7,Never-married,Other-service,Own-child,Black,Male,0,0,20,United-States,0,0.0008421581698485467,0,2,0.2
41,,252127,Some-college,10,Widowed,,Unmarried,Black,Female,0,0,20,United-States,0,0.014136203706676754,0,2,0.2
22,Private,305498,HS-grad,9,Divorced,Sales,Own-child,White,Female,0,0,33,United-States,0,0.007496622891942601,0,2,0.2
67,Self-emp-not-inc,268514,Bachelors,13,Divorced,Prof-specialty,Not-in-family,White,Male,0,0,40,United-States,0,0.5114545480462271,0,2,0.2
17,Private,225507,11th,7,Never-married,Handlers-cleaners,Not-in-family,Black,Female,0,0,15,United-States,0,0.0005288431639232586,0,2,0.2
21,Private,77759,Some-college,10,Never-married,Sales,Own-child,White,Female,0,0,15,United-States,0,0.004501252998100392,0,2,0.2
19,Local-gov,220558,11th,7,Never-married,Handlers-cleaners,Other-relative,White,Male,0,0,35,United-States,0,0.0016995621171077217,0,2,0.2
42,Private,202466,Assoc-acdm,12,Divorced,Prof-specialty,Unmarried,White,Female,0,0,45,United-States,0,0.25413668470903933,0,2,0.2
44,Private,209093,Bachelors,13,Never-married,Prof-specialty,Not-in-family,White,Male,0,0,40,United-States,0,0.5429027320898963,0,2,0.2
43,Private,124436,Some-college,10,Married-civ-spouse,Prof-specialty,Wife,White,Female,0,0,40,United-States,1,0.8434444375428619,1,2,0.2
58,Private,285885,9th,5,Divorced,Other-service,Unmarried,White,Female,0,0,40,United-States,0,0.018078069102952246,0,2,0.2
39,Private,52978,Some-college,10,Divorced,Other-service,Not-in-family,White,Female,0,1721,55,United-States,0,0.011152987295074347,0,2,0.2
73,Private,284710,Prof-school,15,Married-civ-spouse,Prof-specialty,Husband,White,Male,13998,1902,60,Columbia,1,0.9954288708634612,1,2,0.2
32,Private,287229,HS-grad,9,Never-married,Adm-clerical,Not-in-family,White,Female,0,0,35,United-States,0,0.018303003171065042,0,2,0.2
44,Private,176063,Bachelors,13,Married-civ-spouse,Exec-managerial,Husband,White,Male,0,0,45,United-States,0,0.9172959148512205,1,2,0.2
53,Private,192386,HS-grad,9,Separated,Transport-moving,Unmarried,White,Male,0,0,45,United-States,0,0.33487841137833213,0,2,0.2
37,Private,199739,Some-college,10,Divorced,Craft-repair,Own-child,White,Male,0,0,40,United-States,0,0.11118558506530711,0,2,0.2
32,Self-emp-not-inc,189461,HS-grad,9,Never-married,Other-service,Not-in-family,White,Female,0,0,60,United-States,0,0.08383113136540324,0,2,0.2
35,Private,112264,HS-grad,9,Married-civ-spouse,Sales,Husband,White,Male,0,0,50,United-States,0,0.6131189584954025,0,2,0.2
26,Private,124953,HS-grad,9,Never-married,Tech-support,Not-in-family,White,Male,0,0,40,,0,0.06760723421989051,0,2,0.2
25,Private,216583,Bachelors,13,Married-civ-spouse,Exec-managerial,Husband,White,Male,0,0,43,United-States,0,0.7309432979321268,1,2,0.2
66,Self-emp-inc,147239,Doctorate,16,Married-civ-spouse,Prof-specialty,Husband,White,Male,4448,0,75,United-States,1,0.2863710793855415,0,2,0.2
43,Federal-gov,72887,Bachelors,13,Married-spouse-absent,Tech-support,Not-in-family,Asian-Pac-Islander,Male,0,0,40,United-States,0,0.4380189457451618,0,2,0.2
35,Private,23892,HS-grad,9,Married-civ-spouse,Exec-managerial,Wife,White,Female,0,0,40,United-States,1,0.7916610376423505,1,2,0.2
55,Private,96415,HS-grad,9,Widowed,Other-service,Unmarried,Black,Female,0,0,35,United-States,0,0.019569011587291945,0,2,0.2
31,Private,180656,Bachelors,13,Never-married,Other-service,Not-in-family,White,Male,0,0,40,,0,0.0906970429402452,0,2,0.2
26,Private,272618,Bachelors,13,Married-civ-spouse,Sales,Husband,White,Male,0,0,55,United-States,0,0.7842666331823657,1,2,0.2
49,Federal-gov,195949,HS-grad,9,Married-civ-spouse,Machine-op-inspct,Husband,White,Male,0,0,40,United-States,0,0.6784955300813965,1,2,0.2
58,Private,27385,HS-grad,9,Married-civ-spouse,Exec-managerial,Husband,White,Male,0,0,60,United-States,1,0.8938957203613934,1,2,0.2
25,Private,462869,HS-grad,9,Never-married,Handlers-cleaners,Other-relative,White,Male,0,0,40,Mexico,0,0.0028361390293191137,0,2,0.2
83,,29702,7th-8th,4,Married-civ-spouse,,Husband,White,Male,0,0,20,United-States,0,0.08409767400668544,0,2,0.2
43,Local-gov,240504,Some-college,10,Married-civ-spouse,Protective-serv,Husband,Black,Male,13814,1902,65,United-States,1,0.9995305726050019,1,2,0.2
65,Private,176279,Assoc-voc,11,Married-civ-spouse,Other-service,Husband,White,Male,0,0,35,United-States,0,0.3964169827551691,0,2,0.2
54,Private,150999,Some-college,10,Married-civ-spouse,Exec-managerial,Husband,White,Male,0,0,44,United-States,0,0.8901430834320943,1,2,0.2
45,Private,373432,Some-college,10,Separated,Craft-repair,Own-child,White,Male,3489,0,75,United-States,0,0.04599364694863411,0,2,0.2
18,Private,618808,Some-college,10,Never-married,Adm-clerical,Own-child,White,Female,0,0,40,United-States,0,0.0011019513020425714,0,2,0.2
36,Federal-gov,218542,Assoc-acdm,12,Married-civ-spouse,Adm-clerical,Wife,White,Female,0,0,40,United-States,1,0.8914123834582305,1,2,0.2
24,Private,176321,Some-college,10,Never-married,Adm-clerical,Unmarried,White,Female,0,0,40,United-States,0,0.01593248651492377,0,2,0.2
29,Private,53271,Bachelors,13,Married-civ-spouse,Exec-managerial,Husband,White,Male,0,0,40,United-States,1,0.8250062080251479,1,2,0.2
23,Private,201490,HS-grad,9,Never-married,Handlers-cleaners,Own-child,White,Male,0,0,35,United-States,0,0.005109221371572439,0,2,0.2
29,Federal-gov,37933,Some-college,10,Never-married,Adm-clerical,Unmarried,Black,Female,2174,0,40,United-States,0,0.002057586800800392,0,2,0.2
27,Self-emp-not-inc,206889,Some-college,10,Married-civ-spouse,Farming-fishing,Husband,White,Male,0,0,50,United-States,0,0.3008973846574866,0,2,0.2
28,Private,165218,Bachelors,13,Never-married,Adm-clerical,Not-in-family,White,Female,0,0,55,United-States,0,0.2532132381460737,0,2,0.2
46,Private,428405,Bachelors,13,Married-civ-spouse,Exec-managerial,Husband,White,Male,0,0,40,United-States,1,0.907268399715832,1,2,0.2
43,State-gov,134782,Assoc-acdm,12,Married-spouse-absent,Other-service,Unmarried,White,Female,0,0,30,United-States,0,0.042627682836814826,0,2,0.2
28,Private,27956,Prof-school,15,Married-civ-spouse,Prof-specialty,Husband,Asian-Pac-Islander,Male,0,0,99,Philippines,0,0.7787719821831425,1,2,0.2
64,Private,145548,Assoc-acdm,12,Married-civ-spouse,Protective-serv,Husband,White,Male,12464,0,55,United-States,1,0.9900708368727259,1,2,0.2
81,Private,36147,Prof-school,15,Married-civ-spouse,Farming-fishing,Husband,White,Male,10605,0,2,United-States,1,0.9801610967289003,1,2,0.2
54,Private,249322,Bachelors,13,Married-civ-spouse,Sales,Husband,White,Male,7688,0,50,United-States,1,0.9985807094873441,1,2,0.2
37,Private,230035,HS-grad,9,Married-civ-spouse,Craft-repair,Husband,White,Male,0,0,46,United-States,1,0.6757988045554676,1,2,0.2
33,Private,213179,Some-college,10,Married-civ-spouse,Machine-op-inspct,Husband,White,Male,0,0,40,United-States,1,0.630189029531403,0,2,0.2
33,Private,106938,HS-grad,9,Married-civ-spouse,Tech-support,Wife,Black,Female,0,0,38,United-States,0,0.21365305935166679,0,2,0.2
30,Self-emp-inc,133876,HS-grad,9,Married-civ-spouse,Exec-managerial,Husband,White,Male,0,0,45,United-States,0,0.701377036976124,1,2,0.2
60,Private,175221,HS-grad,9,Married-civ-spouse,Machine-op-inspct,Husband,White,Male,2158,0,55,United-States,0,0.11338182395021058,0,2,0.2
53,Private,87158,HS-grad,9,Married-civ-spouse,Craft-repair,Husband,Black,Male,0,0,40,United-States,0,0.6119621028073947,0,2,0.2
50,Private,176157,Masters,14,Married-civ-spouse,Exec-managerial,Husband,White,Male,0,0,50,United-States,1,0.9388903697060768,1,2,0.2
23,Private,447488,9th,5,Never-married,Machine-op-inspct,Other-relative,White,Male,0,0,35,Mexico,0,0.0018776071356609288,0,2,0.2
39,Local-gov,134813,Masters,14,Never-married,Prof-specialty,Own-child,White,Male,2722,0,67,United-States,0,0.029244692274123782,0,2,0.2
42,Private,138662,Some-college,10,Separated,Adm-clerical,Own-child,White,Female,0,0,40,United-States,0,0.03763572976902821,0,2,0.2
38,Private,33046,Assoc-voc,11,Divorced,Other-service,Unmarried,White,Female,0,0,36,United-States,0,0.027535203847729863,0,2,0.2
41,Private,143046,Masters,14,Never-married,Adm-clerical,Not-in-family,White,Female,0,0,40,United-States,0,0.1370471045625419,0,2,0.2
65,,76131,HS-grad,9,Never-married,,Unmarried,Asian-Pac-Islander,Female,0,0,40,United-States,0,0.043851251508693026,0,2,0.2
39,Self-emp-not-inc,327120,HS-grad,9,Married-civ-spouse,Craft-repair,Husband,White,Male,0,0,40,Portugal,0,0.4620671274486481,0,2,0.2
52,Private,201783,Some-college,10,Married-civ-spouse,Exec-managerial,Husband,White,Male,7688,0,40,United-States,1,0.9984450167445246,1,2,0.2
44,Private,29933,Bachelors,13,Married-civ-spouse,Handlers-cleaners,Husband,White,Male,13729,0,65,United-States,1,0.9986720300855388,1,2,0.2
21,Private,129699,HS-grad,9,Never-married,Adm-clerical,Not-in-family,White,Male,0,0,40,United-States,0,0.013460789603615587,0,2,0.2
45,Local-gov,324550,Masters,14,Married-civ-spouse,Prof-specialty,Husband,White,Male,7688,0,40,United-States,1,0.9983668490179394,1,2,0.2
23,Private,157951,Some-college,10,Never-married,Exec-managerial,Not-in-family,White,Female,0,0,50,United-States,0,0.024744835936549418,0,2,0.2
38,Local-gov,265230,Bachelors,13,Never-married,Prof-specialty,Not-in-family,Black,Female,4296,0,55,United-States,0,0.29966614093772187,0,2,0.2
26,Private,103700,Some-college,10,Never-married,Tech-support,Own-child,White,Female,0,0,40,United-States,0,0.021333017537100627,0,2,0.2
36,Private,123151,11th,7,Married-civ-spouse,Craft-repair,Husband,White,Male,0,0,60,United-States,0,0.36920314797646153,0,2,0.2
41,State-gov,201363,HS-grad,9,Married-civ-spouse,Adm-clerical,Wife,White,Female,0,0,38,United-States,1,0.6873494157350192,1,2,0.2
28,Private,109282,Some-college,10,Divorced,Prof-specialty,Not-in-family,White,Male,0,0,40,United-States,0,0.12106679854403678,0,2,0.2
58,Self-emp-not-inc,605504,HS-grad,9,Married-civ-spouse,Sales,Husband,White,Male,0,0,40,United-States,1,0.689185658984931,1,2,0.2
44,Local-gov,241506,Masters,14,Divorced,Prof-specialty,Unmarried,White,Female,0,0,50,United-States,0,0.4011824771065436,0,2,0.2
18,Private,173585,11th,7,Never-married,Other-service,Own-child,White,Male,0,0,15,Peru,0,0.000848612572916987,0,2,0.2
17,,151141,10th,6,Never-married,,Own-child,White,Male,0,0,30,United-States,0,0.0015650445068257264,0,2,0.2
37,Private,215392,Bachelors,13,Divorced,Prof-specialty,Not-in-family,White,Female,0,0,40,United-States,0,0.3680539005714958,0,2,0.2
45,Self-emp-not-inc,244813,Prof-school,15,Married-civ-spouse,Prof-specialty,Husband,White,Male,0,0,38,United-States,1,0.9421192142940692,1,2,0.2
18,Private,151386,HS-grad,9,Married-spouse-absent,Other-service,Own-child,Black,Male,0,0,40,Jamaica,0,0.0026435651203906433,0,2,0.2
41,Private,105616,Some-college,10,Widowed,Adm-clerical,Unmarried,Black,Female,0,0,48,United-States,0,0.10234094904473197,0,2,0.2
21,Private,157893,HS-grad,9,Never-married,Transport-moving,Own-child,White,Female,0,0,40,United-States,0,0.0052407044915245985,0,2,0.2
17,Private,226717,12th,8,Never-married,Handlers-cleaners,Own-child,White,Male,0,0,20,United-States,0,0.0005433398238203151,0,2,0.2
21,Private,311478,HS-grad,9,Never-married,Handlers-cleaners,Own-child,Black,Male,0,0,45,United-States,0,0.005702454029097074,0,2,0.2
54,Private,162884,HS-grad,9,Divorced,Priv-house-serv,Unmarried,White,Female,4347,0,75,Columbia,0,0.2500041017651822,0,2,0.2
37,Self-emp-inc,183800,Assoc-acdm,12,Married-civ-spouse,Sales,Husband,White,Male,0,1887,40,United-States,1,0.9912816891106965,1,2,0.2
74,Private,192290,10th,6,Married-civ-spouse,Adm-clerical,Husband,White,Male,0,0,20,United-States,0,0.1569357405750315,0,2,0.2
50,State-gov,137815,Bachelors,13,Married-civ-spouse,Craft-repair,Husband,White,Male,0,0,40,United-States,1,0.8428192264173443,1,2,0.2
74,Private,97167,HS-grad,9,Married-civ-spouse,Other-service,Husband,White,Male,0,0,15,United-States,0,0.11062957787403672,0,2,0.2
24,Private,218678,Bachelors,13,Never-married,Sales,Own-child,White,Male,0,0,40,United-States,0,0.03215012698522405,0,2,0.2
58,Private,28225,Some-college,10,Married-civ-spouse,Transport-moving,Husband,White,Male,6286,0,73,United-States,0,0.9815802352221894,1,2,0.2
19,,141418,Some-college,10,Never-married,,Own-child,White,Male,0,0,15,United-States,0,0.001686043403663036,0,2,0.2
42,Private,149427,HS-grad,9,Never-married,Craft-repair,Own-child,White,Male,372,0,50,United-States,0,0.014195916369109914,0,2,0.2
39,Local-gov,20308,Bachelors,13,Married-civ-spouse,Prof-specialty,Husband,White,Male,0,0,40,United-States,1,0.8828439280024316,1,2,0.2
46,Private,163021,HS-grad,9,Never-married,Adm-clerical,Own-child,White,Female,0,0,40,United-States,0,0.02802666696590718,0,2,0.2
35,Private,224566,Some-college,10,Never-married,Exec-managerial,Not-in-family,White,Male,0,0,60,United-States,0,0.36084623427910006,0,2,0.2
32,Self-emp-not-inc,170108,HS-grad,9,Separated,Sales,Not-in-family,White,Male,0,0,50,United-States,0,0.20747495161603643,0,2,0.2
39,Private,48093,HS-grad,9,Never-married,Handlers-cleaners,Not-in-family,White,Male,0,0,40,United-States,0,0.03852939709468316,0,2,0.2
19,Private,207173,HS-grad,9,Separated,Adm-clerical,Unmarried,White,Female,0,0,30,United-States,0,0.0019497197634550396,0,2,0.2
29,Private,143331,10th,6,Never-married,Sales,Own-child,White,Male,1213,0,30,United-States,0,0.002381254439574496,0,2,0.2
39,Private,185405,10th,6,Married-civ-spouse,Craft-repair,Husband,White,Male,0,0,40,United-States,0,0.2942168017259049,0,2,0.2
50,Private,270194,Bachelors,13,Married-civ-spouse,Exec-managerial,Husband,White,Male,0,0,60,United-States,0,0.9217959318966712,1,2,0.2
39,Federal-gov,175232,Some-college,10,Married-civ-spouse,Handlers-cleaners,Husband,White,Male,0,1977,60,United-States,1,0.98629391461145,1,2,0.2
38,Private,120074,Bachelors,13,Married-civ-spouse,Machine-op-inspct,Husband,White,Male,0,0,50,United-States,1,0.7747204525477311,1,2,0.2
33,Private,202822,7th-8th,4,Never-married,Other-service,Unmarried,Black,Female,0,0,14,Trinadad&Tobago,0,0.0030753931154832302,0,2,0.2
47,Private,105273,Bachelors,13,Widowed,Craft-repair,Unmarried,Black,Female,6497,0,40,United-States,0,0.1097769182743132,0,2,0.2
40,Private,126701,9th,5,Never-married,Transport-moving,Not-in-family,White,Male,0,0,45,United-States,0,0.14336869287375156,0,2,0.2
42,Private,209370,HS-grad,9,Separated,Sales,Not-in-family,White,Female,0,0,30,United-States,0,0.03137503207746151,0,2,0.2
49,Private,357540,HS-grad,9,Married-civ-spouse,Farming-fishing,Husband,White,Male,0,0,25,United-States,0,0.20505409095321028,0,2,0.2
52,Private,225432,Some-college,10,Married-civ-spouse,Machine-op-inspct,Husband,White,Male,11074,0,60,United-States,0,0.9990149772850069,1,2,0.2
47,Local-gov,272182,Some-college,10,Never-married,Adm-clerical,Not-in-family,Black,Male,0,0,40,United-States,0,0.09355573476575832,0,2,0.2
29,Private,122112,Bachelors,13,Married-civ-spouse,Sales,Wife,White,Female,0,0,50,United-States,0,0.8284160943523678,1,2,0.2
35,Private,325921,Assoc-voc,11,Never-married,Prof-specialty,Not-in-family,White,Female,4111,0,51,United-States,0,0.018715930287816786,0,2,0.2
59,Private,254593,Bachelors,13,Married-civ-spouse,Sales,Husband,White,Male,0,0,55,United-States,1,0.8846781599363739,1,2,0.2
63,Self-emp-not-inc,22154,Some-college,10,Divorced,Adm-clerical,Not-in-family,White,Male,5963,0,55,United-States,0,0.1147673033110561,0,2,0.2
36,Private,218490,Assoc-voc,11,Married-civ-spouse,Sales,Husband,White,Male,0,0,60,United-States,0,0.8037764293476282,1,2,0.2
54,State-gov,82161,HS-grad,9,Married-civ-spouse,Protective-serv,Husband,White,Male,1486,0,87,United-States,1,0.09269296224782962,0,2,0.2
53,Self-emp-not-inc,101017,HS-grad,9,Married-civ-spouse,Exec-managerial,Husband,White,Male,0,0,35,United-States,0,0.5522183546116144,0,2,0.2
37,Self-emp-not-inc,218249,11th,7,Divorced,Prof-specialty,Unmarried,Black,Female,0,0,30,United-States,0,0.08953838794367615,0,2,0.2
43,Private,60001,Some-college,10,Married-civ-spouse,Sales,Husband,White,Male,0,0,40,United-States,1,0.7148511230446585,1,2,0.2
36,Private,126675,Bachelors,13,Married-civ-spouse,Craft-repair,Husband,White,Male,0,0,35,United-States,0,0.6967926704202296,1,2,0.2
41,Local-gov,270379,HS-grad,9,Never-married,Other-service,Unmarried,Black,Female,4318,0,55,United-States,0,0.19301701373028385,0,2,0.2
28,Self-emp-not-inc,212318,HS-grad,9,Never-married,Craft-repair,Not-in-family,White,Male,0,0,55,United-States,0,0.16964766552345978,0,2,0.2
55,Private,171355,Assoc-voc,11,Married-civ-spouse,Machine-op-inspct,Husband,White,Male,0,0,20,United-States,0,0.454996718716265,0,2,0.2
34,Private,149943,HS-grad,9,Never-married,Other-service,Not-in-family,Asian-Pac-Islander,Male,0,0,40,Japan,0,0.03799756547156819,0,2,0.2
40,Private,114537,Assoc-voc,11,Married-civ-spouse,Exec-managerial,Husband,White,Male,0,0,50,United-States,1,0.8866514105558108,1,2,0.2
54,Private,299324,5th-6th,3,Married-spouse-absent,Machine-op-inspct,Unmarried,White,Male,0,0,40,Mexico,0,0.020625415975437326,0,2,0.2
32,Private,194740,Some-college,10,Married-civ-spouse,Craft-repair,Husband,White,Male,0,0,55,Greece,0,0.5357634281958266,0,2,0.2
48,,174533,11th,7,Separated,,Unmarried,White,Male,0,0,40,United-States,0,0.10485377616351974,0,2,0.2
22,Federal-gov,280567,Some-college,10,Never-married,Transport-moving,Own-child,White,Male,0,0,4,United-States,0,0.0036068920662031606,0,2,0.2
56,Self-emp-not-inc,205033,12th,8,Married-civ-spouse,Exec-managerial,Husband,White,Male,13872,0,70,United-States,1,0.9990359364666739,1,2,0.2
29,Never-worked,131593,11th,7,Never-married,,Own-child,Black,Female,7489,0,35,United-States,0,0.24567509748663877,0,2,0.2
24,Private,201179,HS-grad,9,Never-married,Other-service,Own-child,White,Male,0,0,40,United-States,0,0.0138522561881695,0,2,0.2
17,Private,237399,11th,7,Never-married,Sales,Own-child,White,Male,0,0,20,United-States,0,0.0008196489859431345,0,2,0.2
56,Self-emp-not-inc,210731,7th-8th,4,Divorced,Sales,Other-relative,White,Male,0,0,20,Mexico,0,0.029331903573701742,0,2,0.2
28,Private,38918,Some-college,10,Married-civ-spouse,Craft-repair,Husband,White,Male,0,0,50,Germany,1,0.44934415859215404,0,2,0.2
63,Federal-gov,321494,HS-grad,9,Never-married,Other-service,Not-in-family,White,Male,2489,0,55,United-States,0,0.016197302403827846,0,2,0.2
51,Local-gov,146181,9th,5,Married-civ-spouse,Transport-moving,Husband,Black,Male,0,0,40,United-States,0,0.22570225696776017,0,2,0.2
37,Private,222450,11th,7,Married-spouse-absent,Other-service,Other-relative,White,Male,0,0,40,El-Salvador,0,0.020676988192160982,0,2,0.2
50,Private,69477,10th,6,Married-civ-spouse,Farming-fishing,Husband,White,Male,0,0,45,United-States,0,0.3203347909959904,0,2,0.2
46,Private,193188,Masters,14,Never-married,Exec-managerial,Unmarried,White,Male,0,0,40,United-States,0,0.6382688215187848,0,2,0.2
62,Private,115387,HS-grad,9,Never-married,Handlers-cleaners,Other-relative,Black,Female,0,0,40,United-States,0,0.0030659983403326274,0,2,0.2
37,Private,134113,Bachelors,13,Never-married,Adm-clerical,Not-in-family,White,Male,4780,0,45,United-States,0,0.9141145615494,1,2,0.2
36,Local-gov,331902,Some-college,10,Divorced,Adm-clerical,Unmarried,White,Female,0,0,35,United-States,0,0.03131921509363583,0,2,0.2
29,Local-gov,152461,Bachelors,13,Never-married,Tech-support,Not-in-family,White,Female,0,0,40,United-States,0,0.031366503458847554,0,2,0.2
20,Private,97212,Some-college,10,Married-civ-spouse,Sales,Wife,White,Female,0,0,30,United-States,0,0.017018881965143992,0,2,0.2
35,Private,142616,HS-grad,9,Separated,Other-service,Own-child,Black,Female,0,0,30,United-States,0,0.009260041161139331,0,2,0.2
36,Private,127809,HS-grad,9,Separated,Other-service,Unmarried,Black,Female,0,0,30,United-States,0,0.010831071416780809,0,2,0.2
52,Private,121874,Assoc-acdm,12,Married-civ-spouse,Sales,Husband,White,Male,9325,0,65,United-States,1,0.9986308574378123,1,2,0.2
30,Private,1184622,Some-college,10,Married-civ-spouse,Transport-moving,Husband,Black,Male,0,0,35,United-States,0,0.2264495863471809,0,2,0.2
44,Private,242521,Bachelors,13,Married-civ-spouse,Sales,Husband,White,Male,7688,0,50,United-States,1,0.9985748014071697,1,2,0.2
43,Private,138471,Some-college,10,Never-married,Adm-clerical,Not-in-family,White,Male,0,0,40,United-States,0,0.16536143288876143,0,2,0.2
43,Local-gov,265698,Bachelors,13,Married-civ-spouse,Prof-specialty,Wife,White,Female,0,0,45,United-States,1,0.9129867386372741,1,2,0.2
65,Self-emp-inc,148532,Bachelors,13,Married-civ-spouse,Sales,Husband,White,Male,4654,0,75,United-States,1,0.1881508882626531,0,2,0.2
22,Private,361608,HS-grad,9,Never-married,Adm-clerical,Not-in-family,White,Female,0,0,40,United-States,0,0.010121782965925565,0,2,0.2
66,Private,99185,Doctorate,16,Married-civ-spouse,Prof-specialty,Husband,White,Male,21969,0,60,United-States,1,0.995581889390296,1,2,0.2
29,State-gov,382272,Bachelors,13,Never-married,Craft-repair,Not-in-family,White,Male,0,0,40,United-States,0,0.1123925261893689,0,2,0.2
30,Private,194971,HS-grad,9,Married-civ-spouse,Other-service,Husband,Asian-Pac-Islander,Male,0,0,52,China,0,0.29636966541186516,0,2,0.2
53,Private,119079,HS-grad,9,Married-civ-spouse,Sales,Husband,White,Male,10731,0,64,United-States,1,0.9990708012396485,1,2,0.2
54,Local-gov,163557,HS-grad,9,Never-married,Adm-clerical,Not-in-family,White,Female,0,0,30,United-States,0,0.0336258920114587,0,2,0.2
30,Private,36340,11th,7,Divorced,Other-service,Unmarried,White,Female,0,0,35,United-States,0,0.013545730928700445,0,2,0.2
41,Self-emp-not-inc,134130,HS-grad,9,Married-civ-spouse,Farming-fishing,Husband,White,Male,0,0,60,United-States,0,0.3250429665674114,0,2,0.2
54,Private,35576,Some-college,10,Married-civ-spouse,Sales,Husband,White,Male,0,2415,50,United-States,1,0.974429341635994,1,2,0.2
34,Private,205581,HS-grad,9,Married-civ-spouse,Sales,Wife,White,Female,0,0,40,United-States,0,0.5668561860988802,0,2,0.2
39,Private,282313,HS-grad,9,Married-civ-spouse,Transport-moving,Husband,Black,Male,7739,0,55,United-States,0,0.998197429829683,1,2,0.2
45,Private,348854,Some-college,10,Separated,Adm-clerical,Unmarried,White,Female,0,0,27,United-States,0,0.045140690516722926,0,2,0.2
32,Private,112139,HS-grad,9,Married-civ-spouse,Sales,Husband,White,Male,0,0,30,United-States,0,0.21202802960741574,0,2,0.2
73,Local-gov,143437,HS-grad,9,Married-civ-spouse,Exec-managerial,Husband,White,Male,0,0,20,United-States,0,0.24329887739835895,0,2,0.2
76,Private,97077,10th,6,Widowed,Sales,Unmarried,Black,Female,0,0,12,United-States,0,0.02485896223214514,0,2,0.2
35,,226379,HS-grad,9,Married-civ-spouse,,Other-relative,White,Female,0,0,25,United-States,0,0.04565064548112266,0,2,0.2
61,Self-emp-not-inc,340755,Masters,14,Married-civ-spouse,Exec-managerial,Husband,White,Male,6883,0,55,United-States,1,0.9506217603769285,1,2,0.2
43,Private,160815,Assoc-voc,11,Divorced,Prof-specialty,Unmarried,White,Female,0,0,40,United-States,0,0.21548823146999496,0,2,0.2
35,Private,105813,Bachelors,13,Married-civ-spouse,Prof-specialty,Husband,White,Male,0,0,48,United-States,1,0.8333474291470369,1,2,0.2
49,Private,20308,Bachelors,13,Married-civ-spouse,Prof-specialty,Husband,White,Male,6061,0,80,United-States,1,0.9936996283637588,1,2,0.2
22,Private,206815,HS-grad,9,Never-married,Sales,Unmarried,White,Female,0,0,40,Peru,0,0.007488849679566328,0,2,0.2
34,Private,256362,HS-grad,9,Married-civ-spouse,Adm-clerical,Husband,White,Male,0,0,40,Italy,1,0.45238972913204395,0,2,0.2
34,Private,247328,HS-grad,9,Never-married,Machine-op-inspct,Other-relative,White,Male,0,0,40,United-States,0,0.011181471529697833,0,2,0.2
39,Private,278557,Assoc-voc,11,Married-civ-spouse,Craft-repair,Husband,White,Male,0,1628,48,United-States,0,0.028198984466823142,0,2,0.2
61,Self-emp-inc,182211,HS-grad,9,Married-civ-spouse,Sales,Husband,White,Male,269,0,65,United-States,1,0.10252940557894948,0,2,0.2
41,Private,43467,Bachelors,13,Divorced,Other-service,Not-in-family,White,Female,0,0,99,United-States,0,0.21837764656916073,0,2,0.2
47,Private,117528,Bachelors,13,Never-married,Tech-support,Not-in-family,White,Female,6507,0,55,United-States,0,0.25473597231679024,0,2,0.2
45,Local-gov,317846,Assoc-acdm,12,Divorced,Exec-managerial,Unmarried,White,Male,0,0,47,United-States,0,0.5216992379582767,0,2,0.2
29,Private,149324,Some-college,10,Married-civ-spouse,Craft-repair,Husband,White,Male,0,1485,40,United-States,1,0.7536771683603104,1,2,0.2
41,Federal-gov,56236,HS-grad,9,Divorced,Protective-serv,Unmarried,Black,Male,1506,0,40,United-States,0,0.012177814249090289,0,2,0.2
64,Self-emp-inc,29887,Prof-school,15,Married-civ-spouse,Prof-specialty,Husband,White,Male,3421,0,75,United-States,1,0.1407475903476543,0,2,0.2
54,Private,179291,Some-college,10,Married-civ-spouse,Prof-specialty,Husband,Black,Male,0,0,56,Haiti,1,0.8092031080513968,1,2,0.2
29,Private,309778,Bachelors,13,Never-married,Craft-repair,Not-in-family,White,Male,0,0,40,United-States,0,0.11189985830220896,0,2,0.2
50,Private,99156,HS-grad,9,Separated,Other-service,Own-child,White,Male,11190,0,50,United-States,0,0.9973494716774222,1,2,0.2
45,Private,28119,HS-grad,9,Married-civ-spouse,Adm-clerical,Husband,White,Male,0,0,7,United-States,0,0.4040156861320393,0,2,0.2
48,Private,70668,10th,6,Never-married,Priv-house-serv,Other-relative,White,Female,0,0,40,United-States,0,0.0027865576142151443,0,2,0.2
32,Private,127651,HS-grad,9,Married-civ-spouse,Sales,Husband,White,Male,0,0,46,United-States,1,0.6385642090058546,0,2,0.2
44,Private,117369,HS-grad,9,Never-married,Other-service,Not-in-family,White,Male,12653,0,63,United-States,0,0.9983058707379245,1,2,0.2
32,Private,160594,Bachelors,13,Never-married,Sales,Not-in-family,White,Male,0,1564,50,United-States,1,0.9862769243492131,1,2,0.2
51,Private,143741,Some-college,10,Married-civ-spouse,Other-service,Wife,White,Female,0,0,40,United-States,1,0.5249073943411794,0,2,0.2
23,Private,307267,Masters,14,Never-married,Other-service,Not-in-family,White,Female,0,0,10,United-States,0,0.005016239514184894,0,2,0.2
50,Private,155433,Bachelors,13,Divorced,Exec-managerial,Not-in-family,White,Female,0,0,50,United-States,0,0.6995576133118903,1,2,0.2
23,Private,188950,Assoc-voc,11,Never-married,Sales,Own-child,White,Male,0,0,40,United-States,0,0.016716028249305473,0,2,0.2
33,Self-emp-not-inc,105229,Bachelors,13,Married-civ-spouse,Exec-managerial,Husband,White,Male,0,0,40,United-States,0,0.7501006872748173,1,2,0.2
24,Private,204653,Some-college,10,Never-married,Craft-repair,Own-child,White,Male,0,0,40,United-States,0,0.02471303889109851,0,2,0.2
50,Self-emp-not-inc,91103,HS-grad,9,Married-civ-spouse,Craft-repair,Husband,White,Male,0,0,51,United-States,1,0.6245526127928713,0,2,0.2
30,Private,170194,11th,7,Never-married,Sales,Own-child,White,Male,3717,0,40,United-States,0,0.00315607824282849,0,2,0.2
53,Private,43711,HS-grad,9,Never-married,Other-service,Not-in-family,White,Male,13850,0,45,United-States,0,0.9984230398575052,1,2,0.2
35,Private,151835,Masters,14,Married-civ-spouse,Prof-specialty,Husband,White,Male,99999,0,50,United-States,1,0.9990623778819748,1,2,0.2
18,,209735,Some-college,10,Never-married,,Own-child,White,Female,0,0,30,United-States,0,0.0013282358983716749,0,2,0.2
23,Private,129121,HS-grad,9,Divorced,Sales,Not-in-family,White,Female,0,0,30,United-States,0,0.009459677556217775,0,2,0.2
27,Self-emp-inc,193868,HS-grad,9,Never-married,Sales,Not-in-family,White,Male,0,0,50,United-States,0,0.24867831689797698,0,2,0.2
54,Private,76487,HS-grad,9,Married-civ-spouse,Adm-clerical,Husband,White,Male,8568,0,60,United-States,0,0.9985432213415831,1,2,0.2
26,Private,98114,HS-grad,9,Divorced,Exec-managerial,Own-child,White,Female,0,0,40,United-States,0,0.03362540597954302,0,2,0.2
67,Self-emp-not-inc,218456,Masters,14,Divorced,Exec-managerial,Not-in-family,White,Female,13539,0,65,Hungary,0,0.9953505050932572,1,2,0.2
60,Private,144844,HS-grad,9,Married-civ-spouse,Craft-repair,Husband,White,Male,2482,0,55,United-States,0,0.10604347071919441,0,2,0.2
36,Private,86459,Assoc-voc,11,Married-civ-spouse,Exec-managerial,Husband,White,Male,0,1887,50,United-States,1,0.9894192549996418,1,2,0.2
41,Private,106159,HS-grad,9,Never-married,Machine-op-inspct,Own-child,White,Male,14344,0,48,United-States,1,0.9969148076237135,1,2,0.2
47,Self-emp-not-inc,218676,Masters,14,Married-civ-spouse,Exec-managerial,Husband,White,Male,0,0,45,United-States,0,0.881446242595494,1,2,0.2
27,Private,307724,Some-college,10,Never-married,Adm-clerical,Not-in-family,White,Female,0,0,40,,0,0.03036064142980511,0,2,0.2
62,Private,183735,Some-college,10,Married-civ-spouse,Exec-managerial,Husband,White,Male,0,0,40,United-States,0,0.8192015373100576,1,2,0.2
33,Private,40681,Assoc-acdm,12,Never-married,Adm-clerical,Not-in-family,White,Female,0,0,40,United-States,0,0.03628572066681311,0,2,0.2
45,Self-emp-inc,177543,HS-grad,9,Married-civ-spouse,Sales,Wife,White,Female,0,0,50,United-States,0,0.6790225360196104,1,2,0.2
64,Self-emp-not-inc,41496,Some-college,10,Married-civ-spouse,Sales,Husband,White,Male,1399,0,60,United-States,0,0.07118393229300211,0,2,0.2
58,Private,196502,Some-college,10,Married-civ-spouse,Sales,Husband,White,Male,0,0,60,United-States,1,0.8187984014355221,1,2,0.2
32,Private,376416,HS-grad,9,Never-married,Sales,Own-child,White,Male,14404,0,55,United-States,0,0.9975661415629411,1,2,0.2
37,Private,359131,HS-grad,9,Divorced,Craft-repair,Unmarried,White,Female,0,0,48,United-States,0,0.14981454761090413,0,2,0.2
34,Private,303187,Bachelors,13,Married-civ-spouse,Prof-specialty,Husband,Asian-Pac-Islander,Male,0,0,40,,1,0.8482251638741548,1,2,0.2
19,Private,287380,Some-college,10,Never-married,Handlers-cleaners,Own-child,White,Male,0,0,27,United-States,0,0.0019719454374944713,0,2,0.2
50,Private,191455,HS-grad,9,Married-civ-spouse,Other-service,Wife,White,Female,1525,0,25,United-States,0,0.04082476995244818,0,2,0.2
33,Private,241697,Some-college,10,Married-spouse-absent,Sales,Unmarried,Amer-Indian-Eskimo,Male,0,1602,40,United-States,0,0.010292303783645599,0,2,0.2
26,Private,177720,Assoc-acdm,12,Divorced,Prof-specialty,Unmarried,White,Female,0,0,45,United-States,0,0.15513645621478422,0,2,0.2
53,Self-emp-inc,32016,HS-grad,9,Married-civ-spouse,Sales,Husband,White,Male,11771,0,77,United-States,0,0.9983179786760922,1,2,0.2
65,Private,209831,Assoc-voc,11,Married-civ-spouse,Adm-clerical,Wife,White,Female,0,0,40,United-States,0,0.6346677382869861,0,2,0.2
26,Private,284343,HS-grad,9,Never-married,Machine-op-inspct,Not-in-family,White,Male,0,0,40,United-States,0,0.012018345756201634,0,2,0.2
27,Private,135296,Bachelors,13,Married-civ-spouse,Exec-managerial,Wife,White,Female,0,0,40,United-States,1,0.8208159743902409,1,2,0.2
32,Private,258298,Some-college,10,Never-married,Handlers-cleaners,Own-child,White,Male,738,0,35,United-States,0,0.002333829622917137,0,2,0.2
38,Self-emp-not-inc,112158,HS-grad,9,Married-civ-spouse,Exec-managerial,Husband,White,Male,0,0,99,United-States,0,0.4571678992609573,0,2,0.2
30,Private,77634,HS-grad,9,Married-civ-spouse,Exec-managerial,Husband,White,Male,0,0,40,United-States,0,0.5855796117340784,0,2,0.2
18,Private,127388,12th,8,Never-married,Other-service,Not-in-family,White,Female,0,0,25,United-States,0,0.0008040329198419204,0,2,0.2
47,Private,244025,HS-grad,9,Never-married,Machine-op-inspct,Unmarried,Amer-Indian-Eskimo,Male,0,0,56,Puerto-Rico,0,0.039313072040837706,0,2,0.2
30,Private,41973,11th,7,Never-married,Adm-clerical,Own-child,White,Female,1579,0,20,United-States,0,0.0010069724873864657,0,2,0.2
77,Local-gov,200764,HS-grad,9,Divorced,Adm-clerical,Not-in-family,White,Female,14334,0,31,United-States,1,0.9973577566315983,1,2,0.2
38,Self-emp-inc,159179,Prof-school,15,Married-civ-spouse,Prof-specialty,Husband,White,Male,0,0,45,United-States,1,0.9442263559044348,1,2,0.2
46,State-gov,56841,Masters,14,Married-civ-spouse,Exec-managerial,Husband,White,Male,0,0,45,United-States,1,0.9281807247201409,1,2,0.2
42,Private,156580,Some-college,10,Married-civ-spouse,Machine-op-inspct,Wife,White,Female,0,0,37,United-States,1,0.7312705701963574,1,2,0.2
60,Private,366089,Doctorate,16,Married-civ-spouse,Prof-specialty,Husband,White,Male,12611,0,60,United-States,1,0.9986143525145597,1,2,0.2
39,Private,127772,HS-grad,9,Married-civ-spouse,Craft-repair,Husband,White,Male,0,0,40,United-States,0,0.5846427236705267,0,2,0.2
31,Private,196119,HS-grad,9,Never-married,Sales,Own-child,White,Female,2619,0,50,United-States,0,0.006657378470377636,0,2,0.2
52,Private,144361,Assoc-voc,11,Married-civ-spouse,Craft-repair,Husband,White,Male,0,1902,40,United-States,1,0.9871904940109761,1,2,0.2
78,Private,111189,7th-8th,4,Never-married,Machine-op-inspct,Not-in-family,White,Female,0,0,35,Dominican-Republic,0,0.024211244672509194,0,2,0.2
20,Private,113511,11th,7,Never-married,Transport-moving,Own-child,White,Male,0,0,40,United-States,0,0.002118295265218695,0,2,0.2
90,Self-emp-not-inc,152148,7th-8th,4,Married-civ-spouse,Transport-moving,Husband,White,Male,9046,0,35,United-States,0,0.9440231483295012,1,2,0.2
35,Private,164519,HS-grad,9,Divorced,Adm-clerical,Unmarried,Black,Female,0,0,40,United-States,0,0.020240717791108125,0,2,0.2
31,Local-gov,202184,Some-college,10,Never-married,Adm-clerical,Own-child,White,Male,6481,0,30,United-States,0,0.057656580773523446,0,2,0.2
29,Private,176760,Prof-school,15,Never-married,Prof-specialty,Not-in-family,Asian-Pac-Islander,Male,0,0,55,United-States,0,0.5246623836650735,0,2,0.2
30,Self-emp-inc,204470,Some-college,10,Married-civ-spouse,Exec-managerial,Husband,White,Male,0,0,36,United-States,1,0.7409121380954324,1,2,0.2
55,Private,124330,Some-college,10,Divorced,Exec-managerial,Not-in-family,White,Female,7511,0,61,United-States,0,0.8601333430972231,1,2,0.2
39,Private,269548,1st-4th,2,Married-civ-spouse,Handlers-cleaners,Husband,White,Male,0,0,70,Mexico,0,0.07918724247681012,0,2,0.2
48,Private,195437,11th,7,Married-civ-spouse,Transport-moving,Husband,White,Male,0,0,40,United-States,1,0.37809796555604913,0,2,0.2
27,Private,188941,Some-college,10,Married-civ-spouse,Tech-support,Husband,White,Male,3908,0,40,United-States,0,0.04310832298642029,0,2,0.2
35,Private,169672,11th,7,Married-civ-spouse,Sales,Husband,White,Male,0,0,65,United-States,0,0.4359359018724831,0,2,0.2
50,Private,154043,HS-grad,9,Widowed,Adm-clerical,Other-relative,Black,Female,0,0,40,United-States,0,0.019635287900884618,0,2,0.2
90,Self-emp-inc,183686,Bachelors,13,Married-civ-spouse,Sales,Husband,White,Male,13012,0,35,United-States,1,0.9920600877282978,1,2,0.2
34,Private,125010,Assoc-voc,11,Never-married,Priv-house-serv,Not-in-family,White,Female,8916,0,45,United-States,0,0.9951332350838904,1,2,0.2
47,Private,341471,HS-grad,9,Divorced,Priv-house-serv,Not-in-family,White,Female,0,0,4,United-States,0,0.025831713612847904,0,2,0.2
58,Private,148254,HS-grad,9,Divorced,Exec-managerial,Not-in-family,White,Female,7396,0,75,United-States,0,0.810838527573053,1,2,0.2
41,Private,297186,HS-grad,9,Married-civ-spouse,Transport-moving,Wife,White,Female,0,0,40,United-States,0,0.6613040351118465,1,2,0.2
59,Private,159724,Masters,14,Married-civ-spouse,Sales,Husband,White,Male,7298,0,55,United-States,1,0.9980710831223994,1,2,0.2
69,Private,104827,HS-grad,9,Widowed,Tech-support,Unmarried,White,Female,0,0,8,United-States,0,0.019913838922202404,0,2,0.2
52,Private,262579,HS-grad,9,Married-civ-spouse,Handlers-cleaners,Husband,White,Male,0,0,45,United-States,0,0.5197703085758009,0,2,0.2
27,Private,110622,5th-6th,3,Never-married,Sales,Own-child,Asian-Pac-Islander,Female,0,0,20,Vietnam,0,0.004162346405994525,0,2,0.2
23,Private,147253,Assoc-acdm,12,Never-married,Sales,Not-in-family,White,Male,0,0,40,United-States,0,0.023724101042792614,0,2,0.2
35,Private,50341,Masters,14,Never-married,Sales,Not-in-family,White,Female,998,0,35,United-States,0,0.010897051935760411,0,2,0.2
21,Private,34816,Assoc-voc,11,Married-civ-spouse,Adm-clerical,Wife,White,Female,0,0,12,United-States,0,0.058653021997109,0,2,0.2
20,Private,146879,HS-grad,9,Never-married,Other-service,Not-in-family,White,Male,0,2001,40,United-States,0,0.006804394376280591,0,2,0.2
60,Private,181200,12th,8,Married-civ-spouse,Adm-clerical,Husband,White,Male,0,0,40,United-States,0,0.580732726588682,0,2,0.2
62,Private,161438,HS-grad,9,Married-civ-spouse,Exec-managerial,Husband,White,Male,11661,0,65,United-States,1,0.9890031389169126,1,2,0.2
23,Private,202344,Bachelors,13,Never-married,Prof-specialty,Own-child,White,Female,0,0,40,United-States,0,0.018738554666588313,0,2,0.2
57,,221417,Bachelors,13,Married-civ-spouse,,Husband,White,Male,0,0,40,United-States,1,0.809642073537996,1,2,0.2
44,Private,162372,9th,5,Married-civ-spouse,Craft-repair,Husband,White,Male,0,0,45,Puerto-Rico,0,0.2630652171190068,0,2,0.2
24,Private,96844,Some-college,10,Never-married,Adm-clerical,Not-in-family,White,Female,0,0,17,United-States,0,0.004891345502216247,0,2,0.2
38,Private,304651,HS-grad,9,Married-civ-spouse,Adm-clerical,Husband,White,Male,0,0,45,United-States,1,0.7131633820987799,1,2,0.2
62,,122433,10th,6,Divorced,,Unmarried,White,Male,0,0,35,United-States,0,0.08638101639063811,0,2,0.2
42,Self-emp-not-inc,138162,Bachelors,13,Married-civ-spouse,Exec-managerial,Husband,White,Male,0,0,45,United-States,0,0.8163935940147826,1,2,0.2
62,Self-emp-inc,245491,Bachelors,13,Divorced,Sales,Not-in-family,White,Male,99999,0,40,United-States,1,0.995607615740431,1,2,0.2
44,Private,172032,HS-grad,9,Married-civ-spouse,Transport-moving,Husband,White,Male,0,0,40,United-States,0,0.5001451269648707,0,2,0.2
26,Private,266022,Some-college,10,Married-civ-spouse,Sales,Husband,White,Male,0,0,50,United-States,0,0.5676805489952722,0,2,0.2
49,Private,111129,Assoc-voc,11,Married-civ-spouse,Craft-repair,Husband,White,Male,2105,0,54,United-States,0,0.15418973777921738,0,2,0.2
58,Private,236731,1st-4th,2,Married-civ-spouse,Other-service,Husband,White,Male,0,0,40,Cuba,0,0.07513084359205796,0,2,0.2
43,Private,106637,Some-college,10,Divorced,Adm-clerical,Unmarried,White,Female,11300,0,35,United-States,0,0.9917808280115146,1,2,0.2
39,Private,43712,HS-grad,9,Married-civ-spouse,Exec-managerial,Husband,White,Male,7298,0,40,United-States,1,0.9971793907428316,1,2,0.2
22,State-gov,199266,Some-college,10,Never-married,Adm-clerical,Not-in-family,White,Female,0,0,17,United-States,0,0.0029315149245457226,0,2,0.2
19,Private,260275,11th,7,Separated,Craft-repair,Own-child,Black,Male,0,0,40,United-States,0,0.009409623306917558,0,2,0.2
28,Private,198493,Assoc-acdm,12,Never-married,Craft-repair,Not-in-family,White,Male,0,0,40,United-States,0,0.06887431828535667,0,2,0.2
19,,60688,Some-college,10,Never-married,,Own-child,White,Male,0,0,35,United-States,0,0.0033755659051065193,0,2,0.2
27,Federal-gov,508336,Bachelors,13,Never-married,Exec-managerial,Not-in-family,Black,Male,0,0,48,United-States,0,0.11495324521554097,0,2,0.2
35,Private,63921,5th-6th,3,Married-civ-spouse,Handlers-cleaners,Husband,White,Male,0,0,40,Mexico,0,0.02355007120716899,0,2,0.2
43,Private,96102,Masters,14,Married-spouse-absent,Exec-managerial,Not-in-family,White,Male,0,0,50,United-States,0,0.7795893929119794,1,2,0.2
37,Private,32719,Bachelors,13,Married-civ-spouse,Prof-specialty,Wife,White,Female,0,0,50,United-States,1,0.8002781965154436,1,2,0.2
63,Private,194908,HS-grad,9,Never-married,Adm-clerical,Not-in-family,White,Female,7131,0,55,United-States,0,0.8713970712278645,1,2,0.2
19,Private,41745,Some-college,10,Never-married,Exec-managerial,Own-child,White,Female,0,0,40,United-States,0,0.0023892442272010032,0,2,0.2
27,Private,169815,Bachelors,13,Never-married,Sales,Own-child,White,Male,0,0,40,United-States,0,0.04845421926930748,0,2,0.2
37,,223732,Some-college,10,Separated,,Unmarried,White,Male,0,0,40,United-States,0,0.058710122782843106,0,2,0.2
23,,154921,5th-6th,3,Never-married,,Not-in-family,White,Male,0,0,50,United-States,0,0.02243900950814397,0,2,0.2
51,Private,351416,Some-college,10,Divorced,Prof-specialty,Unmarried,White,Female,0,0,40,United-States,0,0.23735275900104955,0,2,0.2
44,Private,391874,HS-grad,9,Married-civ-spouse,Craft-repair,Husband,White,Male,11952,0,55,United-States,0,0.9990901511996861,1,2,0.2
41,Private,257758,12th,8,Married-civ-spouse,Craft-repair,Husband,White,Male,0,0,40,United-States,1,0.5181584724412412,0,2,0.2
53,Private,346871,HS-grad,9,Divorced,Prof-specialty,Not-in-family,White,Male,4787,0,46,United-States,1,0.970969369217132,1,2,0.2
22,Private,136230,HS-grad,9,Never-married,Adm-clerical,Own-child,White,Male,0,0,40,United-States,0,0.012883054327179965,0,2,0.2
37,Private,196373,HS-grad,9,Married-civ-spouse,Craft-repair,Husband,White,Male,0,0,40,United-States,1,0.6028741574281831,0,2,0.2
23,Private,122272,HS-grad,9,Never-married,Craft-repair,Own-child,White,Female,0,0,40,United-States,0,0.009677772467258509,0,2,0.2
43,Self-emp-not-inc,183479,HS-grad,9,Married-civ-spouse,Craft-repair,Husband,White,Male,0,0,30,United-States,0,0.17349320671602259,0,2,0.2
35,Private,166416,Bachelors,13,Married-civ-spouse,Exec-managerial,Husband,White,Male,0,0,50,United-States,1,0.9064452790418311,1,2,0.2
40,Private,103789,Assoc-acdm,12,Divorced,Adm-clerical,Unmarried,Black,Female,0,0,32,United-States,0,0.01603913598720323,0,2,0.2
22,Private,388885,HS-grad,9,Married-civ-spouse,Craft-repair,Husband,White,Male,0,0,45,United-States,0,0.14119071826670734,0,2,0.2
23,Private,179413,HS-grad,9,Never-married,Craft-repair,Unmarried,White,Male,0,0,40,United-States,0,0.015694105748472423,0,2,0.2
21,Private,105577,Some-college,10,Never-married,Other-service,Own-child,White,Female,0,0,30,United-States,0,0.0049304758329377025,0,2,0.2
19,,180976,10th,6,Never-married,,Unmarried,White,Female,0,0,35,United-States,0,0.0018166183430978835,0,2,0.2
53,Private,92968,Assoc-acdm,12,Separated,Exec-managerial,Unmarried,White,Female,0,0,40,United-States,0,0.11176390948180881,0,2,0.2
30,Private,85708,HS-grad,9,Married-civ-spouse,Adm-clerical,Husband,White,Male,0,0,40,United-States,0,0.43599534691811603,0,2,0.2
35,Private,46385,HS-grad,9,Married-civ-spouse,Transport-moving,Husband,White,Male,5178,0,90,United-States,1,0.9831610051505297,1,2,0.2
33,Private,301915,11th,7,Separated,Sales,Not-in-family,Other,Female,14970,0,45,Mexico,0,0.9956330995548062,1,2,0.2
34,Private,190040,HS-grad,9,Married-civ-spouse,Adm-clerical,Wife,White,Female,0,0,40,United-States,0,0.643597036603541,0,2,0.2
72,Private,103990,Masters,14,Married-civ-spouse,Other-service,Husband,White,Male,0,0,12,United-States,0,0.3476900356364628,0,2,0.2
40,Private,77975,HS-grad,9,Married-civ-spouse,Craft-repair,Husband,White,Male,0,0,40,United-States,0,0.5774937894070958,0,2,0.2
64,Local-gov,175339,Bachelors,13,Married-civ-spouse,Protective-serv,Husband,White,Male,7010,0,55,United-States,1,0.878661163078538,1,2,0.2
22,Private,163687,10th,6,Never-married,Sales,Own-child,White,Male,0,0,15,United-States,0,0.0036480848212270154,0,2,0.2
54,Self-emp-inc,151580,Bachelors,13,Married-civ-spouse,Tech-support,Husband,White,Male,0,0,40,United-States,1,0.8972885275587185,1,2,0.2
40,State-gov,288731,Bachelors,13,Married-civ-spouse,Prof-specialty,Husband,White,Male,11889,0,35,United-States,0,0.9988486231744232,1,2,0.2
25,Private,128699,Bachelors,13,Never-married,Adm-clerical,Not-in-family,White,Female,0,0,45,United-States,0,0.04325558377295377,0,2,0.2
60,State-gov,234854,Doctorate,16,Married-civ-spouse,Prof-specialty,Husband,White,Male,0,1902,40,United-States,1,0.9927059245182565,1,2,0.2
60,Private,209844,Some-college,10,Divorced,Adm-clerical,Other-relative,White,Female,0,0,40,United-States,0,0.017082399862344964,0,2,0.2
26,Private,183965,HS-grad,9,Never-married,Craft-repair,Not-in-family,White,Male,0,0,40,United-States,0,0.03437145401577377,0,2,0.2
44,State-gov,253354,Masters,14,Married-civ-spouse,Prof-specialty,Husband,White,Male,9638,0,65,United-States,0,0.9984549746838245,1,2,0.2
39,Private,225707,Assoc-voc,11,Married-civ-spouse,Adm-clerical,Husband,White,Male,0,0,40,Cuba,0,0.7241524472164379,1,2,0.2
52,Federal-gov,30731,Bachelors,13,Married-civ-spouse,Exec-managerial,Husband,White,Male,0,0,45,United-States,1,0.9323256854875009,1,2,0.2
43,Local-gov,180096,Masters,14,Married-civ-spouse,Prof-specialty,Husband,White,Male,0,0,40,United-States,1,0.8793625578172511,1,2,0.2
28,Federal-gov,341709,HS-grad,9,Never-married,Craft-repair,Not-in-family,White,Male,0,0,40,United-States,0,0.030867475432790267,0,2,0.2
33,Private,44392,HS-grad,9,Divorced,Handlers-cleaners,Own-child,White,Male,0,0,20,United-States,0,0.01511909101906089,0,2,0.2
22,Private,73266,Some-college,10,Never-married,Transport-moving,Own-child,Asian-Pac-Islander,Male,0,0,40,United-States,0,0.04788787784058135,0,2,0.2
43,Private,141858,11th,7,Married-civ-spouse,Handlers-cleaners,Husband,White,Male,0,0,40,United-States,0,0.16045535011325263,0,2,0.2
35,Self-emp-not-inc,280570,HS-grad,9,Married-civ-spouse,Exec-managerial,Husband,White,Male,0,0,35,United-States,0,0.42592995034703185,0,2,0.2
58,Private,196643,HS-grad,9,Divorced,Sales,Not-in-family,White,Female,0,0,15,United-States,0,0.044261810695265066,0,2,0.2
26,Private,186463,Some-college,10,Married-civ-spouse,Transport-moving,Husband,White,Male,0,0,40,United-States,0,0.370073473136925,0,2,0.2
31,State-gov,42750,HS-grad,9,Never-married,Protective-serv,Own-child,White,Male,3444,0,55,United-States,0,0.007768813183486686,0,2,0.2
40,Private,369781,HS-grad,9,Married-civ-spouse,Handlers-cleaners,Husband,White,Male,15024,0,45,United-States,1,0.9993821855418236,1,2,0.2
37,Self-emp-not-inc,154641,Assoc-acdm,12,Married-civ-spouse,Farming-fishing,Husband,White,Male,2105,0,50,United-States,0,0.06701635994867429,0,2,0.2
24,Private,258730,HS-grad,9,Divorced,Other-service,Own-child,White,Female,0,0,40,Japan,0,0.016004749386834754,0,2,0.2
46,Self-emp-inc,181413,Assoc-acdm,12,Married-civ-spouse,Exec-managerial,Wife,White,Female,0,0,40,United-States,0,0.8626211617451989,1,2,0.2
36,Private,379522,Bachelors,13,Divorced,Prof-specialty,Not-in-family,White,Male,0,0,40,Germany,0,0.48308165939687303,0,2,0.2
41,Self-emp-inc,160120,Doctorate,16,Married-civ-spouse,Sales,Husband,Asian-Pac-Islander,Male,0,0,40,Taiwan,1,0.8735725072257995,1,2,0.2
48,Self-emp-not-inc,65535,HS-grad,9,Married-civ-spouse,Farming-fishing,Husband,White,Male,0,0,50,United-States,0,0.39721988007398795,0,2,0.2
42,Private,246439,Assoc-acdm,12,Married-civ-spouse,Prof-specialty,Husband,White,Male,12061,0,75,United-States,0,0.9988716233906544,1,2,0.2
36,Private,49794,HS-grad,9,Married-civ-spouse,Craft-repair,Husband,White,Male,0,0,45,United-States,0,0.4939497218551474,0,2,0.2
46,Federal-gov,297906,Bachelors,13,Married-civ-spouse,Prof-specialty,Husband,Asian-Pac-Islander,Male,0,0,50,United-States,1,0.9320634395509924,1,2,0.2
22,Private,219042,10th,6,Never-married,Machine-op-inspct,Unmarried,White,Male,0,0,40,United-States,0,0.006988886528159522,0,2,0.2
41,Self-emp-not-inc,157686,Some-college,10,Married-civ-spouse,Exec-managerial,Husband,White,Male,0,0,40,United-States,1,0.6659151964145588,1,2,0.2
58,Private,241350,Some-college,10,Never-married,Exec-managerial,Not-in-family,White,Male,21630,0,65,United-States,1,0.9984231010175,1,2,0.2
28,Private,201861,Some-college,10,Married-civ-spouse,Machine-op-inspct,Husband,White,Male,0,0,45,United-States,0,0.4041180153369141,0,2,0.2
48,Private,162424,HS-grad,9,Married-civ-spouse,Craft-repair,Husband,White,Male,11477,0,60,United-States,0,0.9990626873586059,1,2,0.2
39,Local-gov,92431,Some-college,10,Never-married,Protective-serv,Not-in-family,White,Male,13887,2231,55,United-States,1,0.9981160513798567,1,2,0.2
36,Private,160192,HS-grad,9,Never-married,Other-service,Not-in-family,White,Male,0,0,40,United-States,0,0.03754268170187148,0,2,0.2
58,Private,25894,Doctorate,16,Divorced,Prof-specialty,Not-in-family,Asian-Pac-Islander,Male,2158,0,55,India,1,0.05622633423409233,0,2,0.2
54,Private,13769,Assoc-voc,11,Divorced,Prof-specialty,Unmarried,White,Male,209,0,55,United-States,0,0.0300198219837221,0,2,0.2
40,Private,208277,Some-college,10,Divorced,Adm-clerical,Own-child,White,Female,0,0,44,United-States,1,0.1093854019431696,0,2,0.2
41,Private,120277,Bachelors,13,Married-civ-spouse,Prof-specialty,Husband,White,Male,0,0,40,United-States,1,0.8744545204615417,1,2,0.2
22,Private,176178,HS-grad,9,Never-married,Sales,Own-child,White,Female,0,0,36,United-States,0,0.006897456175219685,0,2,0.2
39,Private,218781,HS-grad,9,Married-civ-spouse,Handlers-cleaners,Husband,White,Male,13995,0,65,United-States,0,0.9985866569600954,1,2,0.2
69,Private,197642,Some-college,10,Widowed,Other-service,Not-in-family,White,Female,9953,0,55,United-States,0,0.9950300891847581,1,2,0.2
35,State-gov,89040,Bachelors,13,Married-civ-spouse,Exec-managerial,Husband,White,Male,0,0,40,United-States,1,0.8180812221034768,1,2,0.2
47,Federal-gov,182898,HS-grad,9,Married-civ-spouse,Adm-clerical,Husband,White,Male,6388,0,55,United-States,0,0.9946887667024067,1,2,0.2
33,,182771,Bachelors,13,Never-married,,Own-child,Asian-Pac-Islander,Male,0,0,80,Philippines,0,0.35750572638985817,0,2,0.2
40,Private,244945,HS-grad,9,Married-civ-spouse,Craft-repair,Husband,White,Male,0,0,40,United-States,0,0.6084440670908955,0,2,0.2
26,Private,376016,HS-grad,9,Never-married,Other-service,Not-in-family,White,Female,0,0,30,United-States,0,0.010087549909328147,0,2,0.2
47,,294443,Assoc-voc,11,Divorced,,Not-in-family,White,Female,0,0,40,United-States,0,0.08655674928093117,0,2,0.2
55,Private,197399,HS-grad,9,Married-civ-spouse,Craft-repair,Husband,White,Male,0,0,50,United-States,1,0.7248124070070754,1,2,0.2
67,Private,123393,11th,7,Married-civ-spouse,Transport-moving,Husband,White,Male,0,0,40,United-States,0,0.2638547768677969,0,2,0.2
39,Private,174924,HS-grad,9,Separated,Exec-managerial,Not-in-family,White,Male,14344,0,40,United-States,1,0.997678677388982,1,2,0.2
28,Private,328923,HS-grad,9,Never-married,Adm-clerical,Other-relative,White,Female,0,0,38,United-States,0,0.009428074668641113,0,2,0.2
47,Private,32825,Some-college,10,Married-civ-spouse,Sales,Husband,White,Male,0,0,60,United-States,0,0.6979479640175389,1,2,0.2
75,Private,200068,Some-college,10,Married-civ-spouse,Exec-managerial,Husband,White,Male,0,0,35,United-States,1,0.7993134626931936,1,2,0.2
58,Private,316849,Some-college,10,Divorced,Other-service,Not-in-family,White,Male,0,0,40,United-States,0,0.10510759444664008,0,2,0.2
38,Private,338320,Bachelors,13,Married-civ-spouse,Prof-specialty,Husband,White,Male,0,0,40,Canada,0,0.8336700867676343,1,2,0.2
19,Private,196857,11th,7,Never-married,Adm-clerical,Own-child,White,Female,594,0,15,United-States,0,0.00021936046771675708,0,2,0.2
23,Private,194951,Bachelors,13,Never-married,Prof-specialty,Not-in-family,Asian-Pac-Islander,Male,0,0,55,Ireland,0,0.050207966456117255,0,2,0.2
29,Private,152951,HS-grad,9,Married-civ-spouse,Craft-repair,Husband,White,Male,0,0,40,United-States,1,0.3563190589217983,0,2,0.2
21,State-gov,48121,Some-college,10,Never-married,Exec-managerial,Own-child,White,Male,0,1602,10,United-States,0,0.004805046305737428,0,2,0.2
31,Federal-gov,351141,HS-grad,9,Married-civ-spouse,Tech-support,Husband,White,Male,0,0,40,United-States,0,0.7682864076214861,1,2,0.2
44,Self-emp-not-inc,89413,Bachelors,13,Married-civ-spouse,Farming-fishing,Husband,White,Male,0,0,50,United-States,0,0.6122948017849333,0,2,0.2
37,Self-emp-not-inc,29814,HS-grad,9,Never-married,Farming-fishing,Own-child,White,Male,0,0,85,United-States,0,0.1180073444641933,0,2,0.2
29,Private,433624,Some-college,10,Never-married,Adm-clerical,Not-in-family,White,Female,0,0,40,United-States,0,0.03825403230115658,0,2,0.2
49,Private,337666,HS-grad,9,Divorced,Machine-op-inspct,Not-in-family,Black,Male,0,0,40,United-States,0,0.03144745356040746,0,2,0.2
33,Self-emp-not-inc,295591,1st-4th,2,Married-spouse-absent,Craft-repair,Not-in-family,White,Male,0,0,40,Mexico,0,0.041048296123172734,0,2,0.2
23,Private,69847,Bachelors,13,Never-married,Prof-specialty,Own-child,Asian-Pac-Islander,Female,0,0,20,United-States,0,0.013951784118702067,0,2,0.2
37,Private,159603,HS-grad,9,Never-married,Other-service,Unmarried,White,Female,13872,0,49,United-States,0,0.995833132203391,1,2,0.2
42,,85995,HS-grad,9,Married-civ-spouse,,Husband,White,Male,0,0,52,United-States,0,0.39832816678175803,0,2,0.2
40,Private,82465,Some-college,10,Married-civ-spouse,Machine-op-inspct,Husband,White,Male,2580,0,40,United-States,0,0.08626457212657183,0,2,0.2
24,Private,249351,HS-grad,9,Married-civ-spouse,Machine-op-inspct,Wife,White,Female,0,0,40,United-States,0,0.139618533861922,0,2,0.2
22,Self-emp-inc,269583,7th-8th,4,Married-civ-spouse,Craft-repair,Husband,White,Male,2580,0,40,United-States,0,0.0050753505466376615,0,2,0.2
26,Private,186168,Bachelors,13,Never-married,Exec-managerial,Own-child,White,Female,0,0,40,United-States,0,0.03575968597859623,0,2,0.2
46,Private,135785,Bachelors,13,Never-married,Prof-specialty,Not-in-family,White,Female,5367,0,51,United-States,0,0.3692412998776006,0,2,0.2
62,Private,107265,HS-grad,9,Married-civ-spouse,Transport-moving,Husband,White,Male,14015,0,65,United-States,1,0.975541070578647,1,2,0.2
46,Self-emp-not-inc,225065,Bachelors,13,Separated,Other-service,Unmarried,White,Female,0,0,45,Nicaragua,0,0.239286349078073,0,2,0.2
47,Self-emp-not-inc,174995,HS-grad,9,Widowed,Exec-managerial,Not-in-family,White,Female,0,0,30,United-States,0,0.084270626731426,0,2,0.2
18,,171964,HS-grad,9,Never-married,,Own-child,White,Female,0,1602,20,United-States,0,0.0012258025987180593,0,2,0.2
38,Local-gov,218184,5th-6th,3,Married-civ-spouse,Handlers-cleaners,Other-relative,White,Male,0,0,40,Mexico,0,0.012597962063044407,0,2,0.2
32,Private,166634,HS-grad,9,Married-civ-spouse,Machine-op-inspct,Husband,Black,Male,0,0,40,United-States,0,0.21258542783423046,0,2,0.2
51,Local-gov,202044,Bachelors,13,Never-married,Prof-specialty,Not-in-family,White,Female,0,0,55,United-States,0,0.529517905812155,0,2,0.2
41,Self-emp-not-inc,143129,Bachelors,13,Divorced,Exec-managerial,Not-in-family,White,Female,0,0,40,United-States,0,0.2318257919029398,0,2,0.2
34,Private,117779,Bachelors,13,Never-married,Prof-specialty,Own-child,White,Male,8690,0,55,United-States,0,0.9965481645070317,1,2,0.2
62,Self-emp-not-inc,39630,HS-grad,9,Married-civ-spouse,Sales,Husband,White,Male,0,0,40,United-States,0,0.5323385026844218,0,2,0.2
36,State-gov,183735,Masters,14,Married-civ-spouse,Prof-specialty,Husband,White,Male,0,0,40,United-States,1,0.8670355067040026,1,2,0.2
35,Private,165474,Some-college,10,Never-married,Craft-repair,Not-in-family,White,Male,800,0,55,United-States,0,0.020237787059966834,0,2,0.2
19,Private,192162,HS-grad,9,Never-married,Prof-specialty,Not-in-family,White,Female,0,0,40,United-States,0,0.00743041776568451,0,2,0.2
20,Private,87867,Some-college,10,Never-married,Tech-support,Own-child,White,Male,0,0,40,United-States,0,0.0025718331465938663,0,2,0.2
53,Private,96827,Bachelors,13,Never-married,Other-service,Not-in-family,White,Male,0,0,40,Canada,0,0.2425277699231977,0,2,0.2
29,Private,359155,HS-grad,9,Separated,Transport-moving,Unmarried,White,Female,0,0,30,United-States,0,0.021540731896800298,0,2,0.2
39,Private,215981,Some-college,10,Married-civ-spouse,Sales,Husband,White,Male,0,0,40,United-States,1,0.7614385425796845,1,2,0.2
23,Private,176123,HS-grad,9,Never-married,Tech-support,Other-relative,Asian-Pac-Islander,Male,0,0,40,Vietnam,0,0.01631730783576105,0,2,0.2
29,Private,255187,Some-college,10,Never-married,Tech-support,Unmarried,Black,Female,0,0,40,United-States,0,0.016104262968881046,0,2,0.2
48,Self-emp-not-inc,296066,Some-college,10,Married-civ-spouse,Transport-moving,Husband,White,Male,0,0,50,United-States,1,0.6643385576123713,1,2,0.2
37,Private,141876,Masters,14,Never-married,Prof-specialty,Unmarried,White,Male,1601,0,60,,0,0.04552461290672528,0,2,0.2
58,Self-emp-inc,274363,Some-college,10,Married-civ-spouse,Sales,Husband,White,Male,0,1977,50,United-States,1,0.9941865148386505,1,2,0.2
33,Private,202046,Bachelors,13,Never-married,Handlers-cleaners,Not-in-family,White,Male,0,2001,40,United-States,0,0.025794139939134087,0,2,0.2
59,Private,274883,HS-grad,9,Married-civ-spouse,Transport-moving,Husband,White,Male,2337,0,55,United-States,0,0.07799841786046727,0,2,0.2
47,Private,227310,Some-college,10,Divorced,Adm-clerical,Unmarried,Black,Female,0,0,40,United-States,0,0.04720419205111745,0,2,0.2
58,Private,422813,Some-college,10,Married-civ-spouse,Adm-clerical,Husband,White,Male,13224,0,55,United-States,1,0.9991334626680316,1,2,0.2
31,Private,220001,Some-college,10,Never-married,Farming-fishing,Own-child,White,Male,14539,0,65,United-States,0,0.9930693345560402,1,2,0.2
90,,175444,7th-8th,4,Separated,,Not-in-family,White,Female,0,0,15,United-States,0,0.013520226368824113,0,2,0.2
24,Private,236769,Assoc-acdm,12,Never-married,Exec-managerial,Own-child,White,Male,0,0,40,United-States,0,0.02460835296125603,0,2,0.2
25,Private,332702,Assoc-voc,11,Never-married,Other-service,Own-child,White,Female,0,0,15,United-States,0,0.005369824186950448,0,2,0.2
27,Private,452963,Some-college,10,Never-married,Machine-op-inspct,Not-in-family,White,Male,0,0,40,United-States,0,0.015559444648848704,0,2,0.2
46,,162034,HS-grad,9,Married-civ-spouse,,Husband,White,Male,0,0,40,United-States,0,0.575704101003123,0,2,0.2
63,Private,172740,Some-college,10,Married-civ-spouse,Prof-specialty,Husband,White,Male,0,0,40,United-States,0,0.7375535020311057,1,2,0.2
36,Private,93461,HS-grad,9,Married-civ-spouse,Craft-repair,Wife,White,Female,0,0,30,United-States,0,0.3493000204986277,0,2,0.2
41,Private,214987,Some-college,10,Divorced,Handlers-cleaners,Not-in-family,White,Male,13023,0,55,United-States,0,0.9981363558883388,1,2,0.2
37,Private,178877,HS-grad,9,Married-civ-spouse,Adm-clerical,Husband,White,Male,0,0,45,United-States,0,0.681847772152803,1,2,0.2
59,Private,239439,11th,7,Married-civ-spouse,Machine-op-inspct,Wife,Black,Female,9514,0,55,United-States,0,0.9976868584040043,1,2,0.2
44,Local-gov,445382,Some-college,10,Married-civ-spouse,Machine-op-inspct,Husband,White,Male,7688,0,40,United-States,1,0.9982848691039787,1,2,0.2
35,,145964,Some-college,10,Never-married,,Not-in-family,White,Male,9509,0,55,United-States,0,0.997457595571856,1,2,0.2
50,Private,278924,Bachelors,13,Married-civ-spouse,Exec-managerial,Husband,White,Male,12248,1887,65,United-States,1,0.9995597357036297,1,2,0.2
52,Private,421837,HS-grad,9,Married-civ-spouse,Exec-managerial,Husband,White,Male,6505,0,65,United-States,1,0.9931553525528413,1,2,0.2
19,Private,325217,HS-grad,9,Never-married,Other-service,Own-child,White,Male,0,0,32,United-States,0,0.04084433847299987,0,2,0.2
30,Private,111415,HS-grad,9,Married-civ-spouse,Other-service,Husband,White,Male,0,0,55,Germany,0,0.26288863107333693,0,2,0.2
43,State-gov,242521,HS-grad,9,Married-civ-spouse,Craft-repair,Husband,White,Male,0,0,40,United-States,0,0.6114262054716956,0,2,0.2
24,Private,374253,HS-grad,9,Separated,Other-service,Not-in-family,White,Female,0,0,55,United-States,0,0.04646182480779523,0,2,0.2
30,Self-emp-not-inc,182089,HS-grad,9,Married-civ-spouse,Farming-fishing,Husband,White,Male,0,0,85,United-States,0,0.30111466611196963,0,2,0.2
37,Private,337778,11th,7,Divorced,Farming-fishing,Not-in-family,White,Male,0,0,40,United-States,0,0.04293113735175772,0,2,0.2
53,Private,180062,7th-8th,4,Married-civ-spouse,Craft-repair,Husband,White,Male,0,0,40,United-States,0,0.278270569476313,0,2,0.2
62,Private,237819,HS-grad,9,Married-civ-spouse,Transport-moving,Husband,White,Male,2922,0,55,United-States,1,0.08888904989838171,0,2,0.2
31,Private,105479,Bachelors,13,Married-civ-spouse,Sales,Husband,White,Male,0,0,50,United-States,1,0.8185891020502976,1,2,0.2
21,Private,231053,HS-grad,9,Never-married,Machine-op-inspct,Own-child,White,Male,0,0,30,United-States,0,0.0060687401199902265,0,2,0.2
34,Private,250724,Bachelors,13,Married-civ-spouse,Sales,Husband,White,Male,0,0,45,Jamaica,0,0.8254653827142217,1,2,0.2
40,Private,111696,HS-grad,9,Separated,Craft-repair,Not-in-family,White,Male,4655,1974,55,United-States,0,0.026576584536795258,0,2,0.2
50,State-gov,211112,HS-grad,9,Never-married,Adm-clerical,Not-in-family,White,Female,0,0,37,United-States,0,0.0335532053543378,0,2,0.2
17,,237078,11th,7,Never-married,,Own-child,White,Female,0,0,35,United-States,0,0.0012896058076158434,0,2,0.2
33,Private,138816,HS-grad,9,Never-married,Handlers-cleaners,Own-child,Black,Male,4769,0,35,United-States,0,0.30630039084361627,0,2,0.2
36,Local-gov,117023,Bachelors,13,Never-married,Prof-specialty,Own-child,White,Female,1977,0,55,United-States,0,0.023281796860298014,0,2,0.2
48,Local-gov,40666,HS-grad,9,Married-civ-spouse,Other-service,Husband,White,Male,0,0,40,United-States,0,0.3574421954933364,0,2,0.2
38,State-gov,112497,Bachelors,13,Married-civ-spouse,Protective-serv,Husband,White,Male,0,0,60,United-States,0,0.8028661894096848,1,2,0.2
66,Local-gov,189834,7th-8th,4,Widowed,Other-service,Not-in-family,White,Female,0,0,20,United-States,0,0.009867943454089546,0,2,0.2
20,Private,230482,9th,5,Never-married,Handlers-cleaners,Own-child,White,Male,0,0,40,United-States,0,0.0016150418426079116,0,2,0.2
46,Private,289984,HS-grad,9,Divorced,Priv-house-serv,Unmarried,Black,Female,779,0,45,United-States,0,0.002905615866312132,0,2,0.2
33,Private,169496,Bachelors,13,Married-civ-spouse,Exec-managerial,Husband,White,Male,0,0,50,United-States,1,0.9016997176947364,1,2,0.2
66,Self-emp-inc,76212,HS-grad,9,Married-civ-spouse,Transport-moving,Husband,White,Male,0,0,50,United-States,1,0.6310950426525721,0,2,0.2
33,Private,183845,HS-grad,9,Married-civ-spouse,Other-service,Wife,White,Female,0,0,38,El-Salvador,0,0.29481954970456387,0,2,0.2
32,Private,178691,Bachelors,13,Never-married,Exec-managerial,Own-child,White,Female,0,0,45,United-States,0,0.27064798025475867,0,2,0.2
30,Private,175931,HS-grad,9,Married-civ-spouse,Craft-repair,Husband,White,Male,0,0,40,United-States,0,0.4293656089443761,0,2,0.2
24,Federal-gov,332194,9th,5,Never-married,Adm-clerical,Other-relative,Black,Male,0,0,40,United-States,0,0.009519466540228397,0,2,0.2
57,Self-emp-not-inc,341117,Some-college,10,Divorced,Prof-specialty,Not-in-family,White,Female,1856,0,65,United-States,0,0.017237844835881137,0,2,0.2
41,Self-emp-inc,146659,Some-college,10,Divorced,Machine-op-inspct,Not-in-family,White,Female,0,0,40,Honduras,0,0.03700569851341678,0,2,0.2
32,Private,193285,HS-grad,9,Never-married,Craft-repair,Own-child,White,Male,0,0,40,United-States,0,0.027980108489231385,0,2,0.2
23,Private,113601,Some-college,10,Never-married,Handlers-cleaners,Own-child,White,Male,0,0,30,United-States,0,0.007367150959153259,0,2,0.2
19,Private,194608,Some-college,10,Never-married,Other-service,Own-child,White,Female,0,0,20,United-States,0,0.0009201187838156026,0,2,0.2
28,Private,226891,Some-college,10,Never-married,Adm-clerical,Unmarried,Asian-Pac-Islander,Female,0,0,30,,0,0.025375727490861533,0,2,0.2
51,State-gov,222530,Some-college,10,Never-married,Prof-specialty,Not-in-family,Black,Female,6834,1590,55,United-States,0,0.036408899631717125,0,2,0.2
30,State-gov,109445,HS-grad,9,Never-married,Other-service,Own-child,White,Male,8954,0,40,United-States,0,0.992779346342787,1,2,0.2
17,Private,52967,10th,6,Never-married,Other-service,Own-child,White,Female,0,0,6,United-States,0,0.0004845560731750303,0,2,0.2
77,Self-emp-inc,224357,HS-grad,9,Married-civ-spouse,Sales,Husband,White,Male,12389,0,55,United-States,0,0.9849179367021538,1,2,0.2
24,Private,155066,Assoc-voc,11,Never-married,Sales,Not-in-family,White,Male,0,0,40,United-States,0,0.04358424195642963,0,2,0.2
55,Private,144084,10th,6,Married-civ-spouse,Other-service,Husband,White,Male,0,0,40,United-States,0,0.21405543487635897,0,2,0.2
49,Self-emp-not-inc,352882,HS-grad,9,Divorced,Exec-managerial,Not-in-family,Asian-Pac-Islander,Female,10635,0,85,South,1,0.9977127089522269,1,2,0.2
23,Private,201138,Some-college,10,Never-married,Adm-clerical,Not-in-family,White,Female,0,0,8,United-States,0,0.003917759049261172,0,2,0.2
65,Private,22418,HS-grad,9,Married-civ-spouse,Craft-repair,Husband,White,Male,12010,0,55,United-States,0,0.981609981928365,1,2,0.2
23,Private,112683,Some-college,10,Never-married,Sales,Own-child,White,Female,0,0,12,United-States,0,0.003928140179146742,0,2,0.2
36,Private,184655,HS-grad,9,Married-civ-spouse,Machine-op-inspct,Husband,White,Male,0,0,40,United-States,0,0.5082540225458897,0,2,0.2
40,Private,222011,Masters,14,Never-married,Prof-specialty,Not-in-family,White,Female,3325,0,40,United-States,0,0.039283963651532625,0,2,0.2
40,Private,246949,HS-grad,9,Divorced,Machine-op-inspct,Own-child,White,Male,0,0,40,United-States,0,0.04468173068391506,0,2,0.2
34,Local-gov,174215,Masters,14,Married-civ-spouse,Prof-specialty,Wife,White,Female,7688,0,35,United-States,1,0.9986630881964489,1,2,0.2
62,Federal-gov,52765,9th,5,Divorced,Other-service,Unmarried,White,Female,0,0,40,United-States,0,0.026040824503924823,0,2,0.2
27,Private,34273,Assoc-voc,11,Never-married,Prof-specialty,Not-in-family,White,Female,0,1876,36,Canada,0,0.015112874877455341,0,2,0.2
51,Private,43354,Some-college,10,Divorced,Craft-repair,Not-in-family,White,Male,0,0,42,United-States,1,0.37936053713405216,0,2,0.2
21,Private,112137,Some-college,10,Never-married,Prof-specialty,Other-relative,Asian-Pac-Islander,Female,0,0,20,South,0,0.0042090642022538545,0,2,0.2
18,Private,205004,Some-college,10,Never-married,Other-service,Own-child,White,Male,0,0,26,United-States,0,0.002233656145595266,0,2,0.2
39,Self-emp-inc,543042,HS-grad,9,Married-civ-spouse,Craft-repair,Husband,White,Male,5178,0,50,United-States,1,0.9912675081285206,1,2,0.2
62,Private,119684,Bachelors,13,Married-civ-spouse,Sales,Husband,White,Male,2829,0,28,United-States,0,0.08890492918226675,0,2,0.2
28,Private,175710,Bachelors,13,Married-civ-spouse,Exec-managerial,Wife,White,Female,0,0,40,United-States,1,0.8681830153424834,1,2,0.2
51,State-gov,167065,HS-grad,9,Married-civ-spouse,Exec-managerial,Husband,White,Male,0,0,40,United-States,0,0.7867410426787893,1,2,0.2
42,Private,381153,HS-grad,9,Never-married,Craft-repair,Not-in-family,White,Male,12556,0,55,United-States,0,0.9986908038686729,1,2,0.2
47,Private,100113,7th-8th,4,Married-civ-spouse,Transport-moving,Husband,White,Male,0,2051,40,United-States,0,0.016829578823129097,0,2,0.2
52,Private,279129,Some-college,10,Never-married,Prof-specialty,Not-in-family,White,Male,0,0,37,United-States,1,0.3108755958034061,0,2,0.2
20,Private,105312,Some-college,10,Never-married,Sales,Own-child,White,Female,0,0,18,United-States,0,0.00105209670685218,0,2,0.2
47,Self-emp-inc,201699,Assoc-acdm,12,Married-civ-spouse,Exec-managerial,Husband,White,Male,0,0,50,United-States,1,0.9074933709084916,1,2,0.2
37,Private,329980,Some-college,10,Married-civ-spouse,Craft-repair,Husband,White,Male,0,0,40,United-States,0,0.6739257788862333,1,2,0.2
47,Private,156926,Bachelors,13,Married-civ-spouse,Prof-specialty,Husband,White,Male,0,0,40,United-States,1,0.896007294529668,1,2,0.2
46,Local-gov,364548,Masters,14,Married-civ-spouse,Prof-specialty,Husband,White,Male,0,1977,42,United-States,1,0.9931334735036305,1,2,0.2
35,Private,187625,Some-college,10,Never-married,Other-service,Not-in-family,White,Female,0,0,65,United-States,0,0.1781006559148275,0,2,0.2
63,Private,164435,Some-college,10,Married-civ-spouse,Prof-specialty,Husband,White,Male,0,0,50,United-States,0,0.7946383561065017,1,2,0.2
50,Private,154728,Some-college,10,Married-civ-spouse,Tech-support,Husband,White,Male,0,0,40,United-States,1,0.8024824633316882,1,2,0.2
66,Private,236879,Preschool,1,Widowed,Priv-house-serv,Other-relative,White,Female,0,0,40,Guatemala,0,0.0018304400591543015,0,2,0.2
28,Private,216479,Bachelors,13,Never-married,Adm-clerical,Not-in-family,White,Female,0,0,40,United-States,0,0.052277788295204276,0,2,0.2
29,Private,169683,Assoc-voc,11,Married-civ-spouse,Prof-specialty,Husband,White,Male,0,0,40,United-States,0,0.6600872947717501,1,2,0.2
52,Self-emp-not-inc,103794,Assoc-voc,11,Divorced,Prof-specialty,Not-in-family,White,Female,0,0,35,United-States,0,0.10101500054110941,0,2,0.2
54,Self-emp-not-inc,121761,HS-grad,9,Married-civ-spouse,Exec-managerial,Husband,Asian-Pac-Islander,Male,0,0,50,,0,0.6613916503942177,1,2,0.2
59,Local-gov,251588,Bachelors,13,Married-civ-spouse,Exec-managerial,Husband,Black,Male,10340,0,55,United-States,1,0.9960928828357384,1,2,0.2
28,Private,199998,HS-grad,9,Separated,Other-service,Not-in-family,White,Female,0,0,25,United-States,0,0.009716859281559203,0,2,0.2
48,Local-gov,152021,11th,7,Divorced,Other-service,Unmarried,Black,Female,7487,0,45,United-States,0,0.7053671239317546,1,2,0.2
57,Private,84888,HS-grad,9,Married-civ-spouse,Transport-moving,Husband,White,Male,0,0,50,United-States,0,0.6647033627151769,1,2,0.2
39,Private,165412,HS-grad,9,Never-married,Adm-clerical,Own-child,White,Male,6438,0,35,United-States,0,0.06980909005698019,0,2,0.2
59,Private,27624,Assoc-voc,11,Never-married,Other-service,Not-in-family,White,Female,4030,0,70,United-States,0,0.008259373917865473,0,2,0.2
32,State-gov,308955,Assoc-acdm,12,Married-civ-spouse,Prof-specialty,Husband,White,Male,0,0,20,United-States,0,0.3972208897713736,0,2,0.2
47,Private,219632,1st-4th,2,Widowed,Machine-op-inspct,Unmarried,White,Male,0,0,40,Mexico,0,0.02328485977460677,0,2,0.2
67,Self-emp-not-inc,119762,10th,6,Married-civ-spouse,Transport-moving,Husband,White,Male,11040,0,65,United-States,0,0.9812193852870937,1,2,0.2
60,Private,235336,Some-college,10,Widowed,Exec-managerial,Not-in-family,White,Female,0,0,70,United-States,0,0.25449118446028623,0,2,0.2
67,Self-emp-not-inc,189933,7th-8th,4,Married-civ-spouse,Farming-fishing,Husband,White,Male,12612,0,65,United-States,0,0.9534532641996064,1,2,0.2
44,Private,19914,HS-grad,9,Married-civ-spouse,Other-service,Wife,Asian-Pac-Islander,Female,0,0,50,Philippines,0,0.3227438642867969,0,2,0.2
42,Private,98211,Bachelors,13,Married-civ-spouse,Exec-managerial,Husband,White,Male,15024,0,45,United-States,1,0.9991247975687435,1,2,0.2
26,Private,210848,9th,5,Married-civ-spouse,Craft-repair,Husband,White,Male,2635,0,35,Mexico,0,0.002685867373919183,0,2,0.2
53,Private,117674,Some-college,10,Married-civ-spouse,Craft-repair,Husband,White,Male,7298,0,40,United-States,1,0.9975413229375656,1,2,0.2
47,Private,135162,Some-college,10,Married-civ-spouse,Craft-repair,Husband,White,Male,7594,0,65,United-States,0,0.9985431063431264,1,2,0.2
61,Private,222829,Masters,14,Married-civ-spouse,Prof-specialty,Husband,White,Male,13912,0,57,United-States,1,0.9951906868301518,1,2,0.2
62,Private,98076,Bachelors,13,Married-civ-spouse,Exec-managerial,Husband,White,Male,0,0,40,United-States,1,0.8668540985692775,1,2,0.2
41,Self-emp-not-inc,200574,Prof-school,15,Married-civ-spouse,Prof-specialty,Husband,White,Male,0,1977,60,United-States,1,0.9937667508209375,1,2,0.2
38,Private,99783,Assoc-voc,11,Married-civ-spouse,Other-service,Wife,White,Female,0,1902,40,United-States,0,0.967739888809571,1,2,0.2
42,Self-emp-not-inc,32016,HS-grad,9,Married-civ-spouse,Farming-fishing,Husband,White,Male,0,0,70,United-States,0,0.26206508545569235,0,2,0.2
50,State-gov,24790,HS-grad,9,Married-civ-spouse,Handlers-cleaners,Husband,White,Male,0,0,40,United-States,0,0.4755247674354839,0,2,0.2
54,Private,217718,5th-6th,3,Married-spouse-absent,Other-service,Unmarried,Black,Female,0,0,30,Haiti,0,0.006830320686515768,0,2,0.2
52,Private,275446,HS-grad,9,Never-married,Sales,Own-child,Black,Male,6808,0,55,United-States,0,0.1900844951970107,0,2,0.2
57,Local-gov,132717,Bachelors,13,Married-civ-spouse,Exec-managerial,Husband,White,Male,0,0,45,United-States,0,0.8985634721934493,1,2,0.2
27,Private,89598,Some-college,10,Never-married,Adm-clerical,Unmarried,White,Female,0,0,60,United-States,0,0.07167892704566124,0,2,0.2
77,State-gov,172348,HS-grad,9,Widowed,Adm-clerical,Unmarried,White,Female,11492,0,35,United-States,0,0.9965634291613642,1,2,0.2
41,Federal-gov,33487,Some-college,10,Divorced,Adm-clerical,Other-relative,Amer-Indian-Eskimo,Female,0,0,38,United-States,0,0.007792801704139955,0,2,0.2
68,,196782,7th-8th,4,Married-civ-spouse,,Husband,White,Male,0,0,30,United-States,0,0.0802337879715173,0,2,0.2
43,Local-gov,212490,Assoc-voc,11,Divorced,Adm-clerical,Not-in-family,Black,Female,0,0,40,United-States,0,0.04728833231153184,0,2,0.2
53,Private,206066,Some-college,10,Married-civ-spouse,Machine-op-inspct,Husband,White,Male,10164,0,55,United-States,0,0.9937066130160658,1,2,0.2
65,Private,171584,Bachelors,13,Never-married,Exec-managerial,Not-in-family,White,Male,0,0,40,United-States,0,0.5352291236362938,0,2,0.2
58,Private,139268,Masters,14,Married-civ-spouse,Exec-managerial,Husband,White,Male,106,0,60,United-States,1,0.3981809591341652,0,2,0.2
35,Self-emp-inc,79586,Masters,14,Married-civ-spouse,Prof-specialty,Husband,Asian-Pac-Islander,Male,0,0,40,India,1,0.8710201687334338,1,2,0.2
36,Private,410034,Assoc-acdm,12,Married-civ-spouse,Craft-repair,Husband,White,Male,0,0,45,United-States,0,0.805602787148523,1,2,0.2
80,Private,194746,Doctorate,16,Divorced,Prof-specialty,Not-in-family,White,Female,4189,0,55,Cuba,0,0.06006595507416378,0,2,0.2
38,Private,194304,Some-college,10,Divorced,Transport-moving,Not-in-family,Black,Male,0,0,55,United-States,0,0.1891649588735243,0,2,0.2
36,Private,83471,HS-grad,9,Widowed,Other-service,Unmarried,Asian-Pac-Islander,Female,0,0,20,United-States,0,0.014223754083204872,0,2,0.2
18,Private,163460,Some-college,10,Never-married,Sales,Own-child,Black,Male,0,0,20,United-States,0,0.0009072172539411474,0,2,0.2
48,Private,64479,Bachelors,13,Divorced,Exec-managerial,Not-in-family,White,Male,0,0,47,United-States,0,0.7247181602692047,1,2,0.2
44,Private,227608,Assoc-voc,11,Married-civ-spouse,Sales,Husband,White,Male,8327,0,55,United-States,0,0.9986243051991234,1,2,0.2
45,Private,180551,HS-grad,9,Divorced,Exec-managerial,Unmarried,White,Female,13897,0,55,United-States,0,0.9946616773422632,1,2,0.2
24,Private,160122,Bachelors,13,Never-married,Tech-support,Not-in-family,White,Male,0,0,20,United-States,0,0.004329825043896437,0,2,0.2
37,Private,183800,Bachelors,13,Married-civ-spouse,Exec-managerial,Husband,White,Male,0,0,40,United-States,1,0.882570432130474,1,2,0.2
46,Private,118584,Bachelors,13,Never-married,Exec-managerial,Not-in-family,White,Female,4706,0,55,United-States,0,0.9649974175021723,1,2,0.2
30,Private,226013,Bachelors,13,Never-married,Prof-specialty,Not-in-family,Black,Male,0,0,40,United-States,0,0.13037858535371363,0,2,0.2
20,Private,117767,Some-college,10,Never-married,Transport-moving,Own-child,White,Male,0,0,40,United-States,0,0.0026198307824421255,0,2,0.2
29,Private,35032,Some-college,10,Married-civ-spouse,Handlers-cleaners,Husband,White,Male,0,0,60,United-States,0,0.29373611719580145,0,2,0.2
29,Private,155256,Bachelors,13,Never-married,Tech-support,Not-in-family,Black,Female,0,0,40,United-States,0,0.0345552222801008,0,2,0.2
52,State-gov,150874,Masters,14,Divorced,Exec-managerial,Unmarried,White,Female,9073,0,55,United-States,0,0.9978652851891395,1,2,0.2
28,Private,113870,HS-grad,9,Never-married,Adm-clerical,Not-in-family,White,Male,0,0,40,United-States,0,0.044274399256848805,0,2,0.2
47,Private,368561,Some-college,10,Married-civ-spouse,Craft-repair,Husband,White,Male,0,0,40,United-States,1,0.819330403778515,1,2,0.2
25,Private,221078,HS-grad,9,Never-married,Sales,Not-in-family,White,Female,0,0,35,United-States,0,0.01266070036834175,0,2,0.2
33,Private,186977,HS-grad,9,Married-civ-spouse,Transport-moving,Husband,White,Male,0,0,40,Columbia,0,0.3504609683769374,0,2,0.2
38,Self-emp-not-inc,163204,HS-grad,9,Married-civ-spouse,Craft-repair,Husband,White,Male,3411,0,25,United-States,0,0.006402422626428149,0,2,0.2
51,Private,280292,HS-grad,9,Married-civ-spouse,Sales,Husband,White,Male,0,0,40,United-States,0,0.6806669122614,1,2,0.2
36,Self-emp-not-inc,129150,HS-grad,9,Married-civ-spouse,Farming-fishing,Husband,White,Male,0,0,50,United-States,1,0.41159794462842214,0,2,0.2
53,Federal-gov,169112,Prof-school,15,Married-civ-spouse,Adm-clerical,Husband,White,Male,0,0,45,United-States,1,0.9637349016409259,1,2,0.2
27,Private,50295,Some-college,10,Married-civ-spouse,Transport-moving,Husband,White,Male,0,0,48,United-States,0,0.43660706295985974,0,2,0.2
48,Private,225516,Assoc-acdm,12,Never-married,Sales,Not-in-family,Black,Male,21752,0,58,United-States,1,0.9987639138403903,1,2,0.2
21,Private,163870,Some-college,10,Never-married,Sales,Own-child,White,Male,0,0,40,,0,0.013489178839140909,0,2,0.2
26,Private,122485,HS-grad,9,Never-married,Craft-repair,Not-in-family,White,Male,4416,0,40,United-States,0,0.004913090379075138,0,2,0.2
54,Self-emp-not-inc,156800,Bachelors,13,Married-civ-spouse,Craft-repair,Husband,White,Male,0,0,50,United-States,0,0.7918530686662418,1,2,0.2
58,Private,155489,Assoc-acdm,12,Married-civ-spouse,Craft-repair,Husband,White,Male,4810,0,59,United-States,1,0.8597301857379483,1,2,0.2
47,Private,204163,Some-college,10,Divorced,Machine-op-inspct,Unmarried,Black,Female,13913,0,70,United-States,0,0.9946680605517348,1,2,0.2
32,Private,281030,HS-grad,9,Married-civ-spouse,Machine-op-inspct,Husband,White,Male,0,0,40,United-States,0,0.29694170104814915,0,2,0.2
55,State-gov,254817,Some-college,10,Never-married,Other-service,Not-in-family,White,Female,8661,0,55,United-States,0,0.9972669050309751,1,2,0.2
34,Private,152246,HS-grad,9,Married-civ-spouse,Transport-moving,Husband,Amer-Indian-Eskimo,Male,0,0,52,United-States,0,0.44015516504734276,0,2,0.2
42,Private,99679,HS-grad,9,Married-civ-spouse,Transport-moving,Husband,White,Male,0,0,60,United-States,1,0.5480765553845561,0,2,0.2
49,Private,32212,HS-grad,9,Married-civ-spouse,Exec-managerial,Wife,White,Female,0,0,43,United-States,0,0.7272128938435192,1,2,0.2
33,Private,34848,Some-college,10,Married-civ-spouse,Other-service,Husband,White,Male,0,0,40,United-States,0,0.2695869803751722,0,2,0.2
42,State-gov,148316,Assoc-voc,11,Married-civ-spouse,Protective-serv,Husband,White,Male,0,0,40,United-States,1,0.6922203911220948,1,2,0.2
20,Private,278155,Some-college,10,Never-married,Adm-clerical,Own-child,White,Male,0,0,40,United-States,0,0.002801643939009557,0,2,0.2
68,Private,169560,HS-grad,9,Never-married,Sales,Own-child,White,Male,6243,0,55,United-States,0,0.42486356015323784,0,2,0.2
31,Self-emp-not-inc,30800,10th,6,Married-spouse-absent,Adm-clerical,Unmarried,Amer-Indian-Eskimo,Female,13125,0,55,United-States,0,0.9888505603382199,1,2,0.2
58,Private,157857,Some-college,10,Married-civ-spouse,Protective-serv,Husband,White,Male,1827,0,55,United-States,1,0.1527068505474632,0,2,0.2
64,Self-emp-not-inc,149698,Prof-school,15,Married-civ-spouse,Prof-specialty,Husband,White,Male,0,0,40,United-States,1,0.9251550681873877,1,2,0.2
47,State-gov,142287,Bachelors,13,Married-civ-spouse,Prof-specialty,Husband,White,Male,0,0,35,United-States,1,0.8860941918302101,1,2,0.2
36,Self-emp-inc,213008,Assoc-acdm,12,Married-civ-spouse,Exec-managerial,Husband,White,Male,0,0,40,United-States,1,0.8623031427542254,1,2,0.2
55,Local-gov,159028,HS-grad,9,Married-civ-spouse,Transport-moving,Husband,White,Male,0,0,40,United-States,0,0.676609417509063,1,2,0.2
68,Private,265518,Some-college,10,Married-civ-spouse,Prof-specialty,Husband,White,Male,12704,0,60,United-States,0,0.9896295341152977,1,2,0.2
53,Private,153064,5th-6th,3,Married-civ-spouse,Exec-managerial,Husband,White,Male,7688,0,10,Yugoslavia,1,0.9942683825838974,1,2,0.2
41,Private,144460,Some-college,10,Divorced,Machine-op-inspct,Own-child,White,Male,0,0,40,Italy,0,0.08246915630439955,0,2,0.2
35,Private,180988,Some-college,10,Divorced,Adm-clerical,Unmarried,White,Female,0,0,39,United-States,0,0.04643374453734574,0,2,0.2
29,Private,77009,11th,7,Separated,Sales,Not-in-family,White,Female,0,2754,42,United-States,0,0.5856782247567845,0,2,0.2
60,Private,124198,Bachelors,13,Married-civ-spouse,Prof-specialty,Husband,White,Male,4386,0,84,United-States,1,0.9345534849323934,1,2,0.2
53,Private,343121,HS-grad,9,Divorced,Adm-clerical,Unmarried,White,Female,1732,0,51,United-States,0,0.01115277670238706,0,2,0.2
38,Self-emp-inc,187934,HS-grad,9,Married-civ-spouse,Other-service,Wife,White,Female,0,0,20,Poland,0,0.33056772717550564,0,2,0.2
52,Self-emp-not-inc,289436,Doctorate,16,Married-civ-spouse,Prof-specialty,Husband,White,Male,0,0,60,United-States,1,0.9197513748124455,1,2,0.2
33,Self-emp-not-inc,196342,Doctorate,16,Never-married,Prof-specialty,Not-in-family,White,Male,0,0,45,United-States,1,0.8518977544822692,1,2,0.2
24,Private,180931,Bachelors,13,Married-civ-spouse,Sales,Husband,Black,Male,0,0,30,United-States,0,0.20649963551032027,0,2,0.2
58,Self-emp-inc,78104,Some-college,10,Married-civ-spouse,Exec-managerial,Husband,White,Male,7298,0,60,United-States,1,0.9976232330372138,1,2,0.2
90,Private,225063,HS-grad,9,Married-civ-spouse,Craft-repair,Husband,Asian-Pac-Islander,Male,0,0,40,South,0,0.3709856260274126,0,2,0.2
29,Private,183061,HS-grad,9,Married-civ-spouse,Craft-repair,Husband,Amer-Indian-Eskimo,Male,0,0,48,United-States,0,0.3444131948055906,0,2,0.2
18,Private,98044,11th,7,Never-married,Prof-specialty,Own-child,White,Female,0,0,40,United-States,0,0.0032382501862126003,0,2,0.2
27,Private,72887,HS-grad,9,Never-married,Handlers-cleaners,Other-relative,Asian-Pac-Islander,Male,0,0,40,United-States,0,0.017653702274805727,0,2,0.2
36,Private,203828,HS-grad,9,Married-civ-spouse,Craft-repair,Husband,White,Male,0,0,40,Italy,0,0.4733908839707735,0,2,0.2
28,Private,513719,HS-grad,9,Separated,Craft-repair,Own-child,White,Male,0,0,40,United-States,0,0.05127145995756295,0,2,0.2
42,Private,529216,HS-grad,9,Separated,Transport-moving,Other-relative,Black,Male,0,0,40,United-States,0,0.02476996526605553,0,2,0.2
42,Federal-gov,178470,HS-grad,9,Divorced,Adm-clerical,Not-in-family,White,Female,0,0,40,United-States,0,0.06804545405486227,0,2,0.2
59,Private,158776,9th,5,Married-civ-spouse,Machine-op-inspct,Husband,White,Male,0,0,40,United-States,0,0.2653309974827736,0,2,0.2
32,Private,210541,Bachelors,13,Divorced,Sales,Unmarried,White,Female,0,0,30,United-States,0,0.04485051036731908,0,2,0.2
63,Private,136080,HS-grad,9,Divorced,Sales,Other-relative,White,Female,3598,0,46,United-States,0,0.0031522267570611657,0,2,0.2
33,Private,118941,Bachelors,13,Married-civ-spouse,Exec-managerial,Wife,White,Female,0,0,40,United-States,1,0.8934032474069398,1,2,0.2
34,Self-emp-not-inc,56460,HS-grad,9,Married-civ-spouse,Farming-fishing,Wife,White,Female,0,2179,12,United-States,0,0.10615560050308778,0,2,0.2
29,Private,194197,Bachelors,13,Never-married,Exec-managerial,Own-child,White,Male,0,0,40,United-States,0,0.0914821596199865,0,2,0.2
52,Self-emp-not-inc,240013,Masters,14,Married-civ-spouse,Sales,Husband,White,Male,0,0,70,United-States,0,0.8495927935250782,1,2,0.2
28,Private,273929,HS-grad,9,Married-civ-spouse,Sales,Husband,White,Male,0,1628,60,United-States,0,0.03507852105986377,0,2,0.2
33,Private,77572,HS-grad,9,Never-married,Handlers-cleaners,Not-in-family,Asian-Pac-Islander,Female,8509,0,49,South,0,0.9950993062679597,1,2,0.2
57,Private,99385,HS-grad,9,Divorced,Adm-clerical,Not-in-family,White,Female,5612,0,55,Canada,0,0.09610843721685115,0,2,0.2
37,Private,106043,HS-grad,9,Married-civ-spouse,Sales,Husband,Black,Male,0,0,40,United-States,1,0.5761950249289,0,2,0.2
50,Private,158680,Masters,14,Married-civ-spouse,Exec-managerial,Husband,White,Male,0,0,50,United-States,1,0.9388903697060768,1,2,0.2
28,Private,309196,Bachelors,13,Never-married,Protective-serv,Not-in-family,White,Female,0,0,40,United-States,0,0.1292424912386439,0,2,0.2
61,Private,199058,HS-grad,9,Married-civ-spouse,Adm-clerical,Husband,White,Male,14918,0,53,United-States,0,0.9793067151194741,1,2,0.2
38,Self-emp-not-inc,255503,11th,7,Divorced,Exec-managerial,Not-in-family,White,Male,0,0,55,United-States,0,0.2254683244669149,0,2,0.2
47,Private,282979,HS-grad,9,Married-civ-spouse,Sales,Husband,White,Male,18142,0,65,United-States,1,0.9991023633146183,1,2,0.2
37,Self-emp-not-inc,154410,Masters,14,Never-married,Exec-managerial,Not-in-family,White,Male,0,0,40,United-States,0,0.581778944164615,0,2,0.2
90,Self-emp-inc,247232,10th,6,Married-civ-spouse,Exec-managerial,Wife,White,Female,15305,0,43,United-States,0,0.9874797315012346,1,2,0.2
41,Private,268183,Prof-school,15,Married-civ-spouse,Prof-specialty,Husband,White,Male,0,0,45,United-States,1,0.9452552029941527,1,2,0.2
69,,199591,Prof-school,15,Married-civ-spouse,,Wife,White,Female,0,0,25,,0,0.6729547360109887,1,2,0.2
18,Private,183315,11th,7,Never-married,Sales,Own-child,Black,Female,0,0,10,United-States,0,0.0007090345498147452,0,2,0.2
64,Private,169604,11th,7,Married-civ-spouse,Transport-moving,Husband,White,Male,0,0,40,United-States,0,0.3275313494873644,0,2,0.2
23,,211601,Assoc-voc,11,Never-married,,Own-child,Black,Female,0,0,15,United-States,0,0.003206801364348669,0,2,0.2
30,Local-gov,27051,Some-college,10,Never-married,Handlers-cleaners,Own-child,White,Male,0,0,40,United-States,0,0.028118198245572976,0,2,0.2
45,Self-emp-not-inc,49595,Some-college,10,Married-civ-spouse,Exec-managerial,Husband,White,Male,0,0,80,United-States,0,0.5234161833728909,0,2,0.2
65,Private,149131,11th,7,Divorced,Machine-op-inspct,Other-relative,White,Male,0,0,40,United-States,0,0.03021198667201172,0,2,0.2
64,Private,181901,HS-grad,9,Married-spouse-absent,Farming-fishing,Other-relative,White,Male,14232,0,35,Mexico,0,0.9471913321312831,1,2,0.2
27,Private,36851,Assoc-voc,11,Married-civ-spouse,Sales,Husband,White,Male,0,0,35,United-States,0,0.3606926427941366,0,2,0.2
46,Private,29696,HS-grad,9,Married-civ-spouse,Exec-managerial,Husband,White,Male,0,0,40,United-States,1,0.8540975962339928,1,2,0.2
59,Self-emp-not-inc,190997,10th,6,Married-civ-spouse,Exec-managerial,Husband,White,Male,0,0,36,United-States,0,0.40354756240224177,0,2,0.2
32,Private,34568,HS-grad,9,Married-civ-spouse,Craft-repair,Husband,White,Male,5973,0,50,United-States,0,0.9851455709996519,1,2,0.2
58,Private,111394,Bachelors,13,Married-civ-spouse,Prof-specialty,Husband,White,Male,0,0,40,United-States,1,0.8756295513294662,1,2,0.2
67,Self-emp-not-inc,127543,10th,6,Married-civ-spouse,Farming-fishing,Husband,White,Male,2414,0,80,United-States,0,0.017818976587718097,0,2,0.2
31,Private,256680,Assoc-acdm,12,Never-married,Exec-managerial,Other-relative,White,Female,0,0,40,United-States,0,0.021275433899196568,0,2,0.2
44,Private,167005,Some-college,10,Married-civ-spouse,Craft-repair,Husband,White,Male,4386,0,55,United-States,0,0.9223848173518204,1,2,0.2
21,Private,238068,HS-grad,9,Married-civ-spouse,Machine-op-inspct,Husband,White,Male,0,0,40,United-States,0,0.04864777202983341,0,2,0.2
60,Private,102597,Some-college,10,Separated,Adm-clerical,Unmarried,White,Female,1983,0,59,United-States,0,0.009848848274960445,0,2,0.2
36,Private,117381,HS-grad,9,Married-civ-spouse,Machine-op-inspct,Husband,White,Male,0,0,40,United-States,0,0.48947802197237383,0,2,0.2
35,Self-emp-not-inc,61343,HS-grad,9,Married-civ-spouse,Craft-repair,Husband,White,Male,0,0,90,United-States,0,0.41671234373462956,0,2,0.2
60,Private,186446,7th-8th,4,Married-civ-spouse,Machine-op-inspct,Wife,White,Female,0,0,40,United-States,0,0.17363883970150648,0,2,0.2
22,Private,221406,Some-college,10,Never-married,Other-service,Not-in-family,White,Female,0,0,20,United-States,0,0.004292129990164053,0,2,0.2
60,Self-emp-not-inc,146674,HS-grad,9,Divorced,Craft-repair,Not-in-family,Black,Male,0,0,50,,0,0.16073238740069684,0,2,0.2
35,Private,237091,HS-grad,9,Married-civ-spouse,Priv-house-serv,Other-relative,White,Female,0,0,20,Columbia,0,0.029845708369934054,0,2,0.2
45,Self-emp-inc,160440,HS-grad,9,Divorced,Exec-managerial,Not-in-family,White,Male,0,0,42,United-States,0,0.3127027168435305,0,2,0.2
58,Private,254672,Some-college,10,Never-married,Machine-op-inspct,Not-in-family,White,Female,12132,0,55,United-States,0,0.9982333875967005,1,2,0.2
52,Self-emp-inc,254211,Masters,14,Married-civ-spouse,Prof-specialty,Husband,White,Male,15024,0,60,United-States,1,0.9990785325230316,1,2,0.2
46,Private,130364,HS-grad,9,Never-married,Craft-repair,Unmarried,White,Male,0,0,40,United-States,0,0.11652255191744003,0,2,0.2
30,Private,19302,Some-college,10,Married-civ-spouse,Prof-specialty,Husband,White,Male,7688,0,40,United-States,1,0.9989001316980727,1,2,0.2
26,,264300,Some-college,10,Married-civ-spouse,,Wife,White,Female,0,0,20,United-States,0,0.1658983454899409,0,2,0.2
22,Private,113936,HS-grad,9,Never-married,Handlers-cleaners,Own-child,White,Male,0,0,40,United-States,0,0.008639170838542704,0,2,0.2
43,Private,233130,Bachelors,13,Divorced,Sales,Not-in-family,White,Male,0,0,40,United-States,1,0.4686966398818905,0,2,0.2
30,Private,105854,HS-grad,9,Never-married,Craft-repair,Other-relative,Other,Male,8978,0,47,United-States,0,0.9967336931463245,1,2,0.2
39,Private,180667,HS-grad,9,Never-married,Adm-clerical,Not-in-family,White,Male,0,0,40,United-States,0,0.08801080067225514,0,2,0.2
53,Private,152810,Masters,14,Married-civ-spouse,Exec-managerial,Husband,White,Male,0,1977,55,United-States,1,0.9942712320676204,1,2,0.2
46,Private,114328,Some-college,10,Divorced,Machine-op-inspct,Not-in-family,White,Male,0,0,40,United-States,0,0.13091515880123278,0,2,0.2
50,Private,255621,HS-grad,9,Married-civ-spouse,Other-service,Husband,White,Male,376,0,55,United-States,0,0.04550477850536255,0,2,0.2
32,Local-gov,217296,HS-grad,9,Married-civ-spouse,Transport-moving,Wife,White,Female,4064,0,22,United-States,0,0.022139148264166752,0,2,0.2
29,Federal-gov,121040,HS-grad,9,Divorced,Adm-clerical,Not-in-family,Black,Female,0,0,40,United-States,0,0.029644956501246156,0,2,0.2
39,Private,168138,HS-grad,9,Never-married,Tech-support,Not-in-family,White,Male,5904,0,60,United-States,0,0.11164449568883006,0,2,0.2
24,Self-emp-not-inc,240160,HS-grad,9,Never-married,Craft-repair,Not-in-family,White,Male,0,0,35,United-States,0,0.026455121929972743,0,2,0.2
35,Self-emp-not-inc,368140,HS-grad,9,Married-civ-spouse,Transport-moving,Husband,White,Male,0,0,65,United-States,1,0.6611879928225324,1,2,0.2
33,Private,213308,Assoc-voc,11,Separated,Adm-clerical,Own-child,Black,Female,0,0,50,United-States,0,0.07972083218936254,0,2,0.2
18,Private,179203,Some-college,10,Never-married,Sales,Own-child,White,Female,0,0,20,United-States,0,0.0006819852041850187,0,2,0.2
33,Private,188861,HS-grad,9,Married-civ-spouse,Machine-op-inspct,Husband,White,Male,0,0,40,United-States,0,0.48278312049819316,0,2,0.2
24,Private,205883,HS-grad,9,Never-married,Adm-clerical,Unmarried,Black,Female,0,0,40,United-States,0,0.006231480833944364,0,2,0.2
49,Private,31264,HS-grad,9,Divorced,Adm-clerical,Not-in-family,White,Female,0,0,35,United-States,0,0.05040851830180338,0,2,0.2
49,Private,179869,HS-grad,9,Married-civ-spouse,Craft-repair,Husband,White,Male,0,0,40,United-States,1,0.670506045216765,1,2,0.2
31,Private,132601,Some-college,10,Married-civ-spouse,Exec-managerial,Husband,White,Male,0,0,40,United-States,0,0.7371108577052404,1,2,0.2
27,Private,147638,Bachelors,13,Never-married,Adm-clerical,Other-relative,Asian-Pac-Islander,Female,0,0,40,Hong,0,0.01815626906750422,0,2,0.2
29,Private,173611,Some-college,10,Never-married,Sales,Own-child,White,Female,0,0,40,United-States,0,0.04787537739675569,0,2,0.2
44,Private,320277,Bachelors,13,Never-married,Prof-specialty,Not-in-family,White,Male,0,0,40,United-States,0,0.520732432363818,0,2,0.2
21,Private,198822,HS-grad,9,Never-married,Adm-clerical,Own-child,White,Female,0,0,35,United-States,0,0.005222930176663917,0,2,0.2
19,Private,146189,11th,7,Never-married,Sales,Unmarried,Amer-Indian-Eskimo,Male,0,0,43,United-States,0,0.005886421739389484,0,2,0.2
35,Private,335777,Some-college,10,Divorced,Exec-managerial,Not-in-family,White,Male,0,0,40,Mexico,0,0.09636994086740079,0,2,0.2
32,Private,207284,HS-grad,9,Married-civ-spouse,Machine-op-inspct,Husband,White,Male,0,0,40,United-States,0,0.4978810868420703,0,2,0.2
30,Private,201697,Bachelors,13,Never-married,Other-service,Not-in-family,White,Male,0,0,40,United-States,0,0.08833858158409098,0,2,0.2
42,Self-emp-inc,188738,Bachelors,13,Married-civ-spouse,Exec-managerial,Husband,White,Male,7688,0,40,United-States,1,0.9985912947702122,1,2,0.2
23,Private,115458,Some-college,10,Married-civ-spouse,Sales,Husband,White,Male,0,0,40,United-States,0,0.08019537735795235,0,2,0.2
35,Federal-gov,287031,Masters,14,Never-married,Exec-managerial,Not-in-family,White,Male,8614,0,40,United-States,1,0.9972893908255,1,2,0.2
67,Self-emp-not-inc,252842,HS-grad,9,Married-civ-spouse,Farming-fishing,Husband,White,Male,1797,0,20,United-States,0,0.0070384572041404855,0,2,0.2
30,Private,221178,HS-grad,9,Separated,Other-service,Other-relative,White,Male,0,0,28,United-States,0,0.010221394789673063,0,2,0.2
56,Private,90582,Bachelors,13,Married-civ-spouse,Craft-repair,Husband,White,Male,1588,0,65,United-States,1,0.23349657368660817,0,2,0.2
40,Private,52849,Bachelors,13,Married-civ-spouse,Exec-managerial,Husband,White,Male,0,0,50,,1,0.7859636531749371,1,2,0.2
58,Private,32365,Some-college,10,Married-civ-spouse,Craft-repair,Husband,White,Male,0,0,50,United-States,0,0.6992219821772839,1,2,0.2
42,Local-gov,125159,Bachelors,13,Never-married,Prof-specialty,Not-in-family,Black,Male,17841,0,60,,1,0.9979477585228009,1,2,0.2
19,,317988,Some-college,10,Never-married,,Not-in-family,White,Male,0,0,15,United-States,0,0.002601462828873963,0,2,0.2
24,Private,211160,Some-college,10,Married-civ-spouse,Sales,Husband,White,Male,0,0,40,United-States,0,0.2389943117723722,0,2,0.2
44,Self-emp-inc,153132,Bachelors,13,Married-civ-spouse,Exec-managerial,Husband,White,Male,7688,0,52,United-States,1,0.9987299061359383,1,2,0.2
25,Private,202480,Bachelors,13,Married-civ-spouse,Prof-specialty,Husband,White,Male,0,0,40,United-States,1,0.6071230322745373,0,2,0.2
58,Private,200040,HS-grad,9,Married-civ-spouse,Craft-repair,Husband,White,Male,0,0,40,United-States,0,0.6603390921468524,1,2,0.2
66,Self-emp-inc,197816,Bachelors,13,Married-civ-spouse,Exec-managerial,Husband,White,Male,10605,0,40,United-States,1,0.9954403017682006,1,2,0.2
36,Private,190023,HS-grad,9,Married-civ-spouse,Transport-moving,Husband,White,Male,0,0,60,United-States,1,0.6659860666797074,1,2,0.2
35,Private,61343,Some-college,10,Married-civ-spouse,Sales,Husband,White,Male,0,0,45,United-States,0,0.6390411043132999,0,2,0.2
49,Private,83375,HS-grad,9,Divorced,Farming-fishing,Not-in-family,White,Male,652,0,55,United-States,0,0.02487079131736459,0,2,0.2
62,Private,240989,1st-4th,2,Married-civ-spouse,Farming-fishing,Other-relative,White,Male,11084,0,55,Mexico,0,0.9302012138930769,1,2,0.2
53,Private,185283,HS-grad,9,Married-civ-spouse,Craft-repair,Husband,White,Male,0,0,45,United-States,1,0.7313895218489311,1,2,0.2
19,Private,292590,Some-college,10,Never-married,Other-service,Own-child,White,Female,0,0,20,United-States,0,0.0010452537791031656,0,2,0.2
43,State-gov,195181,Masters,14,Married-civ-spouse,Prof-specialty,Husband,White,Male,2614,0,50,United-States,1,0.3012062727225488,0,2,0.2
46,Private,176684,Assoc-acdm,12,Never-married,Adm-clerical,Not-in-family,White,Female,0,0,40,United-States,0,0.07256660276675635,0,2,0.2
22,Private,180052,Some-college,10,Never-married,Sales,Own-child,White,Male,0,0,20,United-States,0,0.00493015422165241,0,2,0.2
44,Private,145160,Doctorate,16,Married-civ-spouse,Prof-specialty,Husband,White,Male,0,0,40,United-States,1,0.9373969648178767,1,2,0.2
55,Private,130957,HS-grad,9,Married-civ-spouse,Craft-repair,Husband,White,Male,0,0,45,United-States,0,0.719102559994493,1,2,0.2
27,Private,129629,Assoc-voc,11,Never-married,Tech-support,Other-relative,White,Female,0,0,36,United-States,0,0.010057604970304857,0,2,0.2
31,Private,259931,7th-8th,4,Married-civ-spouse,Machine-op-inspct,Husband,White,Male,0,0,40,United-States,0,0.09819038551311578,0,2,0.2
51,Self-emp-inc,122742,Assoc-acdm,12,Married-civ-spouse,Exec-managerial,Husband,White,Male,28360,0,70,United-States,1,0.9991175538801405,1,2,0.2
27,Private,279608,5th-6th,3,Married-civ-spouse,Farming-fishing,Husband,White,Male,0,0,40,Mexico,0,0.035795117396963026,0,2,0.2
36,Local-gov,61299,Some-college,10,Married-civ-spouse,Craft-repair,Husband,White,Male,0,0,40,United-States,0,0.5758302651362561,0,2,0.2
29,Private,254450,Assoc-voc,11,Never-married,Tech-support,Not-in-family,White,Female,0,0,40,United-States,0,0.037183282172763225,0,2,0.2
38,,130832,Bachelors,13,Never-married,,Unmarried,White,Female,9942,0,25,United-States,0,0.9824637015805163,1,2,0.2
55,Private,143030,HS-grad,9,Divorced,Machine-op-inspct,Not-in-family,White,Female,0,0,40,United-States,0,0.035380343869293306,0,2,0.2
33,Private,119913,Assoc-voc,11,Married-civ-spouse,Prof-specialty,Husband,White,Male,0,0,40,United-States,1,0.6927333612153554,1,2,0.2
47,Private,335973,HS-grad,9,Divorced,Adm-clerical,Unmarried,White,Female,0,0,40,United-States,0,0.04653183560915421,0,2,0.2
39,Private,181384,Assoc-acdm,12,Never-married,Adm-clerical,Not-in-family,White,Male,0,0,20,United-States,0,0.05038619701711233,0,2,0.2
34,Private,263908,Some-college,10,Married-civ-spouse,Sales,Husband,White,Male,0,0,50,United-States,0,0.7670631210984759,1,2,0.2
49,Private,340755,Masters,14,Married-civ-spouse,Sales,Husband,White,Male,0,0,40,United-States,1,0.881133831557061,1,2,0.2
50,State-gov,46401,Some-college,10,Divorced,Exec-managerial,Not-in-family,White,Female,0,0,40,United-States,0,0.19035794527497626,0,2,0.2
24,Private,291407,HS-grad,9,Married-civ-spouse,Transport-moving,Husband,Black,Male,0,0,40,United-States,0,0.09207155557815086,0,2,0.2
29,Private,116662,Bachelors,13,Never-married,Handlers-cleaners,Not-in-family,White,Male,0,0,40,United-States,0,0.04835973040159768,0,2,0.2
60,Private,164599,Some-college,10,Married-civ-spouse,Exec-managerial,Husband,White,Male,7298,0,40,United-States,1,0.9977025161930487,1,2,0.2
40,Private,32185,HS-grad,9,Never-married,Handlers-cleaners,Own-child,White,Male,0,0,44,United-States,0,0.03494596040030052,0,2,0.2
45,Private,144579,Bachelors,13,Married-civ-spouse,Prof-specialty,Husband,White,Male,0,0,40,United-States,1,0.8914951238236187,1,2,0.2
48,Local-gov,93449,Prof-school,15,Married-civ-spouse,Prof-specialty,Husband,Asian-Pac-Islander,Male,99999,0,40,Philippines,1,0.9990385332034567,1,2,0.2
34,Private,349148,Some-college,10,Married-civ-spouse,Other-service,Husband,White,Male,0,0,63,United-States,0,0.48843811032075907,0,2,0.2
72,,166253,HS-grad,9,Married-civ-spouse,,Wife,White,Female,0,0,2,United-States,0,0.24693617904887752,0,2,0.2
64,Private,180247,7th-8th,4,Married-civ-spouse,Craft-repair,Husband,Black,Male,0,0,40,United-States,0,0.14595569366823402,0,2,0.2
49,Self-emp-inc,131826,Prof-school,15,Widowed,Prof-specialty,Unmarried,White,Male,99999,0,50,United-States,1,0.9989892234587379,1,2,0.2
20,,230955,12th,8,Never-married,,Not-in-family,Black,Female,0,0,35,United-States,0,0.006484007753668188,0,2,0.2
36,Private,73023,HS-grad,9,Married-civ-spouse,Transport-moving,Husband,White,Male,0,0,70,United-States,0,0.4822751055331791,0,2,0.2
43,Private,131435,Bachelors,13,Divorced,Other-service,Not-in-family,White,Female,0,0,40,United-States,0,0.15300062770849876,0,2,0.2
22,Private,67234,HS-grad,9,Never-married,Sales,Not-in-family,White,Male,0,0,60,United-States,0,0.03571669836683994,0,2,0.2
31,Private,141118,HS-grad,9,Separated,Other-service,Unmarried,White,Female,0,0,24,United-States,0,0.011514364872424548,0,2,0.2
25,Private,210148,HS-grad,9,Never-married,Craft-repair,Own-child,White,Male,0,0,40,United-States,0,0.021751358627042545,0,2,0.2
54,Private,124792,HS-grad,9,Married-civ-spouse,Craft-repair,Husband,Black,Male,22127,0,60,United-States,1,0.9991280821027096,1,2,0.2
43,Private,258049,Masters,14,Married-civ-spouse,Exec-managerial,Husband,White,Male,7688,0,53,United-States,1,0.9988285867054553,1,2,0.2
52,Private,51233,Bachelors,13,Divorced,Machine-op-inspct,Unmarried,White,Female,8104,0,53,United-States,0,0.9484837416047427,1,2,0.2
27,Private,163127,Assoc-voc,11,Married-civ-spouse,Adm-clerical,Wife,White,Female,0,0,35,United-States,0,0.5861386702723438,0,2,0.2
49,Private,251396,Assoc-acdm,12,Married-civ-spouse,Exec-managerial,Husband,White,Male,1965,0,80,United-States,1,0.31261496075112505,0,2,0.2
57,Self-emp-inc,139268,Bachelors,13,Married-civ-spouse,Sales,Husband,White,Male,4514,0,75,United-States,1,0.20399407522282595,0,2,0.2
51,Local-gov,186416,Bachelors,13,Divorced,Adm-clerical,Not-in-family,White,Female,0,0,40,United-States,0,0.12137172935166822,0,2,0.2
49,Self-emp-inc,26502,Bachelors,13,Divorced,Prof-specialty,Unmarried,White,Male,6497,0,45,United-States,0,0.16884214088664884,0,2,0.2
45,Private,154308,Masters,14,Married-civ-spouse,Exec-managerial,Husband,Black,Male,0,0,40,United-States,1,0.9127353443813425,1,2,0.2
57,Private,88879,Some-college,10,Married-civ-spouse,Sales,Husband,White,Male,0,0,40,United-States,0,0.7506137630601688,1,2,0.2
23,Private,146178,HS-grad,9,Separated,Adm-clerical,Other-relative,White,Male,0,0,46,United-States,0,0.012202817770240418,0,2,0.2
61,Federal-gov,311671,Some-college,10,Married-civ-spouse,Exec-managerial,Husband,White,Male,5013,0,55,United-States,1,0.3453464255751284,0,2,0.2
35,Private,257416,Assoc-voc,11,Never-married,Craft-repair,Own-child,Black,Male,0,0,40,United-States,0,0.036711406772850945,0,2,0.2
28,Private,110145,HS-grad,9,Married-civ-spouse,Adm-clerical,Husband,White,Male,0,0,40,United-States,0,0.3533954413498975,0,2,0.2
63,Self-emp-not-inc,181561,Some-college,10,Divorced,Exec-managerial,Not-in-family,White,Male,0,0,50,United-States,0,0.4645074922538689,0,2,0.2
53,Self-emp-inc,153078,HS-grad,9,Married-civ-spouse,Exec-managerial,Husband,Asian-Pac-Islander,Male,4234,1887,85,South,1,0.8660502963153862,1,2,0.2
35,Self-emp-not-inc,166416,HS-grad,9,Married-civ-spouse,Farming-fishing,Husband,White,Male,0,0,99,United-States,0,0.2538615650190582,0,2,0.2
48,Private,79646,11th,7,Married-civ-spouse,Farming-fishing,Husband,White,Male,0,0,50,United-States,0,0.3570958063029688,0,2,0.2
57,Self-emp-not-inc,184553,HS-grad,9,Married-civ-spouse,Craft-repair,Husband,White,Male,0,0,50,United-States,1,0.5878801846417402,0,2,0.2
65,Private,115880,Doctorate,16,Married-civ-spouse,Exec-managerial,Husband,White,Male,0,0,40,United-States,1,0.920203811889764,1,2,0.2
44,Private,101562,Bachelors,13,Never-married,Prof-specialty,Not-in-family,White,Female,2722,0,60,United-States,0,0.04535483711410723,0,2,0.2
60,Private,160625,Some-college,10,Divorced,Craft-repair,Not-in-family,White,Male,0,0,47,United-States,0,0.43990655360167374,0,2,0.2
39,Private,91711,Masters,14,Married-civ-spouse,Exec-managerial,Husband,White,Male,0,0,40,United-States,1,0.9070858305763049,1,2,0.2
51,Private,123011,Bachelors,13,Divorced,Exec-managerial,Not-in-family,White,Male,0,2559,50,United-States,1,0.9898626686922465,1,2,0.2
57,Private,194850,Some-college,10,Married-civ-spouse,Other-service,Husband,Other,Male,0,0,40,Mexico,0,0.22382468608571207,0,2,0.2
37,Federal-gov,207887,Bachelors,13,Divorced,Exec-managerial,Other-relative,White,Female,0,0,50,United-States,0,0.33611568436115363,0,2,0.2
18,Private,111256,HS-grad,9,Never-married,Adm-clerical,Own-child,White,Female,0,0,20,United-States,0,0.0005519056916347616,0,2,0.2
33,Private,116294,Bachelors,13,Never-married,Prof-specialty,Own-child,White,Female,0,0,40,United-States,1,0.19337875558269502,0,2,0.2
49,Self-emp-not-inc,228372,Bachelors,13,Married-civ-spouse,Sales,Husband,White,Male,0,1977,60,United-States,1,0.9921104561890043,1,2,0.2
55,Private,52498,HS-grad,9,Divorced,Exec-managerial,Unmarried,White,Female,3740,0,55,United-States,1,0.015230291727931968,0,2,0.2
84,Private,109385,1st-4th,2,Married-civ-spouse,Other-service,Husband,Black,Male,12441,0,51,United-States,0,0.9548436688164689,1,2,0.2
37,State-gov,354929,Assoc-acdm,12,Divorced,Protective-serv,Not-in-family,Black,Male,0,0,38,United-States,0,0.13877737277660687,0,2,0.2
56,Private,225267,Some-college,10,Divorced,Sales,Not-in-family,White,Male,14084,0,60,United-States,1,0.9984384256675476,1,2,0.2
50,Private,193884,7th-8th,4,Married-civ-spouse,Craft-repair,Husband,White,Male,0,0,40,Ecuador,0,0.22048367352945894,0,2,0.2
37,Private,403788,HS-grad,9,Never-married,Craft-repair,Other-relative,Black,Male,1265,0,55,United-States,0,0.0032024770864963878,0,2,0.2
82,,42435,10th,6,Widowed,,Not-in-family,White,Male,0,0,20,United-States,0,0.03447393136497699,0,2,0.2
29,Private,134152,HS-grad,9,Separated,Machine-op-inspct,Not-in-family,White,Male,0,0,40,United-States,0,0.020086377714378944,0,2,0.2
58,Local-gov,239405,5th-6th,3,Divorced,Other-service,Other-relative,Black,Female,0,0,40,Haiti,0,0.006021648163071782,0,2,0.2
32,Private,208291,HS-grad,9,Married-civ-spouse,Sales,Husband,White,Male,0,0,50,United-States,0,0.6625653612784089,1,2,0.2
26,Private,266505,HS-grad,9,Married-civ-spouse,Sales,Husband,White,Male,5013,0,38,United-States,0,0.023885499846433903,0,2,0.2
42,Self-emp-inc,130126,Bachelors,13,Married-civ-spouse,Prof-specialty,Husband,White,Male,0,1977,40,United-States,1,0.9930771521313768,1,2,0.2
27,Private,135520,HS-grad,9,Married-civ-spouse,Machine-op-inspct,Wife,White,Female,0,0,40,Dominican-Republic,0,0.20373890642442552,0,2,0.2
44,Local-gov,145246,Masters,14,Married-civ-spouse,Prof-specialty,Husband,White,Male,0,0,44,United-States,1,0.8851928473032218,1,2,0.2
52,Local-gov,330799,9th,5,Married-civ-spouse,Other-service,Wife,White,Female,0,0,40,United-States,0,0.20888579403893626,0,2,0.2
30,Local-gov,182926,Some-college,10,Married-civ-spouse,Protective-serv,Husband,White,Male,15024,0,40,United-States,1,0.9991227908160626,1,2,0.2
55,Private,242968,Masters,14,Married-civ-spouse,Exec-managerial,Husband,Asian-Pac-Islander,Male,14387,0,55,India,1,0.9991960166257651,1,2,0.2
34,Private,84119,HS-grad,9,Never-married,Craft-repair,Own-child,White,Male,0,0,40,United-States,0,0.036421712230846684,0,2,0.2
39,Self-emp-not-inc,343476,Bachelors,13,Married-civ-spouse,Prof-specialty,Husband,White,Male,15024,0,50,Japan,1,0.999277825609869,1,2,0.2
53,Private,43556,Assoc-voc,11,Divorced,Tech-support,Not-in-family,White,Female,830,0,55,United-States,0,0.017705716789820875,0,2,0.2
53,Private,178356,Assoc-acdm,12,Married-civ-spouse,Exec-managerial,Husband,White,Male,2407,0,99,United-States,0,0.19828072842379252,0,2,0.2
34,Private,221324,HS-grad,9,Never-married,Machine-op-inspct,Unmarried,Black,Female,0,0,40,United-States,0,0.007594299696820991,0,2,0.2
33,Private,222490,Some-college,10,Never-married,Handlers-cleaners,Own-child,White,Female,12065,0,55,United-States,0,0.994864178787997,1,2,0.2
50,Self-emp-not-inc,177907,HS-grad,9,Married-civ-spouse,Sales,Husband,White,Male,8867,0,55,United-States,0,0.9984914204727324,1,2,0.2
56,Self-emp-inc,76534,HS-grad,9,Married-civ-spouse,Exec-managerial,Other-relative,Asian-Pac-Islander,Female,0,0,21,China,0,0.0695435088806011,0,2,0.2
47,Self-emp-not-inc,162924,Bachelors,13,Divorced,Exec-managerial,Not-in-family,Asian-Pac-Islander,Male,0,0,60,Japan,0,0.5581323328705349,0,2,0.2
65,Private,115890,Bachelors,13,Married-civ-spouse,Transport-moving,Husband,White,Male,0,0,20,United-States,0,0.49422196681134445,0,2,0.2
40,Private,198096,HS-grad,9,Married-civ-spouse,Machine-op-inspct,Husband,White,Male,0,0,40,United-States,1,0.5793526325059781,0,2,0.2
58,Self-emp-inc,62546,Doctorate,16,Separated,Prof-specialty,Not-in-family,White,Male,2304,0,50,United-States,0,0.06723542885712258,0,2,0.2
40,Private,154374,HS-grad,9,Married-civ-spouse,Machine-op-inspct,Husband,White,Male,0,0,40,United-States,1,0.5385505536548277,0,2,0.2
37,Local-gov,215618,Assoc-voc,11,Married-civ-spouse,Protective-serv,Husband,White,Male,0,0,80,United-States,1,0.874345467017093,1,2,0.2
28,Local-gov,216965,Some-college,10,Married-civ-spouse,Protective-serv,Husband,White,Male,0,0,40,United-States,0,0.6970364668608494,1,2,0.2
46,Private,268234,Assoc-voc,11,Married-civ-spouse,Exec-managerial,Husband,White,Male,0,1902,40,United-States,1,0.9893891365417524,1,2,0.2
50,Private,174964,7th-8th,4,Married-civ-spouse,Transport-moving,Husband,White,Male,0,0,40,United-States,0,0.2732225697001562,0,2,0.2
62,Self-emp-not-inc,124793,HS-grad,9,Married-civ-spouse,Craft-repair,Husband,White,Male,12766,0,45,United-States,0,0.97666001278241,1,2,0.2
59,Local-gov,223215,Some-college,10,Married-civ-spouse,Protective-serv,Husband,White,Male,0,0,42,United-States,0,0.8502961680563249,1,2,0.2
28,Self-emp-not-inc,35032,Bachelors,13,Never-married,Exec-managerial,Not-in-family,White,Male,0,0,50,United-States,0,0.5360349579944533,0,2,0.2
27,Private,390657,HS-grad,9,Married-civ-spouse,Handlers-cleaners,Husband,Black,Male,0,0,40,United-States,0,0.16634971277764915,0,2,0.2
29,Private,255949,Bachelors,13,Never-married,Sales,Unmarried,Black,Male,0,0,40,United-States,0,0.08190407633197602,0,2,0.2
59,,291856,HS-grad,9,Married-civ-spouse,,Husband,White,Male,0,0,40,United-States,0,0.5314176359799436,0,2,0.2
46,Private,58683,Bachelors,13,Married-civ-spouse,Exec-managerial,Husband,White,Male,15024,0,55,United-States,1,0.9991392671536539,1,2,0.2
31,Self-emp-not-inc,213643,Masters,14,Divorced,Prof-specialty,Not-in-family,White,Male,0,1590,60,United-States,0,0.07751109629260296,0,2,0.2
32,,96483,Some-college,10,Never-married,,Own-child,Asian-Pac-Islander,Female,11692,0,23,United-States,0,0.9900144999523668,1,2,0.2
41,Private,271282,11th,7,Divorced,Protective-serv,Not-in-family,White,Female,0,0,20,United-States,0,0.039575705058715965,0,2,0.2
40,Private,224910,HS-grad,9,Never-married,Machine-op-inspct,Not-in-family,White,Female,0,0,40,United-States,0,0.023774397832109818,0,2,0.2
53,Private,290688,HS-grad,9,Married-civ-spouse,Craft-repair,Husband,White,Male,0,0,52,United-States,1,0.7321758766477673,1,2,0.2
43,Private,193285,HS-grad,9,Never-married,Transport-moving,Not-in-family,White,Male,8047,0,55,United-States,0,0.943697146308179,1,2,0.2
23,Private,368739,Bachelors,13,Never-married,Adm-clerical,Not-in-family,White,Female,0,0,40,United-States,0,0.01731502981357472,0,2,0.2
36,Private,24504,HS-grad,9,Divorced,Adm-clerical,Unmarried,White,Female,0,0,40,United-States,0,0.047437504588930535,0,2,0.2
67,Local-gov,176931,7th-8th,4,Widowed,Other-service,Not-in-family,White,Female,0,0,20,United-States,0,0.010848077512971975,0,2,0.2
23,Private,117779,12th,8,Never-married,Sales,Not-in-family,White,Male,0,0,45,United-States,0,0.02499054467116988,0,2,0.2
39,Private,179481,HS-grad,9,Never-married,Tech-support,Not-in-family,White,Male,4650,0,44,United-States,0,0.028593100607401053,0,2,0.2
33,Local-gov,120064,Bachelors,13,Never-married,Prof-specialty,Not-in-family,White,Female,0,0,45,United-States,0,0.3276012911381746,0,2,0.2
61,Private,92691,HS-grad,9,Married-civ-spouse,Adm-clerical,Husband,White,Male,0,0,3,United-States,0,0.27661331290617247,0,2,0.2
62,Private,197918,HS-grad,9,Divorced,Adm-clerical,Unmarried,White,Female,0,0,40,United-States,0,0.05365320129347402,0,2,0.2
31,State-gov,207505,Doctorate,16,Married-civ-spouse,Prof-specialty,Husband,White,Male,0,1977,70,United-States,1,0.9842591119525428,1,2,0.2
24,Private,173679,Assoc-voc,11,Married-civ-spouse,Other-service,Husband,White,Male,0,0,20,United-States,0,0.03907817915175585,0,2,0.2
45,State-gov,37070,Masters,14,Married-civ-spouse,Prof-specialty,Husband,White,Male,7961,0,75,Canada,0,0.9985310166157132,1,2,0.2
36,Private,168276,10th,6,Divorced,Other-service,Not-in-family,White,Female,0,0,40,United-States,0,0.022436317228101306,0,2,0.2
18,,297396,HS-grad,9,Never-married,,Own-child,White,Male,0,0,10,United-States,0,0.001087790407499768,0,2,0.2
24,Private,237341,Some-college,10,Married-civ-spouse,Prof-specialty,Wife,White,Female,0,0,40,United-States,1,0.4482647034599184,0,2,0.2
24,Private,56121,5th-6th,3,Married-civ-spouse,Farming-fishing,Husband,White,Male,0,0,60,Mexico,0,0.09701982378676333,0,2,0.2
34,Private,324654,HS-grad,9,Never-married,Machine-op-inspct,Own-child,Asian-Pac-Islander,Male,0,0,40,China,0,0.024754435205789824,0,3,0.4
45,Private,155659,Bachelors,13,Married-civ-spouse,Prof-specialty,Husband,White,Male,0,0,60,United-States,1,0.8838942287559302,1,3,0.4
64,Private,43738,Doctorate,16,Widowed,Prof-specialty,Not-in-family,White,Male,0,0,80,United-States,1,0.7463648122467395,1,3,0.4
59,Private,184579,Some-college,10,Married-civ-spouse,Tech-support,Husband,White,Male,10886,0,75,United-States,0,0.9992401979022787,1,3,0.4
37,Private,169323,Bachelors,13,Married-civ-spouse,Exec-managerial,Own-child,White,Female,8267,0,55,United-States,0,0.9974646783207283,1,3,0.4
54,Private,184682,Assoc-voc,11,Divorced,Tech-support,Not-in-family,White,Female,12389,0,45,United-States,0,0.9988444514769471,1,3,0.4
30,Private,206325,11th,7,Married-civ-spouse,Craft-repair,Husband,White,Male,0,0,45,United-States,0,0.3168662737135227,0,3,0.4
42,Local-gov,194417,Some-college,10,Married-civ-spouse,Protective-serv,Husband,White,Male,0,0,40,United-States,1,0.8386676217721317,1,3,0.4
63,Local-gov,41161,HS-grad,9,Married-civ-spouse,Exec-managerial,Husband,White,Male,0,0,55,United-States,0,0.7540060222017183,1,3,0.4
49,Private,116409,Prof-school,15,Married-civ-spouse,Exec-managerial,Husband,White,Male,9295,0,55,United-States,1,0.9990045549840476,1,3,0.4
55,State-gov,136819,Some-college,10,Married-civ-spouse,Craft-repair,Husband,White,Male,0,0,43,United-States,1,0.800638912576518,1,3,0.4
20,Private,125010,HS-grad,9,Never-married,Other-service,Own-child,White,Female,0,0,30,United-States,0,0.0015418019188103897,0,3,0.4
36,Private,281356,1st-4th,2,Never-married,Farming-fishing,Not-in-family,Other,Male,2343,0,81,Mexico,0,0.006312670461891871,0,3,0.4
53,Private,172991,Some-college,10,Married-civ-spouse,Sales,Husband,White,Male,0,0,25,United-States,0,0.530747721530352,0,3,0.4
37,Private,77698,HS-grad,9,Never-married,Machine-op-inspct,Not-in-family,Asian-Pac-Islander,Female,3624,0,55,Philippines,0,0.008016188123978635,0,3,0.4
57,Federal-gov,40103,10th,6,Never-married,Prof-specialty,Not-in-family,White,Male,0,0,35,United-States,0,0.22136939068471623,0,3,0.4
51,Self-emp-not-inc,268639,Some-college,10,Married-civ-spouse,Prof-specialty,Wife,White,Female,0,2057,60,Canada,0,0.0329005222893959,0,3,0.4
22,Private,190968,HS-grad,9,Married-civ-spouse,Other-service,Husband,White,Male,0,0,40,United-States,0,0.059415671445611745,0,3,0.4
59,Private,193568,HS-grad,9,Divorced,Machine-op-inspct,Own-child,White,Female,0,0,40,United-States,0,0.038292557782804555,0,3,0.4
70,Private,105239,HS-grad,9,Married-civ-spouse,Handlers-cleaners,Other-relative,White,Male,7170,0,55,United-States,0,0.9736390417085748,1,3,0.4
21,Private,118712,Assoc-voc,11,Never-married,Craft-repair,Own-child,White,Male,0,1504,40,United-States,0,0.015697750145054448,0,3,0.4
32,Private,174704,11th,7,Never-married,Other-service,Not-in-family,Black,Male,0,0,40,United-States,0,0.0126991218535014,0,3,0.4
48,Private,395368,Some-college,10,Divorced,Handlers-cleaners,Other-relative,Black,Male,0,0,40,United-States,0,0.0463963346027112,0,3,0.4
32,State-gov,349365,HS-grad,9,Never-married,Other-service,Not-in-family,White,Female,14030,0,55,United-States,0,0.9980598327764575,1,3,0.4
51,Self-emp-inc,233117,Prof-school,15,Married-civ-spouse,Prof-specialty,Husband,White,Male,5822,0,55,United-States,1,0.9955038312531194,1,3,0.4
33,Private,285127,HS-grad,9,Never-married,Handlers-cleaners,Not-in-family,Black,Female,12248,0,55,United-States,0,0.9968680200786886,1,3,0.4
39,Federal-gov,219137,Assoc-acdm,12,Never-married,Adm-clerical,Unmarried,White,Female,0,0,40,United-States,0,0.06171558590496773,0,3,0.4
23,Private,227594,HS-grad,9,Never-married,Adm-clerical,Not-in-family,White,Female,0,0,30,United-States,0,0.0064814705892376175,0,3,0.4
27,Local-gov,331046,Bachelors,13,Never-married,Prof-specialty,Not-in-family,White,Female,0,0,45,United-States,0,0.05995756300584606,0,3,0.4
35,Private,190895,Some-college,10,Married-civ-spouse,Prof-specialty,Husband,White,Male,0,0,60,United-States,0,0.7475093451056294,1,3,0.4
43,Private,227325,Some-college,10,Never-married,Craft-repair,Not-in-family,White,Male,13538,0,55,United-States,0,0.9986805203776623,1,3,0.4
22,Private,186365,Some-college,10,Never-married,Machine-op-inspct,Not-in-family,White,Male,0,0,40,United-States,0,0.01038071197158703,0,3,0.4
52,Private,89041,Bachelors,13,Married-civ-spouse,Sales,Husband,White,Male,0,0,40,United-States,1,0.8492525933092631,1,3,0.4
31,Self-emp-not-inc,119411,Bachelors,13,Divorced,Exec-managerial,Unmarried,White,Male,0,0,60,United-States,1,0.5137929119485334,0,3,0.4
79,Private,366425,Doctorate,16,Divorced,Exec-managerial,Not-in-family,White,Male,99999,0,75,United-States,1,0.9941340155129434,1,3,0.4
37,Private,160261,Some-college,10,Never-married,Exec-managerial,Own-child,Asian-Pac-Islander,Male,11038,0,55,China,0,0.9972977049850159,1,3,0.4
55,Private,176904,10th,6,Married-civ-spouse,Transport-moving,Husband,White,Male,0,0,50,United-States,0,0.5131554108669368,0,3,0.4
52,Private,92649,Assoc-acdm,12,Divorced,Adm-clerical,Unmarried,White,Female,2567,0,55,United-States,0,0.011131226108949345,0,3,0.4
44,Private,178623,Assoc-acdm,12,Never-married,Sales,Not-in-family,Black,Female,2441,0,61,Trinadad&Tobago,0,0.02013721945501697,0,3,0.4
42,Private,240628,Bachelors,13,Married-civ-spouse,Exec-managerial,Wife,White,Female,0,0,40,United-States,1,0.9197555390355843,1,3,0.4
46,Private,190115,Assoc-acdm,12,Married-civ-spouse,Craft-repair,Husband,White,Male,0,0,40,United-States,1,0.7916234348408079,1,3,0.4
43,State-gov,107439,Some-college,10,Never-married,Other-service,Not-in-family,Black,Female,0,0,30,United-States,0,0.016576455158971957,0,3,0.4
47,Local-gov,251588,Bachelors,13,Married-civ-spouse,Exec-managerial,Husband,Black,Male,0,0,40,United-States,1,0.8806763751213008,1,3,0.4
40,Private,103389,Masters,14,Divorced,Sales,Own-child,White,Female,2735,0,55,United-States,0,0.03092745283142773,0,3,0.4
20,Private,121568,HS-grad,9,Married-civ-spouse,Handlers-cleaners,Husband,White,Male,0,0,50,United-States,0,0.03323204117380714,0,3,0.4
47,Private,145886,Some-college,10,Divorced,Other-service,Unmarried,White,Female,0,0,40,United-States,0,0.05057295800635516,0,3,0.4
37,Private,280282,Assoc-voc,11,Married-civ-spouse,Tech-support,Wife,White,Female,0,0,24,United-States,1,0.7991141244951174,1,3,0.4
55,Private,346189,Masters,14,Married-civ-spouse,Exec-managerial,Husband,White,Male,14249,0,65,United-States,1,0.9992521504457247,1,3,0.4
45,Private,245659,Some-college,10,Separated,Other-service,Unmarried,White,Female,757,0,53,El-Salvador,0,0.01347156070364252,0,3,0.4
50,Self-emp-not-inc,53628,Assoc-voc,11,Divorced,Exec-managerial,Unmarried,White,Male,13798,0,50,United-States,0,0.9980392213142264,1,3,0.4
35,Private,148903,HS-grad,9,Divorced,Sales,Unmarried,White,Female,0,0,40,United-States,0,0.045769377749437,0,3,0.4
46,Private,96773,HS-grad,9,Married-civ-spouse,Craft-repair,Husband,White,Male,0,0,40,United-States,0,0.646405520801671,1,3,0.4
34,Private,31740,7th-8th,4,Married-civ-spouse,Transport-moving,Husband,White,Male,0,0,40,United-States,0,0.10378998071738416,0,3,0.4
50,Self-emp-not-inc,279129,Masters,14,Married-civ-spouse,Exec-managerial,Husband,White,Male,0,0,20,United-States,0,0.7019047918052616,1,3,0.4
47,Private,214702,HS-grad,9,Divorced,Other-service,Unmarried,White,Female,0,0,37,Puerto-Rico,0,0.023367498227317617,0,3,0.4
45,Private,220641,Some-college,10,Divorced,Exec-managerial,Unmarried,White,Female,0,0,40,United-States,0,0.1644109246638964,0,3,0.4
35,Private,87757,Bachelors,13,Never-married,Exec-managerial,Not-in-family,White,Male,0,0,40,United-States,0,0.328565818947444,0,3,0.4
31,Private,138946,7th-8th,4,Never-married,Craft-repair,Own-child,White,Male,9302,0,55,United-States,0,0.9950529927138061,1,3,0.4
18,Private,218100,11th,7,Never-married,Sales,Own-child,White,Female,0,0,25,United-States,0,0.000534981616076694,0,3,0.4
36,Private,367216,Some-college,10,Married-spouse-absent,Other-service,Own-child,White,Female,0,0,28,United-States,0,0.03566464977363108,0,3,0.4
38,Private,198216,Some-college,10,Divorced,Exec-managerial,Unmarried,White,Female,0,0,40,United-States,0,0.15146332416926978,0,3,0.4
54,Private,108435,HS-grad,9,Married-civ-spouse,Adm-clerical,Husband,White,Male,0,0,20,United-States,0,0.30121463389441583,0,3,0.4
55,Private,134120,HS-grad,9,Divorced,Sales,Other-relative,White,Female,10908,0,61,United-States,0,0.9973156850216071,1,3,0.4
42,Private,235109,Assoc-voc,11,Divorced,Adm-clerical,Unmarried,White,Female,8961,0,55,United-States,0,0.9915305038476481,1,3,0.4
42,Private,96480,Assoc-voc,11,Never-married,Adm-clerical,Own-child,White,Female,10764,0,47,United-States,0,0.9974506678804191,1,3,0.4
47,Private,105813,Bachelors,13,Married-civ-spouse,Prof-specialty,Husband,White,Male,3957,0,63,United-States,1,0.12401592746569934,0,3,0.4
63,Private,161599,Bachelors,13,Divorced,Adm-clerical,Not-in-family,White,Female,10229,0,55,,0,0.985996585199496,1,3,0.4
26,Local-gov,113948,Bachelors,13,Never-married,Protective-serv,Not-in-family,White,Female,0,0,48,United-States,0,0.13710378710098803,0,3,0.4
19,Private,139466,Some-college,10,Never-married,Sales,Own-child,White,Female,0,0,25,United-States,0,0.0010708538958458412,0,3,0.4
35,Private,97136,Some-college,10,Never-married,Other-service,Unmarried,Black,Female,0,0,37,United-States,0,0.02618752029244999,0,3,0.4
21,Private,159567,HS-grad,9,Never-married,Machine-op-inspct,Not-in-family,White,Male,0,0,50,United-States,0,0.011278351375732404,0,3,0.4
24,Private,70261,Some-college,10,Never-married,Transport-moving,Own-child,White,Male,0,0,40,United-States,0,0.033072378296947265,0,3,0.4
45,Private,118714,Assoc-voc,11,Married-civ-spouse,Craft-repair,Husband,White,Male,0,0,40,United-States,0,0.7532704454568832,1,3,0.4
21,Private,180339,Some-college,10,Never-married,Adm-clerical,Not-in-family,White,Female,0,0,45,United-States,0,0.014477436239456581,0,3,0.4
63,Self-emp-not-inc,381769,HS-grad,9,Married-civ-spouse,Farming-fishing,Husband,White,Male,10673,0,65,United-States,0,0.9700663772999987,1,3,0.4
49,Private,224566,HS-grad,9,Never-married,Craft-repair,Unmarried,White,Male,14523,0,55,United-States,0,0.998504884008536,1,3,0.4
47,Private,185385,HS-grad,9,Married-civ-spouse,Prof-specialty,Husband,White,Male,5013,0,24,United-States,0,0.03233145225761511,0,3,0.4
61,Private,51170,HS-grad,9,Married-civ-spouse,Craft-repair,Husband,White,Male,0,0,55,United-States,0,0.6926597887297266,1,3,0.4
54,Self-emp-not-inc,180522,HS-grad,9,Married-civ-spouse,Sales,Husband,White,Male,0,0,70,United-States,0,0.6444051151320589,0,3,0.4
46,Local-gov,138107,Masters,14,Married-civ-spouse,Exec-managerial,Husband,White,Male,0,1902,60,United-States,1,0.9922787226779962,1,3,0.4
55,State-gov,153788,Some-college,10,Married-civ-spouse,Adm-clerical,Wife,White,Female,0,0,37,United-States,0,0.6668167399414658,1,3,0.4
46,Private,235124,HS-grad,9,Never-married,Other-service,Unmarried,Black,Female,138,0,50,United-States,0,0.005427653440622722,0,3,0.4
30,Private,289458,Bachelors,13,Never-married,Exec-managerial,Not-in-family,White,Female,0,0,40,United-States,0,0.11981645059705243,0,3,0.4
52,,253717,11th,7,Married-civ-spouse,,Wife,White,Female,3653,0,31,United-States,0,0.023126901846188663,0,3,0.4
30,Private,207564,Some-college,10,Married-civ-spouse,Adm-clerical,Wife,White,Female,0,0,40,United-States,0,0.7351508371287679,1,3,0.4
51,Private,56118,HS-grad,9,Divorced,Other-service,Unmarried,White,Female,14688,0,55,United-States,0,0.9974354229886846,1,3,0.4
31,,117201,HS-grad,9,Never-married,,Own-child,White,Male,5658,0,45,United-States,0,0.06446080861720456,0,3,0.4
48,Private,199439,Masters,14,Married-civ-spouse,Exec-managerial,Husband,White,Male,9011,0,60,United-States,1,0.9987502847795919,1,3,0.4
46,Private,181372,11th,7,Married-civ-spouse,Other-service,Wife,White,Female,3974,0,38,United-States,0,0.0230784722850659,0,3,0.4
59,Local-gov,93618,Some-college,10,Divorced,Adm-clerical,Not-in-family,White,Female,9535,0,48,United-States,0,0.9972166486778584,1,3,0.4
50,Private,305319,7th-8th,4,Married-civ-spouse,Craft-repair,Husband,White,Male,0,0,40,United-States,0,0.23558586322302102,0,3,0.4
84,Private,99554,7th-8th,4,Married-civ-spouse,Handlers-cleaners,Wife,White,Female,1497,0,25,Poland,0,0.006773528416054564,0,3,0.4
40,,230704,HS-grad,9,Never-married,,Not-in-family,Black,Male,2438,0,55,United-States,0,0.005789672705607913,0,3,0.4
37,Private,78605,HS-grad,9,Married-civ-spouse,Machine-op-inspct,Husband,White,Male,11879,0,55,United-States,0,0.998921207257898,1,3,0.4
27,Private,113866,HS-grad,9,Never-married,Other-service,Not-in-family,White,Female,0,0,30,United-States,0,0.009064430175441573,0,3,0.4
42,Private,189759,Bachelors,13,Never-married,Transport-moving,Not-in-family,White,Male,5575,0,55,United-States,0,0.3143155604518799,0,3,0.4
57,Private,185385,HS-grad,9,Married-civ-spouse,Machine-op-inspct,Husband,White,Male,1171,0,55,United-States,0,0.11338182395021058,0,3,0.4
38,Private,266505,HS-grad,9,Married-civ-spouse,Sales,Husband,White,Male,7086,0,53,United-States,0,0.9978755242863423,1,3,0.4
22,Self-emp-not-inc,269474,HS-grad,9,Never-married,Farming-fishing,Own-child,White,Male,0,0,40,United-States,0,0.015588668350238003,0,3,0.4
48,Local-gov,59313,Some-college,10,Separated,Adm-clerical,Own-child,Black,Male,14092,0,55,United-States,0,0.9974426195199266,1,3,0.4
44,Private,154120,HS-grad,9,Married-civ-spouse,Transport-moving,Husband,White,Male,21621,0,55,United-States,1,0.9987245894422105,1,3,0.4
25,Private,321223,Some-college,10,Divorced,Other-service,Not-in-family,White,Female,0,0,20,United-States,0,0.009709890967703099,0,3,0.4
24,Private,283092,HS-grad,9,Never-married,Adm-clerical,Other-relative,Black,Male,0,0,40,Jamaica,0,0.005512632421697942,0,3,0.4
59,Private,362654,Masters,14,Married-civ-spouse,Prof-specialty,Husband,White,Male,14751,0,55,United-States,1,0.9991435832060801,1,3,0.4
39,Local-gov,86643,Some-college,10,Married-civ-spouse,Protective-serv,Husband,White,Male,0,0,48,United-States,0,0.7151546244316275,1,3,0.4
41,Private,349703,Assoc-acdm,12,Married-civ-spouse,Farming-fishing,Husband,Asian-Pac-Islander,Male,0,0,40,United-States,0,0.44117816857597714,0,3,0.4
44,Local-gov,100479,Assoc-acdm,12,Married-civ-spouse,Prof-specialty,Husband,White,Male,0,0,48,United-States,0,0.7623423033815676,1,3,0.4
52,Private,193882,Assoc-voc,11,Never-married,Machine-op-inspct,Own-child,White,Male,14769,0,55,United-States,0,0.9973111917099728,1,3,0.4
40,Self-emp-not-inc,173651,Some-college,10,Married-civ-spouse,Craft-repair,Husband,White,Male,0,0,45,United-States,0,0.5610189455577357,0,3,0.4
51,Private,256294,HS-grad,9,Married-civ-spouse,Other-service,Husband,Black,Male,8504,0,55,United-States,0,0.998846787661754,1,3,0.4
32,Private,183304,Assoc-voc,11,Married-civ-spouse,Transport-moving,Husband,White,Male,0,0,99,United-States,1,0.7930810143058953,1,3,0.4
60,Private,196707,Assoc-voc,11,Married-civ-spouse,Craft-repair,Husband,White,Male,13466,0,55,United-States,1,0.9990626209707143,1,3,0.4
49,Private,133328,HS-grad,9,Divorced,Sales,Unmarried,White,Female,8918,0,55,United-States,0,0.9969906389450301,1,3,0.4
40,Private,191342,Bachelors,13,Married-civ-spouse,Exec-managerial,Husband,Asian-Pac-Islander,Male,0,0,40,China,1,0.8672534556387665,1,3,0.4
54,State-gov,137065,Doctorate,16,Never-married,Exec-managerial,Not-in-family,White,Female,0,0,40,United-States,1,0.7771939040376132,1,3,0.4
31,Private,259705,HS-grad,9,Never-married,Farming-fishing,Own-child,White,Female,0,0,40,United-States,0,0.009460391276159623,0,3,0.4
32,Private,206215,HS-grad,9,Never-married,Adm-clerical,Own-child,White,Female,1862,0,55,United-States,0,0.00621742930623715,0,3,0.4
33,Private,394727,10th,6,Never-married,Handlers-cleaners,Unmarried,Black,Male,0,0,40,United-States,0,0.015641793876607274,0,3,0.4
40,Self-emp-not-inc,420054,HS-grad,9,Married-civ-spouse,Craft-repair,Husband,White,Male,728,0,55,Italy,0,0.06947948112384182,0,3,0.4
32,Private,181675,HS-grad,9,Never-married,Other-service,Not-in-family,White,Male,12074,0,55,United-States,0,0.9983831200601015,1,3,0.4
60,Private,216414,Bachelors,13,Married-civ-spouse,Exec-managerial,Husband,White,Male,2972,1977,85,United-States,1,0.9118655304954882,1,3,0.4
28,Private,373698,12th,8,Married-civ-spouse,Prof-specialty,Husband,White,Male,0,0,45,,0,0.5494691277551204,0,3,0.4
60,Self-emp-inc,81513,Bachelors,13,Married-civ-spouse,Exec-managerial,Husband,White,Male,7878,0,65,United-States,1,0.9987186104317651,1,3,0.4
65,Self-emp-inc,157403,HS-grad,9,Married-civ-spouse,Sales,Husband,White,Male,0,0,50,United-States,0,0.7322950038018053,1,3,0.4
38,Private,43311,5th-6th,3,Married-civ-spouse,Other-service,Wife,White,Female,0,0,40,El-Salvador,0,0.10266469812192457,0,3,0.4
31,Local-gov,265706,Bachelors,13,Never-married,Protective-serv,Not-in-family,White,Male,4650,0,40,United-States,0,0.03680455952805418,0,3,0.4
18,Private,118376,Some-college,10,Never-married,Other-service,Own-child,White,Female,0,0,15,United-States,0,0.0007027739803848344,0,3,0.4
44,State-gov,71151,Bachelors,13,Married-civ-spouse,Tech-support,Husband,White,Male,1528,0,35,United-States,0,0.2458293894339936,0,3,0.4
50,Private,200046,Masters,14,Married-civ-spouse,Exec-managerial,Husband,White,Male,0,0,50,United-States,1,0.93772524964515,1,3,0.4
48,Local-gov,132368,5th-6th,3,Married-civ-spouse,Transport-moving,Husband,White,Male,0,0,40,United-States,0,0.23628342664823035,0,3,0.4
22,Private,168997,Assoc-voc,11,Never-married,Exec-managerial,Not-in-family,White,Male,0,0,40,United-States,0,0.027870017146834555,0,3,0.4
27,Private,179565,Bachelors,13,Never-married,Adm-clerical,Not-in-family,White,Female,0,0,37,United-States,0,0.026635464294926192,0,3,0.4
54,Private,202872,HS-grad,9,Married-civ-spouse,Adm-clerical,Wife,White,Female,11125,0,51,United-States,1,0.9988679073897057,1,3,0.4
43,Local-gov,37937,Assoc-acdm,12,Married-civ-spouse,Tech-support,Husband,White,Male,0,0,43,United-States,0,0.7344507338752062,1,3,0.4
33,Private,353628,10th,6,Separated,Sales,Unmarried,Black,Female,6739,0,53,United-States,0,0.022395876405151095,0,3,0.4
30,Local-gov,363032,HS-grad,9,Married-civ-spouse,Protective-serv,Husband,Black,Male,0,0,40,United-States,0,0.4169402853501122,0,3,0.4
38,Self-emp-not-inc,108947,Some-college,10,Married-civ-spouse,Machine-op-inspct,Husband,White,Male,7688,0,40,United-States,1,0.9975025168521808,1,3,0.4
40,Self-emp-not-inc,214689,11th,7,Never-married,Craft-repair,Not-in-family,White,Male,12219,0,55,United-States,0,0.9980268877563563,1,3,0.4
26,Private,90915,Assoc-acdm,12,Never-married,Other-service,Own-child,Black,Female,0,0,15,United-States,0,0.003449860576787919,0,3,0.4
62,Private,155574,HS-grad,9,Married-civ-spouse,Prof-specialty,Husband,White,Male,10396,0,55,United-States,1,0.9241444296565731,1,3,0.4
38,Private,252897,Some-college,10,Divorced,Sales,Own-child,White,Female,0,0,25,United-States,0,0.035468020442954586,0,3,0.4
30,Private,165115,Assoc-voc,11,Divorced,Adm-clerical,Unmarried,White,Female,0,0,30,United-States,0,0.020324137788050003,0,3,0.4
33,Private,97939,Assoc-acdm,12,Divorced,Machine-op-inspct,Not-in-family,White,Female,0,0,42,United-States,0,0.04876806839416016,0,3,0.4
51,Private,180807,Some-college,10,Divorced,Exec-managerial,Unmarried,White,Female,0,0,40,United-States,0,0.18274776595376782,0,3,0.4
79,,126514,Some-college,10,Widowed,,Not-in-family,White,Female,13459,0,19,United-States,0,0.9913500754185126,1,3,0.4
58,Private,177633,HS-grad,9,Married-civ-spouse,Machine-op-inspct,Husband,White,Male,6837,0,65,United-States,1,0.9705210689541631,1,3,0.4
69,Private,140176,HS-grad,9,Married-civ-spouse,Sales,Husband,White,Male,0,0,24,United-States,0,0.20207760689998563,0,3,0.4
57,Self-emp-not-inc,142871,Some-college,10,Separated,Sales,Unmarried,White,Male,8590,0,65,United-States,0,0.9970017663376638,1,3,0.4
52,Private,130760,Assoc-voc,11,Married-civ-spouse,Exec-managerial,Husband,White,Male,7609,0,65,United-States,1,0.998543087632946,1,3,0.4
65,Self-emp-not-inc,175202,HS-grad,9,Married-civ-spouse,Exec-managerial,Husband,White,Male,0,0,24,United-States,0,0.27233263767670174,0,3,0.4
61,Private,87928,Assoc-voc,11,Married-civ-spouse,Craft-repair,Husband,White,Male,6679,0,55,United-States,0,0.8937336459540008,1,3,0.4
61,Private,119684,Prof-school,15,Married-civ-spouse,Prof-specialty,Husband,White,Male,15024,0,20,United-States,1,0.9922699348365752,1,3,0.4
41,Private,173858,HS-grad,9,Married-civ-spouse,Other-service,Husband,Asian-Pac-Islander,Male,0,0,40,China,0,0.2714739023568579,0,3,0.4
51,Private,179731,Masters,14,Married-civ-spouse,Exec-managerial,Wife,White,Female,7998,2415,80,United-States,1,0.9994913571920141,1,3,0.4
61,Self-emp-inc,86701,Some-college,10,Married-civ-spouse,Craft-repair,Husband,Asian-Pac-Islander,Male,8775,0,71,United-States,1,0.9905096457614965,1,3,0.4
41,Private,195096,Bachelors,13,Married-civ-spouse,Exec-managerial,Husband,White,Male,0,0,50,United-States,1,0.9198474295292463,1,3,0.4
25,Private,306513,Some-college,10,Married-civ-spouse,Adm-clerical,Husband,White,Male,0,0,45,United-States,0,0.47595415128655955,0,3,0.4
56,Private,216411,Assoc-voc,11,Separated,Prof-specialty,Not-in-family,White,Female,5440,0,55,Dominican-Republic,0,0.3258764385429019,0,3,0.4
47,Private,102583,HS-grad,9,Married-civ-spouse,Sales,Husband,White,Male,0,0,30,United-States,1,0.3127110495551868,0,3,0.4
51,Private,194908,HS-grad,9,Never-married,Adm-clerical,Not-in-family,White,Female,0,0,40,United-States,0,0.04917509096438845,0,3,0.4
56,Private,133819,HS-grad,9,Separated,Craft-repair,Not-in-family,White,Female,0,0,40,United-States,0,0.05610368840578952,0,3,0.4
22,,291547,5th-6th,3,Married-civ-spouse,,Wife,Other,Female,0,0,40,Mexico,0,0.030836000774236642,0,3,0.4
34,Private,122616,Some-college,10,Married-civ-spouse,Tech-support,Husband,White,Male,0,0,84,United-States,1,0.804194007833184,1,3,0.4
51,Federal-gov,97934,Bachelors,13,Married-civ-spouse,Farming-fishing,Husband,White,Male,5178,0,40,United-States,1,0.973709041718397,1,3,0.4
31,Private,120361,HS-grad,9,Never-married,Handlers-cleaners,Own-child,Black,Male,1191,0,55,United-States,0,0.0020863927715109643,0,3,0.4
24,Local-gov,461678,10th,6,Never-married,Other-service,Not-in-family,White,Male,0,0,40,United-States,0,0.014270045116776126,0,3,0.4
77,,146722,12th,8,Married-civ-spouse,,Husband,White,Male,23,0,25,United-States,0,0.010866899449828308,0,3,0.4
52,Private,198270,Some-college,10,Divorced,Other-service,Not-in-family,White,Female,7741,0,55,United-States,0,0.9579613076519596,1,3,0.4
19,Private,229756,HS-grad,9,Never-married,Sales,Own-child,White,Male,0,0,50,United-States,0,0.004823566858658629,0,3,0.4
41,Private,189565,HS-grad,9,Divorced,Protective-serv,Own-child,White,Male,3544,0,55,United-States,0,0.009337885804725226,0,3,0.4
34,Private,312055,Bachelors,13,Never-married,Exec-managerial,Not-in-family,White,Male,0,0,40,United-States,1,0.3127954798340775,0,3,0.4
29,Private,401198,11th,7,Never-married,Sales,Own-child,White,Female,4961,0,30,United-States,0,0.15444042405464303,0,3,0.4
24,Private,452640,HS-grad,9,Married-civ-spouse,Other-service,Husband,White,Male,0,0,40,United-States,0,0.09686549391095386,0,3,0.4
20,,144685,Some-college,10,Never-married,,Own-child,Asian-Pac-Islander,Female,0,1602,40,Taiwan,0,0.0029183790752358124,0,3,0.4
51,Self-emp-inc,100029,Doctorate,16,Married-civ-spouse,Prof-specialty,Husband,White,Male,15024,0,40,United-States,1,0.9993202699540696,1,3,0.4
20,Private,189888,12th,8,Never-married,Other-service,Not-in-family,White,Male,0,0,40,United-States,0,0.0036850905041751836,0,3,0.4
52,Private,199668,HS-grad,9,Divorced,Sales,Own-child,White,Female,3804,0,40,United-States,0,0.004136870251255778,0,3,0.4
53,Private,239155,Some-college,10,Married-civ-spouse,Exec-managerial,Husband,White,Male,0,0,50,United-States,1,0.8769188111525988,1,3,0.4
35,Private,129597,Some-college,10,Married-civ-spouse,Sales,Husband,White,Male,0,0,46,United-States,0,0.7439814016906875,1,3,0.4
23,Private,326587,HS-grad,9,Never-married,Adm-clerical,Not-in-family,White,Male,0,0,40,United-States,0,0.021066969684413572,0,3,0.4
42,Private,374790,9th,5,Divorced,Craft-repair,Not-in-family,White,Male,0,0,40,United-States,0,0.16056822654448424,0,3,0.4
21,,117222,Some-college,10,Never-married,,Own-child,White,Male,0,0,40,United-States,0,0.007970090408485344,0,3,0.4
53,Private,167170,HS-grad,9,Widowed,Machine-op-inspct,Not-in-family,Black,Female,0,0,40,United-States,0,0.03618514689860066,0,3,0.4
30,Private,267281,Bachelors,13,Never-married,Prof-specialty,Not-in-family,White,Male,0,0,50,United-States,0,0.48538590520464286,0,3,0.4
25,Private,145434,Some-college,10,Never-married,Machine-op-inspct,Not-in-family,White,Female,0,0,25,United-States,0,0.003312143661256141,0,3,0.4
28,Private,27956,Prof-school,15,Married-civ-spouse,Prof-specialty,Husband,Asian-Pac-Islander,Male,0,0,99,Philippines,0,0.7787719821831425,1,3,0.4
74,Private,180455,Bachelors,13,Widowed,Other-service,Not-in-family,White,Female,0,0,8,United-States,0,0.0452574162753522,0,3,0.4
63,,97823,11th,7,Married-civ-spouse,,Husband,White,Male,0,0,40,United-States,0,0.24766688497597794,0,3,0.4
44,State-gov,141858,Prof-school,15,Married-civ-spouse,Prof-specialty,Husband,White,Male,15024,0,75,United-States,1,0.9992848847549659,1,3,0.4
34,Private,240229,HS-grad,9,Never-married,Adm-clerical,Own-child,White,Female,8422,0,55,United-States,0,0.9942955168063957,1,3,0.4
36,Private,184756,Bachelors,13,Never-married,Exec-managerial,Not-in-family,White,Female,8852,0,55,United-States,0,0.9983990853466893,1,3,0.4
31,Private,337505,Prof-school,15,Married-civ-spouse,Prof-specialty,Husband,Asian-Pac-Islander,Male,0,0,40,Japan,0,0.7829302727367106,1,3,0.4
52,Private,443742,Some-college,10,Divorced,Exec-managerial,Not-in-family,White,Male,0,0,60,United-States,0,0.5803573878839672,0,3,0.4
27,Private,187981,HS-grad,9,Never-married,Handlers-cleaners,Own-child,White,Male,0,0,40,United-States,0,0.015080435345158412,0,3,0.4
23,Local-gov,324637,Some-college,10,Never-married,Adm-clerical,Not-in-family,White,Male,0,0,30,United-States,0,0.012009739064278298,0,3,0.4
57,Private,122206,HS-grad,9,Married-civ-spouse,Transport-moving,Husband,White,Male,7197,0,55,United-States,0,0.9981773303050923,1,3,0.4
64,Local-gov,311569,Masters,14,Married-civ-spouse,Exec-managerial,Husband,White,Male,1347,0,65,United-States,1,0.32774818340813455,0,3,0.4
36,Private,341672,HS-grad,9,Married-spouse-absent,Adm-clerical,Other-relative,Asian-Pac-Islander,Male,0,0,60,India,0,0.08102720240706764,0,3,0.4
42,Private,79448,Some-college,10,Divorced,Adm-clerical,Unmarried,White,Female,9666,0,25,United-States,0,0.9806121715705666,1,3,0.4
38,,139770,Masters,14,Married-civ-spouse,,Wife,White,Female,0,0,48,United-States,1,0.7697738095237334,1,3,0.4
55,Federal-gov,25005,Masters,14,Married-civ-spouse,Handlers-cleaners,Husband,White,Male,16984,0,27,United-States,0,0.998613583351205,1,3,0.4
82,Self-emp-not-inc,124449,Masters,14,Married-civ-spouse,Exec-managerial,Husband,White,Male,48,2246,23,United-States,1,0.677852230105701,1,3,0.4
21,Local-gov,102942,Some-college,10,Never-married,Other-service,Not-in-family,White,Female,0,2001,40,United-States,0,0.012293905620660867,0,3,0.4
58,State-gov,106705,Masters,14,Never-married,Exec-managerial,Not-in-family,White,Female,6494,0,53,United-States,0,0.39596697322487834,0,3,0.4
71,Local-gov,238431,HS-grad,9,Divorced,Adm-clerical,Unmarried,White,Female,4015,0,53,United-States,0,0.011756515063337912,0,3,0.4
50,Private,204447,Masters,14,Married-civ-spouse,Exec-managerial,Husband,White,Male,15024,0,65,United-States,1,0.9991767164684204,1,3,0.4
60,Private,239576,Masters,14,Married-civ-spouse,Transport-moving,Husband,White,Male,0,0,10,United-States,0,0.5716346908786564,0,3,0.4
41,Private,375078,7th-8th,4,Married-civ-spouse,Other-service,Wife,White,Female,13993,0,55,Mexico,0,0.999125986142812,1,3,0.4
47,Private,170142,HS-grad,9,Married-civ-spouse,Machine-op-inspct,Husband,White,Male,0,0,50,United-States,0,0.7061928528895045,1,3,0.4
25,Private,169905,Assoc-voc,11,Never-married,Sales,Not-in-family,White,Male,27828,0,40,United-States,1,0.9935251517184285,1,3,0.4
40,Private,480861,HS-grad,9,Married-civ-spouse,Machine-op-inspct,Husband,White,Male,13955,0,60,United-States,0,0.9990362349952745,1,3,0.4
45,Private,67006,10th,6,Never-married,Machine-op-inspct,Not-in-family,White,Female,7564,0,60,United-States,0,0.5747753433970745,0,3,0.4
73,Local-gov,119563,HS-grad,9,Married-spouse-absent,Other-service,Not-in-family,White,Female,1966,0,40,United-States,0,0.003951011620228667,0,3,0.4
34,Private,134737,Masters,14,Married-civ-spouse,Prof-specialty,Husband,White,Male,7688,0,55,United-States,1,0.9985921649872643,1,3,0.4
21,Private,133471,Some-college,10,Never-married,Exec-managerial,Own-child,White,Male,0,0,40,United-States,0,0.012235673254372036,0,3,0.4
26,Private,341353,Bachelors,13,Never-married,Other-service,Other-relative,White,Male,0,0,15,United-States,0,0.002895501379136096,0,3,0.4
64,State-gov,223830,9th,5,Never-married,Adm-clerical,Not-in-family,White,Female,0,0,38,United-States,0,0.03737709135009196,0,3,0.4
21,Private,191444,11th,7,Never-married,Farming-fishing,Unmarried,White,Male,0,0,40,United-States,0,0.006316590113160711,0,3,0.4
20,Private,142233,HS-grad,9,Never-married,Sales,Not-in-family,White,Female,0,0,35,United-States,0,0.0019313842886929603,0,3,0.4
23,Private,133355,Some-college,10,Never-married,Adm-clerical,Own-child,White,Male,0,0,15,United-States,0,0.005089124002906269,0,3,0.4
35,Private,181820,HS-grad,9,Separated,Craft-repair,Own-child,White,Male,5770,0,68,United-States,0,0.14184313296439888,0,3,0.4
49,Private,218357,Assoc-voc,11,Divorced,Prof-specialty,Not-in-family,White,Female,0,0,38,United-States,0,0.20234290755181905,0,3,0.4
32,Private,37232,Some-college,10,Married-civ-spouse,Adm-clerical,Husband,White,Male,0,0,40,United-States,0,0.574052627135317,0,3,0.4
49,Local-gov,193960,Masters,14,Married-civ-spouse,Prof-specialty,Husband,White,Male,0,1902,40,United-States,1,0.9903892143695912,1,3,0.4
29,Federal-gov,157313,Assoc-voc,11,Never-married,Prof-specialty,Not-in-family,White,Female,0,0,40,United-States,0,0.11491493342462734,0,3,0.4
25,Private,213412,Bachelors,13,Never-married,Tech-support,Unmarried,White,Male,0,0,40,United-States,0,0.03443876732169255,0,3,0.4
31,Private,137290,Bachelors,13,Married-civ-spouse,Exec-managerial,Husband,White,Male,0,0,55,United-States,1,0.9026377842253712,1,3,0.4
30,Private,390879,Assoc-voc,11,Divorced,Prof-specialty,Unmarried,White,Female,0,0,36,United-States,0,0.10437537644542531,0,3,0.4
62,Private,200332,HS-grad,9,Married-civ-spouse,Machine-op-inspct,Husband,White,Male,0,0,40,United-States,0,0.506747967716207,0,3,0.4
61,Self-emp-inc,38819,Bachelors,13,Married-civ-spouse,Sales,Husband,White,Male,6249,0,65,United-States,1,0.9910690348386665,1,3,0.4
20,Private,258430,Some-college,10,Never-married,Other-service,Own-child,White,Female,0,0,19,United-States,0,0.0012405076685725368,0,3,0.4
60,Private,167009,Some-college,10,Divorced,Adm-clerical,Not-in-family,White,Female,5070,0,63,United-States,0,0.16006171771811892,0,3,0.4
38,Local-gov,101426,HS-grad,9,Never-married,Protective-serv,Unmarried,Black,Male,0,0,40,United-States,0,0.029498065945195197,0,3,0.4
35,Private,150057,Some-college,10,Married-civ-spouse,Exec-managerial,Husband,White,Male,0,0,40,United-States,1,0.7776751891501051,1,3,0.4
40,Private,395022,Assoc-voc,11,Divorced,Prof-specialty,Unmarried,White,Female,903,0,55,United-States,0,0.025725442305111867,0,3,0.4
58,Private,75256,HS-grad,9,Married-civ-spouse,Priv-house-serv,Wife,White,Female,9399,0,55,United-States,0,0.9955510402053697,1,3,0.4
58,Private,173938,Masters,14,Married-civ-spouse,Prof-specialty,Husband,White,Male,26717,0,65,United-States,1,0.9990229343937058,1,3,0.4
28,Private,37805,Bachelors,13,Married-civ-spouse,Sales,Husband,White,Male,0,0,40,United-States,1,0.7145391865685281,1,3,0.4
41,Private,139126,Some-college,10,Married-civ-spouse,Exec-managerial,Husband,White,Male,0,1902,40,United-States,1,0.9900686858937516,1,3,0.4
39,Self-emp-inc,168355,HS-grad,9,Married-civ-spouse,Exec-managerial,Husband,White,Male,0,0,70,United-States,0,0.8218461200977448,1,3,0.4
40,Private,295163,12th,8,Divorced,Farming-fishing,Not-in-family,White,Male,712,0,55,United-States,0,0.01642402621469933,0,3,0.4
83,Private,211707,Some-college,10,Married-civ-spouse,Sales,Husband,White,Male,4446,0,19,United-States,0,0.10474349188562201,0,3,0.4
50,State-gov,200904,10th,6,Separated,Adm-clerical,Unmarried,Black,Female,1483,0,55,United-States,0,0.009948389508253662,0,3,0.4
42,Private,94235,Bachelors,13,Married-civ-spouse,Prof-specialty,Husband,White,Male,4522,0,75,United-States,0,0.1451353022270592,0,3,0.4
30,State-gov,112139,HS-grad,9,Married-civ-spouse,Protective-serv,Husband,White,Male,0,0,40,United-States,0,0.3669693013702075,0,3,0.4
20,Private,68358,Some-college,10,Never-married,Adm-clerical,Own-child,White,Female,0,0,12,United-States,0,0.0013291593287587217,0,3,0.4
42,Private,185177,HS-grad,9,Never-married,Handlers-cleaners,Not-in-family,White,Male,12884,0,37,United-States,0,0.9967956520097144,1,3,0.4
25,Private,177221,HS-grad,9,Married-civ-spouse,Exec-managerial,Husband,White,Male,0,0,75,United-States,0,0.5249956316283763,0,3,0.4
68,Private,121846,7th-8th,4,Widowed,Other-service,Unmarried,Amer-Indian-Eskimo,Female,0,0,20,United-States,0,0.011036231434878495,0,3,0.4
34,Private,93394,HS-grad,9,Married-civ-spouse,Transport-moving,Husband,White,Male,0,0,65,United-States,0,0.527881366618215,0,3,0.4
28,Private,436198,Some-college,10,Married-civ-spouse,Prof-specialty,Husband,White,Male,0,0,30,United-States,0,0.42124202292007734,0,3,0.4
37,Private,156266,HS-grad,9,Married-civ-spouse,Craft-repair,Husband,Amer-Indian-Eskimo,Male,0,0,40,United-States,0,0.457610899388996,0,3,0.4
34,Private,258298,Some-college,10,Never-married,Adm-clerical,Own-child,White,Male,355,0,50,United-States,0,0.011462955319929715,0,3,0.4
63,Private,169983,11th,7,Widowed,Sales,Not-in-family,White,Female,2176,0,30,United-States,0,0.004420275419050854,0,3,0.4
29,Private,280344,Bachelors,13,Married-civ-spouse,Sales,Husband,White,Male,0,0,40,United-States,1,0.7798486338970978,1,3,0.4
28,Private,203171,Some-college,10,Divorced,Craft-repair,Not-in-family,White,Male,0,0,40,United-States,0,0.08137045503980511,0,3,0.4
18,Private,169652,11th,7,Never-married,Other-service,Own-child,White,Female,0,0,12,United-States,0,0.0009267069962654678,0,3,0.4
30,Private,192002,Some-college,10,Married-civ-spouse,Craft-repair,Husband,White,Male,0,0,40,United-States,0,0.5587553588129531,0,3,0.4
61,Federal-gov,178312,Some-college,10,Married-civ-spouse,Prof-specialty,Husband,White,Male,0,0,40,United-States,0,0.8723248504265961,1,3,0.4
67,Private,268781,Bachelors,13,Married-civ-spouse,Adm-clerical,Husband,White,Male,0,1510,8,United-States,0,0.22271779225591865,0,3,0.4
60,State-gov,158451,Bachelors,13,Separated,Prof-specialty,Unmarried,White,Female,1066,0,55,United-States,0,0.040380807399039605,0,3,0.4
37,Private,175130,HS-grad,9,Divorced,Adm-clerical,Unmarried,White,Female,0,0,45,United-States,0,0.08512714396583193,0,3,0.4
22,Private,184813,Some-college,10,Never-married,Adm-clerical,Own-child,White,Male,0,0,40,United-States,0,0.01719230834375352,0,3,0.4
36,Private,114059,Bachelors,13,Married-civ-spouse,Exec-managerial,Husband,White,Male,0,0,45,United-States,0,0.8938836740189354,1,3,0.4
48,Private,416745,Bachelors,13,Married-civ-spouse,Prof-specialty,Husband,White,Male,2272,0,55,United-States,0,0.31783300226643685,0,3,0.4
45,Private,174794,Some-college,10,Divorced,Priv-house-serv,Not-in-family,White,Female,0,0,29,United-States,0,0.04883209921638368,0,3,0.4
23,Private,131699,Some-college,10,Never-married,Sales,Own-child,Black,Female,0,0,14,United-States,0,0.002405085115569081,0,3,0.4
20,Private,258298,Some-college,10,Never-married,Handlers-cleaners,Own-child,White,Male,0,0,20,United-States,0,0.000796559079875582,0,3,0.4
50,State-gov,89652,Masters,14,Widowed,Prof-specialty,Unmarried,White,Female,0,0,60,United-States,0,0.41294046767823006,0,3,0.4
56,Self-emp-not-inc,167280,Bachelors,13,Married-civ-spouse,Sales,Husband,White,Male,4983,0,55,United-States,0,0.05571879968175956,0,3,0.4
24,Private,270075,Bachelors,13,Married-civ-spouse,Adm-clerical,Wife,White,Female,0,0,50,United-States,0,0.6516567433161439,1,3,0.4
29,Self-emp-not-inc,178564,Bachelors,13,Never-married,Prof-specialty,Other-relative,White,Male,0,0,40,United-States,0,0.06139596200760402,0,3,0.4
41,Private,164040,HS-grad,9,Married-civ-spouse,Other-service,Husband,White,Male,1694,0,55,United-States,0,0.039417069080758906,0,3,0.4
23,Private,216639,Bachelors,13,Never-married,Tech-support,Not-in-family,White,Female,0,0,40,United-States,0,0.012103692509614102,0,3,0.4
31,Private,164707,Some-college,10,Never-married,Sales,Other-relative,White,Female,0,0,40,,0,0.017963235398629002,0,3,0.4
67,Private,124808,Assoc-voc,11,Married-civ-spouse,Prof-specialty,Husband,White,Male,375,1977,65,Germany,1,0.8499788831222249,1,3,0.4
29,Local-gov,192387,9th,5,Never-married,Other-service,Own-child,White,Male,7718,0,60,United-States,0,0.9285061209902171,1,3,0.4
25,Private,160445,HS-grad,9,Divorced,Craft-repair,Not-in-family,White,Male,0,0,40,United-States,0,0.0461235491269688,0,3,0.4
41,Private,210259,Some-college,10,Divorced,Adm-clerical,Unmarried,Black,Female,0,0,37,United-States,0,0.04361418792191997,0,3,0.4
70,Private,314153,HS-grad,9,Married-civ-spouse,Craft-repair,Husband,White,Male,3469,0,55,United-States,1,0.06159021045542589,0,3,0.4
41,Private,298161,Assoc-voc,11,Divorced,Adm-clerical,Own-child,White,Female,0,0,40,Cuba,0,0.036189151906784185,0,3,0.4
41,Private,151856,HS-grad,9,Married-civ-spouse,Protective-serv,Husband,White,Male,0,0,40,United-States,0,0.6011864709597748,0,3,0.4
24,Local-gov,52262,Some-college,10,Never-married,Adm-clerical,Not-in-family,White,Male,0,0,40,United-States,0,0.025811869340490866,0,3,0.4
29,Private,198146,11th,7,Never-married,Sales,Own-child,White,Female,5394,0,31,United-States,0,0.03309255712210366,0,3,0.4
40,Private,225263,Some-college,10,Married-civ-spouse,Exec-managerial,Wife,White,Female,0,0,45,United-States,1,0.8941712074876251,1,3,0.4
23,Private,235894,11th,7,Married-civ-spouse,Exec-managerial,Husband,White,Male,0,0,55,United-States,0,0.16809435047570984,0,3,0.4
32,Private,167106,HS-grad,9,Married-civ-spouse,Sales,Husband,Asian-Pac-Islander,Male,0,0,40,Hong,0,0.4440253057527579,0,3,0.4
31,Private,208798,HS-grad,9,Married-civ-spouse,Craft-repair,Husband,White,Male,0,0,40,United-States,0,0.46673189397768483,0,3,0.4
26,Private,211695,HS-grad,9,Married-civ-spouse,Adm-clerical,Husband,White,Male,0,0,40,United-States,0,0.3259711142773185,0,3,0.4
50,Private,121411,12th,8,Divorced,Transport-moving,Not-in-family,White,Male,0,0,40,United-States,0,0.18023456469387603,0,3,0.4
59,Self-emp-not-inc,243631,Bachelors,13,Married-civ-spouse,Prof-specialty,Husband,Asian-Pac-Islander,Male,12959,0,55,South,0,0.999024288133943,1,3,0.4
31,Private,236599,Bachelors,13,Married-civ-spouse,Exec-managerial,Husband,White,Male,0,0,45,United-States,1,0.8981944496036353,1,3,0.4
78,,363134,HS-grad,9,Widowed,,Not-in-family,White,Female,0,0,1,United-States,0,0.09366298435060116,0,3,0.4
28,Private,425127,9th,5,Married-civ-spouse,Other-service,Other-relative,White,Female,0,0,35,United-States,0,0.0679295597138207,0,3,0.4
31,Private,180656,Bachelors,13,Never-married,Other-service,Not-in-family,White,Male,0,0,40,,0,0.0906970429402452,0,3,0.4
65,Private,204042,HS-grad,9,Divorced,Protective-serv,Not-in-family,White,Male,0,0,20,United-States,0,0.07581343344113599,0,3,0.4
28,Private,232782,Some-college,10,Never-married,Adm-clerical,Not-in-family,White,Female,0,0,40,United-States,0,0.028704360054600028,0,3,0.4
77,,101427,Bachelors,13,Married-civ-spouse,,Husband,White,Male,11488,0,45,United-States,0,0.9941347898751374,1,3,0.4
64,State-gov,109600,Masters,14,Married-spouse-absent,Exec-managerial,Unmarried,White,Female,19714,0,59,United-States,1,0.9975257406681398,1,3,0.4
35,Self-emp-inc,49020,Assoc-acdm,12,Never-married,Farming-fishing,Own-child,White,Male,0,0,35,United-States,0,0.0364515960507857,0,3,0.4
51,Private,101722,7th-8th,4,Married-civ-spouse,Exec-managerial,Husband,Amer-Indian-Eskimo,Male,3908,0,47,United-States,0,0.03604519012453323,0,3,0.4
41,Private,75012,HS-grad,9,Married-civ-spouse,Machine-op-inspct,Husband,White,Male,0,0,50,United-States,0,0.49561851946893337,0,3,0.4
37,Private,172538,HS-grad,9,Never-married,Machine-op-inspct,Own-child,White,Male,0,0,40,United-States,0,0.031658458579587864,0,3,0.4
23,Private,170070,12th,8,Never-married,Other-service,Not-in-family,White,Female,0,0,38,United-States,0,0.016947098420384426,0,3,0.4
24,,169624,HS-grad,9,Divorced,,Unmarried,Black,Female,0,0,37,United-States,0,0.020265159516450977,0,3,0.4
25,Private,48029,Some-college,10,Married-civ-spouse,Exec-managerial,Husband,White,Male,0,0,40,United-States,1,0.4730709372604374,0,3,0.4
45,Private,276221,Doctorate,16,Married-civ-spouse,Prof-specialty,Husband,White,Male,5919,0,55,United-States,0,0.9943248768528133,1,3,0.4
33,Private,200207,HS-grad,9,Never-married,Handlers-cleaners,Own-child,White,Male,4349,0,55,United-States,0,0.06861510602181041,0,3,0.4
23,Private,140915,Some-college,10,Never-married,Sales,Other-relative,Asian-Pac-Islander,Male,0,0,25,Philippines,0,0.004490538961315094,0,3,0.4
26,Self-emp-not-inc,37023,Some-college,10,Married-civ-spouse,Farming-fishing,Husband,White,Male,0,0,78,United-States,0,0.24064191523599018,0,3,0.4
50,Private,34378,HS-grad,9,Married-civ-spouse,Sales,Husband,White,Male,2443,0,70,United-States,0,0.10402894128688642,0,3,0.4
74,Private,209454,5th-6th,3,Married-civ-spouse,Transport-moving,Husband,Black,Male,0,0,40,United-States,0,0.11696372820366993,0,3,0.4
40,Private,206889,HS-grad,9,Divorced,Craft-repair,Not-in-family,White,Male,2951,0,55,United-States,0,0.021065274116234135,0,3,0.4
33,Private,243842,HS-grad,9,Married-civ-spouse,Farming-fishing,Husband,White,Male,3620,0,55,United-States,0,0.03319638669473613,0,3,0.4
24,Private,190709,Some-college,10,Married-civ-spouse,Transport-moving,Husband,White,Male,0,0,65,United-States,0,0.27617567656469694,0,3,0.4
33,Private,123291,HS-grad,9,Married-civ-spouse,Machine-op-inspct,Husband,White,Male,0,0,84,United-States,1,0.7252956595281271,1,3,0.4
45,Private,100154,10th,6,Separated,Handlers-cleaners,Not-in-family,White,Male,1015,0,55,United-States,0,0.013909814589241499,0,3,0.4
43,Private,221550,Masters,14,Never-married,Other-service,Not-in-family,White,Female,0,0,30,Poland,0,0.05495541298522724,0,3,0.4
45,Private,227282,HS-grad,9,Married-civ-spouse,Transport-moving,Husband,White,Male,10824,0,75,United-States,0,0.9990346802069664,1,3,0.4
49,Private,371299,HS-grad,9,Never-married,Adm-clerical,Unmarried,White,Female,0,0,35,United-States,0,0.04848075884879709,0,3,0.4
48,Private,118023,Prof-school,15,Divorced,Sales,Not-in-family,White,Male,0,0,13,United-States,0,0.2283621760682228,0,3,0.4
38,Self-emp-not-inc,93206,Bachelors,13,Married-civ-spouse,Exec-managerial,Husband,Asian-Pac-Islander,Male,0,1902,65,United-States,1,0.987432076177143,1,3,0.4
73,Self-emp-not-inc,252431,Some-college,10,Married-civ-spouse,Prof-specialty,Wife,White,Female,0,0,1,United-States,0,0.42906781705160557,0,3,0.4
19,Private,234476,Some-college,10,Never-married,Sales,Own-child,White,Female,0,0,7,United-States,0,0.0009149080260685303,0,3,0.4
50,Private,301583,HS-grad,9,Never-married,Machine-op-inspct,Not-in-family,White,Male,0,0,40,United-States,0,0.03425660766991136,0,3,0.4
35,Private,108307,HS-grad,9,Never-married,Farming-fishing,Own-child,White,Male,11594,0,55,United-States,0,0.9938041719115498,1,3,0.4
41,Private,392167,10th,6,Divorced,Sales,Not-in-family,White,Male,0,0,48,United-States,0,0.36837214075776586,0,3,0.4
37,Self-emp-not-inc,107737,HS-grad,9,Married-civ-spouse,Craft-repair,Husband,White,Male,0,0,45,United-States,0,0.4741013507270391,0,3,0.4
20,Private,164219,HS-grad,9,Never-married,Handlers-cleaners,Own-child,White,Male,0,0,45,United-States,0,0.00284699933111818,0,3,0.4
37,Private,118088,HS-grad,9,Never-married,Craft-repair,Unmarried,White,Male,14820,0,55,United-States,0,0.9952786401404142,1,3,0.4
43,Private,96249,HS-grad,9,Married-civ-spouse,Machine-op-inspct,Husband,White,Male,0,0,42,United-States,1,0.5673819389316944,0,3,0.4
29,Private,318918,10th,6,Never-married,Farming-fishing,Own-child,White,Male,6665,0,45,United-States,0,0.054852613239195304,0,3,0.4
24,Private,205844,Bachelors,13,Never-married,Exec-managerial,Own-child,Black,Female,0,0,65,United-States,0,0.05062269537275788,0,3,0.4
20,Private,185452,HS-grad,9,Never-married,Adm-clerical,Own-child,White,Female,0,0,40,United-States,0,0.0017795765385859666,0,3,0.4
17,,197732,11th,7,Never-married,,Own-child,White,Female,0,0,20,England,0,0.0006124342116614382,0,3,0.4
65,,299494,11th,7,Married-civ-spouse,,Husband,White,Male,1797,0,40,United-States,0,0.011343350447029957,0,3,0.4
35,Private,102652,HS-grad,9,Never-married,Sales,Not-in-family,White,Female,7803,0,50,United-States,0,0.8402334454764606,1,3,0.4
63,Private,275507,Some-college,10,Divorced,Sales,Unmarried,Black,Female,11274,0,65,United-States,0,0.9928492204636126,1,3,0.4
50,Private,135339,12th,8,Married-civ-spouse,Sales,Husband,Asian-Pac-Islander,Male,0,0,40,Cambodia,1,0.5346599572193403,0,3,0.4
49,Private,82283,5th-6th,3,Married-civ-spouse,Other-service,Husband,Asian-Pac-Islander,Male,1332,0,55,,0,0.030969411666728106,0,3,0.4
34,Private,344275,HS-grad,9,Never-married,Transport-moving,Not-in-family,White,Male,0,0,70,United-States,0,0.2159108521277939,0,3,0.4
44,Private,173590,Bachelors,13,Married-civ-spouse,Prof-specialty,Husband,White,Male,0,0,3,United-States,0,0.6725742802663481,1,3,0.4
23,Federal-gov,314525,Bachelors,13,Never-married,Prof-specialty,Not-in-family,White,Male,0,0,40,United-States,0,0.038206442597074834,0,3,0.4
63,Private,138179,HS-grad,9,Separated,Machine-op-inspct,Not-in-family,White,Male,768,1876,55,United-States,0,0.009757242741659697,0,3,0.4
35,Private,218343,Assoc-acdm,12,Never-married,Sales,Own-child,White,Female,12819,0,55,United-States,0,0.9971462816991984,1,3,0.4
42,Private,188789,7th-8th,4,Widowed,Handlers-cleaners,Not-in-family,White,Female,0,0,35,United-States,0,0.01253096590121616,0,3,0.4
18,Private,96445,Some-college,10,Never-married,Other-service,Own-child,White,Female,0,0,24,United-States,0,0.0006458490042788684,0,3,0.4
41,Private,186733,HS-grad,9,Married-civ-spouse,Craft-repair,Husband,White,Male,12917,0,65,United-States,0,0.9990876373643193,1,3,0.4
46,Private,241350,Some-college,10,Never-married,Exec-managerial,Not-in-family,White,Male,8614,0,50,United-States,1,0.9978422330863899,1,3,0.4
56,Private,191814,Some-college,10,Married-civ-spouse,Craft-repair,Husband,White,Male,3813,0,60,United-States,0,0.11636781435047762,0,3,0.4
58,Self-emp-inc,174864,HS-grad,9,Married-civ-spouse,Sales,Husband,White,Male,0,0,55,United-States,1,0.7687805365671914,1,3,0.4
75,Private,71898,Preschool,1,Never-married,Priv-house-serv,Not-in-family,Asian-Pac-Islander,Female,0,0,48,Philippines,0,0.02319491936590152,0,3,0.4
40,Private,360884,Some-college,10,Married-civ-spouse,Adm-clerical,Wife,White,Female,7298,0,40,United-States,1,0.9980909012575672,1,3,0.4
48,Private,96452,Bachelors,13,Married-civ-spouse,Prof-specialty,Husband,White,Male,8043,0,60,United-States,0,0.9986070979580723,1,3,0.4
31,Private,89295,Some-college,10,Never-married,Machine-op-inspct,Own-child,White,Female,6225,0,50,United-States,0,0.12863417527033114,0,3,0.4
52,Private,200479,Assoc-voc,11,Married-civ-spouse,Prof-specialty,Husband,White,Male,11988,0,55,United-States,0,0.999086237548059,1,3,0.4
40,Local-gov,194759,Some-college,10,Never-married,Sales,Not-in-family,White,Male,13559,1669,99,United-States,0,0.994795143725072,1,3,0.4
46,Private,330087,Bachelors,13,Married-civ-spouse,Exec-managerial,Husband,White,Male,15024,0,45,United-States,1,0.9991802623027158,1,3,0.4
39,Private,167482,Some-college,10,Married-civ-spouse,Sales,Husband,White,Male,0,0,40,United-States,0,0.7476334867254352,1,3,0.4
42,Private,152568,HS-grad,9,Widowed,Sales,Unmarried,Amer-Indian-Eskimo,Female,0,0,40,United-States,0,0.05720895801390287,0,3,0.4
66,Private,48358,HS-grad,9,Married-civ-spouse,Craft-repair,Husband,White,Male,3435,0,55,United-States,1,0.07027620873223789,0,3,0.4
60,Self-emp-not-inc,176839,Prof-school,15,Married-civ-spouse,Sales,Husband,White,Male,0,0,45,United-States,1,0.8608080448101733,1,3,0.4
46,Private,234096,9th,5,Divorced,Craft-repair,Not-in-family,White,Male,5376,0,55,United-States,0,0.36462034602468774,0,3,0.4
90,Private,313749,HS-grad,9,Widowed,Adm-clerical,Unmarried,White,Female,0,0,25,United-States,0,0.0355210138721571,0,3,0.4
55,Self-emp-inc,150917,Some-college,10,Married-civ-spouse,Exec-managerial,Husband,White,Male,0,1977,45,United-States,1,0.9922944854541972,1,3,0.4
66,Private,288992,10th,6,Divorced,Prof-specialty,Unmarried,White,Male,16439,0,83,United-States,1,0.9950216895455566,1,3,0.4
51,Private,272950,Bachelors,13,Married-civ-spouse,Craft-repair,Husband,White,Male,10621,0,60,United-States,1,0.9990320372862509,1,3,0.4
27,Private,344094,HS-grad,9,Never-married,Craft-repair,Own-child,White,Male,0,0,40,United-States,0,0.026121470086764922,0,3,0.4
75,Federal-gov,154675,HS-grad,9,Widowed,Exec-managerial,Not-in-family,White,Female,5423,0,55,United-States,0,0.3485987587216147,0,3,0.4
51,Private,173987,HS-grad,9,Married-civ-spouse,Craft-repair,Husband,White,Male,0,0,40,United-States,1,0.670506045216765,1,3,0.4
37,Private,167415,Prof-school,15,Married-civ-spouse,Prof-specialty,Husband,White,Male,0,0,60,United-States,1,0.9379035635929909,1,3,0.4
72,Private,216690,Some-college,10,Married-civ-spouse,Prof-specialty,Husband,White,Male,13862,0,55,,0,0.9892948625642142,1,3,0.4
31,Private,134252,HS-grad,9,Never-married,Other-service,Own-child,White,Male,1659,0,50,United-States,0,0.006938112872688326,0,3,0.4
59,Private,95155,Bachelors,13,Married-civ-spouse,Exec-managerial,Husband,White,Male,6289,0,58,United-States,1,0.9944258897519944,1,3,0.4
90,Local-gov,214594,7th-8th,4,Married-civ-spouse,Protective-serv,Husband,White,Male,2653,0,40,United-States,0,0.01114411169280558,0,3,0.4
31,Private,179422,HS-grad,9,Never-married,Other-service,Not-in-family,White,Female,6575,0,50,United-States,0,0.037776712902117086,0,3,0.4
19,Private,199495,HS-grad,9,Never-married,Craft-repair,Own-child,White,Male,0,0,40,United-States,0,0.0025740027487593004,0,3,0.4
54,Private,39493,Assoc-voc,11,Married-civ-spouse,Transport-moving,Husband,White,Male,0,0,20,United-States,0,0.5670850584279417,0,3,0.4
42,Private,162572,Bachelors,13,Never-married,Exec-managerial,Not-in-family,White,Male,13712,0,85,United-States,1,0.9987626854714841,1,3,0.4
34,Private,146161,Bachelors,13,Married-civ-spouse,Prof-specialty,Husband,White,Male,0,0,60,United-States,1,0.848818944572027,1,3,0.4
53,Private,324568,11th,7,Married-civ-spouse,Craft-repair,Husband,White,Male,0,0,45,United-States,0,0.4879152052842407,0,3,0.4
54,Private,52781,Bachelors,13,Married-civ-spouse,Prof-specialty,Husband,White,Male,18842,0,55,United-States,1,0.9990763626027732,1,3,0.4
30,Private,487330,Some-college,10,Married-civ-spouse,Machine-op-inspct,Husband,White,Male,0,0,30,United-States,0,0.2366058261621502,0,3,0.4
36,Private,236427,Some-college,10,Married-civ-spouse,Adm-clerical,Husband,White,Male,4757,0,55,United-States,1,0.7711021057358899,1,3,0.4
58,Private,187487,HS-grad,9,Married-civ-spouse,Machine-op-inspct,Husband,White,Male,0,0,40,United-States,0,0.5929101758715023,0,3,0.4
25,Local-gov,163101,Bachelors,13,Never-married,Prof-specialty,Not-in-family,White,Male,0,0,45,United-States,0,0.06682799629683171,0,3,0.4
49,Private,32207,HS-grad,9,Never-married,Transport-moving,Not-in-family,White,Male,4366,0,55,United-States,0,0.16141963409220603,0,3,0.4
20,Private,41721,Some-college,10,Never-married,Other-service,Own-child,White,Male,0,0,60,United-States,0,0.00655828376829014,0,3,0.4
33,Private,24896,Some-college,10,Never-married,Other-service,Own-child,White,Female,5197,0,50,United-States,0,0.1349872699895824,0,3,0.4
36,Private,170070,HS-grad,9,Never-married,Machine-op-inspct,Own-child,White,Female,2246,0,40,United-States,0,0.0027518331955118636,0,3,0.4
55,Self-emp-not-inc,111625,HS-grad,9,Married-civ-spouse,Sales,Husband,White,Male,0,0,40,United-States,0,0.5849311522197997,0,3,0.4
36,,370585,HS-grad,9,Married-civ-spouse,,Husband,Black,Male,0,0,40,United-States,0,0.1983563735256761,0,3,0.4
29,Private,114224,Bachelors,13,Married-civ-spouse,Prof-specialty,Husband,White,Male,0,0,40,United-States,1,0.798599177365249,1,3,0.4
43,State-gov,207505,Doctorate,16,Married-civ-spouse,Prof-specialty,Husband,White,Male,7690,1977,85,United-States,1,0.9989785732872173,1,3,0.4
77,,240857,Bachelors,13,Married-civ-spouse,,Husband,White,Male,7143,2377,55,United-States,1,0.984678280867333,1,3,0.4
30,,220168,Some-college,10,Never-married,,Own-child,White,Male,1545,0,31,United-States,0,0.0026090353783176532,0,3,0.4
84,Local-gov,259762,HS-grad,9,Married-civ-spouse,Exec-managerial,Husband,White,Male,4771,0,25,United-States,0,0.592521673353146,0,3,0.4
36,Private,89347,11th,7,Never-married,Machine-op-inspct,Not-in-family,White,Female,2155,0,55,United-States,0,0.004964066290078118,0,3,0.4
43,Private,225053,HS-grad,9,Divorced,Transport-moving,Not-in-family,White,Male,701,0,60,United-States,0,0.018069563131269763,0,3,0.4
35,Private,122346,HS-grad,9,Never-married,Sales,Own-child,White,Male,1980,0,55,United-States,0,0.01101728974560392,0,3,0.4
46,Private,393715,Some-college,10,Married-civ-spouse,Exec-managerial,Husband,White,Male,15024,0,50,United-States,1,0.9991037637372583,1,3,0.4
33,Private,157747,9th,5,Divorced,Handlers-cleaners,Not-in-family,White,Male,0,0,70,United-States,0,0.12223042167407124,0,3,0.4
50,Private,22418,9th,5,Divorced,Transport-moving,Not-in-family,White,Male,0,0,50,United-States,0,0.26213517379492335,0,3,0.4
27,Private,448841,HS-grad,9,Married-civ-spouse,Exec-managerial,Husband,White,Male,0,0,40,United-States,0,0.4218054378974281,0,3,0.4
44,Private,403782,Assoc-voc,11,Divorced,Sales,Not-in-family,White,Male,0,0,45,United-States,0,0.5120228713028878,0,3,0.4
64,Private,200419,Assoc-acdm,12,Separated,Prof-specialty,Not-in-family,White,Female,24,0,65,United-States,0,0.01958252975265582,0,3,0.4
31,Local-gov,199368,Bachelors,13,Married-civ-spouse,Protective-serv,Husband,Black,Male,0,0,50,United-States,1,0.8878129781434229,1,3,0.4
70,Private,129786,HS-grad,9,Married-civ-spouse,Machine-op-inspct,Husband,White,Male,12779,0,55,United-States,0,0.9760174618706807,1,3,0.4
32,Private,187158,HS-grad,9,Never-married,Machine-op-inspct,Own-child,White,Female,10531,0,55,United-States,0,0.9923445574650088,1,3,0.4
42,Private,29662,Assoc-acdm,12,Married-civ-spouse,Other-service,Wife,White,Female,8300,0,40,United-States,1,0.9975581042878652,1,3,0.4
24,Private,194748,HS-grad,9,Never-married,Transport-moving,Not-in-family,White,Female,0,0,49,United-States,0,0.027938783506200732,0,3,0.4
32,Private,136480,Bachelors,13,Married-civ-spouse,Sales,Husband,White,Male,0,0,60,United-States,1,0.8433681122880183,1,3,0.4
52,State-gov,86912,Doctorate,16,Married-civ-spouse,Prof-specialty,Husband,White,Male,4775,0,65,United-States,1,0.9113444797653394,1,3,0.4
33,Private,149809,Assoc-acdm,12,Never-married,Sales,Own-child,White,Male,11012,0,55,United-States,0,0.997229919256999,1,3,0.4
63,Private,250423,Some-college,10,Married-spouse-absent,Transport-moving,Unmarried,White,Male,13863,0,55,United-States,0,0.9969409527595696,1,3,0.4
41,Private,119793,Some-college,10,Never-married,Sales,Other-relative,White,Male,4837,0,65,United-States,0,0.4328060758993516,0,3,0.4
22,Private,208893,Some-college,10,Never-married,Sales,Not-in-family,White,Male,0,0,10,United-States,0,0.0060909773036508475,0,3,0.4
59,Private,30840,Masters,14,Divorced,Prof-specialty,Not-in-family,White,Male,438,0,55,United-States,1,0.04206373294390326,0,3,0.4
45,Private,178319,Doctorate,16,Married-civ-spouse,Prof-specialty,Husband,White,Male,7688,0,50,United-States,1,0.9990434491355831,1,3,0.4
74,Private,116289,Bachelors,13,Married-civ-spouse,Prof-specialty,Husband,White,Male,14752,0,60,United-States,0,0.9941414900699403,1,3,0.4
37,Private,251915,Bachelors,13,Never-married,Sales,Own-child,White,Female,60,0,55,United-States,0,0.023612225521404,0,3,0.4
35,,38455,Some-college,10,Never-married,,Not-in-family,White,Male,2778,0,26,United-States,0,0.0037235409831589197,0,3,0.4
35,Private,240398,Bachelors,13,Never-married,Sales,Not-in-family,Black,Male,4616,0,30,United-States,0,0.006064119950935619,0,3,0.4
39,Private,126161,Doctorate,16,Never-married,Prof-specialty,Not-in-family,White,Male,0,0,45,United-States,0,0.8551379182857708,1,3,0.4
62,Private,84756,9th,5,Married-civ-spouse,Other-service,Husband,White,Male,0,0,35,United-States,0,0.13903457644130834,0,3,0.4
35,Private,220595,HS-grad,9,Married-civ-spouse,Craft-repair,Husband,White,Male,0,0,40,United-States,0,0.46570171033448743,0,3,0.4
81,Private,271312,HS-grad,9,Widowed,Adm-clerical,Not-in-family,White,Female,9793,0,55,United-States,0,0.997371317957486,1,3,0.4
29,Private,195446,HS-grad,9,Married-civ-spouse,Craft-repair,Husband,White,Male,0,0,40,United-States,0,0.3450259957516083,0,3,0.4
43,Private,174201,Bachelors,13,Married-civ-spouse,Exec-managerial,Husband,White,Male,1681,0,55,United-States,1,0.35194584022599174,0,3,0.4
62,Private,38795,Bachelors,13,Married-civ-spouse,Prof-specialty,Husband,White,Male,5205,0,65,United-States,0,0.9899890265665017,1,3,0.4
52,Self-emp-inc,102226,HS-grad,9,Married-civ-spouse,Exec-managerial,Husband,White,Male,5657,0,55,United-States,0,0.9930970985358689,1,3,0.4
33,Private,122612,HS-grad,9,Married-spouse-absent,Other-service,Not-in-family,Asian-Pac-Islander,Female,0,0,35,Thailand,0,0.020872895710025367,0,3,0.4
38,Private,233777,HS-grad,9,Married-civ-spouse,Machine-op-inspct,Husband,White,Male,2993,0,55,United-States,1,0.18808326168648423,0,3,0.4
30,Federal-gov,101709,11th,7,Never-married,Other-service,Own-child,Asian-Pac-Islander,Male,5000,0,30,Philippines,0,0.029745219223603236,0,3,0.4
21,Private,154192,HS-grad,9,Married-civ-spouse,Handlers-cleaners,Husband,White,Male,0,0,40,United-States,0,0.055045236759326745,0,3,0.4
59,Private,46466,HS-grad,9,Married-civ-spouse,Transport-moving,Husband,White,Male,0,0,40,United-States,1,0.6987434467498563,1,3,0.4
33,Private,403471,Some-college,10,Never-married,Other-service,Own-child,Black,Female,10312,0,63,United-States,0,0.9931053926711512,1,3,0.4
31,Federal-gov,130057,Masters,14,Married-civ-spouse,Exec-managerial,Husband,White,Male,7688,0,60,United-States,1,0.9991788006725036,1,3,0.4
58,Private,106740,HS-grad,9,Married-civ-spouse,Craft-repair,Husband,White,Male,0,0,40,United-States,1,0.6398744799458831,0,3,0.4
22,Private,446140,HS-grad,9,Never-married,Sales,Own-child,White,Male,0,0,55,United-States,0,0.019378191025730317,0,3,0.4
71,Private,113838,HS-grad,9,Divorced,Other-service,Not-in-family,White,Female,8432,0,55,United-States,0,0.9945891389877175,1,3,0.4
45,Self-emp-inc,61885,Bachelors,13,Married-civ-spouse,Exec-managerial,Husband,White,Male,15024,0,48,United-States,1,0.9989510821873134,1,3,0.4
41,Private,134152,HS-grad,9,Separated,Machine-op-inspct,Not-in-family,White,Male,6707,0,55,United-States,0,0.02756911794190454,0,3,0.4
44,Private,190532,Masters,14,Never-married,Prof-specialty,Not-in-family,White,Female,0,0,55,United-States,0,0.5907296582670474,0,3,0.4
33,Private,102821,12th,8,Married-civ-spouse,Protective-serv,Husband,White,Male,0,0,40,United-States,0,0.315506834481863,0,3,0.4
65,Private,169047,HS-grad,9,Never-married,Machine-op-inspct,Not-in-family,White,Male,0,0,10,United-States,0,0.030524869198993904,0,3,0.4
67,Private,192869,Some-college,10,Married-civ-spouse,Exec-managerial,Husband,White,Male,8549,0,51,United-States,0,0.9873993224932859,1,3,0.4
30,Private,181212,Some-college,10,Never-married,Exec-managerial,Other-relative,White,Female,0,0,40,United-States,0,0.026792008111389785,0,3,0.4
50,Private,194304,Some-college,10,Divorced,Transport-moving,Not-in-family,Black,Male,13641,0,70,United-States,0,0.9984097109444382,1,3,0.4
44,Private,239723,Some-college,10,Married-spouse-absent,Craft-repair,Unmarried,White,Female,1506,0,45,United-States,0,0.017839161193271818,0,3,0.4
24,Private,69640,Bachelors,13,Never-married,Sales,Own-child,White,Male,0,0,40,United-States,0,0.03363473286944843,0,3,0.4
21,Private,249150,HS-grad,9,Never-married,Sales,Own-child,White,Female,0,0,24,United-States,0,0.002001770992102704,0,3,0.4
32,Private,509350,Some-college,10,Married-civ-spouse,Handlers-cleaners,Husband,White,Male,0,0,50,Canada,1,0.35179880408273434,0,3,0.4
54,Self-emp-not-inc,154785,Bachelors,13,Divorced,Exec-managerial,Not-in-family,White,Male,0,0,50,United-States,0,0.6504814318629087,1,3,0.4
42,Self-emp-inc,152071,Prof-school,15,Married-civ-spouse,Prof-specialty,Husband,White,Male,0,0,60,Cuba,1,0.9387032912276032,1,3,0.4
19,Private,159269,Some-college,10,Never-married,Other-service,Own-child,White,Male,0,0,18,United-States,0,0.0013988643933912014,0,3,0.4
40,Private,213821,Masters,14,Never-married,Prof-specialty,Not-in-family,White,Male,0,0,40,United-States,1,0.5761490454343113,0,3,0.4
31,Self-emp-not-inc,140985,HS-grad,9,Never-married,Craft-repair,Own-child,White,Male,9131,0,55,England,0,0.9943783780366383,1,3,0.4
24,Private,353010,Bachelors,13,Never-married,Adm-clerical,Not-in-family,White,Male,0,0,10,United-States,0,0.010998151948960743,0,3,0.4
28,,291374,HS-grad,9,Separated,,Unmarried,Black,Female,0,0,30,United-States,0,0.00683331896856501,0,3,0.4
41,Self-emp-inc,253060,Bachelors,13,Married-civ-spouse,Sales,Husband,White,Male,7688,0,45,United-States,1,0.9986721725456223,1,3,0.4
45,Private,175990,HS-grad,9,Divorced,Exec-managerial,Unmarried,White,Female,0,0,38,United-States,0,0.1312419712296886,0,3,0.4
44,Private,303942,HS-grad,9,Married-civ-spouse,Machine-op-inspct,Husband,White,Male,3105,0,55,United-States,0,0.9387541409717886,1,3,0.4
73,Private,219886,Some-college,10,Married-civ-spouse,Tech-support,Wife,White,Female,12914,0,55,United-States,1,0.9834163636202164,1,3,0.4
54,Private,198229,Prof-school,15,Married-civ-spouse,Tech-support,Husband,White,Male,3245,0,80,United-States,1,0.1539798480920487,0,3,0.4
70,Self-emp-inc,113806,Bachelors,13,Married-civ-spouse,Exec-managerial,Husband,White,Male,14820,0,45,United-States,1,0.9955745291672682,1,3,0.4
47,Private,323798,Prof-school,15,Married-civ-spouse,Prof-specialty,Husband,White,Male,15024,0,55,United-States,1,0.9991104651682536,1,3,0.4
49,Private,105021,Bachelors,13,Married-civ-spouse,Sales,Husband,White,Male,3031,0,65,United-States,1,0.39952102863859157,0,3,0.4
57,Self-emp-not-inc,225913,Some-college,10,Married-civ-spouse,Transport-moving,Husband,White,Male,0,0,45,United-States,1,0.6662904650812987,1,3,0.4
68,Private,266091,Bachelors,13,Never-married,Prof-specialty,Not-in-family,White,Female,11708,0,60,Mexico,0,0.9956572198428716,1,3,0.4
34,Federal-gov,316438,HS-grad,9,Never-married,Prof-specialty,Own-child,White,Male,7239,0,50,United-States,0,0.8299175398986327,1,3,0.4
53,Local-gov,131258,Prof-school,15,Never-married,Prof-specialty,Not-in-family,White,Female,0,0,50,United-States,1,0.7817703371406277,1,3,0.4
30,Private,165950,11th,7,Never-married,Other-service,Own-child,White,Female,7031,0,36,United-States,0,0.015726530167977978,0,3,0.4
51,Private,166744,HS-grad,9,Never-married,Other-service,Own-child,White,Female,4122,0,53,United-States,0,0.010094192500718642,0,3,0.4
52,Private,262579,HS-grad,9,Married-civ-spouse,Handlers-cleaners,Husband,White,Male,0,0,45,United-States,0,0.5197703085758009,0,3,0.4
25,State-gov,120268,Some-college,10,Married-civ-spouse,Craft-repair,Own-child,White,Male,0,0,50,United-States,1,0.36594207241398413,0,3,0.4
23,Self-emp-inc,295254,HS-grad,9,Never-married,Adm-clerical,Not-in-family,White,Female,0,0,40,United-States,0,0.018121205823414276,0,3,0.4
54,Private,206369,HS-grad,9,Married-civ-spouse,Machine-op-inspct,Husband,White,Male,5178,0,50,United-States,1,0.9903279681108129,1,3,0.4
43,Local-gov,164243,HS-grad,9,Married-civ-spouse,Protective-serv,Husband,White,Male,8667,0,70,United-States,1,0.9988283324685664,1,3,0.4
47,Local-gov,191389,HS-grad,9,Divorced,Adm-clerical,Unmarried,White,Female,0,0,35,United-States,0,0.06783176091866577,0,3,0.4
42,Private,195602,12th,8,Married-civ-spouse,Farming-fishing,Husband,White,Male,2240,0,59,United-States,0,0.03590977696549849,0,3,0.4
48,State-gov,235779,Bachelors,13,Never-married,Exec-managerial,Not-in-family,White,Female,7730,0,55,United-States,0,0.9645021106732962,1,3,0.4
77,Self-emp-not-inc,31740,Some-college,10,Widowed,Exec-managerial,Unmarried,White,Female,447,0,60,United-States,0,0.017081059692585113,0,3,0.4
47,Self-emp-not-inc,95639,11th,7,Married-civ-spouse,Prof-specialty,Husband,Amer-Indian-Eskimo,Male,2824,0,19,United-States,0,0.015136414362321656,0,3,0.4
67,Private,191437,HS-grad,9,Widowed,Adm-clerical,Not-in-family,White,Female,0,0,40,United-States,0,0.07198249117433435,0,3,0.4
32,Private,127895,Some-college,10,Never-married,Exec-managerial,Unmarried,Black,Female,0,0,35,United-States,0,0.025662942458508798,0,3,0.4
35,Private,206253,9th,5,Never-married,Exec-managerial,Not-in-family,White,Female,0,0,40,United-States,0,0.05243557919280995,0,3,0.4
70,Private,179715,Bachelors,13,Married-civ-spouse,Prof-specialty,Husband,White,Male,2331,0,62,United-States,1,0.23461179235162705,0,3,0.4
21,Private,57711,HS-grad,9,Never-married,Other-service,Not-in-family,White,Female,0,0,30,United-States,0,0.0036230755574752577,0,3,0.4
22,,243190,Some-college,10,Never-married,,Own-child,Asian-Pac-Islander,Male,0,0,40,China,0,0.011552524509576327,0,3,0.4
46,Self-emp-not-inc,165754,Doctorate,16,Never-married,Prof-specialty,Not-in-family,White,Female,0,0,45,United-States,0,0.8485102923925654,1,3,0.4
70,Private,265579,HS-grad,9,Divorced,Adm-clerical,Not-in-family,White,Female,9286,0,55,United-States,0,0.9935211406259984,1,3,0.4
44,Private,151780,Some-college,10,Widowed,Exec-managerial,Not-in-family,Black,Female,0,0,40,United-States,0,0.16668210792473084,0,3,0.4
36,Private,82777,HS-grad,9,Separated,Machine-op-inspct,Not-in-family,White,Male,9326,0,55,United-States,0,0.9969499087287927,1,3,0.4
38,Private,176008,HS-grad,9,Divorced,Adm-clerical,Own-child,White,Female,9523,0,55,United-States,0,0.9952907302716872,1,3,0.4
26,Private,128699,HS-grad,9,Married-spouse-absent,Adm-clerical,Unmarried,White,Female,0,0,40,Ecuador,0,0.026486333840424134,0,3,0.4
33,State-gov,296282,HS-grad,9,Married-civ-spouse,Craft-repair,Husband,White,Male,0,0,40,United-States,0,0.40566315062088426,0,3,0.4
53,Self-emp-not-inc,263871,Some-college,10,Married-civ-spouse,Craft-repair,Husband,White,Male,4404,0,70,United-States,0,0.12003001413543896,0,3,0.4
80,Self-emp-not-inc,119056,HS-grad,9,Never-married,Sales,Not-in-family,White,Male,6420,0,39,United-States,1,0.2205183864216825,0,3,0.4
77,Self-emp-not-inc,209507,Some-college,10,Never-married,Craft-repair,Not-in-family,White,Male,0,0,40,United-States,0,0.2703426165898079,0,3,0.4
82,Private,236055,7th-8th,4,Widowed,Other-service,Not-in-family,White,Female,8714,0,50,United-States,0,0.9929887231338027,1,3,0.4
47,Local-gov,148576,Prof-school,15,Married-civ-spouse,Prof-specialty,Husband,White,Male,0,0,35,United-States,0,0.9422216268235556,1,3,0.4
44,Private,189265,Bachelors,13,Never-married,Adm-clerical,Not-in-family,White,Female,11533,0,55,United-States,0,0.998569653057518,1,3,0.4
52,Private,77975,Some-college,10,Married-civ-spouse,Exec-managerial,Husband,White,Male,11813,0,55,United-States,0,0.9990196805458331,1,3,0.4
40,Private,154571,Some-college,10,Married-civ-spouse,Exec-managerial,Husband,Asian-Pac-Islander,Male,1820,0,55,Philippines,0,0.2704383405764116,0,3,0.4
37,Private,173128,HS-grad,9,Divorced,Other-service,Not-in-family,White,Male,0,0,40,United-States,0,0.05353920453763845,0,3,0.4
55,Local-gov,219074,Some-college,10,Divorced,Adm-clerical,Not-in-family,Black,Female,0,0,55,United-States,1,0.18777246814977575,0,3,0.4
66,Private,215990,HS-grad,9,Married-civ-spouse,Exec-managerial,Husband,White,Male,6469,0,55,United-States,1,0.9885020110879396,1,3,0.4
35,Private,226311,Bachelors,13,Never-married,Sales,Not-in-family,White,Female,0,0,40,United-States,0,0.20963172041207068,0,3,0.4
50,Private,156877,HS-grad,9,Married-civ-spouse,Adm-clerical,Husband,White,Male,0,0,35,United-States,0,0.6347609263305471,0,3,0.4
40,Private,132078,Bachelors,13,Never-married,Prof-specialty,Not-in-family,White,Female,12949,0,55,United-States,0,0.9986837689670683,1,3,0.4
22,,517995,HS-grad,9,Never-married,,Own-child,White,Male,0,0,40,Mexico,0,0.017426687741049867,0,3,0.4
37,Self-emp-not-inc,241306,HS-grad,9,Divorced,Craft-repair,Not-in-family,White,Male,0,0,40,United-States,0,0.0843879575022869,0,3,0.4
33,Self-emp-not-inc,24504,Some-college,10,Married-civ-spouse,Craft-repair,Husband,White,Male,0,0,60,United-States,0,0.6486903912326013,1,3,0.4
33,Private,129137,HS-grad,9,Never-married,Other-service,Other-relative,White,Female,12907,0,50,United-States,0,0.9975197662000965,1,3,0.4
60,Private,164966,Bachelors,13,Married-civ-spouse,Exec-managerial,Husband,Asian-Pac-Islander,Male,5139,0,55,India,1,0.9946579040435642,1,3,0.4
37,Private,123586,Bachelors,13,Married-civ-spouse,Tech-support,Husband,Asian-Pac-Islander,Male,0,1902,73,,1,0.9933536275027518,1,3,0.4
36,State-gov,143437,Bachelors,13,Divorced,Prof-specialty,Not-in-family,Other,Female,0,0,40,United-States,0,0.19449481367250868,0,3,0.4
27,State-gov,187327,HS-grad,9,Separated,Protective-serv,Not-in-family,White,Male,0,0,45,United-States,0,0.1493325220086986,0,3,0.4
36,Private,201680,Some-college,10,Never-married,Machine-op-inspct,Own-child,White,Male,14330,0,55,United-States,0,0.9966270738783278,1,3,0.4
18,Private,109928,HS-grad,9,Never-married,Adm-clerical,Own-child,Black,Female,0,0,40,United-States,0,0.0015306931213138694,0,3,0.4
64,Local-gov,84737,HS-grad,9,Married-civ-spouse,Other-service,Husband,Asian-Pac-Islander,Male,0,0,35,United-States,1,0.4597150559324036,0,3,0.4
45,Self-emp-not-inc,127948,Bachelors,13,Married-civ-spouse,Exec-managerial,Husband,White,Male,0,0,40,United-States,0,0.803915773525751,1,3,0.4
48,Private,35309,Bachelors,13,Married-civ-spouse,Exec-managerial,Husband,White,Male,3460,0,55,United-States,0,0.16259691846667565,0,3,0.4
30,Private,342709,HS-grad,9,Married-spouse-absent,Craft-repair,Other-relative,White,Male,0,0,40,United-States,0,0.014952218525108888,0,3,0.4
31,Private,192453,Some-college,10,Never-married,Other-service,Other-relative,White,Female,469,0,40,United-States,0,0.0018391675136832828,0,3,0.4
48,Private,356824,HS-grad,9,Divorced,Sales,Not-in-family,White,Female,13313,0,55,United-States,0,0.9985287178480252,1,3,0.4
47,Private,169672,Some-college,10,Married-civ-spouse,Craft-repair,Husband,White,Male,5750,0,55,United-States,0,0.9919857908305789,1,3,0.4
73,Private,229744,5th-6th,3,Married-civ-spouse,Craft-repair,Husband,White,Male,14634,0,55,El-Salvador,0,0.97262675593122,1,3,0.4
21,Private,68358,Some-college,10,Never-married,Sales,Own-child,White,Female,0,0,20,United-States,0,0.002664585187011112,0,3,0.4
49,Private,206947,HS-grad,9,Divorced,Adm-clerical,Not-in-family,White,Female,0,0,40,United-States,0,0.06472879465766715,0,3,0.4
30,Local-gov,289442,HS-grad,9,Never-married,Protective-serv,Not-in-family,White,Male,0,0,40,United-States,0,0.12583480695947555,0,3,0.4
43,Private,214242,HS-grad,9,Married-civ-spouse,Machine-op-inspct,Husband,White,Male,0,0,40,Poland,0,0.48636953979344166,0,3,0.4
45,Private,112358,Some-college,10,Never-married,Other-service,Not-in-family,White,Male,4210,0,47,United-States,0,0.02186523006374541,0,3,0.4
31,Private,144064,HS-grad,9,Married-civ-spouse,Craft-repair,Husband,White,Male,0,0,48,United-States,1,0.5589366700549867,0,3,0.4
50,Private,166220,Assoc-acdm,12,Married-civ-spouse,Sales,Wife,White,Female,3942,0,40,United-States,0,0.08601878662473046,0,3,0.4
44,Private,367904,10th,6,Divorced,Machine-op-inspct,Not-in-family,White,Female,8907,0,55,Mexico,0,0.9924057500000305,1,3,0.4
40,Private,289636,HS-grad,9,Married-civ-spouse,Sales,Husband,White,Male,0,0,50,United-States,0,0.7625625608833786,1,3,0.4
30,Private,218889,9th,5,Never-married,Other-service,Own-child,Black,Male,4490,0,50,United-States,0,0.01873160977063526,0,3,0.4
49,Private,185744,HS-grad,9,Married-civ-spouse,Other-service,Wife,White,Female,10472,0,35,United-States,0,0.9941001662491394,1,3,0.4
33,State-gov,39236,Some-college,10,Never-married,Tech-support,Not-in-family,White,Female,9861,0,65,United-States,0,0.9963638985484878,1,3,0.4
35,Self-emp-not-inc,255252,11th,7,Never-married,Handlers-cleaners,Not-in-family,White,Male,10268,0,55,United-States,0,0.9943539961749045,1,3,0.4
50,Private,130277,Some-college,10,Divorced,Tech-support,Unmarried,White,Female,10164,1726,55,United-States,0,0.972609139826079,1,3,0.4
38,,242221,HS-grad,9,Never-married,,Unmarried,Black,Female,0,0,38,United-States,0,0.012444698263638152,0,3,0.4
33,Private,166543,7th-8th,4,Married-civ-spouse,Machine-op-inspct,Husband,Black,Male,0,0,40,United-States,0,0.06167427242353712,0,3,0.4
55,Private,154374,Some-college,10,Married-civ-spouse,Craft-repair,Husband,White,Male,18447,0,75,United-States,1,0.9990113895226148,1,3,0.4
32,Private,34506,Some-college,10,Never-married,Sales,Not-in-family,White,Female,9026,0,35,United-States,0,0.9962838914186625,1,3,0.4
50,Private,331395,Bachelors,13,Married-civ-spouse,Sales,Husband,White,Male,14246,0,53,United-States,0,0.9991542667478129,1,3,0.4
35,Private,344278,Some-college,10,Divorced,Exec-managerial,Unmarried,White,Female,6826,0,40,United-States,0,0.059731989188047334,0,3,0.4
26,Federal-gov,76900,Bachelors,13,Never-married,Tech-support,Not-in-family,White,Male,0,0,40,United-States,0,0.056071193576859274,0,3,0.4
47,Private,186934,Bachelors,13,Married-civ-spouse,Sales,Husband,White,Male,13688,0,65,United-States,1,0.9991139643552193,1,3,0.4
33,Private,186314,HS-grad,9,Married-civ-spouse,Adm-clerical,Husband,White,Male,5152,0,55,United-States,0,0.9902935445387151,1,3,0.4
30,Self-emp-not-inc,212207,HS-grad,9,Never-married,Farming-fishing,Own-child,White,Male,5157,0,26,United-States,0,0.02932823312020097,0,3,0.4
87,Self-emp-inc,125197,HS-grad,9,Married-civ-spouse,Adm-clerical,Husband,White,Male,14396,0,41,United-States,0,0.9736666544037973,1,3,0.4
25,Self-emp-not-inc,463667,HS-grad,9,Never-married,Other-service,Not-in-family,White,Male,0,0,8,United-States,0,0.008478406367607327,0,3,0.4
71,Private,157831,HS-grad,9,Divorced,Adm-clerical,Not-in-family,White,Female,4785,0,31,United-States,0,0.7680807119894909,1,3,0.4
62,Self-emp-not-inc,203004,HS-grad,9,Divorced,Exec-managerial,Not-in-family,White,Female,99999,0,75,United-States,1,0.9836693765848682,1,3,0.4
49,Self-emp-not-inc,154410,Masters,14,Never-married,Exec-managerial,Not-in-family,White,Male,9954,0,55,United-States,0,0.997853617366877,1,3,0.4
38,Private,185848,Masters,14,Married-civ-spouse,Exec-managerial,Husband,White,Male,99999,0,70,United-States,1,0.9990154916861095,1,3,0.4
40,Private,181291,Some-college,10,Married-civ-spouse,Other-service,Own-child,White,Female,16258,0,55,United-States,1,0.9981644466232377,1,3,0.4
33,,213366,Some-college,10,Never-married,,Own-child,White,Female,7622,0,53,United-States,0,0.9113607805554094,1,3,0.4
46,Self-emp-not-inc,256014,Assoc-voc,11,Married-civ-spouse,Exec-managerial,Husband,White,Male,0,0,60,United-States,0,0.6361987860838865,0,3,0.4
40,Private,209040,HS-grad,9,Never-married,Other-service,Not-in-family,White,Male,0,0,40,United-States,0,0.044518175512324586,0,3,0.4
49,Private,177181,HS-grad,9,Married-civ-spouse,Craft-repair,Husband,White,Male,4791,0,55,United-States,0,0.7410998501390064,1,3,0.4
25,Local-gov,187792,Some-college,10,Divorced,Protective-serv,Not-in-family,White,Female,0,0,40,United-States,0,0.21071901305255136,0,3,0.4
21,,96844,HS-grad,9,Married-civ-spouse,,Other-relative,White,Female,0,0,40,United-States,0,0.011041629159988183,0,3,0.4
36,Private,211160,Some-college,10,Married-civ-spouse,Sales,Husband,White,Male,5911,0,55,United-States,0,0.9924496341710803,1,3,0.4
47,Private,57534,Some-college,10,Married-civ-spouse,Craft-repair,Husband,White,Male,0,0,40,United-States,1,0.724848090177409,1,3,0.4
42,Private,174543,Assoc-acdm,12,Never-married,Prof-specialty,Own-child,White,Female,14769,0,55,United-States,0,0.9979393592704539,1,3,0.4
50,Private,297767,Masters,14,Married-civ-spouse,Prof-specialty,Husband,Black,Male,6195,0,55,United-States,0,0.9924465743555538,1,3,0.4
47,Private,170195,Some-college,10,Married-civ-spouse,Tech-support,Husband,White,Male,4421,0,55,United-States,1,0.15966748363829772,0,3,0.4
28,Private,231197,10th,6,Married-spouse-absent,Craft-repair,Unmarried,White,Male,0,0,40,Mexico,0,0.026736688491169617,0,3,0.4
67,,37170,7th-8th,4,Divorced,,Not-in-family,White,Male,0,0,3,United-States,0,0.040287683496584084,0,3,0.4
37,Private,254613,HS-grad,9,Never-married,Craft-repair,Own-child,White,Male,8222,0,55,Cuba,0,0.9139125507250819,1,3,0.4
38,Local-gov,331609,Some-college,10,Widowed,Transport-moving,Not-in-family,Black,Female,0,0,47,United-States,0,0.11338557721989465,0,3,0.4
60,Local-gov,67229,Masters,14,Separated,Adm-clerical,Unmarried,Black,Female,11744,0,55,United-States,0,0.9970929061650935,1,3,0.4
38,Self-emp-inc,63322,Bachelors,13,Never-married,Exec-managerial,Not-in-family,White,Male,0,0,60,United-States,0,0.5467742619111251,0,3,0.4
26,Private,243560,Some-college,10,Never-married,Sales,Unmarried,White,Female,0,0,40,,0,0.03101946340914663,0,3,0.4
55,Private,145441,Bachelors,13,Married-civ-spouse,Exec-managerial,Husband,White,Male,1366,0,65,United-States,1,0.3628830060582646,0,3,0.4
64,Private,225317,5th-6th,3,Married-civ-spouse,Craft-repair,Husband,White,Male,13114,0,55,Mexico,0,0.977633180548112,1,3,0.4
33,Private,205950,HS-grad,9,Married-civ-spouse,Craft-repair,Husband,White,Male,0,0,40,United-States,0,0.46673189397768483,0,3,0.4
35,Private,38294,HS-grad,9,Married-civ-spouse,Craft-repair,Husband,White,Male,0,0,40,United-States,0,0.4301351840954161,0,3,0.4
42,Local-gov,311913,HS-grad,9,Married-civ-spouse,Adm-clerical,Wife,White,Female,13199,0,55,United-States,1,0.9989056641345875,1,3,0.4
69,Private,71489,Masters,14,Married-civ-spouse,Prof-specialty,Husband,White,Male,0,0,25,United-States,0,0.6230202592552316,0,3,0.4
37,Private,190916,HS-grad,9,Never-married,Adm-clerical,Not-in-family,White,Male,2303,0,55,United-States,0,0.014060978006158001,0,3,0.4
39,Private,238008,HS-grad,9,Widowed,Adm-clerical,Own-child,White,Female,0,0,40,United-States,0,0.03146573901753195,0,3,0.4
61,Self-emp-not-inc,164495,Assoc-acdm,12,Married-civ-spouse,Exec-managerial,Husband,White,Male,2846,0,50,Germany,0,0.13288269312315343,0,3,0.4
44,Local-gov,124692,Masters,14,Married-civ-spouse,Prof-specialty,Husband,White,Male,0,0,35,United-States,1,0.87961151308108,1,3,0.4
43,Private,158177,Some-college,10,Divorced,Adm-clerical,Unmarried,Black,Female,0,0,35,United-States,0,0.03311358603094003,0,3,0.4
56,Private,43711,Bachelors,13,Never-married,Other-service,Not-in-family,White,Male,7357,0,63,United-States,0,0.8316410545210142,1,3,0.4
33,Private,209317,9th,5,Never-married,Other-service,Not-in-family,White,Male,0,0,45,El-Salvador,0,0.05504008471757214,0,3,0.4
17,Private,236091,10th,6,Never-married,Other-service,Own-child,White,Female,0,0,8,United-States,0,0.0006378137615332698,0,3,0.4
47,Private,162034,Bachelors,13,Married-civ-spouse,Sales,Husband,White,Male,0,0,60,United-States,1,0.8860011016308377,1,3,0.4
67,Private,170287,Some-college,10,Married-civ-spouse,Prof-specialty,Husband,White,Male,3637,0,55,Poland,1,0.08804135847174929,0,3,0.4
27,,249463,Assoc-voc,11,Married-civ-spouse,,Husband,White,Male,0,0,20,United-States,0,0.06764394358913667,0,3,0.4
50,Private,423616,Assoc-voc,11,Married-civ-spouse,Tech-support,Wife,White,Female,2786,0,51,United-States,1,0.16915867191780945,0,3,0.4
33,Private,78707,11th,7,Never-married,Other-service,Not-in-family,Black,Male,0,0,40,United-States,0,0.010463066616246889,0,3,0.4
27,Private,126060,Assoc-voc,11,Never-married,Prof-specialty,Not-in-family,White,Female,0,0,35,United-States,0,0.04942988689600187,0,3,0.4
43,,86143,HS-grad,9,Married-civ-spouse,,Husband,Asian-Pac-Islander,Male,7421,0,55,Philippines,0,0.9987228958255117,1,3,0.4
22,Self-emp-not-inc,357612,HS-grad,9,Married-civ-spouse,Craft-repair,Husband,White,Male,0,0,60,United-States,0,0.18748638923408,0,3,0.4
29,Private,178778,Some-college,10,Never-married,Other-service,Not-in-family,White,Male,0,0,40,United-States,0,0.04292943055632146,0,3,0.4
25,Private,117827,Some-college,10,Married-civ-spouse,Adm-clerical,Husband,White,Male,0,0,40,United-States,0,0.41866515553884626,0,3,0.4
22,Private,136824,11th,7,Never-married,Adm-clerical,Not-in-family,White,Male,0,0,40,United-States,0,0.015055020114358822,0,3,0.4
33,,202498,7th-8th,4,Separated,,Not-in-family,White,Male,0,0,40,Guatemala,0,0.01803310286106948,0,3,0.4
52,Private,176409,Bachelors,13,Divorced,Adm-clerical,Not-in-family,White,Female,0,0,40,United-States,0,0.1233498333786736,0,3,0.4
70,Self-emp-not-inc,61474,HS-grad,9,Married-civ-spouse,Sales,Husband,White,Male,12941,0,70,United-States,1,0.9811491483753839,1,3,0.4
47,,124836,Some-college,10,Divorced,,Not-in-family,Amer-Indian-Eskimo,Female,14019,0,51,United-States,0,0.9984053547465149,1,3,0.4
65,Federal-gov,117847,Assoc-acdm,12,Married-civ-spouse,Adm-clerical,Husband,White,Male,8763,0,55,United-States,0,0.9864128679037758,1,3,0.4
54,Private,111589,Assoc-voc,11,Married-civ-spouse,Exec-managerial,Husband,White,Male,248,0,55,United-States,0,0.29063512190466767,0,3,0.4
40,Private,150025,11th,7,Never-married,Craft-repair,Not-in-family,White,Male,8303,0,55,,0,0.9983716225160992,1,3,0.4
79,Private,217028,Masters,14,Never-married,Other-service,Not-in-family,White,Female,6152,0,55,United-States,0,0.4843665718249927,0,3,0.4
46,Private,37676,Bachelors,13,Married-civ-spouse,Sales,Husband,White,Male,7014,0,65,United-States,1,0.9698613713929007,1,3,0.4
81,Private,192813,7th-8th,4,Married-civ-spouse,Handlers-cleaners,Husband,White,Male,0,0,25,Portugal,0,0.04524727036414691,0,3,0.4
26,Private,38232,Bachelors,13,Never-married,Prof-specialty,Not-in-family,White,Male,0,0,50,United-States,0,0.13571296596624463,0,3,0.4
47,Private,186157,HS-grad,9,Married-civ-spouse,Handlers-cleaners,Husband,White,Male,0,0,40,United-States,0,0.5068953753831332,0,3,0.4
47,Private,186183,HS-grad,9,Married-civ-spouse,Transport-moving,Husband,White,Male,27642,0,95,United-States,1,0.9986645947713102,1,3,0.4
18,Private,115443,11th,7,Never-married,Handlers-cleaners,Not-in-family,White,Male,0,0,25,United-States,0,0.0008268275106681427,0,3,0.4
40,Private,192344,Bachelors,13,Married-civ-spouse,Adm-clerical,Husband,White,Male,0,0,40,United-States,1,0.8366597045839147,1,3,0.4
57,Private,197369,HS-grad,9,Married-civ-spouse,Protective-serv,Husband,White,Male,0,0,40,United-States,0,0.6451138308468769,1,3,0.4
43,Self-emp-inc,27444,Bachelors,13,Married-civ-spouse,Sales,Husband,White,Male,99999,0,40,United-States,1,0.9989495441467655,1,3,0.4
47,Private,234994,7th-8th,4,Separated,Craft-repair,Unmarried,White,Male,0,0,40,Puerto-Rico,0,0.06404776585694469,0,3,0.4
33,Private,198613,HS-grad,9,Married-civ-spouse,Craft-repair,Husband,White,Male,0,0,40,United-States,0,0.4415905626211073,0,3,0.4
37,Private,201259,11th,7,Divorced,Transport-moving,Not-in-family,White,Male,0,0,65,United-States,0,0.1632394379452512,0,3,0.4
55,Private,144084,10th,6,Married-civ-spouse,Other-service,Husband,White,Male,0,0,40,United-States,0,0.21405543487635897,0,3,0.4
40,Federal-gov,281860,Bachelors,13,Never-married,Prof-specialty,Not-in-family,White,Female,7409,0,55,United-States,0,0.9300027717273988,1,3,0.4
34,Private,150154,HS-grad,9,Never-married,Adm-clerical,Own-child,White,Male,0,0,40,United-States,0,0.042617706834657626,0,3,0.4
51,Self-emp-not-inc,156802,HS-grad,9,Married-civ-spouse,Farming-fishing,Husband,White,Male,3103,0,60,United-States,1,0.8846839319278136,1,3,0.4
27,Private,188909,HS-grad,9,Never-married,Handlers-cleaners,Unmarried,Black,Female,0,0,40,United-States,0,0.004430337297895384,0,3,0.4
22,Federal-gov,471452,Bachelors,13,Never-married,Tech-support,Own-child,White,Male,0,0,8,United-States,0,0.0030325929238199257,0,3,0.4
30,Private,179747,HS-grad,9,Married-civ-spouse,Craft-repair,Husband,White,Male,0,0,45,United-States,1,0.5124569050673516,0,3,0.4
31,Private,277708,HS-grad,9,Never-married,Handlers-cleaners,Own-child,Black,Male,11646,0,55,United-States,0,0.9932977427504779,1,3,0.4
44,Private,230684,HS-grad,9,Married-civ-spouse,Prof-specialty,Husband,White,Male,0,0,40,United-States,0,0.7532144328153533,1,3,0.4
55,,125659,HS-grad,9,Married-civ-spouse,,Wife,White,Female,0,0,6,United-States,1,0.3641812170484807,0,3,0.4
41,Private,59792,Bachelors,13,Never-married,Prof-specialty,Not-in-family,Asian-Pac-Islander,Male,8582,0,55,Taiwan,0,0.9977351502590786,1,3,0.4
55,Private,216042,Some-college,10,Divorced,Tech-support,Own-child,White,Female,6221,1617,87,United-States,0,0.0762896930962282,0,3,0.4
43,State-gov,164790,Some-college,10,Divorced,Adm-clerical,Not-in-family,Black,Male,0,0,50,United-States,1,0.23606401972265395,0,3,0.4
43,Private,346189,Some-college,10,Married-civ-spouse,Prof-specialty,Husband,White,Male,0,0,40,United-States,1,0.8534481537278307,1,3,0.4
50,Private,183585,HS-grad,9,Never-married,Prof-specialty,Not-in-family,White,Female,13450,0,55,United-States,0,0.9986517876814441,1,3,0.4
58,Private,237731,Assoc-voc,11,Married-civ-spouse,Adm-clerical,Husband,White,Male,13781,0,55,United-States,0,0.9990484466678009,1,3,0.4
66,Private,22313,11th,7,Married-civ-spouse,Craft-repair,Husband,White,Male,0,0,20,United-States,0,0.1591387658608605,0,3,0.4
42,Local-gov,101345,HS-grad,9,Separated,Other-service,Unmarried,White,Female,11583,0,41,United-States,0,0.9885048375708935,1,3,0.4
43,Private,390369,Assoc-acdm,12,Married-civ-spouse,Handlers-cleaners,Husband,White,Male,0,0,40,United-States,1,0.7472791050220686,1,3,0.4
45,Private,181091,Some-college,10,Married-civ-spouse,Prof-specialty,Husband,White,Male,14876,0,55,United-States,0,0.9990279192736452,1,3,0.4
71,Private,104455,Some-college,10,Married-civ-spouse,Other-service,Husband,Asian-Pac-Islander,Male,4786,0,55,Philippines,0,0.7096201789720868,1,3,0.4
58,Private,158002,Some-college,10,Married-civ-spouse,Sales,Husband,Black,Male,0,0,40,United-States,0,0.7599875592434883,1,3,0.4
36,Private,263896,HS-grad,9,Divorced,Adm-clerical,Unmarried,Black,Female,0,0,40,United-States,0,0.024745830168932365,0,3,0.4
30,Private,283637,Some-college,10,Never-married,Adm-clerical,Not-in-family,White,Male,3703,0,55,United-States,0,0.006885683483409883,0,3,0.4
42,Private,104647,HS-grad,9,Divorced,Other-service,Not-in-family,White,Male,0,0,40,United-States,0,0.05403059627036998,0,3,0.4
60,Private,132529,HS-grad,9,Married-civ-spouse,Other-service,Husband,White,Male,0,0,40,United-States,0,0.34239036735683964,0,3,0.4
21,Private,338162,HS-grad,9,Married-civ-spouse,Machine-op-inspct,Wife,Black,Female,0,0,37,United-States,0,0.02670834233294565,0,3,0.4
90,Private,87372,Prof-school,15,Married-civ-spouse,Prof-specialty,Husband,White,Male,26261,0,87,United-States,1,0.994353728531673,1,3,0.4
50,Private,105150,Bachelors,13,Married-civ-spouse,Prof-specialty,Husband,White,Male,3834,0,60,United-States,1,0.12871481620160524,0,3,0.4
52,Local-gov,163725,Bachelors,13,Married-civ-spouse,Prof-specialty,Husband,White,Male,10870,0,55,United-States,1,0.9990497334390418,1,3,0.4
51,Self-emp-not-inc,149770,HS-grad,9,Divorced,Sales,Not-in-family,White,Female,0,0,44,United-States,0,0.10251070338939026,0,3,0.4
17,Self-emp-not-inc,228786,10th,6,Never-married,Other-service,Own-child,White,Female,0,0,24,United-States,0,0.0005878838440782278,0,3,0.4
37,Private,306666,Some-college,10,Married-civ-spouse,Sales,Husband,Black,Male,6407,0,60,United-States,0,0.991800689746002,1,3,0.4
50,Private,320451,Masters,14,Married-civ-spouse,Prof-specialty,Husband,Asian-Pac-Islander,Male,11940,0,55,,0,0.9992591164161438,1,3,0.4
30,Private,118847,12th,8,Never-married,Sales,Own-child,White,Female,2482,0,35,United-States,0,0.0018968552351195508,0,3,0.4
48,Private,43712,10th,6,Married-civ-spouse,Craft-repair,Husband,White,Male,12197,0,55,United-States,0,0.9990512142177185,1,3,0.4
32,,134886,HS-grad,9,Married-civ-spouse,,Wife,White,Female,0,0,2,United-States,1,0.40159374244662455,0,3,0.4
43,Federal-gov,594194,HS-grad,9,Married-civ-spouse,Craft-repair,Husband,Black,Male,0,0,40,United-States,1,0.7319908218813884,1,3,0.4
54,Private,171841,Prof-school,15,Married-civ-spouse,Prof-specialty,Husband,White,Male,537,0,75,United-States,0,0.42780470447886904,0,3,0.4
43,Private,358677,Assoc-voc,11,Divorced,Craft-repair,Not-in-family,Black,Male,0,0,40,United-States,0,0.1689026961029703,0,3,0.4
82,Self-emp-inc,120408,Some-college,10,Widowed,Sales,Not-in-family,White,Male,0,0,20,United-States,0,0.15243149405129996,0,3,0.4
63,Local-gov,252029,Doctorate,16,Divorced,Prof-specialty,Not-in-family,White,Female,12741,0,60,United-States,1,0.9957715530131394,1,3,0.4
67,Private,153484,Masters,14,Married-civ-spouse,Exec-managerial,Husband,White,Male,13108,1977,65,United-States,1,0.9978316411828758,1,3,0.4
32,Private,187815,Bachelors,13,Married-civ-spouse,Exec-managerial,Husband,White,Male,0,0,45,United-States,1,0.8923243610648716,1,3,0.4
38,Private,113587,10th,6,Divorced,Machine-op-inspct,Own-child,White,Male,3065,0,50,United-States,0,0.31484916798451174,0,3,0.4
53,Self-emp-not-inc,174102,Prof-school,15,Divorced,Prof-specialty,Unmarried,White,Male,25236,0,60,United-States,1,0.9975539588551815,1,3,0.4
90,Self-emp-not-inc,122348,Prof-school,15,Married-civ-spouse,Prof-specialty,Husband,White,Male,20051,0,45,United-States,1,0.9913356003320505,1,3,0.4
38,State-gov,312528,Bachelors,13,Married-civ-spouse,Exec-managerial,Husband,White,Male,0,0,37,United-States,0,0.8563076504387024,1,3,0.4
48,Federal-gov,192150,HS-grad,9,Divorced,Adm-clerical,Unmarried,White,Female,7054,0,55,United-States,0,0.9405341981519604,1,3,0.4
64,Private,256466,HS-grad,9,Married-civ-spouse,Tech-support,Husband,Asian-Pac-Islander,Male,0,0,60,Philippines,1,0.7903723519879309,1,3,0.4
79,Private,195161,Masters,14,Married-civ-spouse,Prof-specialty,Husband,White,Male,20323,0,75,United-States,1,0.9940738861845216,1,3,0.4
43,Private,152629,HS-grad,9,Married-civ-spouse,Craft-repair,Husband,White,Male,0,0,40,United-States,1,0.6121339806655831,0,3,0.4
26,Private,152263,HS-grad,9,Never-married,Adm-clerical,Own-child,White,Female,0,0,45,United-States,0,0.02529702557647054,0,3,0.4
53,Private,112763,Prof-school,15,Married-civ-spouse,Prof-specialty,Wife,White,Female,11915,0,55,United-States,1,0.9991818806907203,1,3,0.4
50,State-gov,162424,Bachelors,13,Married-civ-spouse,Prof-specialty,Husband,White,Male,12983,0,55,United-States,1,0.999158963017817,1,3,0.4
28,Private,64940,Some-college,10,Never-married,Other-service,Own-child,White,Female,0,0,30,United-States,0,0.010405675869737627,0,3,0.4
66,,188686,Bachelors,13,Married-civ-spouse,,Wife,White,Female,0,0,4,United-States,0,0.6322635769452789,0,3,0.4
22,Private,51262,HS-grad,9,Never-married,Machine-op-inspct,Own-child,White,Male,0,0,40,United-States,0,0.008170853317548455,0,3,0.4
44,Local-gov,254146,Masters,14,Married-civ-spouse,Prof-specialty,Husband,White,Male,0,0,40,United-States,1,0.8836472727532599,1,3,0.4
44,Private,353396,Bachelors,13,Married-civ-spouse,Prof-specialty,Husband,White,Male,0,0,45,United-States,0,0.8953438052742604,1,3,0.4
38,Private,211265,Some-college,10,Married-spouse-absent,Craft-repair,Other-relative,Black,Female,8935,0,50,Dominican-Republic,0,0.9971677736054759,1,3,0.4
31,Private,198668,HS-grad,9,Never-married,Handlers-cleaners,Own-child,White,Male,13969,0,55,United-States,0,0.9940601076319128,1,3,0.4
62,Private,215990,HS-grad,9,Married-civ-spouse,Craft-repair,Husband,White,Male,2256,0,55,United-States,1,0.09909572647233658,0,3,0.4
36,Private,200089,HS-grad,9,Married-civ-spouse,Other-service,Husband,White,Male,2219,0,55,Guatemala,0,0.029845518590338065,0,3,0.4
49,Self-emp-inc,362795,Masters,14,Divorced,Prof-specialty,Unmarried,White,Male,99999,0,80,Mexico,1,0.9989550304433976,1,3,0.4
54,Private,141707,Masters,14,Married-civ-spouse,Prof-specialty,Husband,Black,Male,0,0,40,United-States,1,0.8962029983089884,1,3,0.4
55,Private,254146,Some-college,10,Married-civ-spouse,Craft-repair,Husband,White,Male,4531,1902,55,United-States,1,0.9465533040207194,1,3,0.4
41,Local-gov,251854,HS-grad,9,Never-married,Protective-serv,Not-in-family,Black,Female,4764,0,55,United-States,0,0.9610566152466528,1,3,0.4
45,State-gov,72896,Assoc-voc,11,Married-civ-spouse,Prof-specialty,Husband,White,Male,0,0,40,United-States,1,0.7827856125150071,1,3,0.4
36,Private,115803,HS-grad,9,Married-civ-spouse,Craft-repair,Husband,White,Male,0,0,40,United-States,1,0.5130709327415123,0,3,0.4
50,Private,107302,Some-college,10,Married-civ-spouse,Craft-repair,Husband,White,Male,7791,0,55,United-States,1,0.9985879920675415,1,3,0.4
54,Private,145419,HS-grad,9,Married-civ-spouse,Sales,Husband,White,Male,0,1672,50,United-States,0,0.02337209484241138,0,3,0.4
24,Private,375698,Some-college,10,Never-married,Adm-clerical,Not-in-family,White,Female,0,0,40,Japan,0,0.020525538191050935,0,3,0.4
50,State-gov,354591,HS-grad,9,Never-married,Other-service,Unmarried,Black,Female,730,0,53,United-States,0,0.004654095306742272,0,3,0.4
34,Private,120461,Some-college,10,Divorced,Adm-clerical,Not-in-family,White,Female,0,0,50,United-States,0,0.1542568349342096,0,3,0.4
59,Private,426001,HS-grad,9,Married-spouse-absent,Adm-clerical,Unmarried,White,Female,0,0,20,Puerto-Rico,0,0.05052284417295029,0,3,0.4
45,Local-gov,153312,Masters,14,Married-civ-spouse,Prof-specialty,Husband,Black,Male,0,0,10,United-States,1,0.7043205459216262,1,3,0.4
25,Private,144301,Some-college,10,Never-married,Sales,Own-child,White,Male,0,0,42,United-States,0,0.04793497869678177,0,3,0.4
36,Private,317434,HS-grad,9,Married-civ-spouse,Machine-op-inspct,Husband,White,Male,0,0,50,United-States,0,0.508357673300005,0,3,0.4
39,Private,198346,Bachelors,13,Divorced,Adm-clerical,Not-in-family,White,Female,10593,0,50,United-States,0,0.9980396381302563,1,3,0.4
37,Private,389725,12th,8,Divorced,Craft-repair,Own-child,White,Male,0,0,35,United-States,0,0.055891550301079014,0,3,0.4
26,Private,169121,Bachelors,13,Married-civ-spouse,Sales,Husband,White,Male,0,0,48,United-States,1,0.7779921639099888,1,3,0.4
20,Private,55465,HS-grad,9,Never-married,Other-service,Own-child,White,Male,0,0,35,United-States,0,0.0025813923251023453,0,3,0.4
39,Private,130492,11th,7,Divorced,Craft-repair,Unmarried,Other,Male,6465,0,50,United-States,0,0.0787839164090414,0,3,0.4
50,Federal-gov,299831,Some-college,10,Divorced,Adm-clerical,Unmarried,White,Female,0,880,40,United-States,0,0.014078572644652006,0,3,0.4
29,Private,104256,HS-grad,9,Divorced,Sales,Not-in-family,White,Female,0,0,34,United-States,0,0.02161203311282736,0,3,0.4
34,Private,41809,Some-college,10,Divorced,Adm-clerical,Unmarried,White,Female,0,0,40,United-States,0,0.04378000198756061,0,3,0.4
57,Private,137653,HS-grad,9,Married-civ-spouse,Adm-clerical,Wife,White,Female,0,0,40,United-States,0,0.5787765110841325,0,3,0.4
60,,355890,Bachelors,13,Married-civ-spouse,,Husband,White,Male,5685,0,70,United-States,1,0.9918030667745648,1,3,0.4
59,Self-emp-not-inc,73411,Prof-school,15,Married-civ-spouse,Farming-fishing,Husband,White,Male,0,0,30,United-States,0,0.47948005132874305,0,3,0.4
28,Private,355259,Masters,14,Never-married,Prof-specialty,Not-in-family,White,Female,0,0,40,United-States,1,0.2000513080531367,0,3,0.4
50,Private,215646,HS-grad,9,Divorced,Handlers-cleaners,Not-in-family,White,Male,1569,0,55,United-States,0,0.013416477802288412,0,3,0.4
33,Private,388741,Some-college,10,Never-married,Adm-clerical,Unmarried,Other,Female,0,0,38,United-States,0,0.028125956837356948,0,3,0.4
35,State-gov,136075,Bachelors,13,Never-married,Prof-specialty,Not-in-family,White,Female,2777,0,47,United-States,0,0.040108851399789994,0,3,0.4
50,Private,103323,HS-grad,9,Divorced,Machine-op-inspct,Not-in-family,White,Male,12349,0,55,United-States,0,0.9981254925729084,1,3,0.4
43,Private,213416,Some-college,10,Married-civ-spouse,Machine-op-inspct,Husband,White,Male,0,0,40,Mexico,0,0.210280739759222,0,3,0.4
26,Private,53598,Some-college,10,Never-married,Adm-clerical,Not-in-family,White,Female,0,0,40,United-States,0,0.023475516701840934,0,3,0.4
74,Private,149617,Some-college,10,Widowed,Exec-managerial,Not-in-family,White,Female,10073,0,31,United-States,0,0.9797983712305826,1,3,0.4
38,Private,99783,Assoc-voc,11,Married-civ-spouse,Other-service,Wife,White,Female,0,1902,40,United-States,0,0.967739888809571,1,3,0.4
66,State-gov,166774,Masters,14,Never-married,Prof-specialty,Not-in-family,White,Female,9791,0,60,United-States,1,0.9964986631820186,1,3,0.4
24,Private,240063,Bachelors,13,Never-married,Prof-specialty,Not-in-family,White,Male,0,0,20,United-States,0,0.01461833353410339,0,3,0.4
32,Private,205970,Some-college,10,Never-married,Craft-repair,Own-child,White,Female,10877,0,40,United-States,0,0.9960252581413078,1,3,0.4
35,,281668,10th,6,Never-married,,Own-child,Black,Female,2660,0,55,United-States,0,0.0015938053134196177,0,3,0.4
28,Private,360224,HS-grad,9,Married-civ-spouse,Transport-moving,Husband,White,Male,0,0,50,United-States,0,0.5501761192265111,0,3,0.4
42,Private,78980,Assoc-voc,11,Married-civ-spouse,Machine-op-inspct,Husband,White,Male,1674,0,55,United-States,1,0.1174812748736572,0,3,0.4
55,Private,147110,Some-college,10,Never-married,Adm-clerical,Unmarried,White,Male,8636,0,63,United-States,1,0.9976526831717089,1,3,0.4
24,Local-gov,34246,Bachelors,13,Never-married,Prof-specialty,Not-in-family,Asian-Pac-Islander,Male,0,0,40,United-States,0,0.05189091566195027,0,3,0.4
55,Private,23789,HS-grad,9,Divorced,Exec-managerial,Not-in-family,White,Female,0,0,40,United-States,0,0.28223878932903423,0,3,0.4
53,Private,142717,Bachelors,13,Divorced,Adm-clerical,Unmarried,White,Female,0,0,40,United-States,0,0.13018693629766226,0,3,0.4
86,Self-emp-not-inc,119129,HS-grad,9,Married-civ-spouse,Sales,Husband,White,Male,2594,2149,35,United-States,0,0.008167473275756837,0,3,0.4
34,Private,27409,9th,5,Married-civ-spouse,Craft-repair,Husband,White,Male,0,0,50,United-States,0,0.3266879209474193,0,3,0.4
46,Self-emp-not-inc,24367,10th,6,Married-civ-spouse,Farming-fishing,Husband,White,Male,0,0,99,United-States,1,0.3969769486973515,0,3,0.4
23,Private,173679,Some-college,10,Never-married,Handlers-cleaners,Not-in-family,White,Male,0,0,40,United-States,0,0.012432966582320822,0,3,0.4
35,Private,194690,7th-8th,4,Divorced,Tech-support,Unmarried,White,Female,0,0,40,United-States,0,0.0279140841200642,0,3,0.4
54,Private,338620,Masters,14,Married-civ-spouse,Exec-managerial,Husband,White,Male,0,0,52,United-States,1,0.9454197505699732,1,3,0.4
26,Private,154966,Some-college,10,Married-civ-spouse,Sales,Husband,White,Male,0,0,50,United-States,1,0.5587318718060096,0,3,0.4
30,,214989,Some-college,10,Never-married,,Own-child,White,Female,10238,1602,39,United-States,0,0.9925515335362454,1,3,0.4
32,Self-emp-not-inc,129497,Some-college,10,Married-civ-spouse,Craft-repair,Husband,White,Male,0,0,55,United-States,1,0.5219321694782211,0,3,0.4
25,Private,391591,12th,8,Never-married,Craft-repair,Not-in-family,White,Male,0,0,40,United-States,0,0.03205790090908533,0,3,0.4
43,Private,214781,Masters,14,Married-civ-spouse,Prof-specialty,Husband,White,Male,5178,0,40,United-States,1,0.9931919253738106,1,3,0.4
83,Private,193530,11th,7,Never-married,Priv-house-serv,Not-in-family,White,Female,14423,0,90,United-States,0,0.9961857770632965,1,3,0.4
48,Private,46580,HS-grad,9,Divorced,Prof-specialty,Unmarried,White,Female,0,0,40,United-States,0,0.13336997603692918,0,3,0.4
27,Private,140863,HS-grad,9,Never-married,Transport-moving,Not-in-family,White,Male,0,0,60,United-States,0,0.08059187772961571,0,3,0.4
53,Local-gov,99064,9th,5,Married-civ-spouse,Craft-repair,Husband,White,Male,0,0,40,United-States,0,0.25073183041293917,0,3,0.4
21,,134746,Some-college,10,Never-married,,Own-child,White,Female,0,0,35,United-States,0,0.0086594875504803,0,3,0.4
78,Private,163140,HS-grad,9,Widowed,Other-service,Not-in-family,White,Female,0,0,12,United-States,0,0.04237977730961949,0,3,0.4
22,Private,125010,Assoc-voc,11,Never-married,Priv-house-serv,Not-in-family,White,Female,0,0,30,United-States,0,0.006558165730937845,0,3,0.4
30,Private,112974,11th,7,Never-married,Prof-specialty,Other-relative,White,Male,7989,0,18,United-States,0,0.820649965203911,1,3,0.4
48,Private,111268,Assoc-acdm,12,Divorced,Sales,Unmarried,White,Female,308,0,55,United-States,0,0.016663103885791897,0,3,0.4
23,Private,293091,HS-grad,9,Never-married,Sales,Own-child,White,Male,0,0,30,United-States,0,0.008094666850334829,0,3,0.4
64,Private,192596,HS-grad,9,Widowed,Adm-clerical,Not-in-family,White,Female,0,0,30,United-States,0,0.031485349696729746,0,3,0.4
81,Private,39895,7th-8th,4,Widowed,Exec-managerial,Not-in-family,White,Female,0,0,2,United-States,0,0.04249654559934055,0,3,0.4
43,Federal-gov,155106,Bachelors,13,Married-civ-spouse,Handlers-cleaners,Husband,White,Male,0,0,53,United-States,0,0.747299641637545,1,3,0.4
39,Private,110648,Bachelors,13,Never-married,Tech-support,Own-child,White,Male,12800,0,55,United-States,0,0.9972016762422296,1,3,0.4
37,Private,281012,HS-grad,9,Married-civ-spouse,Craft-repair,Wife,Asian-Pac-Islander,Female,0,0,40,China,1,0.6789153032394761,1,3,0.4
44,Private,187821,Bachelors,13,Married-civ-spouse,Transport-moving,Husband,White,Male,0,0,55,United-States,0,0.7630322732234076,1,3,0.4
62,,182687,Some-college,10,Married-civ-spouse,,Wife,White,Female,0,0,45,United-States,1,0.66820263349876,1,3,0.4
58,Private,183810,HS-grad,9,Married-civ-spouse,Other-service,Husband,White,Male,0,0,24,United-States,0,0.20795983913400937,0,3,0.4
33,State-gov,145651,Some-college,10,Never-married,Sales,Own-child,Black,Female,12678,1602,27,United-States,0,0.9831025712991036,1,3,0.4
72,Private,166330,HS-grad,9,Married-civ-spouse,Other-service,Wife,White,Female,99999,0,55,United-States,1,0.9714516523949014,1,3,0.4
54,Private,103345,Assoc-voc,11,Married-civ-spouse,Exec-managerial,Husband,White,Male,0,0,40,United-States,1,0.8619517815720176,1,3,0.4
50,Private,174102,HS-grad,9,Divorced,Craft-repair,Own-child,White,Male,0,0,40,Puerto-Rico,0,0.07764097274479738,0,3,0.4
35,Private,131230,Bachelors,13,Never-married,Protective-serv,Own-child,White,Male,1903,0,65,United-States,0,0.02627382504169429,0,3,0.4
37,Private,287031,Some-college,10,Married-civ-spouse,Craft-repair,Husband,White,Male,5178,0,75,United-States,1,0.9893279747994342,1,3,0.4
52,Private,137304,Bachelors,13,Divorced,Adm-clerical,Not-in-family,Black,Female,14896,0,55,United-States,0,0.9984475195713332,1,3,0.4
25,Private,132683,HS-grad,9,Never-married,Priv-house-serv,Not-in-family,White,Female,0,0,50,United-States,0,0.014036309647324023,0,3,0.4
20,Private,107242,HS-grad,9,Never-married,Machine-op-inspct,Not-in-family,Black,Male,0,0,40,,0,0.005933014733948137,0,3,0.4
58,Self-emp-not-inc,43348,Prof-school,15,Married-civ-spouse,Exec-managerial,Husband,White,Male,17251,0,70,United-States,1,0.9991526033094844,1,3,0.4
48,Private,110013,Masters,14,Never-married,Sales,Not-in-family,White,Female,10967,0,55,United-States,0,0.9987689849516813,1,3,0.4
56,Self-emp-not-inc,158555,Some-college,10,Married-civ-spouse,Exec-managerial,Husband,White,Male,11302,0,65,United-States,1,0.9987129440471344,1,3,0.4
41,Local-gov,195258,Some-college,10,Married-civ-spouse,Protective-serv,Husband,White,Male,0,0,40,United-States,1,0.8346802684478819,1,3,0.4
26,Federal-gov,56419,Prof-school,15,Never-married,Prof-specialty,Not-in-family,Asian-Pac-Islander,Female,0,0,20,South,0,0.02003375943083767,0,3,0.4
44,Private,186824,Bachelors,13,Married-civ-spouse,Craft-repair,Husband,White,Male,11002,0,55,United-States,1,0.9990300594546495,1,3,0.4
71,Self-emp-not-inc,156797,HS-grad,9,Widowed,Exec-managerial,Not-in-family,White,Female,23798,0,75,United-States,1,0.9818115116545776,1,3,0.4
21,Private,369643,HS-grad,9,Never-married,Adm-clerical,Own-child,White,Female,0,0,35,United-States,0,0.005866074208138194,0,3,0.4
58,Private,94741,12th,8,Married-civ-spouse,Other-service,Wife,White,Female,0,0,24,United-States,0,0.19075080039107264,0,3,0.4
30,Private,248588,12th,8,Divorced,Other-service,Not-in-family,White,Female,0,0,40,United-States,0,0.025474378498635677,0,3,0.4
36,Private,161638,HS-grad,9,Married-civ-spouse,Machine-op-inspct,Not-in-family,White,Female,527,0,55,Ecuador,0,0.10922079620656254,0,3,0.4
34,Private,157332,HS-grad,9,Never-married,Other-service,Own-child,White,Female,4784,0,50,United-States,0,0.6197406271735225,0,3,0.4
37,Private,127918,Some-college,10,Never-married,Transport-moving,Unmarried,White,Female,0,0,20,Puerto-Rico,0,0.010943375809086425,0,3,0.4
19,,169758,Some-college,10,Never-married,,Own-child,White,Male,0,0,40,United-States,0,0.0025670558317538324,0,3,0.4
44,Private,197033,HS-grad,9,Married-civ-spouse,Adm-clerical,Husband,White,Male,0,0,40,United-States,0,0.6717950597493971,1,3,0.4
24,Private,124963,HS-grad,9,Never-married,Machine-op-inspct,Own-child,White,Male,0,0,30,United-States,0,0.006117680794664282,0,3,0.4
55,Private,254711,Bachelors,13,Married-civ-spouse,Sales,Husband,White,Male,0,0,20,United-States,1,0.651625155489206,1,3,0.4
47,Private,98044,Preschool,1,Never-married,Other-service,Not-in-family,White,Male,0,0,25,El-Salvador,0,0.004066030976696849,0,3,0.4
19,Private,544091,HS-grad,9,Married-AF-spouse,Adm-clerical,Wife,White,Female,0,0,25,United-States,0,0.013135136259484781,0,3,0.4
54,Self-emp-inc,190044,Assoc-voc,11,Married-civ-spouse,Exec-managerial,Husband,White,Male,20130,0,67,United-States,1,0.99920647581227,1,3,0.4
55,Private,171467,HS-grad,9,Divorced,Craft-repair,Unmarried,Black,Male,0,0,48,United-States,1,0.31985308264745593,0,3,0.4
34,Self-emp-not-inc,304622,Bachelors,13,Divorced,Prof-specialty,Unmarried,White,Female,0,0,50,United-States,0,0.4930344350656141,0,3,0.4
41,Private,347890,HS-grad,9,Divorced,Machine-op-inspct,Not-in-family,White,Male,0,0,40,United-States,0,0.04943794291128114,0,3,0.4
53,Private,183203,HS-grad,9,Married-civ-spouse,Transport-moving,Husband,White,Male,12543,0,65,United-States,1,0.999020459231804,1,3,0.4
60,Private,98719,HS-grad,9,Widowed,Other-service,Not-in-family,White,Female,12585,0,59,United-States,0,0.9979895139130739,1,3,0.4
35,Private,167140,Bachelors,13,Married-civ-spouse,Prof-specialty,Husband,White,Male,5013,0,40,United-States,0,0.05825394246442275,0,3,0.4
42,Private,43953,HS-grad,9,Never-married,Adm-clerical,Other-relative,White,Female,8538,1974,55,United-States,0,0.9961370684727918,1,3,0.4
20,,156916,Some-college,10,Never-married,,Own-child,Black,Female,0,0,40,United-States,0,0.0023525509754197026,0,3,0.4
19,,195282,HS-grad,9,Never-married,,Own-child,Black,Female,0,0,20,United-States,0,0.000966445666525338,0,3,0.4
25,Private,139863,1st-4th,2,Never-married,Farming-fishing,Not-in-family,White,Male,0,0,40,Mexico,0,0.012096818775409425,0,3,0.4
71,Federal-gov,43280,Some-college,10,Never-married,Exec-managerial,Own-child,Black,Female,10118,0,55,United-States,0,0.9343996256363383,1,3,0.4
48,Private,31023,Masters,14,Married-civ-spouse,Exec-managerial,Husband,White,Male,4005,0,65,United-States,1,0.22458315117048858,0,3,0.4
22,Private,268145,Bachelors,13,Never-married,Sales,Not-in-family,White,Female,0,0,40,United-States,0,0.016917079383276006,0,3,0.4
65,,115513,Bachelors,13,Married-civ-spouse,,Husband,White,Male,5556,0,48,United-States,1,0.9850573541557152,1,3,0.4
40,Private,55360,HS-grad,9,Never-married,Sales,Other-relative,Black,Male,5767,0,55,United-States,0,0.0708535008574954,0,3,0.4
32,Federal-gov,125856,HS-grad,9,Divorced,Craft-repair,Unmarried,White,Male,0,0,40,United-States,0,0.0693354043071507,0,3,0.4
50,Private,233194,HS-grad,9,Married-civ-spouse,Sales,Husband,Black,Male,909,0,55,United-States,1,0.10684066547365222,0,3,0.4
44,Private,126701,HS-grad,9,Divorced,Craft-repair,Unmarried,White,Male,0,0,40,United-States,0,0.14458661531347491,0,3,0.4
50,Private,188503,Some-college,10,Never-married,Adm-clerical,Unmarried,White,Female,15266,0,50,United-States,0,0.9989994904348779,1,3,0.4
42,Private,232475,HS-grad,9,Separated,Craft-repair,Not-in-family,White,Male,13782,0,55,United-States,0,0.9983223089625255,1,3,0.4
25,Private,269015,HS-grad,9,Never-married,Other-service,Other-relative,Black,Female,0,0,40,United-States,0,0.0040648845561326065,0,3,0.4
39,Federal-gov,175262,Some-college,10,Never-married,Machine-op-inspct,Own-child,White,Male,10789,0,55,United-States,0,0.9957048633222373,1,3,0.4
49,Private,39518,Some-college,10,Married-civ-spouse,Tech-support,Husband,White,Male,0,0,40,United-States,1,0.7909269849086947,1,3,0.4
52,Private,145081,7th-8th,4,Never-married,Machine-op-inspct,Not-in-family,Black,Female,0,0,40,United-States,0,0.007297256423946474,0,3,0.4
46,Private,102130,HS-grad,9,Married-civ-spouse,Sales,Husband,White,Male,11088,0,80,United-States,1,0.9990527017753645,1,3,0.4
55,Private,419732,Some-college,10,Divorced,Other-service,Unmarried,White,Female,0,0,38,United-States,0,0.06738312155199973,0,3,0.4
45,Self-emp-not-inc,184285,Bachelors,13,Divorced,Prof-specialty,Not-in-family,White,Male,0,0,45,United-States,0,0.5830690481662246,0,3,0.4
36,Self-emp-not-inc,216889,9th,5,Married-civ-spouse,Craft-repair,Husband,White,Male,6911,0,60,United-States,0,0.9545202341941866,1,3,0.4
31,Private,122347,HS-grad,9,Separated,Handlers-cleaners,Not-in-family,White,Male,0,0,40,United-States,0,0.020795908134032943,0,3,0.4
47,Private,91972,HS-grad,9,Married-civ-spouse,Priv-house-serv,Wife,White,Female,0,0,35,United-States,1,0.5603565564529952,0,3,0.4
54,Private,94600,HS-grad,9,Married-civ-spouse,Craft-repair,Husband,White,Male,18528,0,55,United-States,1,0.9990400894547995,1,3,0.4
27,Private,150767,Some-college,10,Never-married,Machine-op-inspct,Own-child,White,Male,0,0,48,United-States,0,0.034653240494435966,0,3,0.4
32,State-gov,126822,Some-college,10,Never-married,Prof-specialty,Own-child,White,Female,5221,0,30,United-States,0,0.07098154313022306,0,3,0.4
30,Self-emp-not-inc,261943,11th,7,Married-spouse-absent,Craft-repair,Not-in-family,White,Male,0,0,30,Honduras,0,0.04609887749061376,0,3,0.4
35,Private,147548,HS-grad,9,Married-civ-spouse,Transport-moving,Husband,White,Male,0,0,60,United-States,0,0.5871270651274461,0,3,0.4
30,Private,143766,Bachelors,13,Married-civ-spouse,Prof-specialty,Husband,White,Male,0,0,40,United-States,1,0.823768780691924,1,3,0.4
47,Federal-gov,142581,Some-college,10,Married-civ-spouse,Adm-clerical,Husband,Black,Male,0,0,40,United-States,1,0.8571557670218479,1,3,0.4
35,Private,166416,Bachelors,13,Married-civ-spouse,Exec-managerial,Husband,White,Male,0,0,50,United-States,1,0.9064452790418311,1,3,0.4
30,Private,264351,Bachelors,13,Married-civ-spouse,Transport-moving,Husband,White,Male,0,0,25,Ecuador,0,0.3200455692949712,0,3,0.4
45,Private,206609,Bachelors,13,Married-civ-spouse,Exec-managerial,Husband,White,Male,1331,0,60,United-States,0,0.3686250623744805,0,3,0.4
40,Private,245529,Assoc-acdm,12,Divorced,Prof-specialty,Not-in-family,White,Female,0,0,40,United-States,0,0.21939520822856923,0,3,0.4
57,Private,548256,12th,8,Married-civ-spouse,Adm-clerical,Husband,Black,Male,0,0,40,United-States,0,0.545910268900003,0,3,0.4
46,State-gov,314770,Some-college,10,Divorced,Adm-clerical,Unmarried,White,Female,0,0,48,United-States,0,0.13723181063639983,0,3,0.4
29,Private,209650,12th,8,Never-married,Other-service,Own-child,White,Male,11446,0,31,United-States,0,0.9940828613835998,1,3,0.4
60,Private,164200,Masters,14,Married-civ-spouse,Prof-specialty,Husband,White,Male,9431,0,55,United-States,1,0.9986293141550387,1,3,0.4
62,Private,48358,HS-grad,9,Married-civ-spouse,Craft-repair,Husband,White,Male,12684,0,55,United-States,1,0.9799422903087653,1,3,0.4
23,Private,200677,10th,6,Never-married,Machine-op-inspct,Not-in-family,White,Female,0,0,40,United-States,0,0.0036075925293091193,0,3,0.4
20,Private,267945,Some-college,10,Never-married,Sales,Own-child,White,Female,0,0,15,United-States,0,0.0009780322250816358,0,3,0.4
46,Federal-gov,308077,Prof-school,15,Separated,Prof-specialty,Unmarried,White,Female,0,0,40,Germany,1,0.8123111863672863,1,3,0.4
44,,136419,10th,6,Married-civ-spouse,,Husband,White,Male,0,0,40,United-States,0,0.1310786796020142,0,3,0.4
30,Private,269723,Some-college,10,Never-married,Sales,Not-in-family,White,Female,0,0,45,United-States,0,0.11517062844521121,0,3,0.4
32,Local-gov,206609,HS-grad,9,Never-married,Other-service,Own-child,White,Male,0,0,40,United-States,0,0.02418818454962986,0,3,0.4
36,Private,175643,HS-grad,9,Married-civ-spouse,Craft-repair,Husband,White,Male,0,0,35,United-States,0,0.37133689175950324,0,3,0.4
28,Private,288598,HS-grad,9,Married-civ-spouse,Craft-repair,Husband,White,Male,0,0,35,United-States,0,0.26009629092340614,0,3,0.4
44,Self-emp-not-inc,216921,10th,6,Married-civ-spouse,Other-service,Husband,White,Male,0,0,70,United-States,0,0.258892756025841,0,3,0.4
66,Private,284021,HS-grad,9,Widowed,Sales,Not-in-family,White,Female,0,0,40,United-States,0,0.18858991107058676,0,3,0.4
39,Private,200733,HS-grad,9,Married-civ-spouse,Machine-op-inspct,Husband,White,Male,11662,0,70,United-States,0,0.9988767283252618,1,3,0.4
36,Private,113466,HS-grad,9,Never-married,Sales,Not-in-family,White,Male,8009,0,55,United-States,0,0.8720700374921931,1,3,0.4
31,Private,191001,HS-grad,9,Never-married,Sales,Not-in-family,White,Female,0,0,40,United-States,0,0.03648831067688,0,3,0.4
20,Private,94057,Some-college,10,Never-married,Other-service,Own-child,White,Male,0,0,15,United-States,0,0.0014391301333721875,0,3,0.4
58,Private,78141,HS-grad,9,Married-civ-spouse,Craft-repair,Husband,White,Male,0,0,40,United-States,1,0.6108822351943293,0,3,0.4
46,Private,270565,Assoc-voc,11,Married-civ-spouse,Prof-specialty,Husband,White,Male,0,0,60,United-States,0,0.8205762326013714,1,3,0.4
43,Private,87950,Assoc-voc,11,Divorced,Sales,Not-in-family,Amer-Indian-Eskimo,Female,10492,0,55,United-States,0,0.9958101570787763,1,3,0.4
38,Private,278924,Bachelors,13,Married-civ-spouse,Exec-managerial,Husband,White,Male,0,1887,50,United-States,1,0.9937050412906674,1,3,0.4
21,Private,182606,Some-college,10,Never-married,Other-service,Own-child,Black,Male,0,0,40,,0,0.010945944920205302,0,3,0.4
38,Private,31290,HS-grad,9,Married-civ-spouse,Adm-clerical,Wife,White,Female,285,0,55,United-States,1,0.0622456071541042,0,3,0.4
46,Private,145636,HS-grad,9,Married-civ-spouse,Exec-managerial,Husband,White,Male,3103,0,50,United-States,1,0.969157066417952,1,3,0.4
73,,123345,HS-grad,9,Widowed,,Not-in-family,White,Female,0,0,65,United-States,0,0.14251260342391078,0,3,0.4
40,Private,235786,HS-grad,9,Separated,Craft-repair,Not-in-family,White,Male,0,0,40,United-States,0,0.09993110042121908,0,3,0.4
52,Self-emp-inc,218558,Bachelors,13,Married-civ-spouse,Exec-managerial,Husband,White,Male,18,0,60,United-States,1,0.3578726139626275,0,3,0.4
30,Private,473449,Some-college,10,Never-married,Handlers-cleaners,Own-child,White,Male,14920,0,45,United-States,0,0.9940211768275338,1,3,0.4
30,Private,716066,10th,6,Never-married,Machine-op-inspct,Own-child,White,Male,7543,0,45,United-States,0,0.7460326305780882,1,3,0.4
39,Private,405855,9th,5,Never-married,Craft-repair,Other-relative,White,Male,4837,0,55,Mexico,0,0.29023791130116805,0,3,0.4
75,Local-gov,109849,Bachelors,13,Never-married,Prof-specialty,Not-in-family,Black,Female,7047,0,36,United-States,0,0.1147997058885143,0,3,0.4
20,Private,367240,Some-college,10,Never-married,Other-service,Own-child,White,Female,0,0,20,United-States,0,0.0014904822750682028,0,3,0.4
36,Private,275653,7th-8th,4,Married-spouse-absent,Machine-op-inspct,Unmarried,White,Female,2977,0,40,Puerto-Rico,0,0.0011875195885077067,0,3,0.4
64,Local-gov,50442,9th,5,Never-married,Adm-clerical,Other-relative,White,Male,0,0,40,United-States,0,0.06762942456950019,0,3,0.4
23,Private,110998,Some-college,10,Never-married,Adm-clerical,Own-child,Asian-Pac-Islander,Female,0,0,40,Philippines,0,0.014661187208544259,0,3,0.4
52,Self-emp-not-inc,217210,HS-grad,9,Widowed,Other-service,Other-relative,Black,Female,0,0,40,United-States,0,0.008817067043846506,0,3,0.4
37,Self-emp-not-inc,119929,HS-grad,9,Married-civ-spouse,Craft-repair,Husband,White,Male,0,0,40,United-States,0,0.4449998554917736,0,3,0.4
37,Federal-gov,143547,Bachelors,13,Never-married,Prof-specialty,Not-in-family,White,Female,0,0,40,United-States,0,0.35839643210222216,0,3,0.4
30,Never-worked,153663,Some-college,10,Never-married,,Own-child,White,Male,3458,0,19,United-States,0,0.0008197727691392704,0,3,0.4
55,Private,102606,HS-grad,9,Married-civ-spouse,Sales,Husband,White,Male,2400,0,63,United-States,0,0.10479507252514124,0,3,0.4
40,Private,98211,HS-grad,9,Married-civ-spouse,Craft-repair,Husband,White,Male,0,0,40,United-States,1,0.5774937894070958,0,3,0.4
74,Self-emp-not-inc,109101,Some-college,10,Married-civ-spouse,Exec-managerial,Husband,White,Male,0,0,4,United-States,0,0.4311998289397868,0,3,0.4
25,Private,168943,Bachelors,13,Married-civ-spouse,Exec-managerial,Wife,White,Female,0,0,30,United-States,1,0.6902345522064389,1,3,0.4
46,Self-emp-not-inc,195602,HS-grad,9,Married-civ-spouse,Craft-repair,Husband,White,Male,13205,0,70,United-States,0,0.9988265508929727,1,3,0.4
49,Private,193815,Assoc-acdm,12,Married-civ-spouse,Prof-specialty,Husband,White,Male,10053,0,60,United-States,1,0.9936750974069717,1,3,0.4
52,Private,115851,HS-grad,9,Married-civ-spouse,Craft-repair,Husband,White,Male,0,0,40,United-States,0,0.6338845620341969,0,3,0.4
49,Self-emp-inc,330874,Some-college,10,Married-civ-spouse,Sales,Husband,White,Male,0,0,70,United-States,1,0.8462727433033215,1,3,0.4
33,Private,143582,Bachelors,13,Never-married,Prof-specialty,Own-child,Asian-Pac-Islander,Female,907,0,60,United-States,0,0.0317526696513102,0,3,0.4
78,Self-emp-not-inc,140456,Bachelors,13,Married-civ-spouse,Sales,Husband,White,Male,14139,0,55,United-States,1,0.9922648810021348,1,3,0.4
50,Private,150876,HS-grad,9,Married-civ-spouse,Exec-managerial,Husband,Black,Male,0,1887,55,United-States,1,0.9913148523602329,1,3,0.4
47,Private,163814,10th,6,Married-civ-spouse,Craft-repair,Husband,White,Male,0,0,40,United-States,0,0.37452611980632294,0,3,0.4
23,Private,178207,Some-college,10,Never-married,Handlers-cleaners,Unmarried,Amer-Indian-Eskimo,Female,0,0,35,United-States,0,0.006336358245796478,0,3,0.4
46,State-gov,102628,Masters,14,Widowed,Protective-serv,Unmarried,White,Male,0,0,40,United-States,0,0.6161078953425201,0,3,0.4
46,Private,199934,Some-college,10,Married-civ-spouse,Machine-op-inspct,Husband,Black,Male,14391,0,55,United-States,1,0.9991609822938287,1,3,0.4
34,Private,125542,11th,7,Never-married,Farming-fishing,Not-in-family,White,Male,11376,0,55,United-States,0,0.9975416424199233,1,3,0.4
45,Private,148171,Assoc-voc,11,Married-civ-spouse,Craft-repair,Husband,White,Male,15024,0,40,United-States,1,0.9988890339642051,1,3,0.4
20,Private,175800,Some-college,10,Never-married,Adm-clerical,Not-in-family,White,Female,0,0,25,United-States,0,0.0011214411665694188,0,3,0.4
32,Private,133861,Bachelors,13,Never-married,Exec-managerial,Not-in-family,White,Male,13550,0,48,United-States,1,0.9987872193128339,1,3,0.4
68,Private,182460,HS-grad,9,Married-civ-spouse,Handlers-cleaners,Husband,White,Male,8354,0,55,United-States,1,0.9680452475908635,1,3,0.4
37,State-gov,261979,HS-grad,9,Never-married,Prof-specialty,Not-in-family,White,Male,6816,0,55,United-States,0,0.04257781152038006,0,3,0.4
31,Private,168387,Bachelors,13,Married-civ-spouse,Prof-specialty,Husband,White,Male,7688,0,40,Canada,1,0.998124799168836,1,3,0.4
38,Private,82552,HS-grad,9,Never-married,Handlers-cleaners,Not-in-family,White,Male,594,0,50,United-States,0,0.00785179467826309,0,3,0.4
50,Private,128478,HS-grad,9,Married-civ-spouse,Transport-moving,Husband,White,Male,0,0,70,United-States,0,0.7225968877717317,1,3,0.4
76,Local-gov,158412,HS-grad,9,Widowed,Adm-clerical,Not-in-family,White,Female,13175,0,55,United-States,0,0.9969499768766963,1,3,0.4
32,Private,245378,HS-grad,9,Married-civ-spouse,Sales,Husband,White,Male,0,0,60,United-States,0,0.6634929782963669,1,3,0.4
62,,72486,HS-grad,9,Married-civ-spouse,,Husband,Asian-Pac-Islander,Male,0,0,24,China,0,0.14524881478128004,0,3,0.4
69,Private,142076,HS-grad,9,Married-civ-spouse,Machine-op-inspct,Husband,White,Male,8634,0,55,United-States,1,0.9721163566227703,1,3,0.4
70,Self-emp-not-inc,115439,Masters,14,Married-civ-spouse,Sales,Husband,White,Male,6119,0,55,United-States,1,0.9856534886158514,1,3,0.4
44,Private,205528,HS-grad,9,Divorced,Adm-clerical,Unmarried,White,Female,12710,0,55,United-States,0,0.9943299218730077,1,3,0.4
52,Private,180062,Some-college,10,Married-civ-spouse,Exec-managerial,Husband,White,Male,0,0,60,United-States,0,0.8819886029150701,1,3,0.4
27,Private,201872,Bachelors,13,Never-married,Exec-managerial,Not-in-family,White,Male,0,0,40,United-States,0,0.09571124601417742,0,3,0.4
42,Private,285855,9th,5,Married-civ-spouse,Craft-repair,Husband,White,Male,764,0,55,United-States,0,0.026696298764681766,0,3,0.4
38,Federal-gov,236648,HS-grad,9,Married-civ-spouse,Craft-repair,Husband,White,Male,0,0,40,United-States,0,0.7829403081437409,1,3,0.4
29,Private,168015,HS-grad,9,Divorced,Machine-op-inspct,Unmarried,White,Female,0,0,40,United-States,0,0.021630116355930477,0,3,0.4
61,,198686,Assoc-acdm,12,Married-civ-spouse,,Husband,White,Male,0,0,2,United-States,1,0.6431515866774582,0,3,0.4
43,Self-emp-inc,175715,HS-grad,9,Never-married,Exec-managerial,Not-in-family,Black,Male,0,0,55,United-States,0,0.22673624946402532,0,3,0.4
85,,132737,10th,6,Never-married,,Not-in-family,White,Male,11159,0,19,United-States,0,0.9929120654280285,1,3,0.4
60,Private,420842,Assoc-acdm,12,Divorced,Priv-house-serv,Other-relative,White,Female,0,0,40,,0,0.015271381166855015,0,3,0.4
21,Private,140001,Some-college,10,Never-married,Adm-clerical,Own-child,White,Male,0,0,10,United-States,0,0.0037453196572744974,0,3,0.4
41,Private,91316,Assoc-acdm,12,Never-married,Other-service,Not-in-family,White,Male,0,0,40,United-States,0,0.08801452038992051,0,3,0.4
43,Private,186144,HS-grad,9,Married-civ-spouse,Craft-repair,Husband,White,Male,0,0,40,United-States,1,0.6281101576122927,0,3,0.4
52,Private,172165,10th,6,Divorced,Other-service,Other-relative,White,Female,0,0,25,United-States,0,0.0060495022296249345,0,3,0.4
30,Private,127875,Bachelors,13,Married-civ-spouse,Adm-clerical,Wife,White,Female,0,0,40,United-States,0,0.8511006383091647,1,3,0.4
46,,93834,HS-grad,9,Separated,,Own-child,White,Female,5911,0,23,United-States,0,0.031469877495543946,0,3,0.4
30,,151404,11th,7,Never-married,,Own-child,White,Female,7342,0,30,United-States,0,0.6172747472154057,0,3,0.4
34,Federal-gov,104443,Some-college,10,Never-married,Adm-clerical,Own-child,White,Female,3905,0,35,United-States,0,0.0018886604179070216,0,3,0.4
45,Private,159574,7th-8th,4,Married-civ-spouse,Adm-clerical,Husband,White,Male,9533,0,60,United-States,0,0.9983943825113996,1,3,0.4
46,Self-emp-not-inc,148599,Masters,14,Married-civ-spouse,Craft-repair,Husband,White,Male,0,0,50,United-States,1,0.8325048959444328,1,3,0.4
45,,148380,Bachelors,13,Married-civ-spouse,,Wife,White,Female,8195,0,75,United-States,1,0.9978446476420113,1,3,0.4
44,Private,24529,Assoc-voc,11,Married-civ-spouse,Sales,Husband,White,Male,7068,0,75,United-States,1,0.9978387487765277,1,3,0.4
42,Private,341051,Masters,14,Married-civ-spouse,Exec-managerial,Husband,White,Male,22779,0,75,United-States,1,0.9993175662367194,1,3,0.4
60,,144397,Some-college,10,Divorced,,Unmarried,Black,Female,6867,0,45,United-States,0,0.08403794712000467,0,3,0.4
27,Private,205188,10th,6,Married-civ-spouse,Machine-op-inspct,Husband,White,Male,0,0,40,United-States,0,0.08252476239371738,0,3,0.4
48,Self-emp-inc,238966,Some-college,10,Divorced,Exec-managerial,Not-in-family,White,Male,0,0,40,United-States,0,0.3411531124591328,0,3,0.4
42,State-gov,55764,Assoc-acdm,12,Divorced,Prof-specialty,Not-in-family,Black,Male,0,0,40,United-States,0,0.15951255327990727,0,3,0.4
72,Private,232242,HS-grad,9,Married-civ-spouse,Sales,Husband,White,Male,71,0,55,United-States,0,0.08270928678855853,0,3,0.4
36,State-gov,340091,Doctorate,16,Married-civ-spouse,Prof-specialty,Wife,White,Female,0,0,36,United-States,1,0.9312343374380541,1,3,0.4
28,Private,383322,Assoc-voc,11,Married-civ-spouse,Machine-op-inspct,Husband,White,Male,0,0,40,United-States,1,0.42965058689368274,0,3,0.4
65,Private,177705,Bachelors,13,Married-civ-spouse,Craft-repair,Husband,White,Male,347,0,59,United-States,1,0.2402652082509102,0,3,0.4
54,Private,52781,Some-college,10,Married-civ-spouse,Tech-support,Husband,White,Male,187,0,55,United-States,0,0.13770585537264954,0,3,0.4
63,Private,96062,Some-college,10,Married-civ-spouse,Sales,Husband,White,Male,11078,1977,55,United-States,1,0.9931611602954156,1,3,0.4
47,Private,155890,Bachelors,13,Married-civ-spouse,Prof-specialty,Husband,White,Male,7688,0,40,United-States,1,0.9985225735508536,1,3,0.4
46,Local-gov,63338,HS-grad,9,Never-married,Adm-clerical,Own-child,White,Female,9053,0,55,United-States,0,0.9944203010435473,1,3,0.4
49,Private,253420,HS-grad,9,Separated,Other-service,Unmarried,Black,Female,9051,0,40,United-States,0,0.9971870345203461,1,3,0.4
58,State-gov,40925,Bachelors,13,Married-civ-spouse,Exec-managerial,Husband,White,Male,0,0,40,United-States,0,0.8753382540496752,1,3,0.4
27,Private,197380,Assoc-acdm,12,Never-married,Prof-specialty,Not-in-family,White,Male,0,0,40,United-States,0,0.09388587325013617,0,3,0.4
45,Private,176711,Assoc-acdm,12,Never-married,Adm-clerical,Not-in-family,White,Male,3727,0,65,United-States,0,0.02578717410292454,0,3,0.4
56,Private,36990,HS-grad,9,Married-civ-spouse,Craft-repair,Husband,Black,Male,0,0,52,United-States,1,0.7383783507235142,1,3,0.4
29,Private,186067,10th,6,Never-married,Tech-support,Own-child,White,Male,1411,0,25,United-States,0,0.001681291372590515,0,3,0.4
21,Private,242912,HS-grad,9,Never-married,Other-service,Other-relative,White,Female,0,0,35,United-States,0,0.003837429992454969,0,3,0.4
41,,211873,Assoc-voc,11,Married-civ-spouse,,Wife,White,Female,0,1628,5,,0,0.5572581945884438,0,3,0.4
23,Private,201682,Bachelors,13,Married-civ-spouse,Adm-clerical,Other-relative,White,Female,0,0,40,United-States,0,0.1366260147859959,0,3,0.4
37,Private,302604,Some-college,10,Separated,Other-service,Other-relative,White,Female,0,0,40,United-States,0,0.019969903899065028,0,3,0.4
40,Private,180313,Bachelors,13,Never-married,Adm-clerical,Not-in-family,White,Female,9887,0,55,United-States,0,0.9978018324987046,1,3,0.4
47,Local-gov,228372,Masters,14,Married-civ-spouse,Prof-specialty,Husband,White,Male,0,0,48,United-States,1,0.9030335279706806,1,3,0.4
46,State-gov,192779,Assoc-acdm,12,Divorced,Adm-clerical,Unmarried,White,Male,0,2258,38,United-States,1,0.7932496494593523,1,3,0.4
52,Private,130571,HS-grad,9,Never-married,Other-service,Not-in-family,White,Female,11757,0,55,United-States,0,0.9985877450572006,1,3,0.4
32,,161288,9th,5,Married-civ-spouse,,Husband,White,Male,0,0,45,United-States,0,0.12263646178720067,0,3,0.4
34,Private,253799,Bachelors,13,Married-civ-spouse,Machine-op-inspct,Husband,White,Male,4171,0,60,,0,0.18455473759550112,0,3,0.4
53,Private,217902,HS-grad,9,Married-civ-spouse,Exec-managerial,Husband,White,Male,778,0,55,United-States,1,0.18906476620668372,0,3,0.4
64,State-gov,145072,Masters,14,Divorced,Prof-specialty,Not-in-family,White,Female,12928,0,55,United-States,0,0.9969496021963982,1,3,0.4
26,Private,171114,Some-college,10,Never-married,Farming-fishing,Not-in-family,White,Female,0,0,38,United-States,0,0.02007079357257195,0,3,0.4
33,,214810,Some-college,10,Never-married,,Own-child,White,Female,982,0,40,United-States,0,0.0027378995793099106,0,3,0.4
55,Self-emp-inc,275236,Assoc-voc,11,Married-civ-spouse,Exec-managerial,Husband,White,Male,0,0,48,United-States,1,0.90569576168554,1,3,0.4
37,Self-emp-not-inc,35330,HS-grad,9,Married-civ-spouse,Other-service,Husband,White,Male,0,0,42,United-States,0,0.25284793779497544,0,3,0.4
36,Local-gov,126613,Bachelors,13,Never-married,Prof-specialty,Own-child,White,Female,3980,0,35,United-States,0,0.011109284994743755,0,3,0.4
24,State-gov,165201,Some-college,10,Married-civ-spouse,Adm-clerical,Wife,White,Female,0,0,45,United-States,0,0.29685568168267923,0,3,0.4
41,Private,176716,Bachelors,13,Married-civ-spouse,Prof-specialty,Husband,White,Male,0,1902,40,United-States,1,0.9919455422851104,1,3,0.4
52,Private,111779,11th,7,Divorced,Other-service,Unmarried,Black,Female,4097,0,51,United-States,0,0.007074530786870181,0,3,0.4
34,Private,32616,Some-college,10,Never-married,Other-service,Not-in-family,White,Female,13215,0,45,United-States,0,0.9959658704443467,1,3,0.4
42,Private,24364,Some-college,10,Married-civ-spouse,Other-service,Wife,Black,Female,0,0,30,United-States,0,0.36430185180365166,0,3,0.4
83,Private,29770,Some-college,10,Widowed,Other-service,Not-in-family,White,Female,2676,0,43,United-States,0,0.012310477950353992,0,3,0.4
44,Private,151773,Some-college,10,Married-civ-spouse,Craft-repair,Husband,White,Male,3759,0,60,United-States,0,0.09939849900384322,0,3,0.4
20,Private,113511,11th,7,Never-married,Transport-moving,Own-child,White,Male,0,0,40,United-States,0,0.002118295265218695,0,3,0.4
50,Private,34832,Bachelors,13,Married-civ-spouse,Tech-support,Husband,White,Male,15024,0,40,United-States,1,0.9991913675294074,1,3,0.4
69,Self-emp-inc,127728,Prof-school,15,Married-civ-spouse,Prof-specialty,Husband,White,Male,20966,0,75,United-States,1,0.9947898034809902,1,3,0.4
54,Private,145419,Bachelors,13,Married-civ-spouse,Sales,Husband,White,Male,0,0,60,United-States,1,0.883974152794871,1,3,0.4
32,Private,53878,HS-grad,9,Never-married,Craft-repair,Unmarried,White,Male,4495,0,55,United-States,0,0.024484891553601038,0,3,0.4
60,Private,216734,Some-college,10,Divorced,Exec-managerial,Not-in-family,White,Female,14070,0,55,United-States,0,0.9982622608060463,1,3,0.4
37,Private,409189,Some-college,10,Married-civ-spouse,Craft-repair,Husband,White,Male,0,0,45,United-States,0,0.7928644084864426,1,3,0.4
56,Private,250517,Assoc-voc,11,Married-civ-spouse,Craft-repair,Husband,White,Male,0,0,45,United-States,0,0.7935120987545805,1,3,0.4
36,Private,119156,HS-grad,9,Never-married,Transport-moving,Own-child,White,Male,11680,0,65,United-States,0,0.99720900641493,1,3,0.4
46,Private,268022,Masters,14,Married-civ-spouse,Exec-managerial,Husband,White,Male,0,0,55,,1,0.8959915161034933,1,3,0.4
59,Private,160271,7th-8th,4,Separated,Machine-op-inspct,Not-in-family,White,Male,0,0,40,United-States,0,0.04982789461941011,0,3,0.4
48,Private,37778,HS-grad,9,Married-civ-spouse,Exec-managerial,Husband,White,Male,7946,0,63,United-States,0,0.9983518589509217,1,3,0.4
58,State-gov,312351,Bachelors,13,Married-civ-spouse,Prof-specialty,Husband,White,Male,0,0,40,United-States,1,0.8807142104841036,1,3,0.4
45,Private,116294,Bachelors,13,Never-married,Prof-specialty,Own-child,White,Female,5925,0,55,United-States,1,0.3578321145945677,0,3,0.4
33,Private,175800,HS-grad,9,Never-married,Prof-specialty,Unmarried,White,Female,9161,0,70,United-States,0,0.9921987602628697,1,3,0.4
65,Private,143175,Some-college,10,Widowed,Sales,Other-relative,White,Female,0,0,45,United-States,0,0.07902532949013674,0,3,0.4
18,Private,99497,12th,8,Never-married,Other-service,Own-child,Other,Female,0,0,30,United-States,0,0.0008958634899324989,0,3,0.4
47,Private,173586,HS-grad,9,Married-civ-spouse,Craft-repair,Husband,White,Male,13344,0,60,United-States,1,0.9990626873586059,1,3,0.4
58,Private,102791,HS-grad,9,Divorced,Other-service,Own-child,White,Female,0,0,40,United-States,0,0.03170728464459757,0,3,0.4
68,Local-gov,159643,HS-grad,9,Married-civ-spouse,Adm-clerical,Husband,White,Male,0,0,15,United-States,0,0.1694515478076284,0,3,0.4
68,Private,284701,Bachelors,13,Married-civ-spouse,Adm-clerical,Wife,White,Female,2870,0,55,United-States,1,0.14564461201428025,0,3,0.4
38,Private,223433,HS-grad,9,Never-married,Machine-op-inspct,Not-in-family,White,Male,0,0,40,United-States,0,0.037467618119721595,0,3,0.4
37,State-gov,252939,Assoc-voc,11,Never-married,Prof-specialty,Unmarried,Black,Female,5455,0,40,United-States,0,0.04986046107129725,0,3,0.4
55,Private,102895,Some-college,10,Divorced,Prof-specialty,Not-in-family,White,Male,3656,0,55,United-States,0,0.03136403879219621,0,3,0.4
19,Private,78401,HS-grad,9,Never-married,Other-service,Own-child,White,Male,0,0,40,United-States,0,0.0028009704091147155,0,3,0.4
24,Private,229826,Bachelors,13,Never-married,Transport-moving,Own-child,White,Male,0,0,20,United-States,0,0.005567216730494327,0,3,0.4
45,Private,91666,HS-grad,9,Married-civ-spouse,Machine-op-inspct,Husband,White,Male,3690,0,55,United-States,0,0.0847535243475974,0,3,0.4
36,State-gov,37931,HS-grad,9,Married-civ-spouse,Protective-serv,Husband,White,Male,0,0,48,United-States,1,0.5909046438845557,0,3,0.4
39,State-gov,55568,HS-grad,9,Married-civ-spouse,Adm-clerical,Wife,White,Female,0,0,40,United-States,0,0.6384983335281713,0,3,0.4
52,Private,190333,Some-college,10,Married-civ-spouse,Adm-clerical,Husband,White,Male,0,0,40,United-States,1,0.7782807966605512,1,3,0.4
39,Private,118230,Some-college,10,Never-married,Adm-clerical,Own-child,White,Female,14657,0,55,United-States,0,0.9974952573135186,1,3,0.4
60,Private,250733,Some-college,10,Married-civ-spouse,Craft-repair,Husband,White,Male,9688,0,65,United-States,0,0.9984535538333313,1,3,0.4
79,Private,162009,10th,6,Married-civ-spouse,Protective-serv,Husband,White,Male,7008,0,31,United-States,0,0.5691626751194013,0,3,0.4
50,Private,485710,Doctorate,16,Divorced,Prof-specialty,Not-in-family,White,Female,0,0,50,United-States,0,0.7828417530229436,1,3,0.4
40,Private,175262,Some-college,10,Married-civ-spouse,Handlers-cleaners,Husband,Black,Male,12618,0,55,Mexico,0,0.9984594378952691,1,4,0.6
59,Private,178341,10th,6,Married-civ-spouse,Machine-op-inspct,Husband,White,Male,1459,0,61,United-States,1,0.052217326627193916,0,4,0.6
27,Self-emp-not-inc,404998,Assoc-voc,11,Never-married,Craft-repair,Own-child,White,Male,0,0,40,United-States,0,0.03968904333106433,0,4,0.6
69,Self-emp-not-inc,771836,Assoc-acdm,12,Divorced,Prof-specialty,Unmarried,White,Male,3196,0,55,United-States,0,0.027531522779463233,0,4,0.6
37,Private,40955,Prof-school,15,Married-civ-spouse,Prof-specialty,Husband,White,Male,0,0,50,United-States,1,0.9170945160998815,1,4,0.6
51,Private,91506,HS-grad,9,Married-civ-spouse,Transport-moving,Husband,White,Male,7688,0,40,United-States,1,0.9981429865837531,1,4,0.6
35,,44793,HS-grad,9,Never-married,,Not-in-family,White,Male,13949,0,55,United-States,0,0.9982551585943871,1,4,0.6
35,Private,203482,9th,5,Married-civ-spouse,Craft-repair,Husband,White,Male,0,0,40,United-States,0,0.1637706702701362,0,4,0.6
21,Private,267040,10th,6,Never-married,Prof-specialty,Unmarried,Black,Female,0,0,40,United-States,0,0.017780462290627876,0,4,0.6
38,Self-emp-inc,71009,Bachelors,13,Married-civ-spouse,Exec-managerial,Wife,Asian-Pac-Islander,Female,7298,0,40,,1,0.9957650740671857,1,4,0.6
29,,499935,Assoc-voc,11,Never-married,,Unmarried,White,Female,0,0,40,United-States,0,0.03147063978236021,0,4,0.6
44,Private,165599,HS-grad,9,Married-civ-spouse,Machine-op-inspct,Husband,White,Male,0,0,48,United-States,0,0.6669254053346668,1,4,0.6
21,Private,323497,HS-grad,9,Never-married,Other-service,Own-child,Black,Male,0,0,36,United-States,0,0.005501209977488904,0,4,0.6
57,Self-emp-not-inc,220978,HS-grad,9,Married-civ-spouse,Exec-managerial,Husband,White,Male,9937,0,65,United-States,0,0.9984973760036797,1,4,0.6
59,Private,88564,5th-6th,3,Never-married,Machine-op-inspct,Own-child,White,Male,14415,0,35,United-States,0,0.9960413407864309,1,4,0.6
25,Private,161027,Bachelors,13,Married-civ-spouse,Tech-support,Husband,White,Male,5178,0,40,United-States,1,0.9757276300926587,1,4,0.6
64,Private,146015,HS-grad,9,Married-civ-spouse,Craft-repair,Husband,White,Male,1065,0,55,United-States,0,0.09717160467037311,0,4,0.6
55,Private,131899,Bachelors,13,Married-civ-spouse,Exec-managerial,Husband,White,Male,7216,0,55,United-States,1,0.9982391815815448,1,4,0.6
55,Private,281138,HS-grad,9,Separated,Machine-op-inspct,Not-in-family,White,Female,5539,0,55,United-States,0,0.15716187099861736,0,4,0.6
58,Private,100303,12th,8,Married-civ-spouse,Craft-repair,Husband,White,Male,0,0,40,United-States,0,0.5617951313310852,0,4,0.6
39,Private,169748,HS-grad,9,Divorced,Handlers-cleaners,Not-in-family,White,Male,1589,0,55,United-States,0,0.018206588886825362,0,4,0.6
37,State-gov,183678,Bachelors,13,Never-married,Prof-specialty,Not-in-family,White,Female,12764,0,65,United-States,0,0.9987465000619723,1,4,0.6
50,Self-emp-inc,125645,Some-college,10,Married-civ-spouse,Sales,Husband,White,Male,4088,0,65,United-States,1,0.21421762485012,0,4,0.6
54,Private,200783,Some-college,10,Married-civ-spouse,Sales,Husband,White,Male,0,0,40,United-States,0,0.784950498052465,1,4,0.6
75,Private,339473,Some-college,10,Divorced,Sales,Not-in-family,White,Female,14542,0,75,United-States,0,0.9978489765699623,1,4,0.6
80,Self-emp-not-inc,35468,Masters,14,Married-civ-spouse,Prof-specialty,Husband,White,Male,10148,0,39,United-States,0,0.9604515683756207,1,4,0.6
58,Local-gov,217802,Masters,14,Married-civ-spouse,Prof-specialty,Husband,Black,Male,7688,0,45,United-States,1,0.9987155933263044,1,4,0.6
33,Private,198050,HS-grad,9,Never-married,Other-service,Not-in-family,White,Female,5890,0,43,United-States,0,0.0589805542397673,0,4,0.6
48,Private,199947,Some-college,10,Divorced,Machine-op-inspct,Own-child,White,Female,2545,0,45,United-States,0,0.01526935625057958,0,4,0.6
29,Private,152951,HS-grad,9,Married-civ-spouse,Handlers-cleaners,Husband,White,Male,0,0,40,United-States,0,0.3452434314287251,0,4,0.6
61,,111282,7th-8th,4,Married-civ-spouse,,Husband,White,Male,15714,0,99,United-States,1,0.9818735627479189,1,4,0.6
33,Private,209067,HS-grad,9,Never-married,Other-service,Own-child,White,Female,11940,0,55,United-States,0,0.9964741220071666,1,4,0.6
62,State-gov,161075,HS-grad,9,Widowed,Tech-support,Unmarried,Black,Female,850,0,55,United-States,0,0.008285077959664265,0,4,0.6
36,Private,136310,Some-college,10,Married-civ-spouse,Tech-support,Husband,White,Male,7434,0,55,United-States,0,0.9979289435472828,1,4,0.6
65,Private,95644,Assoc-acdm,12,Divorced,Sales,Not-in-family,White,Female,0,0,40,United-States,0,0.10664195472544226,0,4,0.6
49,Self-emp-inc,195727,HS-grad,9,Married-civ-spouse,Sales,Husband,White,Male,0,0,40,United-States,0,0.714404800476601,1,4,0.6
56,Private,228729,HS-grad,9,Married-civ-spouse,Craft-repair,Husband,Black,Male,10356,0,55,,0,0.9945469102044011,1,4,0.6
53,Private,220694,Bachelors,13,Divorced,Other-service,Not-in-family,White,Male,2537,0,52,United-States,0,0.05051719679981238,0,4,0.6
45,Private,118551,HS-grad,9,Divorced,Adm-clerical,Unmarried,White,Female,12040,0,55,United-States,0,0.9941917051942716,1,4,0.6
41,Private,239632,HS-grad,9,Never-married,Adm-clerical,Not-in-family,White,Female,3910,0,55,United-States,0,0.008401336778980978,0,4,0.6
52,Private,68111,HS-grad,9,Divorced,Craft-repair,Not-in-family,White,Male,10785,0,60,United-States,0,0.9983987196308239,1,4,0.6
33,Federal-gov,207723,Masters,14,Never-married,Prof-specialty,Not-in-family,Asian-Pac-Islander,Male,0,0,40,,0,0.4206375379008833,0,4,0.6
48,Private,301614,Some-college,10,Divorced,Craft-repair,Not-in-family,White,Male,3700,0,60,Mexico,0,0.01950197045577458,0,4,0.6
38,Local-gov,206721,Bachelors,13,Never-married,Protective-serv,Own-child,White,Male,4920,0,55,United-States,0,0.5125388734102879,0,4,0.6
48,Local-gov,186172,Assoc-acdm,12,Married-civ-spouse,Protective-serv,Husband,White,Male,0,0,40,United-States,1,0.8593668327989038,1,4,0.6
73,Private,373099,7th-8th,4,Married-civ-spouse,Craft-repair,Husband,White,Male,12176,0,55,United-States,0,0.9785181675397381,1,4,0.6
39,Private,214858,HS-grad,9,Married-civ-spouse,Other-service,Own-child,White,Male,2546,0,55,United-States,0,0.043898444450416435,0,4,0.6
66,Private,111130,Some-college,10,Married-civ-spouse,Prof-specialty,Husband,Asian-Pac-Islander,Male,12273,0,65,United-States,1,0.9906387867547369,1,4,0.6
38,Private,108658,HS-grad,9,Never-married,Craft-repair,Not-in-family,White,Male,10650,0,55,United-States,0,0.9985288987205746,1,4,0.6
77,,172744,Some-college,10,Married-civ-spouse,,Husband,White,Male,0,0,35,United-States,0,0.5527493784732356,0,4,0.6
40,Private,326232,Some-college,10,Divorced,Transport-moving,Unmarried,White,Male,0,0,40,United-States,1,0.23611620080856632,0,4,0.6
28,Local-gov,34452,Prof-school,15,Married-civ-spouse,Prof-specialty,Husband,White,Male,0,0,40,United-States,0,0.7855938566744981,1,4,0.6
35,Private,384651,Some-college,10,Married-civ-spouse,Handlers-cleaners,Husband,White,Male,1466,0,55,United-States,0,0.14299685739058376,0,4,0.6
38,Self-emp-not-inc,203836,5th-6th,3,Never-married,Transport-moving,Not-in-family,White,Male,0,0,40,United-States,0,0.06380300278536223,0,4,0.6
29,Private,107458,Bachelors,13,Never-married,Sales,Not-in-family,White,Male,0,0,50,United-States,0,0.48011005786786093,0,4,0.6
50,Private,158948,7th-8th,4,Married-civ-spouse,Craft-repair,Husband,White,Male,3411,0,40,United-States,0,0.014092876893965517,0,4,0.6
51,Private,249339,HS-grad,9,Married-civ-spouse,Craft-repair,Husband,White,Male,0,0,40,United-States,0,0.6605320838528901,1,4,0.6
50,Private,283122,HS-grad,9,Married-civ-spouse,Machine-op-inspct,Husband,White,Male,8739,0,55,United-States,1,0.9979255160475422,1,4,0.6
70,Private,127264,10th,6,Married-civ-spouse,Craft-repair,Husband,White,Male,11733,0,65,United-States,0,0.9769855223391417,1,4,0.6
65,State-gov,197184,Masters,14,Married-civ-spouse,Exec-managerial,Husband,White,Male,6376,0,85,United-States,1,0.9923272198028738,1,4,0.6
63,Private,153486,HS-grad,9,Married-civ-spouse,Machine-op-inspct,Husband,White,Male,6043,0,60,United-States,1,0.987595174420021,1,4,0.6
47,Federal-gov,185053,Bachelors,13,Never-married,Prof-specialty,Own-child,White,Female,3470,0,55,United-States,0,0.03304408402748745,0,4,0.6
64,Private,312446,HS-grad,9,Married-civ-spouse,Craft-repair,Husband,White,Male,1166,0,55,United-States,0,0.09598995646903814,0,4,0.6
36,Private,69251,HS-grad,9,Married-civ-spouse,Other-service,Other-relative,Asian-Pac-Islander,Male,0,0,40,Philippines,0,0.1288562849067847,0,4,0.6
26,Private,183965,HS-grad,9,Never-married,Craft-repair,Not-in-family,White,Male,0,0,40,United-States,0,0.03437145401577377,0,4,0.6
44,Private,29312,Some-college,10,Never-married,Handlers-cleaners,Own-child,White,Male,7543,0,55,United-States,0,0.856190602901364,1,4,0.6
33,,180339,Some-college,10,Never-married,,Own-child,White,Female,6831,0,40,United-States,0,0.03049554380674956,0,4,0.6
36,Private,128392,Bachelors,13,Divorced,Exec-managerial,Not-in-family,White,Male,4787,0,40,United-States,1,0.956900623222413,1,4,0.6
20,Private,203240,Assoc-acdm,12,Never-married,Adm-clerical,Not-in-family,White,Female,0,0,30,United-States,0,0.0019030509444741726,0,4,0.6
42,Private,182771,Masters,14,Married-civ-spouse,Prof-specialty,Husband,Asian-Pac-Islander,Male,2592,0,55,United-States,1,0.2946967381339811,0,4,0.6
40,Private,103395,Some-college,10,Married-civ-spouse,Craft-repair,Husband,White,Male,0,0,45,United-States,1,0.7094023216803875,1,4,0.6
66,Private,151227,Bachelors,13,Married-civ-spouse,Other-service,Husband,White,Male,0,0,40,United-States,1,0.39861576982629593,0,4,0.6
60,Private,183162,HS-grad,9,Widowed,Machine-op-inspct,Not-in-family,White,Female,0,0,40,United-States,0,0.030761923097924866,0,4,0.6
40,Private,233275,Bachelors,13,Never-married,Prof-specialty,Not-in-family,White,Male,891,0,60,United-States,0,0.05507342200445114,0,4,0.6
50,Private,52187,Bachelors,13,Married-civ-spouse,Sales,Husband,White,Male,16299,0,65,United-States,1,0.9990958484085057,1,4,0.6
22,Private,164901,11th,7,Never-married,Craft-repair,Other-relative,White,Male,0,0,40,United-States,0,0.0064461903200396155,0,4,0.6
20,,239805,Some-college,10,Never-married,,Not-in-family,White,Male,0,0,16,United-States,0,0.0018303545522021572,0,4,0.6
50,Private,116814,HS-grad,9,Widowed,Adm-clerical,Not-in-family,Amer-Indian-Eskimo,Female,0,0,40,United-States,0,0.050458008659630085,0,4,0.6
42,Private,130369,Assoc-voc,11,Separated,Prof-specialty,Unmarried,White,Female,6723,0,55,United-States,0,0.09814434682252295,0,4,0.6
56,Private,130126,Prof-school,15,Divorced,Prof-specialty,Not-in-family,White,Male,1030,0,60,United-States,1,0.1269144988957707,0,4,0.6
73,Private,345697,HS-grad,9,Married-civ-spouse,Prof-specialty,Husband,White,Male,8236,0,55,United-States,1,0.974993641092119,1,4,0.6
61,Private,90579,HS-grad,9,Married-civ-spouse,Craft-repair,Husband,Black,Male,16647,0,65,United-States,0,0.9723650388837342,1,4,0.6
31,Private,144161,HS-grad,9,Never-married,Transport-moving,Own-child,White,Male,13699,0,45,United-States,0,0.9965621141160816,1,4,0.6
87,Self-emp-not-inc,106873,11th,7,Widowed,Sales,Not-in-family,White,Male,7176,0,55,United-States,0,0.8849234386805012,1,4,0.6
44,Private,229148,HS-grad,9,Never-married,Handlers-cleaners,Not-in-family,Black,Male,0,0,35,United-States,0,0.016712905672482042,0,4,0.6
39,Private,123302,HS-grad,9,Married-civ-spouse,Other-service,Husband,White,Male,5987,0,55,Poland,0,0.9820603203539674,1,4,0.6
31,Private,450200,Some-college,10,Never-married,Other-service,Own-child,White,Male,4369,0,45,United-States,0,0.3127626464148924,0,4,0.6
57,Local-gov,334039,Some-college,10,Married-civ-spouse,Exec-managerial,Husband,White,Male,2878,0,55,United-States,1,0.262868882932901,0,4,0.6
42,Self-emp-inc,127651,HS-grad,9,Married-civ-spouse,Craft-repair,Husband,White,Male,13346,1887,63,United-States,1,0.9994155646786612,1,4,0.6
65,Private,151864,HS-grad,9,Married-civ-spouse,Craft-repair,Husband,White,Male,5381,0,55,United-States,0,0.9855065761159892,1,4,0.6
65,Private,154891,9th,5,Married-civ-spouse,Transport-moving,Husband,White,Male,10077,0,55,United-States,0,0.785768914719106,1,4,0.6
47,Private,207819,Bachelors,13,Married-civ-spouse,Exec-managerial,Husband,White,Male,15782,0,65,United-States,1,0.9991852339314623,1,4,0.6
33,Private,303187,Some-college,10,Never-married,Handlers-cleaners,Own-child,Asian-Pac-Islander,Male,5245,0,55,Philippines,0,0.15138911700421268,0,4,0.6
29,Private,134331,10th,6,Married-civ-spouse,Craft-repair,Husband,White,Male,0,0,40,United-States,0,0.17460985840803875,0,4,0.6
70,Self-emp-not-inc,248841,HS-grad,9,Married-civ-spouse,Sales,Husband,White,Male,25043,0,55,United-States,1,0.9446327621299297,1,4,0.6
35,State-gov,37314,Doctorate,16,Never-married,Prof-specialty,Not-in-family,White,Male,0,0,55,United-States,0,0.6483622579708337,1,4,0.6
43,Private,59496,Some-college,10,Married-civ-spouse,Adm-clerical,Husband,White,Male,12036,0,65,United-States,0,0.998826342579638,1,4,0.6
43,Local-gov,193755,Bachelors,13,Married-civ-spouse,Prof-specialty,Husband,White,Male,0,0,40,United-States,0,0.8657236849065925,1,4,0.6
60,Self-emp-not-inc,107231,Bachelors,13,Married-civ-spouse,Exec-managerial,Husband,White,Male,99999,0,65,United-States,1,0.9962446217612391,1,4,0.6
41,Private,350162,Bachelors,13,Married-civ-spouse,Exec-managerial,Wife,White,Male,2105,0,55,United-States,1,0.40190602774889983,0,4,0.6
41,Private,163287,Bachelors,13,Divorced,Transport-moving,Not-in-family,White,Male,0,0,48,United-States,0,0.38506324339383047,0,4,0.6
66,Self-emp-not-inc,32778,HS-grad,9,Married-civ-spouse,Sales,Wife,White,Female,12217,0,45,United-States,0,0.9681877507810799,1,4,0.6
63,Local-gov,47415,Assoc-acdm,12,Married-civ-spouse,Adm-clerical,Wife,White,Female,4656,1628,45,United-States,0,0.007240111281020178,0,4,0.6
49,Private,547108,Bachelors,13,Married-civ-spouse,Tech-support,Husband,Asian-Pac-Islander,Male,15024,0,40,,1,0.9991996098607951,1,4,0.6
28,Private,33798,12th,8,Never-married,Transport-moving,Not-in-family,White,Male,0,0,50,United-States,0,0.08191158315501428,0,4,0.6
66,Private,146409,Some-college,10,Widowed,Exec-managerial,Unmarried,White,Female,14081,0,55,United-States,0,0.9972998993098738,1,4,0.6
29,,183161,12th,8,Never-married,,Own-child,White,Female,12873,0,23,United-States,0,0.9854522672841931,1,4,0.6
31,Private,165949,HS-grad,9,Divorced,Other-service,Unmarried,White,Female,0,0,40,United-States,0,0.03091577873918832,0,4,0.6
63,Private,153870,HS-grad,9,Married-civ-spouse,Tech-support,Husband,White,Male,3384,0,55,United-States,1,0.0836127868726555,0,4,0.6
65,Private,330144,Some-college,10,Married-civ-spouse,Exec-managerial,Husband,White,Male,0,0,40,United-States,0,0.79949759303552,1,4,0.6
47,Private,24723,10th,6,Divorced,Exec-managerial,Not-in-family,Amer-Indian-Eskimo,Female,0,0,45,United-States,0,0.096336844813215,0,4,0.6
50,Private,203836,Some-college,10,Married-civ-spouse,Sales,Husband,White,Male,5539,0,65,United-States,1,0.9927824056772199,1,4,0.6
85,Private,148003,Some-college,10,Married-civ-spouse,Adm-clerical,Wife,White,Female,25331,0,51,United-States,1,0.978318983562997,1,4,0.6
38,Private,151551,Some-college,10,Separated,Sales,Own-child,Amer-Indian-Eskimo,Male,12766,0,63,United-States,0,0.9959749143164194,1,4,0.6
41,Private,66172,Some-college,10,Separated,Adm-clerical,Not-in-family,White,Female,9533,0,55,United-States,0,0.9969884418495164,1,4,0.6
35,Private,149574,Some-college,10,Married-spouse-absent,Other-service,Not-in-family,White,Male,14219,0,60,United-States,0,0.998578965457484,1,4,0.6
37,Private,121228,HS-grad,9,Divorced,Machine-op-inspct,Unmarried,White,Male,0,1726,50,United-States,0,0.024784134507324095,0,4,0.6
32,Private,244268,11th,7,Married-civ-spouse,Craft-repair,Husband,White,Male,0,1672,48,United-States,0,0.019031604537585116,0,4,0.6
21,Private,117210,Some-college,10,Never-married,Sales,Own-child,White,Male,0,0,45,United-States,0,0.017053797090298695,0,4,0.6
40,Federal-gov,187164,Bachelors,13,Never-married,Tech-support,Own-child,White,Male,0,0,40,United-States,0,0.12175390298592646,0,4,0.6
75,,173064,Bachelors,13,Married-civ-spouse,,Husband,White,Male,0,0,6,United-States,0,0.5138575229941829,0,4,0.6
51,Local-gov,301614,11th,7,Married-civ-spouse,Other-service,Husband,White,Male,1927,0,55,United-States,0,0.030492338991086953,0,4,0.6
39,Private,141584,Masters,14,Never-married,Sales,Not-in-family,White,Male,0,2444,45,United-States,1,0.9858211406271272,1,4,0.6
45,Private,155478,Some-college,10,Divorced,Tech-support,Unmarried,White,Female,0,0,40,United-States,0,0.1100819463163878,0,4,0.6
46,Private,167497,Some-college,10,Married-civ-spouse,Exec-managerial,Wife,White,Female,20973,0,65,United-States,1,0.9987905781809688,1,4,0.6
33,Private,118657,HS-grad,9,Separated,Machine-op-inspct,Other-relative,White,Male,9402,0,55,United-States,0,0.9955712663636291,1,4,0.6
47,Private,237943,HS-grad,9,Married-civ-spouse,Handlers-cleaners,Husband,White,Male,9038,0,75,United-States,0,0.9980257223260662,1,4,0.6
34,Private,145477,HS-grad,9,Never-married,Handlers-cleaners,Own-child,Amer-Indian-Eskimo,Male,10170,0,55,United-States,0,0.9864108174511439,1,4,0.6
36,Private,125905,HS-grad,9,Married-civ-spouse,Craft-repair,Husband,White,Male,5573,0,55,United-States,0,0.989389440246711,1,4,0.6
49,Local-gov,107231,HS-grad,9,Married-civ-spouse,Craft-repair,Husband,White,Male,0,2002,40,United-States,0,0.02854835133749659,0,4,0.6
31,Private,277974,Some-college,10,Never-married,Sales,Own-child,White,Male,4469,0,50,United-States,0,0.049320410172899294,0,4,0.6
37,Private,164898,Some-college,10,Married-civ-spouse,Craft-repair,Husband,White,Male,0,0,52,United-States,0,0.7381810635059373,1,4,0.6
46,Private,263150,Some-college,10,Married-civ-spouse,Exec-managerial,Wife,White,Female,9219,0,60,United-States,1,0.9983714199402614,1,4,0.6
33,State-gov,82497,Some-college,10,Never-married,Adm-clerical,Own-child,White,Female,4630,0,35,United-States,0,0.006511202253122768,0,4,0.6
36,Private,190290,Bachelors,13,Never-married,Sales,Not-in-family,White,Male,10575,0,75,United-States,0,0.9984537238014736,1,4,0.6
40,Private,369781,HS-grad,9,Married-civ-spouse,Handlers-cleaners,Husband,White,Male,15024,0,45,United-States,1,0.9993821855418236,1,4,0.6
49,Private,126743,1st-4th,2,Married-civ-spouse,Other-service,Husband,White,Male,8960,0,68,Mexico,0,0.997644654292575,1,4,0.6
61,Self-emp-not-inc,36601,HS-grad,9,Married-civ-spouse,Craft-repair,Husband,White,Male,1778,0,55,Canada,1,0.08378303753918602,0,4,0.6
23,Private,260254,HS-grad,9,Never-married,Sales,Own-child,White,Male,0,0,40,United-States,0,0.01266168825047061,0,4,0.6
49,Private,227545,Some-college,10,Married-civ-spouse,Sales,Husband,White,Male,12615,0,59,United-States,1,0.9990796776566515,1,4,0.6
24,Private,206008,Assoc-acdm,12,Never-married,Prof-specialty,Own-child,Black,Male,0,0,20,United-States,0,0.008565576555861855,0,4,0.6
48,Private,99385,HS-grad,9,Separated,Adm-clerical,Not-in-family,White,Female,0,0,40,United-States,0,0.04062005041376322,0,4,0.6
23,Private,124259,Some-college,10,Never-married,Protective-serv,Own-child,Black,Female,0,0,40,United-States,0,0.008053052117331464,0,4,0.6
61,Federal-gov,95680,Assoc-acdm,12,Married-civ-spouse,Exec-managerial,Husband,Asian-Pac-Islander,Male,3103,0,40,United-States,1,0.9826428404477178,1,4,0.6
34,Private,123291,10th,6,Never-married,Handlers-cleaners,Other-relative,White,Male,0,0,40,United-States,0,0.007699198913090437,0,4,0.6
58,Private,117605,9th,5,Divorced,Sales,Not-in-family,White,Male,7014,0,50,United-States,0,0.06709750460250197,0,4,0.6
48,Private,370767,HS-grad,9,Married-civ-spouse,Prof-specialty,Husband,White,Male,6529,2377,75,United-States,0,0.9891364072002602,1,4,0.6
44,Private,346594,HS-grad,9,Divorced,Other-service,Unmarried,White,Female,0,0,40,United-States,0,0.045629077491836256,0,4,0.6
19,Private,266255,HS-grad,9,Never-married,Sales,Own-child,White,Female,0,0,40,United-States,0,0.001733640422643896,0,4,0.6
48,Private,188800,HS-grad,9,Married-civ-spouse,Sales,Husband,White,Male,1965,0,55,United-States,1,0.10601991893194598,0,4,0.6
30,Private,154583,11th,7,Never-married,Sales,Own-child,White,Female,4982,0,31,United-States,0,0.033904948735332244,0,4,0.6
50,Private,274528,HS-grad,9,Divorced,Craft-repair,Other-relative,White,Male,0,0,40,United-States,0,0.05214723783402222,0,4,0.6
47,State-gov,149337,HS-grad,9,Divorced,Adm-clerical,Unmarried,White,Male,0,0,38,United-States,0,0.17819761411233143,0,4,0.6
41,Private,626493,Bachelors,13,Never-married,Exec-managerial,Not-in-family,White,Male,1110,0,55,United-States,0,0.07287156361522497,0,4,0.6
52,State-gov,32372,Some-college,10,Married-civ-spouse,Prof-specialty,Husband,White,Male,0,0,40,United-States,0,0.7420548321076278,1,4,0.6
75,,166425,Some-college,10,Widowed,,Not-in-family,Black,Female,6024,0,39,United-States,0,0.31726724988868954,0,4,0.6
47,Private,152307,11th,7,Married-civ-spouse,Craft-repair,Husband,White,Male,11240,0,55,United-States,0,0.9990702236408587,1,4,0.6
70,Private,177368,HS-grad,9,Married-civ-spouse,Adm-clerical,Husband,White,Male,7012,0,55,United-States,0,0.7757620350617455,1,4,0.6
67,Private,27227,Some-college,10,Married-civ-spouse,Other-service,Husband,White,Male,12179,1977,50,United-States,1,0.990359092413431,1,4,0.6
48,Private,176026,HS-grad,9,Married-civ-spouse,Machine-op-inspct,Husband,White,Male,0,0,40,United-States,0,0.6038847290958329,0,4,0.6
48,Self-emp-inc,287647,Doctorate,16,Married-civ-spouse,Prof-specialty,Husband,White,Male,7688,0,55,United-States,1,0.9990234454288257,1,4,0.6
34,Private,132835,HS-grad,9,Never-married,Other-service,Unmarried,Black,Female,0,0,40,United-States,0,0.01157306185719862,0,4,0.6
64,Private,102041,11th,7,Married-civ-spouse,Sales,Husband,White,Male,0,0,40,United-States,0,0.34685910231114925,0,4,0.6
24,Private,174461,Bachelors,13,Never-married,Sales,Not-in-family,White,Female,0,0,50,United-States,0,0.08917205381433871,0,4,0.6
24,Private,134787,Some-college,10,Never-married,Sales,Own-child,White,Female,0,0,40,United-States,0,0.02142984435741342,0,4,0.6
20,,216672,Some-college,10,Never-married,,Own-child,White,Male,0,0,30,United-States,0,0.002576400802134974,0,4,0.6
22,Private,209034,Some-college,10,Never-married,Other-service,Not-in-family,White,Female,0,0,35,United-States,0,0.009893588334545277,0,4,0.6
41,Private,124639,Some-college,10,Separated,Craft-repair,Not-in-family,Black,Male,0,0,40,United-States,0,0.10674508194099266,0,4,0.6
38,Private,464552,9th,5,Never-married,Handlers-cleaners,Own-child,White,Male,11234,0,60,Mexico,0,0.9931441204168393,1,4,0.6
32,Private,266400,Some-college,10,Never-married,Prof-specialty,Own-child,White,Female,7468,0,63,United-States,0,0.8241995057103835,1,4,0.6
60,Self-emp-not-inc,196707,Doctorate,16,Married-civ-spouse,Prof-specialty,Husband,White,Male,99999,0,75,United-States,1,0.9981520258717966,1,4,0.6
88,Private,278938,Bachelors,13,Widowed,Prof-specialty,Not-in-family,White,Female,4544,0,35,United-States,0,0.07852834521008886,0,4,0.6
41,Private,145182,HS-grad,9,Never-married,Protective-serv,Own-child,Black,Female,12549,0,35,United-States,0,0.9965512304236844,1,4,0.6
42,Private,151967,Some-college,10,Married-civ-spouse,Craft-repair,Husband,White,Male,3569,0,73,United-States,0,0.10702122902495062,0,4,0.6
74,,199198,11th,7,Divorced,,Not-in-family,Black,Female,11689,0,55,United-States,0,0.9964811880609176,1,4,0.6
23,Private,113511,HS-grad,9,Never-married,Craft-repair,Unmarried,White,Male,0,0,40,United-States,0,0.015625037291130694,0,4,0.6
57,Private,240554,Bachelors,13,Married-civ-spouse,Exec-managerial,Husband,White,Male,10064,0,55,United-States,1,0.9969923420737278,1,4,0.6
63,,182543,1st-4th,2,Separated,,Unmarried,White,Female,5088,0,55,Mexico,0,0.08767797441060637,0,4,0.6
24,Private,228395,Bachelors,13,Never-married,Sales,Own-child,Black,Female,0,0,40,United-States,0,0.01901734677612677,0,4,0.6
77,Self-emp-not-inc,167414,HS-grad,9,Married-civ-spouse,Exec-managerial,Husband,White,Male,6710,0,74,United-States,1,0.7900311910910991,1,4,0.6
51,Self-emp-inc,34180,Assoc-voc,11,Married-civ-spouse,Farming-fishing,Husband,White,Male,7586,0,75,United-States,1,0.9975863115908918,1,4,0.6
32,State-gov,349365,HS-grad,9,Never-married,Other-service,Not-in-family,White,Female,763,0,55,United-States,0,0.004679139342673908,0,4,0.6
50,Self-emp-not-inc,219420,Doctorate,16,Divorced,Sales,Not-in-family,White,Male,0,0,64,United-States,0,0.7856325401674469,1,4,0.6
22,Private,136873,Some-college,10,Never-married,Craft-repair,Not-in-family,White,Male,0,0,40,United-States,0,0.017690544629616004,0,4,0.6
65,Private,321865,Prof-school,15,Never-married,Adm-clerical,Not-in-family,White,Male,11871,0,55,United-States,1,0.9960585108856712,1,4,0.6
45,Private,215288,11th,7,Never-married,Handlers-cleaners,Own-child,Black,Male,6913,0,55,United-States,0,0.10337708494412867,0,4,0.6
44,Self-emp-inc,111746,Some-college,10,Married-civ-spouse,Craft-repair,Husband,White,Male,10290,0,55,United-States,0,0.9979605685728223,1,4,0.6
19,Private,194260,Some-college,10,Never-married,Sales,Own-child,White,Female,0,0,20,United-States,0,0.0009106023786373141,0,4,0.6
71,Self-emp-not-inc,49893,HS-grad,9,Widowed,Craft-repair,Not-in-family,White,Male,11269,0,39,United-States,0,0.9964130224828084,1,4,0.6
39,Private,178778,Bachelors,13,Never-married,Sales,Not-in-family,White,Male,3730,0,95,United-States,1,0.06411963789051005,0,4,0.6
42,Private,104052,HS-grad,9,Never-married,Machine-op-inspct,Not-in-family,White,Male,8355,1741,57,United-States,0,0.9936480577450996,1,4,0.6
53,Self-emp-not-inc,230961,Prof-school,15,Married-civ-spouse,Prof-specialty,Husband,White,Male,11408,0,60,United-States,1,0.9993180121354333,1,4,0.6
38,Private,339423,Bachelors,13,Never-married,Exec-managerial,Not-in-family,White,Male,10691,0,55,United-States,0,0.9987122766333043,1,4,0.6
18,Private,302712,HS-grad,9,Never-married,Other-service,Not-in-family,White,Female,0,0,35,United-States,0,0.0017200068476496667,0,4,0.6
53,Private,118768,Assoc-acdm,12,Never-married,Craft-repair,Not-in-family,White,Male,354,0,63,United-States,0,0.04370839137981798,0,4,0.6
43,State-gov,187802,Some-college,10,Separated,Craft-repair,Not-in-family,White,Male,0,0,37,United-States,0,0.1344865564425525,0,4,0.6
82,,92593,Some-college,10,Widowed,,Not-in-family,White,Female,2025,0,40,United-States,0,0.006589756633795149,0,4,0.6
67,Private,139843,HS-grad,9,Divorced,Exec-managerial,Not-in-family,White,Female,7911,0,75,United-States,0,0.8635784298165256,1,4,0.6
40,Self-emp-not-inc,226198,HS-grad,9,Divorced,Exec-managerial,Not-in-family,White,Female,6477,0,55,United-States,0,0.12051123173391297,0,4,0.6
34,Self-emp-inc,171041,Bachelors,13,Never-married,Handlers-cleaners,Own-child,White,Male,14686,0,55,United-States,0,0.9962319802965416,1,4,0.6
31,Private,163885,HS-grad,9,Never-married,Machine-op-inspct,Own-child,White,Female,9436,0,55,United-States,0,0.9956066773127271,1,4,0.6
49,Private,91711,Bachelors,13,Married-civ-spouse,Exec-managerial,Husband,White,Male,11289,0,75,United-States,1,0.999193251107952,1,4,0.6
50,Private,160192,HS-grad,9,Married-civ-spouse,Craft-repair,Husband,White,Male,2832,2051,59,United-States,0,0.002199920456032662,0,4,0.6
63,Without-pay,124963,Assoc-acdm,12,Married-civ-spouse,Sales,Husband,White,Male,11171,0,60,United-States,0,0.978817143588574,1,4,0.6
35,Private,161496,Some-college,10,Divorced,Sales,Not-in-family,White,Male,0,0,50,United-States,0,0.38450174054261244,0,4,0.6
49,Private,170408,Assoc-voc,11,Divorced,Machine-op-inspct,Not-in-family,White,Female,14894,0,45,United-States,0,0.9984328785777727,1,4,0.6
65,Private,185283,HS-grad,9,Married-civ-spouse,Craft-repair,Husband,White,Male,3249,0,60,United-States,1,0.07051285083325597,0,4,0.6
61,State-gov,354529,Some-college,10,Never-married,Adm-clerical,Not-in-family,White,Female,1087,0,55,United-States,0,0.010567717384458991,0,4,0.6
36,Self-emp-inc,493034,HS-grad,9,Never-married,Other-service,Not-in-family,Black,Male,27498,0,65,United-States,1,0.9975292870122675,1,4,0.6
53,State-gov,109762,Masters,14,Never-married,Prof-specialty,Not-in-family,White,Male,4317,0,55,United-States,0,0.6016134249648533,0,4,0.6
30,Private,132986,12th,8,Never-married,Other-service,Own-child,White,Male,3112,0,25,United-States,0,0.07666626799571216,0,4,0.6
55,Self-emp-inc,123490,Bachelors,13,Married-civ-spouse,Exec-managerial,Husband,White,Male,14744,0,55,United-States,1,0.9990853997429856,1,4,0.6
28,Private,79874,Some-college,10,Never-married,Other-service,Not-in-family,White,Male,0,0,37,United-States,0,0.036285543259496185,0,4,0.6
37,Private,176756,Some-college,10,Married-civ-spouse,Adm-clerical,Husband,Black,Male,0,1485,70,United-States,1,0.8683953889885118,1,4,0.6
61,Private,119684,HS-grad,9,Married-civ-spouse,Other-service,Husband,White,Male,0,0,50,United-States,0,0.4543505166897808,0,4,0.6
79,,142370,Prof-school,15,Married-civ-spouse,,Husband,White,Male,0,0,10,United-States,0,0.6716992108818396,1,4,0.6
56,Private,160829,Bachelors,13,Married-civ-spouse,Tech-support,Wife,White,Female,80,0,35,United-States,1,0.24525216429345315,0,4,0.6
19,Private,73257,11th,7,Never-married,Other-service,Own-child,White,Female,0,0,15,Germany,0,0.0013464190268496258,0,4,0.6
40,Self-emp-not-inc,277488,HS-grad,9,Separated,Craft-repair,Own-child,White,Male,0,0,40,United-States,0,0.05156289515693632,0,4,0.6
44,Private,178835,HS-grad,9,Never-married,Adm-clerical,Not-in-family,White,Male,2115,0,55,United-States,0,0.017711234541712726,0,4,0.6
26,Private,120268,Bachelors,13,Never-married,Adm-clerical,Own-child,White,Male,0,0,24,United-States,0,0.012335481841183146,0,4,0.6
42,Private,186346,Bachelors,13,Never-married,Exec-managerial,Not-in-family,White,Female,6310,0,65,United-States,0,0.4169643009874636,0,4,0.6
51,Private,360494,HS-grad,9,Never-married,Transport-moving,Not-in-family,White,Male,9545,0,55,United-States,0,0.998048952240173,1,4,0.6
45,Private,142675,Bachelors,13,Never-married,Handlers-cleaners,Not-in-family,White,Male,1629,0,45,United-States,0,0.02569378318765584,0,4,0.6
31,Private,143816,Some-college,10,Never-married,Machine-op-inspct,Other-relative,Black,Male,2013,0,45,United-States,0,0.0021820166622657216,0,4,0.6
58,Self-emp-not-inc,193434,HS-grad,9,Married-civ-spouse,Craft-repair,Husband,White,Male,0,0,20,United-States,0,0.15946580755960255,0,4,0.6
74,Private,122246,Some-college,10,Never-married,Craft-repair,Not-in-family,White,Female,22382,0,54,United-States,1,0.9972118949346106,1,4,0.6
56,Private,187376,Assoc-acdm,12,Separated,Adm-clerical,Not-in-family,White,Male,6806,0,50,United-States,0,0.07750387442205621,0,4,0.6
64,Private,266138,Bachelors,13,Married-civ-spouse,Exec-managerial,Husband,White,Male,872,0,55,,1,0.27658185151657544,0,4,0.6
25,Private,179599,9th,5,Never-married,Machine-op-inspct,Not-in-family,White,Female,0,0,38,United-States,0,0.005719620459670034,0,4,0.6
29,Private,178272,HS-grad,9,Married-civ-spouse,Protective-serv,Husband,White,Male,0,0,40,United-States,0,0.35434448674755836,0,4,0.6
40,Private,188171,Assoc-acdm,12,Never-married,Transport-moving,Own-child,White,Male,8579,0,75,United-States,0,0.9958447783581423,1,4,0.6
40,Local-gov,33662,Masters,14,Married-civ-spouse,Prof-specialty,Wife,White,Female,13039,0,55,United-States,1,0.9988030346186473,1,4,0.6
61,,30475,7th-8th,4,Married-civ-spouse,,Husband,White,Male,0,0,40,United-States,1,0.3868356108454477,0,4,0.6
56,Private,106698,HS-grad,9,Divorced,Other-service,Unmarried,White,Female,11985,0,55,United-States,0,0.9976226547322096,1,4,0.6
39,Private,155382,Some-college,10,Never-married,Other-service,Not-in-family,White,Female,4152,0,40,United-States,0,0.004490419104271494,0,4,0.6
42,Private,194971,HS-grad,9,Married-civ-spouse,Other-service,Husband,Asian-Pac-Islander,Male,1023,0,67,China,0,0.03662024771091568,0,4,0.6
81,,26711,Assoc-voc,11,Married-civ-spouse,,Husband,White,Male,2936,0,20,United-States,0,0.07054706067166276,0,4,0.6
37,Private,219137,7th-8th,4,Divorced,Sales,Unmarried,White,Female,0,0,44,United-States,0,0.054810580041094834,0,4,0.6
42,Local-gov,126319,Bachelors,13,Married-civ-spouse,Prof-specialty,Wife,White,Female,0,0,40,United-States,1,0.9059383404854697,1,4,0.6
52,Private,182217,Some-college,10,Married-civ-spouse,Other-service,Wife,White,Female,7158,0,55,Scotland,0,0.9971840528322284,1,4,0.6
31,Private,219300,Some-college,10,Never-married,Sales,Own-child,White,Female,2429,0,40,United-States,0,0.0038495648194868406,0,4,0.6
53,Private,48087,Bachelors,13,Divorced,Machine-op-inspct,Not-in-family,White,Male,3402,0,55,United-States,0,0.03472670758185422,0,4,0.6
52,,224361,9th,5,Divorced,,Unmarried,White,Female,13820,0,20,Cuba,0,0.9911244532792828,1,4,0.6
41,Private,199116,HS-grad,9,Married-civ-spouse,Machine-op-inspct,Husband,White,Male,9637,0,55,Puerto-Rico,0,0.9977753412065418,1,4,0.6
28,Private,278736,12th,8,Never-married,Handlers-cleaners,Unmarried,White,Male,0,0,40,Mexico,0,0.011628525092996533,0,4,0.6
47,Local-gov,179048,HS-grad,9,Never-married,Craft-repair,Not-in-family,White,Male,0,0,40,United-States,0,0.13971896549259177,0,4,0.6
67,Self-emp-not-inc,96459,10th,6,Married-civ-spouse,Farming-fishing,Husband,White,Male,14022,1887,85,United-States,1,0.9752998795802349,1,4,0.6
19,Private,182355,Some-college,10,Never-married,Adm-clerical,Own-child,Black,Female,0,0,20,United-States,0,0.0008529719558773443,0,4,0.6
49,Private,157991,Some-college,10,Divorced,Adm-clerical,Unmarried,Black,Female,0,0,40,United-States,0,0.04269976278280498,0,4,0.6
64,State-gov,334273,Assoc-acdm,12,Married-civ-spouse,Sales,Husband,White,Male,3795,0,55,United-States,1,0.1263652353177866,0,4,0.6
41,Private,277256,Some-college,10,Married-civ-spouse,Craft-repair,Husband,White,Male,0,0,40,United-States,0,0.6812515144469518,1,4,0.6
46,Self-emp-inc,198613,HS-grad,9,Married-civ-spouse,Exec-managerial,Husband,White,Male,13093,2002,55,United-States,0,0.9974870263266615,1,4,0.6
27,Self-emp-not-inc,208577,Some-college,10,Married-civ-spouse,Exec-managerial,Husband,White,Male,0,0,45,United-States,1,0.6000648320641613,0,4,0.6
32,Private,174391,HS-grad,9,Never-married,Handlers-cleaners,Own-child,White,Female,13242,0,55,United-States,0,0.9948798043774124,1,4,0.6
52,Private,106501,HS-grad,9,Married-civ-spouse,Transport-moving,Husband,White,Male,15529,0,65,United-States,0,0.998882592628966,1,4,0.6
44,Self-emp-not-inc,261056,Bachelors,13,Never-married,Prof-specialty,Own-child,Black,Female,13732,0,75,,0,0.9965206718908282,1,4,0.6
49,Private,131827,HS-grad,9,Never-married,Craft-repair,Unmarried,White,Male,2725,0,55,United-States,0,0.02566276591990511,0,4,0.6
42,Private,49325,Some-college,10,Married-civ-spouse,Transport-moving,Husband,White,Male,11928,0,95,United-States,1,0.9985744732369368,1,4,0.6
58,Local-gov,226871,Bachelors,13,Divorced,Protective-serv,Not-in-family,Black,Male,3742,0,65,United-States,1,0.08177742754042161,0,4,0.6
82,Self-emp-not-inc,280639,HS-grad,9,Widowed,Other-service,Other-relative,White,Female,15340,0,35,United-States,0,0.9931910355946713,1,4,0.6
39,Private,33975,Some-college,10,Married-civ-spouse,Sales,Husband,White,Male,0,0,40,United-States,1,0.6984914543085755,1,4,0.6
59,Self-emp-not-inc,81107,Some-college,10,Married-civ-spouse,Sales,Wife,White,Female,0,0,80,United-States,1,0.5967552795331243,0,4,0.6
44,Local-gov,73199,Assoc-voc,11,Divorced,Tech-support,Unmarried,Asian-Pac-Islander,Male,0,0,40,United-States,0,0.17839652334521547,0,4,0.6
31,,208066,Some-college,10,Never-married,,Own-child,White,Female,14768,0,55,United-States,0,0.9965436850572221,1,4,0.6
54,Self-emp-not-inc,242606,Masters,14,Married-civ-spouse,Sales,Husband,White,Male,4386,0,45,United-States,1,0.9548581104605062,1,4,0.6
76,Local-gov,172768,HS-grad,9,Married-civ-spouse,Adm-clerical,Husband,White,Male,12725,0,55,United-States,0,0.9714826132260899,1,4,0.6
39,Private,221561,11th,7,Married-civ-spouse,Other-service,Wife,Black,Female,6742,0,47,United-States,0,0.9562580186904073,1,4,0.6
53,Private,80666,Some-college,10,Married-civ-spouse,Prof-specialty,Husband,White,Male,10336,0,65,United-States,1,0.9936184617171978,1,4,0.6
43,Local-gov,80058,HS-grad,9,Never-married,Machine-op-inspct,Own-child,White,Male,5928,0,79,United-States,0,0.1299987371618189,0,4,0.6
53,Private,160893,Assoc-acdm,12,Never-married,Adm-clerical,Not-in-family,White,Female,4412,0,60,United-States,0,0.028344196338601232,0,4,0.6
29,Private,152619,12th,8,Never-married,Other-service,Own-child,White,Male,11514,0,35,United-States,0,0.9955374186370815,1,4,0.6
39,Private,99065,Bachelors,13,Married-civ-spouse,Handlers-cleaners,Wife,White,Female,0,0,40,Poland,1,0.6181400333070788,0,4,0.6
45,Private,146497,Some-college,10,Widowed,Exec-managerial,Unmarried,White,Female,0,0,55,United-States,0,0.3752704721379271,0,4,0.6
49,Private,99361,Prof-school,15,Married-civ-spouse,Prof-specialty,Husband,White,Male,0,0,45,United-States,0,0.9447423938842763,1,4,0.6
58,Local-gov,311409,Masters,14,Married-civ-spouse,Prof-specialty,Husband,Black,Male,7688,0,30,United-States,1,0.997972970805667,1,4,0.6
46,Private,236861,HS-grad,9,Married-civ-spouse,Tech-support,Husband,White,Male,3548,0,55,United-States,1,0.08426300729944643,0,4,0.6
62,Self-emp-inc,52565,Some-college,10,Married-civ-spouse,Sales,Husband,White,Male,11614,1485,55,United-States,0,0.9910813397111065,1,4,0.6
90,,167336,HS-grad,9,Married-civ-spouse,,Husband,White,Male,11219,0,31,United-States,0,0.9811579539831001,1,4,0.6
42,Self-emp-not-inc,148959,Some-college,10,Divorced,Craft-repair,Not-in-family,White,Male,1997,0,50,United-States,0,0.02312751763312386,0,4,0.6
53,,38434,Masters,14,Married-civ-spouse,,Wife,White,Female,13572,0,25,United-States,1,0.998834856429688,1,4,0.6
63,State-gov,71691,Bachelors,13,Divorced,Exec-managerial,Not-in-family,White,Male,12212,0,75,United-States,1,0.9965767014152819,1,4,0.6
33,Private,220860,HS-grad,9,Divorced,Transport-moving,Not-in-family,White,Male,0,0,45,United-States,0,0.1370838185196715,0,4,0.6
28,Private,269786,HS-grad,9,Married-civ-spouse,Transport-moving,Husband,White,Male,0,0,40,United-States,0,0.31002454310463573,0,4,0.6
40,Private,236021,Some-college,10,Married-civ-spouse,Transport-moving,Husband,White,Male,0,0,40,United-States,0,0.6316358618253554,0,4,0.6
55,,246219,7th-8th,4,Married-civ-spouse,,Husband,White,Male,2105,0,40,United-States,0,0.010178696830760248,0,4,0.6
59,Federal-gov,323798,Bachelors,13,Married-civ-spouse,Exec-managerial,Husband,White,Male,3377,0,55,United-States,1,0.3017157978602375,0,4,0.6
33,Private,211391,Some-college,10,Never-married,Adm-clerical,Not-in-family,White,Female,2965,0,42,United-States,0,0.005567736064536116,0,4,0.6
64,Private,139347,HS-grad,9,Married-civ-spouse,Transport-moving,Wife,White,Female,11206,0,55,United-States,0,0.9740673315976905,1,4,0.6
37,Private,204338,10th,6,Married-civ-spouse,Craft-repair,Husband,White,Male,12846,0,55,Mexico,0,0.9981551654201192,1,4,0.6
34,Private,195136,Bachelors,13,Married-civ-spouse,Prof-specialty,Wife,White,Female,0,1887,40,United-States,1,0.9924087610061115,1,4,0.6
43,Private,401134,Assoc-acdm,12,Divorced,Other-service,Unmarried,White,Female,0,2238,40,United-States,0,0.5469750773914681,0,4,0.6
40,Private,291808,HS-grad,9,Divorced,Protective-serv,Not-in-family,Black,Female,0,0,40,United-States,0,0.04882962633192059,0,4,0.6
49,Private,32528,Bachelors,13,Married-civ-spouse,Sales,Husband,White,Male,6043,0,65,United-States,0,0.9882054330514621,1,4,0.6
76,,155142,HS-grad,9,Widowed,,Not-in-family,Black,Male,5075,0,35,United-States,0,0.17337790709408807,0,4,0.6
38,Private,247006,HS-grad,9,Married-civ-spouse,Exec-managerial,Husband,White,Male,7701,0,67,United-States,0,0.9983657573033609,1,4,0.6
90,Self-emp-not-inc,158319,HS-grad,9,Widowed,Other-service,Not-in-family,White,Female,11483,0,39,United-States,0,0.9964107919452184,1,4,0.6
48,Private,205359,HS-grad,9,Married-spouse-absent,Other-service,Unmarried,White,Female,3119,0,40,United-States,0,0.2590297847013975,0,4,0.6
27,Private,118598,HS-grad,9,Never-married,Machine-op-inspct,Unmarried,Black,Female,0,0,35,United-States,0,0.0024770285047127794,0,4,0.6
54,Local-gov,70655,HS-grad,9,Divorced,Farming-fishing,Not-in-family,White,Male,4260,0,55,United-States,0,0.3516829641911624,0,4,0.6
39,Private,22422,Some-college,10,Never-married,Sales,Other-relative,White,Male,5452,0,55,United-States,0,0.14865991777825754,0,4,0.6
39,Private,185053,HS-grad,9,Never-married,Machine-op-inspct,Not-in-family,White,Female,0,0,40,United-States,0,0.02803574960746016,0,4,0.6
45,Local-gov,55377,Bachelors,13,Married-civ-spouse,Prof-specialty,Husband,Black,Male,0,0,40,United-States,0,0.862862658100671,1,4,0.6
40,Private,346964,HS-grad,9,Divorced,Tech-support,Unmarried,White,Female,0,0,40,United-States,0,0.09829758337865264,0,4,0.6
42,Private,207284,HS-grad,9,Married-civ-spouse,Machine-op-inspct,Husband,White,Male,8723,0,55,United-States,0,0.9984197274533321,1,4,0.6
29,Private,351731,Some-college,10,Married-civ-spouse,Prof-specialty,Husband,White,Male,0,0,40,United-States,0,0.6811296139181717,1,4,0.6
56,Private,287833,Some-college,10,Married-civ-spouse,Adm-clerical,Wife,White,Female,0,0,35,United-States,1,0.6722753235155524,1,4,0.6
43,Private,35910,Some-college,10,Married-civ-spouse,Sales,Husband,White,Male,0,0,43,United-States,1,0.6943944327623256,1,4,0.6
42,Private,103642,11th,7,Married-civ-spouse,Craft-repair,Husband,White,Male,6354,0,55,United-States,0,0.986796464249762,1,4,0.6
28,Self-emp-not-inc,33363,HS-grad,9,Married-civ-spouse,Farming-fishing,Husband,White,Male,0,0,70,United-States,1,0.3931345807305074,0,4,0.6
33,Private,163870,Some-college,10,Never-married,Adm-clerical,Own-child,White,Male,6895,0,55,United-States,0,0.052433730341526305,0,4,0.6
25,Private,224361,HS-grad,9,Never-married,Other-service,Not-in-family,White,Male,0,0,40,United-States,0,0.02109417582325854,0,4,0.6
34,Private,115892,11th,7,Never-married,Other-service,Not-in-family,White,Male,3722,0,55,United-States,0,0.006070353898685872,0,4,0.6
58,Private,201393,Assoc-acdm,12,Divorced,Adm-clerical,Not-in-family,White,Male,0,1876,40,United-States,0,0.08052204397250122,0,4,0.6
29,Private,48610,11th,7,Never-married,Farming-fishing,Own-child,White,Male,1407,0,60,United-States,0,0.0035227006548692093,0,4,0.6
64,Self-emp-inc,146574,Prof-school,15,Married-civ-spouse,Prof-specialty,Husband,White,Male,9020,0,55,United-States,1,0.9908114906921119,1,4,0.6
31,Private,102884,HS-grad,9,Married-civ-spouse,Machine-op-inspct,Husband,White,Male,0,0,50,United-States,0,0.5612553322220853,0,4,0.6
52,Private,193524,Doctorate,16,Married-civ-spouse,Prof-specialty,Husband,White,Male,11403,0,75,United-States,1,0.9990525823255255,1,4,0.6
49,Private,60548,HS-grad,9,Widowed,Machine-op-inspct,Unmarried,White,Female,3008,0,35,United-States,0,0.0030942159133340633,0,4,0.6
62,Private,143664,Bachelors,13,Never-married,Exec-managerial,Not-in-family,White,Male,2385,0,55,United-States,0,0.112547157922044,0,4,0.6
46,State-gov,102628,Masters,14,Widowed,Protective-serv,Unmarried,White,Male,0,0,40,United-States,0,0.6161078953425201,0,4,0.6
32,Private,272944,Some-college,10,Never-married,Craft-repair,Not-in-family,White,Female,0,0,40,United-States,0,0.05278075688900994,0,4,0.6
90,Local-gov,84616,11th,7,Married-civ-spouse,Exec-managerial,Husband,White,Male,14570,0,22,United-States,0,0.971369517180626,1,4,0.6
42,Private,195096,HS-grad,9,Married-civ-spouse,Sales,Husband,White,Male,4064,0,40,United-States,0,0.04690096781455996,0,4,0.6
73,Self-emp-not-inc,176965,Prof-school,15,Married-civ-spouse,Prof-specialty,Husband,White,Male,7940,0,65,United-States,1,0.9773626002152392,1,4,0.6
30,Private,343059,Some-college,10,Never-married,Sales,Own-child,White,Female,14239,0,55,United-States,0,0.9954600588403298,1,4,0.6
43,Private,57781,HS-grad,9,Divorced,Adm-clerical,Unmarried,White,Female,14762,0,65,United-States,0,0.9928066125965611,1,4,0.6
48,Private,126754,Masters,14,Married-civ-spouse,Prof-specialty,Husband,White,Male,15024,0,40,United-States,1,0.9990307444178452,1,4,0.6
19,Private,279968,Some-college,10,Never-married,Adm-clerical,Own-child,White,Female,0,0,20,United-States,0,0.0008170451571220094,0,4,0.6
61,Private,255466,Some-college,10,Divorced,Adm-clerical,Not-in-family,White,Female,10657,0,75,United-States,0,0.9960709234150635,1,4,0.6
70,Private,132670,Masters,14,Married-civ-spouse,Sales,Husband,White,Male,9386,0,4,United-States,1,0.9769035213874361,1,4,0.6
65,Private,169182,10th,6,Married-spouse-absent,Machine-op-inspct,Not-in-family,White,Female,2620,0,55,Columbia,0,0.0051200007016401605,0,4,0.6
37,Private,232991,5th-6th,3,Married-civ-spouse,Machine-op-inspct,Husband,Other,Male,6524,0,55,Mexico,0,0.9623496424725407,1,4,0.6
36,Private,218542,HS-grad,9,Separated,Adm-clerical,Unmarried,Black,Female,0,0,40,United-States,0,0.02026456291306,0,4,0.6
37,Private,99357,Assoc-acdm,12,Never-married,Other-service,Not-in-family,White,Female,0,0,30,United-States,0,0.020789727727941708,0,4,0.6
30,Private,333119,Some-college,10,Never-married,Craft-repair,Not-in-family,White,Male,0,0,40,United-States,0,0.05899650759301867,0,4,0.6
41,Private,195760,HS-grad,9,Married-civ-spouse,Other-service,Wife,White,Female,12999,0,50,United-States,0,0.999117579072802,1,4,0.6
46,Private,174426,Some-college,10,Married-civ-spouse,Machine-op-inspct,Husband,White,Male,0,0,40,United-States,0,0.6983755631317556,1,4,0.6
41,Private,142579,Bachelors,13,Widowed,Sales,Unmarried,Black,Male,0,0,50,United-States,0,0.7417324226925669,1,4,0.6
30,Private,334676,HS-grad,9,Never-married,Handlers-cleaners,Own-child,White,Male,5150,0,40,United-States,0,0.04098224999379497,0,4,0.6
36,Self-emp-not-inc,280169,Some-college,10,Married-civ-spouse,Farming-fishing,Husband,White,Male,3456,0,8,United-States,0,0.00989368907062885,0,4,0.6
29,Self-emp-not-inc,322238,HS-grad,9,Never-married,Farming-fishing,Not-in-family,White,Male,0,0,40,United-States,0,0.03734513994610837,0,4,0.6
60,Private,155664,Bachelors,13,Married-civ-spouse,Adm-clerical,Husband,White,Male,12332,0,50,United-States,1,0.9990711438178993,1,4,0.6
24,Private,132320,Bachelors,13,Never-married,Exec-managerial,Own-child,White,Male,0,0,45,United-States,0,0.04357779141663713,0,4,0.6
36,Private,116138,HS-grad,9,Married-civ-spouse,Prof-specialty,Husband,Asian-Pac-Islander,Male,0,0,40,Cambodia,0,0.5993572528241939,0,4,0.6
68,Local-gov,571017,Some-college,10,Married-civ-spouse,Adm-clerical,Wife,White,Female,7577,0,30,United-States,0,0.9677128503902026,1,4,0.6
38,Private,156550,HS-grad,9,Married-civ-spouse,Craft-repair,Husband,White,Male,0,0,60,United-States,0,0.6667221000198786,1,4,0.6
35,Self-emp-not-inc,280570,HS-grad,9,Married-civ-spouse,Exec-managerial,Husband,White,Male,0,0,35,United-States,0,0.42592995034703185,0,4,0.6
24,Private,418405,HS-grad,9,Married-civ-spouse,Craft-repair,Husband,White,Male,0,0,40,United-States,0,0.14743866232556482,0,4,0.6
45,Self-emp-not-inc,203784,Assoc-voc,11,Married-civ-spouse,Farming-fishing,Husband,White,Male,7030,0,77,United-States,0,0.9221968748929582,1,4,0.6
43,Self-emp-not-inc,144218,12th,8,Married-civ-spouse,Transport-moving,Husband,White,Male,0,0,60,United-States,0,0.45648553782794254,0,4,0.6
44,Private,296897,Bachelors,13,Never-married,Prof-specialty,Own-child,Black,Female,13950,0,55,United-States,0,0.9972518484054055,1,4,0.6
41,Private,211482,Bachelors,13,Married-civ-spouse,Sales,Husband,White,Male,1963,0,55,United-States,0,0.2591441140633518,0,4,0.6
23,Private,33016,HS-grad,9,Never-married,Craft-repair,Not-in-family,White,Male,0,0,40,United-States,0,0.01638540580221422,0,4,0.6
42,Self-emp-inc,443508,Doctorate,16,Married-civ-spouse,Prof-specialty,Husband,White,Male,0,0,45,United-States,1,0.9490860399416495,1,4,0.6
32,Private,208180,Assoc-voc,11,Married-civ-spouse,Tech-support,Wife,White,Female,0,0,24,United-States,1,0.7704306453765437,1,4,0.6
32,,117210,Some-college,10,Never-married,,Own-child,White,Male,9877,0,55,United-States,0,0.9946387377410404,1,4,0.6
45,Private,221762,Some-college,10,Never-married,Prof-specialty,Not-in-family,Black,Male,14585,0,55,United-States,0,0.9987328776462183,1,4,0.6
70,Private,642830,HS-grad,9,Divorced,Protective-serv,Not-in-family,White,Female,0,0,32,United-States,0,0.04547169136024102,0,4,0.6
32,Private,113838,Some-college,10,Married-civ-spouse,Handlers-cleaners,Husband,White,Male,0,0,40,United-States,0,0.2981262560424718,0,4,0.6
69,Self-emp-not-inc,217692,HS-grad,9,Widowed,Craft-repair,Not-in-family,White,Female,11023,0,53,United-States,0,0.9947883549115422,1,4,0.6
30,Private,226696,Bachelors,13,Married-civ-spouse,Sales,Husband,White,Male,0,0,40,United-States,1,0.8227157602589912,1,4,0.6
28,Private,90928,Assoc-voc,11,Never-married,Exec-managerial,Not-in-family,White,Female,0,0,40,United-States,0,0.07215073262713327,0,4,0.6
32,Private,221955,5th-6th,3,Married-spouse-absent,Farming-fishing,Other-relative,White,Male,2235,0,55,Mexico,0,0.0036049220798709558,0,4,0.6
76,Private,114994,HS-grad,9,Married-civ-spouse,Other-service,Husband,White,Male,9213,0,35,United-States,0,0.9650780935219694,1,4,0.6
70,Private,236596,Some-college,10,Married-civ-spouse,Exec-managerial,Husband,White,Male,11670,0,55,United-States,1,0.9914517108847191,1,4,0.6
33,,133515,Assoc-acdm,12,Never-married,,Own-child,White,Female,13311,0,55,United-States,0,0.9967348019502524,1,4,0.6
25,Private,144259,HS-grad,9,Never-married,Craft-repair,Own-child,Black,Male,0,0,50,United-States,0,0.018812322714020484,0,4,0.6
50,Private,247111,HS-grad,9,Married-civ-spouse,Tech-support,Husband,White,Male,1542,0,55,United-States,1,0.13121051494735028,0,4,0.6
31,,200790,12th,8,Married-civ-spouse,,Other-relative,White,Female,21366,0,55,United-States,1,0.9979848615451763,1,4,0.6
60,Private,181758,Some-college,10,Divorced,Adm-clerical,Unmarried,White,Female,2810,0,55,United-States,0,0.014857606214669998,0,4,0.6
36,Private,198148,Some-college,10,Never-married,Other-service,Own-child,White,Male,11068,0,45,United-States,0,0.9974409699473937,1,4,0.6
41,Private,154411,Assoc-voc,11,Never-married,Tech-support,Own-child,White,Male,64,0,55,United-States,0,0.009229371630488644,0,4,0.6
49,Self-emp-not-inc,225860,Assoc-acdm,12,Married-spouse-absent,Farming-fishing,Not-in-family,White,Male,1618,0,65,United-States,0,0.03350345265114951,0,4,0.6
60,Private,329778,HS-grad,9,Widowed,Other-service,Unmarried,White,Female,11047,0,55,United-States,0,0.9973675906056642,1,4,0.6
75,Private,151364,HS-grad,9,Married-civ-spouse,Prof-specialty,Wife,White,Female,8253,0,40,United-States,0,0.9729441682350675,1,4,0.6
57,Self-emp-not-inc,103948,Prof-school,15,Married-civ-spouse,Prof-specialty,Husband,White,Male,0,0,30,United-States,1,0.8274377418358649,1,4,0.6
46,Private,113838,Some-college,10,Married-civ-spouse,Craft-repair,Husband,White,Male,12443,0,60,United-States,0,0.9990206103046704,1,4,0.6
17,Private,57723,11th,7,Never-married,Sales,Own-child,White,Male,0,0,30,United-States,0,0.0012864459085873553,0,4,0.6
37,Federal-gov,31670,Bachelors,13,Married-civ-spouse,Exec-managerial,Husband,White,Male,0,0,40,United-States,0,0.8546597743155497,1,4,0.6
41,Private,146719,HS-grad,9,Never-married,Transport-moving,Not-in-family,White,Female,14405,0,60,United-States,0,0.9972925900761938,1,4,0.6
47,Self-emp-inc,202027,Some-college,10,Divorced,Exec-managerial,Not-in-family,White,Male,694,0,75,United-States,0,0.04726677975268802,0,4,0.6
62,Private,258819,HS-grad,9,Divorced,Craft-repair,Not-in-family,White,Male,14773,0,55,United-States,1,0.996669457287124,1,4,0.6
49,Private,349689,HS-grad,9,Divorced,Adm-clerical,Unmarried,White,Female,1315,0,55,United-States,0,0.014881315306375846,0,4,0.6
46,Private,147640,5th-6th,3,Married-civ-spouse,Transport-moving,Husband,Amer-Indian-Eskimo,Male,0,1902,40,United-States,0,0.7274229106587858,1,4,0.6
43,Private,210008,HS-grad,9,Never-married,Sales,Own-child,White,Female,14982,0,55,United-States,0,0.9971336681994869,1,4,0.6
36,Private,210029,HS-grad,9,Never-married,Adm-clerical,Not-in-family,White,Female,917,2001,52,United-States,0,0.0022733647384346554,0,4,0.6
34,Private,166371,Some-college,10,Never-married,Craft-repair,Own-child,White,Male,3725,0,55,United-States,0,0.016072946919107635,0,4,0.6
31,Private,178147,Some-college,10,Never-married,Handlers-cleaners,Own-child,White,Male,407,0,25,United-States,0,0.001355763113000702,0,4,0.6
34,Private,114955,Assoc-acdm,12,Divorced,Machine-op-inspct,Not-in-family,White,Male,0,0,40,United-States,0,0.05491582342597919,0,4,0.6
29,Private,53611,12th,8,Never-married,Other-service,Own-child,White,Female,10678,0,21,United-States,0,0.9788678833125377,1,4,0.6
29,Private,303440,Assoc-voc,11,Never-married,Exec-managerial,Not-in-family,White,Female,0,0,40,United-States,0,0.07230211886559806,0,4,0.6
52,Private,277256,Bachelors,13,Divorced,Exec-managerial,Not-in-family,White,Male,3646,2559,70,United-States,1,0.7827345819710642,1,4,0.6
66,Private,159755,Some-college,10,Married-civ-spouse,Protective-serv,Husband,White,Male,1635,0,55,United-States,1,0.11237338534810024,0,4,0.6
37,Private,109419,HS-grad,9,Never-married,Adm-clerical,Own-child,White,Female,3232,0,55,United-States,0,0.006674013197671433,0,4,0.6
69,State-gov,141459,Some-college,10,Divorced,Prof-specialty,Unmarried,White,Female,7414,0,55,United-States,0,0.9449870105282098,1,4,0.6
32,State-gov,27051,Bachelors,13,Married-civ-spouse,Craft-repair,Husband,White,Male,0,0,52,United-States,1,0.8069189338839136,1,4,0.6
23,Private,195508,Bachelors,13,Married-civ-spouse,Sales,Husband,White,Male,0,0,45,United-States,0,0.3160584114105675,0,4,0.6
26,Private,358124,HS-grad,9,Never-married,Other-service,Other-relative,Black,Female,0,0,40,United-States,0,0.0036177199553637947,0,4,0.6
40,Private,205337,HS-grad,9,Married-civ-spouse,Craft-repair,Husband,White,Male,2351,0,55,United-States,0,0.09085138144098619,0,4,0.6
58,Private,163324,HS-grad,9,Married-civ-spouse,Other-service,Wife,White,Female,4347,0,55,United-States,0,0.7528455350026624,1,4,0.6
33,Private,37783,Some-college,10,Never-married,Exec-managerial,Not-in-family,White,Female,14847,0,53,United-States,0,0.9984215517171786,1,4,0.6
61,Private,110669,10th,6,Divorced,Machine-op-inspct,Not-in-family,White,Female,8532,0,47,United-States,0,0.9899431278041881,1,4,0.6
22,,374116,HS-grad,9,Never-married,,Not-in-family,White,Female,0,0,36,United-States,0,0.009135937927156347,0,4,0.6
35,Private,242912,Some-college,10,Never-married,Other-service,Own-child,White,Female,17281,0,55,United-States,0,0.9963761121318663,1,4,0.6
19,Private,210509,Some-college,10,Never-married,Adm-clerical,Own-child,White,Female,0,0,30,United-States,0,0.0017216693754767566,0,4,0.6
30,Private,340899,Prof-school,15,Never-married,Prof-specialty,Not-in-family,White,Male,0,1590,80,United-States,0,0.061682265709223576,0,4,0.6
27,,95708,11th,7,Divorced,,Not-in-family,Asian-Pac-Islander,Male,0,0,40,United-States,0,0.03170943257145904,0,4,0.6
48,Private,143098,Doctorate,16,Married-civ-spouse,Prof-specialty,Husband,Asian-Pac-Islander,Male,0,1902,40,China,1,0.9909439358689791,1,4,0.6
56,Private,215839,Some-college,10,Married-civ-spouse,Transport-moving,Husband,White,Male,0,0,60,,0,0.8031540237559333,1,4,0.6
17,Never-worked,131593,11th,7,Never-married,,Own-child,Black,Female,0,0,20,United-States,0,0.00023398971911667006,0,4,0.6
42,Private,298871,Masters,14,Married-civ-spouse,Prof-specialty,Husband,Asian-Pac-Islander,Male,366,1887,60,Iran,1,0.8778371389842003,1,4,0.6
55,Private,204334,Prof-school,15,Married-civ-spouse,Exec-managerial,Husband,White,Male,0,1977,55,England,1,0.9860573323122793,1,4,0.6
51,Local-gov,91039,Masters,14,Married-civ-spouse,Exec-managerial,Husband,White,Male,47,0,60,United-States,0,0.40408674409231327,0,4,0.6
52,Self-emp-not-inc,399008,HS-grad,9,Married-civ-spouse,Transport-moving,Husband,Black,Male,5013,0,40,United-States,0,0.029268572787967136,0,4,0.6
43,Private,184846,HS-grad,9,Widowed,Machine-op-inspct,Unmarried,White,Female,0,0,60,United-States,0,0.12342082864467359,0,4,0.6
48,Private,398843,Some-college,10,Separated,Sales,Unmarried,Black,Female,0,0,35,United-States,0,0.07654204255841442,0,4,0.6
21,Private,206891,7th-8th,4,Never-married,Farming-fishing,Own-child,White,Female,0,0,38,United-States,0,0.005350806754089744,0,4,0.6
25,Private,478836,Some-college,10,Never-married,Exec-managerial,Not-in-family,White,Male,0,0,40,United-States,0,0.03822430783300481,0,4,0.6
32,Private,226535,HS-grad,9,Never-married,Craft-repair,Not-in-family,White,Male,0,0,40,United-States,0,0.05179279857007646,0,4,0.6
25,State-gov,99076,Bachelors,13,Never-married,Other-service,Not-in-family,White,Female,2597,0,50,United-States,0,0.0036851507033968103,0,4,0.6
66,,155755,HS-grad,9,Divorced,,Not-in-family,White,Female,14103,0,40,United-States,0,0.9962377455484523,1,4,0.6
65,Local-gov,205005,Bachelors,13,Married-civ-spouse,Prof-specialty,Wife,White,Female,10933,0,75,United-States,1,0.993824562515514,1,4,0.6
45,Private,189265,Bachelors,13,Never-married,Exec-managerial,Not-in-family,White,Female,4614,0,55,United-States,0,0.12481237384688777,0,4,0.6
35,Private,211968,Some-college,10,Never-married,Other-service,Own-child,White,Female,9789,0,35,United-States,0,0.9936094469956639,1,4,0.6
33,Private,342730,Some-college,10,Married-civ-spouse,Sales,Husband,White,Male,0,0,52,United-States,0,0.5917352532580066,0,4,0.6
57,Local-gov,268252,HS-grad,9,Divorced,Adm-clerical,Unmarried,White,Female,0,0,62,United-States,0,0.11171776175052071,0,4,0.6
74,Private,77884,5th-6th,3,Married-civ-spouse,Farming-fishing,Husband,Asian-Pac-Islander,Male,3370,0,55,Philippines,0,0.017238804494512844,0,4,0.6
51,Private,248445,5th-6th,3,Married-civ-spouse,Handlers-cleaners,Husband,White,Male,7918,0,55,Mexico,0,0.9977936002610558,1,4,0.6
48,State-gov,78529,Masters,14,Separated,Prof-specialty,Not-in-family,White,Male,0,0,60,United-States,0,0.6314635238815084,0,4,0.6
60,Private,283737,Masters,14,Divorced,Exec-managerial,Not-in-family,White,Male,14177,0,55,United-States,0,0.9986495369908257,1,4,0.6
58,Private,321327,Some-college,10,Married-civ-spouse,Transport-moving,Husband,White,Male,9943,0,60,United-States,1,0.9986368640969929,1,4,0.6
23,Local-gov,145112,Bachelors,13,Never-married,Prof-specialty,Own-child,White,Female,0,0,43,United-States,0,0.013659955542682251,0,4,0.6
66,Self-emp-not-inc,109418,Bachelors,13,Married-civ-spouse,Exec-managerial,Wife,White,Female,9633,1977,50,United-States,1,0.9925125655979461,1,4,0.6
39,Private,191503,Bachelors,13,Married-civ-spouse,Prof-specialty,Husband,White,Male,0,1887,40,United-States,1,0.9929880670536915,1,4,0.6
36,Local-gov,184975,Bachelors,13,Never-married,Prof-specialty,Not-in-family,White,Female,9463,0,55,United-States,0,0.9980367067903774,1,4,0.6
41,Private,190756,11th,7,Married-civ-spouse,Craft-repair,Husband,White,Male,6786,0,59,United-States,0,0.9609512807037032,1,4,0.6
40,Self-emp-inc,32922,Assoc-voc,11,Never-married,Sales,Not-in-family,White,Male,11021,0,75,United-States,0,0.998187123156966,1,4,0.6
42,,151989,Assoc-voc,11,Divorced,,Unmarried,White,Female,13767,0,55,United-States,0,0.9929466121817071,1,4,0.6
66,Local-gov,224934,Masters,14,Married-civ-spouse,Prof-specialty,Husband,White,Male,5243,0,65,United-States,1,0.9888169471131334,1,4,0.6
32,Private,243878,Some-college,10,Never-married,Craft-repair,Own-child,White,Male,2544,0,55,United-States,0,0.009181461904518221,0,4,0.6
46,Self-emp-inc,152109,HS-grad,9,Married-civ-spouse,Craft-repair,Husband,White,Male,2753,0,55,United-States,0,0.11424031995267704,0,4,0.6
45,Private,149902,Some-college,10,Divorced,Exec-managerial,Unmarried,Black,Female,10165,0,55,United-States,0,0.9662272017501621,1,4,0.6
62,Private,96099,HS-grad,9,Never-married,Craft-repair,Not-in-family,White,Male,0,0,40,United-States,0,0.13140044309563254,0,4,0.6
49,Private,308691,Bachelors,13,Married-civ-spouse,Craft-repair,Husband,White,Male,11447,0,60,United-States,1,0.9990323815091949,1,4,0.6
35,Private,163237,Bachelors,13,Married-civ-spouse,Sales,Husband,White,Male,0,0,52,United-States,1,0.8578084019144212,1,4,0.6
40,Private,177119,Masters,14,Never-married,Exec-managerial,Not-in-family,White,Female,3023,0,95,,0,0.049951936642644336,0,4,0.6
76,,169917,7th-8th,4,Widowed,,Not-in-family,White,Female,6210,0,19,United-States,0,0.021626625664379933,0,4,0.6
48,Private,635913,HS-grad,9,Married-spouse-absent,Other-service,Not-in-family,Black,Male,11721,0,55,United-States,0,0.9979254419114704,1,4,0.6
44,Private,218322,HS-grad,9,Married-civ-spouse,Craft-repair,Husband,White,Male,11159,0,55,United-States,0,0.9990024819385588,1,4,0.6
39,Private,409246,HS-grad,9,Married-civ-spouse,Farming-fishing,Husband,White,Male,3603,0,55,United-States,1,0.05060679858126021,0,4,0.6
61,Local-gov,184428,Masters,14,Married-civ-spouse,Adm-clerical,Husband,White,Male,12976,0,55,United-States,0,0.9916577607201036,1,4,0.6
25,Private,267426,HS-grad,9,Married-civ-spouse,Handlers-cleaners,Husband,White,Male,0,0,40,United-States,0,0.18853714401680668,0,4,0.6
52,Private,99307,Assoc-acdm,12,Married-civ-spouse,Sales,Husband,White,Male,3103,0,48,United-States,1,0.9765796840319013,1,4,0.6
44,,30499,Bachelors,13,Divorced,,Unmarried,White,Female,12390,0,47,United-States,0,0.9917358802508645,1,4,0.6
31,Private,376683,HS-grad,9,Never-married,Sales,Own-child,Black,Female,11699,0,50,United-States,0,0.9953063594630301,1,4,0.6
45,Private,345360,Some-college,10,Never-married,Sales,Not-in-family,White,Male,3176,0,55,United-States,0,0.05796654982804552,0,4,0.6
30,,90230,HS-grad,9,Never-married,,Own-child,White,Male,12526,0,35,United-States,0,0.9949586447047338,1,4,0.6
23,Private,162228,Bachelors,13,Never-married,Sales,Not-in-family,White,Male,0,0,48,United-States,0,0.04200786310138843,0,4,0.6
37,Private,289886,Some-college,10,Never-married,Other-service,Other-relative,Asian-Pac-Islander,Male,0,0,30,Vietnam,0,0.015303549222066717,0,4,0.6
34,State-gov,50178,Some-college,10,Married-civ-spouse,Exec-managerial,Husband,White,Male,0,0,38,United-States,0,0.6319347984769982,0,4,0.6
21,Private,188535,HS-grad,9,Never-married,Machine-op-inspct,Not-in-family,White,Male,0,0,44,United-States,0,0.011522176730297165,0,4,0.6
51,Private,271610,HS-grad,9,Married-civ-spouse,Transport-moving,Husband,White,Male,13320,0,75,United-States,1,0.9989401624222898,1,4,0.6
54,Self-emp-not-inc,93853,Some-college,10,Married-civ-spouse,Craft-repair,Husband,White,Male,8679,0,60,United-States,0,0.9986381690414845,1,4,0.6
41,Local-gov,180916,Some-college,10,Separated,Adm-clerical,Unmarried,White,Female,3611,0,53,United-States,0,0.011793380362368747,0,4,0.6
32,,377017,Assoc-acdm,12,Never-married,,Own-child,White,Male,0,0,40,United-States,0,0.04345577932455413,0,4,0.6
32,Private,58222,Some-college,10,Never-married,Handlers-cleaners,Own-child,White,Male,10827,0,35,United-States,0,0.9923597341458337,1,4,0.6
50,Private,205493,HS-grad,9,Married-civ-spouse,Exec-managerial,Wife,White,Female,6487,0,75,United-States,1,0.9870972203114086,1,4,0.6
53,State-gov,539019,Some-college,10,Never-married,Farming-fishing,Not-in-family,Black,Male,8214,0,55,United-States,0,0.9573258531663221,1,4,0.6
72,,225894,Preschool,1,Widowed,,Not-in-family,White,Female,8703,0,55,Guatemala,0,0.9455267243337228,1,4,0.6
49,Local-gov,270181,Assoc-acdm,12,Married-spouse-absent,Other-service,Unmarried,Black,Female,3820,0,65,United-States,0,0.014126502049816114,0,4,0.6
44,Self-emp-inc,233727,Bachelors,13,Married-civ-spouse,Sales,Husband,White,Male,9612,0,75,United-States,1,0.9984597929538745,1,4,0.6
30,Private,94196,HS-grad,9,Never-married,Handlers-cleaners,Own-child,White,Female,7200,0,40,United-States,0,0.4868927099258001,0,4,0.6
56,Private,172479,Bachelors,13,Married-civ-spouse,Prof-specialty,Husband,White,Male,18897,0,55,United-States,1,0.9990711438178993,1,4,0.6
74,Federal-gov,171995,10th,6,Married-civ-spouse,Handlers-cleaners,Husband,Black,Male,15735,0,55,United-States,0,0.9741607510291102,1,4,0.6
48,Private,104457,Bachelors,13,Married-spouse-absent,Machine-op-inspct,Not-in-family,Asian-Pac-Islander,Male,5674,0,55,,0,0.26141822098676176,0,4,0.6
88,Local-gov,104443,HS-grad,9,Widowed,Other-service,Not-in-family,White,Female,14922,1668,55,United-States,0,0.9895698703241979,1,4,0.6
32,Private,39615,Some-college,10,Never-married,Craft-repair,Own-child,White,Male,3613,0,55,United-States,0,0.008942146809294966,0,4,0.6
33,Self-emp-not-inc,73585,11th,7,Married-civ-spouse,Craft-repair,Husband,White,Male,0,0,50,United-States,0,0.22980587826321877,0,4,0.6
55,Private,96483,HS-grad,9,Divorced,Other-service,Own-child,Asian-Pac-Islander,Female,14082,0,55,South,0,0.9966557138787437,1,4,0.6
65,Self-emp-inc,220786,Some-college,10,Widowed,Sales,Not-in-family,White,Female,2517,0,75,United-States,0,0.011508423216571244,0,4,0.6
32,Private,100188,Some-college,10,Never-married,Tech-support,Own-child,White,Female,355,0,39,United-States,0,0.0028688058726770624,0,4,0.6
24,Private,64520,7th-8th,4,Never-married,Sales,Own-child,White,Male,0,0,40,United-States,0,0.017804459311061407,0,4,0.6
47,Private,220098,HS-grad,9,Married-civ-spouse,Other-service,Wife,White,Female,2780,0,55,United-States,1,0.033611538822974935,0,4,0.6
42,Private,115963,7th-8th,4,Never-married,Machine-op-inspct,Unmarried,White,Male,2606,0,57,United-States,0,0.01201031087723198,0,4,0.6
43,Private,72630,Bachelors,13,Never-married,Exec-managerial,Not-in-family,White,Male,27234,0,65,United-States,1,0.9987088020473472,1,4,0.6
45,State-gov,156015,Bachelors,13,Married-civ-spouse,Exec-managerial,Husband,White,Male,13614,0,55,United-States,1,0.9991587471082406,1,4,0.6
42,Private,114691,Bachelors,13,Never-married,Adm-clerical,Other-relative,White,Male,1496,0,55,United-States,0,0.008946781375074448,0,4,0.6
29,Private,193769,9th,5,Never-married,Other-service,Unmarried,White,Male,14467,0,35,United-States,0,0.9913337200922558,1,4,0.6
45,Private,184178,Assoc-acdm,12,Married-civ-spouse,Other-service,Wife,Black,Female,6052,0,50,United-States,0,0.9880208946127731,1,4,0.6
50,Private,123374,Bachelors,13,Married-civ-spouse,Prof-specialty,Husband,White,Male,0,0,50,United-States,1,0.8962811662787505,1,4,0.6
35,Private,341643,Some-college,10,Married-civ-spouse,Machine-op-inspct,Husband,White,Male,0,0,40,United-States,0,0.31342530809605373,0,4,0.6
82,,133248,HS-grad,9,Married-civ-spouse,,Husband,White,Male,6786,0,29,United-States,0,0.598934887169838,0,4,0.6
42,Private,111415,HS-grad,9,Married-civ-spouse,Other-service,Husband,White,Male,4101,0,70,Germany,0,0.050257904680036415,0,4,0.6
29,State-gov,214881,Bachelors,13,Married-civ-spouse,Prof-specialty,Husband,White,Male,0,0,40,Honduras,1,0.7621080104096281,1,4,0.6
33,Private,124407,Bachelors,13,Never-married,Prof-specialty,Not-in-family,White,Female,0,0,40,United-States,0,0.28394025010977997,0,4,0.6
38,Local-gov,173804,Bachelors,13,Divorced,Prof-specialty,Own-child,White,Female,0,0,38,United-States,0,0.1557779956183956,0,4,0.6
51,Private,107302,HS-grad,9,Married-civ-spouse,Prof-specialty,Husband,White,Male,6114,0,60,,1,0.9920343519680214,1,4,0.6
79,,137894,Bachelors,13,Widowed,,Not-in-family,White,Female,12308,0,31,United-States,1,0.995851400332803,1,4,0.6
55,Private,109015,Bachelors,13,Divorced,Exec-managerial,Not-in-family,White,Female,0,1876,40,United-States,0,0.2385417322233639,0,4,0.6
62,Private,132917,Some-college,10,Married-civ-spouse,Transport-moving,Husband,Black,Male,0,0,20,United-States,0,0.28979527827352686,0,4,0.6
25,Private,120238,Bachelors,13,Never-married,Exec-managerial,Not-in-family,White,Male,0,0,40,United-States,0,0.06859508396391523,0,4,0.6
51,Local-gov,43705,Masters,14,Married-civ-spouse,Prof-specialty,Husband,White,Male,0,0,54,United-States,1,0.8847041780421533,1,4,0.6
34,Local-gov,63338,HS-grad,9,Never-married,Adm-clerical,Own-child,White,Female,0,0,40,United-States,0,0.019599325016867303,0,4,0.6
36,Private,232328,9th,5,Divorced,Other-service,Own-child,White,Female,1801,0,50,United-States,0,0.0057037912799744,0,4,0.6
37,Private,371987,HS-grad,9,Divorced,Adm-clerical,Not-in-family,White,Female,8567,0,55,United-States,0,0.9976233517535272,1,4,0.6
53,Private,93885,Some-college,10,Divorced,Sales,Unmarried,White,Female,9573,0,63,United-States,0,0.9966972880309058,1,4,0.6
71,Private,117059,11th,7,Married-civ-spouse,Transport-moving,Husband,Amer-Indian-Eskimo,Male,9433,0,55,United-States,0,0.9684341943219602,1,4,0.6
18,Private,137363,HS-grad,9,Never-married,Adm-clerical,Own-child,White,Female,0,0,40,United-States,0,0.0012537713066277981,0,4,0.6
37,Self-emp-inc,27997,HS-grad,9,Never-married,Transport-moving,Not-in-family,White,Male,0,0,50,United-States,0,0.0996294565211762,0,4,0.6
90,Local-gov,163685,HS-grad,9,Widowed,Exec-managerial,Not-in-family,White,Female,8682,0,48,United-States,0,0.9961818311035855,1,4,0.6
56,Federal-gov,113597,Some-college,10,Married-civ-spouse,Exec-managerial,Husband,White,Male,12485,0,70,United-States,1,0.99841021967675,1,4,0.6
34,State-gov,253121,Bachelors,13,Married-civ-spouse,Prof-specialty,Husband,White,Male,0,0,40,United-States,0,0.8318025547170269,1,4,0.6
69,Self-emp-not-inc,253267,5th-6th,3,Separated,Other-service,Unmarried,White,Female,6139,0,50,Cuba,0,0.10033841057600792,0,4,0.6
24,State-gov,166851,Masters,14,Never-married,Prof-specialty,Not-in-family,White,Male,0,0,13,United-States,0,0.009633606039446949,0,4,0.6
49,Private,248919,1st-4th,2,Married-civ-spouse,Adm-clerical,Husband,White,Male,11541,0,81,Mexico,0,0.9981891702945602,1,4,0.6
45,Self-emp-not-inc,271828,Bachelors,13,Married-civ-spouse,Craft-repair,Husband,White,Male,0,0,20,United-States,0,0.34693460854712665,0,4,0.6
32,Private,145917,Some-college,10,Never-married,Adm-clerical,Own-child,White,Female,7831,0,30,United-States,0,0.7901085311770972,1,4,0.6
62,Federal-gov,107079,HS-grad,9,Married-civ-spouse,Other-service,Husband,White,Male,11399,0,55,United-States,0,0.9831821380043662,1,4,0.6
42,Private,447739,Doctorate,16,Never-married,Prof-specialty,Not-in-family,White,Male,10514,0,75,United-States,0,0.9987470442244148,1,4,0.6
49,Private,51264,Doctorate,16,Married-civ-spouse,Prof-specialty,Husband,White,Male,3688,0,99,France,1,0.11955162749728941,0,4,0.6
64,Local-gov,143533,7th-8th,4,Never-married,Other-service,Other-relative,Black,Female,3331,0,55,United-States,0,0.0021616236079729533,0,4,0.6
33,Private,403552,HS-grad,9,Never-married,Other-service,Not-in-family,Black,Male,0,0,32,United-States,0,0.009621870742014994,0,4,0.6
33,Federal-gov,201815,Some-college,10,Never-married,Adm-clerical,Own-child,Black,Female,14628,0,45,United-States,0,0.9956176087295878,1,4,0.6
40,Private,30201,Assoc-voc,11,Divorced,Handlers-cleaners,Not-in-family,White,Female,0,0,35,United-States,0,0.033053972708016986,0,4,0.6
50,Private,177487,HS-grad,9,Married-civ-spouse,Craft-repair,Husband,White,Male,0,0,40,United-States,0,0.670506045216765,1,4,0.6
53,Private,56795,Masters,14,Married-civ-spouse,Prof-specialty,Wife,White,Female,684,0,60,England,0,0.22501859644241876,0,4,0.6
81,,164102,HS-grad,9,Divorced,,Not-in-family,White,Female,4112,0,55,United-States,1,0.021426480568011313,0,4,0.6
33,Private,110677,Some-college,10,Married-civ-spouse,Other-service,Other-relative,White,Female,4587,0,45,United-States,0,0.03657610225482863,0,4,0.6
52,Private,175642,Bachelors,13,Never-married,Prof-specialty,Not-in-family,White,Female,3990,0,75,United-States,1,0.042658156929027025,0,4,0.6
33,Private,182401,10th,6,Never-married,Adm-clerical,Not-in-family,Black,Male,0,0,40,United-States,0,0.020064432174860553,0,4,0.6
70,Local-gov,215245,Bachelors,13,Never-married,Prof-specialty,Not-in-family,White,Female,2100,0,52,United-States,0,0.0410177222116741,0,4,0.6
30,State-gov,242122,HS-grad,9,Separated,Adm-clerical,Unmarried,Black,Female,0,0,40,United-States,0,0.01007642591972869,0,4,0.6
46,Private,183778,HS-grad,9,Divorced,Transport-moving,Not-in-family,White,Male,13232,0,55,United-States,0,0.9983822941121767,1,4,0.6
20,Private,353195,HS-grad,9,Never-married,Craft-repair,Not-in-family,White,Male,0,0,35,United-States,0,0.004047761012098865,0,4,0.6
68,Private,245215,Doctorate,16,Married-civ-spouse,Prof-specialty,Husband,White,Male,9644,0,65,United-States,0,0.9782482420079277,1,4,0.6
62,Local-gov,151369,HS-grad,9,Never-married,Craft-repair,Not-in-family,White,Male,0,0,40,United-States,0,0.14820116917663942,0,4,0.6
46,Private,193047,HS-grad,9,Married-civ-spouse,Exec-managerial,Husband,White,Male,0,0,40,United-States,1,0.8130774938406018,1,4,0.6
23,Private,73514,HS-grad,9,Never-married,Adm-clerical,Own-child,Asian-Pac-Islander,Female,0,0,40,Vietnam,0,0.01525697258188507,0,4,0.6
29,,165069,10th,6,Never-married,,Own-child,White,Male,13760,1721,55,United-States,0,0.9971419490542611,1,4,0.6
59,Private,145886,Some-college,10,Divorced,Other-service,Unmarried,White,Female,5052,0,55,United-States,0,0.16794376090216395,0,4,0.6
43,Private,415706,10th,6,Separated,Other-service,Unmarried,White,Female,2542,0,55,United-States,0,0.009275317651974254,0,4,0.6
50,Private,341797,Assoc-acdm,12,Married-civ-spouse,Craft-repair,Husband,White,Male,0,0,40,Canada,1,0.7161542504247943,1,4,0.6
56,Self-emp-inc,78374,Masters,14,Divorced,Exec-managerial,Unmarried,Asian-Pac-Islander,Female,3302,0,55,United-States,0,0.06887771492503912,0,4,0.6
22,,27937,Some-college,10,Never-married,,Own-child,White,Male,0,0,36,United-States,0,0.013097084554892582,0,4,0.6
32,Private,198183,Some-college,10,Divorced,Exec-managerial,Not-in-family,White,Female,0,0,38,United-States,0,0.10875381626868298,0,4,0.6
55,Local-gov,175526,Some-college,10,Married-civ-spouse,Other-service,Husband,White,Male,526,0,55,United-States,0,0.0705835410092127,0,4,0.6
51,State-gov,99156,Doctorate,16,Married-civ-spouse,Prof-specialty,Husband,White,Male,10986,0,65,United-States,1,0.9993996050727342,1,4,0.6
51,Self-emp-not-inc,131808,Some-college,10,Married-civ-spouse,Sales,Husband,White,Male,19006,0,95,United-States,1,0.9988153990010008,1,4,0.6
35,Private,64520,HS-grad,9,Never-married,Adm-clerical,Own-child,White,Male,14293,0,45,United-States,0,0.9966939342782265,1,4,0.6
32,Private,177675,HS-grad,9,Never-married,Craft-repair,Own-child,White,Male,0,0,40,United-States,0,0.0317123321309643,0,4,0.6
30,Private,159442,HS-grad,9,Separated,Adm-clerical,Not-in-family,White,Female,0,0,40,United-States,0,0.025786975342618024,0,4,0.6
36,Private,142227,Bachelors,13,Never-married,Adm-clerical,Not-in-family,White,Female,9889,0,45,United-States,0,0.9978484952800596,1,4,0.6
19,Private,93604,7th-8th,4,Never-married,Craft-repair,Own-child,White,Male,0,1602,32,United-States,0,0.0033269805317339175,0,4,0.6
42,Private,203554,Masters,14,Married-civ-spouse,Exec-managerial,Husband,White,Male,0,0,60,United-States,1,0.9333344391961813,1,4,0.6
55,Federal-gov,36314,7th-8th,4,Married-civ-spouse,Adm-clerical,Husband,White,Male,0,0,72,United-States,0,0.4443450549900273,0,4,0.6
76,Private,265661,HS-grad,9,Married-civ-spouse,Transport-moving,Husband,White,Male,4092,0,55,United-States,0,0.12121098694727497,0,4,0.6
48,Self-emp-inc,180477,Some-college,10,Married-civ-spouse,Exec-managerial,Husband,White,Male,13007,0,65,United-States,1,0.9991760222881085,1,4,0.6
71,Self-emp-not-inc,172046,7th-8th,4,Married-civ-spouse,Farming-fishing,Husband,White,Male,0,0,50,United-States,0,0.1744879706679795,0,4,0.6
33,Private,149809,HS-grad,9,Never-married,Farming-fishing,Own-child,White,Male,11115,0,39,United-States,0,0.9904556144519708,1,4,0.6
31,Private,203488,HS-grad,9,Married-civ-spouse,Handlers-cleaners,Husband,White,Male,0,0,40,United-States,0,0.3148903615620025,0,4,0.6
62,Private,548361,Bachelors,13,Married-civ-spouse,Tech-support,Husband,White,Male,4021,0,35,United-States,1,0.13521565339321448,0,4,0.6
24,Private,187115,Bachelors,13,Never-married,Prof-specialty,Own-child,White,Female,0,0,20,United-States,0,0.014642374662474623,0,4,0.6
37,Private,260093,HS-grad,9,Never-married,Adm-clerical,Unmarried,Black,Female,0,0,40,United-States,0,0.013666758164945473,0,4,0.6
59,Federal-gov,48102,Masters,14,Never-married,Prof-specialty,Not-in-family,White,Female,0,0,40,,1,0.5514135926946292,0,4,0.6
45,Private,295649,HS-grad,9,Separated,Other-service,Unmarried,White,Female,2343,0,55,China,0,0.013326563780042265,0,4,0.6
61,Private,281647,Bachelors,13,Married-civ-spouse,Sales,Husband,White,Male,11816,0,60,United-States,1,0.9941946049667305,1,4,0.6
58,,162034,Some-college,10,Divorced,,Not-in-family,White,Male,1767,0,55,United-States,0,0.0321188426882266,0,4,0.6
21,Private,63899,11th,7,Never-married,Adm-clerical,Other-relative,White,Female,0,0,40,United-States,0,0.0036627185703614657,0,4,0.6
32,Private,154781,HS-grad,9,Never-married,Adm-clerical,Not-in-family,White,Female,12543,0,55,United-States,0,0.9980583996531693,1,4,0.6
48,Private,119199,Bachelors,13,Divorced,Sales,Unmarried,White,Female,0,0,44,United-States,0,0.3956373606582207,0,4,0.6
29,Private,158704,10th,6,Never-married,Sales,Own-child,White,Male,237,0,35,United-States,0,0.002840386916156469,0,4,0.6
51,Private,204447,Some-college,10,Married-civ-spouse,Prof-specialty,Husband,White,Male,0,0,45,United-States,1,0.8292307085096196,1,4,0.6
34,Private,177125,Some-college,10,Never-married,Adm-clerical,Not-in-family,White,Male,259,0,65,United-States,0,0.018434705544962314,0,4,0.6
59,Private,274200,11th,7,Married-civ-spouse,Craft-repair,Husband,White,Male,9265,0,55,United-States,1,0.9980658778201157,1,4,0.6
36,Private,135162,HS-grad,9,Never-married,Sales,Own-child,White,Male,0,0,45,,0,0.17484356007950996,0,4,0.6
47,Private,216256,Assoc-voc,11,Never-married,Other-service,Not-in-family,White,Male,5573,0,75,United-States,0,0.3631956598680061,0,4,0.6
62,Private,116812,Some-college,10,Divorced,Adm-clerical,Not-in-family,White,Female,0,0,40,United-States,0,0.05621749062706112,0,4,0.6
24,Private,199915,Bachelors,13,Never-married,Sales,Own-child,White,Female,0,0,35,United-States,0,0.019106389485623952,0,4,0.6
62,Private,101375,10th,6,Divorced,Machine-op-inspct,Not-in-family,White,Female,0,0,40,United-States,0,0.020085351278431682,0,4,0.6
36,Private,130589,Some-college,10,Divorced,Exec-managerial,Not-in-family,White,Male,0,0,45,United-States,0,0.34384523715576953,0,4,0.6
26,Federal-gov,169101,Some-college,10,Never-married,Tech-support,Own-child,White,Female,0,0,40,United-States,0,0.026353245704887812,0,4,0.6
39,State-gov,176949,Assoc-acdm,12,Married-civ-spouse,Protective-serv,Husband,White,Male,0,0,52,United-States,0,0.7338693225287789,1,4,0.6
64,Private,167794,Doctorate,16,Married-civ-spouse,Exec-managerial,Husband,White,Male,6615,0,53,United-States,1,0.9709384285097284,1,4,0.6
44,State-gov,181119,Bachelors,13,Separated,Prof-specialty,Not-in-family,White,Female,5836,0,55,United-States,0,0.3749061394496207,0,4,0.6
33,Private,389932,HS-grad,9,Divorced,Transport-moving,Not-in-family,Black,Male,0,0,55,United-States,0,0.11214870933737293,0,4,0.6
67,Private,377061,Bachelors,13,Married-civ-spouse,Protective-serv,Husband,White,Male,4519,0,55,United-States,1,0.17748323920888678,0,4,0.6
32,Private,74631,Some-college,10,Never-married,Sales,Not-in-family,White,Female,14918,0,65,United-States,0,0.9984686173952247,1,4,0.6
51,Private,117381,HS-grad,9,Never-married,Tech-support,Not-in-family,White,Male,4715,0,77,England,0,0.9352742395334543,1,4,0.6
63,Local-gov,26832,HS-grad,9,Married-civ-spouse,Craft-repair,Husband,White,Male,13133,0,55,United-States,1,0.9781254826658058,1,4,0.6
54,Federal-gov,122215,HS-grad,9,Married-civ-spouse,Craft-repair,Husband,White,Male,11191,0,63,United-States,1,0.9988099847312977,1,4,0.6
39,Self-emp-not-inc,179488,HS-grad,9,Married-civ-spouse,Exec-managerial,Husband,White,Male,0,0,50,United-States,0,0.5819330692935921,0,4,0.6
50,State-gov,314052,HS-grad,9,Divorced,Adm-clerical,Not-in-family,White,Female,2883,0,53,United-States,0,0.008017118968781423,0,4,0.6
32,Private,204641,Some-college,10,Never-married,Other-service,Own-child,White,Male,8986,0,55,United-States,0,0.9955619065956501,1,4,0.6
46,Local-gov,167999,HS-grad,9,Divorced,Adm-clerical,Unmarried,White,Female,4491,0,48,United-States,0,0.04291317496895051,0,4,0.6
59,Private,198435,HS-grad,9,Married-civ-spouse,Craft-repair,Husband,White,Male,0,0,50,United-States,0,0.7248124070070754,1,4,0.6
62,Private,50178,HS-grad,9,Married-civ-spouse,Tech-support,Husband,White,Male,5105,0,55,United-States,1,0.7829595880821962,1,4,0.6
70,Private,238438,Some-college,10,Married-civ-spouse,Prof-specialty,Husband,White,Male,4134,0,57,United-States,0,0.1808537482289642,0,4,0.6
63,Private,302146,11th,7,Never-married,Other-service,Not-in-family,Black,Female,463,0,55,United-States,0,0.00405747310946739,0,4,0.6
27,Private,136448,Bachelors,13,Never-married,Adm-clerical,Not-in-family,Black,Female,0,0,40,United-States,0,0.02408427938752974,0,4,0.6
55,Self-emp-not-inc,174295,11th,7,Married-civ-spouse,Other-service,Husband,White,Male,11992,0,55,United-States,0,0.9990010246314507,1,4,0.6
76,Local-gov,266080,HS-grad,9,Divorced,Adm-clerical,Not-in-family,White,Female,119,0,50,United-States,0,0.01967106557715619,0,4,0.6
33,State-gov,196827,Assoc-acdm,12,Never-married,Tech-support,Own-child,White,Male,6218,0,25,United-States,0,0.03480966140906506,0,4,0.6
40,Private,115677,Some-college,10,Married-civ-spouse,Machine-op-inspct,Husband,White,Male,1335,1902,55,United-States,1,0.7621507677672615,1,4,0.6
89,Self-emp-not-inc,145329,HS-grad,9,Never-married,Machine-op-inspct,Not-in-family,White,Male,12017,0,35,United-States,0,0.9957922424842625,1,4,0.6
60,Private,199085,10th,6,Married-civ-spouse,Machine-op-inspct,Husband,White,Male,0,0,40,United-States,0,0.28386782350084644,0,4,0.6
35,Private,182189,Masters,14,Married-civ-spouse,Prof-specialty,Husband,White,Male,0,0,50,United-States,0,0.8726165138737083,1,4,0.6
48,Private,398931,HS-grad,9,Divorced,Craft-repair,Not-in-family,White,Male,12439,0,55,United-States,0,0.9985740445548407,1,4,0.6
44,Private,103860,Bachelors,13,Married-civ-spouse,Exec-managerial,Husband,White,Male,4342,0,65,United-States,1,0.9561505576611534,1,4,0.6
21,Private,25265,Assoc-voc,11,Never-married,Machine-op-inspct,Not-in-family,White,Male,0,0,30,United-States,0,0.03737985894671145,0,4,0.6
65,Private,346754,Some-college,10,Married-civ-spouse,Exec-managerial,Wife,White,Female,10219,0,55,United-States,1,0.8672247863063887,1,4,0.6
24,Self-emp-inc,242138,Bachelors,13,Never-married,Sales,Own-child,White,Female,0,0,20,United-States,0,0.006339944594416788,0,4,0.6
43,Federal-gov,195897,HS-grad,9,Married-civ-spouse,Farming-fishing,Husband,White,Male,7298,0,40,United-States,1,0.9932195126914188,1,4,0.6
77,,160654,HS-grad,9,Married-civ-spouse,,Husband,White,Male,13244,0,35,United-States,0,0.981580455219727,1,4,0.6
40,Private,268726,HS-grad,9,Married-civ-spouse,Craft-repair,Husband,White,Male,8122,0,61,United-States,0,0.9984056509489314,1,4,0.6
54,Private,227466,HS-grad,9,Never-married,Other-service,Other-relative,Black,Male,8065,0,55,United-States,0,0.9769430616118117,1,4,0.6
31,Private,162623,HS-grad,9,Married-civ-spouse,Adm-clerical,Wife,White,Female,0,0,40,United-States,0,0.6091745243136824,0,4,0.6
33,Private,229826,Some-college,10,Married-civ-spouse,Machine-op-inspct,Husband,White,Male,13223,0,35,United-States,0,0.998675997530099,1,4,0.6
77,Private,155261,HS-grad,9,Married-civ-spouse,Exec-managerial,Husband,White,Male,12418,0,55,United-States,1,0.9893562477232971,1,4,0.6
58,Private,261688,HS-grad,9,Divorced,Craft-repair,Not-in-family,White,Male,9757,0,55,United-States,0,0.9974811543614743,1,4,0.6
34,Private,50163,9th,5,Never-married,Transport-moving,Own-child,White,Male,2302,0,55,United-States,0,0.011235344064253607,0,4,0.6
39,Private,321456,Some-college,10,Never-married,Other-service,Own-child,White,Male,13828,0,25,Germany,0,0.9924441334328191,1,4,0.6
38,Private,202203,5th-6th,3,Never-married,Adm-clerical,Own-child,White,Female,7846,0,55,Mexico,0,0.7641846448943022,1,4,0.6
34,Private,109039,HS-grad,9,Never-married,Exec-managerial,Not-in-family,White,Female,3231,0,70,United-States,0,0.008883738613720047,0,4,0.6
61,Private,230796,HS-grad,9,Divorced,Other-service,Not-in-family,White,Female,1778,0,55,United-States,0,0.009895745754266052,0,4,0.6
18,,209735,Some-college,10,Never-married,,Own-child,White,Female,0,0,30,United-States,0,0.0013282358983716749,0,4,0.6
51,Private,202937,Masters,14,Never-married,Prof-specialty,Not-in-family,White,Female,6638,0,55,United-States,1,0.3376825862212531,0,4,0.6
68,Private,67791,Some-college,10,Widowed,Sales,Not-in-family,White,Male,0,0,40,United-States,0,0.49505741135385806,0,4,0.6
30,,195981,HS-grad,9,Widowed,,Own-child,White,Male,1673,0,55,United-States,0,0.004144841639825637,0,4,0.6
27,Private,179915,Bachelors,13,Never-married,Exec-managerial,Own-child,White,Female,0,0,99,United-States,0,0.22797403006826436,0,4,0.6
45,Private,578701,Bachelors,13,Married-civ-spouse,Exec-managerial,Husband,Black,Male,11895,0,55,,0,0.998488879312025,1,4,0.6
27,Self-emp-not-inc,210020,HS-grad,9,Married-civ-spouse,Machine-op-inspct,Own-child,White,Male,0,0,40,United-States,0,0.1195177323026412,0,4,0.6
58,Self-emp-not-inc,93664,HS-grad,9,Married-civ-spouse,Exec-managerial,Husband,White,Male,15024,0,60,United-States,1,0.9988300606769155,1,4,0.6
82,,187972,HS-grad,9,Married-civ-spouse,,Husband,White,Male,9354,0,55,United-States,0,0.9770709110544971,1,4,0.6
47,Private,133839,HS-grad,9,Married-civ-spouse,Craft-repair,Husband,White,Male,12181,0,75,United-States,1,0.9990210392310439,1,4,0.6
35,Self-emp-not-inc,147258,Assoc-voc,11,Never-married,Farming-fishing,Own-child,White,Male,0,0,65,United-States,0,0.07669354856203957,0,4,0.6
58,Private,117310,HS-grad,9,Separated,Sales,Not-in-family,White,Female,4341,0,51,United-States,0,0.23687490504654335,0,4,0.6
50,Private,171150,7th-8th,4,Married-civ-spouse,Craft-repair,Husband,White,Male,9966,0,93,United-States,0,0.9979280817577141,1,4,0.6
26,Private,259585,Some-college,10,Never-married,Sales,Not-in-family,White,Male,0,0,24,United-States,0,0.013219963239824311,0,4,0.6
30,Private,203488,HS-grad,9,Never-married,Craft-repair,Own-child,White,Male,0,0,50,United-States,0,0.07115550212125996,0,4,0.6
76,,286732,7th-8th,4,Widowed,,Not-in-family,White,Female,5927,0,55,United-States,0,0.2369250967959126,0,4,0.6
46,Private,111567,Some-college,10,Never-married,Exec-managerial,Not-in-family,White,Male,5609,0,55,United-States,1,0.42491274073255864,0,4,0.6
68,Self-emp-inc,105582,Some-college,10,Married-civ-spouse,Exec-managerial,Husband,White,Male,13394,0,65,United-States,1,0.9913510054270757,1,4,0.6
40,Local-gov,42703,Some-college,10,Married-civ-spouse,Adm-clerical,Wife,White,Female,0,0,40,United-States,1,0.7091124957335154,1,4,0.6
53,Private,170685,Some-college,10,Divorced,Sales,Unmarried,White,Male,11256,0,61,United-States,0,0.9981526079717408,1,4,0.6
35,Private,27073,Some-college,10,Never-married,Adm-clerical,Unmarried,Other,Female,9426,0,55,United-States,0,0.9787186662275887,1,4,0.6
45,Private,79923,Masters,14,Married-civ-spouse,Prof-specialty,Husband,White,Male,11276,0,60,United-States,1,0.9990225877624953,1,4,0.6
28,Private,411950,HS-grad,9,Divorced,Adm-clerical,Not-in-family,White,Male,0,0,40,United-States,0,0.08363749640202835,0,4,0.6
17,Private,202344,10th,6,Never-married,Other-service,Own-child,White,Male,0,0,25,United-States,0,0.0009380386568403605,0,4,0.6
59,Private,464945,HS-grad,9,Never-married,Transport-moving,Not-in-family,White,Male,7845,0,60,United-States,0,0.9663380449458631,1,4,0.6
46,Self-emp-not-inc,328216,Prof-school,15,Married-civ-spouse,Prof-specialty,Husband,White,Male,0,0,45,United-States,1,0.9363842949707605,1,4,0.6
72,Private,389254,HS-grad,9,Married-civ-spouse,Sales,Husband,White,Male,2316,0,55,United-States,1,0.07642548021371667,0,4,0.6
52,Private,77975,Some-college,10,Married-civ-spouse,Exec-managerial,Husband,White,Male,3530,0,55,United-States,0,0.174768462749211,0,4,0.6
34,Private,325033,12th,8,Never-married,Protective-serv,Own-child,Black,Male,7969,0,50,United-States,0,0.9315748337737638,1,4,0.6
34,Private,122272,Bachelors,13,Never-married,Adm-clerical,Own-child,White,Female,5563,0,50,United-States,0,0.15438747479630993,0,4,0.6
45,Local-gov,152351,Some-college,10,Married-civ-spouse,Protective-serv,Husband,White,Male,9938,0,55,United-States,0,0.9989056618372516,1,4,0.6
47,Private,54595,12th,8,Never-married,Sales,Not-in-family,Black,Female,3794,0,55,United-States,0,0.008200813125890487,0,4,0.6
49,Private,236328,10th,6,Married-civ-spouse,Craft-repair,Husband,White,Male,7896,0,63,United-States,0,0.9983156838126874,1,4,0.6
30,Private,143450,Some-college,10,Never-married,Handlers-cleaners,Own-child,Black,Male,12408,0,35,United-States,0,0.9909056635960792,1,4,0.6
69,Local-gov,130532,Bachelors,13,Widowed,Prof-specialty,Not-in-family,White,Female,6502,0,50,United-States,0,0.25118865041664334,0,4,0.6
77,Private,136384,Masters,14,Married-civ-spouse,Prof-specialty,Husband,White,Male,2404,0,65,United-States,1,0.2318289854077824,0,4,0.6
70,,207627,HS-grad,9,Married-civ-spouse,,Husband,White,Male,2228,0,24,United-States,0,0.011541385772688352,0,4,0.6
41,Private,359155,HS-grad,9,Separated,Transport-moving,Unmarried,White,Female,4953,0,45,United-States,0,0.5744615273761102,0,4,0.6
36,Private,236696,Some-college,10,Never-married,Other-service,Not-in-family,White,Male,8452,0,45,United-States,0,0.9976792718702917,1,4,0.6
59,Self-emp-not-inc,39398,HS-grad,9,Married-civ-spouse,Sales,Wife,White,Female,0,0,42,United-States,0,0.5115630253623056,0,4,0.6
40,State-gov,106721,Masters,14,Married-civ-spouse,Prof-specialty,Husband,White,Male,6582,0,55,,0,0.9862673055085739,1,4,0.6
41,Private,31221,HS-grad,9,Divorced,Other-service,Unmarried,White,Female,0,0,30,United-States,0,0.015744253913613136,0,4,0.6
46,Private,144949,HS-grad,9,Divorced,Handlers-cleaners,Own-child,White,Male,12557,0,50,United-States,0,0.9971583378332394,1,4,0.6
28,Private,65078,HS-grad,9,Married-civ-spouse,Craft-repair,Husband,White,Male,0,0,40,United-States,1,0.3203435285893469,0,4,0.6
68,Self-emp-not-inc,385632,7th-8th,4,Divorced,Other-service,Unmarried,White,Female,11098,0,55,United-States,0,0.9960093563654775,1,4,0.6
34,Private,146352,HS-grad,9,Never-married,Sales,Unmarried,White,Female,11245,0,75,United-States,0,0.9920733210426659,1,4,0.6
58,Private,191357,Bachelors,13,Married-civ-spouse,Tech-support,Husband,White,Male,8448,0,55,United-States,0,0.9986681659477071,1,4,0.6
22,Private,164775,9th,5,Never-married,Machine-op-inspct,Unmarried,White,Male,0,0,40,Guatemala,0,0.009075293512836206,0,4,0.6
43,Private,363130,Some-college,10,Married-civ-spouse,Exec-managerial,Husband,Black,Male,3837,0,55,United-States,1,0.17955130317893947,0,4,0.6
32,Private,299635,Some-college,10,Married-civ-spouse,Exec-managerial,Husband,White,Male,0,0,50,Germany,0,0.7886803226390754,1,4,0.6
26,Private,211596,HS-grad,9,Divorced,Craft-repair,Not-in-family,White,Male,0,0,40,United-States,0,0.053242510074835894,0,4,0.6
34,Private,220840,5th-6th,3,Married-civ-spouse,Farming-fishing,Husband,White,Male,0,0,40,Mexico,0,0.03653731590032633,0,4,0.6
35,Private,275244,HS-grad,9,Never-married,Machine-op-inspct,Not-in-family,Black,Male,11799,0,50,United-States,0,0.9970628807452513,1,4,0.6
40,Local-gov,197012,Bachelors,13,Divorced,Tech-support,Not-in-family,White,Female,8614,0,40,England,1,0.9968008976414067,1,4,0.6
42,Private,66278,HS-grad,9,Never-married,Adm-clerical,Not-in-family,White,Female,9588,0,55,United-States,0,0.9974085097318748,1,4,0.6
66,,299616,Some-college,10,Married-civ-spouse,,Husband,White,Male,0,0,40,United-States,0,0.5389982904388387,0,4,0.6
38,Private,207568,Bachelors,13,Married-civ-spouse,Exec-managerial,Husband,White,Male,5178,0,40,United-States,1,0.9922208005598533,1,4,0.6
73,Private,190955,Bachelors,13,Married-civ-spouse,Exec-managerial,Husband,White,Male,11928,0,55,United-States,1,0.9962437257816148,1,4,0.6
49,Self-emp-not-inc,35330,HS-grad,9,Married-civ-spouse,Other-service,Husband,White,Male,7023,0,57,United-States,0,0.9320740498662056,1,4,0.6
53,Private,355918,Some-college,10,Married-civ-spouse,Transport-moving,Husband,White,Male,3968,0,80,United-States,1,0.13086960659146826,0,4,0.6
51,Federal-gov,97934,Bachelors,13,Married-civ-spouse,Farming-fishing,Husband,White,Male,5178,0,40,United-States,1,0.973709041718397,1,4,0.6
40,Private,408717,HS-grad,9,Married-civ-spouse,Craft-repair,Husband,White,Male,0,0,40,United-States,1,0.6737443575968826,1,4,0.6
38,Self-emp-not-inc,195636,10th,6,Never-married,Exec-managerial,Not-in-family,White,Male,7783,0,90,United-States,1,0.8892799245977593,1,4,0.6
48,Private,301614,HS-grad,9,Married-civ-spouse,Craft-repair,Husband,White,Male,4624,0,55,United-States,0,0.19379232338146155,0,4,0.6
39,Private,198286,Some-college,10,Married-spouse-absent,Exec-managerial,Not-in-family,White,Female,14409,0,55,United-States,0,0.9984543347975063,1,4,0.6
73,Private,172037,HS-grad,9,Married-civ-spouse,Other-service,Husband,White,Male,2951,0,55,United-States,0,0.03159607959645633,0,4,0.6
26,Private,78172,Some-college,10,Married-AF-spouse,Protective-serv,Husband,White,Male,0,0,40,United-States,0,0.40475389704805487,0,4,0.6
61,Private,43206,Prof-school,15,Never-married,Prof-specialty,Not-in-family,White,Female,7986,0,70,United-States,1,0.8562262429215449,1,4,0.6
39,Private,111268,Bachelors,13,Never-married,Adm-clerical,Own-child,White,Female,0,0,40,United-States,0,0.06961169665100356,0,4,0.6
69,Private,165017,HS-grad,9,Widowed,Machine-op-inspct,Unmarried,White,Male,2538,0,40,United-States,0,0.017808417279378506,0,4,0.6
46,Private,27494,HS-grad,9,Divorced,Craft-repair,Not-in-family,Amer-Indian-Eskimo,Male,11948,0,63,United-States,1,0.9976883956349645,1,4,0.6
21,Private,27255,Some-college,10,Never-married,Adm-clerical,Own-child,White,Male,0,0,40,,0,0.01650450766524937,0,4,0.6
36,Private,300584,Some-college,10,Married-civ-spouse,Craft-repair,Husband,White,Male,11200,0,60,United-States,0,0.9990500847250932,1,4,0.6
30,Private,127875,11th,7,Never-married,Sales,Unmarried,White,Female,0,0,8,United-States,0,0.01107093573193284,0,4,0.6
42,Private,189439,HS-grad,9,Married-spouse-absent,Other-service,Unmarried,Black,Female,216,0,53,United-States,0,0.012507569159913095,0,4,0.6
41,Federal-gov,192589,Bachelors,13,Married-civ-spouse,Adm-clerical,Husband,White,Male,0,0,40,United-States,0,0.8714810177855371,1,4,0.6
31,Private,466458,Some-college,10,Never-married,Adm-clerical,Own-child,White,Female,1275,0,35,United-States,0,0.0029118452348350634,0,4,0.6
45,Private,142889,HS-grad,9,Divorced,Craft-repair,Unmarried,White,Male,0,0,44,United-States,0,0.30046303616694797,0,4,0.6
59,Private,144962,HS-grad,9,Widowed,Machine-op-inspct,Not-in-family,White,Female,0,0,40,United-States,0,0.029729961743885393,0,4,0.6
58,State-gov,238648,HS-grad,9,Married-civ-spouse,Other-service,Husband,Black,Male,21675,0,55,United-States,1,0.9991876181078134,1,4,0.6
71,Private,116637,HS-grad,9,Married-civ-spouse,Craft-repair,Husband,White,Male,6618,0,55,United-States,0,0.8794703787356646,1,4,0.6
30,Private,206923,Assoc-acdm,12,Married-civ-spouse,Exec-managerial,Wife,Other,Female,0,1977,40,United-States,1,0.9847546506183501,1,4,0.6
52,Private,244945,HS-grad,9,Married-civ-spouse,Craft-repair,Husband,White,Male,13420,0,55,United-States,0,0.99903699236689,1,4,0.6
42,Private,387521,Bachelors,13,Married-civ-spouse,Exec-managerial,Husband,White,Male,16904,0,55,United-States,1,0.9992669536244271,1,4,0.6
52,,161285,Some-college,10,Married-civ-spouse,,Wife,White,Female,11951,0,40,United-States,0,0.9990178215593478,1,4,0.6
29,Private,394927,Assoc-voc,11,Married-civ-spouse,Other-service,Husband,White,Male,0,0,40,,0,0.48945892478842074,0,4,0.6
23,State-gov,251325,Some-college,10,Never-married,Sales,Not-in-family,Asian-Pac-Islander,Female,0,0,8,,0,0.015283831718577919,0,4,0.6
35,Private,227594,12th,8,Never-married,Machine-op-inspct,Own-child,White,Female,8465,0,55,United-States,0,0.994126454151677,1,4,0.6
46,Private,344073,HS-grad,9,Separated,Adm-clerical,Not-in-family,White,Male,1069,0,55,United-States,1,0.03299697964877523,0,4,0.6
63,Private,102828,Assoc-voc,11,Married-civ-spouse,Handlers-cleaners,Husband,White,Male,14842,0,55,Greece,0,0.9929037736683841,1,4,0.6
56,Private,351262,Some-college,10,Married-civ-spouse,Craft-repair,Husband,Black,Male,9202,0,53,United-States,1,0.9984913087829778,1,4,0.6
67,Private,160631,HS-grad,9,Married-civ-spouse,Machine-op-inspct,Husband,White,Male,10651,0,23,Yugoslavia,0,0.9703066442134778,1,4,0.6
34,Private,137320,HS-grad,9,Never-married,Craft-repair,Not-in-family,Black,Male,14801,0,55,United-States,0,0.9977336241399014,1,4,0.6
59,,147989,HS-grad,9,Widowed,,Not-in-family,White,Female,0,0,35,United-States,0,0.050397406391375625,0,4,0.6
37,Private,266820,Preschool,1,Never-married,Farming-fishing,Not-in-family,White,Male,3164,0,50,Mexico,0,0.0034554718318562023,0,4,0.6
67,Self-emp-not-inc,79011,HS-grad,9,Married-civ-spouse,Farming-fishing,Husband,Asian-Pac-Islander,Male,10085,0,85,United-States,0,0.8815654008880021,1,4,0.6
61,Private,28171,Masters,14,Married-civ-spouse,Protective-serv,Husband,White,Male,18719,0,93,United-States,1,0.9890924496565036,1,4,0.6
17,Private,67444,11th,7,Never-married,Other-service,Other-relative,Black,Male,0,0,20,United-States,0,0.0005828268805361794,0,4,0.6
31,Private,331556,10th,6,Never-married,Other-service,Not-in-family,White,Female,3176,0,55,United-States,0,0.002649013438878252,0,4,0.6
40,Private,115438,Bachelors,13,Never-married,Adm-clerical,Own-child,White,Male,919,0,55,United-States,0,0.020705795414977562,0,4,0.6
26,Private,63234,Bachelors,13,Married-civ-spouse,Tech-support,Wife,White,Female,4508,0,12,United-States,0,0.14576973748396557,0,4,0.6
17,,198797,11th,7,Never-married,,Own-child,White,Male,0,0,20,Peru,0,0.0008694542983593834,0,4,0.6
52,Private,192259,Masters,14,Never-married,Prof-specialty,Not-in-family,White,Male,4425,0,50,United-States,0,0.1350919771755257,0,4,0.6
25,Private,167835,Bachelors,13,Never-married,Exec-managerial,Not-in-family,White,Female,3325,0,40,United-States,0,0.00866893148198641,0,4,0.6
50,Private,159179,Some-college,10,Married-civ-spouse,Exec-managerial,Husband,White,Male,3528,1902,65,United-States,1,0.787015290774054,1,4,0.6
34,Private,112130,HS-grad,9,Never-married,Other-service,Not-in-family,Black,Female,6050,0,55,United-States,0,0.030187493378597087,0,4,0.6
39,Private,85625,HS-grad,9,Never-married,Other-service,Own-child,White,Male,6599,0,37,United-States,0,0.05352401061188645,0,4,0.6
33,Private,319163,Some-college,10,Never-married,Transport-moving,Own-child,Black,Male,2927,0,55,United-States,0,0.007836359915290482,0,4,0.6
50,State-gov,136216,HS-grad,9,Widowed,Other-service,Not-in-family,White,Female,0,0,37,United-States,0,0.0705217727717604,0,4,0.6
53,Self-emp-not-inc,138077,Masters,14,Married-civ-spouse,Exec-managerial,Wife,White,Female,885,0,25,United-States,1,0.2940229282600439,0,4,0.6
50,Private,22211,Masters,14,Married-civ-spouse,Prof-specialty,Husband,White,Male,7688,0,50,United-States,1,0.9986502365086483,1,4,0.6
46,Private,128016,HS-grad,9,Never-married,Tech-support,Other-relative,White,Female,9124,0,55,United-States,0,0.9970002471990409,1,4,0.6
61,Private,123681,Masters,14,Married-civ-spouse,Prof-specialty,Husband,White,Male,3946,0,58,United-States,1,0.15522456066530857,0,4,0.6
73,Private,176839,HS-grad,9,Married-civ-spouse,Machine-op-inspct,Husband,White,Male,11048,0,55,United-States,0,0.9742799169797298,1,4,0.6
55,Private,176012,9th,5,Married-civ-spouse,Tech-support,Wife,White,Female,0,0,23,United-States,0,0.2862344385695943,0,4,0.6
39,Private,176683,Assoc-voc,11,Married-civ-spouse,Other-service,Husband,White,Male,11178,0,75,United-States,0,0.9990146125233593,1,4,0.6
53,Federal-gov,185616,HS-grad,9,Never-married,Adm-clerical,Not-in-family,White,Female,1484,1980,55,United-States,0,0.0031844831864895192,0,4,0.6
28,Self-emp-inc,114053,Some-college,10,Never-married,Exec-managerial,Not-in-family,White,Male,0,0,30,United-States,0,0.04848517562409347,0,4,0.6
63,Local-gov,174861,Some-college,10,Married-civ-spouse,Protective-serv,Husband,White,Male,9150,0,55,United-States,1,0.9868302363240073,1,4,0.6
50,State-gov,322840,Assoc-voc,11,Married-civ-spouse,Protective-serv,Husband,White,Male,0,0,40,Poland,1,0.6711331703567717,1,4,0.6
64,Private,145409,HS-grad,9,Married-civ-spouse,Craft-repair,Husband,White,Male,2835,0,55,United-States,0,0.09717160467037311,0,4,0.6
46,Private,270488,Bachelors,13,Never-married,Prof-specialty,Own-child,White,Female,3575,0,55,United-States,0,0.027581440081103487,0,4,0.6
50,Private,111499,Prof-school,15,Never-married,Prof-specialty,Not-in-family,White,Female,12511,0,65,United-States,1,0.9989968194428701,1,4,0.6
64,Private,218550,Some-college,10,Married-spouse-absent,Adm-clerical,Not-in-family,White,Female,28004,0,31,United-States,1,0.9959970467568849,1,4,0.6
65,Private,208321,HS-grad,9,Married-civ-spouse,Other-service,Husband,Black,Male,1217,1740,55,United-States,0,0.0023571752614393086,0,4,0.6
61,Private,149949,HS-grad,9,Divorced,Craft-repair,Not-in-family,White,Male,3970,1876,55,United-States,0,0.011430198434598941,0,4,0.6
46,Private,301251,Bachelors,13,Married-civ-spouse,Sales,Husband,White,Male,11475,0,65,United-States,1,0.9991432499512382,1,4,0.6
30,Private,140612,HS-grad,9,Married-civ-spouse,Craft-repair,Husband,White,Male,0,2051,40,United-States,0,0.015646044483761862,0,4,0.6
46,Local-gov,174361,Masters,14,Married-civ-spouse,Prof-specialty,Husband,White,Male,0,0,40,United-States,1,0.9054210535196132,1,4,0.6
53,Self-emp-not-inc,344329,HS-grad,9,Married-civ-spouse,Other-service,Husband,White,Male,13648,0,25,United-States,0,0.9987762567309408,1,4,0.6
51,Private,144638,Masters,14,Divorced,Prof-specialty,Not-in-family,White,Female,10573,0,60,United-States,1,0.9944612598763534,1,4,0.6
29,Private,297544,HS-grad,9,Married-civ-spouse,Craft-repair,Husband,White,Male,0,0,40,United-States,0,0.31933957546070296,0,4,0.6
28,Local-gov,86615,HS-grad,9,Never-married,Other-service,Own-child,Black,Male,0,0,30,United-States,0,0.008396462723340352,0,4,0.6
41,Private,77322,HS-grad,9,Never-married,Other-service,Not-in-family,White,Female,13697,0,47,United-States,0,0.9980202444134879,1,4,0.6
27,Private,215504,Bachelors,13,Married-civ-spouse,Sales,Husband,White,Male,0,1848,55,United-States,1,0.9848803183653757,1,4,0.6
64,Local-gov,186117,HS-grad,9,Married-civ-spouse,Protective-serv,Husband,White,Male,13222,0,71,United-States,1,0.9795699688711826,1,4,0.6
22,Private,250647,Some-college,10,Never-married,Adm-clerical,Own-child,White,Male,0,0,12,United-States,0,0.004639436905705913,0,4,0.6
32,Private,247564,HS-grad,9,Never-married,Handlers-cleaners,Own-child,White,Male,11636,0,50,United-States,0,0.9942479974852074,1,4,0.6
47,Private,333636,HS-grad,9,Married-civ-spouse,Exec-managerial,Husband,Black,Male,5412,0,65,,1,0.9901853869617183,1,4,0.6
19,Private,348867,HS-grad,9,Never-married,Sales,Other-relative,Black,Female,0,0,15,United-States,0,0.0005079507412597314,0,4,0.6
40,Local-gov,172270,Some-college,10,Divorced,Adm-clerical,Unmarried,White,Female,3685,0,60,United-States,0,0.008306072867834444,0,4,0.6
79,Self-emp-inc,116517,Bachelors,13,Widowed,Other-service,Unmarried,White,Female,7072,0,50,United-States,0,0.9429700214181748,1,4,0.6
60,Private,313925,Assoc-acdm,12,Married-civ-spouse,Prof-specialty,Wife,White,Female,10914,0,45,United-States,1,0.9988810122216052,1,4,0.6
59,Self-emp-not-inc,275236,11th,7,Married-civ-spouse,Sales,Husband,White,Male,0,0,70,United-States,1,0.450313943605365,0,4,0.6
19,Private,32477,Some-college,10,Never-married,Other-service,Own-child,White,Male,0,0,20,United-States,0,0.0007834680273120824,0,4,0.6
37,Private,262617,Bachelors,13,Married-civ-spouse,Adm-clerical,Husband,White,Male,11712,0,70,United-States,1,0.9988346516508869,1,4,0.6
48,Private,218948,9th,5,Separated,Other-service,Unmarried,Black,Female,6245,0,55,,0,0.07840268445206738,0,4,0.6
30,Private,34125,11th,7,Never-married,Other-service,Own-child,White,Female,3369,0,25,United-States,0,0.0008477637529363241,0,4,0.6
35,Private,474136,HS-grad,9,Never-married,Craft-repair,Not-in-family,White,Male,0,1408,40,United-States,0,0.014162665158765247,0,4,0.6
43,Private,235389,7th-8th,4,Never-married,Handlers-cleaners,Not-in-family,White,Female,5802,0,45,Portugal,0,0.06445053484331437,0,4,0.6
33,Private,286675,11th,7,Married-civ-spouse,Craft-repair,Husband,White,Male,0,0,40,United-States,0,0.1852089775301221,0,4,0.6
47,Federal-gov,192894,HS-grad,9,Married-civ-spouse,Transport-moving,Husband,Black,Male,0,0,50,United-States,1,0.8363829709669176,1,4,0.6
31,Private,223669,11th,7,Never-married,Other-service,Own-child,White,Male,10492,0,35,United-States,0,0.9910365128356028,1,4,0.6
42,Local-gov,352542,Bachelors,13,Divorced,Prof-specialty,Unmarried,White,Female,12927,0,55,United-States,0,0.9939506460804265,1,4,0.6
65,Self-emp-inc,190762,HS-grad,9,Married-civ-spouse,Exec-managerial,Husband,White,Male,5190,0,60,United-States,1,0.9900795049535049,1,4,0.6
51,Private,194259,Bachelors,13,Divorced,Tech-support,Unmarried,White,Female,0,0,40,United-States,0,0.2713645697796241,0,4,0.6
44,Private,313022,Assoc-voc,11,Married-civ-spouse,Exec-managerial,Husband,Black,Male,0,0,40,United-States,1,0.8304733624071888,1,4,0.6
33,Private,175856,11th,7,Married-civ-spouse,Sales,Husband,White,Male,0,0,60,United-States,0,0.43203040048583913,0,4,0.6
55,Private,180303,Bachelors,13,Married-civ-spouse,Exec-managerial,Husband,Asian-Pac-Islander,Male,8090,0,65,United-States,1,0.9987442480039356,1,4,0.6
19,Private,206599,HS-grad,9,Never-married,Sales,Own-child,White,Female,0,0,40,United-States,0,0.0016521767262970778,0,4,0.6
35,Federal-gov,320294,HS-grad,9,Never-married,Prof-specialty,Not-in-family,White,Male,10693,0,55,United-States,0,0.998814293956978,1,4,0.6
79,Federal-gov,231604,HS-grad,9,Never-married,Adm-clerical,Not-in-family,White,Male,7579,0,55,United-States,1,0.9514346232818809,1,4,0.6
30,Private,270577,HS-grad,9,Separated,Adm-clerical,Unmarried,White,Female,0,0,40,United-States,0,0.03290230442489766,0,4,0.6
71,Private,31137,HS-grad,9,Married-civ-spouse,Craft-repair,Husband,White,Male,4444,0,55,United-States,1,0.12258795909936274,0,4,0.6
36,Private,246449,Some-college,10,Married-civ-spouse,Exec-managerial,Husband,White,Male,0,0,60,United-States,1,0.8498919897295583,1,4,0.6
53,Local-gov,196395,Bachelors,13,Married-civ-spouse,Prof-specialty,Husband,Black,Male,0,0,40,United-States,1,0.8759729608272685,1,4,0.6
32,Private,194981,HS-grad,9,Married-civ-spouse,Tech-support,Wife,White,Female,0,0,36,United-States,0,0.6245549912423791,0,4,0.6
35,Private,415500,HS-grad,9,Married-civ-spouse,Craft-repair,Husband,Black,Male,0,0,40,United-States,0,0.33930043779644936,0,4,0.6
35,Private,41777,12th,8,Never-married,Farming-fishing,Not-in-family,White,Male,0,0,20,United-States,0,0.018764587636977227,0,4,0.6
52,Private,51151,Assoc-voc,11,Married-civ-spouse,Craft-repair,Husband,White,Male,8424,0,55,United-States,0,0.9985916756147887,1,4,0.6
26,Private,207258,Some-college,10,Never-married,Exec-managerial,Own-child,White,Female,0,0,40,United-States,0,0.02743688162262864,0,4,0.6
74,Private,312818,Bachelors,13,Married-civ-spouse,Exec-managerial,Husband,White,Male,1304,1902,16,United-States,1,0.8139818342440628,1,4,0.6
41,Private,153805,HS-grad,9,Never-married,Machine-op-inspct,Other-relative,Other,Male,14699,0,55,Ecuador,0,0.9973930485938726,1,4,0.6
50,Private,171338,Some-college,10,Married-civ-spouse,Exec-managerial,Husband,White,Male,99999,0,50,United-States,1,0.9991043966648423,1,4,0.6
36,Private,287658,HS-grad,9,Never-married,Adm-clerical,Own-child,Black,Male,0,0,40,United-States,0,0.014378896608070221,0,4,0.6
50,Federal-gov,318912,Assoc-voc,11,Divorced,Adm-clerical,Own-child,Black,Male,579,0,67,United-States,0,0.018927478359390376,0,4,0.6
71,Self-emp-not-inc,116878,HS-grad,9,Married-civ-spouse,Exec-managerial,Husband,White,Male,10622,0,75,Greece,0,0.9865266057682889,1,4,0.6
52,Private,124520,Assoc-voc,11,Divorced,Craft-repair,Unmarried,White,Male,1846,0,65,United-States,1,0.047987092922152655,0,4,0.6
69,Private,367334,HS-grad,9,Separated,Sales,Unmarried,White,Female,6957,0,55,United-States,0,0.20595086021923553,0,4,0.6
81,Private,200560,Bachelors,13,Married-civ-spouse,Handlers-cleaners,Husband,White,Male,8082,0,35,United-States,0,0.9515042909292102,1,4,0.6
57,Self-emp-inc,192835,Bachelors,13,Married-civ-spouse,Exec-managerial,Husband,White,Male,2472,0,60,United-States,1,0.37527629117950007,0,4,0.6
24,Private,278130,Assoc-voc,11,Never-married,Machine-op-inspct,Not-in-family,White,Male,0,0,40,United-States,0,0.010683431854399085,0,4,0.6
33,,278130,Some-college,10,Never-married,,Own-child,White,Male,9233,0,55,United-States,0,0.9939421171930379,1,4,0.6
20,Private,185554,Some-college,10,Never-married,Adm-clerical,Own-child,White,Female,0,0,25,United-States,0,0.0012666223847963341,0,4,0.6
51,,179352,Some-college,10,Divorced,,Not-in-family,White,Female,5215,0,50,United-States,0,0.30276222595095575,0,4,0.6
45,Private,111363,Bachelors,13,Married-civ-spouse,Craft-repair,Husband,White,Male,10947,0,60,United-States,0,0.9990620776369054,1,4,0.6
51,Private,31670,HS-grad,9,Married-civ-spouse,Farming-fishing,Husband,White,Male,14911,0,80,United-States,0,0.9982938659052095,1,4,0.6
39,Private,607658,Bachelors,13,Never-married,Sales,Not-in-family,White,Female,9314,0,55,United-States,0,0.9972997969688853,1,4,0.6
50,Private,165472,Bachelors,13,Married-civ-spouse,Prof-specialty,Husband,White,Male,9094,0,55,United-States,1,0.9986459637403549,1,4,0.6
56,Private,340171,HS-grad,9,Married-civ-spouse,Transport-moving,Husband,Black,Male,0,0,40,United-States,0,0.5425071659094906,0,4,0.6
62,Private,141608,HS-grad,9,Separated,Other-service,Unmarried,White,Female,3461,0,60,United-States,0,0.008837256306916954,0,4,0.6
54,Private,210525,Masters,14,Never-married,Exec-managerial,Not-in-family,White,Male,8282,0,55,United-States,0,0.976413770404477,1,4,0.6
48,Private,401333,HS-grad,9,Divorced,Sales,Not-in-family,White,Male,0,0,40,United-States,0,0.2174269560446176,0,4,0.6
39,Private,330132,Bachelors,13,Married-civ-spouse,Tech-support,Wife,White,Female,10333,0,55,United-States,1,0.9991522635246122,1,4,0.6
46,Self-emp-inc,168796,Bachelors,13,Married-civ-spouse,Sales,Husband,White,Male,0,0,55,United-States,0,0.8928300887147628,1,4,0.6
70,Private,160101,HS-grad,9,Divorced,Adm-clerical,Not-in-family,White,Male,5880,0,70,United-States,0,0.23127724676627653,0,4,0.6
37,Private,38468,Some-college,10,Never-married,Adm-clerical,Not-in-family,White,Female,0,0,40,United-States,0,0.04421698728963059,0,4,0.6
30,Self-emp-not-inc,226535,7th-8th,4,Married-civ-spouse,Farming-fishing,Husband,White,Male,0,0,40,Mexico,0,0.048553041593479354,0,4,0.6
26,Private,318644,HS-grad,9,Never-married,Sales,Own-child,White,Male,0,0,35,United-States,0,0.026095569393696026,0,4,0.6
57,Self-emp-not-inc,138285,Assoc-acdm,12,Married-civ-spouse,Other-service,Husband,White,Male,0,0,40,Iran,0,0.35979810192444694,0,4,0.6
53,Private,231689,HS-grad,9,Married-civ-spouse,Craft-repair,Husband,White,Male,12226,0,55,United-States,1,0.9990789087216612,1,4,0.6
33,Private,103205,HS-grad,9,Married-civ-spouse,Machine-op-inspct,Husband,White,Male,4612,0,55,United-States,0,0.12338887475200046,0,4,0.6
29,State-gov,118520,HS-grad,9,Married-civ-spouse,Protective-serv,Husband,White,Male,0,0,42,United-States,0,0.39684376598996185,0,4,0.6
59,Self-emp-not-inc,132589,Some-college,10,Married-civ-spouse,Farming-fishing,Husband,White,Male,5397,0,87,United-States,0,0.9613049706384412,1,4,0.6
50,Self-emp-not-inc,122493,10th,6,Married-civ-spouse,Sales,Husband,White,Male,1072,1887,55,United-States,1,0.4589129662491676,0,4,0.6
46,Private,97614,HS-grad,9,Never-married,Craft-repair,Not-in-family,White,Male,6328,0,55,United-States,0,0.133997650002541,0,4,0.6
66,Private,127704,7th-8th,4,Separated,Craft-repair,Not-in-family,White,Male,13009,0,55,United-States,0,0.9965930304418036,1,4,0.6
31,Federal-gov,206857,HS-grad,9,Never-married,Adm-clerical,Not-in-family,White,Female,0,0,40,United-States,0,0.04421621061594168,0,4,0.6
62,Self-emp-not-inc,75478,Bachelors,13,Married-civ-spouse,Exec-managerial,Husband,White,Male,0,0,40,United-States,0,0.8033027460619381,1,4,0.6
32,Private,64292,Some-college,10,Never-married,Sales,Not-in-family,White,Female,10925,0,65,United-States,0,0.9984686173952247,1,4,0.6
84,Self-emp-not-inc,258761,HS-grad,9,Married-civ-spouse,Farming-fishing,Husband,White,Male,12149,0,55,United-States,0,0.9525674776459803,1,4,0.6
18,Self-emp-not-inc,379242,Some-college,10,Never-married,Exec-managerial,Not-in-family,White,Female,0,0,50,United-States,0,0.005467602010301217,0,4,0.6
25,Private,189850,Some-college,10,Never-married,Machine-op-inspct,Own-child,Black,Male,0,0,40,United-States,0,0.008365672288516842,0,4,0.6
33,Private,321666,HS-grad,9,Never-married,Craft-repair,Own-child,White,Male,11200,0,55,United-States,0,0.9970843767732167,1,4,0.6
51,Private,174938,Bachelors,13,Never-married,Prof-specialty,Not-in-family,White,Male,6110,0,55,United-States,0,0.490003865799566,0,4,0.6
25,Self-emp-not-inc,191803,Assoc-acdm,12,Never-married,Sales,Not-in-family,White,Male,0,0,50,United-States,0,0.1268727479449286,0,4,0.6
34,Private,617917,Bachelors,13,Married-civ-spouse,Sales,Husband,White,Male,0,1887,40,United-States,1,0.9893168990499771,1,4,0.6
73,,202106,HS-grad,9,Married-civ-spouse,,Husband,White,Male,13850,1902,55,United-States,1,0.9891372533932865,1,4,0.6
57,Private,79646,Some-college,10,Married-civ-spouse,Transport-moving,Husband,White,Male,5224,0,85,United-States,0,0.9914071078452441,1,4,0.6
70,,410980,Some-college,10,Married-civ-spouse,,Husband,White,Male,0,0,10,United-States,1,0.49277849036066784,0,4,0.6
49,Private,188763,Bachelors,13,Married-civ-spouse,Prof-specialty,Husband,White,Male,7142,0,60,United-States,1,0.9980796722859528,1,4,0.6
58,Local-gov,114160,Masters,14,Married-civ-spouse,Exec-managerial,Husband,White,Male,3864,1902,60,United-States,1,0.7953389731682772,1,4,0.6
78,Local-gov,376506,Doctorate,16,Divorced,Prof-specialty,Not-in-family,White,Female,16902,0,55,United-States,0,0.9962904316352484,1,4,0.6
36,Private,190457,Some-college,10,Never-married,Adm-clerical,Own-child,White,Female,8522,0,55,United-States,0,0.9965410841030031,1,4,0.6
29,Private,205499,Some-college,10,Married-civ-spouse,Protective-serv,Husband,White,Male,0,0,45,United-States,0,0.5658960017893184,0,4,0.6
66,Self-emp-not-inc,212165,HS-grad,9,Married-civ-spouse,Sales,Husband,White,Male,5482,0,75,United-States,0,0.9831437315775104,1,4,0.6
66,Private,192386,Some-college,10,Married-civ-spouse,Prof-specialty,Husband,White,Male,11662,0,53,United-States,1,0.9898639714957204,1,4,0.6
48,Private,240323,Some-college,10,Widowed,Adm-clerical,Unmarried,Black,Female,4143,0,55,United-States,0,0.006321994772283203,0,4,0.6
59,Private,158286,Masters,14,Married-civ-spouse,Exec-managerial,Husband,White,Male,5946,0,65,United-States,1,0.9952541894186103,1,4,0.6
20,Private,117476,Some-college,10,Married-civ-spouse,Craft-repair,Husband,White,Male,0,0,40,United-States,0,0.01582735322882721,0,4,0.6
73,Private,48549,Some-college,10,Never-married,Exec-managerial,Not-in-family,White,Male,14156,0,53,United-States,1,0.9977756427772767,1,4,0.6
19,Private,285750,HS-grad,9,Never-married,Handlers-cleaners,Other-relative,White,Male,0,0,30,United-States,0,0.0008026201006150415,0,4,0.6
37,Private,30267,11th,7,Never-married,Transport-moving,Not-in-family,White,Male,0,0,60,United-States,1,0.07502292846540785,0,4,0.6
22,Private,226508,Bachelors,13,Never-married,Exec-managerial,Own-child,White,Female,0,0,50,United-States,0,0.025619993840515925,0,4,0.6
58,Local-gov,272780,Some-college,10,Married-civ-spouse,Prof-specialty,Husband,White,Male,6590,0,39,United-States,0,0.9890479778567185,1,4,0.6
39,Private,491421,5th-6th,3,Never-married,Farming-fishing,Unmarried,White,Male,558,0,65,United-States,0,0.012031049397039197,0,4,0.6
20,Private,63633,Some-college,10,Never-married,Other-service,Unmarried,White,Female,0,0,25,United-States,0,0.0010452043448522942,0,4,0.6
43,Local-gov,279231,Assoc-voc,11,Divorced,Transport-moving,Not-in-family,White,Male,5474,0,55,United-States,0,0.2605287071683329,0,4,0.6
44,Private,402089,Bachelors,13,Married-civ-spouse,Adm-clerical,Wife,White,Female,7974,0,17,United-States,0,0.9962303262688719,1,4,0.6
54,Private,192381,HS-grad,9,Married-civ-spouse,Craft-repair,Husband,White,Male,9009,0,55,United-States,1,0.9985504005612262,1,4,0.6
46,Self-emp-not-inc,289731,11th,7,Married-civ-spouse,Machine-op-inspct,Husband,White,Male,11577,0,55,United-States,0,0.9988140801056883,1,4,0.6
63,Private,194908,HS-grad,9,Married-civ-spouse,Adm-clerical,Wife,White,Female,11972,0,55,United-States,0,0.9742723207356835,1,4,0.6
52,Private,162098,HS-grad,9,Divorced,Adm-clerical,Not-in-family,White,Female,11932,0,55,United-States,0,0.9981341987391688,1,4,0.6
44,State-gov,110171,Some-college,10,Married-civ-spouse,Prof-specialty,Wife,White,Female,5736,1902,55,United-States,1,0.9962682865377667,1,4,0.6
42,Local-gov,99502,Assoc-voc,11,Divorced,Protective-serv,Unmarried,Amer-Indian-Eskimo,Female,12481,0,55,United-States,0,0.9922659283284433,1,4,0.6
32,State-gov,253354,Masters,14,Married-civ-spouse,Prof-specialty,Husband,White,Male,0,0,50,United-States,0,0.8477549258818221,1,4,0.6
28,Private,306830,Assoc-acdm,12,Married-civ-spouse,Handlers-cleaners,Husband,White,Male,0,0,40,Nicaragua,0,0.3656650630371093,0,4,0.6
70,Private,98725,Doctorate,16,Married-civ-spouse,Prof-specialty,Husband,White,Male,10568,0,65,United-States,1,0.9748629683373887,1,4,0.6
49,Private,268234,10th,6,Married-civ-spouse,Exec-managerial,Husband,White,Male,0,0,40,United-States,0,0.4925249914835422,0,4,0.6
75,Self-emp-not-inc,157778,Assoc-voc,11,Divorced,Prof-specialty,Not-in-family,White,Female,15831,0,50,United-States,1,0.9951064096921755,1,4,0.6
35,Private,100375,Some-college,10,Married-spouse-absent,Farming-fishing,Own-child,White,Male,0,0,40,United-States,0,0.052972898948637076,0,4,0.6
21,Private,83033,Some-college,10,Never-married,Adm-clerical,Own-child,White,Female,2176,0,20,United-States,0,0.0007993011604340463,0,4,0.6
30,Private,198614,11th,7,Never-married,Sales,Own-child,Black,Female,3238,0,23,United-States,0,0.0007559472457404331,0,4,0.6
56,Self-emp-not-inc,22933,HS-grad,9,Married-civ-spouse,Exec-managerial,Husband,White,Male,4803,0,55,United-States,0,0.8979552841661685,1,4,0.6
52,Private,198790,11th,7,Married-civ-spouse,Machine-op-inspct,Husband,White,Male,1909,0,45,United-States,0,0.052271510089179546,0,4,0.6
55,Private,302041,HS-grad,9,Never-married,Adm-clerical,Not-in-family,Black,Female,3091,0,55,United-States,0,0.3503861561445774,0,4,0.6
45,Private,254221,HS-grad,9,Never-married,Adm-clerical,Not-in-family,White,Female,2211,0,55,United-States,0,0.010256454057931404,0,4,0.6
33,Private,118941,HS-grad,9,Married-civ-spouse,Adm-clerical,Wife,White,Female,0,0,40,United-States,1,0.615930777468355,0,4,0.6
33,Private,84154,Some-college,10,Married-civ-spouse,Tech-support,Husband,White,Male,0,0,20,United-States,0,0.3131474177925334,0,4,0.6
34,Private,403519,HS-grad,9,Married-civ-spouse,Machine-op-inspct,Husband,White,Male,7115,0,55,United-States,0,0.9978538594740378,1,4,0.6
53,Local-gov,36924,Some-college,10,Married-civ-spouse,Adm-clerical,Husband,White,Male,5333,0,55,United-States,1,0.9918866979843103,1,4,0.6
67,Self-emp-inc,127605,Masters,14,Married-civ-spouse,Prof-specialty,Husband,White,Male,20051,0,60,Italy,1,0.9947557661187103,1,4,0.6
41,Private,280167,Masters,14,Married-civ-spouse,Exec-managerial,Husband,White,Male,15024,0,70,United-States,1,0.9992082513994932,1,4,0.6
34,Private,349368,Bachelors,13,Never-married,Exec-managerial,Own-child,White,Female,6304,0,45,United-States,0,0.18063299052204423,0,4,0.6
62,Private,194580,HS-grad,9,Married-civ-spouse,Sales,Husband,White,Male,1826,0,75,United-States,1,0.10245569896725899,0,4,0.6
61,Self-emp-not-inc,123598,HS-grad,9,Never-married,Craft-repair,Not-in-family,White,Male,9283,0,45,United-States,0,0.9952508771801979,1,4,0.6
30,Private,211273,HS-grad,9,Never-married,Sales,Own-child,White,Female,13646,0,34,United-States,0,0.9935101445671247,1,4,0.6
55,Self-emp-not-inc,241895,Bachelors,13,Never-married,Sales,Not-in-family,White,Male,7191,0,57,United-States,0,0.9147031610750703,1,4,0.6
48,Private,209993,5th-6th,3,Married-civ-spouse,Priv-house-serv,Wife,White,Female,2411,0,55,El-Salvador,0,0.012476192296095189,0,4,0.6
50,Self-emp-inc,54953,Some-college,10,Married-civ-spouse,Craft-repair,Husband,White,Male,9577,0,53,United-States,0,0.998612538897245,1,4,0.6
56,Local-gov,100479,Assoc-acdm,12,Married-civ-spouse,Prof-specialty,Husband,White,Male,2418,0,63,United-States,0,0.14589196373761237,0,4,0.6
45,Self-emp-not-inc,93930,HS-grad,9,Married-civ-spouse,Exec-managerial,Husband,White,Male,2932,0,55,United-States,0,0.06108834668233827,0,4,0.6
45,Private,149726,HS-grad,9,Married-civ-spouse,Transport-moving,Husband,White,Male,14790,0,61,United-States,0,0.9987464280670478,1,4,0.6
58,,443179,Bachelors,13,Divorced,,Not-in-family,White,Female,5365,0,23,United-States,0,0.17928561825247144,0,4,0.6
37,Local-gov,84224,Bachelors,13,Never-married,Prof-specialty,Not-in-family,White,Female,6770,0,55,United-States,0,0.03015595526936254,0,4,0.6
33,Private,372636,HS-grad,9,Never-married,Sales,Own-child,Black,Male,9440,0,55,United-States,0,0.9936365527360647,1,4,0.6
38,Private,190873,10th,6,Divorced,Other-service,Unmarried,White,Female,7347,0,55,Germany,0,0.6910216885802236,1,4,0.6
60,Self-emp-not-inc,28791,HS-grad,9,Married-civ-spouse,Sales,Wife,White,Female,6177,0,65,United-States,0,0.9830039110089837,1,4,0.6
29,Private,157941,Bachelors,13,Never-married,Tech-support,Not-in-family,White,Male,0,0,40,United-States,0,0.06264060371546436,0,4,0.6
52,Private,176063,Bachelors,13,Married-civ-spouse,Exec-managerial,Husband,White,Male,6449,1977,75,United-States,1,0.9988138444809582,1,4,0.6
35,Private,128876,Some-college,10,Married-civ-spouse,Craft-repair,Husband,White,Male,0,0,40,United-States,0,0.5954924234639617,0,4,0.6
76,Local-gov,47298,Doctorate,16,Married-civ-spouse,Protective-serv,Husband,White,Male,1988,0,60,United-States,1,0.26392994901745015,0,4,0.6
58,Private,251474,Bachelors,13,Married-civ-spouse,Exec-managerial,Husband,White,Male,828,0,75,United-States,1,0.37751216227444423,0,4,0.6
57,State-gov,164593,Bachelors,13,Never-married,Exec-managerial,Not-in-family,White,Male,4707,0,55,,0,0.9688122355032593,1,4,0.6
18,Private,427437,HS-grad,9,Never-married,Sales,Own-child,Black,Female,0,0,40,United-States,0,0.0016828459584850323,0,4,0.6
31,Private,393702,HS-grad,9,Never-married,Prof-specialty,Own-child,White,Female,0,0,36,United-States,0,0.1036562508323338,0,4,0.6
35,Federal-gov,287658,Some-college,10,Married-civ-spouse,Protective-serv,Husband,Black,Male,0,0,40,United-States,1,0.6927811274129434,1,4,0.6
44,Private,473133,Masters,14,Married-civ-spouse,Prof-specialty,Husband,White,Male,9480,0,55,United-States,1,0.9985961307266976,1,4,0.6
37,Self-emp-not-inc,36214,Bachelors,13,Married-civ-spouse,Craft-repair,Husband,White,Male,0,0,65,United-States,1,0.6977031760066923,1,4,0.6
65,,123011,HS-grad,9,Married-civ-spouse,,Husband,White,Male,14077,0,55,United-States,1,0.987123169135209,1,4,0.6
51,State-gov,42186,HS-grad,9,Married-civ-spouse,Adm-clerical,Wife,Asian-Pac-Islander,Female,6442,0,35,United-States,0,0.9937038831408944,1,4,0.6
56,Private,157217,Assoc-acdm,12,Married-civ-spouse,Prof-specialty,Husband,White,Male,2827,0,55,United-States,1,0.1856890979885025,0,4,0.6
40,Private,31801,HS-grad,9,Never-married,Handlers-cleaners,Other-relative,White,Male,5169,0,75,United-States,0,0.07100426136503195,0,4,0.6
19,Private,113546,11th,7,Never-married,Craft-repair,Not-in-family,White,Male,0,0,56,United-States,0,0.005772908388478596,0,4,0.6
40,Private,189407,HS-grad,9,Married-civ-spouse,Sales,Husband,White,Male,8082,0,70,United-States,0,0.9986725840706572,1,4,0.6
35,Private,188505,Bachelors,13,Never-married,Other-service,Own-child,White,Female,14408,0,40,United-States,0,0.9966633755857994,1,4,0.6
48,Private,161547,Bachelors,13,Never-married,Sales,Unmarried,Black,Female,13252,0,55,United-States,0,0.9967386918424382,1,4,0.6
55,Private,174575,Bachelors,13,Divorced,Exec-managerial,Not-in-family,White,Male,7871,1564,60,United-States,1,0.9938110253535971,1,4,0.6
20,,41356,Assoc-voc,11,Never-married,,Not-in-family,White,Female,0,0,40,United-States,0,0.0022097099402542315,0,4,0.6
55,Private,188436,Prof-school,15,Divorced,Exec-managerial,Not-in-family,White,Male,1700,0,55,United-States,0,0.0765722346327514,0,4,0.6
51,Private,278632,HS-grad,9,Married-civ-spouse,Machine-op-inspct,Husband,White,Male,5094,0,55,United-States,0,0.7032340177154399,1,4,0.6
40,Private,434081,HS-grad,9,Divorced,Machine-op-inspct,Own-child,White,Female,0,0,40,United-States,0,0.03859495645345516,0,4,0.6
38,Local-gov,73392,HS-grad,9,Never-married,Handlers-cleaners,Own-child,Amer-Indian-Eskimo,Male,2627,0,45,United-States,0,0.006590385559411686,0,4,0.6
52,Federal-gov,179717,HS-grad,9,Married-civ-spouse,Adm-clerical,Husband,White,Male,18850,0,65,United-States,1,0.9988248870287635,1,4,0.6
21,Private,457162,Some-college,10,Never-married,Sales,Own-child,Black,Male,0,0,17,United-States,0,0.002261488582679237,0,4,0.6
23,Private,174754,Some-college,10,Never-married,Sales,Not-in-family,White,Female,0,0,30,United-States,0,0.012322344512025237,0,4,0.6
36,Private,66304,Bachelors,13,Married-civ-spouse,Exec-managerial,Husband,White,Male,0,0,55,United-States,1,0.8756927518781255,1,4,0.6
59,Private,398652,HS-grad,9,Married-civ-spouse,Sales,Husband,White,Male,7379,0,65,United-States,1,0.9981479780665921,1,4,0.6
26,Local-gov,189027,HS-grad,9,Married-civ-spouse,Transport-moving,Husband,White,Male,0,0,40,United-States,0,0.2088460871416817,0,4,0.6
44,Private,102085,Some-college,10,Divorced,Adm-clerical,Other-relative,White,Female,0,0,40,United-States,0,0.015567472710797543,0,4,0.6
74,Self-emp-not-inc,71467,Bachelors,13,Married-civ-spouse,Craft-repair,Husband,White,Male,3132,0,70,United-States,1,0.10162289440861473,0,4,0.6
46,Federal-gov,212120,Assoc-voc,11,Married-civ-spouse,Adm-clerical,Husband,White,Male,0,0,40,United-States,1,0.8851956197424315,1,4,0.6
38,Private,284343,Bachelors,13,Never-married,Prof-specialty,Not-in-family,White,Male,3539,0,65,United-States,0,0.037556044497398404,0,4,0.6
35,Private,263081,HS-grad,9,Married-civ-spouse,Craft-repair,Husband,Black,Male,0,0,60,United-States,1,0.5287925607535477,0,4,0.6
77,Private,180807,HS-grad,9,Separated,Protective-serv,Not-in-family,White,Male,6917,0,35,United-States,0,0.036442851323155084,0,4,0.6
38,Private,287701,11th,7,Married-civ-spouse,Handlers-cleaners,Husband,White,Male,0,0,48,United-States,1,0.37232144820829416,0,4,0.6
48,Private,167691,Some-college,10,Married-civ-spouse,Exec-managerial,Wife,White,Female,11078,0,55,United-States,1,0.9989073031758713,1,4,0.6
57,Private,362883,Some-college,10,Married-civ-spouse,Transport-moving,Husband,White,Male,9095,0,55,United-States,0,0.9986625422131208,1,4,0.6
48,Private,64874,11th,7,Married-civ-spouse,Machine-op-inspct,Husband,White,Male,3414,0,55,United-States,0,0.03507400873321307,0,4,0.6
53,Private,197093,Some-college,10,Never-married,Other-service,Not-in-family,Black,Male,451,0,35,United-States,0,0.008699700081870656,0,4,0.6
60,Private,498328,10th,6,Married-civ-spouse,Transport-moving,Husband,Black,Male,3097,0,55,United-States,0,0.8802642024956443,1,4,0.6
36,State-gov,231473,Assoc-acdm,12,Married-civ-spouse,Adm-clerical,Husband,White,Male,2809,0,45,United-States,0,0.13407342968546274,0,4,0.6
40,Private,187160,Prof-school,15,Divorced,Prof-specialty,Unmarried,White,Male,11803,0,70,United-States,0,0.9952378249417411,1,4,0.6
23,Private,193090,Bachelors,13,Never-married,Prof-specialty,Not-in-family,White,Female,0,0,38,United-States,0,0.0218539375844853,0,4,0.6
37,Private,395512,12th,8,Married-civ-spouse,Machine-op-inspct,Other-relative,Other,Male,5054,0,55,Mexico,0,0.44522447751612076,0,4,0.6
47,Private,31141,Masters,14,Married-civ-spouse,Tech-support,Husband,White,Male,0,0,40,United-States,1,0.8788287949540358,1,4,0.6
79,Self-emp-inc,171564,HS-grad,9,Married-civ-spouse,Prof-specialty,Wife,White,Female,21973,0,45,England,1,0.9855852366590551,1,4,0.6
30,State-gov,427515,HS-grad,9,Never-married,Adm-clerical,Own-child,Black,Female,869,0,35,United-States,0,0.0007599499421372934,0,4,0.6
44,Private,252257,Assoc-acdm,12,Never-married,Adm-clerical,Not-in-family,White,Female,2631,0,60,United-States,0,0.013540302941618142,0,4,0.6
51,Private,106151,11th,7,Divorced,Transport-moving,Own-child,White,Male,0,0,40,United-States,0,0.10021862659332381,0,4,0.6
35,Self-emp-not-inc,111095,HS-grad,9,Married-civ-spouse,Exec-managerial,Husband,White,Male,0,0,50,United-States,0,0.5233555773028322,0,4,0.6
61,Private,107425,Masters,14,Never-married,Sales,Not-in-family,White,Female,14988,0,50,United-States,0,0.9976497434085535,1,4,0.6
66,Private,145548,HS-grad,9,Married-civ-spouse,Craft-repair,Husband,White,Male,3353,0,55,United-States,0,0.07050196962850998,0,4,0.6
40,Private,191342,Some-college,10,Never-married,Sales,Not-in-family,Other,Male,6150,0,55,India,0,0.4117569455626091,0,4,0.6
50,Self-emp-inc,141584,HS-grad,9,Divorced,Sales,Unmarried,White,Male,8969,0,70,United-States,0,0.9970917194003681,1,4,0.6
38,Private,211695,HS-grad,9,Married-civ-spouse,Adm-clerical,Husband,White,Male,12865,0,55,United-States,0,0.9990247113883679,1,4,0.6
33,Private,213015,HS-grad,9,Never-married,Handlers-cleaners,Other-relative,Black,Male,11257,0,55,United-States,0,0.9955892144173419,1,4,0.6
35,Private,210053,Some-college,10,Never-married,Other-service,Not-in-family,White,Female,11743,0,43,United-States,0,0.9984716180319331,1,4,0.6
55,Private,201229,Bachelors,13,Divorced,Sales,Not-in-family,White,Female,0,0,8,United-States,0,0.07680418939695291,0,4,0.6
70,Local-gov,127463,HS-grad,9,Married-civ-spouse,Sales,Husband,White,Male,0,0,40,United-States,0,0.5116198721073769,0,4,0.6
39,Private,284741,Some-college,10,Never-married,Sales,Not-in-family,White,Female,13543,0,45,United-States,0,0.9980444174061114,1,4,0.6
21,,123727,Some-college,10,Never-married,,Not-in-family,White,Female,0,0,28,United-States,0,0.007110452157485716,0,4,0.6
50,Private,20795,HS-grad,9,Married-civ-spouse,Farming-fishing,Husband,White,Male,0,0,60,United-States,1,0.5266676898637054,0,4,0.6
52,Private,235786,Some-college,10,Married-civ-spouse,Craft-repair,Husband,White,Male,7564,0,59,United-States,1,0.9979855074304199,1,4,0.6
25,Private,106377,Some-college,10,Never-married,Adm-clerical,Own-child,White,Male,0,0,40,United-States,0,0.026958610464776267,0,4,0.6
30,Private,205152,Bachelors,13,Never-married,Sales,Not-in-family,White,Male,0,0,40,United-States,0,0.19621813124336335,0,4,0.6
63,Private,355954,Some-college,10,Married-civ-spouse,Craft-repair,Husband,White,Male,13348,0,75,United-States,1,0.9826792325633125,1,4,0.6
37,Private,116358,HS-grad,9,Never-married,Craft-repair,Other-relative,Amer-Indian-Eskimo,Male,27828,0,48,United-States,1,0.9975810045616706,1,4,0.6
30,Self-emp-not-inc,523095,Some-college,10,Never-married,Craft-repair,Not-in-family,White,Male,0,0,45,United-States,0,0.1969396910232636,0,4,0.6
52,Local-gov,35092,Doctorate,16,Married-civ-spouse,Exec-managerial,Husband,White,Male,0,0,40,United-States,1,0.9402231330604539,1,4,0.6
38,Private,31964,9th,5,Married-civ-spouse,Adm-clerical,Husband,White,Male,0,0,40,United-States,0,0.22538590893454616,0,4,0.6
19,Private,143608,HS-grad,9,Never-married,Machine-op-inspct,Own-child,White,Male,0,0,40,United-States,0,0.002146263810336188,0,4,0.6
52,State-gov,71344,Masters,14,Married-civ-spouse,Prof-specialty,Husband,White,Male,0,0,40,United-States,0,0.8917985510885426,1,4,0.6
46,Self-emp-not-inc,102869,HS-grad,9,Married-civ-spouse,Sales,Husband,White,Male,0,0,40,United-States,1,0.5976025962444639,0,4,0.6
49,Private,65390,Bachelors,13,Married-civ-spouse,Farming-fishing,Husband,White,Male,13511,0,65,United-States,0,0.998296350833657,1,4,0.6
62,Private,30827,Bachelors,13,Married-civ-spouse,Sales,Husband,White,Male,11813,0,60,United-States,1,0.9920716657223032,1,4,0.6
59,Private,340982,Some-college,10,Married-civ-spouse,Machine-op-inspct,Husband,Asian-Pac-Islander,Male,4453,0,55,Philippines,1,0.1760816737346423,0,4,0.6
56,Private,125461,Masters,14,Married-civ-spouse,Exec-managerial,Husband,White,Male,13463,0,50,United-States,1,0.9992052763184018,1,4,0.6
28,Private,337424,Prof-school,15,Never-married,Prof-specialty,Not-in-family,White,Male,0,0,80,United-States,0,0.3615999738926817,0,4,0.6
30,Private,283767,HS-grad,9,Married-civ-spouse,Adm-clerical,Husband,White,Male,0,0,40,,0,0.42613069829529654,0,4,0.6
21,Private,34310,Assoc-voc,11,Married-civ-spouse,Craft-repair,Husband,White,Male,0,2603,40,United-States,0,0.5895156028014262,0,4,0.6
54,,212206,Masters,14,Married-civ-spouse,,Wife,White,Female,3349,1887,63,United-States,1,0.7808624112297037,1,4,0.6
54,Private,135388,HS-grad,9,Married-civ-spouse,Craft-repair,Husband,White,Male,5178,0,40,United-States,1,0.99053941516859,1,4,0.6
36,State-gov,38151,Some-college,10,Never-married,Adm-clerical,Own-child,White,Male,1660,0,27,United-States,0,0.00496375328999634,0,4,0.6
55,Private,220109,Some-college,10,Married-civ-spouse,Other-service,Husband,White,Male,14799,1672,59,United-States,0,0.9971077735709284,1,4,0.6
53,Private,187336,HS-grad,9,Divorced,Exec-managerial,Not-in-family,White,Female,11451,0,55,United-States,0,0.9984242750057188,1,4,0.6
49,Private,143459,9th,5,Separated,Handlers-cleaners,Own-child,White,Male,0,0,38,United-States,0,0.04659586220662569,0,4,0.6
29,Private,277342,Some-college,10,Never-married,Transport-moving,Unmarried,White,Male,0,0,40,United-States,0,0.032889989412017775,0,4,0.6
73,Private,73809,Some-college,10,Divorced,Adm-clerical,Not-in-family,White,Female,7108,0,55,United-States,0,0.80472192264583,1,4,0.6
67,,102058,12th,8,Widowed,,Not-in-family,White,Male,7748,0,45,United-States,0,0.8816944024421101,1,4,0.6
36,Private,224566,Bachelors,13,Never-married,Prof-specialty,Not-in-family,White,Male,99999,0,45,United-States,1,0.9987289375774896,1,4,0.6
31,,98283,Some-college,10,Never-married,,Own-child,Asian-Pac-Islander,Male,12033,0,47,United-States,0,0.9969246388405828,1,4,0.6
43,Private,227065,Masters,14,Married-civ-spouse,Exec-managerial,Husband,White,Male,0,0,43,United-States,1,0.9275767611876554,1,4,0.6
34,Local-gov,211129,Assoc-voc,11,Never-married,Adm-clerical,Own-child,White,Female,12307,0,25,,0,0.99432890001772,1,4,0.6
37,Self-emp-not-inc,348739,Prof-school,15,Married-civ-spouse,Prof-specialty,Husband,White,Male,0,0,50,United-States,1,0.9502862817078392,1,4,0.6
76,,205479,Bachelors,13,Married-civ-spouse,,Husband,White,Male,10192,0,65,United-States,1,0.9656839553216617,1,5,0.8
38,Private,119741,Masters,14,Married-civ-spouse,Craft-repair,Husband,Black,Male,0,0,40,United-States,1,0.8034304571909998,1,5,0.8
66,Private,161147,HS-grad,9,Never-married,Adm-clerical,Own-child,White,Female,13982,0,55,United-States,0,0.9885124117031804,1,5,0.8
55,Local-gov,198096,HS-grad,9,Married-civ-spouse,Craft-repair,Husband,White,Male,21170,0,55,United-States,1,0.9988622632545721,1,5,0.8
63,Local-gov,169182,9th,5,Widowed,Other-service,Not-in-family,White,Female,6222,0,60,Cuba,0,0.08310665333845431,0,5,0.8
21,Private,23813,10th,6,Divorced,Craft-repair,Not-in-family,Amer-Indian-Eskimo,Male,0,0,40,United-States,0,0.017409390168901483,0,5,0.8
64,Local-gov,84808,HS-grad,9,Divorced,Adm-clerical,Unmarried,Black,Female,12267,0,55,United-States,0,0.9954662294480723,1,5,0.8
46,Private,56121,11th,7,Divorced,Craft-repair,Unmarried,White,Male,14093,0,55,United-States,0,0.9947095707697012,1,5,0.8
60,Private,205100,Bachelors,13,Married-civ-spouse,Sales,Husband,White,Male,99999,0,95,United-States,1,0.9987525808306651,1,5,0.8
31,Local-gov,210308,Some-college,10,Never-married,Adm-clerical,Own-child,White,Female,2335,1721,45,United-States,0,0.0010189950622942732,0,5,0.8
49,Private,106705,Some-college,10,Separated,Sales,Unmarried,White,Female,0,0,36,United-States,0,0.059235853706610865,0,5,0.8
57,Federal-gov,133973,Some-college,10,Divorced,Adm-clerical,Unmarried,White,Female,5136,0,55,United-States,0,0.19121592780809724,0,5,0.8
45,Self-emp-inc,289886,HS-grad,9,Never-married,Other-service,Unmarried,Asian-Pac-Islander,Male,7082,0,55,Vietnam,0,0.934667387414809,1,5,0.8
90,,29106,10th,6,Married-civ-spouse,,Husband,White,Male,6086,0,35,United-States,0,0.9833787304573032,1,5,0.8
54,Self-emp-not-inc,140474,Assoc-acdm,12,Divorced,Craft-repair,Own-child,Amer-Indian-Eskimo,Male,9598,0,50,United-States,0,0.9950571408135295,1,5,0.8
63,Private,142835,11th,7,Married-civ-spouse,Machine-op-inspct,Husband,White,Male,1522,0,55,United-States,0,0.04760133898192389,0,5,0.8
48,Private,199217,HS-grad,9,Divorced,Handlers-cleaners,Not-in-family,White,Male,2302,0,55,Mexico,0,0.018643867366158376,0,5,0.8
51,Private,144084,HS-grad,9,Never-married,Machine-op-inspct,Own-child,White,Female,0,0,40,United-States,0,0.02069075325966294,0,5,0.8
79,Private,105216,Some-college,10,Widowed,Prof-specialty,Not-in-family,White,Female,13254,0,31,United-States,0,0.9945334137585313,1,5,0.8
47,Local-gov,185769,Some-college,10,Married-civ-spouse,Other-service,Husband,White,Male,9214,0,55,United-States,0,0.9986280158251019,1,5,0.8
44,Private,324284,HS-grad,9,Married-civ-spouse,Craft-repair,Husband,White,Male,8393,0,55,United-States,0,0.9984248260247299,1,5,0.8
42,State-gov,141297,Bachelors,13,Married-civ-spouse,Prof-specialty,Husband,Asian-Pac-Islander,Male,1962,0,55,India,1,0.2533066105943228,0,5,0.8
46,Private,62165,Some-college,10,Never-married,Sales,Other-relative,Black,Male,8009,0,45,United-States,0,0.9480147363665741,1,5,0.8
64,Self-emp-not-inc,190333,HS-grad,9,Divorced,Farming-fishing,Not-in-family,White,Male,9156,0,40,United-States,0,0.9893927635652205,1,5,0.8
36,Private,170031,HS-grad,9,Married-civ-spouse,Craft-repair,Husband,White,Male,0,0,40,United-States,0,0.5206556116570841,0,5,0.8
43,Private,972354,Some-college,10,Married-civ-spouse,Other-service,Husband,White,Male,0,0,48,United-States,0,0.46950761863130114,0,5,0.8
74,Local-gov,136787,HS-grad,9,Divorced,Transport-moving,Other-relative,White,Male,12499,0,55,United-States,0,0.9921334178978031,1,5,0.8
48,Private,41490,Some-college,10,Divorced,Adm-clerical,Unmarried,White,Female,3853,0,55,United-States,0,0.007056822956622953,0,5,0.8
46,Private,217460,Bachelors,13,Married-civ-spouse,Exec-managerial,Husband,White,Male,4510,0,60,United-States,1,0.38017332267547244,0,5,0.8
53,Private,142579,Bachelors,13,Widowed,Sales,Unmarried,Black,Male,13316,0,65,United-States,0,0.9989439282809666,1,5,0.8
55,Local-gov,337469,Some-college,10,Divorced,Adm-clerical,Not-in-family,White,Female,7718,0,35,Mexico,0,0.9439348563866815,1,5,0.8
50,Self-emp-inc,140854,Bachelors,13,Married-civ-spouse,Craft-repair,Husband,White,Male,5646,0,65,United-States,1,0.9912645211439607,1,5,0.8
37,Private,242136,HS-grad,9,Divorced,Machine-op-inspct,Not-in-family,Black,Male,6301,0,55,United-States,0,0.04303405231519038,0,5,0.8
58,Local-gov,85341,Masters,14,Married-civ-spouse,Prof-specialty,Husband,White,Male,9826,0,71,United-States,0,0.998345907633103,1,5,0.8
52,Private,117860,HS-grad,9,Divorced,Other-service,Not-in-family,Black,Male,3329,0,55,United-States,0,0.01484086078308825,0,5,0.8
66,Self-emp-not-inc,212456,HS-grad,9,Widowed,Craft-repair,Not-in-family,White,Male,0,0,20,United-States,0,0.04419090621154809,0,5,0.8
42,Federal-gov,73514,Bachelors,13,Never-married,Exec-managerial,Other-relative,Asian-Pac-Islander,Female,5329,0,60,United-States,0,0.17290195609224818,0,5,0.8
39,Private,210498,Some-college,10,Married-civ-spouse,Exec-managerial,Husband,White,Male,907,0,95,United-States,0,0.22523733411937713,0,5,0.8
49,Private,83444,HS-grad,9,Divorced,Exec-managerial,Not-in-family,White,Male,0,0,40,United-States,0,0.21632739527943357,0,5,0.8
29,Private,152710,10th,6,Never-married,Sales,Own-child,White,Female,4765,0,30,United-States,0,0.45618834931636226,0,5,0.8
40,Private,195520,Assoc-voc,11,Never-married,Adm-clerical,Other-relative,White,Male,3708,0,55,Ireland,0,0.006290179354806317,0,5,0.8
40,Private,166662,Prof-school,15,Married-civ-spouse,Prof-specialty,Husband,White,Male,15024,0,45,United-States,1,0.9993351604884986,1,5,0.8
69,State-gov,254949,HS-grad,9,Married-civ-spouse,Exec-managerial,Husband,White,Male,8482,0,55,United-States,1,0.9842216820596178,1,5,0.8
52,Private,276096,HS-grad,9,Married-civ-spouse,Machine-op-inspct,Husband,White,Male,10378,0,55,United-States,0,0.9911040988783436,1,5,0.8
57,Private,175262,9th,5,Married-civ-spouse,Handlers-cleaners,Husband,Asian-Pac-Islander,Male,1329,0,55,India,0,0.046552492313500025,0,5,0.8
20,Private,133515,Some-college,10,Never-married,Sales,Other-relative,White,Female,0,0,40,United-States,0,0.0023132657943565897,0,5,0.8
57,Private,112362,10th,6,Married-civ-spouse,Sales,Husband,White,Male,8245,0,55,United-States,0,0.9985038769301334,1,5,0.8
38,Private,141824,Some-college,10,Divorced,Exec-managerial,Not-in-family,White,Female,11399,0,55,United-States,0,0.9985379261282338,1,5,0.8
38,Private,258550,Bachelors,13,Never-married,Adm-clerical,Own-child,White,Male,896,0,55,United-States,0,0.017080118203931804,0,5,0.8
31,Private,55284,HS-grad,9,Never-married,Handlers-cleaners,Own-child,White,Female,11311,0,40,United-States,0,0.9903920981443457,1,5,0.8
42,Private,192644,Masters,14,Married-civ-spouse,Exec-managerial,Husband,White,Male,10257,0,65,United-States,1,0.9990100662839261,1,5,0.8
48,Private,214807,HS-grad,9,Divorced,Other-service,Unmarried,White,Female,3086,0,55,United-States,0,0.44229922600950244,0,5,0.8
41,Self-emp-not-inc,375574,Some-college,10,Married-civ-spouse,Sales,Husband,White,Male,0,0,60,Mexico,1,0.7890202286772029,1,5,0.8
66,Private,222882,HS-grad,9,Widowed,Exec-managerial,Unmarried,White,Female,7667,0,60,United-States,0,0.9534398519520056,1,5,0.8
50,Private,210198,HS-grad,9,Never-married,Sales,Unmarried,White,Female,4931,0,45,United-States,0,0.37884000100921145,0,5,0.8
49,Local-gov,89491,Masters,14,Divorced,Exec-managerial,Not-in-family,White,Female,7753,0,55,United-States,0,0.9257892291250126,1,5,0.8
51,Local-gov,277024,HS-grad,9,Separated,Protective-serv,Not-in-family,Black,Male,0,0,40,United-States,0,0.15396638076124433,0,5,0.8
53,Private,176069,HS-grad,9,Separated,Machine-op-inspct,Unmarried,White,Female,4633,0,55,United-States,0,0.05116412734061386,0,5,0.8
36,Private,254767,11th,7,Never-married,Sales,Own-child,White,Male,12913,0,55,United-States,0,0.9971947819651136,1,5,0.8
42,Private,156464,Masters,14,Never-married,Prof-specialty,Not-in-family,White,Male,4496,0,60,United-States,1,0.11338904657317182,0,5,0.8
45,Private,248754,Bachelors,13,Married-civ-spouse,Prof-specialty,Husband,White,Male,1511,0,60,United-States,0,0.2677242477751439,0,5,0.8
64,Private,204322,Assoc-voc,11,Married-civ-spouse,Tech-support,Husband,White,Male,12387,0,55,United-States,0,0.9929642584775983,1,5,0.8
58,Private,126104,Masters,14,Divorced,Adm-clerical,Not-in-family,White,Female,0,1980,45,United-States,0,0.07084377752659345,0,5,0.8
63,Self-emp-not-inc,321865,Some-college,10,Married-civ-spouse,Other-service,Husband,White,Male,7852,0,99,United-States,0,0.9684791324559587,1,5,0.8
49,Private,127048,Some-college,10,Married-civ-spouse,Adm-clerical,Wife,White,Female,1008,0,55,United-States,0,0.09344426426434174,0,5,0.8
53,Private,294270,9th,5,Married-civ-spouse,Transport-moving,Husband,White,Male,7710,0,50,United-States,0,0.9984698173934726,1,5,0.8
64,,133336,10th,6,Divorced,,Not-in-family,White,Male,10187,0,40,United-States,0,0.9817825198955272,1,5,0.8
35,Private,447488,9th,5,Never-married,Machine-op-inspct,Other-relative,White,Male,7076,0,50,Mexico,0,0.7920006332090576,1,5,0.8
41,Private,133292,Some-college,10,Never-married,Adm-clerical,Own-child,Black,Male,6426,0,55,United-States,0,0.19176795579103356,0,5,0.8
52,,170649,Some-college,10,Married-civ-spouse,,Husband,White,Male,517,0,23,United-States,0,0.05410856167165597,0,5,0.8
56,Self-emp-inc,171615,Prof-school,15,Married-civ-spouse,Prof-specialty,Husband,White,Male,11555,0,70,United-States,1,0.9989066688533653,1,5,0.8
60,Private,227714,Bachelors,13,Married-civ-spouse,Sales,Husband,White,Male,8376,0,75,United-States,0,0.9987090270457671,1,5,0.8
61,,71467,HS-grad,9,Married-civ-spouse,,Husband,White,Male,3103,0,40,United-States,1,0.9409384078970895,1,5,0.8
36,Private,321435,Bachelors,13,Never-married,Adm-clerical,Not-in-family,White,Male,14850,0,55,United-States,0,0.9986580528884903,1,5,0.8
61,Private,79436,HS-grad,9,Married-civ-spouse,Handlers-cleaners,Husband,White,Male,9346,0,63,United-States,0,0.9829195775259115,1,5,0.8
31,Private,176185,Masters,14,Married-civ-spouse,Exec-managerial,Husband,White,Male,0,0,60,France,1,0.90743249579668,1,5,0.8
41,Private,67306,HS-grad,9,Never-married,Adm-clerical,Unmarried,Amer-Indian-Eskimo,Female,5139,0,55,United-States,0,0.03724697876928076,0,5,0.8
31,Private,125010,HS-grad,9,Never-married,Farming-fishing,Own-child,White,Male,6866,0,60,United-States,0,0.02292077677788377,0,5,0.8
27,Private,214858,Bachelors,13,Never-married,Sales,Own-child,White,Male,0,0,40,United-States,0,0.04755627961189707,0,5,0.8
42,Private,622192,Some-college,10,Married-civ-spouse,Other-service,Wife,White,Female,7358,0,21,United-States,0,0.9935251905204834,1,5,0.8
42,Private,165115,Assoc-voc,11,Divorced,Adm-clerical,Unmarried,White,Female,13593,0,45,United-States,0,0.9927349440052903,1,5,0.8
40,Private,195000,Bachelors,13,Never-married,Sales,Other-relative,White,Female,5901,0,60,United-States,0,0.19630212461532046,0,5,0.8
81,Private,136218,11th,7,Never-married,Machine-op-inspct,Not-in-family,White,Female,5320,0,55,United-States,0,0.12930900437932558,0,5,0.8
32,Private,171398,10th,6,Never-married,Sales,Not-in-family,Other,Male,9647,0,55,United-States,0,0.9976413700507324,1,5,0.8
48,Private,288049,HS-grad,9,Married-civ-spouse,Exec-managerial,Husband,White,Male,11045,0,60,United-States,0,0.999001525435671,1,5,0.8
62,Local-gov,120190,Masters,14,Divorced,Prof-specialty,Not-in-family,White,Female,10941,0,60,United-States,0,0.9961898229636612,1,5,0.8
49,Private,280282,Assoc-voc,11,Married-civ-spouse,Tech-support,Wife,White,Female,13714,0,39,United-States,1,0.9989925405362254,1,5,0.8
31,Private,25429,Some-college,10,Never-married,Adm-clerical,Own-child,White,Female,8506,0,31,United-States,0,0.9965715770885029,1,5,0.8
67,Private,200734,HS-grad,9,Separated,Other-service,Unmarried,Black,Female,3449,0,55,,0,0.013078187841697782,0,5,0.8
39,Private,203160,Bachelors,13,Never-married,Handlers-cleaners,Not-in-family,White,Male,11754,0,43,United-States,0,0.9971097180391582,1,5,0.8
55,Private,193494,Some-college,10,Married-civ-spouse,Prof-specialty,Husband,White,Male,10402,0,55,United-States,0,0.9937765082479229,1,5,0.8
41,,429696,Some-college,10,Married-civ-spouse,,Own-child,Black,Female,4095,0,29,United-States,0,0.058925610741868945,0,5,0.8
35,Private,203003,7th-8th,4,Never-married,Craft-repair,Not-in-family,White,Male,13160,0,40,Germany,0,0.9976428551546236,1,5,0.8
38,Private,380543,HS-grad,9,Never-married,Other-service,Unmarried,Black,Female,0,0,30,United-States,0,0.00875178678907766,0,5,0.8
62,Local-gov,173224,Masters,14,Married-civ-spouse,Prof-specialty,Wife,White,Female,5781,0,55,United-States,0,0.9897547910174215,1,5,0.8
26,Local-gov,73392,HS-grad,9,Never-married,Handlers-cleaners,Own-child,Amer-Indian-Eskimo,Male,0,0,30,United-States,0,0.006894105685487246,0,5,0.8
57,Private,149169,Some-college,10,Divorced,Craft-repair,Not-in-family,White,Male,4724,0,65,United-States,0,0.9615117839520825,1,5,0.8
29,Private,156736,10th,6,Never-married,Sales,Unmarried,White,Female,3251,0,27,United-States,0,0.0010972634191436844,0,5,0.8
32,,50163,Some-college,10,Never-married,,Not-in-family,White,Male,14612,0,40,United-States,0,0.9980211962137582,1,5,0.8
42,Private,310889,Some-college,10,Never-married,Handlers-cleaners,Not-in-family,White,Male,5268,0,70,United-States,0,0.3834603498108032,0,5,0.8
34,Private,304710,Bachelors,13,Never-married,Adm-clerical,Not-in-family,Asian-Pac-Islander,Female,1236,0,25,Vietnam,0,0.0016731382765052976,0,5,0.8
29,Private,244589,11th,7,Never-married,Sales,Own-child,White,Female,40,0,55,United-States,0,0.005826465115499479,0,5,0.8
39,Private,173927,Some-college,10,Never-married,Tech-support,Own-child,Other,Female,12288,0,47,Jamaica,0,0.99809915915177,1,5,0.8
58,Private,94741,12th,8,Married-civ-spouse,Other-service,Wife,White,Female,0,0,24,United-States,0,0.19075080039107264,0,5,0.8
52,Private,326310,Some-college,10,Married-civ-spouse,Craft-repair,Husband,White,Male,1991,0,59,United-States,0,0.1698151496344917,0,5,0.8
35,Private,188545,Assoc-acdm,12,Never-married,Adm-clerical,Own-child,White,Female,2539,1974,35,United-States,0,0.005704772851572207,0,5,0.8
44,Private,187322,Bachelors,13,Divorced,Transport-moving,Not-in-family,White,Male,0,0,40,United-States,0,0.25170649689472435,0,5,0.8
19,Private,693066,12th,8,Never-married,Other-service,Own-child,White,Female,0,0,15,United-States,0,0.0007352731270224346,0,5,0.8
50,Private,159179,HS-grad,9,Married-civ-spouse,Craft-repair,Husband,White,Male,5703,0,55,United-States,0,0.9918387106343138,1,5,0.8
46,Private,295922,Some-college,10,Never-married,Machine-op-inspct,Not-in-family,White,Male,10771,0,55,England,1,0.9984902036365372,1,5,0.8
36,Private,129573,Assoc-acdm,12,Married-civ-spouse,Sales,Husband,White,Male,0,0,60,United-States,1,0.8147606394256998,1,5,0.8
59,Private,176140,HS-grad,9,Divorced,Exec-managerial,Unmarried,Black,Female,4158,0,55,United-States,1,0.012267637160599436,0,5,0.8
44,State-gov,169973,Masters,14,Never-married,Adm-clerical,Not-in-family,White,Female,6062,0,53,United-States,0,0.19646491997846977,0,5,0.8
50,Self-emp-inc,54953,Some-college,10,Married-civ-spouse,Craft-repair,Husband,White,Male,543,0,53,United-States,0,0.13413588597982118,0,5,0.8
42,Private,104647,HS-grad,9,Divorced,Other-service,Not-in-family,White,Male,0,0,40,United-States,0,0.05403059627036998,0,5,0.8
31,Private,43003,Some-college,10,Never-married,Other-service,Own-child,White,Male,9747,0,35,United-States,0,0.9930964003556975,1,5,0.8
49,Private,53232,Prof-school,15,Never-married,Prof-specialty,Not-in-family,Asian-Pac-Islander,Female,10420,0,70,United-States,1,0.9961711432095878,1,5,0.8
57,Private,117409,Some-college,10,Married-civ-spouse,Exec-managerial,Husband,White,Male,14879,0,55,United-States,1,0.9990364918032082,1,5,0.8
61,Private,166215,9th,5,Married-civ-spouse,Craft-repair,Husband,White,Male,1627,0,55,United-States,0,0.04700085308752423,0,5,0.8
50,Private,32271,Some-college,10,Married-civ-spouse,Craft-repair,Husband,White,Male,4953,0,55,United-States,0,0.10834848915643029,0,5,0.8
62,Private,233363,11th,7,Divorced,Other-service,Unmarried,White,Female,326,0,55,United-States,0,0.009818117487665744,0,5,0.8
45,Private,159303,HS-grad,9,Divorced,Other-service,Unmarried,White,Female,3032,0,55,United-States,0,0.016320201629309136,0,5,0.8
30,,220168,Some-college,10,Never-married,,Own-child,White,Male,5647,0,31,United-States,0,0.051944776581281805,0,5,0.8
31,Private,173350,HS-grad,9,Never-married,Other-service,Not-in-family,White,Female,0,0,30,United-States,0,0.01864895273603731,0,5,0.8
69,Local-gov,237546,Masters,14,Married-civ-spouse,Exec-managerial,Husband,White,Male,10565,0,75,United-States,1,0.9751318489112725,1,5,0.8
39,Private,246440,11th,7,Divorced,Machine-op-inspct,Unmarried,White,Female,4677,0,55,United-States,0,0.8592040893798009,1,5,0.8
34,Private,127647,HS-grad,9,Never-married,Other-service,Own-child,White,Female,3060,0,51,United-States,0,0.21281380647914191,0,5,0.8
80,Self-emp-not-inc,225892,HS-grad,9,Married-civ-spouse,Other-service,Husband,White,Male,1409,0,40,United-States,0,0.012625690005124559,0,5,0.8
80,Private,34887,HS-grad,9,Widowed,Priv-house-serv,Not-in-family,White,Female,9034,0,21,United-States,0,0.9834451526806195,1,5,0.8
33,Private,241951,HS-grad,9,Never-married,Machine-op-inspct,Not-in-family,White,Male,2487,0,60,United-States,0,0.005561030725802415,0,5,0.8
44,Private,73498,7th-8th,4,Divorced,Other-service,Unmarried,White,Female,9959,0,55,United-States,0,0.9794041538848802,1,5,0.8
76,Private,110110,11th,7,Married-civ-spouse,Machine-op-inspct,Husband,Black,Male,3511,0,55,United-States,0,0.0431009699481373,0,5,0.8
54,Self-emp-not-inc,103759,HS-grad,9,Married-civ-spouse,Sales,Husband,White,Male,8056,0,63,United-States,0,0.9984605800915317,1,5,0.8
56,Private,179666,Some-college,10,Divorced,Transport-moving,Unmarried,White,Male,4481,0,50,England,0,0.18512260820402385,0,5,0.8
35,Private,413345,Bachelors,13,Never-married,Adm-clerical,Not-in-family,White,Female,2913,0,75,United-States,0,0.03199717774972031,0,5,0.8
76,Private,114994,HS-grad,9,Married-civ-spouse,Other-service,Husband,White,Male,8146,0,35,United-States,0,0.9650780935219694,1,5,0.8
41,Private,185660,HS-grad,9,Separated,Adm-clerical,Unmarried,White,Female,0,0,40,United-States,0,0.05520048543779175,0,5,0.8
50,Private,169469,HS-grad,9,Divorced,Sales,Not-in-family,White,Male,9204,0,95,United-States,0,0.9969473453030645,1,5,0.8
40,,241580,HS-grad,9,Divorced,,Unmarried,White,Female,4279,0,70,United-States,0,0.303252628742878,0,5,0.8
50,Private,127493,Assoc-acdm,12,Widowed,Sales,Unmarried,White,Female,8481,0,50,United-States,0,0.9979127634075146,1,5,0.8
49,State-gov,231961,Doctorate,16,Divorced,Prof-specialty,Unmarried,White,Male,0,0,50,United-States,1,0.8714174333474859,1,5,0.8
48,Private,306567,HS-grad,9,Married-civ-spouse,Transport-moving,Wife,White,Female,11184,0,55,United-States,1,0.9988602676867379,1,5,0.8
22,Private,187703,Assoc-voc,11,Never-married,Other-service,Other-relative,White,Male,0,0,40,Guatemala,0,0.01754003267849092,0,5,0.8
38,State-gov,105787,Bachelors,13,Never-married,Prof-specialty,Own-child,White,Male,10770,0,55,United-States,0,0.9972855178349608,1,5,0.8
64,Private,110748,Masters,14,Married-civ-spouse,Prof-specialty,Husband,White,Male,2624,0,65,United-States,1,0.26004416561275184,0,5,0.8
56,Private,246687,Some-college,10,Divorced,Adm-clerical,Not-in-family,White,Female,0,0,40,United-States,0,0.06517972566277215,0,5,0.8
45,State-gov,43716,Some-college,10,Married-civ-spouse,Craft-repair,Husband,White,Male,12184,0,19,United-States,0,0.9970794967138042,1,5,0.8
57,Private,187730,Bachelors,13,Never-married,Prof-specialty,Own-child,White,Male,11672,0,55,United-States,0,0.9978528579043284,1,5,0.8
57,,28359,HS-grad,9,Separated,,Unmarried,White,Female,10958,0,25,United-States,0,0.9930822623613392,1,5,0.8
46,Private,120461,Some-college,10,Divorced,Adm-clerical,Not-in-family,White,Female,7414,0,65,United-States,0,0.7606818916250807,1,5,0.8
46,Private,236861,HS-grad,9,Married-civ-spouse,Tech-support,Husband,White,Male,7142,0,55,United-States,1,0.9979834509079928,1,5,0.8
43,Private,113364,Assoc-acdm,12,Married-civ-spouse,Machine-op-inspct,Husband,White,Male,10261,0,70,United-States,0,0.9979715632494939,1,5,0.8
37,Local-gov,514716,Bachelors,13,Never-married,Adm-clerical,Own-child,Black,Female,4643,0,55,United-States,0,0.051966106989691216,0,5,0.8
44,Private,143604,HS-grad,9,Divorced,Other-service,Not-in-family,Black,Female,8370,0,31,United-States,0,0.9948718404139119,1,5,0.8
51,Private,28572,HS-grad,9,Divorced,Other-service,Not-in-family,White,Male,508,0,55,United-States,0,0.02650068081660946,0,5,0.8
59,Private,24384,HS-grad,9,Widowed,Priv-house-serv,Not-in-family,White,Female,0,0,40,United-States,0,0.03159138295128652,0,5,0.8
39,Private,223792,HS-grad,9,Married-civ-spouse,Handlers-cleaners,Husband,White,Male,0,0,72,United-States,0,0.467420419171953,0,5,0.8
31,Private,501144,Some-college,10,Never-married,Sales,Other-relative,Black,Female,7440,0,55,United-States,0,0.8515813045363619,1,5,0.8
56,Private,245317,HS-grad,9,Married-civ-spouse,Adm-clerical,Husband,White,Male,9642,0,55,United-States,0,0.9984776769674254,1,5,0.8
57,Self-emp-inc,67001,Some-college,10,Married-civ-spouse,Machine-op-inspct,Husband,White,Male,4302,0,65,United-States,0,0.9119565938345172,1,5,0.8
52,Private,337456,HS-grad,9,Divorced,Protective-serv,Unmarried,White,Female,8607,0,55,United-States,0,0.9959257270076054,1,5,0.8
43,Private,309028,Bachelors,13,Never-married,Prof-specialty,Not-in-family,White,Female,14804,0,55,United-States,0,0.998581954863064,1,5,0.8
69,Self-emp-inc,127728,Prof-school,15,Married-civ-spouse,Prof-specialty,Husband,White,Male,20100,0,75,United-States,1,0.9947898034809902,1,5,0.8
53,Local-gov,169995,Some-college,10,Divorced,Protective-serv,Not-in-family,White,Male,14189,0,35,United-States,0,0.9983014674231755,1,5,0.8
53,Private,115849,HS-grad,9,Married-civ-spouse,Transport-moving,Husband,White,Male,10702,0,55,United-States,0,0.9988112075388227,1,5,0.8
53,Private,171839,Masters,14,Married-civ-spouse,Other-service,Wife,White,Female,10584,0,65,United-States,1,0.9965264341614679,1,5,0.8
52,Private,220984,HS-grad,9,Married-civ-spouse,Machine-op-inspct,Husband,White,Male,0,0,40,United-States,0,0.5631961531412834,0,5,0.8
38,State-gov,177035,11th,7,Divorced,Other-service,Unmarried,White,Female,11512,0,55,United-States,0,0.9958704485817218,1,5,0.8
39,Private,209443,Bachelors,13,Married-AF-spouse,Sales,Wife,White,Female,3857,0,55,United-States,0,0.20399960106135834,0,5,0.8
32,,386962,10th,6,Never-married,,Own-child,White,Male,11959,0,55,Mexico,0,0.9971579594985827,1,5,0.8
51,Private,198654,HS-grad,9,Divorced,Exec-managerial,Unmarried,Black,Female,99999,0,55,United-States,1,0.9982686614034966,1,5,0.8
53,Private,195661,Some-college,10,Married-civ-spouse,Transport-moving,Husband,White,Male,3290,0,69,United-States,0,0.09354795685391105,0,5,0.8
39,Self-emp-not-inc,132686,HS-grad,9,Married-civ-spouse,Transport-moving,Husband,White,Male,8405,0,65,United-States,0,0.9982837215260596,1,5,0.8
31,Private,150324,Assoc-acdm,12,Never-married,Machine-op-inspct,Unmarried,White,Male,0,0,40,United-States,0,0.04682068431196691,0,5,0.8
35,Private,271354,HS-grad,9,Married-civ-spouse,Transport-moving,Husband,White,Male,14039,1902,65,United-States,1,0.9990092699452303,1,5,0.8
25,Private,178505,Some-college,10,Never-married,Exec-managerial,Other-relative,White,Female,0,1504,45,United-States,0,0.04272727302736987,0,5,0.8
35,Private,47541,HS-grad,9,Married-civ-spouse,Machine-op-inspct,Husband,White,Male,7768,0,65,United-States,0,0.9982104739821024,1,5,0.8
58,Private,128460,10th,6,Married-civ-spouse,Handlers-cleaners,Husband,White,Male,8319,0,55,United-States,0,0.9971835815873256,1,5,0.8
54,Self-emp-not-inc,37618,Some-college,10,Married-civ-spouse,Farming-fishing,Husband,White,Male,14617,0,75,United-States,0,0.9978279580696245,1,5,0.8
46,Private,190040,HS-grad,9,Married-civ-spouse,Adm-clerical,Wife,White,Female,3745,0,55,United-States,0,0.049272821754222894,0,5,0.8
57,Private,84790,Bachelors,13,Married-civ-spouse,Prof-specialty,Husband,White,Male,4264,0,70,United-States,1,0.9351579374090286,1,5,0.8
42,Local-gov,1125613,HS-grad,9,Divorced,Other-service,Not-in-family,Black,Male,0,0,40,United-States,0,0.027953140196145927,0,5,0.8
45,Private,227026,Bachelors,13,Never-married,Craft-repair,Unmarried,White,Female,3220,0,55,Nicaragua,0,0.036779888174824124,0,5,0.8
74,Private,270092,Masters,14,Married-civ-spouse,Prof-specialty,Husband,White,Male,13640,0,55,United-States,1,0.994032851141602,1,5,0.8
48,Private,82743,Assoc-acdm,12,Never-married,Transport-moving,Not-in-family,White,Male,7093,0,70,Iran,0,0.8228639995669198,1,5,0.8
38,Private,152263,HS-grad,9,Never-married,Adm-clerical,Own-child,White,Female,6793,0,60,United-States,0,0.031859379108961944,0,5,0.8
50,Private,428251,Some-college,10,Never-married,Craft-repair,Unmarried,White,Male,8199,0,55,United-States,0,0.978825443578376,1,5,0.8
39,Private,91996,HS-grad,9,Divorced,Other-service,Unmarried,White,Female,0,0,40,United-States,0,0.026560551496638263,0,5,0.8
48,,155509,11th,7,Divorced,,Unmarried,Black,Female,0,0,10,Haiti,0,0.021358098294112133,0,5,0.8
40,Private,444304,Bachelors,13,Married-civ-spouse,Tech-support,Husband,White,Male,8817,0,55,United-States,0,0.9989375890895142,1,5,0.8
34,Self-emp-not-inc,349148,Some-college,10,Married-civ-spouse,Craft-repair,Husband,White,Male,0,0,40,United-States,0,0.5912630514423078,0,5,0.8
85,,180603,HS-grad,9,Widowed,,Not-in-family,White,Female,13710,0,23,United-States,0,0.9928706755395449,1,5,0.8
48,Private,139743,Some-college,10,Widowed,Prof-specialty,Own-child,White,Female,14847,0,55,United-States,0,0.9986213915446368,1,5,0.8
75,Private,163708,9th,5,Widowed,Other-service,Not-in-family,White,Female,13299,0,35,United-States,0,0.9956457169756312,1,5,0.8
65,Private,420277,Some-college,10,Married-civ-spouse,Protective-serv,Husband,White,Male,0,0,40,United-States,0,0.663515768999112,1,5,0.8
54,Private,153132,Bachelors,13,Divorced,Sales,Unmarried,White,Male,6175,0,60,,0,0.3192847334509617,0,5,0.8
59,Self-emp-inc,123075,Masters,14,Married-civ-spouse,Sales,Husband,White,Male,11981,0,65,United-States,1,0.9990867840161324,1,5,0.8
63,Self-emp-not-inc,183173,HS-grad,9,Married-civ-spouse,Sales,Husband,White,Male,252,0,55,United-States,1,0.06172506189177679,0,5,0.8
64,State-gov,254285,Doctorate,16,Married-civ-spouse,Prof-specialty,Husband,White,Male,8831,1887,85,Germany,1,0.990578398214573,1,5,0.8
39,Private,110426,Assoc-acdm,12,Married-civ-spouse,Exec-managerial,Wife,White,Female,15024,0,45,United-States,1,0.9990544714304606,1,5,0.8
33,Private,237051,Some-college,10,Never-married,Other-service,Own-child,White,Female,9145,0,40,United-States,0,0.9930921011080563,1,5,0.8
39,Private,188171,HS-grad,9,Never-married,Handlers-cleaners,Own-child,White,Male,2920,0,55,United-States,0,0.00730903337522043,0,5,0.8
55,Federal-gov,94937,Bachelors,13,Divorced,Adm-clerical,Unmarried,White,Female,1549,0,55,United-States,0,0.035360345625713954,0,5,0.8
58,Local-gov,303918,HS-grad,9,Married-civ-spouse,Protective-serv,Husband,White,Male,10116,0,99,United-States,1,0.990089873327716,1,5,0.8
46,Local-gov,28568,HS-grad,9,Divorced,Craft-repair,Unmarried,White,Male,12616,0,55,United-States,0,0.9881256892044447,1,5,0.8
56,Private,100584,HS-grad,9,Married-civ-spouse,Machine-op-inspct,Husband,Amer-Indian-Eskimo,Male,1396,0,55,United-States,0,0.08956265772364294,0,5,0.8
52,Private,123306,Assoc-voc,11,Married-civ-spouse,Prof-specialty,Husband,White,Male,864,0,55,United-States,1,0.17021556049259062,0,5,0.8
74,Private,150693,HS-grad,9,Widowed,Adm-clerical,Not-in-family,White,Female,1527,0,57,United-States,0,0.012213073120499006,0,5,0.8
54,Private,53956,HS-grad,9,Married-civ-spouse,Handlers-cleaners,Husband,White,Male,2197,0,55,United-States,0,0.0672821454607688,0,5,0.8
33,Private,147655,HS-grad,9,Never-married,Adm-clerical,Own-child,White,Female,11370,0,55,United-States,0,0.9959955626138295,1,5,0.8
39,Private,192936,HS-grad,9,Divorced,Adm-clerical,Unmarried,White,Female,2962,0,55,United-States,0,0.00978399445635559,0,5,0.8
43,Self-emp-not-inc,111423,Bachelors,13,Never-married,Craft-repair,Not-in-family,White,Male,8000,0,70,United-States,0,0.9315286773281354,1,5,0.8
53,Private,79586,Bachelors,13,Married-civ-spouse,Prof-specialty,Husband,Asian-Pac-Islander,Male,7884,0,75,China,1,0.9985529629661105,1,5,0.8
33,Private,164019,Some-college,10,Never-married,Farming-fishing,Own-child,Black,Male,5408,0,25,United-States,0,0.011668818444897698,0,5,0.8
33,State-gov,96483,Some-college,10,Never-married,Adm-clerical,Own-child,Asian-Pac-Islander,Female,13832,0,27,United-States,0,0.9956155503490468,1,5,0.8
30,Private,130849,11th,7,Never-married,Other-service,Own-child,White,Female,7037,0,23,United-States,0,0.00696847527816365,0,5,0.8
45,Private,208180,Bachelors,13,Never-married,Sales,Not-in-family,White,Female,144,0,55,United-States,0,0.04520382102091814,0,5,0.8
30,Private,128016,Bachelors,13,Never-married,Exec-managerial,Not-in-family,White,Female,0,0,55,United-States,0,0.5496838707225964,0,5,0.8
36,Private,228613,11th,7,Never-married,Machine-op-inspct,Unmarried,White,Female,12008,0,55,United-States,0,0.9939490873918265,1,5,0.8
54,Private,388725,Masters,14,Divorced,Sales,Not-in-family,White,Male,8233,0,65,United-States,1,0.9670508216277686,1,5,0.8
64,,271749,12th,8,Never-married,,Other-relative,Black,Male,9253,0,55,United-States,0,0.9905077978759885,1,5,0.8
50,Self-emp-inc,159179,Prof-school,15,Married-civ-spouse,Prof-specialty,Husband,White,Male,9264,0,60,United-States,1,0.999060707365903,1,5,0.8
21,,105312,HS-grad,9,Never-married,,Not-in-family,White,Female,0,0,20,United-States,0,0.0028903302261828498,0,5,0.8
66,Private,278329,HS-grad,9,Married-spouse-absent,Exec-managerial,Not-in-family,White,Female,14990,0,58,United-States,0,0.9968249150134404,1,5,0.8
27,State-gov,280618,Masters,14,Never-married,Prof-specialty,Not-in-family,White,Male,0,0,40,United-States,0,0.04904399617330715,0,5,0.8
31,Private,168275,HS-grad,9,Divorced,Other-service,Not-in-family,White,Female,0,0,28,United-States,0,0.02460807098786696,0,5,0.8
46,Private,64830,Assoc-acdm,12,Divorced,Exec-managerial,Not-in-family,White,Female,473,0,60,United-States,0,0.0246974000490986,0,5,0.8
67,Private,204334,Prof-school,15,Married-civ-spouse,Exec-managerial,Husband,White,Male,1865,1977,70,England,1,0.7520701996016372,1,5,0.8
37,Private,207369,Some-college,10,Never-married,Exec-managerial,Own-child,White,Female,1777,0,55,United-States,0,0.013770599518959273,0,5,0.8
58,Private,102359,Bachelors,13,Divorced,Prof-specialty,Not-in-family,White,Male,11297,0,55,United-States,0,0.9983774281064719,1,5,0.8
42,Self-emp-not-inc,209808,Doctorate,16,Married-civ-spouse,Prof-specialty,Husband,White,Male,2653,0,55,United-States,1,0.3792465906491254,0,5,0.8
54,Self-emp-inc,196514,Bachelors,13,Never-married,Prof-specialty,Not-in-family,White,Male,1211,0,55,United-States,0,0.07103487676899299,0,5,0.8
34,Private,87546,HS-grad,9,Married-civ-spouse,Machine-op-inspct,Wife,White,Female,10749,0,55,United-States,0,0.9984247785231375,1,5,0.8
35,Private,39182,HS-grad,9,Married-civ-spouse,Sales,Husband,White,Male,6223,0,55,United-States,0,0.986377996563662,1,5,0.8
20,Private,361138,HS-grad,9,Never-married,Sales,Unmarried,White,Male,0,0,45,United-States,0,0.005965535675857888,0,5,0.8
34,Private,227626,HS-grad,9,Divorced,Transport-moving,Not-in-family,White,Male,14699,0,55,United-States,0,0.998345717660235,1,5,0.8
57,Self-emp-not-inc,43434,Bachelors,13,Never-married,Exec-managerial,Not-in-family,White,Female,11379,0,55,United-States,0,0.9980018774369125,1,5,0.8
54,Private,162003,Doctorate,16,Never-married,Prof-specialty,Not-in-family,White,Male,12392,0,51,United-States,1,0.9990872457516763,1,5,0.8
36,Self-emp-not-inc,347491,Doctorate,16,Married-civ-spouse,Prof-specialty,Husband,White,Male,0,0,35,United-States,0,0.9092620447761537,1,5,0.8
62,Local-gov,117791,HS-grad,9,Divorced,Adm-clerical,Not-in-family,White,Female,1288,0,55,United-States,0,0.007828420329619114,0,5,0.8
72,Private,163665,Some-college,10,Married-civ-spouse,Protective-serv,Husband,White,Male,5916,0,31,United-States,1,0.9662919117580856,1,5,0.8
39,Private,448841,HS-grad,9,Married-civ-spouse,Exec-managerial,Husband,White,Male,1405,0,55,United-States,0,0.20148290330233953,0,5,0.8
21,Private,30619,Some-college,10,Never-married,Exec-managerial,Not-in-family,White,Female,0,0,38,United-States,0,0.009380418156337977,0,5,0.8
36,Private,175254,Some-college,10,Never-married,Transport-moving,Not-in-family,Black,Male,5710,0,55,United-States,0,0.09940104906783985,0,5,0.8
43,Local-gov,265706,Bachelors,13,Never-married,Protective-serv,Not-in-family,White,Male,12811,0,55,United-States,0,0.9988088682509563,1,5,0.8
51,Private,190297,Doctorate,16,Married-civ-spouse,Prof-specialty,Husband,White,Male,99999,0,70,United-States,1,0.9991111278719012,1,5,0.8
47,Private,187711,HS-grad,9,Divorced,Machine-op-inspct,Not-in-family,White,Male,14155,0,55,United-States,0,0.9981390763074217,1,5,0.8
21,Private,285522,Some-college,10,Never-married,Craft-repair,Not-in-family,White,Male,0,0,40,United-States,0,0.012922561865775773,0,5,0.8
56,Private,216116,HS-grad,9,Married-spouse-absent,Other-service,Not-in-family,Black,Female,3118,0,55,Jamaica,0,0.325313720859269,0,5,0.8
52,Self-emp-not-inc,34007,HS-grad,9,Married-civ-spouse,Farming-fishing,Husband,White,Male,6277,0,85,United-States,1,0.981789523093015,1,5,0.8
74,Private,110586,Some-college,10,Widowed,Priv-house-serv,Unmarried,White,Female,5045,0,55,United-States,0,0.13425313823413584,0,5,0.8
44,Local-gov,223267,HS-grad,9,Married-civ-spouse,Transport-moving,Husband,White,Male,6113,0,55,United-States,0,0.9861974086478158,1,5,0.8
46,,41493,Bachelors,13,Divorced,,Own-child,White,Female,9227,0,55,United-States,0,0.9947560227933117,1,5,0.8
32,Private,42279,Some-college,10,Never-married,Other-service,Own-child,White,Female,8504,0,45,United-States,0,0.9934051703204988,1,5,0.8
49,Private,225821,Assoc-acdm,12,Married-civ-spouse,Prof-specialty,Husband,White,Male,3488,1485,55,United-States,1,0.18852598664646752,0,5,0.8
61,State-gov,72619,Some-college,10,Divorced,Adm-clerical,Unmarried,White,Female,3680,0,65,United-States,0,0.007812620966329627,0,5,0.8
48,Private,116608,HS-grad,9,Never-married,Adm-clerical,Not-in-family,White,Female,8231,0,55,United-States,0,0.8882045218695517,1,5,0.8
31,Self-emp-inc,108551,HS-grad,9,Never-married,Adm-clerical,Own-child,White,Female,599,0,35,United-States,0,0.001566902545306203,0,5,0.8
42,Private,30063,HS-grad,9,Divorced,Other-service,Unmarried,White,Female,6140,0,47,United-States,0,0.042692353802111525,0,5,0.8
30,Private,209317,HS-grad,9,Never-married,Machine-op-inspct,Not-in-family,White,Male,0,0,50,Dominican-Republic,0,0.06150945718168455,0,5,0.8
64,Private,321959,Some-college,10,Married-civ-spouse,Tech-support,Husband,Black,Male,11168,0,55,United-States,1,0.9850093194093333,1,5,0.8
53,State-gov,26892,Bachelors,13,Never-married,Adm-clerical,Not-in-family,White,Male,4238,0,55,United-States,0,0.03224042761541001,0,5,0.8
41,Local-gov,158703,Some-college,10,Married-civ-spouse,Other-service,Husband,White,Male,8447,0,55,United-States,0,0.9985172385473469,1,5,0.8
55,Private,33121,Some-college,10,Married-civ-spouse,Adm-clerical,Husband,White,Male,7831,0,50,United-States,0,0.9985483563982164,1,5,0.8
56,Private,367749,Bachelors,13,Never-married,Prof-specialty,Not-in-family,White,Female,8568,0,60,Mexico,0,0.9969473952496177,1,5,0.8
60,State-gov,77102,Doctorate,16,Married-civ-spouse,Prof-specialty,Husband,White,Male,810,0,60,United-States,1,0.3207359804684033,0,5,0.8
60,Private,309212,Some-college,10,Divorced,Exec-managerial,Not-in-family,White,Female,3094,0,55,Germany,0,0.6452496547203334,1,5,0.8
50,Local-gov,287658,Masters,14,Divorced,Prof-specialty,Not-in-family,Black,Male,482,0,55,Jamaica,0,0.025454450727373543,0,5,0.8
44,Private,211699,Assoc-acdm,12,Married-civ-spouse,Exec-managerial,Wife,White,Female,8882,1485,55,United-States,1,0.99843910993024,1,5,0.8
51,Private,101722,7th-8th,4,Married-civ-spouse,Exec-managerial,Husband,Amer-Indian-Eskimo,Male,3908,0,47,United-States,0,0.03604519012453323,0,5,0.8
61,Self-emp-inc,362654,Some-college,10,Married-civ-spouse,Exec-managerial,Husband,White,Male,29075,0,65,United-States,1,0.9943327795334997,1,5,0.8
60,Private,235646,Some-college,10,Married-civ-spouse,Sales,Husband,White,Male,5486,0,55,United-States,1,0.9930791615313009,1,5,0.8
50,Local-gov,32587,Bachelors,13,Married-civ-spouse,Exec-managerial,Husband,Amer-Indian-Eskimo,Male,4713,0,65,United-States,1,0.7021539110917141,1,5,0.8
32,,145917,Some-college,10,Never-married,,Not-in-family,White,Female,8283,0,30,United-States,0,0.7464328617337053,1,5,0.8
41,Private,132675,11th,7,Separated,Other-service,Own-child,Black,Female,12427,0,55,United-States,0,0.9969184714337674,1,5,0.8
61,Self-emp-not-inc,343742,10th,6,Never-married,Craft-repair,Not-in-family,Black,Male,4876,0,47,United-States,0,0.4392732364399404,0,5,0.8
56,Private,238188,Assoc-acdm,12,Married-civ-spouse,Sales,Husband,White,Male,7583,0,55,United-States,0,0.9985583700376244,1,5,0.8
68,Local-gov,391926,HS-grad,9,Married-civ-spouse,Exec-managerial,Husband,White,Male,8079,0,55,United-States,0,0.9754505546826279,1,5,0.8
60,Private,44216,Masters,14,Never-married,Adm-clerical,Not-in-family,White,Female,10643,0,35,United-States,0,0.9980107761161963,1,5,0.8
71,Private,113838,Bachelors,13,Widowed,Prof-specialty,Not-in-family,White,Female,11458,0,52,United-States,0,0.9971155125574905,1,5,0.8
50,Private,159179,Some-college,10,Married-civ-spouse,Exec-managerial,Husband,White,Male,13126,1902,65,United-States,1,0.9992608222826993,1,5,0.8
36,Private,186452,HS-grad,9,Never-married,Exec-managerial,Not-in-family,White,Male,910,0,65,United-States,0,0.017721621705012246,0,5,0.8
76,Private,321166,Bachelors,13,Divorced,Sales,Not-in-family,White,Female,12111,0,20,United-States,0,0.9968963028813105,1,5,0.8
42,Private,197558,HS-grad,9,Married-civ-spouse,Handlers-cleaners,Husband,White,Male,6168,0,55,United-States,0,0.9768205694025749,1,5,0.8
73,Federal-gov,136787,Some-college,10,Married-civ-spouse,Adm-clerical,Husband,White,Male,7289,0,55,United-States,1,0.9851207126560122,1,5,0.8
30,,160984,11th,7,Never-married,,Own-child,White,Female,1922,0,21,United-States,0,0.0018188669998184244,0,5,0.8
49,Private,393673,12th,8,Married-civ-spouse,Other-service,Wife,White,Female,12567,0,60,United-States,0,0.9990012892378799,1,5,0.8
23,,164574,Assoc-acdm,12,Never-married,,Own-child,White,Male,0,0,40,United-States,0,0.010733589855710747,0,5,0.8
49,Private,160192,Assoc-acdm,12,Never-married,Prof-specialty,Not-in-family,White,Male,16947,0,95,United-States,0,0.9981948427593701,1,5,0.8
43,Private,127651,Assoc-acdm,12,Married-civ-spouse,Exec-managerial,Husband,White,Male,14863,1902,53,United-States,1,0.9994731706396836,1,5,0.8
63,Private,124963,Bachelors,13,Married-civ-spouse,Sales,Husband,White,Male,13960,0,55,United-States,1,0.9933644708811283,1,5,0.8
76,Private,116084,HS-grad,9,Married-civ-spouse,Craft-repair,Husband,White,Male,9868,0,55,United-States,0,0.9341883644713869,1,5,0.8
51,Federal-gov,193583,Bachelors,13,Divorced,Prof-specialty,Unmarried,White,Female,15468,0,75,United-States,0,0.9970151517064944,1,5,0.8
78,Private,197414,7th-8th,4,Married-spouse-absent,Other-service,Not-in-family,White,Female,10996,0,35,United-States,0,0.9928749337644897,1,5,0.8
69,Self-emp-not-inc,24473,Assoc-voc,11,Married-civ-spouse,Craft-repair,Husband,White,Male,3919,0,55,United-States,1,0.06951360695003789,0,5,0.8
39,Private,113464,1st-4th,2,Never-married,Other-service,Own-child,Other,Male,12537,0,50,Dominican-Republic,0,0.9928865936955068,1,5,0.8
61,Federal-gov,106207,Bachelors,13,Married-civ-spouse,Adm-clerical,Husband,White,Male,3386,0,55,United-States,0,0.2170941499979503,0,5,0.8
20,Private,74631,9th,5,Never-married,Other-service,Own-child,White,Female,0,0,40,United-States,0,0.0013176702834318374,0,5,0.8
86,Private,84197,Masters,14,Divorced,Sales,Not-in-family,White,Female,11962,0,25,United-States,0,0.99266035972811,1,5,0.8
83,Private,179574,Prof-school,15,Married-civ-spouse,Prof-specialty,Husband,White,Male,8764,0,27,United-States,1,0.9847065864647594,1,5,0.8
84,Private,426562,11th,7,Divorced,Other-service,Not-in-family,Black,Female,12695,0,50,United-States,0,0.9965865497512134,1,5,0.8
41,Private,568490,HS-grad,9,Married-civ-spouse,Craft-repair,Husband,White,Male,10003,0,55,United-States,0,0.9986746944084813,1,5,0.8
59,Private,100113,7th-8th,4,Married-civ-spouse,Transport-moving,Husband,White,Male,4496,2051,55,United-States,0,0.00808173946917445,0,5,0.8
66,Self-emp-not-inc,83311,Prof-school,15,Married-civ-spouse,Prof-specialty,Husband,White,Male,12056,0,45,United-States,1,0.9920127313459889,1,5,0.8
23,Private,158940,Some-college,10,Married-civ-spouse,Handlers-cleaners,Husband,White,Male,0,0,55,United-States,0,0.07329603930781346,0,5,0.8
42,Private,195488,HS-grad,9,Never-married,Priv-house-serv,Own-child,White,Female,1399,0,55,Guatemala,0,0.004272933993841085,0,5,0.8
49,Private,177974,Some-college,10,Married-civ-spouse,Machine-op-inspct,Husband,White,Male,1507,0,85,United-States,0,0.18597638310536876,0,5,0.8
18,Private,137363,HS-grad,9,Never-married,Adm-clerical,Own-child,White,Female,0,0,40,United-States,0,0.0012537713066277981,0,5,0.8
43,Self-emp-not-inc,162442,Bachelors,13,Married-civ-spouse,Exec-managerial,Wife,White,Female,112,0,55,United-States,1,0.13688379973067624,0,5,0.8
37,Self-emp-not-inc,183735,HS-grad,9,Married-civ-spouse,Prof-specialty,Husband,White,Male,3137,0,30,United-States,0,0.014112037829812962,0,5,0.8
55,Private,193882,HS-grad,9,Married-civ-spouse,Exec-managerial,Husband,White,Male,13687,0,55,United-States,1,0.9990293233143299,1,5,0.8
34,Private,88126,Bachelors,13,Never-married,Exec-managerial,Own-child,White,Male,14826,0,55,United-States,0,0.9971269465597293,1,5,0.8
42,Private,287129,Bachelors,13,Divorced,Prof-specialty,Not-in-family,Black,Male,0,0,40,United-States,0,0.44865618477559505,0,5,0.8
41,Private,263831,Bachelors,13,Never-married,Adm-clerical,Own-child,White,Female,14973,0,55,United-States,0,0.9971290864592528,1,5,0.8
52,State-gov,166327,Some-college,10,Divorced,Adm-clerical,Not-in-family,Black,Female,13552,0,50,United-States,0,0.9981755823810246,1,5,0.8
61,Private,296849,Some-college,10,Married-civ-spouse,Exec-managerial,Husband,White,Male,6931,0,55,United-States,1,0.9483046962519148,1,5,0.8
33,Private,177125,Some-college,10,Never-married,Handlers-cleaners,Not-in-family,White,Male,7467,0,35,United-States,0,0.5528912091134186,0,5,0.8
35,Private,308498,10th,6,Never-married,Craft-repair,Own-child,White,Male,14259,0,33,United-States,0,0.994504568851046,1,5,0.8
60,Self-emp-not-inc,116360,Assoc-voc,11,Divorced,Tech-support,Other-relative,Black,Female,9808,0,25,United-States,0,0.9857316898236924,1,5,0.8
57,Private,223999,9th,5,Married-civ-spouse,Other-service,Husband,White,Male,6843,1848,55,United-States,1,0.9940270455393512,1,5,0.8
31,Private,106183,HS-grad,9,Never-married,Other-service,Own-child,Amer-Indian-Eskimo,Female,919,0,50,United-States,0,0.0029963738981976175,0,5,0.8
53,State-gov,190910,HS-grad,9,Married-civ-spouse,Farming-fishing,Other-relative,White,Male,4493,0,55,United-States,0,0.03896105560676634,0,5,0.8
42,Private,177675,HS-grad,9,Never-married,Machine-op-inspct,Other-relative,White,Male,674,0,55,United-States,0,0.005612574640762577,0,5,0.8
52,Private,123557,Some-college,10,Married-civ-spouse,Sales,Husband,White,Male,6889,0,55,United-States,0,0.9753644275038629,1,5,0.8
90,Self-emp-not-inc,137018,HS-grad,9,Widowed,Adm-clerical,Not-in-family,White,Female,12344,0,35,United-States,0,0.9945147629400485,1,5,0.8
47,Private,187119,Some-college,10,Divorced,Exec-managerial,Not-in-family,White,Female,2237,0,85,United-States,0,0.030072057627521187,0,5,0.8
52,Private,144995,Assoc-voc,11,Married-civ-spouse,Tech-support,Husband,White,Male,7401,0,55,United-States,0,0.998297796866039,1,5,0.8
53,Self-emp-not-inc,33304,Prof-school,15,Married-civ-spouse,Prof-specialty,Husband,White,Male,0,0,38,United-States,1,0.9354421511619553,1,5,0.8
19,Private,89397,HS-grad,9,Never-married,Other-service,Own-child,White,Male,0,0,40,United-States,0,0.0026992109558978163,0,5,0.8
47,,98080,Prof-school,15,Never-married,,Not-in-family,Asian-Pac-Islander,Male,7928,0,60,Japan,1,0.9419990506178141,1,5,0.8
37,Local-gov,262818,Bachelors,13,Never-married,Prof-specialty,Own-child,White,Male,13977,0,50,Guatemala,0,0.9966998328743456,1,5,0.8
46,Private,118941,11th,7,Never-married,Other-service,Not-in-family,White,Female,6412,0,55,Ireland,0,0.06536078425676771,0,5,0.8
32,Self-emp-not-inc,159322,Some-college,10,Never-married,Craft-repair,Own-child,White,Male,0,1980,80,United-States,0,0.03244178130477224,0,5,0.8
87,State-gov,113868,Doctorate,16,Married-civ-spouse,Prof-specialty,Husband,Black,Male,3821,0,35,United-States,1,0.18187750577042786,0,5,0.8
63,Private,179010,Some-college,10,Divorced,Sales,Not-in-family,White,Female,2426,0,75,United-States,0,0.023476605545399782,0,5,0.8
41,Local-gov,275110,Some-college,10,Married-civ-spouse,Protective-serv,Own-child,Black,Male,10123,0,55,United-States,0,0.9960646458487065,1,5,0.8
34,Self-emp-not-inc,108506,Assoc-voc,11,Never-married,Farming-fishing,Not-in-family,Amer-Indian-Eskimo,Male,12610,0,90,United-States,0,0.995208880943629,1,5,0.8
32,Private,37783,Some-college,10,Never-married,Other-service,Not-in-family,White,Female,11374,0,40,United-States,0,0.9976258946643279,1,5,0.8
27,Private,214702,Prof-school,15,Married-civ-spouse,Prof-specialty,Husband,White,Male,0,0,42,United-States,1,0.8263432350381471,1,5,0.8
39,Private,232801,10th,6,Divorced,Machine-op-inspct,Other-relative,White,Female,2303,0,55,United-States,0,0.003387308846836971,0,5,0.8
55,Self-emp-not-inc,187778,HS-grad,9,Married-civ-spouse,Craft-repair,Husband,White,Male,8623,0,35,United-States,0,0.997928404368774,1,5,0.8
55,Private,111895,Bachelors,13,Married-civ-spouse,Prof-specialty,Husband,White,Male,9681,0,65,United-States,1,0.9984983779760223,1,5,0.8
40,Private,300838,1st-4th,2,Married-civ-spouse,Craft-repair,Husband,Other,Male,0,0,40,Mexico,0,0.03326399031511659,0,5,0.8
43,Private,160594,Bachelors,13,Married-civ-spouse,Exec-managerial,Husband,White,Male,14711,1887,65,United-States,1,0.9995601187929202,1,5,0.8
52,Private,309311,HS-grad,9,Married-civ-spouse,Farming-fishing,Husband,White,Male,3139,0,55,United-States,0,0.05542509554847584,0,5,0.8
31,Private,223669,11th,7,Never-married,Other-service,Own-child,White,Male,4672,0,35,United-States,0,0.6826255404524423,1,5,0.8
33,Private,132832,HS-grad,9,Never-married,Adm-clerical,Not-in-family,White,Female,0,0,50,United-States,0,0.08111593656454338,0,5,0.8
38,Private,152452,Bachelors,13,Married-civ-spouse,Tech-support,Husband,White,Male,8937,0,65,United-States,0,0.9965431453946593,1,5,0.8
70,Self-emp-not-inc,203039,9th,5,Separated,Craft-repair,Not-in-family,White,Male,5817,0,55,United-States,0,0.35447681952259497,0,5,0.8
37,Private,30269,Bachelors,13,Never-married,Exec-managerial,Not-in-family,White,Female,2174,0,50,United-States,0,0.07018803444315112,0,5,0.8
48,Private,182074,HS-grad,9,Never-married,Adm-clerical,Other-relative,White,Male,8810,0,55,United-States,0,0.9971260758734765,1,5,0.8
44,Private,183542,Bachelors,13,Widowed,Prof-specialty,Unmarried,White,Female,0,0,32,United-States,0,0.1414200060094157,0,5,0.8
34,Private,324685,9th,5,Never-married,Sales,Not-in-family,White,Female,8900,0,47,United-States,0,0.9961535478568501,1,5,0.8
32,Private,194901,HS-grad,9,Married-civ-spouse,Adm-clerical,Husband,White,Male,0,0,40,United-States,0,0.4793884158556629,0,5,0.8
65,Local-gov,236873,Masters,14,Married-civ-spouse,Exec-managerial,Husband,Black,Male,2028,0,55,United-States,1,0.34060734524638503,0,5,0.8
75,Private,206052,HS-grad,9,Married-civ-spouse,Craft-repair,Husband,White,Male,1873,0,55,United-States,0,0.07500763300146336,0,5,0.8
72,Private,51290,7th-8th,4,Divorced,Other-service,Not-in-family,White,Female,7078,0,55,United-States,0,0.7023705365724637,1,5,0.8
37,State-gov,187508,Some-college,10,Never-married,Handlers-cleaners,Own-child,White,Male,8085,0,55,United-States,0,0.9280908570674107,1,5,0.8
51,Private,188069,Masters,14,Married-civ-spouse,Tech-support,Husband,White,Male,20853,0,65,United-States,1,0.9992908937269667,1,5,0.8
45,Private,182556,Bachelors,13,Married-civ-spouse,Exec-managerial,Husband,White,Male,2395,0,55,United-States,1,0.3661808040468349,0,5,0.8
19,Private,374262,12th,8,Never-married,Handlers-cleaners,Own-child,White,Male,0,0,20,United-States,0,0.0016004709030479384,0,5,0.8
48,Private,83545,Some-college,10,Married-civ-spouse,Exec-managerial,Husband,White,Male,0,0,65,United-States,1,0.8532878616154232,1,5,0.8
29,Private,130856,Some-college,10,Married-civ-spouse,Craft-repair,Husband,White,Male,0,0,60,United-States,0,0.531878467831726,0,5,0.8
39,Private,328466,11th,7,Married-civ-spouse,Other-service,Husband,White,Male,2407,0,70,Mexico,0,0.013663415558668601,0,5,0.8
40,Private,109001,HS-grad,9,Never-married,Handlers-cleaners,Not-in-family,White,Male,12943,0,55,United-States,0,0.9973755636239338,1,5,0.8
45,Private,348618,5th-6th,3,Married-spouse-absent,Transport-moving,Unmarried,Other,Male,74,0,35,El-Salvador,0,0.004474378128374628,0,5,0.8
24,Private,353010,Bachelors,13,Never-married,Machine-op-inspct,Not-in-family,White,Male,0,0,65,United-States,0,0.059719097440345,0,5,0.8
71,Private,160631,Bachelors,13,Married-civ-spouse,Craft-repair,Husband,White,Male,6953,0,75,United-States,1,0.834726088732158,1,5,0.8
33,Private,344891,Some-college,10,Never-married,Adm-clerical,Own-child,Asian-Pac-Islander,Male,3299,0,35,United-States,0,0.0035909192542293027,0,5,0.8
44,Private,281030,HS-grad,9,Married-civ-spouse,Machine-op-inspct,Husband,White,Male,13817,0,55,United-States,0,0.9986442827700756,1,5,0.8
60,Private,117251,HS-grad,9,Widowed,Adm-clerical,Not-in-family,White,Female,2757,0,47,United-States,0,0.00848862189720825,0,5,0.8
39,Private,194759,Assoc-acdm,12,Married-spouse-absent,Craft-repair,Not-in-family,White,Male,3741,0,65,United-States,0,0.023519025572154732,0,5,0.8
29,Self-emp-not-inc,368700,11th,7,Never-married,Farming-fishing,Own-child,White,Male,8629,0,25,United-States,0,0.9778753731772285,1,5,0.8
41,Private,62345,HS-grad,9,Married-civ-spouse,Other-service,Other-relative,Asian-Pac-Islander,Female,14137,0,55,,0,0.9979354820402027,1,5,0.8
37,Private,164938,HS-grad,9,Never-married,Machine-op-inspct,Own-child,White,Male,7795,0,55,United-States,0,0.9114543661184585,1,5,0.8
44,Private,347623,HS-grad,9,Married-civ-spouse,Machine-op-inspct,Husband,White,Male,10459,0,55,United-States,0,0.9974989125166246,1,5,0.8
70,,175017,Bachelors,13,Divorced,,Not-in-family,White,Male,13968,0,40,United-States,0,0.9969087240769681,1,5,0.8
50,Private,183279,Some-college,10,Married-civ-spouse,Exec-managerial,Husband,White,Male,6337,0,59,United-States,1,0.9938302151923509,1,5,0.8
73,Private,160143,HS-grad,9,Married-civ-spouse,Sales,Husband,White,Male,24752,0,60,United-States,1,0.9832078682495554,1,5,0.8
39,Private,236391,HS-grad,9,Married-civ-spouse,Craft-repair,Husband,White,Male,0,0,45,United-States,0,0.6831814265310798,1,5,0.8
39,Private,56658,HS-grad,9,Married-civ-spouse,Handlers-cleaners,Husband,Amer-Indian-Eskimo,Male,2219,0,23,United-States,0,0.009566255343298741,0,5,0.8
39,Private,212895,Some-college,10,Never-married,Craft-repair,Not-in-family,White,Male,11991,0,55,United-States,0,0.9986592312106547,1,5,0.8
50,Federal-gov,122240,HS-grad,9,Married-civ-spouse,Adm-clerical,Husband,White,Male,3358,0,70,United-States,1,0.09093784607235493,0,5,0.8
35,Private,193815,Bachelors,13,Married-civ-spouse,Prof-specialty,Husband,White,Male,0,1977,48,United-States,1,0.9916015874693295,1,5,0.8
32,Private,102607,HS-grad,9,Never-married,Handlers-cleaners,Own-child,White,Male,13129,0,45,United-States,0,0.9961163166396294,1,5,0.8
52,Self-emp-not-inc,175943,Assoc-voc,11,Married-civ-spouse,Prof-specialty,Wife,White,Female,4539,1977,30,United-States,1,0.9306801008490372,1,5,0.8
48,Private,36989,Some-college,10,Married-civ-spouse,Sales,Husband,White,Male,2888,0,55,United-States,0,0.12161930541220325,0,5,0.8
40,,167094,10th,6,Divorced,,Not-in-family,White,Male,2238,0,65,United-States,0,0.008175741512253835,0,5,0.8
64,Private,201062,11th,7,Separated,Priv-house-serv,Not-in-family,Black,Female,13228,0,33,United-States,0,0.9886925337003061,1,5,0.8
66,Private,118793,HS-grad,9,Married-civ-spouse,Adm-clerical,Husband,White,Male,6662,0,60,United-States,0,0.9091821203487178,1,5,0.8
55,Self-emp-not-inc,243432,HS-grad,9,Married-civ-spouse,Craft-repair,Husband,White,Male,2198,0,75,United-States,0,0.05341912789012291,0,5,0.8
61,Private,94638,HS-grad,9,Separated,Adm-clerical,Unmarried,White,Female,3896,0,55,United-States,0,0.008421660102711915,0,5,0.8
73,Private,160942,Masters,14,Married-civ-spouse,Sales,Husband,White,Male,14319,0,65,United-States,0,0.9931527887197023,1,5,0.8
40,State-gov,132675,Assoc-voc,11,Never-married,Exec-managerial,Not-in-family,Black,Female,12187,0,55,Germany,0,0.9983255190130133,1,5,0.8
57,Private,293691,HS-grad,9,Divorced,Adm-clerical,Not-in-family,Asian-Pac-Islander,Female,7751,1590,55,Japan,0,0.6943719396878778,1,5,0.8
43,Private,25955,9th,5,Never-married,Craft-repair,Own-child,Amer-Indian-Eskimo,Male,7027,0,50,United-States,0,0.04083164340142777,0,5,0.8
34,Private,31752,HS-grad,9,Divorced,Machine-op-inspct,Other-relative,White,Female,0,0,40,,0,0.008730680866059217,0,5,0.8
35,Private,199915,Bachelors,13,Never-married,Adm-clerical,Own-child,White,Female,6498,0,50,United-States,0,0.1346839833305858,0,5,0.8
29,Private,163003,Bachelors,13,Never-married,Adm-clerical,Own-child,Asian-Pac-Islander,Female,2202,0,40,Taiwan,0,0.003350927768842902,0,5,0.8
43,Self-emp-inc,467108,Bachelors,13,Never-married,Prof-specialty,Not-in-family,White,Male,2028,0,60,United-States,1,0.06908201295957132,0,5,0.8
51,Private,156897,HS-grad,9,Never-married,Craft-repair,Own-child,White,Male,14852,2258,57,United-States,1,0.9987405822096832,1,5,0.8
53,Private,53956,Bachelors,13,Divorced,Sales,Not-in-family,White,Male,4665,1980,71,United-States,0,0.018125213417334224,0,5,0.8
42,Private,209103,Assoc-voc,11,Married-civ-spouse,Exec-managerial,Husband,White,Male,9114,0,63,United-States,0,0.9984718387211673,1,5,0.8
52,,162108,Bachelors,13,Divorced,,Not-in-family,White,Female,3581,0,65,United-States,0,0.04219400099594984,0,5,0.8
79,State-gov,168224,Bachelors,13,Married-civ-spouse,Exec-managerial,Husband,White,Male,13707,0,55,United-States,0,0.9960570404185654,1,5,0.8
33,Private,337766,Some-college,10,Married-civ-spouse,Adm-clerical,Husband,White,Male,2103,0,55,United-States,0,0.08567520888245671,0,5,0.8
81,Private,150600,HS-grad,9,Married-civ-spouse,Sales,Husband,White,Male,3151,0,50,United-States,0,0.05408598610969801,0,5,0.8
53,Private,286970,Bachelors,13,Married-civ-spouse,Adm-clerical,Husband,White,Male,13005,0,55,United-States,0,0.9988320274656103,1,5,0.8
46,Private,135785,Bachelors,13,Never-married,Prof-specialty,Not-in-family,White,Female,6494,0,51,United-States,0,0.29284702142844204,0,5,0.8
29,,27251,11th,7,Widowed,,Own-child,White,Male,8740,0,55,United-States,0,0.9967117752864132,1,5,0.8
30,Private,421350,11th,7,Never-married,Handlers-cleaners,Own-child,White,Male,11086,0,35,United-States,0,0.9930728081203849,1,5,0.8
68,Private,360770,1st-4th,2,Married-civ-spouse,Machine-op-inspct,Husband,Black,Male,12016,0,55,Dominican-Republic,0,0.9628455341954083,1,5,0.8
51,Self-emp-not-inc,134475,Bachelors,13,Divorced,Adm-clerical,Not-in-family,White,Male,6341,1762,55,United-States,0,0.0730603731305258,0,5,0.8
42,Self-emp-not-inc,79531,Some-college,10,Married-civ-spouse,Exec-managerial,Husband,White,Male,0,0,55,United-States,1,0.6207116601524413,0,5,0.8
70,Private,219537,7th-8th,4,Divorced,Machine-op-inspct,Unmarried,White,Female,10102,0,55,United-States,0,0.9470011767091903,1,5,0.8
42,Local-gov,363032,HS-grad,9,Married-civ-spouse,Protective-serv,Husband,Black,Male,9744,0,55,United-States,0,0.9988580552946936,1,5,0.8
48,Private,224566,Bachelors,13,Never-married,Prof-specialty,Not-in-family,White,Male,99999,0,60,United-States,1,0.998719053551981,1,5,0.8
33,State-gov,204425,Some-college,10,Never-married,Exec-managerial,Own-child,White,Female,13358,0,35,United-States,0,0.9936829714832519,1,5,0.8
79,Self-emp-not-inc,36876,HS-grad,9,Married-civ-spouse,Farming-fishing,Husband,White,Male,13393,0,55,United-States,0,0.9443544920039078,1,5,0.8
59,Self-emp-not-inc,166894,Some-college,10,Divorced,Prof-specialty,Unmarried,Black,Female,2519,0,55,United-States,0,0.017226979002569878,0,5,0.8
53,Private,510072,Bachelors,13,Married-civ-spouse,Prof-specialty,Husband,White,Male,4936,0,55,United-States,1,0.34715904098889605,0,5,0.8
60,Self-emp-not-inc,247294,HS-grad,9,Married-civ-spouse,Craft-repair,Husband,White,Male,4526,0,45,Peru,0,0.15535799057570768,0,5,0.8
58,State-gov,119904,Prof-school,15,Never-married,Prof-specialty,Not-in-family,White,Female,3743,1564,70,United-States,1,0.6249967295233232,0,5,0.8
65,Private,130143,HS-grad,9,Married-civ-spouse,Machine-op-inspct,Husband,White,Male,9848,0,63,United-States,0,0.9347476940985923,1,5,0.8
46,Private,400416,11th,7,Never-married,Machine-op-inspct,Own-child,Black,Male,7043,0,60,United-States,0,0.1401740128420325,0,5,0.8
54,Private,106679,HS-grad,9,Married-civ-spouse,Craft-repair,Husband,White,Male,12396,0,65,United-States,1,0.9989902698783488,1,5,0.8
58,Local-gov,141944,Bachelors,13,Married-civ-spouse,Prof-specialty,Husband,White,Male,9770,0,53,United-States,1,0.9984533485383554,1,5,0.8
61,,60641,Bachelors,13,Never-married,,Not-in-family,White,Female,0,0,45,United-States,0,0.4625144307534333,0,5,0.8
38,Private,191648,Assoc-acdm,12,Never-married,Machine-op-inspct,Other-relative,White,Female,13786,0,30,United-States,0,0.995416683993145,1,5,0.8
52,Private,30846,Some-college,10,Divorced,Machine-op-inspct,Not-in-family,White,Female,0,0,40,United-States,0,0.10389365621074369,0,5,0.8
66,Private,174491,HS-grad,9,Married-civ-spouse,Handlers-cleaners,Husband,White,Male,0,0,40,United-States,0,0.3609273714028281,0,5,0.8
41,Private,154017,HS-grad,9,Never-married,Sales,Not-in-family,White,Female,1326,0,25,United-States,0,0.002278563070653892,0,5,0.8
32,Private,121596,Some-college,10,Never-married,Other-service,Own-child,White,Female,7871,0,50,United-States,0,0.9234659768037666,1,5,0.8
47,Private,150125,Assoc-voc,11,Divorced,Other-service,Unmarried,Black,Female,12346,0,55,United-States,0,0.9951437329421355,1,5,0.8
17,Private,142912,10th,6,Never-married,Other-service,Own-child,White,Male,0,0,40,United-States,0,0.0019139832907465349,0,5,0.8
72,Self-emp-not-inc,71457,HS-grad,9,Married-civ-spouse,Transport-moving,Husband,White,Male,5364,0,23,United-States,0,0.9573187174246441,1,5,0.8
31,,220517,Some-college,10,Never-married,,Own-child,White,Female,684,0,50,United-States,0,0.006815762216410342,0,5,0.8
56,Private,107433,Some-college,10,Married-civ-spouse,Sales,Husband,White,Male,6709,0,70,United-States,1,0.972430343336497,1,5,0.8
74,Private,193881,Masters,14,Widowed,Exec-managerial,Not-in-family,White,Female,1563,0,50,United-States,0,0.0466005801178673,0,5,0.8
71,Self-emp-not-inc,172046,7th-8th,4,Married-civ-spouse,Farming-fishing,Husband,White,Male,0,0,50,United-States,0,0.1744879706679795,0,5,0.8
60,Private,174533,HS-grad,9,Married-civ-spouse,Machine-op-inspct,Husband,White,Male,13045,0,55,United-States,0,0.998976694149081,1,5,0.8
68,Self-emp-inc,216636,12th,8,Married-civ-spouse,Exec-managerial,Husband,White,Male,4866,1651,55,United-States,0,0.03567646383029605,0,5,0.8
51,Local-gov,301614,11th,7,Married-civ-spouse,Other-service,Husband,White,Male,7386,0,55,United-States,0,0.9975299929311146,1,5,0.8
54,State-gov,392167,Bachelors,13,Married-civ-spouse,Adm-clerical,Husband,White,Male,11798,0,55,United-States,1,0.9991848683591049,1,5,0.8
30,,269373,12th,8,Never-married,,Own-child,White,Female,14896,0,35,United-States,0,0.9926516336709078,1,5,0.8
26,Private,31208,Masters,14,Never-married,Exec-managerial,Not-in-family,White,Female,0,0,40,United-States,0,0.05075859246480255,0,5,0.8
57,,403625,Some-college,10,Married-civ-spouse,,Husband,Asian-Pac-Islander,Male,0,0,60,United-States,1,0.8150681208796687,1,5,0.8
53,Private,299505,HS-grad,9,Separated,Craft-repair,Not-in-family,Black,Male,4609,0,55,United-States,0,0.058976265019335505,0,5,0.8
52,Private,255675,Some-college,10,Married-civ-spouse,Prof-specialty,Husband,White,Male,14393,0,55,United-States,1,0.9990699927189997,1,5,0.8
63,Private,82578,Masters,14,Married-civ-spouse,Prof-specialty,Husband,White,Male,8144,0,53,Canada,1,0.9889713826712443,1,5,0.8
40,Private,30771,Some-college,10,Never-married,Adm-clerical,Unmarried,Black,Female,1624,0,55,United-States,0,0.005262019046570087,0,5,0.8
55,Local-gov,135056,HS-grad,9,Separated,Adm-clerical,Other-relative,White,Female,9110,0,50,United-States,0,0.9953191700343044,1,5,0.8
55,Private,84673,Masters,14,Divorced,Exec-managerial,Not-in-family,White,Female,14229,0,53,United-States,1,0.9986027534091644,1,5,0.8
26,Private,184026,Some-college,10,Never-married,Prof-specialty,Not-in-family,Other,Male,0,0,50,United-States,0,0.13770637496820554,0,5,0.8
62,Private,33304,HS-grad,9,Married-civ-spouse,Craft-repair,Husband,White,Male,12328,0,55,United-States,1,0.9801977267699795,1,5,0.8
58,State-gov,260782,Masters,14,Never-married,Prof-specialty,Not-in-family,White,Female,6678,0,55,United-States,0,0.10435030878582313,0,5,0.8
32,Private,293297,Some-college,10,Never-married,Other-service,Own-child,White,Male,14719,0,50,United-States,0,0.9966335850990811,1,5,0.8
47,Private,336793,Bachelors,13,Never-married,Adm-clerical,Other-relative,White,Male,526,0,55,United-States,0,0.012927302324062034,0,5,0.8
65,State-gov,153486,Some-college,10,Married-civ-spouse,Farming-fishing,Husband,White,Male,4067,0,65,United-States,0,0.033791198144420685,0,5,0.8
47,Private,165539,HS-grad,9,Never-married,Prof-specialty,Not-in-family,Black,Female,4101,0,40,Jamaica,0,0.006815641438405821,0,5,0.8
37,Private,106491,HS-grad,9,Married-civ-spouse,Craft-repair,Husband,White,Male,5902,0,63,United-States,0,0.9872762268334979,1,5,0.8
73,,584259,Masters,14,Married-civ-spouse,,Husband,White,Male,9067,0,17,United-States,1,0.9768580162810078,1,5,0.8
71,Private,116442,Some-college,10,Married-civ-spouse,Machine-op-inspct,Husband,White,Male,13700,0,65,United-States,0,0.9824147865434298,1,5,0.8
67,Private,104996,7th-8th,4,Married-civ-spouse,Transport-moving,Husband,White,Male,8869,0,65,United-States,0,0.97633024343279,1,5,0.8
45,Private,194336,HS-grad,9,Married-civ-spouse,Exec-managerial,Husband,White,Male,19136,0,65,United-States,1,0.998928806679951,1,5,0.8
36,Private,217226,Some-college,10,Never-married,Other-service,Not-in-family,White,Male,177,0,45,United-States,0,0.011253636130634162,0,5,0.8
45,Private,156464,10th,6,Never-married,Farming-fishing,Not-in-family,White,Male,6519,0,55,United-States,0,0.13978098767906294,0,5,0.8
31,Self-emp-inc,164658,Some-college,10,Never-married,Farming-fishing,Own-child,White,Male,2324,0,75,United-States,0,0.004773512427384641,0,5,0.8
76,,29825,HS-grad,9,Married-civ-spouse,,Husband,White,Male,12292,0,20,United-States,0,0.9849624971412164,1,5,0.8
50,Private,302604,11th,7,Divorced,Adm-clerical,Not-in-family,White,Female,5558,0,59,United-States,0,0.14993963469368649,0,5,0.8
35,Self-emp-not-inc,179171,HS-grad,9,Never-married,Sales,Unmarried,Black,Female,0,0,38,Germany,0,0.03212058023099103,0,5,0.8
63,Private,197600,Bachelors,13,Married-civ-spouse,Exec-managerial,Husband,White,Male,11975,0,65,United-States,1,0.9963046153902756,1,5,0.8
39,Private,133937,Some-college,10,Never-married,Exec-managerial,Not-in-family,White,Male,14298,0,60,United-States,0,0.99865497736308,1,5,0.8
67,Private,184948,HS-grad,9,Married-civ-spouse,Exec-managerial,Husband,White,Male,11650,0,55,United-States,0,0.989552698636957,1,5,0.8
41,Private,238680,Some-college,10,Never-married,Sales,Not-in-family,Black,Male,6136,0,70,Outlying-US(Guam-USVI-etc),0,0.4129937160209538,0,5,0.8
42,Private,99203,HS-grad,9,Separated,Craft-repair,Not-in-family,White,Male,3325,0,40,United-States,0,0.006168919115223022,0,5,0.8
61,Private,215766,Bachelors,13,Married-civ-spouse,Exec-managerial,Husband,White,Male,0,0,50,United-States,1,0.9275119495311707,1,5,0.8
30,Private,32059,11th,7,Never-married,Handlers-cleaners,Own-child,White,Male,6019,0,55,United-States,0,0.030355908616255364,0,5,0.8
45,Private,419895,5th-6th,3,Divorced,Handlers-cleaners,Unmarried,White,Male,14172,0,55,Mexico,0,0.9841079831001651,1,5,0.8
40,Self-emp-inc,115705,Some-college,10,Never-married,Exec-managerial,Not-in-family,White,Male,9154,0,65,United-States,0,0.9979856686263379,1,5,0.8
42,Private,144949,Bachelors,13,Never-married,Adm-clerical,Own-child,White,Male,12547,2559,55,United-States,1,0.9992186839868624,1,5,0.8
40,Private,439919,9th,5,Married-civ-spouse,Machine-op-inspct,Husband,White,Male,0,0,40,Mexico,0,0.03665689461118354,0,5,0.8
62,Private,266433,Some-college,10,Divorced,Tech-support,Not-in-family,White,Female,446,0,55,United-States,0,0.015433029687514947,0,5,0.8
50,Private,81965,Assoc-voc,11,Never-married,Tech-support,Not-in-family,White,Female,1051,0,55,United-States,0,0.028470699159939956,0,5,0.8
44,Private,123964,Some-college,10,Married-civ-spouse,Sales,Husband,White,Male,10226,0,65,United-States,0,0.9979629997349935,1,5,0.8
43,Private,55104,HS-grad,9,Divorced,Adm-clerical,Not-in-family,White,Female,3249,0,40,United-States,0,0.004528509946079608,0,5,0.8
32,Private,224238,12th,8,Never-married,Craft-repair,Own-child,White,Male,7916,0,55,United-States,0,0.9112127741578178,1,5,0.8
22,Private,39432,HS-grad,9,Married-civ-spouse,Craft-repair,Husband,White,Male,0,0,40,United-States,0,0.07433769788794846,0,5,0.8
31,Private,356272,Some-college,10,Never-married,Adm-clerical,Not-in-family,White,Female,832,0,40,United-States,0,0.0031364532780622455,0,5,0.8
50,Self-emp-inc,105044,HS-grad,9,Divorced,Craft-repair,Not-in-family,White,Male,2997,0,55,United-States,0,0.03394362022203221,0,5,0.8
67,Local-gov,173296,Masters,14,Divorced,Prof-specialty,Unmarried,White,Female,4823,0,60,United-States,0,0.9428526109829213,1,5,0.8
58,Local-gov,146497,HS-grad,9,Divorced,Prof-specialty,Not-in-family,White,Female,9057,0,55,United-States,0,0.9963482127169366,1,5,0.8
70,Private,137506,HS-grad,9,Married-civ-spouse,Machine-op-inspct,Husband,White,Male,9838,0,55,United-States,0,0.9347951661496037,1,5,0.8
62,Private,204447,Masters,14,Married-civ-spouse,Exec-managerial,Husband,White,Male,17585,0,80,United-States,1,0.9961173454304219,1,5,0.8
37,Private,195914,Some-college,10,Never-married,Sales,Own-child,Black,Female,5730,0,45,United-States,0,0.10131781331061104,0,5,0.8
32,,238685,11th,7,Divorced,,Not-in-family,White,Female,6475,0,55,United-States,0,0.03738715236640736,0,5,0.8
35,Private,94071,9th,5,Married-civ-spouse,Machine-op-inspct,Husband,White,Male,13698,0,55,United-States,0,0.9991185186659244,1,5,0.8
26,Federal-gov,345157,HS-grad,9,Never-married,Adm-clerical,Own-child,White,Male,0,0,40,United-States,0,0.02226867915058007,0,5,0.8
28,Private,469864,Bachelors,13,Never-married,Prof-specialty,Not-in-family,Black,Male,0,0,40,United-States,0,0.09431047485893353,0,5,0.8
45,Private,157446,11th,7,Never-married,Craft-repair,Not-in-family,White,Male,10965,0,80,United-States,0,0.9984706532270453,1,5,0.8
60,Private,168283,Some-college,10,Married-civ-spouse,Transport-moving,Husband,White,Male,11759,0,60,United-States,1,0.9990510901525118,1,5,0.8
51,Private,36376,Some-college,10,Married-civ-spouse,Farming-fishing,Husband,White,Male,2686,0,75,United-States,0,0.05533299192668772,0,5,0.8
34,Private,71469,Assoc-acdm,12,Never-married,Sales,Own-child,White,Female,12369,0,40,United-States,0,0.9960664701587418,1,5,0.8
71,,113445,5th-6th,3,Married-civ-spouse,,Husband,White,Male,0,0,10,United-States,0,0.06498726410105837,0,5,0.8
58,Private,184883,9th,5,Married-civ-spouse,Machine-op-inspct,Wife,White,Female,1902,0,55,United-States,0,0.03840061771157493,0,5,0.8
55,Private,288829,Assoc-voc,11,Married-civ-spouse,Protective-serv,Husband,White,Male,8320,1902,57,United-States,1,0.9990536513761418,1,5,0.8
67,Private,173832,Masters,14,Divorced,Sales,Not-in-family,White,Male,23697,0,55,United-States,1,0.9967503629647978,1,5,0.8
67,Self-emp-not-inc,96459,10th,6,Married-civ-spouse,Farming-fishing,Husband,White,Male,3307,1887,85,United-States,1,0.3694130173015593,0,5,0.8
49,Private,342768,HS-grad,9,Married-civ-spouse,Craft-repair,Husband,White,Male,899,0,55,United-States,0,0.11361623257926039,0,5,0.8
39,Self-emp-not-inc,328119,9th,5,Married-civ-spouse,Craft-repair,Husband,White,Male,9189,0,45,Mexico,0,0.9987363744391641,1,5,0.8
38,Private,491862,Assoc-voc,11,Never-married,Exec-managerial,Not-in-family,Black,Female,7392,0,55,United-States,0,0.7864341477069079,1,5,0.8
33,Private,174714,Assoc-acdm,12,Never-married,Adm-clerical,Own-child,White,Male,12334,0,50,United-States,0,0.9971824747530705,1,5,0.8
37,Private,124111,Bachelors,13,Never-married,Sales,Own-child,White,Female,11440,0,51,,0,0.9975196669403319,1,5,0.8
37,Private,72294,HS-grad,9,Never-married,Adm-clerical,Own-child,White,Female,1785,0,55,United-States,0,0.0059772871150261305,0,5,0.8
38,Private,264627,Some-college,10,Divorced,Adm-clerical,Unmarried,White,Female,0,0,40,United-States,0,0.053544986701397915,0,5,0.8
45,State-gov,255456,Masters,14,Married-civ-spouse,Prof-specialty,Husband,Asian-Pac-Islander,Male,0,0,50,India,1,0.9003682616875599,1,5,0.8
45,Private,204057,Bachelors,13,Divorced,Adm-clerical,Unmarried,White,Female,0,0,40,Germany,0,0.10200307946932435,0,5,0.8
56,Private,229954,Assoc-acdm,12,Widowed,Adm-clerical,Unmarried,White,Female,746,0,55,United-States,0,0.014185728955394324,0,5,0.8
44,Private,353994,Bachelors,13,Married-civ-spouse,Exec-managerial,Other-relative,Asian-Pac-Islander,Female,1625,0,55,China,1,0.20562472212171093,0,5,0.8
49,Private,28171,HS-grad,9,Divorced,Tech-support,Not-in-family,White,Male,4787,0,40,United-States,1,0.9643247405761523,1,5,0.8
47,Private,139770,HS-grad,9,Never-married,Sales,Own-child,White,Female,13387,0,44,United-States,0,0.9975643759684925,1,5,0.8
41,Private,255187,Some-college,10,Never-married,Tech-support,Unmarried,Black,Female,3815,0,55,United-States,0,0.009148092829293025,0,5,0.8
53,Private,174395,Masters,14,Married-civ-spouse,Prof-specialty,Husband,White,Male,3623,0,55,United-States,1,0.16033163699039826,0,5,0.8
49,Private,161226,HS-grad,9,Married-civ-spouse,Other-service,Wife,White,Female,2659,0,45,United-States,1,0.04563117532462957,0,5,0.8
36,Private,29814,HS-grad,9,Never-married,Transport-moving,Other-relative,White,Male,0,0,50,United-States,0,0.040487727131963885,0,5,0.8
73,Self-emp-not-inc,181033,HS-grad,9,Married-civ-spouse,Farming-fishing,Husband,White,Male,4736,0,75,United-States,0,0.5067903782380482,0,5,0.8
53,Private,153031,Some-college,10,Married-civ-spouse,Sales,Husband,White,Male,1696,0,80,United-States,1,0.16677074268150216,0,5,0.8
37,Private,457070,7th-8th,4,Divorced,Craft-repair,Own-child,White,Male,10484,0,60,United-States,0,0.9950803339370186,1,5,0.8
67,Private,250149,Some-college,10,Married-civ-spouse,Prof-specialty,Husband,White,Male,4057,0,55,United-States,1,0.09627329518566523,0,5,0.8
46,Private,213722,HS-grad,9,Never-married,Handlers-cleaners,Own-child,White,Male,6544,0,55,United-States,0,0.2538897471779672,0,5,0.8
46,Private,169605,10th,6,Separated,Other-service,Unmarried,White,Female,2405,0,51,United-States,0,0.007192101025610814,0,5,0.8
47,Private,186009,HS-grad,9,Married-civ-spouse,Craft-repair,Husband,White,Male,11741,0,55,United-States,1,0.9990702236408587,1,5,0.8
34,Private,51985,Some-college,10,Never-married,Craft-repair,Own-child,White,Male,8675,0,45,United-States,0,0.9953979681742947,1,5,0.8
22,Private,162282,Assoc-voc,11,Never-married,Exec-managerial,Own-child,White,Male,0,0,40,United-States,0,0.016047660705830573,0,5,0.8
86,,278557,Assoc-voc,11,Married-civ-spouse,,Husband,White,Male,11934,0,47,United-States,0,0.9925951224631576,1,5,0.8
65,Private,95540,Some-college,10,Divorced,Adm-clerical,Unmarried,White,Female,11798,0,55,United-States,0,0.9958751648777071,1,5,0.8
40,Private,134566,Bachelors,13,Married-civ-spouse,Exec-managerial,Husband,White,Male,5477,0,60,United-States,0,0.9941292329588517,1,5,0.8
34,Private,29810,Some-college,10,Never-married,Transport-moving,Own-child,White,Female,3581,0,45,United-States,0,0.005434757154638978,0,5,0.8
33,Private,133582,5th-6th,3,Never-married,Farming-fishing,Not-in-family,White,Male,3564,0,51,Mexico,0,0.006064625937499774,0,5,0.8
61,Private,122066,HS-grad,9,Married-civ-spouse,Exec-managerial,Husband,White,Male,14358,0,45,Hungary,0,0.9898638267832836,1,5,0.8
33,Private,284651,Some-college,10,Never-married,Sales,Own-child,White,Female,13104,0,35,United-States,0,0.9938298586575174,1,5,0.8
52,Private,313945,Some-college,10,Married-civ-spouse,Craft-repair,Husband,White,Male,7585,0,55,United-States,0,0.9985227918892271,1,5,0.8
54,Local-gov,190333,HS-grad,9,Married-civ-spouse,Protective-serv,Husband,White,Male,0,0,40,United-States,0,0.7465143013241435,1,5,0.8
49,Private,50837,7th-8th,4,Divorced,Exec-managerial,Not-in-family,White,Male,5120,0,65,United-States,0,0.16180407541395636,0,5,0.8
63,Private,196501,Bachelors,13,Divorced,Exec-managerial,Not-in-family,White,Male,16246,0,65,United-States,1,0.9971345334979321,1,5,0.8
47,Private,306388,HS-grad,9,Divorced,Sales,Unmarried,White,Female,7889,0,45,United-States,0,0.8580743228813194,1,5,0.8
26,Private,59367,Bachelors,13,Never-married,Machine-op-inspct,Other-relative,White,Male,0,0,40,United-States,0,0.008287784847803794,0,5,0.8
43,Self-emp-inc,72744,HS-grad,9,Divorced,Other-service,Unmarried,White,Male,7814,0,45,United-States,0,0.8629863122969396,1,5,0.8
56,Private,252202,HS-grad,9,Divorced,Adm-clerical,Not-in-family,White,Female,1772,0,55,United-States,0,0.010767544222173535,0,5,0.8
46,Private,279724,HS-grad,9,Never-married,Machine-op-inspct,Not-in-family,White,Male,0,0,45,United-States,0,0.06788136803740535,0,5,0.8
50,Self-emp-inc,176357,HS-grad,9,Married-civ-spouse,Exec-managerial,Husband,White,Male,7991,0,65,United-States,0,0.9986124582654088,1,5,0.8
43,Private,279015,Masters,14,Married-civ-spouse,Exec-managerial,Husband,White,Male,13427,2415,85,Taiwan,1,0.9996864893223388,1,5,0.8
41,Self-emp-not-inc,198286,Bachelors,13,Never-married,Prof-specialty,Not-in-family,White,Female,995,0,55,United-States,0,0.054278568093509866,0,5,0.8
43,Private,199689,Bachelors,13,Married-spouse-absent,Sales,Unmarried,White,Female,0,0,20,United-States,0,0.09050434397402926,0,5,0.8
61,Federal-gov,94754,Masters,14,Married-civ-spouse,Adm-clerical,Husband,White,Male,1940,0,55,United-States,1,0.4714875686984522,0,5,0.8
35,Self-emp-not-inc,184370,HS-grad,9,Divorced,Other-service,Not-in-family,White,Female,3829,0,55,United-States,0,0.011190816231376638,0,5,0.8
32,Private,44064,Some-college,10,Never-married,Prof-specialty,Own-child,White,Male,3527,0,40,United-States,0,0.006952174509407013,0,5,0.8
41,Private,191177,HS-grad,9,Married-civ-spouse,Adm-clerical,Wife,White,Female,13136,0,33,United-States,0,0.9989505819771991,1,5,0.8
51,Private,114844,Bachelors,13,Never-married,Sales,Not-in-family,White,Male,14799,1876,65,United-States,0,0.9970232154931438,1,5,0.8
51,Private,200598,Bachelors,13,Married-civ-spouse,Exec-managerial,Husband,White,Male,3826,0,70,United-States,0,0.1856795734606129,0,5,0.8
50,Private,109231,HS-grad,9,Married-civ-spouse,Craft-repair,Husband,White,Male,2967,0,55,United-States,0,0.17595962713848806,0,5,0.8
28,Self-emp-not-inc,96219,Bachelors,13,Married-civ-spouse,Sales,Wife,White,Female,0,0,5,United-States,0,0.44719386943850026,0,5,0.8
44,Private,459465,HS-grad,9,Married-civ-spouse,Craft-repair,Husband,White,Male,6216,0,55,El-Salvador,0,0.9869677045718063,1,5,0.8
33,Private,207103,HS-grad,9,Never-married,Handlers-cleaners,Own-child,White,Male,11806,0,55,United-States,0,0.995263254171687,1,5,0.8
27,Private,205145,HS-grad,9,Married-civ-spouse,Machine-op-inspct,Husband,White,Male,0,0,40,United-States,0,0.18331574340749004,0,5,0.8
57,Federal-gov,45891,Some-college,10,Divorced,Adm-clerical,Unmarried,White,Male,12804,0,57,United-States,0,0.9984708637964871,1,5,0.8
44,Private,49539,Some-college,10,Never-married,Other-service,Not-in-family,White,Female,11062,0,55,United-States,0,0.9981933435090311,1,5,0.8
60,State-gov,44434,Masters,14,Married-civ-spouse,Prof-specialty,Husband,White,Male,13973,0,76,United-States,1,0.9990596583869074,1,5,0.8
53,Private,132222,Prof-school,15,Married-civ-spouse,Prof-specialty,Husband,White,Male,13162,2415,55,United-States,1,0.9995925530244121,1,5,0.8
32,Private,106541,5th-6th,3,Married-civ-spouse,Other-service,Other-relative,White,Male,0,0,40,United-States,0,0.05180104063938202,0,5,0.8
21,Private,147655,HS-grad,9,Never-married,Other-service,Own-child,White,Female,0,0,35,United-States,0,0.00511823972987661,0,5,0.8
39,Private,72443,HS-grad,9,Never-married,Tech-support,Not-in-family,White,Male,1492,0,55,United-States,0,0.011448981372258148,0,5,0.8
38,Self-emp-not-inc,102476,HS-grad,9,Never-married,Craft-repair,Own-child,White,Male,4812,0,65,United-States,0,0.7645383218874292,1,5,0.8
32,Private,161092,Some-college,10,Never-married,Handlers-cleaners,Own-child,White,Male,14956,0,55,United-States,0,0.995083497800989,1,5,0.8
35,Private,215624,Some-college,10,Never-married,Machine-op-inspct,Unmarried,Asian-Pac-Islander,Male,5719,0,55,Vietnam,0,0.08603239218554602,0,5,0.8
62,Private,44728,HS-grad,9,Married-civ-spouse,Machine-op-inspct,Husband,White,Male,3114,0,55,United-States,0,0.9262906257537922,1,5,0.8
46,Private,145290,Some-college,10,Married-civ-spouse,Craft-repair,Husband,White,Male,0,0,40,United-States,0,0.7512612221553905,1,5,0.8
43,Private,315128,Some-college,10,Never-married,Adm-clerical,Not-in-family,White,Female,7615,0,67,United-States,0,0.9397307363450906,1,5,0.8
66,Private,88019,Some-college,10,Divorced,Transport-moving,Not-in-family,White,Male,10216,0,70,United-States,0,0.9789611472022081,1,5,0.8
27,Private,192698,Some-college,10,Never-married,Adm-clerical,Not-in-family,White,Female,0,0,40,United-States,0,0.03142338206520252,0,5,0.8
54,Private,297335,Assoc-acdm,12,Married-spouse-absent,Exec-managerial,Unmarried,Asian-Pac-Islander,Female,1823,0,46,Laos,0,0.030957506172611216,0,5,0.8
54,Private,68684,HS-grad,9,Married-civ-spouse,Craft-repair,Husband,White,Male,0,0,44,United-States,0,0.6996865431411989,1,5,0.8
41,Private,278637,Assoc-voc,11,Married-civ-spouse,Adm-clerical,Husband,White,Male,2049,0,55,United-States,0,0.11092022166537359,0,5,0.8
38,Private,135521,Assoc-voc,11,Never-married,Handlers-cleaners,Other-relative,White,Male,3395,0,43,United-States,0,0.0027768659480990427,0,5,0.8
19,Private,287380,Some-college,10,Never-married,Handlers-cleaners,Own-child,White,Male,0,0,27,United-States,0,0.0019719454374944713,0,5,0.8
62,Self-emp-inc,193720,HS-grad,9,Married-civ-spouse,Exec-managerial,Husband,White,Male,2355,0,85,Greece,1,0.177839380159839,0,5,0.8
37,Private,82521,Bachelors,13,Married-civ-spouse,Exec-managerial,Husband,White,Male,15024,0,40,United-States,1,0.9989301893744353,1,5,0.8
59,Private,205068,Prof-school,15,Married-civ-spouse,Prof-specialty,Husband,White,Male,13849,1977,75,United-States,1,0.998934611124811,1,5,0.8
38,Private,252662,Bachelors,13,Divorced,Exec-managerial,Not-in-family,White,Male,0,0,40,United-States,0,0.4685218552053037,0,5,0.8
51,Self-emp-not-inc,24790,Some-college,10,Married-civ-spouse,Exec-managerial,Husband,White,Male,0,0,99,United-States,1,0.7358724344614413,1,5,0.8
65,State-gov,119570,Bachelors,13,Married-civ-spouse,Exec-managerial,Husband,White,Male,6155,0,60,United-States,1,0.9916876082283014,1,5,0.8
78,Private,242589,HS-grad,9,Married-civ-spouse,Other-service,Husband,White,Male,1104,0,49,United-States,0,0.029047713083094468,0,5,0.8
59,Private,216999,HS-grad,9,Married-civ-spouse,Sales,Husband,White,Male,4527,0,60,United-States,0,0.21516687483560984,0,5,0.8
50,Private,105017,HS-grad,9,Divorced,Craft-repair,Unmarried,White,Male,3830,0,55,United-States,0,0.03057013022399046,0,5,0.8
40,Private,148084,HS-grad,9,Never-married,Handlers-cleaners,Unmarried,Black,Female,11770,0,55,Dominican-Republic,0,0.9861601187552033,1,5,0.8
44,State-gov,342510,Doctorate,16,Married-civ-spouse,Prof-specialty,Wife,White,Female,7688,0,40,United-States,1,0.9989843016045488,1,5,0.8
54,Private,572751,Preschool,1,Married-civ-spouse,Craft-repair,Husband,White,Male,3689,0,55,Nicaragua,0,0.015658578883103007,0,5,0.8
22,Private,305874,HS-grad,9,Married-civ-spouse,Craft-repair,Husband,White,Male,0,0,60,United-States,0,0.11989729873750554,0,5,0.8
44,Self-emp-not-inc,121058,HS-grad,9,Married-civ-spouse,Farming-fishing,Husband,White,Male,5271,0,75,United-States,0,0.9703268305537779,1,5,0.8
61,Private,60751,HS-grad,9,Married-civ-spouse,Protective-serv,Husband,White,Male,989,0,55,United-States,0,0.08158372602109197,0,5,0.8
40,Private,191196,Masters,14,Never-married,Exec-managerial,Not-in-family,White,Male,0,0,40,United-States,0,0.6021122307743875,0,5,0.8
63,Private,194097,HS-grad,9,Married-civ-spouse,Protective-serv,Husband,White,Male,7944,0,55,United-States,0,0.9762280222261808,1,5,0.8
30,Private,347132,Some-college,10,Never-married,Machine-op-inspct,Not-in-family,Black,Female,0,0,40,United-States,0,0.011131822407810864,0,5,0.8
33,Private,210355,11th,7,Never-married,Prof-specialty,Not-in-family,White,Female,7987,0,39,United-States,0,0.8795556033468493,1,5,0.8
36,Private,33016,Some-college,10,Never-married,Craft-repair,Own-child,White,Male,1127,0,55,United-States,0,0.014979804369900778,0,5,0.8
52,Private,374764,Some-college,10,Divorced,Handlers-cleaners,Not-in-family,White,Male,12223,0,55,United-States,0,0.9989882331106338,1,5,0.8
24,Private,211968,Bachelors,13,Never-married,Tech-support,Not-in-family,White,Female,0,0,40,United-States,0,0.018908851653276455,0,5,0.8
50,Private,60355,HS-grad,9,Never-married,Adm-clerical,Unmarried,White,Female,12643,0,55,United-States,0,0.9980406879029697,1,5,0.8
30,Self-emp-not-inc,29582,11th,7,Never-married,Craft-repair,Own-child,White,Male,8087,0,55,United-States,0,0.9480885803170447,1,5,0.8
85,Self-emp-not-inc,233882,HS-grad,9,Married-civ-spouse,Farming-fishing,Husband,Asian-Pac-Islander,Male,10613,2457,55,Vietnam,0,0.9478536902492201,1,5,0.8
52,Private,318975,HS-grad,9,Divorced,Adm-clerical,Unmarried,White,Female,0,0,40,Cuba,0,0.05844680136364012,0,5,0.8
44,Private,170924,Some-college,10,Married-civ-spouse,Craft-repair,Husband,White,Male,7298,0,40,United-States,1,0.9974401948453785,1,5,0.8
51,Private,318416,10th,6,Separated,Other-service,Own-child,Black,Female,3804,0,27,United-States,0,0.001749588722359572,0,5,0.8
56,Private,29115,Some-college,10,Never-married,Other-service,Not-in-family,White,Female,3661,0,55,United-States,0,0.007744478349962378,0,5,0.8
80,Private,166149,HS-grad,9,Widowed,Adm-clerical,Not-in-family,White,Female,7137,2206,45,United-States,0,0.7881672666169752,1,5,0.8
52,Private,116103,Some-college,10,Separated,Craft-repair,Unmarried,White,Male,16021,0,62,United-States,1,0.9980535744952748,1,5,0.8
63,Local-gov,387250,Bachelors,13,Married-civ-spouse,Adm-clerical,Husband,White,Male,6941,0,65,United-States,1,0.9205081921487184,1,5,0.8
72,Private,176731,HS-grad,9,Married-civ-spouse,Tech-support,Husband,White,Male,14900,0,55,United-States,0,0.9819064481750571,1,5,0.8
48,Private,181065,Assoc-acdm,12,Married-civ-spouse,Tech-support,Husband,White,Male,2486,0,55,United-States,1,0.18880002580992022,0,5,0.8
34,Private,159442,HS-grad,9,Never-married,Prof-specialty,Not-in-family,White,Female,0,0,30,United-States,0,0.09397657584591235,0,5,0.8
64,Private,180195,Bachelors,13,Married-civ-spouse,Sales,Husband,White,Male,1005,0,55,United-States,1,0.23778382011151666,0,5,0.8
35,Private,177287,Some-college,10,Never-married,Exec-managerial,Other-relative,White,Female,6562,0,55,United-States,0,0.1828450311207306,0,5,0.8
66,Private,103580,Assoc-acdm,12,Divorced,Exec-managerial,Unmarried,White,Female,7820,0,70,United-States,1,0.942253840342394,1,5,0.8
46,Self-emp-inc,182655,Assoc-voc,11,Married-civ-spouse,Exec-managerial,Husband,White,Male,0,0,60,United-States,1,0.8994910409215934,1,5,0.8
63,Private,161482,HS-grad,9,Divorced,Other-service,Unmarried,White,Female,2773,0,53,United-States,0,0.012981427740288473,0,5,0.8
38,Self-emp-not-inc,31143,HS-grad,9,Married-civ-spouse,Exec-managerial,Husband,White,Male,5665,0,60,United-States,0,0.9810795862686154,1,5,0.8
41,Private,133937,HS-grad,9,Never-married,Handlers-cleaners,Own-child,White,Male,5285,0,45,United-States,0,0.08756322549987672,0,5,0.8
54,State-gov,116493,Bachelors,13,Married-civ-spouse,Protective-serv,Husband,White,Male,7842,0,67,United-States,0,0.9984328843832634,1,5,0.8
40,Private,285897,Bachelors,13,Married-civ-spouse,Exec-managerial,Husband,White,Male,12907,0,55,United-States,0,0.9992101814382329,1,5,0.8
43,Private,318647,11th,7,Never-married,Craft-repair,Not-in-family,White,Male,7935,0,55,United-States,0,0.9514428991469676,1,5,0.8
34,Private,289982,11th,7,Never-married,Other-service,Not-in-family,White,Female,2162,0,55,United-States,0,0.005712707961868649,0,5,0.8
31,Private,274657,5th-6th,3,Never-married,Other-service,Not-in-family,White,Male,3775,0,65,Guatemala,0,0.0038031887711091118,0,5,0.8
66,Private,35576,Some-college,10,Married-civ-spouse,Sales,Husband,White,Male,13904,2415,65,United-States,1,0.9832318306548173,1,5,0.8
52,Local-gov,33155,HS-grad,9,Never-married,Other-service,Own-child,White,Male,13084,0,55,United-States,0,0.9965377617764474,1,5,0.8
78,Self-emp-not-inc,51687,Bachelors,13,Married-civ-spouse,Sales,Husband,White,Male,5686,0,35,United-States,0,0.9835539076077234,1,5,0.8
37,Private,97952,Bachelors,13,Never-married,Prof-specialty,Not-in-family,White,Male,99,0,55,,0,0.046546583249741404,0,5,0.8
18,,379768,HS-grad,9,Never-married,,Own-child,Other,Female,0,0,40,United-States,0,0.0019098034027655818,0,5,0.8
25,Private,74389,Bachelors,13,Never-married,Exec-managerial,Not-in-family,Asian-Pac-Islander,Female,0,0,40,United-States,0,0.07826820293117759,0,5,0.8
59,Private,141511,Doctorate,16,Married-civ-spouse,Prof-specialty,Husband,White,Male,9566,0,75,United-States,1,0.9988823000109971,1,5,0.8
72,Private,349898,HS-grad,9,Widowed,Other-service,Not-in-family,White,Female,2997,0,59,United-States,0,0.015690463059744645,0,5,0.8
56,Private,279183,Some-college,10,Married-civ-spouse,Other-service,Own-child,White,Female,14365,0,55,United-States,1,0.9969808905815539,1,5,0.8
63,Private,197189,HS-grad,9,Married-civ-spouse,Exec-managerial,Husband,White,Male,13289,0,55,United-States,0,0.9896110144925956,1,5,0.8
41,Private,207473,7th-8th,4,Married-civ-spouse,Transport-moving,Husband,White,Male,5979,0,55,Mexico,0,0.9723818608212839,1,5,0.8
22,Private,361138,HS-grad,9,Never-married,Handlers-cleaners,Other-relative,White,Male,0,0,50,United-States,0,0.010990243180853334,0,5,0.8
41,State-gov,201556,Bachelors,13,Never-married,Prof-specialty,Not-in-family,White,Male,2285,0,65,United-States,0,0.058388938947506575,0,5,0.8
57,Private,90992,HS-grad,9,Married-civ-spouse,Transport-moving,Husband,White,Male,9179,0,85,United-States,0,0.9983449637176974,1,5,0.8
31,Private,110998,Some-college,10,Never-married,Adm-clerical,Own-child,Asian-Pac-Islander,Female,12640,0,55,Philippines,0,0.9977182726073718,1,5,0.8
30,Local-gov,55658,10th,6,Never-married,Other-service,Own-child,White,Male,8622,0,40,United-States,0,0.9905490967435165,1,5,0.8
30,Private,188476,11th,7,Never-married,Exec-managerial,Own-child,White,Male,5297,0,35,United-States,0,0.07697673741453237,0,5,0.8
68,Self-emp-inc,184598,9th,5,Married-civ-spouse,Transport-moving,Husband,White,Male,14800,0,99,United-States,0,0.9676490918923121,1,5,0.8
41,Private,252986,Some-college,10,Married-civ-spouse,Craft-repair,Husband,White,Male,0,0,48,United-States,1,0.7531810581123822,1,5,0.8
32,Private,29312,Some-college,10,Never-married,Handlers-cleaners,Own-child,White,Male,0,0,40,United-States,0,0.03348611401433043,0,5,0.8
33,Private,51262,HS-grad,9,Never-married,Other-service,Own-child,White,Male,8380,0,50,United-States,0,0.9942388565715408,1,5,0.8
55,Self-emp-not-inc,144218,12th,8,Married-civ-spouse,Transport-moving,Husband,White,Male,10860,0,75,United-States,0,0.998923045119456,1,5,0.8
37,Private,316688,HS-grad,9,Never-married,Machine-op-inspct,Not-in-family,Black,Male,6868,0,55,United-States,0,0.014862238376558102,0,5,0.8
66,Local-gov,116428,10th,6,Married-civ-spouse,Exec-managerial,Husband,White,Male,14887,0,55,United-States,0,0.9862735015053726,1,5,0.8
39,,129661,Assoc-voc,11,Married-civ-spouse,,Wife,Amer-Indian-Eskimo,Female,4365,0,55,United-States,1,0.8350193730696026,1,5,0.8
41,Private,187431,HS-grad,9,Never-married,Machine-op-inspct,Not-in-family,Black,Male,0,0,40,United-States,0,0.02108587600512626,0,5,0.8
69,Private,201232,HS-grad,9,Married-civ-spouse,Priv-house-serv,Husband,White,Male,10697,0,45,United-States,0,0.9532903893560143,1,5,0.8
45,Private,132705,9th,5,Separated,Adm-clerical,Not-in-family,White,Male,9452,0,63,United-States,0,0.9979614443709575,1,5,0.8
36,Private,142528,Some-college,10,Never-married,Sales,Own-child,White,Male,2904,0,35,United-States,0,0.009865552181980914,0,5,0.8
32,Local-gov,38455,HS-grad,9,Never-married,Craft-repair,Not-in-family,White,Male,11862,0,25,United-States,0,0.9966281482134045,1,5,0.8
54,Local-gov,131167,Masters,14,Never-married,Prof-specialty,Not-in-family,White,Female,4956,0,60,United-States,0,0.49869787196034404,0,5,0.8
40,Private,187397,HS-grad,9,Never-married,Other-service,Other-relative,Other,Male,7455,0,63,Mexico,0,0.9201545743482051,1,5,0.8
19,Private,260327,Some-college,10,Never-married,Other-service,Own-child,White,Female,0,0,18,United-States,0,0.0012405076685725368,0,5,0.8
41,Private,173113,Bachelors,13,Married-civ-spouse,Tech-support,Husband,White,Male,11134,0,55,United-States,0,0.999348007810829,1,5,0.8
52,Private,20109,Some-college,10,Divorced,Handlers-cleaners,Not-in-family,Amer-Indian-Eskimo,Female,6851,0,99,United-States,0,0.01077877801773927,0,5,0.8
45,Private,180551,Some-college,10,Separated,Adm-clerical,Unmarried,White,Female,9791,0,55,United-States,0,0.9940865872650002,1,5,0.8
41,Private,81057,Some-college,10,Never-married,Adm-clerical,Own-child,White,Female,7715,0,55,United-States,0,0.9269627471267978,1,5,0.8
56,Private,192014,Bachelors,13,Separated,Exec-managerial,Not-in-family,White,Male,1791,0,53,United-States,0,0.08474026713545879,0,5,0.8
74,Self-emp-inc,354075,Bachelors,13,Married-civ-spouse,Exec-managerial,Husband,White,Male,182,0,65,United-States,1,0.3062755494089069,0,5,0.8
38,Private,199600,HS-grad,9,Never-married,Sales,Not-in-family,Black,Male,2818,0,55,United-States,0,0.007458501844633925,0,5,0.8
43,Private,185528,Some-college,10,Divorced,Sales,Own-child,White,Female,14518,0,50,United-States,0,0.9974443530253331,1,5,0.8
63,Self-emp-inc,195638,Some-college,10,Separated,Sales,Not-in-family,White,Female,1086,0,55,United-States,0,0.01741608896587611,0,5,0.8
23,Private,65038,HS-grad,9,Never-married,Sales,Own-child,White,Male,0,0,40,United-States,0,0.013125101152340519,0,5,0.8
43,Private,225507,Assoc-voc,11,Never-married,Other-service,Unmarried,White,Female,13842,0,55,United-States,0,0.9950727835928904,1,5,0.8
34,Private,102258,Some-college,10,Divorced,Protective-serv,Not-in-family,White,Male,9840,0,55,United-States,0,0.9971510936957672,1,5,0.8
36,Private,278130,HS-grad,9,Never-married,Craft-repair,Own-child,White,Male,8822,0,55,United-States,0,0.9946529625930769,1,5,0.8
35,Private,203240,Some-college,10,Never-married,Other-service,Not-in-family,White,Female,6428,0,55,United-States,0,0.11461717668424139,0,5,0.8
48,Self-emp-not-inc,166193,HS-grad,9,Married-civ-spouse,Sales,Husband,White,Male,3828,0,45,United-States,0,0.04458503631319124,0,5,0.8
63,Private,165953,HS-grad,9,Separated,Handlers-cleaners,Not-in-family,Black,Male,13950,0,60,United-States,0,0.9946660327437712,1,5,0.8
55,Self-emp-not-inc,227298,Bachelors,13,Never-married,Sales,Not-in-family,White,Male,7866,0,60,United-States,0,0.9626705030553472,1,5,0.8
54,Private,171841,Prof-school,15,Married-civ-spouse,Prof-specialty,Husband,White,Male,4806,0,75,United-States,0,0.9116740259711035,1,5,0.8
66,Federal-gov,439608,Some-college,10,Divorced,Adm-clerical,Not-in-family,White,Female,8694,0,55,United-States,0,0.9942731650872983,1,5,0.8
21,Private,369643,HS-grad,9,Never-married,Adm-clerical,Own-child,White,Female,0,0,35,United-States,0,0.005866074208138194,0,5,0.8
39,Local-gov,332785,HS-grad,9,Never-married,Protective-serv,Own-child,White,Male,9212,0,53,United-States,0,0.9970259700030093,1,5,0.8
46,Private,287168,Some-college,10,Divorced,Adm-clerical,Unmarried,White,Male,14337,0,55,United-States,0,0.9929912467306553,1,5,0.8
40,Private,264076,HS-grad,9,Never-married,Adm-clerical,Not-in-family,White,Female,5948,0,55,United-States,0,0.17706676271257885,0,5,0.8
43,Private,112115,Some-college,10,Married-civ-spouse,Sales,Husband,White,Male,11562,0,55,United-States,0,0.9990432715125982,1,5,0.8
49,Private,208358,HS-grad,9,Married-civ-spouse,Craft-repair,Husband,White,Male,14452,0,55,United-States,1,0.9990640413342393,1,5,0.8
59,Private,173938,Bachelors,13,Married-civ-spouse,Craft-repair,Husband,White,Male,6767,0,55,United-States,0,0.9704806670598147,1,5,0.8
20,Private,95552,HS-grad,9,Never-married,Sales,Own-child,White,Male,0,0,40,United-States,0,0.0025287277271478534,0,5,0.8
30,Private,270544,12th,8,Never-married,Adm-clerical,Own-child,White,Female,8347,0,45,United-States,0,0.9933507753689086,1,5,0.8
30,Private,347829,11th,7,Never-married,Other-service,Own-child,White,Female,5265,0,19,United-States,0,0.014387254925851845,0,5,0.8
36,Self-emp-inc,142404,Bachelors,13,Married-civ-spouse,Exec-managerial,Husband,White,Male,733,0,55,United-States,1,0.33886818581077666,0,5,0.8
38,State-gov,106812,Assoc-voc,11,Divorced,Exec-managerial,Not-in-family,White,Female,12208,0,53,United-States,0,0.998031395999464,1,5,0.8
73,Private,29797,HS-grad,9,Divorced,Sales,Other-relative,White,Female,3130,0,55,United-States,0,0.0057186293876392725,0,5,0.8
35,Private,150463,HS-grad,9,Never-married,Priv-house-serv,Unmarried,Other,Female,5265,0,55,Guatemala,0,0.019553027626665886,0,5,0.8
57,Self-emp-not-inc,32948,Bachelors,13,Married-civ-spouse,Farming-fishing,Husband,White,Male,3269,0,75,United-States,0,0.034086786561422,0,5,0.8
53,Private,104879,HS-grad,9,Married-civ-spouse,Tech-support,Husband,White,Male,0,0,40,United-States,1,0.7077498492822054,1,5,0.8
49,Private,175390,HS-grad,9,Divorced,Machine-op-inspct,Unmarried,Black,Female,9344,0,55,United-States,0,0.9972154741060698,1,5,0.8
38,Private,333541,HS-grad,9,Never-married,Other-service,Not-in-family,White,Male,12560,0,39,United-States,0,0.9978409738497573,1,5,0.8
63,Private,82720,HS-grad,9,Married-civ-spouse,Craft-repair,Husband,White,Male,1294,0,55,United-States,0,0.10101073349692127,0,5,0.8
32,Private,60639,Some-college,10,Never-married,Sales,Own-child,White,Female,5899,0,43,United-States,0,0.1047434160125384,0,5,0.8
58,Private,31732,Some-college,10,Married-civ-spouse,Sales,Husband,White,Male,0,0,45,United-States,1,0.794752380149537,1,5,0.8
84,,235014,Assoc-voc,11,Widowed,,Not-in-family,White,Female,13311,2465,55,United-States,0,0.998586854765588,1,5,0.8
60,Private,185143,Masters,14,Married-civ-spouse,Exec-managerial,Husband,White,Male,13665,0,55,United-States,0,0.9991871477205682,1,5,0.8
56,Private,147206,Some-college,10,Married-civ-spouse,Craft-repair,Husband,White,Male,20354,0,60,United-States,1,0.9990525503364031,1,5,0.8
39,Self-emp-not-inc,192626,HS-grad,9,Separated,Farming-fishing,Not-in-family,White,Male,0,0,50,United-States,0,0.1498303096318163,0,5,0.8
38,Private,186191,HS-grad,9,Married-civ-spouse,Craft-repair,Husband,White,Male,0,0,55,United-States,0,0.6549591368285499,1,5,0.8
18,,221312,Some-college,10,Never-married,,Other-relative,White,Male,0,0,40,United-States,0,0.0010717730840269066,0,5,0.8
54,Private,179533,HS-grad,9,Married-civ-spouse,Craft-repair,Husband,White,Male,4080,0,55,United-States,1,0.08527096240899514,0,5,0.8
50,Private,149347,HS-grad,9,Married-civ-spouse,Craft-repair,Husband,White,Male,4118,0,55,United-States,1,0.196552190986701,0,5,0.8
57,Private,156117,Assoc-voc,11,Divorced,Prof-specialty,Not-in-family,White,Female,8544,0,47,United-States,0,0.9973499500256178,1,5,0.8
45,Private,121966,HS-grad,9,Never-married,Tech-support,Not-in-family,White,Female,5011,0,65,United-States,0,0.18871548868937824,0,5,0.8
64,Private,35305,7th-8th,4,Never-married,Other-service,Own-child,White,Female,6006,0,22,United-States,0,0.01103400468924946,0,5,0.8
18,,297396,HS-grad,9,Never-married,,Own-child,White,Male,0,0,10,United-States,0,0.001087790407499768,0,5,0.8
62,Self-emp-not-inc,343242,Some-college,10,Married-civ-spouse,Transport-moving,Husband,White,Male,13870,0,70,United-States,0,0.9823116556811319,1,5,0.8
46,Private,149943,HS-grad,9,Never-married,Other-service,Not-in-family,Asian-Pac-Islander,Male,7630,0,55,Japan,0,0.9253742650114594,1,5,0.8
41,Private,187479,Some-college,10,Married-civ-spouse,Craft-repair,Husband,White,Male,363,0,65,United-States,0,0.13252582528801785,0,5,0.8
32,Private,167424,Some-college,10,Never-married,Priv-house-serv,Own-child,White,Female,3619,0,55,United-States,0,0.005225692574816957,0,5,0.8
28,Private,182509,Some-college,10,Never-married,Handlers-cleaners,Not-in-family,White,Male,0,0,35,United-States,0,0.022597554560982672,0,5,0.8
27,Private,169117,HS-grad,9,Married-civ-spouse,Adm-clerical,Wife,Black,Female,0,1887,40,United-States,1,0.9344961509519327,1,5,0.8
45,Private,20534,Some-college,10,Married-civ-spouse,Machine-op-inspct,Husband,White,Male,0,0,84,United-States,1,0.8238080935202772,1,5,0.8
67,Private,118993,Some-college,10,Separated,Exec-managerial,Unmarried,White,Female,2749,0,25,United-States,0,0.003453296798998035,0,5,0.8
65,Private,348287,HS-grad,9,Divorced,Craft-repair,Other-relative,White,Male,11376,0,55,United-States,0,0.9888734584399479,1,5,0.8
42,Private,169589,Some-college,10,Married-civ-spouse,Adm-clerical,Husband,White,Male,13231,0,55,United-States,0,0.9990336195801052,1,5,0.8
72,State-gov,27037,HS-grad,9,Married-civ-spouse,Protective-serv,Husband,Amer-Indian-Eskimo,Male,11616,0,55,United-States,1,0.9548522196792566,1,5,0.8
50,Private,195744,Bachelors,13,Never-married,Other-service,Not-in-family,White,Male,13212,0,63,United-States,0,0.9985749038974958,1,5,0.8
37,Private,236564,HS-grad,9,Never-married,Adm-clerical,Not-in-family,White,Male,12698,0,55,United-States,0,0.9986158006473097,1,5,0.8
29,Federal-gov,229300,Bachelors,13,Never-married,Prof-specialty,Not-in-family,White,Male,0,0,48,United-States,0,0.5162414372552818,0,5,0.8
74,Private,143746,HS-grad,9,Divorced,Other-service,Not-in-family,White,Female,13904,0,55,United-States,0,0.996432589503486,1,5,0.8
37,Local-gov,250770,HS-grad,9,Never-married,Adm-clerical,Own-child,White,Female,13224,0,55,United-States,0,0.996110305649785,1,5,0.8
42,Self-emp-inc,78530,HS-grad,9,Married-civ-spouse,Exec-managerial,Husband,White,Male,7920,0,80,Canada,1,0.9984953829332033,1,5,0.8
37,Private,75759,Some-college,10,Never-married,Adm-clerical,Not-in-family,White,Male,6521,0,55,United-States,0,0.0747905833158858,0,5,0.8
55,Federal-gov,369468,Bachelors,13,Married-civ-spouse,Prof-specialty,Husband,White,Male,4254,0,55,United-States,1,0.9667392382861254,1,5,0.8
22,Private,148431,HS-grad,9,Never-married,Adm-clerical,Not-in-family,Other,Female,0,0,40,United-States,0,0.007072786680376448,0,5,0.8
64,Private,301229,Assoc-voc,11,Separated,Sales,Unmarried,White,Female,9813,0,55,United-States,0,0.9937120532493825,1,5,0.8
43,State-gov,241506,Bachelors,13,Divorced,Prof-specialty,Unmarried,White,Female,1506,0,36,United-States,0,0.011892463163000463,0,5,0.8
40,Private,67661,Some-college,10,Never-married,Adm-clerical,Other-relative,White,Female,8060,0,55,United-States,0,0.942221041375166,1,5,0.8
53,Private,116391,Bachelors,13,Married-civ-spouse,Handlers-cleaners,Husband,White,Male,13027,0,55,Germany,0,0.9987445284369098,1,5,0.8
37,Private,361307,Bachelors,13,Never-married,Sales,Own-child,White,Female,3669,0,55,United-States,0,0.031108308334526866,0,5,0.8
42,Private,39386,Some-college,10,Married-civ-spouse,Exec-managerial,Husband,Black,Male,4317,0,99,United-States,0,0.9178242793316566,1,5,0.8
75,,64448,HS-grad,9,Married-civ-spouse,,Husband,White,Male,14024,0,55,United-States,0,0.98618978122877,1,5,0.8
46,Private,293017,Some-college,10,Never-married,Tech-support,Unmarried,Black,Female,14546,0,55,United-States,0,0.993520847064618,1,5,0.8
44,Private,239659,Some-college,10,Separated,Machine-op-inspct,Unmarried,Black,Female,7879,0,85,United-States,0,0.9351816390924393,1,5,0.8
36,Private,216129,HS-grad,9,Never-married,Adm-clerical,Own-child,White,Male,13122,0,55,United-States,0,0.997408389028292,1,5,0.8
78,Federal-gov,38621,Assoc-voc,11,Widowed,Other-service,Unmarried,Black,Female,5688,0,55,United-States,0,0.21702284992337792,0,5,0.8
37,Private,208117,Bachelors,13,Never-married,Prof-specialty,Other-relative,White,Male,3677,0,55,United-States,0,0.012540958944940192,0,5,0.8
35,Private,274797,HS-grad,9,Never-married,Handlers-cleaners,Own-child,White,Male,6176,0,40,United-States,0,0.05013379587065346,0,5,0.8
38,Private,358124,HS-grad,9,Never-married,Other-service,Other-relative,Black,Female,12815,0,55,United-States,0,0.996632275985399,1,5,0.8
67,Self-emp-not-inc,204387,Bachelors,13,Married-civ-spouse,Sales,Husband,White,Male,2555,0,55,United-States,1,0.17430304904301525,0,5,0.8
64,Private,231865,HS-grad,9,Married-civ-spouse,Adm-clerical,Husband,White,Male,494,0,61,United-States,0,0.09312280100465259,0,5,0.8
42,Self-emp-not-inc,106742,12th,8,Married-civ-spouse,Transport-moving,Husband,White,Male,1131,0,90,United-States,0,0.0336127352307349,0,5,0.8
47,Private,188888,Bachelors,13,Never-married,Sales,Not-in-family,White,Male,8517,0,55,United-States,1,0.9981105572966777,1,5,0.8
17,Private,136363,10th,6,Never-married,Other-service,Own-child,White,Male,0,0,20,United-States,0,0.0022696614046567513,0,5,0.8
43,Private,243678,Bachelors,13,Never-married,Exec-managerial,Not-in-family,White,Female,7915,0,55,United-States,0,0.9704137671795552,1,5,0.8
74,Private,122033,HS-grad,9,Widowed,Adm-clerical,Not-in-family,White,Female,12409,0,53,United-States,0,0.9962913797326789,1,5,0.8
26,Private,182308,Some-college,10,Married-civ-spouse,Prof-specialty,Husband,White,Male,0,0,40,United-States,0,0.4996234931058609,0,5,0.8
31,,369678,HS-grad,9,Never-married,,Not-in-family,Other,Male,11593,0,45,United-States,0,0.9984985354707032,1,5,0.8
67,Private,120970,10th,6,Married-civ-spouse,Craft-repair,Husband,Black,Male,7461,0,55,United-States,1,0.9832780443219372,1,5,0.8
54,Private,40151,Assoc-voc,11,Married-civ-spouse,Other-service,Husband,White,Male,2852,0,45,United-States,0,0.0555340107666679,0,5,0.8
45,Self-emp-not-inc,133969,HS-grad,9,Married-civ-spouse,Sales,Husband,Asian-Pac-Islander,Male,0,0,50,South,1,0.5827690408988776,0,5,0.8
55,Private,188808,Masters,14,Married-civ-spouse,Exec-managerial,Husband,White,Male,7514,0,60,United-States,1,0.998273399160411,1,5,0.8
65,Private,114758,Masters,14,Married-civ-spouse,Exec-managerial,Husband,White,Male,27777,0,80,United-States,1,0.9963052429573701,1,5,0.8
63,,170529,Bachelors,13,Married-civ-spouse,,Wife,Black,Female,0,0,45,United-States,0,0.7552647827785237,1,5,0.8
56,Private,124747,HS-grad,9,Married-civ-spouse,Exec-managerial,Wife,White,Female,15626,0,55,United-States,1,0.9988470269616899,1,5,0.8
77,Private,149912,Bachelors,13,Never-married,Prof-specialty,Not-in-family,White,Female,0,0,10,United-States,0,0.08439589924390095,0,5,0.8
18,Private,395567,HS-grad,9,Never-married,Handlers-cleaners,Own-child,White,Male,0,0,40,United-States,0,0.0024968058709667574,0,5,0.8
88,Private,125784,Bachelors,13,Married-civ-spouse,Exec-managerial,Husband,White,Male,424,0,55,United-States,0,0.29165973317684085,0,5,0.8
37,Private,103323,Assoc-acdm,12,Married-civ-spouse,Sales,Husband,White,Male,0,0,40,United-States,0,0.7459865892331877,1,5,0.8
31,Private,143608,HS-grad,9,Never-married,Machine-op-inspct,Own-child,White,Male,9401,0,55,United-States,0,0.9948014788888067,1,5,0.8
60,Private,287547,Some-college,10,Divorced,Prof-specialty,Unmarried,White,Female,10260,0,55,United-States,0,0.9813562682729595,1,5,0.8
44,Private,153326,Bachelors,13,Married-civ-spouse,Prof-specialty,Other-relative,White,Male,3327,0,55,United-States,0,0.04344729181706459,0,5,0.8
53,Private,252058,Bachelors,13,Never-married,Adm-clerical,Not-in-family,White,Male,9169,0,55,United-States,0,0.9979163898853948,1,5,0.8
32,,308924,Some-college,10,Never-married,,Own-child,White,Male,2548,0,40,United-States,0,0.002605674810953633,0,5,0.8
72,Federal-gov,248288,Some-college,10,Divorced,Adm-clerical,Not-in-family,White,Female,4992,0,55,United-States,0,0.49700760501061,0,5,0.8
36,Private,99970,Bachelors,13,Never-married,Tech-support,Own-child,White,Male,10344,0,55,United-States,0,0.9967402755925275,1,5,0.8
48,Private,143152,7th-8th,4,Married-civ-spouse,Machine-op-inspct,Wife,White,Female,9968,0,55,United-States,0,0.9980544085429192,1,5,0.8
53,Local-gov,175149,HS-grad,9,Divorced,Transport-moving,Not-in-family,Black,Female,3398,0,53,United-States,0,0.008949651565667474,0,5,0.8
33,Private,91163,HS-grad,9,Separated,Other-service,Other-relative,Black,Female,0,0,40,United-States,0,0.005784927923753531,0,5,0.8
29,Private,148429,HS-grad,9,Married-civ-spouse,Farming-fishing,Husband,White,Male,0,0,60,United-States,0,0.2994916561421919,0,5,0.8
33,Private,90409,Bachelors,13,Never-married,Sales,Not-in-family,White,Male,0,0,45,United-States,0,0.4683151725175119,0,5,0.8
49,Federal-gov,118701,HS-grad,9,Divorced,Adm-clerical,Unmarried,Black,Female,0,0,40,United-States,0,0.046775714375723615,0,5,0.8
42,Self-emp-inc,77689,Bachelors,13,Married-civ-spouse,Sales,Husband,White,Male,18836,0,65,United-States,1,0.9990434765341323,1,5,0.8
55,State-gov,52849,Bachelors,13,Married-civ-spouse,Prof-specialty,Husband,White,Male,7876,0,55,United-States,0,0.9986360270964064,1,5,0.8
29,,235661,10th,6,Never-married,,Own-child,White,Female,12908,0,45,United-States,0,0.9925876953162567,1,5,0.8
25,Private,419658,HS-grad,9,Never-married,Other-service,Own-child,White,Female,0,0,8,United-States,0,0.0033818404619281365,0,5,0.8
31,Local-gov,197550,HS-grad,9,Divorced,Prof-specialty,Unmarried,White,Male,0,0,33,United-States,0,0.05023397721800315,0,5,0.8
61,Local-gov,192349,Masters,14,Never-married,Prof-specialty,Not-in-family,White,Female,10529,0,55,United-States,0,0.9906810386873989,1,5,0.8
48,Local-gov,130620,HS-grad,9,Married-civ-spouse,Adm-clerical,Wife,Asian-Pac-Islander,Female,11165,0,55,China,1,0.9987107119345732,1,5,0.8
29,Private,216086,11th,7,Never-married,Other-service,Own-child,White,Female,4617,0,45,United-States,0,0.016288085064877077,0,5,0.8
53,Self-emp-not-inc,443508,HS-grad,9,Married-civ-spouse,Exec-managerial,Husband,White,Male,11182,0,65,United-States,0,0.9988420021872247,1,5,0.8
54,Private,141186,Some-college,10,Never-married,Other-service,Own-child,White,Female,13061,0,55,United-States,0,0.9977500217941674,1,5,0.8
41,Local-gov,32185,Masters,14,Married-civ-spouse,Exec-managerial,Husband,White,Male,0,0,40,United-States,1,0.8763281061061615,1,5,0.8
55,State-gov,506329,Bachelors,13,Married-civ-spouse,Prof-specialty,Husband,Asian-Pac-Islander,Male,25014,0,55,,1,0.9991315121230131,1,5,0.8
72,Private,124648,HS-grad,9,Widowed,Sales,Unmarried,White,Female,2092,0,53,United-States,0,0.014030155235090222,0,5,0.8
58,Private,182533,Bachelors,13,Never-married,Adm-clerical,Unmarried,Asian-Pac-Islander,Female,2946,0,55,Philippines,0,0.03903096782612745,0,5,0.8
46,,143582,HS-grad,9,Married-spouse-absent,,Not-in-family,Asian-Pac-Islander,Female,9731,0,52,Taiwan,0,0.9978202870321015,1,5,0.8
35,Private,260617,10th,6,Never-married,Craft-repair,Not-in-family,White,Male,8508,0,55,United-States,0,0.9977005845145531,1,5,0.8
32,Private,205581,Some-college,10,Separated,Tech-support,Unmarried,White,Female,0,0,50,United-States,0,0.21361120199924136,0,5,0.8
24,Private,542762,Bachelors,13,Never-married,Sales,Other-relative,Black,Male,0,0,50,United-States,0,0.028700819803773387,0,5,0.8
32,Private,305446,HS-grad,9,Never-married,Other-service,Own-child,White,Male,8812,0,45,United-States,0,0.9935509051445875,1,5,0.8
32,Private,331539,HS-grad,9,Never-married,Craft-repair,Not-in-family,Other,Male,0,0,40,United-States,0,0.039758372464147776,0,5,0.8
63,Local-gov,146181,9th,5,Married-civ-spouse,Transport-moving,Husband,Black,Male,303,0,55,United-States,0,0.02365914482978403,0,5,0.8
40,Self-emp-inc,153291,HS-grad,9,Never-married,Adm-clerical,Own-child,White,Female,14865,0,50,United-States,0,0.9963397776425669,1,5,0.8
32,Private,340917,Masters,14,Married-civ-spouse,Prof-specialty,Husband,White,Male,0,1848,60,,1,0.978350747823476,1,5,0.8
69,Private,335605,Some-college,10,Married-civ-spouse,Prof-specialty,Husband,White,Male,4277,0,55,United-States,1,0.9545940580173143,1,5,0.8
87,,260543,10th,6,Widowed,,Other-relative,Asian-Pac-Islander,Female,11066,0,16,China,0,0.9718165205660194,1,5,0.8
55,Local-gov,231964,Some-college,10,Divorced,Adm-clerical,Unmarried,White,Female,11472,0,55,United-States,0,0.99788823525927,1,5,0.8
57,Private,330535,HS-grad,9,Never-married,Adm-clerical,Not-in-family,White,Male,10334,0,55,United-States,0,0.9912911431094921,1,5,0.8
58,Private,295566,Doctorate,16,Divorced,Prof-specialty,Unmarried,White,Female,32136,0,80,United-States,1,0.9965762930869815,1,5,0.8
69,State-gov,399246,Bachelors,13,Married-civ-spouse,Adm-clerical,Husband,Asian-Pac-Islander,Male,4104,1485,55,China,0,0.20651327370944622,0,5,0.8
31,Private,170720,12th,8,Never-married,Other-service,Own-child,White,Male,5969,0,31,United-States,0,0.04952303985734705,0,5,0.8
40,Private,141537,10th,6,Divorced,Machine-op-inspct,Not-in-family,Black,Female,0,0,40,United-States,0,0.007645117992248891,0,5,0.8
48,Private,398931,HS-grad,9,Divorced,Craft-repair,Not-in-family,White,Male,7547,0,55,United-States,0,0.9005921704367333,1,5,0.8
24,Private,143436,Some-college,10,Never-married,Handlers-cleaners,Own-child,White,Male,0,0,24,United-States,0,0.004544883149045009,0,5,0.8
55,Federal-gov,183608,HS-grad,9,Divorced,Adm-clerical,Not-in-family,Black,Female,11251,0,55,United-States,0,0.9986614045882004,1,5,0.8
70,,167358,9th,5,Widowed,,Unmarried,White,Female,1111,0,15,United-States,0,0.0015881403196309884,0,5,0.8
76,Self-emp-not-inc,217380,Prof-school,15,Divorced,Prof-specialty,Not-in-family,White,Male,4639,2559,75,United-States,1,0.5840431432219014,0,5,0.8
32,,301408,Some-college,10,Never-married,,Own-child,White,Female,774,1602,45,United-States,0,0.0037395242865089916,0,5,0.8
18,Private,188076,11th,7,Never-married,Other-service,Own-child,White,Female,0,0,20,United-States,0,0.0005715038306895334,0,5,0.8
34,Private,221480,HS-grad,9,Never-married,Adm-clerical,Own-child,White,Female,167,0,55,United-States,0,0.0075940074857733025,0,5,0.8
31,Private,87402,Some-college,10,Never-married,Craft-repair,Not-in-family,White,Male,5090,0,55,United-States,0,0.22230557854777508,0,5,0.8
52,Self-emp-not-inc,57233,Assoc-voc,11,Married-civ-spouse,Exec-managerial,Husband,White,Male,8354,0,55,United-States,1,0.9985004658470461,1,5,0.8
36,Private,117381,HS-grad,9,Married-civ-spouse,Machine-op-inspct,Husband,White,Male,0,0,40,United-States,0,0.48947802197237383,0,5,0.8
48,Private,290861,11th,7,Married-spouse-absent,Craft-repair,Not-in-family,Black,Male,4719,0,55,United-States,0,0.9543533861688643,1,5,0.8
17,Private,721712,10th,6,Never-married,Other-service,Own-child,White,Male,0,0,15,United-States,0,0.0008816190515074653,0,5,0.8
65,Private,226135,9th,5,Never-married,Craft-repair,Not-in-family,Black,Male,13932,0,55,Jamaica,0,0.9960185421907681,1,5,0.8
63,Local-gov,205100,Masters,14,Married-civ-spouse,Prof-specialty,Wife,White,Female,5900,0,47,United-States,1,0.9899262180451988,1,5,0.8
40,Private,115677,Assoc-acdm,12,Never-married,Adm-clerical,Own-child,White,Male,2799,0,47,United-States,0,0.016585050260341638,0,5,0.8
33,,34443,Some-college,10,Never-married,,Own-child,White,Male,10130,0,65,United-States,0,0.9932738491375698,1,5,0.8
47,Federal-gov,39207,HS-grad,9,Never-married,Adm-clerical,Not-in-family,White,Male,9977,0,55,United-States,0,0.9985174840508576,1,5,0.8
45,Private,137310,HS-grad,9,Never-married,Machine-op-inspct,Own-child,White,Female,4489,0,55,,0,0.03930665501336893,0,5,0.8
19,Private,299050,Some-college,10,Never-married,Adm-clerical,Own-child,White,Male,0,0,20,United-States,0,0.0011540004048738292,0,5,0.8
31,State-gov,156294,Some-college,10,Never-married,Prof-specialty,Own-child,White,Male,6156,0,40,United-States,0,0.11040179150807401,0,5,0.8
33,Private,77572,HS-grad,9,Never-married,Handlers-cleaners,Not-in-family,Asian-Pac-Islander,Female,11958,0,49,South,0,0.9969157621247516,1,5,0.8
39,Private,126349,Some-college,10,Never-married,Sales,Not-in-family,White,Male,11992,0,64,United-States,0,0.9987124441976877,1,5,0.8
43,Private,36222,HS-grad,9,Separated,Handlers-cleaners,Not-in-family,White,Male,7413,0,80,United-States,0,0.6973739282990934,1,5,0.8
35,State-gov,209744,HS-grad,9,Never-married,Adm-clerical,Not-in-family,White,Male,8003,0,53,United-States,0,0.8911587402464098,1,5,0.8
39,Private,430710,HS-grad,9,Separated,Sales,Own-child,White,Male,7766,0,55,United-States,0,0.9282746029054674,1,5,0.8
20,,147031,Some-college,10,Never-married,,Own-child,White,Male,0,0,15,United-States,0,0.001686043403663036,0,5,0.8
52,Private,60594,Some-college,10,Divorced,Other-service,Unmarried,White,Female,12772,0,45,United-States,0,0.9978302509200901,1,5,0.8
41,Private,103111,HS-grad,9,Never-married,Other-service,Own-child,White,Male,11295,0,45,Canada,0,0.9969509789481157,1,5,0.8
57,Private,153918,HS-grad,9,Married-civ-spouse,Transport-moving,Husband,White,Male,0,0,40,United-States,0,0.6818151678584817,1,5,0.8
32,Private,130840,HS-grad,9,Never-married,Craft-repair,Own-child,White,Male,5759,0,35,United-States,0,0.05203418051405893,0,5,0.8
45,Self-emp-inc,213897,Masters,14,Married-civ-spouse,Sales,Husband,Asian-Pac-Islander,Male,0,1902,40,Hong,1,0.9915621466192297,1,5,0.8
90,Private,148623,Prof-school,15,Married-civ-spouse,Prof-specialty,Husband,White,Male,13672,0,50,United-States,1,0.9952628774539414,1,5,0.8
39,Self-emp-not-inc,87745,Assoc-voc,11,Married-civ-spouse,Farming-fishing,Husband,White,Male,11426,0,85,United-States,0,0.9970184476899767,1,5,0.8
33,Private,188467,HS-grad,9,Never-married,Farming-fishing,Not-in-family,White,Male,0,0,40,United-States,0,0.031439444444717676,0,5,0.8
39,Private,77146,Some-college,10,Married-civ-spouse,Sales,Husband,White,Male,0,0,55,United-States,1,0.7529866496735812,1,5,0.8
62,Self-emp-not-inc,171315,Bachelors,13,Married-civ-spouse,Prof-specialty,Husband,White,Male,0,0,60,United-States,1,0.840422401321573,1,5,0.8
81,Federal-gov,143849,11th,7,Widowed,Adm-clerical,Not-in-family,White,Female,8742,0,35,United-States,0,0.9925698575521039,1,5,0.8
39,State-gov,112812,HS-grad,9,Married-civ-spouse,Protective-serv,Other-relative,White,Female,0,0,40,United-States,0,0.1579125596312948,0,5,0.8
28,Self-emp-not-inc,195607,HS-grad,9,Married-civ-spouse,Sales,Wife,White,Female,0,0,40,United-States,0,0.35357956984240685,0,5,0.8
43,Local-gov,168906,Assoc-acdm,12,Married-civ-spouse,Adm-clerical,Wife,White,Female,11097,0,50,United-States,0,0.9991793812949964,1,5,0.8
57,Private,207955,5th-6th,3,Married-spouse-absent,Other-service,Not-in-family,White,Male,5054,0,55,Ecuador,0,0.26573874316061263,0,5,0.8
46,Private,100882,Bachelors,13,Married-civ-spouse,Sales,Husband,White,Male,6054,0,62,United-States,1,0.99244489566034,1,5,0.8
53,Private,146908,Doctorate,16,Married-civ-spouse,Prof-specialty,Husband,White,Male,963,0,75,United-States,1,0.4231935031363931,0,5,0.8
48,Private,129357,Some-college,10,Divorced,Adm-clerical,Unmarried,White,Female,13532,0,55,United-States,0,0.9944922264795298,1,5,0.8
63,Self-emp-inc,119570,Bachelors,13,Married-civ-spouse,Craft-repair,Husband,White,Male,3282,0,65,United-States,0,0.11454623009265884,0,5,0.8
41,Self-emp-inc,446724,Bachelors,13,Married-civ-spouse,Exec-managerial,Husband,White,Male,6552,0,50,United-States,0,0.994447652984179,1,5,0.8
70,Private,111169,HS-grad,9,Divorced,Adm-clerical,Not-in-family,White,Female,12246,0,55,United-States,0,0.9964076832571477,1,5,0.8
49,Private,103121,Bachelors,13,Married-civ-spouse,Exec-managerial,Wife,White,Female,8571,1848,55,United-States,1,0.9993807254271881,1,5,0.8
46,Private,263307,Bachelors,13,Never-married,Sales,Unmarried,Black,Male,3337,0,60,,0,0.05540293708759996,0,5,0.8
48,,342480,11th,7,Never-married,,Not-in-family,Black,Male,10002,0,55,United-States,0,0.9982461099115068,1,5,0.8
61,Self-emp-inc,330874,Some-college,10,Married-civ-spouse,Sales,Husband,White,Male,13098,0,85,United-States,1,0.9878918437873662,1,5,0.8
51,Private,278403,HS-grad,9,Married-civ-spouse,Transport-moving,Husband,White,Male,8158,0,80,United-States,0,0.9981346707215061,1,5,0.8
35,Private,120601,Assoc-voc,11,Married-civ-spouse,Craft-repair,Husband,Black,Male,10040,0,55,United-States,0,0.9981117168723078,1,5,0.8
39,Private,116372,Masters,14,Never-married,Exec-managerial,Not-in-family,White,Female,11266,0,55,United-States,0,0.9988905508357973,1,5,0.8
43,Private,168071,HS-grad,9,Married-civ-spouse,Exec-managerial,Husband,White,Male,0,0,44,United-States,0,0.8267278177147268,1,5,0.8
37,Private,323139,Bachelors,13,Never-married,Handlers-cleaners,Own-child,White,Male,9762,0,50,United-States,0,0.9960881540614585,1,5,0.8
90,,256514,Bachelors,13,Widowed,,Other-relative,White,Female,10312,0,25,United-States,0,0.9772872337980408,1,5,0.8
40,Private,228346,Bachelors,13,Married-civ-spouse,Exec-managerial,Husband,White,Male,9093,0,65,United-States,0,0.9987699420719229,1,5,0.8
50,Local-gov,193026,HS-grad,9,Married-civ-spouse,Craft-repair,Husband,White,Male,14579,0,65,United-States,1,0.9988565906983082,1,5,0.8
49,Self-emp-not-inc,284616,Some-college,10,Never-married,Sales,Own-child,White,Male,7835,0,63,United-States,0,0.9674485842023861,1,5,0.8
57,Self-emp-not-inc,47857,Some-college,10,Married-civ-spouse,Farming-fishing,Husband,White,Male,0,0,50,United-States,0,0.41925969137296876,0,5,0.8
50,Private,172538,Bachelors,13,Married-civ-spouse,Exec-managerial,Husband,White,Male,23469,0,65,United-States,1,0.999225211043009,1,5,0.8
75,Self-emp-inc,215833,HS-grad,9,Married-civ-spouse,Exec-managerial,Husband,White,Male,8526,0,55,United-States,1,0.9866112300060694,1,5,0.8
39,Private,249382,HS-grad,9,Divorced,Other-service,Unmarried,Black,Female,1754,0,55,United-States,0,0.007411291011900043,0,5,0.8
44,Private,192225,Bachelors,13,Married-civ-spouse,Exec-managerial,Husband,White,Male,0,0,40,United-States,1,0.8968223692447276,1,5,0.8
58,Private,130364,HS-grad,9,Never-married,Craft-repair,Unmarried,White,Male,10331,0,55,United-States,0,0.9898188331138902,1,5,0.8
43,Private,119033,HS-grad,9,Never-married,Handlers-cleaners,Own-child,White,Male,5911,0,65,United-States,0,0.09978043268785024,0,5,0.8
58,Private,314153,HS-grad,9,Married-civ-spouse,Craft-repair,Husband,White,Male,0,0,40,United-States,1,0.6478978340060025,1,5,0.8
57,Private,179048,12th,8,Married-civ-spouse,Adm-clerical,Husband,White,Male,8914,0,50,,1,0.9985003406719938,1,5,0.8
34,Private,184543,Some-college,10,Divorced,Adm-clerical,Unmarried,White,Female,10632,0,55,United-States,0,0.9941473582247173,1,5,0.8
30,Private,236861,HS-grad,9,Never-married,Exec-managerial,Not-in-family,White,Male,0,1876,45,United-States,0,0.035318196992079505,0,5,0.8
44,Private,215912,HS-grad,9,Married-civ-spouse,Other-service,Wife,Black,Female,2615,0,55,United-States,0,0.03407164482538888,0,5,0.8
72,Private,81578,9th,5,Married-civ-spouse,Sales,Husband,White,Male,7107,0,55,United-States,0,0.9872996454143053,1,5,0.8
33,Private,195532,HS-grad,9,Never-married,Adm-clerical,Unmarried,White,Female,8325,0,55,United-States,0,0.988662833534355,1,5,0.8
46,Private,331126,HS-grad,9,Never-married,Other-service,Unmarried,Black,Male,1403,0,45,United-States,0,0.008947140346453886,0,5,0.8
36,Private,86065,HS-grad,9,Never-married,Transport-moving,Unmarried,White,Female,10010,0,55,Mexico,0,0.9871907640353398,1,5,0.8
59,Private,125120,Bachelors,13,Divorced,Craft-repair,Not-in-family,White,Female,3488,0,65,United-States,0,0.035565885826257596,0,5,0.8
44,,377017,Assoc-acdm,12,Never-married,,Own-child,White,Male,8894,0,55,United-States,0,0.9968563710798288,1,5,0.8
73,Self-emp-inc,98350,Doctorate,16,Married-civ-spouse,Exec-managerial,Husband,Asian-Pac-Islander,Male,6768,0,55,Taiwan,1,0.9431619323239058,1,5,0.8
74,Private,118696,HS-grad,9,Married-civ-spouse,Craft-repair,Husband,White,Male,8438,0,55,United-States,0,0.966835183667327,1,5,0.8
51,Private,75891,Bachelors,13,Divorced,Tech-support,Unmarried,White,Female,10676,0,55,United-States,0,0.9978967931778594,1,5,0.8
46,Private,201874,HS-grad,9,Married-civ-spouse,Exec-managerial,Husband,White,Male,5575,0,55,United-States,0,0.9933606456547212,1,5,0.8
20,Private,151780,Assoc-voc,11,Never-married,Sales,Not-in-family,Black,Female,0,0,35,United-States,0,0.0034614650472081726,0,5,0.8
49,Private,104359,Some-college,10,Married-civ-spouse,Handlers-cleaners,Husband,White,Male,12121,0,55,United-States,0,0.9985785227067379,1,5,0.8
55,Self-emp-not-inc,336763,Some-college,10,Divorced,Sales,Unmarried,White,Female,14422,880,57,United-States,0,0.9946154853768913,1,5,0.8
38,Local-gov,117833,Bachelors,13,Never-married,Prof-specialty,Not-in-family,White,Female,8837,0,50,United-States,0,0.9975444649403157,1,5,0.8
51,Private,548510,Bachelors,13,Married-civ-spouse,Prof-specialty,Husband,Black,Male,5863,0,45,United-States,0,0.9930369179062484,1,5,0.8
46,Private,191834,HS-grad,9,Married-civ-spouse,Transport-moving,Husband,White,Male,13835,0,55,United-States,0,0.9990687906692003,1,5,0.8
42,Private,187560,Bachelors,13,Never-married,Sales,Not-in-family,White,Male,10112,0,55,United-States,0,0.9984380757372087,1,5,0.8
33,Private,122322,Some-college,10,Never-married,Other-service,Own-child,White,Female,10476,0,75,United-States,0,0.9933044390801518,1,5,0.8
66,Private,302146,HS-grad,9,Separated,Other-service,Unmarried,Black,Female,12444,0,35,United-States,0,0.9940750231487752,1,5,0.8
44,Private,227466,Some-college,10,Married-civ-spouse,Transport-moving,Husband,Black,Male,0,0,40,United-States,1,0.6684366948988896,1,5,0.8
64,Private,229375,HS-grad,9,Divorced,Adm-clerical,Not-in-family,White,Female,8234,0,55,United-States,0,0.8888966979591002,1,5,0.8
32,Private,40142,Bachelors,13,Married-civ-spouse,Exec-managerial,Husband,White,Male,0,0,40,United-States,1,0.828537574080431,1,5,0.8
54,Private,104973,HS-grad,9,Married-civ-spouse,Craft-repair,Husband,White,Male,11804,0,55,United-States,0,0.9990400894547995,1,5,0.8
46,Private,339142,HS-grad,9,Separated,Handlers-cleaners,Unmarried,White,Female,2529,0,55,United-States,0,0.016439318350957847,0,5,0.8
57,Private,306889,Bachelors,13,Married-civ-spouse,Exec-managerial,Wife,White,Female,371,0,55,United-States,1,0.3127016675393068,0,5,0.8
52,Private,195892,Some-college,10,Divorced,Transport-moving,Not-in-family,Black,Female,1295,0,55,United-States,0,0.021824626712425486,0,5,0.8
67,Private,123515,HS-grad,9,Divorced,Adm-clerical,Not-in-family,White,Female,11112,0,55,United-States,0,0.9964302982580057,1,5,0.8
73,,139391,Some-college,10,Married-civ-spouse,,Husband,White,Male,99999,0,45,United-States,1,0.9879920183393609,1,5,0.8
37,Self-emp-inc,257295,Some-college,10,Married-civ-spouse,Exec-managerial,Husband,Asian-Pac-Islander,Male,0,0,75,Thailand,1,0.8932607548816981,1,5,0.8
53,Private,171234,Some-college,10,Never-married,Machine-op-inspct,Not-in-family,White,Female,10071,0,63,United-States,0,0.9920575640979499,1,5,0.8
41,Private,206351,10th,6,Married-civ-spouse,Craft-repair,Husband,White,Male,13963,0,55,United-States,0,0.9989227200015439,1,5,0.8
52,Private,163434,Some-college,10,Married-civ-spouse,Handlers-cleaners,Husband,White,Male,8042,0,55,United-States,0,0.9985707772902598,1,5,0.8
62,Private,201882,Masters,14,Married-civ-spouse,Machine-op-inspct,Husband,White,Male,10650,0,45,United-States,0,0.9911966603113986,1,5,0.8
61,Self-emp-not-inc,47086,Bachelors,13,Widowed,Sales,Unmarried,White,Female,315,0,55,United-States,0,0.025853544148870113,0,5,0.8
36,Private,117767,Assoc-acdm,12,Never-married,Sales,Own-child,White,Male,8152,0,35,United-States,0,0.9163804672534063,1,5,0.8
50,Private,31848,Assoc-voc,11,Married-civ-spouse,Craft-repair,Husband,White,Male,14,0,55,United-States,1,0.12269028491810584,0,5,0.8
51,Private,186183,HS-grad,9,Married-civ-spouse,Craft-repair,Husband,White,Male,11301,0,55,United-States,1,0.9990702236408587,1,5,0.8
50,Private,31033,Bachelors,13,Married-civ-spouse,Sales,Husband,White,Male,9155,0,55,United-States,1,0.998538654758334,1,5,0.8
64,Private,163776,HS-grad,9,Married-civ-spouse,Sales,Husband,White,Male,402,1902,75,United-States,1,0.8571336539598121,1,5,0.8
43,Private,139277,HS-grad,9,Widowed,Craft-repair,Unmarried,White,Female,0,0,40,Italy,0,0.08496248146761344,0,5,0.8
46,Private,248795,HS-grad,9,Never-married,Machine-op-inspct,Not-in-family,White,Female,12294,0,60,United-States,0,0.9978506780780018,1,5,0.8
25,State-gov,257064,Some-college,10,Married-civ-spouse,Adm-clerical,Husband,Black,Male,0,0,38,United-States,0,0.32804880511279455,0,5,0.8
51,Private,99452,Bachelors,13,Married-civ-spouse,Prof-specialty,Husband,White,Male,10600,0,65,United-States,1,0.9990474264889065,1,5,0.8
45,Private,255334,Bachelors,13,Married-civ-spouse,Prof-specialty,Husband,White,Male,2747,0,40,United-States,1,0.2769070976791512,0,5,0.8
46,Private,32528,Assoc-voc,11,Married-spouse-absent,Adm-clerical,Unmarried,White,Female,10606,974,55,United-States,0,0.9805083911677627,1,5,0.8
44,Private,100135,Some-college,10,Never-married,Other-service,Own-child,White,Female,1589,0,30,United-States,0,0.0023118805581559434,0,5,0.8
74,Private,176839,Bachelors,13,Married-civ-spouse,Tech-support,Husband,White,Male,13509,0,53,United-States,0,0.9926163295158823,1,5,0.8
66,State-gov,55861,Assoc-acdm,12,Divorced,Adm-clerical,Not-in-family,White,Male,2975,0,54,United-States,0,0.01645521321181659,0,5,0.8
37,Private,69413,Some-college,10,Never-married,Sales,Own-child,White,Female,328,0,55,United-States,0,0.011389758198109258,0,5,0.8
41,Private,221366,Bachelors,13,Married-civ-spouse,Prof-specialty,Husband,White,Male,6893,0,55,Germany,0,0.9722652903271921,1,5,0.8
41,State-gov,47170,Bachelors,13,Married-civ-spouse,Prof-specialty,Wife,Amer-Indian-Eskimo,Female,0,0,48,United-States,1,0.8200087737961609,1,5,0.8
32,Private,200153,HS-grad,9,Never-married,Other-service,Own-child,White,Female,12459,0,53,United-States,0,0.9959527759778418,1,5,0.8
33,Private,309348,Some-college,10,Never-married,Other-service,Not-in-family,White,Female,9198,0,33,United-States,0,0.9952902665480963,1,5,0.8
44,Private,162572,Masters,14,Married-civ-spouse,Exec-managerial,Husband,White,Male,5299,1977,63,United-States,1,0.9986408382700772,1,5,0.8
46,Private,185480,Assoc-acdm,12,Never-married,Adm-clerical,Own-child,White,Female,4168,0,55,United-States,0,0.022995695148475943,0,5,0.8
80,Local-gov,159643,HS-grad,9,Married-civ-spouse,Adm-clerical,Husband,White,Male,2489,0,30,United-States,0,0.008329195296858171,0,5,0.8
74,Private,81534,Some-college,10,Married-civ-spouse,Sales,Husband,Asian-Pac-Islander,Male,8445,0,55,United-States,1,0.9872826240653252,1,5,0.8
36,Private,95552,HS-grad,9,Never-married,Handlers-cleaners,Not-in-family,White,Male,12016,0,55,United-States,0,0.9983165914441965,1,5,0.8
31,Self-emp-not-inc,389765,7th-8th,4,Married-civ-spouse,Prof-specialty,Husband,White,Male,0,0,60,United-States,0,0.43943266075883153,0,5,0.8
45,Private,207201,HS-grad,9,Married-civ-spouse,Machine-op-inspct,Husband,White,Male,5182,0,70,United-States,1,0.9901714914622897,1,5,0.8
60,Self-emp-inc,26145,10th,6,Married-civ-spouse,Farming-fishing,Husband,White,Male,8846,0,95,United-States,0,0.9982656167637377,1,5,0.8
30,Private,89760,12th,8,Never-married,Other-service,Own-child,White,Female,4162,0,35,United-States,0,0.001401658850155027,0,5,0.8
53,State-gov,253250,Bachelors,13,Married-civ-spouse,Exec-managerial,Husband,White,Male,11017,0,55,United-States,1,0.9991980251177021,1,5,0.8
19,,302229,HS-grad,9,Never-married,,Own-child,Black,Male,0,0,10,United-States,0,0.0015638878257558217,0,5,0.8
39,Private,241998,HS-grad,9,Never-married,Craft-repair,Not-in-family,White,Male,0,0,40,United-States,0,0.08321299168662499,0,5,0.8
49,Private,174150,Masters,14,Married-civ-spouse,Exec-managerial,Husband,White,Male,2238,0,55,United-States,1,0.41335674142768825,0,5,0.8
64,,188431,HS-grad,9,Married-civ-spouse,,Husband,White,Male,1225,0,60,United-States,0,0.08389638613846173,0,5,0.8
33,Private,105997,HS-grad,9,Never-married,Other-service,Other-relative,White,Female,6573,0,35,United-States,0,0.023645238322135317,0,5,0.8
45,,173998,HS-grad,9,Married-civ-spouse,,Wife,White,Female,3671,1485,53,United-States,0,0.09670286319736204,0,5,0.8
42,Private,53373,Bachelors,13,Married-civ-spouse,Adm-clerical,Husband,White,Male,6978,0,55,United-States,1,0.9588051315626709,1,5,0.8
86,,89667,Bachelors,13,Widowed,,Not-in-family,Other,Female,5402,0,50,United-States,0,0.23509959243077924,0,5,0.8
43,State-gov,176998,Some-college,10,Married-civ-spouse,Craft-repair,Husband,White,Male,7684,0,50,United-States,1,0.9986100124663756,1,5,0.8
34,Private,271933,Bachelors,13,Never-married,Exec-managerial,Other-relative,White,Female,0,1741,45,United-States,0,0.027467648217655266,0,5,0.8
56,Private,83827,HS-grad,9,Divorced,Exec-managerial,Not-in-family,White,Female,10643,0,65,United-States,0,0.9980084761418587,1,5,0.8
65,Private,139522,HS-grad,9,Married-civ-spouse,Other-service,Wife,White,Female,10711,1573,55,Italy,0,0.9383625325384324,1,5,0.8
50,Private,230858,Masters,14,Married-civ-spouse,Sales,Husband,White,Male,0,0,50,United-States,1,0.9040938672230915,1,5,0.8
48,Private,219565,HS-grad,9,Married-civ-spouse,Craft-repair,Husband,White,Male,0,0,40,United-States,0,0.6690388850606425,1,5,0.8
34,Private,151790,Some-college,10,Married-civ-spouse,Sales,Wife,White,Female,3425,0,45,Germany,0,0.05486333850133306,0,5,0.8
64,Private,270142,Assoc-voc,11,Separated,Exec-managerial,Unmarried,Black,Female,11086,0,75,United-States,0,0.9948810275451209,1,5,0.8
42,Local-gov,364310,Bachelors,13,Never-married,Prof-specialty,Not-in-family,Black,Female,10741,0,55,Germany,0,0.9982121188644478,1,5,0.8
46,Private,113708,12th,8,Married-civ-spouse,Craft-repair,Husband,White,Male,9131,0,74,United-States,1,0.9984829641585197,1,5,0.8
45,Private,208881,Assoc-acdm,12,Married-civ-spouse,Machine-op-inspct,Husband,White,Male,13572,0,75,United-States,1,0.9991038761675933,1,5,0.8
71,Private,231377,Some-college,10,Married-civ-spouse,Exec-managerial,Husband,White,Male,11498,1848,60,United-States,1,0.9957609279391244,1,5,0.8
43,Private,112115,HS-grad,9,Never-married,Adm-clerical,Own-child,White,Male,12087,0,55,United-States,0,0.9973217246243447,1,5,0.8
34,Private,199426,Some-college,10,Never-married,Sales,Not-in-family,White,Female,13708,0,32,United-States,0,0.9977485036879093,1,5,0.8
75,Self-emp-not-inc,168048,Prof-school,15,Married-civ-spouse,Prof-specialty,Husband,White,Male,10302,0,45,United-States,0,0.9438351613028861,1,5,0.8
48,Self-emp-not-inc,112497,Prof-school,15,Divorced,Prof-specialty,Unmarried,White,Male,36392,0,55,United-States,1,0.9929022831068657,1,5,0.8
48,Private,158592,11th,7,Married-civ-spouse,Craft-repair,Husband,White,Male,3619,0,65,United-States,0,0.03786342092881051,0,5,0.8
30,Private,256005,HS-grad,9,Never-married,Other-service,Own-child,White,Male,10112,0,55,United-States,0,0.9925247461750065,1,5,0.8
54,Private,54102,Some-college,10,Divorced,Adm-clerical,Unmarried,White,Female,13839,0,55,United-States,0,0.9978443702042319,1,5,0.8
53,Self-emp-not-inc,219869,Some-college,10,Widowed,Farming-fishing,Unmarried,White,Male,14023,0,55,United-States,0,0.9944085261381532,1,5,0.8
55,Private,196158,Some-college,10,Divorced,Adm-clerical,Unmarried,White,Female,853,0,53,United-States,0,0.011783884812489504,0,5,0.8
82,Private,206232,10th,6,Married-civ-spouse,Machine-op-inspct,Husband,White,Male,6469,0,65,United-States,0,0.9798720305843731,1,5,0.8
77,Private,350498,Bachelors,13,Married-civ-spouse,Adm-clerical,Husband,White,Male,24725,0,35,United-States,1,0.986190063335143,1,5,0.8
47,Private,197365,HS-grad,9,Married-civ-spouse,Farming-fishing,Husband,White,Male,1811,0,55,United-States,0,0.04506012330548158,0,5,0.8
37,Private,190107,Bachelors,13,Never-married,Prof-specialty,Not-in-family,White,Male,6302,0,50,United-States,0,0.17582479037302984,0,5,0.8
44,Private,79586,Bachelors,13,Married-civ-spouse,Exec-managerial,Husband,Asian-Pac-Islander,Male,10200,0,55,Philippines,1,0.9991711552673408,1,5,0.8
27,Private,208703,HS-grad,9,Never-married,Protective-serv,Own-child,White,Male,0,0,40,Japan,0,0.01827420244370378,0,5,0.8
28,Private,161087,Some-college,10,Never-married,Exec-managerial,Not-in-family,Black,Female,0,0,45,Jamaica,0,0.07624270535583733,0,5,0.8
69,Private,160275,HS-grad,9,Divorced,Craft-repair,Not-in-family,White,Male,8729,0,55,United-States,0,0.9949502570530201,1,5,0.8
62,Private,175029,HS-grad,9,Married-civ-spouse,Handlers-cleaners,Husband,White,Male,12500,0,55,United-States,1,0.9790622419796289,1,5,0.8
42,Local-gov,264936,Bachelors,13,Separated,Prof-specialty,Unmarried,White,Female,12225,0,55,United-States,0,0.9928908222856633,1,5,0.8
50,Private,107265,HS-grad,9,Married-civ-spouse,Transport-moving,Husband,White,Male,0,0,50,United-States,1,0.7095732864807791,1,5,0.8
46,Private,176117,Some-college,10,Never-married,Sales,Own-child,Black,Female,4173,0,50,United-States,0,0.018768993920845505,0,5,0.8
39,State-gov,194773,Masters,14,Never-married,Prof-specialty,Not-in-family,White,Female,7026,0,65,Germany,0,0.04890940837740168,0,5,0.8
47,Self-emp-not-inc,198841,Prof-school,15,Married-civ-spouse,Prof-specialty,Husband,White,Male,10784,0,65,United-States,1,0.9992975927418312,1,5,0.8
25,Private,299908,Some-college,10,Married-civ-spouse,Exec-managerial,Wife,Black,Female,0,0,40,United-States,1,0.3900885689302887,0,5,0.8
40,Local-gov,191088,Bachelors,13,Divorced,Prof-specialty,Not-in-family,White,Female,16274,0,75,United-States,0,0.9984192655300141,1,5,0.8
69,Self-emp-not-inc,57071,Some-college,10,Married-civ-spouse,Craft-repair,Husband,White,Male,5859,0,55,United-States,0,0.97723942855772,1,5,0.8
41,Private,82778,1st-4th,2,Married-civ-spouse,Farming-fishing,Husband,White,Male,0,0,40,Mexico,0,0.02049886985447757,0,5,0.8
42,Private,195750,HS-grad,9,Never-married,Handlers-cleaners,Own-child,White,Male,12913,0,42,United-States,0,0.9950350777829852,1,5,0.8
62,Private,138193,Bachelors,13,Divorced,Prof-specialty,Other-relative,White,Female,6966,0,65,United-States,1,0.05810292374745947,0,5,0.8
65,Local-gov,200190,Masters,14,Married-civ-spouse,Prof-specialty,Husband,White,Male,12756,1977,70,United-States,1,0.9969253776052188,1,6,1.0
47,Private,85799,HS-grad,9,Divorced,Adm-clerical,Not-in-family,White,Female,12085,0,55,United-States,0,0.9980495279540517,1,6,1.0
38,,296372,HS-grad,9,Divorced,,Own-child,White,Female,11721,0,55,United-States,0,0.9948872775453385,1,6,1.0
51,Private,259716,HS-grad,9,Divorced,Machine-op-inspct,Unmarried,White,Female,9803,0,55,Mexico,0,0.9937404558034322,1,6,1.0
49,Private,190964,HS-grad,9,Separated,Exec-managerial,Own-child,White,Male,2147,0,55,United-States,0,0.023879862590594866,0,6,1.0
52,Private,112247,Bachelors,13,Never-married,Exec-managerial,Not-in-family,White,Female,430,0,65,United-States,0,0.07279306718752056,0,6,1.0
82,,167358,9th,5,Widowed,,Unmarried,White,Female,8408,0,30,United-States,0,0.9861894231259779,1,6,1.0
41,Private,130045,7th-8th,4,Married-civ-spouse,Other-service,Wife,White,Female,4116,0,55,United-States,0,0.02787034665531921,0,6,1.0
75,,424591,HS-grad,9,Married-civ-spouse,,Husband,White,Male,13729,0,55,United-States,0,0.9884326440816638,1,6,1.0
29,Local-gov,39815,10th,6,Never-married,Other-service,Own-child,White,Female,12093,0,40,United-States,0,0.9904423700846942,1,6,1.0
44,Self-emp-inc,204470,Some-college,10,Married-civ-spouse,Sales,Husband,White,Male,14430,0,99,United-States,1,0.9987303198102249,1,6,1.0
67,Private,121912,Some-college,10,Married-civ-spouse,Transport-moving,Husband,White,Male,11646,0,39,United-States,1,0.9827794981583527,1,6,1.0
30,Private,118847,12th,8,Never-married,Sales,Own-child,White,Female,13615,0,35,United-States,0,0.9951762819318137,1,6,1.0
58,Private,563883,HS-grad,9,Married-civ-spouse,Craft-repair,Husband,Black,Male,8533,0,75,United-States,1,0.9986059663846066,1,6,1.0
49,Private,148581,HS-grad,9,Married-civ-spouse,Transport-moving,Husband,White,Male,6044,0,65,United-States,1,0.992369253681701,1,6,1.0
42,Private,297155,Some-college,10,Divorced,Adm-clerical,Unmarried,Black,Female,4907,0,55,United-States,0,0.5196442068317527,0,6,1.0
29,Private,136363,10th,6,Never-married,Other-service,Own-child,White,Male,7987,0,35,United-States,0,0.8630791269909385,1,6,1.0
59,Private,193047,Doctorate,16,Married-civ-spouse,Exec-managerial,Husband,White,Male,99999,0,65,United-States,1,0.9984963697690543,1,6,1.0
44,Private,206365,HS-grad,9,Never-married,Other-service,Not-in-family,Black,Female,10762,0,55,United-States,0,0.9984753941638077,1,6,1.0
77,,200749,HS-grad,9,Married-civ-spouse,,Husband,White,Male,14216,0,40,United-States,0,0.9818924458224121,1,6,1.0
56,Private,212888,Bachelors,13,Divorced,Exec-managerial,Unmarried,White,Female,8207,0,60,United-States,0,0.9831168728867864,1,6,1.0
32,Private,105244,Some-college,10,Never-married,Handlers-cleaners,Not-in-family,White,Male,9839,0,65,United-States,0,0.9962790691485183,1,6,1.0
66,Self-emp-inc,52565,7th-8th,4,Married-civ-spouse,Transport-moving,Husband,White,Male,10886,0,85,United-States,0,0.9828516554484441,1,6,1.0
56,Private,157217,Assoc-acdm,12,Married-civ-spouse,Prof-specialty,Husband,White,Male,13593,0,55,United-States,1,0.9990695024844989,1,6,1.0
56,Private,96170,7th-8th,4,Married-civ-spouse,Transport-moving,Husband,White,Male,5373,0,35,United-States,0,0.9875258980222624,1,6,1.0
61,Private,332355,HS-grad,9,Married-civ-spouse,Exec-managerial,Husband,White,Male,3459,0,55,United-States,0,0.1552073745078991,0,6,1.0
55,Self-emp-not-inc,145441,Prof-school,15,Married-civ-spouse,Prof-specialty,Husband,White,Male,4848,0,45,United-States,1,0.42897870549621875,0,6,1.0
40,Private,120475,HS-grad,9,Never-married,Craft-repair,Not-in-family,White,Male,3836,0,50,United-States,0,0.015740584730432574,0,6,1.0
55,State-gov,598995,Bachelors,13,Married-civ-spouse,Prof-specialty,Wife,Black,Female,9775,0,55,United-States,1,0.9983018629773676,1,6,1.0
42,Private,53285,HS-grad,9,Married-civ-spouse,Sales,Husband,White,Male,11481,0,67,United-States,1,0.9988792914402689,1,6,1.0
59,Private,191957,Bachelors,13,Married-civ-spouse,Sales,Husband,Black,Male,14918,0,55,United-States,1,0.9988403609003703,1,6,1.0
55,State-gov,242521,HS-grad,9,Married-civ-spouse,Craft-repair,Husband,White,Male,10084,0,55,United-States,0,0.9938000463597515,1,6,1.0
44,State-gov,481096,5th-6th,3,Never-married,Machine-op-inspct,Own-child,White,Female,5926,0,25,United-States,0,0.03506816959819059,0,6,1.0
41,Private,308944,HS-grad,9,Married-spouse-absent,Craft-repair,Not-in-family,White,Male,45,0,55,United-States,0,0.02380747826365474,0,6,1.0
53,Self-emp-not-inc,200574,Prof-school,15,Married-civ-spouse,Prof-specialty,Husband,White,Male,5198,1977,75,United-States,1,0.9985516027789864,1,6,1.0
57,Self-emp-not-inc,149640,Prof-school,15,Never-married,Prof-specialty,Not-in-family,White,Male,11674,0,45,United-States,1,0.998699129407039,1,6,1.0
50,Private,161141,HS-grad,9,Divorced,Transport-moving,Not-in-family,White,Male,12484,0,55,United-States,0,0.9983822941121767,1,6,1.0
31,Private,164339,HS-grad,9,Never-married,Handlers-cleaners,Own-child,White,Male,10468,0,85,United-States,0,0.9915286867677713,1,6,1.0
69,Private,47178,5th-6th,3,Divorced,Other-service,Not-in-family,White,Female,12603,0,55,United-States,0,0.9945857151216534,1,6,1.0
60,Local-gov,118972,10th,6,Married-civ-spouse,Transport-moving,Husband,White,Male,4213,0,55,United-States,0,0.05961893733964316,0,6,1.0
65,Private,196763,Assoc-acdm,12,Never-married,Exec-managerial,Not-in-family,White,Female,10234,0,75,United-States,0,0.9820462904849635,1,6,1.0
51,Private,224466,Some-college,10,Divorced,Craft-repair,Unmarried,Black,Male,7631,0,39,United-States,0,0.9769026939325279,1,6,1.0
42,Private,221043,HS-grad,9,Married-civ-spouse,Craft-repair,Husband,White,Male,613,0,50,United-States,0,0.09001255548810462,0,6,1.0
60,,61985,9th,5,Separated,,Not-in-family,Amer-Indian-Eskimo,Female,8501,0,35,United-States,0,0.9926283154573546,1,6,1.0
84,Self-emp-not-inc,173864,7th-8th,4,Married-civ-spouse,Other-service,Husband,White,Male,9582,0,60,United-States,0,0.9225741862760694,1,6,1.0
43,Federal-gov,144949,Bachelors,13,Married-civ-spouse,Adm-clerical,Husband,White,Male,14540,0,55,United-States,0,0.9992132390048877,1,6,1.0
57,Federal-gov,45891,Some-college,10,Divorced,Adm-clerical,Unmarried,White,Male,5094,0,57,United-States,0,0.3406146978586201,0,6,1.0
49,Private,219546,Assoc-voc,11,Married-civ-spouse,Craft-repair,Husband,White,Male,17925,0,59,United-States,1,0.9990582266290082,1,6,1.0
54,Federal-gov,25240,Assoc-voc,11,Divorced,Prof-specialty,Unmarried,Amer-Indian-Eskimo,Female,13423,0,55,United-States,0,0.9940233436669749,1,6,1.0
51,Self-emp-not-inc,55568,Bachelors,13,Married-civ-spouse,Farming-fishing,Wife,White,Female,8956,0,65,United-States,0,0.9971417314753009,1,6,1.0
44,Private,169589,Assoc-voc,11,Married-civ-spouse,Handlers-cleaners,Husband,White,Male,14440,0,55,United-States,1,0.9989753162537196,1,6,1.0
32,Private,193586,Some-college,10,Never-married,Prof-specialty,Not-in-family,White,Female,11433,0,33,United-States,0,0.9981346623597743,1,6,1.0
50,Private,65624,HS-grad,9,Divorced,Exec-managerial,Not-in-family,White,Male,7742,0,55,United-States,0,0.8960006653042902,1,6,1.0
42,Private,119562,HS-grad,9,Married-civ-spouse,Machine-op-inspct,Husband,White,Male,6792,0,55,United-States,0,0.963406416202998,1,6,1.0
53,Local-gov,231348,Bachelors,13,Married-civ-spouse,Sales,Husband,White,Male,10597,0,55,United-States,0,0.9991412887279653,1,6,1.0
71,Private,162580,HS-grad,9,Never-married,Craft-repair,Other-relative,White,Female,13611,0,50,United-States,0,0.9949468900185553,1,6,1.0
35,Private,132300,Bachelors,13,Never-married,Sales,Not-in-family,White,Female,7669,0,55,United-States,0,0.9056645749749551,1,6,1.0
52,Private,243580,Bachelors,13,Married-civ-spouse,Exec-managerial,Husband,White,Male,10430,0,59,United-States,1,0.9969373432823259,1,6,1.0
56,Self-emp-not-inc,22933,HS-grad,9,Married-civ-spouse,Exec-managerial,Husband,White,Male,9569,0,55,United-States,0,0.9990285531483513,1,6,1.0
46,,164309,11th,7,Married-civ-spouse,,Wife,White,Female,14099,0,23,United-States,0,0.998057900047302,1,6,1.0
32,Private,73679,HS-grad,9,Never-married,Transport-moving,Own-child,White,Female,1044,0,50,United-States,0,0.006949453888335486,0,6,1.0
41,Private,298696,Some-college,10,Never-married,Other-service,Not-in-family,White,Female,3855,0,55,United-States,0,0.01177196335223642,0,6,1.0
40,Private,355259,Masters,14,Never-married,Prof-specialty,Not-in-family,White,Female,3075,0,55,United-States,1,0.784230432631836,1,6,1.0
74,,194660,HS-grad,9,Married-civ-spouse,,Husband,White,Male,3759,0,55,United-States,1,0.04877268750019619,0,6,1.0
54,Local-gov,96524,HS-grad,9,Married-civ-spouse,Exec-managerial,Husband,White,Male,4720,0,75,United-States,1,0.9094317010701367,1,6,1.0
65,Federal-gov,227836,Some-college,10,Divorced,Farming-fishing,Not-in-family,White,Male,6760,0,55,United-States,0,0.22881543820442735,0,6,1.0
36,Private,199336,HS-grad,9,Never-married,Craft-repair,Unmarried,White,Male,12009,0,60,United-States,0,0.9941460049511284,1,6,1.0
46,Private,178951,HS-grad,9,Married-civ-spouse,Sales,Husband,White,Male,5537,0,60,United-States,0,0.9929787304284623,1,6,1.0
81,Private,141181,5th-6th,3,Married-civ-spouse,Adm-clerical,Husband,White,Male,4498,0,55,United-States,0,0.12025764484823155,0,6,1.0
73,Local-gov,321117,HS-grad,9,Married-civ-spouse,Protective-serv,Husband,White,Male,1211,0,55,United-States,0,0.07915533647794327,0,6,1.0
31,Private,44797,Some-college,10,Never-married,Farming-fishing,Not-in-family,White,Female,11970,0,30,United-States,0,0.9915572904355237,1,6,1.0
59,Private,152572,HS-grad,9,Never-married,Other-service,Unmarried,White,Female,10609,0,55,Puerto-Rico,0,0.9973247253915735,1,6,1.0
89,Local-gov,181974,7th-8th,4,Widowed,Adm-clerical,Not-in-family,White,Female,5356,0,55,United-States,0,0.20437560021321635,0,6,1.0
35,Private,273206,Bachelors,13,Never-married,Adm-clerical,Not-in-family,White,Female,8403,0,38,United-States,0,0.9960827641677364,1,6,1.0
39,Local-gov,74056,Bachelors,13,Never-married,Tech-support,Not-in-family,White,Male,2581,0,65,United-States,0,0.035668602100928745,0,6,1.0
59,Private,202117,HS-grad,9,Divorced,Sales,Not-in-family,White,Female,1453,0,52,United-States,0,0.013123989482486435,0,6,1.0
48,Self-emp-not-inc,119272,HS-grad,9,Married-civ-spouse,Exec-managerial,Husband,White,Male,10428,0,53,United-States,0,0.9933893323165608,1,6,1.0
68,Self-emp-inc,119891,Some-college,10,Married-civ-spouse,Exec-managerial,Husband,White,Male,14729,1672,55,United-States,0,0.976164465460228,1,6,1.0
46,Private,159322,Bachelors,13,Married-civ-spouse,Exec-managerial,Husband,White,Male,14682,0,65,United-States,1,0.999225211043009,1,6,1.0
64,,248113,Preschool,1,Married-spouse-absent,,Other-relative,White,Male,9943,0,55,Mexico,0,0.9425970634933768,1,6,1.0
66,Local-gov,172991,HS-grad,9,Married-civ-spouse,Transport-moving,Husband,White,Male,10425,0,55,United-States,0,0.7582696386511175,1,6,1.0
53,Private,172307,9th,5,Married-civ-spouse,Craft-repair,Husband,White,Male,7075,0,55,United-States,0,0.9978908271117222,1,6,1.0
49,Self-emp-inc,99452,Some-college,10,Married-civ-spouse,Transport-moving,Husband,White,Male,8065,0,70,United-States,1,0.9986475635550256,1,6,1.0
35,Private,178818,HS-grad,9,Never-married,Adm-clerical,Not-in-family,White,Female,7116,0,55,United-States,0,0.6569860033205702,1,6,1.0
39,Private,359155,Bachelors,13,Married-civ-spouse,Prof-specialty,Wife,White,Female,882,0,55,United-States,1,0.3313538651937548,0,6,1.0
43,Private,169122,HS-grad,9,Divorced,Other-service,Not-in-family,White,Male,11976,0,43,United-States,0,0.9982167711062455,1,6,1.0
47,Self-emp-not-inc,157473,HS-grad,9,Married-civ-spouse,Craft-repair,Husband,White,Male,9605,0,55,United-States,0,0.9983677372850172,1,6,1.0
61,Private,112761,HS-grad,9,Divorced,Handlers-cleaners,Not-in-family,White,Female,4185,0,55,United-States,0,0.0054275227330026305,0,6,1.0
36,Private,163665,HS-grad,9,Never-married,Other-service,Not-in-family,White,Female,6818,0,55,United-States,0,0.02048166020522768,0,6,1.0
73,Private,231183,HS-grad,9,Widowed,Exec-managerial,Not-in-family,White,Female,14914,0,55,United-States,0,0.9977340495215554,1,6,1.0
53,Private,211253,Masters,14,Married-civ-spouse,Exec-managerial,Wife,White,Female,11104,0,55,United-States,1,0.9991235801084656,1,6,1.0
49,Self-emp-not-inc,111129,Some-college,10,Married-civ-spouse,Craft-repair,Husband,White,Male,1391,0,60,United-States,0,0.07375129522269154,0,6,1.0
73,Private,83045,9th,5,Married-civ-spouse,Machine-op-inspct,Husband,White,Male,6062,0,55,United-States,0,0.9775003805806959,1,6,1.0
69,Local-gov,199546,Masters,14,Divorced,Other-service,Unmarried,Black,Female,7125,0,55,United-States,0,0.9449909384519756,1,6,1.0
51,Private,51100,HS-grad,9,Married-civ-spouse,Transport-moving,Husband,White,Male,3110,0,55,United-States,1,0.9337184434414834,1,6,1.0
85,,144872,HS-grad,9,Married-civ-spouse,,Husband,White,Male,4863,0,40,Canada,0,0.08199826971533576,0,6,1.0
78,Self-emp-not-inc,102686,Masters,14,Married-civ-spouse,Exec-managerial,Husband,White,Male,2801,0,35,United-States,1,0.2663289763217754,0,6,1.0
57,Private,205424,Bachelors,13,Never-married,Prof-specialty,Not-in-family,White,Male,13848,0,55,United-States,1,0.9987320737060342,1,6,1.0
73,Private,181219,Bachelors,13,Married-civ-spouse,Prof-specialty,Husband,White,Male,5980,1848,55,United-States,1,0.9972846469451943,1,6,1.0
65,Local-gov,186303,Some-college,10,Married-civ-spouse,Protective-serv,Husband,White,Male,10770,1887,55,United-States,1,0.9915983545308292,1,6,1.0
46,Self-emp-not-inc,111985,HS-grad,9,Married-civ-spouse,Craft-repair,Husband,White,Male,9176,0,65,United-States,0,0.9982480080206887,1,6,1.0
34,Private,113703,Some-college,10,Never-married,Sales,Other-relative,White,Male,6588,0,35,United-States,0,0.05205555693770717,0,6,1.0
40,Private,37933,HS-grad,9,Never-married,Other-service,Not-in-family,Black,Female,9877,0,63,United-States,0,0.9954592985359111,1,6,1.0
70,Private,160662,10th,6,Married-civ-spouse,Craft-repair,Husband,White,Male,2900,0,55,United-States,1,0.03602017621940087,0,6,1.0
43,Private,323985,HS-grad,9,Married-civ-spouse,Exec-managerial,Wife,White,Female,4179,0,55,United-States,1,0.17607732114410246,0,6,1.0
52,Self-emp-inc,102576,Masters,14,Married-civ-spouse,Prof-specialty,Husband,Black,Male,8959,0,70,Trinadad&Tobago,0,0.9983959364460855,1,6,1.0
65,Private,98791,Some-college,10,Married-civ-spouse,Tech-support,Husband,White,Male,7934,0,55,United-States,0,0.9805298457311247,1,6,1.0
43,Private,179013,HS-grad,9,Separated,Craft-repair,Not-in-family,Black,Male,9106,0,55,United-States,0,0.9972452294119711,1,6,1.0
56,Local-gov,196456,Masters,14,Never-married,Prof-specialty,Not-in-family,White,Female,374,1669,55,United-States,0,0.0066949718018209205,0,6,1.0
49,Private,39606,Assoc-voc,11,Divorced,Sales,Unmarried,White,Female,10741,0,55,United-States,0,0.9978157154733659,1,6,1.0
80,,141181,9th,5,Married-civ-spouse,,Husband,White,Male,13191,0,17,United-States,0,0.9691349697271175,1,6,1.0
38,,375313,Some-college,10,Never-married,,Own-child,Asian-Pac-Islander,Male,2313,0,55,Philippines,0,0.02930633340845451,0,6,1.0
48,Private,185203,HS-grad,9,Never-married,Sales,Not-in-family,White,Female,7659,0,55,United-States,0,0.9399842189181697,1,6,1.0
42,Private,49795,HS-grad,9,Never-married,Adm-clerical,Not-in-family,White,Male,10191,0,55,United-States,0,0.9966502815151829,1,6,1.0
50,,217409,Some-college,10,Married-civ-spouse,,Wife,White,Female,645,0,55,United-States,0,0.09353444128673762,0,6,1.0
88,,84755,Some-college,10,Widowed,,Unmarried,White,Female,9411,0,55,United-States,0,0.9934264195642827,1,6,1.0
40,Private,204862,Some-college,10,Never-married,Exec-managerial,Own-child,White,Female,14643,0,55,United-States,0,0.9974073047012696,1,6,1.0
41,Private,200511,HS-grad,9,Married-civ-spouse,Sales,Husband,White,Male,1979,0,65,United-States,0,0.09299509433638725,0,6,1.0
67,Private,204751,HS-grad,9,Married-civ-spouse,Transport-moving,Husband,White,Male,4349,0,80,United-States,0,0.9119186368610979,1,6,1.0
36,Private,308205,7th-8th,4,Never-married,Handlers-cleaners,Other-relative,White,Male,9203,0,55,Mexico,0,0.9961137585077886,1,6,1.0
70,Private,374108,Some-college,10,Divorced,Prof-specialty,Unmarried,White,Female,13030,0,55,United-States,0,0.9945837025495531,1,6,1.0
42,Private,45427,Bachelors,13,Never-married,Craft-repair,Not-in-family,White,Male,10853,0,85,United-States,0,0.9983525109037589,1,6,1.0
46,Private,176117,Some-college,10,Never-married,Sales,Own-child,Black,Female,7545,0,50,United-States,0,0.9113667052434801,1,6,1.0
34,Private,318915,HS-grad,9,Never-married,Other-service,Unmarried,White,Female,1098,0,55,United-States,0,0.0054826289281471605,0,6,1.0
36,Private,279472,Some-college,10,Married-civ-spouse,Machine-op-inspct,Wife,White,Female,9261,0,63,United-States,1,0.9980024244806186,1,6,1.0
40,Private,119793,Bachelors,13,Never-married,Sales,Not-in-family,White,Male,311,0,55,United-States,0,0.06231439235727885,0,6,1.0
53,Local-gov,176716,HS-grad,9,Married-civ-spouse,Transport-moving,Husband,White,Male,13022,0,75,United-States,0,0.9988548288528817,1,6,1.0
33,,123983,Some-college,10,Never-married,,Other-relative,Asian-Pac-Islander,Male,9520,0,25,Vietnam,0,0.9872812052790376,1,6,1.0
59,Private,192793,Doctorate,16,Married-civ-spouse,Prof-specialty,Husband,White,Male,7654,0,55,Iran,1,0.9975609209657982,1,6,1.0
59,Private,106255,Some-college,10,Married-civ-spouse,Craft-repair,Husband,White,Male,14123,0,55,United-States,0,0.9990533014058363,1,6,1.0
53,Self-emp-not-inc,174395,Doctorate,16,Married-civ-spouse,Prof-specialty,Husband,White,Male,16884,0,70,United-States,1,0.9993261670209372,1,6,1.0
71,Private,174864,HS-grad,9,Married-civ-spouse,Craft-repair,Husband,White,Male,4127,1485,60,United-States,1,0.28549481862736437,0,6,1.0
64,State-gov,206775,HS-grad,9,Married-civ-spouse,Transport-moving,Husband,White,Male,14992,0,55,United-States,0,0.9719845696726441,1,6,1.0
67,Self-emp-not-inc,189721,HS-grad,9,Married-civ-spouse,Craft-repair,Husband,White,Male,6977,0,35,United-States,0,0.6459047347307882,1,6,1.0
50,Private,108140,Bachelors,13,Divorced,Tech-support,Other-relative,White,Male,6343,0,55,United-States,0,0.26893620651986166,0,6,1.0
58,State-gov,29696,HS-grad,9,Married-civ-spouse,Transport-moving,Husband,White,Male,12103,0,55,United-States,0,0.9975949424092578,1,6,1.0
31,Private,206546,Some-college,10,Never-married,Handlers-cleaners,Own-child,White,Male,4203,0,39,United-States,0,0.0024861007886041054,0,6,1.0
34,Private,128487,HS-grad,9,Never-married,Adm-clerical,Not-in-family,White,Female,8253,0,25,United-States,0,0.6457220899354555,1,6,1.0
71,Local-gov,296253,Masters,14,Divorced,Prof-specialty,Unmarried,White,Female,9415,0,75,United-States,1,0.9911757253208705,1,6,1.0
49,Private,286730,Some-college,10,Divorced,Craft-repair,Unmarried,White,Female,11170,0,55,United-States,0,0.9974736278695531,1,6,1.0
41,Self-emp-not-inc,164607,HS-grad,9,Married-civ-spouse,Craft-repair,Husband,White,Male,4748,0,55,United-States,0,0.6341350061915972,0,6,1.0
49,Self-emp-not-inc,216473,10th,6,Married-civ-spouse,Craft-repair,Husband,White,Male,5014,0,45,United-States,0,0.04467584759327724,0,6,1.0
38,State-gov,130302,Bachelors,13,Married-civ-spouse,Craft-repair,Husband,White,Male,9809,0,55,United-States,0,0.9983041101885408,1,6,1.0
77,Local-gov,200764,HS-grad,9,Divorced,Adm-clerical,Not-in-family,White,Female,7110,0,31,United-States,1,0.9095172246720102,1,6,1.0
48,Private,278576,HS-grad,9,Married-civ-spouse,Transport-moving,Husband,White,Male,2482,0,65,United-States,0,0.07555517355636306,0,6,1.0
46,Local-gov,31391,HS-grad,9,Married-civ-spouse,Protective-serv,Husband,White,Male,10266,0,68,United-States,1,0.9946399105844086,1,6,1.0
35,Private,208908,Bachelors,13,Never-married,Other-service,Not-in-family,White,Female,3622,0,45,United-States,0,0.021160638424317847,0,6,1.0
76,State-gov,152537,Bachelors,13,Married-civ-spouse,Exec-managerial,Husband,White,Male,10351,0,60,United-States,0,0.9765853682290129,1,6,1.0
36,Private,130741,Bachelors,13,Never-married,Sales,Own-child,White,Male,406,0,55,United-States,0,0.0323837274290131,0,6,1.0
58,Private,146919,HS-grad,9,Married-civ-spouse,Adm-clerical,Wife,White,Female,14917,0,55,United-States,1,0.9988365336403393,1,6,1.0
36,Private,698418,Some-college,10,Never-married,Adm-clerical,Own-child,Black,Female,5011,0,40,United-States,0,0.023591819695127723,0,6,1.0
32,Private,249385,Some-college,10,Never-married,Craft-repair,Own-child,White,Female,7288,0,35,United-States,0,0.6857898285803078,1,6,1.0
50,Self-emp-not-inc,203836,5th-6th,3,Never-married,Transport-moving,Not-in-family,White,Male,6313,0,55,United-States,0,0.22438832926852514,0,6,1.0
69,Private,121362,Some-college,10,Widowed,Adm-clerical,Unmarried,White,Female,5313,2258,53,United-States,1,0.42813223510054754,0,6,1.0
34,Local-gov,198478,Some-college,10,Married-civ-spouse,Protective-serv,Husband,White,Male,13729,0,55,United-States,0,0.9990991038192422,1,6,1.0
38,Private,171636,Bachelors,13,Married-civ-spouse,Exec-managerial,Husband,White,Male,14283,0,87,United-States,0,0.999146730087841,1,6,1.0
47,Private,240467,HS-grad,9,Married-spouse-absent,Adm-clerical,Unmarried,Black,Female,7673,0,55,United-States,0,0.9261532530059263,1,6,1.0
39,Private,197380,Assoc-acdm,12,Never-married,Prof-specialty,Not-in-family,White,Male,13482,0,55,United-States,0,0.9987165411595375,1,6,1.0
30,Private,238401,Some-college,10,Never-married,Sales,Own-child,White,Female,3836,0,40,United-States,0,0.0031470889957267603,0,6,1.0
46,Private,37380,HS-grad,9,Married-spouse-absent,Machine-op-inspct,Unmarried,White,Female,4949,0,55,United-States,0,0.3053577176932841,0,6,1.0
63,Private,114758,11th,7,Married-civ-spouse,Machine-op-inspct,Husband,White,Male,4621,0,63,United-States,1,0.16969068852154698,0,6,1.0
34,Private,60668,Bachelors,13,Never-married,Exec-managerial,Own-child,White,Male,11302,0,55,United-States,0,0.9975476604873684,1,6,1.0
41,Private,207064,HS-grad,9,Married-civ-spouse,Craft-repair,Husband,White,Male,14244,0,55,United-States,1,0.9990024819385588,1,6,1.0
32,Private,161922,HS-grad,9,Never-married,Handlers-cleaners,Not-in-family,White,Male,12416,0,58,United-States,0,0.997898722902289,1,6,1.0
57,Private,27332,HS-grad,9,Divorced,Sales,Not-in-family,White,Female,9704,0,55,United-States,0,0.9964044906950602,1,6,1.0
44,Private,72967,Prof-school,15,Married-civ-spouse,Prof-specialty,Husband,White,Male,8044,0,40,United-States,1,0.9987435790145911,1,6,1.0
48,Self-emp-not-inc,313853,Bachelors,13,Divorced,Other-service,Unmarried,Black,Male,6813,0,60,United-States,1,0.17994067711769812,0,6,1.0
56,Private,106900,Masters,14,Married-civ-spouse,Prof-specialty,Husband,White,Male,7488,0,59,United-States,1,0.9980255017141929,1,6,1.0
65,Private,157947,HS-grad,9,Divorced,Adm-clerical,Not-in-family,White,Female,9183,0,55,United-States,0,0.9937023079954623,1,6,1.0
49,Private,34378,1st-4th,2,Never-married,Other-service,Not-in-family,White,Male,6374,0,55,United-States,0,0.05643418060643682,0,6,1.0
41,Private,198997,HS-grad,9,Married-civ-spouse,Adm-clerical,Wife,White,Female,14961,0,35,United-States,0,0.9988512012747512,1,6,1.0
48,Private,206521,Bachelors,13,Married-civ-spouse,Sales,Husband,White,Male,9171,0,75,United-States,1,0.9986641677091417,1,6,1.0
38,Private,240842,HS-grad,9,Never-married,Machine-op-inspct,Unmarried,Black,Female,14244,0,55,United-States,0,0.9911065713634954,1,6,1.0
60,Private,164423,HS-grad,9,Divorced,Machine-op-inspct,Unmarried,White,Female,3015,0,55,United-States,0,0.01499677599351884,0,6,1.0
53,Private,205195,Assoc-acdm,12,Divorced,Sales,Not-in-family,White,Male,13423,0,55,United-States,0,0.9984216796425635,1,6,1.0
50,Self-emp-inc,308686,Bachelors,13,Married-civ-spouse,Prof-specialty,Husband,White,Male,12630,0,85,United-States,1,0.9986118088972985,1,6,1.0
69,Private,174662,HS-grad,9,Married-civ-spouse,Craft-repair,Husband,White,Male,1316,0,55,United-States,0,0.0829332363094306,0,6,1.0
43,Private,92179,10th,6,Divorced,Machine-op-inspct,Not-in-family,White,Male,9295,0,55,United-States,0,0.9968667613667376,1,6,1.0
39,Private,307724,Some-college,10,Never-married,Adm-clerical,Not-in-family,White,Female,12315,0,55,,0,0.9986936608787466,1,6,1.0
52,Federal-gov,134307,Bachelors,13,Divorced,Prof-specialty,Not-in-family,Black,Female,3580,1741,55,United-States,0,0.010364800611643245,0,6,1.0
31,Private,214935,Some-college,10,Never-married,Handlers-cleaners,Own-child,White,Male,8839,0,55,United-States,0,0.9948085668651153,1,6,1.0
38,Self-emp-not-inc,37918,HS-grad,9,Never-married,Farming-fishing,Own-child,White,Male,14431,0,75,United-States,0,0.992672260400241,1,6,1.0
44,Private,263908,Bachelors,13,Married-civ-spouse,Prof-specialty,Husband,White,Male,9402,0,55,United-States,0,0.9985654085468915,1,6,1.0
61,Private,166789,HS-grad,9,Married-civ-spouse,Adm-clerical,Husband,White,Male,1781,0,55,United-States,0,0.09972501937424537,0,6,1.0
31,Private,41163,HS-grad,9,Never-married,Sales,Not-in-family,White,Male,1256,0,53,United-States,0,0.008841644019462113,0,6,1.0
48,State-gov,170861,HS-grad,9,Separated,Other-service,Own-child,White,Female,3797,0,47,United-States,0,0.01581382795588103,0,6,1.0
34,Private,142566,HS-grad,9,Never-married,Sales,Not-in-family,White,Male,7641,0,55,United-States,0,0.8739661027008843,1,6,1.0
60,Private,107682,HS-grad,9,Widowed,Machine-op-inspct,Not-in-family,White,Female,8047,0,25,United-States,0,0.7820785738252054,1,6,1.0
46,Private,157747,Some-college,10,Married-civ-spouse,Exec-managerial,Husband,White,Male,17900,0,55,United-States,1,0.9991043966648423,1,6,1.0
41,Private,182676,10th,6,Never-married,Other-service,Own-child,White,Female,12881,0,53,Mexico,0,0.9944805925498827,1,6,1.0
33,Private,202373,Assoc-voc,11,Never-married,Craft-repair,Own-child,Black,Male,8205,0,55,United-States,0,0.9128149092779205,1,6,1.0
35,Private,288771,Some-college,10,Never-married,Adm-clerical,Not-in-family,White,Female,1482,0,45,United-States,0,0.005774712935682384,0,6,1.0
47,Private,285000,Bachelors,13,Never-married,Prof-specialty,Not-in-family,White,Male,3815,0,60,United-States,0,0.04702085491011958,0,6,1.0
48,Private,137527,Bachelors,13,Never-married,Adm-clerical,Not-in-family,White,Female,4772,0,65,United-States,0,0.91435078866506,1,6,1.0
50,Private,81846,Masters,14,Married-civ-spouse,Prof-specialty,Husband,Asian-Pac-Islander,Male,3005,0,55,China,0,0.43254690844743166,0,6,1.0
35,Private,139187,11th,7,Never-married,Handlers-cleaners,Own-child,White,Male,7668,0,65,United-States,0,0.8387245787072225,1,6,1.0
52,Private,148316,HS-grad,9,Married-civ-spouse,Craft-repair,Husband,White,Male,305,0,55,United-States,0,0.11045135309002709,0,6,1.0
47,Private,165767,Some-college,10,Married-civ-spouse,Machine-op-inspct,Husband,White,Male,779,0,55,United-States,0,0.17482148748642798,0,6,1.0
38,Private,160261,Masters,14,Never-married,Prof-specialty,Not-in-family,Asian-Pac-Islander,Male,7718,0,35,India,0,0.8976591855031338,1,6,1.0
40,Private,38309,Assoc-voc,11,Married-civ-spouse,Adm-clerical,Husband,White,Male,16058,0,55,United-States,0,0.9990489305050623,1,6,1.0
73,Self-emp-inc,66614,HS-grad,9,Married-civ-spouse,Craft-repair,Husband,White,Male,6570,0,55,United-States,0,0.8689975012548162,1,6,1.0
63,Private,169364,Some-college,10,Divorced,Handlers-cleaners,Not-in-family,White,Female,9268,0,55,Ireland,0,0.9952669312099435,1,6,1.0
90,Self-emp-inc,120796,HS-grad,9,Married-civ-spouse,Exec-managerial,Husband,White,Male,8067,0,55,United-States,0,0.9818411950514028,1,6,1.0
59,Private,152073,HS-grad,9,Divorced,Machine-op-inspct,Unmarried,White,Female,8227,0,55,United-States,0,0.9511149620283075,1,6,1.0
73,,229744,1st-4th,2,Married-civ-spouse,,Husband,White,Male,16575,0,35,Mexico,0,0.9722209477026866,1,6,1.0
38,Private,39092,Some-college,10,Married-civ-spouse,Exec-managerial,Husband,White,Male,6520,0,65,United-States,0,0.9898469389848525,1,6,1.0
57,Private,111979,HS-grad,9,Married-civ-spouse,Handlers-cleaners,Husband,White,Male,3514,0,55,United-States,0,0.04186702154667766,0,6,1.0
56,Private,245317,HS-grad,9,Married-civ-spouse,Transport-moving,Husband,White,Male,14703,0,55,United-States,0,0.9990105818289787,1,6,1.0
54,Self-emp-not-inc,184378,Some-college,10,Married-civ-spouse,Prof-specialty,Husband,White,Male,7680,0,55,United-States,0,0.9985660735166785,1,6,1.0
61,Private,211005,Some-college,10,Married-civ-spouse,Machine-op-inspct,Husband,Black,Male,3715,0,75,United-States,0,0.1030617405207588,0,6,1.0
41,Private,349154,10th,6,Separated,Farming-fishing,Unmarried,White,Female,8760,0,55,Guatemala,0,0.9866255676856656,1,6,1.0
58,Private,109227,Some-college,10,Divorced,Exec-managerial,Unmarried,White,Female,3534,0,85,United-States,0,0.02277944567986698,0,6,1.0
70,Private,299991,11th,7,Divorced,Adm-clerical,Not-in-family,White,Female,7583,0,55,United-States,0,0.8466967311038206,1,6,1.0
74,Private,77884,5th-6th,3,Married-civ-spouse,Farming-fishing,Husband,Asian-Pac-Islander,Male,1869,0,55,Philippines,0,0.021790015371793345,0,6,1.0
33,,123983,Some-college,10,Never-married,,Own-child,Other,Male,13450,0,35,United-States,0,0.995082277918839,1,6,1.0
40,Private,189346,HS-grad,9,Divorced,Handlers-cleaners,Own-child,White,Male,8020,0,55,United-States,0,0.9380854682941814,1,6,1.0
35,,283806,9th,5,Divorced,,Not-in-family,White,Female,5163,0,50,United-States,0,0.03139793008818543,0,6,1.0
71,Self-emp-not-inc,80467,HS-grad,9,Divorced,Other-service,Own-child,White,Female,12173,0,39,United-States,0,0.9873691935348036,1,6,1.0
68,Self-emp-not-inc,254711,HS-grad,9,Married-civ-spouse,Sales,Husband,White,Male,14638,0,35,United-States,0,0.9798803022915945,1,6,1.0
53,Self-emp-not-inc,239061,Masters,14,Widowed,Prof-specialty,Not-in-family,White,Female,13569,0,35,United-States,0,0.9982299936575232,1,6,1.0
33,Private,62339,10th,6,Never-married,Handlers-cleaners,Not-in-family,White,Male,9406,0,55,United-States,0,0.9957314528627786,1,6,1.0
34,Private,882849,Bachelors,13,Never-married,Other-service,Own-child,White,Male,2873,0,50,United-States,0,0.018591886403079814,0,6,1.0
40,Private,144833,Some-college,10,Married-civ-spouse,Handlers-cleaners,Husband,White,Male,10209,0,55,United-States,0,0.9978407858784425,1,6,1.0
55,Self-emp-not-inc,204235,Bachelors,13,Married-civ-spouse,Sales,Husband,White,Male,3037,0,65,United-States,1,0.30516140930279007,0,6,1.0
47,Private,334291,Some-college,10,Married-civ-spouse,Craft-repair,Husband,White,Male,12363,0,65,United-States,0,0.9992153976323748,1,6,1.0
49,Private,201259,11th,7,Divorced,Transport-moving,Not-in-family,White,Male,5657,0,80,United-States,0,0.3148395366555357,0,6,1.0
48,Private,115360,10th,6,Married-civ-spouse,Machine-op-inspct,Own-child,White,Female,16303,0,55,United-States,0,0.9961202578190852,1,6,1.0
39,Private,185647,HS-grad,9,Married-civ-spouse,Machine-op-inspct,Husband,White,Male,9800,0,65,United-States,1,0.998686280886949,1,6,1.0
63,Private,145714,Masters,14,Married-civ-spouse,Exec-managerial,Husband,White,Male,99999,0,65,,1,0.9964896547325589,1,6,1.0
32,Private,147344,Some-college,10,Never-married,Handlers-cleaners,Own-child,White,Male,2694,0,35,United-States,0,0.002781086256407176,0,6,1.0
74,Self-emp-not-inc,243733,Masters,14,Married-civ-spouse,Prof-specialty,Husband,White,Male,21389,0,85,United-States,1,0.9837937279841442,1,6,1.0
84,Private,89299,HS-grad,9,Divorced,Other-service,Not-in-family,White,Female,6364,0,31,United-States,0,0.02895711032806081,0,6,1.0
36,Private,196678,Preschool,1,Never-married,Machine-op-inspct,Own-child,White,Female,6922,0,45,United-States,0,0.0062825437918430805,0,6,1.0
50,Federal-gov,48123,Some-college,10,Divorced,Exec-managerial,Not-in-family,White,Female,9783,0,55,United-States,0,0.9979779629865185,1,6,1.0
45,Local-gov,156464,Masters,14,Married-civ-spouse,Exec-managerial,Husband,White,Male,183,0,55,United-States,0,0.39746399673537325,0,6,1.0
43,Private,106753,Assoc-voc,11,Married-civ-spouse,Craft-repair,Husband,White,Male,883,1740,55,United-States,0,0.0022503485758523026,0,6,1.0
38,Private,134004,Some-college,10,Married-civ-spouse,Exec-managerial,Wife,White,Female,14973,0,55,United-States,0,0.9989198980225307,1,6,1.0
35,Private,113601,Some-college,10,Never-married,Handlers-cleaners,Own-child,White,Male,13262,0,45,United-States,0,0.9939547632083832,1,6,1.0
35,Private,174461,HS-grad,9,Never-married,Other-service,Not-in-family,White,Female,4315,0,55,United-States,0,0.11803308666002359,0,6,1.0
55,Private,104660,Bachelors,13,Separated,Prof-specialty,Unmarried,White,Male,1562,0,60,United-States,0,0.06332909584601502,0,6,1.0
47,Private,143231,Assoc-voc,11,Married-civ-spouse,Adm-clerical,Husband,White,Male,304,0,59,United-States,1,0.15769115048654148,0,6,1.0
49,Private,233490,HS-grad,9,Never-married,Farming-fishing,Not-in-family,White,Male,4292,0,65,United-States,0,0.2646771029257673,0,6,1.0
48,Private,228652,Some-college,10,Divorced,Machine-op-inspct,Own-child,Other,Male,6160,0,55,Mexico,0,0.26314634186914687,0,6,1.0
84,Private,132753,Some-college,10,Married-civ-spouse,Adm-clerical,Husband,White,Male,2545,0,30,United-States,0,0.026262880473506774,0,6,1.0
59,Self-emp-not-inc,26145,Assoc-voc,11,Married-civ-spouse,Sales,Husband,White,Male,6,0,55,United-States,1,0.6626403475855125,1,6,1.0
38,Private,366219,HS-grad,9,Married-civ-spouse,Craft-repair,Husband,Black,Male,13157,1848,75,United-States,1,0.9995047652900906,1,6,1.0
90,,368925,5th-6th,3,Widowed,,Not-in-family,White,Male,4012,0,30,United-States,0,0.003967636210820331,0,6,1.0
43,Private,75755,Bachelors,13,Never-married,Prof-specialty,Not-in-family,White,Male,8407,0,65,United-States,1,0.9976677611035962,1,6,1.0
37,State-gov,153534,Some-college,10,Married-civ-spouse,Protective-serv,Husband,White,Male,6857,0,55,United-States,0,0.9602790812216965,1,6,1.0
32,Private,243878,Some-college,10,Never-married,Craft-repair,Own-child,White,Male,2928,0,55,United-States,0,0.009181461904518221,0,6,1.0
49,Federal-gov,254202,Masters,14,Never-married,Exec-managerial,Not-in-family,White,Female,30128,0,65,United-States,1,0.9987762245154527,1,6,1.0
51,Private,126569,HS-grad,9,Never-married,Craft-repair,Not-in-family,White,Male,7144,0,55,Poland,0,0.8464365942356584,1,6,1.0
29,Local-gov,148194,11th,7,Never-married,Adm-clerical,Own-child,White,Female,3376,0,27,United-States,0,0.0015191523011947115,0,6,1.0
72,Private,173960,Bachelors,13,Divorced,Prof-specialty,Not-in-family,White,Female,2344,0,57,United-States,0,0.04546625356993674,0,6,1.0
41,Private,103634,11th,7,Married-civ-spouse,Other-service,Husband,White,Male,14424,0,55,United-States,0,0.9987444831383131,1,6,1.0
84,Private,426562,11th,7,Divorced,Other-service,Not-in-family,Black,Female,7995,0,50,United-States,0,0.8944221324579669,1,6,1.0
53,Private,55395,Some-college,10,Married-spouse-absent,Other-service,Unmarried,White,Male,12143,0,55,United-States,0,0.9983169041878699,1,6,1.0
90,Private,51744,HS-grad,9,Never-married,Other-service,Not-in-family,Black,Male,13952,2206,55,United-States,0,0.9965231256536119,1,6,1.0
30,Private,317425,11th,7,Never-married,Other-service,Own-child,Black,Male,13734,0,22,United-States,0,0.9800190445745012,1,6,1.0
70,Local-gov,81132,HS-grad,9,Married-civ-spouse,Handlers-cleaners,Husband,Asian-Pac-Islander,Male,4526,0,95,Philippines,1,0.1287349472027294,0,6,1.0
32,,316304,Some-college,10,Never-married,,Own-child,White,Male,2704,0,55,United-States,0,0.006258072708701339,0,6,1.0
44,Private,164243,HS-grad,9,Married-civ-spouse,Tech-support,Husband,White,Male,14123,0,75,United-States,1,0.9992171409752632,1,6,1.0
47,Private,24126,Some-college,10,Divorced,Exec-managerial,Unmarried,White,Female,8883,0,55,United-States,0,0.9833060620682208,1,6,1.0
35,Private,145389,Some-college,10,Married-civ-spouse,Sales,Wife,White,Female,2625,0,55,United-States,0,0.0859140217336373,0,6,1.0
49,Private,298539,HS-grad,9,Married-civ-spouse,Exec-managerial,Husband,White,Male,3174,1902,70,United-States,1,0.7907306730083813,1,6,1.0
68,Private,28297,9th,5,Married-civ-spouse,Craft-repair,Husband,White,Male,2715,0,55,United-States,0,0.05033206796225549,0,6,1.0
58,Private,328216,HS-grad,9,Married-civ-spouse,Craft-repair,Husband,White,Male,291,0,55,United-States,1,0.10476645616173222,0,6,1.0
60,Self-emp-inc,155664,Prof-school,15,Married-civ-spouse,Prof-specialty,Husband,White,Male,2510,0,75,United-States,1,0.4040984624442708,0,6,1.0
55,Private,193494,Some-college,10,Married-civ-spouse,Prof-specialty,Husband,White,Male,10955,0,55,United-States,0,0.999060168046763,1,6,1.0
36,,32616,Bachelors,13,Divorced,,Not-in-family,White,Female,7076,0,55,United-States,0,0.4799967476170651,0,6,1.0
52,Private,255675,Some-college,10,Married-civ-spouse,Prof-specialty,Husband,White,Male,3289,0,55,United-States,1,0.11187100945807983,0,6,1.0
50,Private,131461,9th,5,Married-civ-spouse,Other-service,Wife,Black,Female,12966,0,39,Haiti,0,0.9988047186990809,1,6,1.0
52,Federal-gov,75313,Bachelors,13,Married-civ-spouse,Prof-specialty,Husband,White,Male,15347,0,81,United-States,1,0.9986166328337474,1,6,1.0
45,Private,34572,HS-grad,9,Married-civ-spouse,Sales,Husband,White,Male,8844,0,55,United-States,0,0.9983246669387968,1,6,1.0
31,Private,323054,HS-grad,9,Never-married,Sales,Not-in-family,Asian-Pac-Islander,Male,4018,0,45,United-States,0,0.011445283884881113,0,6,1.0
58,Private,172581,Bachelors,13,Married-civ-spouse,Exec-managerial,Husband,White,Male,10569,1902,65,United-States,1,0.997892927326912,1,6,1.0
52,Private,193882,HS-grad,9,Married-civ-spouse,Exec-managerial,Husband,White,Male,1586,0,60,United-States,1,0.1862003798564413,0,6,1.0
38,Private,189219,Assoc-acdm,12,Never-married,Adm-clerical,Not-in-family,White,Female,4297,0,23,United-States,0,0.04550954815118372,0,6,1.0
43,Private,319146,Assoc-voc,11,Married-civ-spouse,Craft-repair,Husband,White,Male,12305,0,55,Mexico,1,0.9987062464197353,1,6,1.0
49,Self-emp-not-inc,187411,Bachelors,13,Married-civ-spouse,Transport-moving,Husband,White,Male,13207,0,65,,0,0.9988913058250583,1,6,1.0
59,Local-gov,352614,Assoc-acdm,12,Married-civ-spouse,Protective-serv,Husband,White,Male,6046,0,55,United-States,1,0.9943666226439138,1,6,1.0
40,Private,37302,HS-grad,9,Divorced,Exec-managerial,Own-child,White,Male,5542,0,55,United-States,0,0.14288009416001202,0,6,1.0
74,Local-gov,242341,Some-college,10,Divorced,Prof-specialty,Not-in-family,Amer-Indian-Eskimo,Male,3004,0,55,United-States,0,0.03717548873714449,0,6,1.0
54,Private,178134,Some-college,10,Divorced,Adm-clerical,Not-in-family,White,Female,273,0,45,United-States,0,0.00791381201012332,0,6,1.0
65,Federal-gov,117847,Assoc-acdm,12,Married-civ-spouse,Adm-clerical,Husband,White,Male,12103,0,55,United-States,0,0.9926737657374367,1,6,1.0
71,Private,193335,HS-grad,9,Married-civ-spouse,Craft-repair,Husband,White,Male,1928,0,55,United-States,1,0.07921842420222988,0,6,1.0
41,Private,499197,Some-college,10,Married-civ-spouse,Prof-specialty,Husband,White,Male,929,0,55,United-States,0,0.1645136883874539,0,6,1.0
49,,48915,HS-grad,9,Never-married,,Not-in-family,White,Male,3276,0,50,United-States,0,0.01434983762310384,0,6,1.0
59,Self-emp-inc,154174,HS-grad,9,Married-civ-spouse,Craft-repair,Husband,White,Male,6315,0,75,United-States,1,0.9908950566538149,1,6,1.0
65,Private,158746,Some-college,10,Married-civ-spouse,Tech-support,Husband,White,Male,3103,0,55,United-States,0,0.9685586830938113,1,6,1.0
61,Local-gov,452402,Bachelors,13,Married-civ-spouse,Prof-specialty,Wife,Black,Female,18880,0,50,United-States,1,0.9920745172087307,1,6,1.0
46,Private,37210,HS-grad,9,Never-married,Adm-clerical,Own-child,White,Male,13932,0,65,United-States,0,0.9973657726378318,1,6,1.0
39,Private,177955,Bachelors,13,Never-married,Tech-support,Own-child,White,Female,11168,0,55,Mexico,0,0.994570453259032,1,6,1.0
63,Private,355551,HS-grad,9,Never-married,Craft-repair,Unmarried,White,Female,6235,0,60,Mexico,0,0.10715904159002675,0,6,1.0
37,Private,298225,Some-college,10,Married-civ-spouse,Transport-moving,Husband,White,Male,9820,0,50,United-States,0,0.9985988515284612,1,6,1.0
35,Private,203203,Bachelors,13,Never-married,Prof-specialty,Not-in-family,White,Female,5094,0,55,United-States,0,0.44643686255279125,0,6,1.0
51,Private,387430,HS-grad,9,Never-married,Other-service,Not-in-family,White,Male,3976,0,33,United-States,0,0.005584361700524379,0,6,1.0
69,Private,173796,HS-grad,9,Married-civ-spouse,Transport-moving,Husband,White,Male,4610,1887,55,United-States,1,0.9519057881428004,1,6,1.0
31,Private,172368,11th,7,Never-married,Transport-moving,Own-child,White,Male,12363,0,35,United-States,0,0.9943916394388996,1,6,1.0
37,State-gov,104097,Masters,14,Never-married,Exec-managerial,Not-in-family,White,Male,303,0,55,United-States,0,0.06730943842344239,0,6,1.0
46,Private,225548,Bachelors,13,Married-civ-spouse,Protective-serv,Husband,Black,Male,542,0,45,United-States,0,0.25549877316157177,0,6,1.0
40,Private,180007,Some-college,10,Never-married,Handlers-cleaners,Own-child,White,Male,2122,0,55,United-States,0,0.016636014356465185,0,6,1.0
33,Private,331611,Some-college,10,Married-civ-spouse,Other-service,Husband,White,Male,3641,0,65,United-States,0,0.034735772694743684,0,6,1.0
32,Private,197752,Some-college,10,Never-married,Craft-repair,Unmarried,White,Male,4794,0,55,United-States,0,0.8799073266216436,1,6,1.0
82,Self-emp-not-inc,92353,11th,7,Married-civ-spouse,Farming-fishing,Husband,White,Male,2225,0,55,United-States,0,0.01417056853563194,0,6,1.0
59,Private,248059,Some-college,10,Married-civ-spouse,Other-service,Husband,White,Male,7805,0,62,United-States,1,0.9983907384849744,1,6,1.0
44,Self-emp-inc,343872,Some-college,10,Married-civ-spouse,Transport-moving,Husband,Black,Male,4720,0,50,Haiti,0,0.7730693250320717,1,6,1.0
32,Private,378546,HS-grad,9,Never-married,Craft-repair,Own-child,White,Male,9530,0,40,United-States,0,0.9948716364795164,1,6,1.0
57,Self-emp-not-inc,155489,7th-8th,4,Married-civ-spouse,Exec-managerial,Husband,White,Male,6393,0,80,United-States,1,0.9883685279011908,1,6,1.0
30,Private,228216,HS-grad,9,Never-married,Handlers-cleaners,Own-child,White,Male,3255,0,35,United-States,0,0.0014054710160598094,0,6,1.0
55,Private,124436,Some-college,10,Married-civ-spouse,Prof-specialty,Wife,White,Female,8356,0,55,United-States,1,0.9982841934153454,1,6,1.0
68,Self-emp-inc,32316,12th,8,Widowed,Exec-managerial,Not-in-family,White,Female,1067,0,55,United-States,0,0.013502932366789015,0,6,1.0
73,,198686,Assoc-acdm,12,Married-civ-spouse,,Husband,White,Male,4944,0,17,United-States,1,0.10376175990667165,0,6,1.0
77,Self-emp-inc,178771,HS-grad,9,Married-civ-spouse,Exec-managerial,Husband,White,Male,10522,0,55,United-States,0,0.890234827610412,1,6,1.0
39,Private,50818,Masters,14,Never-married,Tech-support,Not-in-family,White,Male,5857,0,70,United-States,0,0.10360474650781344,0,6,1.0
39,Private,152683,HS-grad,9,Married-civ-spouse,Transport-moving,Husband,White,Male,7717,0,50,United-States,0,0.9983943171418651,1,6,1.0
31,Private,198459,HS-grad,9,Never-married,Adm-clerical,Own-child,White,Male,2956,2001,55,United-States,0,0.0031865948576722957,0,6,1.0
77,Self-emp-not-inc,167414,HS-grad,9,Married-civ-spouse,Exec-managerial,Husband,White,Male,13579,0,74,United-States,1,0.9870303292532806,1,6,1.0
37,Private,295919,Assoc-acdm,12,Never-married,Adm-clerical,Unmarried,White,Female,2343,0,55,United-States,0,0.009498932091909428,0,6,1.0
50,Private,180303,Bachelors,13,Married-civ-spouse,Exec-managerial,Husband,Asian-Pac-Islander,Male,14784,0,65,Japan,1,0.9992134734876755,1,6,1.0
88,Self-emp-not-inc,130585,Some-college,10,Married-civ-spouse,Other-service,Wife,White,Female,5634,0,27,United-States,0,0.9561112296523491,1,6,1.0
63,Private,56915,HS-grad,9,Married-civ-spouse,Craft-repair,Husband,Amer-Indian-Eskimo,Male,7778,0,55,United-States,0,0.9769376498505483,1,6,1.0
70,Private,183870,HS-grad,9,Divorced,Adm-clerical,Not-in-family,White,Female,9881,0,55,United-States,0,0.9942015900910648,1,6,1.0
44,Private,184833,10th,6,Separated,Craft-repair,Unmarried,White,Female,4660,0,55,United-States,0,0.03624958984751932,0,6,1.0
59,Private,26994,Some-college,10,Divorced,Adm-clerical,Not-in-family,White,Female,12179,0,50,United-States,0,0.997834824200555,1,6,1.0
52,Private,438427,Some-college,10,Never-married,Sales,Not-in-family,Black,Female,5778,0,55,United-States,0,0.33974377418957225,0,6,1.0
37,Private,197036,10th,6,Never-married,Craft-repair,Own-child,White,Male,33,0,55,United-States,0,0.008110014173810695,0,6,1.0
51,Local-gov,455399,HS-grad,9,Married-civ-spouse,Protective-serv,Husband,Black,Male,28178,0,55,United-States,1,0.9991945870944372,1,6,1.0
62,Self-emp-inc,193720,HS-grad,9,Married-civ-spouse,Exec-managerial,Husband,White,Male,14655,0,85,Greece,1,0.9900016209889538,1,6,1.0
67,Self-emp-not-inc,168625,Some-college,10,Divorced,Tech-support,Not-in-family,White,Female,7387,0,27,United-States,1,0.8205730381940878,1,6,1.0
88,Federal-gov,25319,Masters,14,Widowed,Prof-specialty,Not-in-family,White,Female,10554,0,30,United-States,0,0.9866173534698257,1,6,1.0
71,Private,193895,Some-college,10,Widowed,Adm-clerical,Not-in-family,White,Female,3215,0,50,United-States,0,0.012963914405807004,0,6,1.0
49,Private,265737,Some-college,10,Married-civ-spouse,Exec-managerial,Husband,Black,Male,239,1887,75,Cuba,1,0.8039898339127507,1,6,1.0
41,Private,352451,HS-grad,9,Never-married,Machine-op-inspct,Unmarried,Black,Female,784,0,55,United-States,0,0.004354842838968517,0,6,1.0
55,Self-emp-not-inc,126320,HS-grad,9,Married-civ-spouse,Exec-managerial,Husband,Black,Male,8102,0,55,United-States,1,0.9982032349430174,1,6,1.0
43,Private,19491,Some-college,10,Never-married,Craft-repair,Not-in-family,White,Male,4425,0,55,United-States,0,0.09076531918574812,0,6,1.0
60,Private,127738,9th,5,Divorced,Transport-moving,Not-in-family,White,Male,10884,0,55,United-States,0,0.9983851796452667,1,6,1.0
74,Private,122033,HS-grad,9,Widowed,Adm-clerical,Not-in-family,White,Female,553,0,53,United-States,0,0.010442763115115841,0,6,1.0
48,Private,66173,Bachelors,13,Never-married,Adm-clerical,Not-in-family,White,Female,1782,0,65,United-States,0,0.018871171982648753,0,6,1.0
68,Self-emp-not-inc,144351,HS-grad,9,Married-civ-spouse,Transport-moving,Husband,White,Male,14945,0,99,United-States,0,0.9713450733578004,1,6,1.0
47,Private,407913,HS-grad,9,Separated,Other-service,Not-in-family,Black,Male,11185,0,55,United-States,0,0.9981567636718187,1,6,1.0
36,Private,228649,HS-grad,9,Never-married,Transport-moving,Own-child,White,Male,10967,0,55,United-States,0,0.9971094200732373,1,6,1.0
63,Self-emp-not-inc,240358,Some-college,10,Married-civ-spouse,Craft-repair,Husband,White,Male,11937,0,35,United-States,0,0.9763805945989065,1,6,1.0
60,Federal-gov,50459,HS-grad,9,Divorced,Other-service,Unmarried,White,Male,10654,0,55,United-States,0,0.9982950789213171,1,6,1.0
53,Local-gov,42346,Some-college,10,Divorced,Other-service,Not-in-family,Black,Female,10301,0,39,United-States,0,0.98451596179014,1,6,1.0
64,Private,146767,HS-grad,9,Married-civ-spouse,Machine-op-inspct,Husband,White,Male,14301,0,55,United-States,1,0.9771786422588173,1,6,1.0
35,Private,220993,HS-grad,9,Married-civ-spouse,Sales,Not-in-family,Black,Male,8069,0,75,United-States,0,0.9948599917296987,1,6,1.0
54,Self-emp-not-inc,133584,Some-college,10,Married-civ-spouse,Craft-repair,Husband,White,Male,12422,0,55,El-Salvador,0,0.9989764071851805,1,6,1.0
31,Private,119075,Some-college,10,Never-married,Handlers-cleaners,Own-child,White,Male,5390,0,65,United-States,0,0.08841776353409923,0,6,1.0
37,Private,385646,HS-grad,9,Never-married,Farming-fishing,Own-child,White,Male,10932,0,55,United-States,0,0.9955802390136027,1,6,1.0
69,Private,75673,Some-college,10,Widowed,Adm-clerical,Unmarried,Asian-Pac-Islander,Female,5313,0,55,United-States,0,0.15572288188307867,0,6,1.0
51,Local-gov,178100,Masters,14,Divorced,Prof-specialty,Unmarried,White,Female,7343,0,55,United-States,0,0.9283064324946185,1,6,1.0
35,Private,173535,HS-grad,9,Never-married,Sales,Own-child,White,Male,7745,0,55,United-States,0,0.9126770070139086,1,6,1.0
75,Private,137192,Bachelors,13,Married-civ-spouse,Craft-repair,Husband,Asian-Pac-Islander,Male,12937,0,55,South,0,0.9897393721836539,1,6,1.0
55,Private,300528,Some-college,10,Married-civ-spouse,Transport-moving,Husband,White,Male,9706,0,55,United-States,0,0.9985513056869874,1,6,1.0
33,Private,131230,Some-college,10,Never-married,Tech-support,Own-child,White,Male,8905,0,45,United-States,0,0.9950808128532305,1,6,1.0
62,Private,34067,Assoc-voc,11,Married-civ-spouse,Exec-managerial,Husband,White,Male,2617,0,65,United-States,1,0.22057546314716886,0,6,1.0
42,Federal-gov,49398,Bachelors,13,Married-civ-spouse,Prof-specialty,Husband,White,Male,7253,0,55,United-States,1,0.9980344140408193,1,6,1.0
76,Private,312498,Bachelors,13,Married-civ-spouse,Sales,Husband,White,Male,9848,0,55,United-States,0,0.9834022836081258,1,6,1.0
62,Local-gov,124076,Bachelors,13,Married-civ-spouse,Prof-specialty,Wife,White,Female,14005,0,55,United-States,1,0.9939285692092538,1,6,1.0
36,Private,177287,Some-college,10,Never-married,Handlers-cleaners,Own-child,White,Female,7208,0,45,United-States,0,0.8136857890173754,1,6,1.0
64,Self-emp-inc,311259,HS-grad,9,Married-civ-spouse,Sales,Husband,White,Male,13584,0,55,United-States,1,0.9847194711717603,1,6,1.0
36,Private,187937,Bachelors,13,Never-married,Prof-specialty,Unmarried,White,Female,10182,0,55,United-States,0,0.9953758589522542,1,6,1.0
82,Private,118902,Bachelors,13,Married-civ-spouse,Adm-clerical,Husband,White,Male,11599,0,55,Scotland,0,0.9896348860582922,1,6,1.0
38,Private,102264,Some-college,10,Never-married,Craft-repair,Not-in-family,White,Male,11789,0,55,United-States,0,0.9986289140113523,1,6,1.0
41,Private,319998,9th,5,Married-civ-spouse,Craft-repair,Husband,White,Male,14021,0,55,United-States,0,0.998930181413439,1,6,1.0
65,Private,124963,HS-grad,9,Divorced,Handlers-cleaners,Not-in-family,White,Male,6919,0,55,United-States,0,0.037321962458280546,0,6,1.0
38,Private,311497,Bachelors,13,Never-married,Exec-managerial,Not-in-family,White,Female,14959,0,55,United-States,0,0.9987819812695298,1,6,1.0
45,Private,168030,HS-grad,9,Divorced,Other-service,Unmarried,White,Female,502,0,47,United-States,0,0.014085118218823628,0,6,1.0
37,Private,181814,Some-college,10,Never-married,Adm-clerical,Other-relative,White,Female,6530,0,55,United-States,0,0.10453367546037039,0,6,1.0
56,Federal-gov,251305,Assoc-acdm,12,Married-civ-spouse,Adm-clerical,Husband,White,Male,11582,0,55,United-States,1,0.9991798001816709,1,6,1.0
67,Private,125000,Prof-school,15,Married-civ-spouse,Exec-managerial,Husband,White,Male,2020,0,75,United-States,1,0.4038197945914873,0,6,1.0
44,Federal-gov,44777,HS-grad,9,Separated,Machine-op-inspct,Not-in-family,Black,Male,268,0,61,United-States,0,0.009408993539578869,0,6,1.0
49,,172256,Some-college,10,Married-civ-spouse,,Husband,White,Male,11562,0,35,United-States,0,0.998850065368586,1,6,1.0
52,Self-emp-inc,207578,HS-grad,9,Married-civ-spouse,Adm-clerical,Husband,White,Male,1066,0,65,United-States,1,0.09628182553890481,0,6,1.0
30,Private,39222,11th,7,Never-married,Handlers-cleaners,Own-child,White,Male,84,0,45,United-States,0,0.0028689842110593126,0,6,1.0
39,Private,189565,Doctorate,16,Married-civ-spouse,Prof-specialty,Husband,White,Male,457,0,55,United-States,1,0.38840161309463667,0,6,1.0
32,Private,332931,Some-college,10,Never-married,Other-service,Own-child,White,Female,4574,0,55,United-States,0,0.02631497175983692,0,6,1.0
75,Private,216413,Bachelors,13,Widowed,Adm-clerical,Not-in-family,White,Female,12700,0,40,United-States,0,0.997278723429976,1,6,1.0
71,Private,135617,11th,7,Married-civ-spouse,Craft-repair,Husband,White,Male,11682,0,55,United-States,0,0.9771665089143516,1,6,1.0
38,Private,151810,10th,6,Never-married,Farming-fishing,Not-in-family,Black,Male,4270,0,55,United-States,0,0.08800760456782591,0,6,1.0
40,Private,126743,5th-6th,3,Never-married,Other-service,Other-relative,White,Male,5355,0,67,Mexico,0,0.09018631296806806,0,6,1.0
61,Federal-gov,168232,HS-grad,9,Married-civ-spouse,Adm-clerical,Husband,White,Male,12716,0,55,United-States,1,0.9830542956437544,1,6,1.0
46,Private,275771,HS-grad,9,Divorced,Exec-managerial,Unmarried,White,Female,13905,0,65,United-States,0,0.9909090347179736,1,6,1.0
50,Private,108140,Bachelors,13,Never-married,Exec-managerial,Not-in-family,White,Male,2954,0,60,United-States,0,0.10601317303322919,0,6,1.0
36,Self-emp-inc,189148,Some-college,10,Never-married,Transport-moving,Own-child,White,Male,8681,0,55,United-States,0,0.995613727479606,1,6,1.0
31,Private,175820,11th,7,Never-married,Handlers-cleaners,Own-child,White,Male,4824,0,40,United-States,0,0.6210657434261267,0,6,1.0
38,Private,292692,12th,8,Never-married,Craft-repair,Not-in-family,White,Male,2672,0,55,Mexico,0,0.00781898310494689,0,6,1.0
39,Private,42734,Some-college,10,Never-married,Other-service,Not-in-family,White,Male,13646,0,40,United-States,0,0.9980211084728656,1,6,1.0
59,Local-gov,140644,Some-college,10,Married-civ-spouse,Protective-serv,Husband,White,Male,9146,0,55,United-States,1,0.9987891752043994,1,6,1.0
62,Private,124963,Bachelors,13,Married-civ-spouse,Exec-managerial,Husband,White,Male,99999,0,70,United-States,1,0.9963882924636649,1,6,1.0
63,Self-emp-not-inc,186845,Bachelors,13,Married-civ-spouse,Farming-fishing,Husband,White,Male,5363,0,23,United-States,0,0.8922564066295995,1,6,1.0
39,Private,399123,HS-grad,9,Never-married,Handlers-cleaners,Other-relative,Black,Male,11380,1719,55,United-States,0,0.9941870142394289,1,6,1.0
67,Private,186479,HS-grad,9,Married-civ-spouse,Exec-managerial,Husband,White,Male,6732,0,55,United-States,0,0.8703456322154383,1,6,1.0
72,Self-emp-inc,328011,Some-college,10,Married-civ-spouse,Craft-repair,Husband,White,Male,10491,0,35,United-States,0,0.79740491321793,1,6,1.0
29,Private,176467,9th,5,Never-married,Transport-moving,Not-in-family,White,Male,11404,0,35,United-States,0,0.9975695230102233,1,6,1.0
46,Federal-gov,117362,HS-grad,9,Divorced,Other-service,Not-in-family,White,Female,12538,0,55,United-States,0,0.9982494007747608,1,6,1.0
44,,161309,Prof-school,15,Married-civ-spouse,,Wife,White,Female,28812,0,65,United-States,1,0.9990903062198617,1,6,1.0
33,Private,164920,Some-college,10,Never-married,Other-service,Own-child,White,Female,9278,0,55,United-States,0,0.995519586930832,1,6,1.0
42,Private,159323,Some-college,10,Divorced,Sales,Unmarried,White,Female,4487,0,80,Canada,0,0.16074074669588087,0,6,1.0
33,Private,209483,Some-college,10,Never-married,Sales,Own-child,White,Female,6179,0,35,United-States,0,0.06798219059044214,0,6,1.0
58,Private,108699,Some-college,10,Divorced,Sales,Not-in-family,White,Female,5350,0,55,United-States,0,0.22717414940265826,0,6,1.0
56,State-gov,174325,Masters,14,Married-civ-spouse,Prof-specialty,Husband,Black,Male,8953,0,55,United-States,1,0.9986931218968674,1,6,1.0
40,Private,141350,Bachelors,13,Married-civ-spouse,Exec-managerial,Husband,White,Male,9911,0,60,United-States,0,0.9988320176107616,1,6,1.0
48,Federal-gov,72338,Bachelors,13,Married-civ-spouse,Prof-specialty,Husband,Asian-Pac-Islander,Male,2772,0,55,United-States,1,0.4812616620945597,0,6,1.0
82,Self-emp-not-inc,205860,Masters,14,Married-civ-spouse,Exec-managerial,Husband,Black,Male,10288,0,55,United-States,0,0.9696341065163787,1,6,1.0
65,Private,290640,HS-grad,9,Married-civ-spouse,Other-service,Husband,White,Male,8544,0,65,Germany,1,0.9708079746832974,1,6,1.0
34,Private,135716,HS-grad,9,Married-civ-spouse,Handlers-cleaners,Husband,White,Male,10639,0,55,United-States,0,0.9982816055909901,1,6,1.0
42,Private,230224,Bachelors,13,Never-married,Exec-managerial,Not-in-family,White,Male,14878,0,70,United-States,1,0.9988840707329218,1,6,1.0
41,Private,113870,1st-4th,2,Married-civ-spouse,Other-service,Husband,White,Male,4207,0,55,,0,0.01353575845060194,0,6,1.0
50,Private,173858,Bachelors,13,Married-civ-spouse,Exec-managerial,Husband,Asian-Pac-Islander,Male,18182,0,50,China,1,0.9992197983497989,1,6,1.0
68,State-gov,102791,HS-grad,9,Divorced,Adm-clerical,Own-child,White,Female,1608,0,50,United-States,0,0.015902289831489343,0,6,1.0
39,Private,147839,Some-college,10,Never-married,Handlers-cleaners,Not-in-family,White,Male,1059,0,53,United-States,0,0.018599111820869905,0,6,1.0
39,Private,155038,Some-college,10,Never-married,Other-service,Own-child,Black,Male,10130,0,55,United-States,0,0.9936072755742128,1,6,1.0
42,Private,132565,Some-college,10,Never-married,Craft-repair,Unmarried,White,Male,243,0,55,United-States,0,0.031060111055272448,0,6,1.0
52,Private,33895,HS-grad,9,Divorced,Tech-support,Not-in-family,White,Female,2801,0,55,United-States,0,0.01097697516051457,0,6,1.0
51,Private,126161,Doctorate,16,Never-married,Prof-specialty,Not-in-family,White,Male,3632,0,60,United-States,0,0.18528536337513918,0,6,1.0
53,Private,143046,Masters,14,Never-married,Adm-clerical,Not-in-family,White,Female,2199,0,55,United-States,0,0.030483007548301157,0,6,1.0
57,Local-gov,111994,Masters,14,Married-civ-spouse,Prof-specialty,Husband,White,Male,9032,0,55,United-States,1,0.9984274696734942,1,6,1.0
71,Private,217747,HS-grad,9,Married-civ-spouse,Transport-moving,Husband,Black,Male,8513,0,55,United-States,1,0.9774542136970189,1,6,1.0
69,Private,64960,Assoc-voc,11,Married-civ-spouse,Prof-specialty,Husband,White,Male,6125,1902,60,United-States,0,0.9960491693997235,1,6,1.0
90,,42435,10th,6,Widowed,,Not-in-family,White,Male,2672,0,35,United-States,0,0.008105949300839856,0,6,1.0
79,,101761,Some-college,10,Married-civ-spouse,,Husband,White,Male,13449,0,55,United-States,1,0.9886244010776173,1,6,1.0
51,Private,44041,Assoc-acdm,12,Married-spouse-absent,Adm-clerical,Other-relative,White,Male,14934,0,75,United-States,0,0.9974794575174423,1,6,1.0
34,Private,221694,Some-college,10,Never-married,Protective-serv,Not-in-family,White,Male,410,0,75,United-States,0,0.04693957362490457,0,6,1.0
70,Private,199067,Bachelors,13,Divorced,Exec-managerial,Not-in-family,White,Male,8320,0,80,United-States,1,0.9958952693399015,1,6,1.0
59,Private,114459,Doctorate,16,Married-civ-spouse,Prof-specialty,Husband,White,Male,2292,0,65,United-States,1,0.39305012490492536,0,6,1.0
76,,178556,10th,6,Married-civ-spouse,,Husband,White,Male,11125,0,71,United-States,1,0.9840650356857138,1,6,1.0
32,Private,108887,HS-grad,9,Never-married,Machine-op-inspct,Own-child,White,Female,110,0,55,United-States,0,0.00486093567267425,0,6,1.0
46,Private,174789,Some-college,10,Married-civ-spouse,Other-service,Husband,White,Male,2839,0,65,United-States,0,0.06748558732857893,0,6,1.0
40,,230704,HS-grad,9,Never-married,,Not-in-family,Black,Male,5157,0,55,United-States,0,0.12041370711259758,0,6,1.0
40,Private,133937,Bachelors,13,Married-civ-spouse,Adm-clerical,Husband,White,Male,21748,0,70,United-States,1,0.9990362509173846,1,6,1.0
57,,27184,HS-grad,9,Widowed,,Unmarried,White,Female,7264,0,53,United-States,0,0.8145684210387024,1,6,1.0
37,Private,40915,Bachelors,13,Never-married,Exec-managerial,Not-in-family,White,Female,7340,0,55,United-States,1,0.7935122073604284,1,6,1.0
65,Private,299080,Some-college,10,Never-married,Adm-clerical,Unmarried,Black,Female,11896,0,55,United-States,0,0.9962489415758014,1,6,1.0
58,Private,126513,HS-grad,9,Separated,Craft-repair,Unmarried,Black,Female,6195,0,55,,0,0.14177476154620045,0,6,1.0
49,Private,227545,Some-college,10,Married-civ-spouse,Sales,Husband,White,Male,2247,0,59,United-States,1,0.1564980558936413,0,6,1.0
70,Private,94345,HS-grad,9,Married-civ-spouse,Sales,Husband,White,Male,8127,0,55,United-States,0,0.9798460358692507,1,6,1.0
76,Private,631947,10th,6,Married-civ-spouse,Adm-clerical,Husband,White,Male,12817,0,55,United-States,0,0.9761109360512453,1,6,1.0
31,Private,318002,HS-grad,9,Never-married,Adm-clerical,Own-child,White,Male,3544,0,55,United-States,0,0.007503715519077454,0,6,1.0
68,Federal-gov,255386,Some-college,10,Married-civ-spouse,Adm-clerical,Husband,Asian-Pac-Islander,Male,6221,0,55,Laos,0,0.990223625302224,1,6,1.0
61,Federal-gov,89334,Bachelors,13,Married-civ-spouse,Prof-specialty,Husband,White,Male,1762,0,55,United-States,0,0.41109257519946796,0,6,1.0
39,State-gov,136077,Bachelors,13,Never-married,Prof-specialty,Not-in-family,White,Male,10356,0,55,United-States,0,0.99828418684748,1,6,1.0
36,State-gov,138513,Bachelors,13,Never-married,Prof-specialty,Not-in-family,White,Male,7768,0,35,United-States,0,0.889128473726986,1,6,1.0
60,Private,177775,HS-grad,9,Divorced,Exec-managerial,Not-in-family,White,Female,5945,0,55,United-States,0,0.2459403962640169,0,6,1.0
54,Private,44121,Masters,14,Divorced,Prof-specialty,Not-in-family,White,Female,12102,1876,55,United-States,0,0.996014752116427,1,6,1.0
59,Self-emp-inc,308241,HS-grad,9,Married-civ-spouse,Sales,Wife,White,Female,9581,0,55,United-States,0,0.9981586200262185,1,6,1.0
57,Private,34248,HS-grad,9,Married-civ-spouse,Sales,Husband,White,Male,11354,0,65,United-States,0,0.9989631595798948,1,6,1.0
52,Self-emp-not-inc,154076,Assoc-acdm,12,Married-civ-spouse,Exec-managerial,Husband,White,Male,9779,0,75,United-States,0,0.9980870107629309,1,6,1.0
45,Private,157568,HS-grad,9,Married-civ-spouse,Machine-op-inspct,Husband,White,Male,12067,0,55,United-States,0,0.9989741253418102,1,6,1.0
32,Private,193130,Some-college,10,Never-married,Adm-clerical,Own-child,White,Female,8637,0,45,United-States,0,0.9941226287783046,1,6,1.0
63,Private,59840,HS-grad,9,Divorced,Handlers-cleaners,Not-in-family,White,Male,15751,0,55,United-States,0,0.9966022324682254,1,6,1.0
47,Private,89040,HS-grad,9,Married-civ-spouse,Handlers-cleaners,Husband,White,Male,7623,0,55,United-States,1,0.9978783675298963,1,6,1.0
46,Private,176673,Some-college,10,Never-married,Sales,Other-relative,Black,Female,9240,0,50,United-States,0,0.9972587086318676,1,6,1.0
80,Self-emp-not-inc,365020,HS-grad,9,Married-civ-spouse,Sales,Husband,White,Male,5127,0,55,United-States,0,0.9790889850216222,1,6,1.0
65,Local-gov,215990,Some-college,10,Married-civ-spouse,Other-service,Husband,White,Male,5004,0,50,United-States,0,0.05224945502870065,0,6,1.0
59,Local-gov,216586,11th,7,Divorced,Other-service,Not-in-family,Black,Male,11192,0,55,United-States,0,0.99768376925261,1,6,1.0
72,Self-emp-inc,180512,9th,5,Married-civ-spouse,Craft-repair,Husband,White,Male,3880,0,60,United-States,1,0.029306396653701734,0,6,1.0
55,Private,191712,Bachelors,13,Never-married,Adm-clerical,Not-in-family,White,Male,11961,1741,55,United-States,0,0.9963596142153477,1,6,1.0
32,Local-gov,194630,Some-college,10,Never-married,Other-service,Not-in-family,White,Male,12538,0,55,United-States,0,0.998198054993751,1,6,1.0
65,Self-emp-not-inc,302847,HS-grad,9,Married-civ-spouse,Sales,Husband,White,Male,10697,0,50,United-States,0,0.9833545442476167,1,6,1.0
36,Local-gov,174413,Bachelors,13,Never-married,Prof-specialty,Not-in-family,White,Female,613,1974,55,United-States,0,0.012052132020284207,0,6,1.0
68,State-gov,93415,HS-grad,9,Widowed,Adm-clerical,Unmarried,Asian-Pac-Islander,Female,6411,0,55,United-States,0,0.1908134330420974,0,6,1.0
30,Private,150817,12th,8,Never-married,Protective-serv,Own-child,White,Female,2725,0,60,United-States,0,0.0053262810715244665,0,6,1.0
43,Private,247444,Assoc-voc,11,Married-civ-spouse,Machine-op-inspct,Husband,White,Male,8330,0,55,Columbia,0,0.9984101828416169,1,6,1.0
71,Private,121912,Some-college,10,Married-civ-spouse,Exec-managerial,Husband,White,Male,11973,0,55,United-States,1,0.9915516494683492,1,6,1.0
45,Private,63925,5th-6th,3,Never-married,Machine-op-inspct,Not-in-family,White,Male,14997,0,50,United-States,0,0.9979370771079283,1,6,1.0
38,State-gov,205333,Bachelors,13,Never-married,Prof-specialty,Not-in-family,White,Female,12296,0,25,United-States,0,0.9966357265894052,1,6,1.0
50,Private,168322,HS-grad,9,Married-civ-spouse,Transport-moving,Husband,White,Male,2484,0,75,United-States,0,0.09865409774465309,0,6,1.0
62,Private,201984,HS-grad,9,Divorced,Machine-op-inspct,Unmarried,White,Male,4336,0,55,United-States,0,0.49695316302893283,0,6,1.0
47,Local-gov,91124,Bachelors,13,Never-married,Exec-managerial,Not-in-family,White,Male,13263,0,55,United-States,0,0.9986565418693881,1,6,1.0
36,Local-gov,117023,Bachelors,13,Never-married,Prof-specialty,Own-child,White,Female,14787,0,55,United-States,0,0.9970603407026536,1,6,1.0
44,Self-emp-not-inc,182926,Masters,14,Never-married,Prof-specialty,Not-in-family,White,Male,5758,0,55,United-States,0,0.4971300054220422,0,6,1.0
31,,181242,Some-college,10,Never-married,,Own-child,White,Male,4801,0,55,United-States,0,0.788256848244796,1,6,1.0
50,Private,461337,HS-grad,9,Never-married,Sales,Not-in-family,White,Female,1771,0,48,United-States,0,0.011514926720229312,0,6,1.0
51,Self-emp-inc,114844,Prof-school,15,Married-civ-spouse,Prof-specialty,Husband,White,Male,99999,0,80,United-States,1,0.9991878591550512,1,6,1.0
54,State-gov,119008,Assoc-acdm,12,Divorced,Tech-support,Not-in-family,Black,Female,8694,1974,55,United-States,0,0.9918231921792067,1,6,1.0
46,Private,182926,HS-grad,9,Married-civ-spouse,Craft-repair,Husband,White,Male,7532,0,58,United-States,1,0.9979843437736824,1,6,1.0
47,Private,30529,HS-grad,9,Married-civ-spouse,Handlers-cleaners,Husband,White,Male,3532,0,55,United-States,0,0.07565811481289414,0,6,1.0
65,Private,183973,11th,7,Married-civ-spouse,Machine-op-inspct,Husband,White,Male,3754,0,63,United-States,1,0.033778282401872965,0,6,1.0
48,Local-gov,380614,Bachelors,13,Married-civ-spouse,Adm-clerical,Wife,White,Female,9688,0,50,Germany,1,0.9990376388869244,1,6,1.0
53,Federal-gov,193882,HS-grad,9,Never-married,Adm-clerical,Own-child,White,Male,620,0,55,United-States,0,0.015096602603678493,0,6,1.0
34,Private,406978,Bachelors,13,Never-married,Exec-managerial,Other-relative,White,Female,10500,0,55,United-States,0,0.9973456264874958,1,6,1.0
76,Self-emp-not-inc,388625,10th,6,Married-civ-spouse,Prof-specialty,Husband,White,Male,3614,0,25,United-States,1,0.021056288878861476,0,6,1.0
48,Self-emp-not-inc,160120,Bachelors,13,Married-civ-spouse,Sales,Husband,Other,Male,11204,0,60,,0,0.9990101033768642,1,6,1.0
69,Private,161662,HS-grad,9,Married-spouse-absent,Craft-repair,Not-in-family,White,Male,12801,0,55,United-States,0,0.9973729407606039,1,6,1.0
36,Private,91189,HS-grad,9,Married-civ-spouse,Craft-repair,Husband,White,Male,1873,0,55,United-States,0,0.06938637875468519,0,6,1.0
68,Private,53481,HS-grad,9,Married-civ-spouse,Machine-op-inspct,Husband,White,Male,1681,0,55,United-States,0,0.08648446538303234,0,6,1.0
57,Private,201127,HS-grad,9,Married-civ-spouse,Machine-op-inspct,Husband,White,Male,9700,0,55,United-States,0,0.9984231410531055,1,6,1.0
58,Self-emp-not-inc,51271,HS-grad,9,Married-civ-spouse,Farming-fishing,Husband,White,Male,19321,0,85,United-States,0,0.9978051127155734,1,6,1.0
45,Private,272411,Bachelors,13,Never-married,Exec-managerial,Not-in-family,White,Female,13305,0,55,United-States,0,0.9988118677078047,1,6,1.0
38,Private,205036,HS-grad,9,Never-married,Handlers-cleaners,Not-in-family,White,Male,7340,0,57,United-States,0,0.6792710713910112,1,6,1.0
30,Private,469921,Some-college,10,Never-married,Prof-specialty,Own-child,White,Female,9070,0,55,United-States,0,0.9969983251755649,1,6,1.0
29,Private,207791,10th,6,Never-married,Handlers-cleaners,Own-child,White,Male,13168,0,35,United-States,0,0.9935916913159242,1,6,1.0
62,Federal-gov,189831,HS-grad,9,Married-civ-spouse,Tech-support,Husband,White,Male,16134,0,65,United-States,1,0.9796066922444483,1,6,1.0
52,Local-gov,147372,Some-college,10,Never-married,Protective-serv,Not-in-family,White,Male,1514,2444,55,United-States,1,0.7000340957080975,1,6,1.0
66,Private,220115,HS-grad,9,Married-civ-spouse,Craft-repair,Husband,White,Male,607,1628,55,United-States,0,0.001641186161612783,0,6,1.0
77,Self-emp-not-inc,118474,11th,7,Married-civ-spouse,Exec-managerial,Husband,White,Male,16516,0,74,,1,0.9886723441069756,1,6,1.0
38,Private,165510,HS-grad,9,Divorced,Craft-repair,Unmarried,White,Male,6479,0,55,United-States,0,0.08599000085606748,0,6,1.0
45,Self-emp-not-inc,422960,Some-college,10,Married-civ-spouse,Prof-specialty,Wife,White,Female,12254,0,75,United-States,1,0.9991186990797327,1,6,1.0
35,Private,175424,Some-college,10,Never-married,Adm-clerical,Own-child,Black,Female,7856,0,55,United-States,0,0.8845743697163504,1,6,1.0
33,Private,109952,HS-grad,9,Married-civ-spouse,Craft-repair,Husband,White,Male,6635,0,55,United-States,0,0.9826854524541816,1,6,1.0
39,Private,159623,Some-college,10,Married-civ-spouse,Sales,Husband,White,Male,13320,0,55,United-States,0,0.999066849421135,1,6,1.0
40,Private,197222,Some-college,10,Never-married,Tech-support,Own-child,White,Female,14512,0,53,United-States,0,0.9969162914081867,1,6,1.0
65,Private,295520,9th,5,Widowed,Sales,Unmarried,Black,Female,14057,0,40,United-States,0,0.992144240664255,1,6,1.0
50,Private,188503,Some-college,10,Never-married,Adm-clerical,Unmarried,White,Female,16660,0,50,United-States,0,0.9989994904348779,1,6,1.0
42,Private,93884,Bachelors,13,Married-civ-spouse,Prof-specialty,Husband,White,Male,5982,0,60,United-States,1,0.9894456127762664,1,6,1.0
35,Private,256278,7th-8th,4,Married-civ-spouse,Handlers-cleaners,Other-relative,Other,Female,7074,0,45,El-Salvador,0,0.9870705353622035,1,6,1.0
42,Private,255885,Some-college,10,Married-civ-spouse,Sales,Husband,White,Male,8792,0,65,United-States,0,0.9985185689140431,1,6,1.0
35,Private,119156,HS-grad,9,Married-civ-spouse,Craft-repair,Husband,White,Male,13233,0,55,United-States,0,0.9990062281022475,1,6,1.0
54,Private,46019,Some-college,10,Married-civ-spouse,Craft-repair,Husband,Amer-Indian-Eskimo,Male,11132,0,65,United-States,1,0.9988020067162822,1,6,1.0
62,Private,548361,Bachelors,13,Married-civ-spouse,Tech-support,Husband,White,Male,10489,0,35,United-States,1,0.9656371267917893,1,6,1.0
43,Private,289889,Assoc-voc,11,Never-married,Tech-support,Not-in-family,White,Male,14502,0,55,United-States,0,0.9984849847199274,1,6,1.0
49,Private,186035,Assoc-acdm,12,Married-civ-spouse,Craft-repair,Husband,White,Male,4196,0,70,United-States,0,0.23623630319211883,0,6,1.0
64,Private,279344,Masters,14,Married-civ-spouse,Exec-managerial,Wife,White,Female,17806,0,75,United-States,1,0.9952344576158685,1,6,1.0
34,Private,203240,10th,6,Never-married,Adm-clerical,Not-in-family,White,Female,11058,0,55,United-States,0,0.9972969253853874,1,6,1.0
41,Private,94892,Some-college,10,Married-civ-spouse,Prof-specialty,Husband,White,Male,625,0,55,United-States,0,0.10964716942765347,0,6,1.0
61,Private,167159,Some-college,10,Married-civ-spouse,Machine-op-inspct,Husband,White,Male,9326,0,55,United-States,0,0.988423897854675,1,6,1.0
30,Private,115839,12th,8,Never-married,Adm-clerical,Not-in-family,White,Female,10984,0,45,United-States,0,0.9980593767140751,1,6,1.0
51,Private,127573,HS-grad,9,Never-married,Exec-managerial,Not-in-family,White,Female,14388,0,60,United-States,0,0.9984669256002541,1,6,1.0
43,Private,100734,Doctorate,16,Never-married,Prof-specialty,Not-in-family,White,Female,9818,0,43,United-States,0,0.9984871038101482,1,6,1.0
49,Private,249208,Assoc-voc,11,Married-civ-spouse,Prof-specialty,Husband,White,Male,3398,0,63,United-States,1,0.10823157542737212,0,6,1.0
48,Private,265881,HS-grad,9,Divorced,Machine-op-inspct,Unmarried,White,Female,11260,0,55,United-States,0,0.9925040115287945,1,6,1.0
47,Private,410034,Some-college,10,Divorced,Sales,Not-in-family,White,Male,13424,0,65,United-States,0,0.9984425716988287,1,6,1.0
36,Private,424494,Bachelors,13,Married-civ-spouse,Prof-specialty,Husband,White,Male,8848,0,45,United-States,0,0.9987903143094878,1,6,1.0
44,Private,193380,HS-grad,9,Never-married,Transport-moving,Own-child,White,Male,9738,0,55,United-States,0,0.9952607010886103,1,6,1.0
58,Private,403911,HS-grad,9,Married-civ-spouse,Craft-repair,Husband,Black,Male,10765,1902,55,United-States,1,0.9994056232564016,1,6,1.0
58,Self-emp-not-inc,131091,Bachelors,13,Married-civ-spouse,Sales,Husband,White,Male,1501,1902,55,United-States,1,0.8547845732820459,1,6,1.0
47,Private,180342,HS-grad,9,Married-civ-spouse,Craft-repair,Husband,White,Male,3956,0,55,United-States,0,0.0861854943804397,0,6,1.0
55,Private,184625,HS-grad,9,Married-civ-spouse,Adm-clerical,Wife,White,Female,13091,0,55,United-States,1,0.9988365336403393,1,6,1.0
37,Private,131463,Bachelors,13,Married-civ-spouse,Prof-specialty,Husband,White,Male,13444,0,55,United-States,0,0.999061488886588,1,6,1.0
44,Private,46691,Bachelors,13,Never-married,Adm-clerical,Not-in-family,White,Female,12213,0,55,United-States,0,0.9983833186811328,1,6,1.0
45,Private,222205,HS-grad,9,Married-civ-spouse,Craft-repair,Wife,White,Female,7793,0,55,United-States,1,0.9978714944064583,1,6,1.0
56,Private,244974,HS-grad,9,Married-civ-spouse,Sales,Husband,White,Male,6735,0,75,United-States,0,0.9752291990280856,1,6,1.0
44,Private,86723,HS-grad,9,Never-married,Other-service,Not-in-family,White,Male,10939,0,67,United-States,0,0.9982756869009815,1,6,1.0
36,Private,183594,Assoc-voc,11,Never-married,Craft-repair,Own-child,White,Male,924,0,35,United-States,0,0.008752323667992713,0,6,1.0
90,Private,141758,9th,5,Never-married,Adm-clerical,Not-in-family,White,Female,4520,0,55,United-States,0,0.018020995080748434,0,6,1.0
46,Private,158615,Some-college,10,Married-civ-spouse,Handlers-cleaners,Husband,White,Male,12247,0,55,United-States,0,0.999092990882502,1,6,1.0
46,Private,181372,11th,7,Married-civ-spouse,Other-service,Wife,White,Female,13315,0,38,United-States,0,0.9992043474107136,1,6,1.0
44,Private,194141,HS-grad,9,Divorced,Machine-op-inspct,Own-child,White,Male,6614,0,65,United-States,0,0.2632485340286138,0,6,1.0
68,Private,257555,Masters,14,Married-civ-spouse,Prof-specialty,Husband,White,Male,10680,0,55,United-States,1,0.9947174360615021,1,6,1.0
43,Private,197023,Assoc-voc,11,Married-civ-spouse,Machine-op-inspct,Husband,Amer-Indian-Eskimo,Male,734,0,55,United-States,0,0.11356638893381073,0,6,1.0
54,Private,29702,HS-grad,9,Married-civ-spouse,Craft-repair,Husband,White,Male,1461,0,57,United-States,1,0.1386295705611901,0,6,1.0
36,Private,258298,Assoc-voc,11,Never-married,Tech-support,Not-in-family,White,Male,5016,0,60,United-States,0,0.2458247736025707,0,6,1.0
55,Private,162108,Bachelors,13,Never-married,Adm-clerical,Not-in-family,White,Female,2234,0,55,United-States,0,0.023536218641804652,0,6,1.0
47,Private,162302,Some-college,10,Never-married,Tech-support,Own-child,White,Female,7189,0,47,United-States,0,0.9260238769970299,1,6,1.0
33,Private,177125,Some-college,10,Never-married,Handlers-cleaners,Not-in-family,White,Male,8510,0,35,United-States,0,0.995103593720724,1,6,1.0
45,Self-emp-not-inc,134886,Bachelors,13,Married-civ-spouse,Prof-specialty,Wife,White,Female,2646,0,65,United-States,1,0.18896076673212714,0,6,1.0
61,Local-gov,193249,Assoc-acdm,12,Married-civ-spouse,Adm-clerical,Husband,White,Male,11581,0,55,United-States,0,0.9916431291585376,1,6,1.0
33,Private,198050,Assoc-acdm,12,Never-married,Adm-clerical,Not-in-family,White,Female,11594,0,40,United-States,0,0.9980426305333798,1,6,1.0
34,Private,210165,Some-college,10,Never-married,Craft-repair,Not-in-family,White,Male,5500,0,65,United-States,0,0.2315088617812843,0,6,1.0
30,,184502,11th,7,Never-married,,Own-child,Black,Male,10200,0,45,United-States,0,0.9874893343535904,1,6,1.0
41,Private,183523,Masters,14,Married-civ-spouse,Prof-specialty,Husband,White,Male,13377,1977,55,United-States,1,0.9995125802282816,1,6,1.0
61,Private,105449,Bachelors,13,Never-married,Priv-house-serv,Not-in-family,White,Male,10267,0,40,United-States,0,0.9725046695235022,1,6,1.0
40,Private,88419,HS-grad,9,Never-married,Exec-managerial,Not-in-family,Asian-Pac-Islander,Female,9216,0,55,England,0,0.9977928541230542,1,6,1.0
51,Private,132879,Some-college,10,Married-civ-spouse,Exec-managerial,Husband,White,Male,2752,0,65,United-States,1,0.23737362759502445,0,6,1.0
33,Private,147344,HS-grad,9,Never-married,Transport-moving,Other-relative,White,Male,6526,0,75,,0,0.16548278780302722,0,6,1.0
53,Private,253759,HS-grad,9,Never-married,Sales,Unmarried,Black,Female,12232,0,55,United-States,0,0.9981104615448153,1,6,1.0
77,,486436,Some-college,10,Married-civ-spouse,,Husband,White,Male,4325,0,60,United-States,1,0.9451856043277956,1,6,1.0
65,Private,95469,Bachelors,13,Married-civ-spouse,Adm-clerical,Husband,White,Male,14175,1902,55,United-States,1,0.993312594902424,1,6,1.0
60,Private,178137,HS-grad,9,Divorced,Machine-op-inspct,Unmarried,White,Female,4625,0,59,United-States,0,0.05368640603913397,0,6,1.0
43,Private,168854,Some-college,10,Never-married,Sales,Not-in-family,White,Male,10138,1504,55,United-States,0,0.9975297984599558,1,6,1.0
68,Private,329059,HS-grad,9,Married-civ-spouse,Machine-op-inspct,Husband,White,Male,487,0,55,Italy,1,0.07409745519401287,0,6,1.0
55,,35523,Assoc-acdm,12,Divorced,,Not-in-family,White,Female,8934,0,50,United-States,0,0.9969371703441855,1,6,1.0
33,Private,77759,Some-college,10,Never-married,Sales,Own-child,White,Female,11336,0,30,United-States,0,0.9934738151910316,1,6,1.0
43,Private,162572,Bachelors,13,Married-civ-spouse,Sales,Husband,White,Male,29965,0,75,United-States,1,0.9990702718796083,1,6,1.0
69,Private,217886,HS-grad,9,Widowed,Adm-clerical,Not-in-family,White,Female,6740,0,51,United-States,0,0.09688322284322,0,6,1.0
66,Self-emp-not-inc,175804,Bachelors,13,Married-civ-spouse,Exec-managerial,Husband,White,Male,7062,0,55,United-States,1,0.9929381010200353,1,6,1.0
41,Private,254450,Assoc-voc,11,Never-married,Tech-support,Not-in-family,White,Female,7465,0,55,United-States,0,0.8850698011466764,1,6,1.0
39,Local-gov,331046,Bachelors,13,Never-married,Prof-specialty,Not-in-family,White,Female,4247,0,60,United-States,0,0.35839845959628447,0,6,1.0
59,State-gov,189123,HS-grad,9,Married-civ-spouse,Other-service,Husband,White,Male,13360,0,55,United-States,0,0.9990811292905789,1,6,1.0
53,State-gov,129865,HS-grad,9,Divorced,Craft-repair,Unmarried,White,Male,987,0,55,United-States,0,0.03993090612297939,0,6,1.0
32,Private,109952,Some-college,10,Never-married,Handlers-cleaners,Own-child,White,Male,3539,0,40,United-States,0,0.002198941286135752,0,6,1.0
46,Private,185820,HS-grad,9,Married-civ-spouse,Sales,Wife,Black,Female,13781,0,55,United-States,0,0.9990167795744903,1,6,1.0
41,Local-gov,272569,10th,6,Never-married,Farming-fishing,Not-in-family,White,Male,11472,0,55,United-States,0,0.9975834161603815,1,6,1.0
42,Private,55291,Bachelors,13,Married-civ-spouse,Prof-specialty,Husband,White,Male,10773,0,55,United-States,1,0.9989575236512678,1,6,1.0
87,Private,186808,11th,7,Married-civ-spouse,Protective-serv,Husband,Black,Male,13004,0,65,United-States,1,0.970960273543411,1,6,1.0
43,Private,93326,Some-college,10,Separated,Adm-clerical,Own-child,White,Female,10132,0,55,United-States,0,0.9928926732081589,1,6,1.0
53,Private,397346,Some-college,10,Married-civ-spouse,Sales,Husband,White,Male,12259,0,65,United-States,0,0.9991811159996659,1,6,1.0
64,Private,164530,11th,7,Divorced,Machine-op-inspct,Not-in-family,Black,Female,1025,0,35,United-States,0,0.0029603274935691365,0,6,1.0
50,Local-gov,86643,Bachelors,13,Married-civ-spouse,Prof-specialty,Husband,White,Male,4404,0,60,United-States,1,0.17156088698717092,0,6,1.0
65,Private,346754,Some-college,10,Married-civ-spouse,Exec-managerial,Wife,White,Female,1141,0,55,United-States,1,0.14202314172864428,0,6,1.0
39,Private,208249,HS-grad,9,Married-civ-spouse,Handlers-cleaners,Husband,White,Male,14453,0,77,United-States,0,0.9988734511626505,1,6,1.0
55,Private,255635,5th-6th,3,Married-civ-spouse,Machine-op-inspct,Husband,Other,Male,8713,0,55,Mexico,0,0.9973076965912369,1,6,1.0
38,Private,292803,Some-college,10,Never-married,Other-service,Own-child,White,Female,5021,0,39,United-States,0,0.03803090500894007,0,6,1.0
54,Self-emp-inc,130126,Bachelors,13,Married-civ-spouse,Prof-specialty,Husband,White,Male,6336,1977,55,United-States,1,0.998523449374967,1,6,1.0
30,Private,201613,11th,7,Never-married,Sales,Own-child,White,Female,10685,0,20,United-States,0,0.9861364124368414,1,6,1.0
60,Private,101016,Masters,14,Divorced,Prof-specialty,Unmarried,White,Female,10918,0,55,United-States,0,0.9979888005721042,1,6,1.0
49,State-gov,108293,Assoc-acdm,12,Divorced,Prof-specialty,Unmarried,White,Female,2286,0,53,United-States,0,0.02228428023090521,0,6,1.0
76,Private,132519,HS-grad,9,Married-civ-spouse,Handlers-cleaners,Wife,Black,Female,1058,0,55,United-States,0,0.023326101766353337,0,6,1.0
52,Private,77975,Some-college,10,Married-civ-spouse,Exec-managerial,Husband,White,Male,8302,0,55,United-States,0,0.9985068104074637,1,6,1.0
78,Private,304957,HS-grad,9,Widowed,Priv-house-serv,Unmarried,White,Female,11005,0,40,United-States,0,0.9946676504138964,1,6,1.0
63,,123429,HS-grad,9,Married-civ-spouse,,Husband,White,Male,13527,0,55,United-States,0,0.9871948709075579,1,6,1.0
39,Private,292472,Some-college,10,Never-married,Craft-repair,Not-in-family,Asian-Pac-Islander,Male,4708,1876,60,Cambodia,0,0.71873159019348,1,6,1.0
37,Private,198512,Bachelors,13,Never-married,Exec-managerial,Not-in-family,White,Female,6627,0,55,United-States,0,0.17254215341578383,0,6,1.0
43,Private,324386,11th,7,Married-civ-spouse,Craft-repair,Husband,White,Male,12702,0,55,United-States,0,0.998977788220475,1,6,1.0
71,Self-emp-not-inc,165315,Bachelors,13,Married-civ-spouse,Prof-specialty,Husband,White,Male,99999,0,58,United-States,1,0.9852521025477949,1,6,1.0
54,Federal-gov,178470,HS-grad,9,Divorced,Adm-clerical,Not-in-family,White,Female,10953,0,55,United-States,0,0.9984679505381621,1,6,1.0
39,Private,255979,Bachelors,13,Married-civ-spouse,Machine-op-inspct,Husband,White,Male,4910,0,55,United-States,0,0.22995308652541993,0,6,1.0
70,Private,106707,5th-6th,3,Married-civ-spouse,Machine-op-inspct,Husband,Black,Male,4485,0,63,United-States,0,0.12189602754354069,0,6,1.0
47,Private,95708,Bachelors,13,Married-civ-spouse,Sales,Husband,Asian-Pac-Islander,Male,20011,0,75,United-States,1,0.9991667049171954,1,6,1.0
66,Private,93605,HS-grad,9,Married-civ-spouse,Sales,Husband,White,Male,9391,1848,55,United-States,1,0.9907722125443202,1,6,1.0
64,Private,183618,HS-grad,9,Married-civ-spouse,Handlers-cleaners,Husband,White,Male,14451,0,55,United-States,0,0.974389306172689,1,6,1.0
45,Private,231826,7th-8th,4,Married-civ-spouse,Machine-op-inspct,Husband,White,Male,11946,0,55,Mexico,0,0.9983089325108985,1,6,1.0
46,Local-gov,220066,Masters,14,Never-married,Prof-specialty,Not-in-family,White,Female,13012,0,65,United-States,0,0.9984406312226702,1,6,1.0
65,Local-gov,99682,Masters,14,Divorced,Prof-specialty,Not-in-family,White,Female,16497,0,55,United-States,0,0.9960701044176047,1,6,1.0
42,Private,209900,Bachelors,13,Married-civ-spouse,Craft-repair,Husband,White,Male,2207,0,55,United-States,0,0.2485563207123176,0,6,1.0
68,Private,179127,10th,6,Married-civ-spouse,Craft-repair,Husband,White,Male,5892,0,50,Italy,0,0.9809657217009492,1,6,1.0
46,Self-emp-not-inc,151733,Assoc-voc,11,Married-civ-spouse,Exec-managerial,Husband,White,Male,8494,0,70,United-States,0,0.9980874856278913,1,6,1.0
49,Private,355856,Bachelors,13,Married-civ-spouse,Craft-repair,Husband,Asian-Pac-Islander,Male,9042,0,55,Cambodia,1,0.9988357420789276,1,6,1.0
54,Private,282062,9th,5,Married-civ-spouse,Transport-moving,Husband,White,Male,8257,0,55,United-States,0,0.9980895358985679,1,6,1.0
58,Private,102597,Bachelors,13,Divorced,Prof-specialty,Unmarried,White,Female,14325,0,55,United-States,0,0.9979888005721042,1,6,1.0
44,Self-emp-not-inc,52647,10th,6,Married-civ-spouse,Exec-managerial,Husband,White,Male,11266,0,60,United-States,0,0.9986206261114756,1,6,1.0
35,Private,428299,HS-grad,9,Never-married,Craft-repair,Not-in-family,White,Male,6162,0,55,United-States,0,0.15943141759343307,0,6,1.0
50,Private,153685,11th,7,Divorced,Machine-op-inspct,Unmarried,Black,Female,8842,0,67,United-States,0,0.9966013435637436,1,6,1.0
43,Private,356882,HS-grad,9,Married-civ-spouse,Machine-op-inspct,Husband,White,Male,18145,0,55,United-States,0,0.9988546098729154,1,6,1.0
64,Federal-gov,221532,Bachelors,13,Married-civ-spouse,Protective-serv,Husband,White,Male,2687,0,60,United-States,1,0.33907785276198793,0,6,1.0
39,Private,289147,Bachelors,13,Never-married,Prof-specialty,Own-child,White,Female,2809,0,55,United-States,0,0.027389949019839235,0,6,1.0
59,Local-gov,273767,Bachelors,13,Never-married,Prof-specialty,Not-in-family,White,Female,11173,0,65,United-States,0,0.9977658415130402,1,6,1.0
47,Private,89508,HS-grad,9,Married-civ-spouse,Transport-moving,Husband,White,Male,2796,0,65,United-States,1,0.08386910576862903,0,6,1.0
39,Private,360097,HS-grad,9,Never-married,Handlers-cleaners,Not-in-family,Black,Male,6241,0,55,United-States,0,0.06007105129226875,0,6,1.0
50,Private,169872,HS-grad,9,Separated,Adm-clerical,Unmarried,White,Female,9467,0,60,United-States,0,0.9966414816232249,1,6,1.0
45,Private,251120,Bachelors,13,Married-civ-spouse,Sales,Husband,White,Male,17763,0,65,United-States,1,0.9990498812877898,1,6,1.0
37,Local-gov,179059,Bachelors,13,Never-married,Prof-specialty,Own-child,White,Male,3325,0,55,United-States,0,0.021686188015344155,0,6,1.0
62,Private,193081,Preschool,1,Never-married,Other-service,Not-in-family,Black,Female,11628,0,55,Haiti,0,0.9390329815657805,1,6,1.0
35,Private,263899,Some-college,10,Never-married,Adm-clerical,Own-child,Black,Male,3490,0,35,Haiti,0,0.003133841645400045,0,6,1.0
45,Private,199046,Bachelors,13,Never-married,Sales,Not-in-family,White,Female,10707,0,55,United-States,0,0.9986943941566713,1,6,1.0
37,Private,378322,HS-grad,9,Never-married,Craft-repair,Not-in-family,White,Male,14387,2001,65,United-States,0,0.9956388063053786,1,6,1.0
57,Private,44791,Bachelors,13,Never-married,Prof-specialty,Not-in-family,White,Male,897,0,55,United-States,0,0.07222797451279288,0,6,1.0
43,Self-emp-inc,118584,Some-college,10,Divorced,Exec-managerial,Not-in-family,White,Female,10237,0,55,United-States,0,0.9958955481660753,1,6,1.0
69,Private,36091,HS-grad,9,Separated,Other-service,Unmarried,Amer-Indian-Eskimo,Female,7532,0,55,United-States,0,0.8673532496919113,1,6,1.0
62,Private,40623,Some-college,10,Divorced,Sales,Not-in-family,White,Female,7961,0,55,United-States,0,0.8265404084538182,1,6,1.0
75,Private,106141,7th-8th,4,Married-civ-spouse,Sales,Husband,White,Male,12977,0,60,United-States,0,0.9830961946981643,1,6,1.0
79,,39100,HS-grad,9,Married-civ-spouse,,Wife,White,Female,4219,0,20,United-States,0,0.026974035596701536,0,6,1.0
40,Private,186720,Some-college,10,Never-married,Other-service,Own-child,White,Female,13869,0,65,United-States,0,0.9975037975584718,1,6,1.0
38,Private,483822,7th-8th,4,Never-married,Handlers-cleaners,Unmarried,White,Male,2622,0,55,Guatemala,0,0.004355869507105489,0,6,1.0
50,,129150,10th,6,Separated,,Own-child,White,Male,7504,0,50,United-States,0,0.8782652510877532,1,6,1.0
44,Private,370160,Some-college,10,Separated,Exec-managerial,Unmarried,Black,Female,7873,0,55,United-States,0,0.9381581348625022,1,6,1.0
45,Private,112115,Bachelors,13,Married-civ-spouse,Exec-managerial,Husband,White,Male,2259,1902,60,United-States,1,0.8697434554803234,1,6,1.0
32,Private,169600,Some-college,10,Never-married,Prof-specialty,Own-child,White,Female,7007,0,27,United-States,0,0.04552409014028032,0,6,1.0
63,Private,158948,HS-grad,9,Married-civ-spouse,Transport-moving,Husband,White,Male,14986,0,99,United-States,1,0.9715834352979706,1,6,1.0
70,Self-emp-inc,229116,Prof-school,15,Divorced,Prof-specialty,Not-in-family,White,Male,12900,0,85,United-States,1,0.9957003587158966,1,6,1.0
53,Private,177054,HS-grad,9,Divorced,Machine-op-inspct,Unmarried,White,Male,750,0,55,United-States,0,0.024911517017325864,0,6,1.0
53,Local-gov,74581,Bachelors,13,Divorced,Prof-specialty,Unmarried,White,Male,5330,0,80,United-States,0,0.18413615190431104,0,6,1.0
72,Private,143932,HS-grad,9,Married-civ-spouse,Craft-repair,Husband,White,Male,1289,0,55,United-States,0,0.07726590989887516,0,6,1.0
47,Private,241998,HS-grad,9,Never-married,Handlers-cleaners,Not-in-family,White,Male,14342,0,45,United-States,0,0.9979137040507232,1,6,1.0
50,Private,40319,Some-college,10,Divorced,Exec-managerial,Not-in-family,White,Female,2029,0,57,United-States,0,0.01914025887428168,0,6,1.0
55,Self-emp-inc,170214,Some-college,10,Married-civ-spouse,Exec-managerial,Husband,White,Male,10713,0,90,United-States,0,0.9990194621888887,1,6,1.0
44,Private,185027,Some-college,10,Married-civ-spouse,Sales,Husband,White,Male,5254,0,55,United-States,1,0.9927403745690323,1,6,1.0
54,Private,222884,Bachelors,13,Never-married,Exec-managerial,Not-in-family,White,Male,3245,0,70,United-States,1,0.09793929762903643,0,6,1.0
90,,39824,HS-grad,9,Widowed,,Not-in-family,White,Male,3827,0,19,United-States,0,0.0038838037608647244,0,6,1.0
40,Self-emp-not-inc,132686,Masters,14,Never-married,Prof-specialty,Not-in-family,White,Male,5846,0,55,United-States,0,0.4173247687897718,0,6,1.0
44,Private,149368,Bachelors,13,Married-civ-spouse,Prof-specialty,Husband,White,Male,12367,0,55,United-States,1,0.9990623778819748,1,6,1.0
45,Private,189843,7th-8th,4,Married-civ-spouse,Machine-op-inspct,Husband,White,Male,1258,0,55,United-States,0,0.04664715166089537,0,6,1.0
57,Private,215892,Masters,14,Never-married,Exec-managerial,Not-in-family,White,Female,4096,2824,65,United-States,1,0.5521972074839743,0,6,1.0
86,Self-emp-not-inc,199136,Bachelors,13,Widowed,Craft-repair,Not-in-family,White,Male,26526,0,23,Germany,1,0.970487235872211,1,6,1.0
70,Private,187067,Bachelors,13,Never-married,Prof-specialty,Not-in-family,White,Female,10079,0,77,Canada,0,0.9886673493169382,1,6,1.0
66,State-gov,119565,Bachelors,13,Married-civ-spouse,Exec-managerial,Husband,White,Male,6893,0,55,Puerto-Rico,1,0.9081487038626895,1,6,1.0
72,Private,205934,HS-grad,9,Separated,Other-service,Not-in-family,White,Female,11137,0,40,United-States,0,0.9936615739744303,1,6,1.0
52,Private,199303,HS-grad,9,Married-civ-spouse,Adm-clerical,Husband,White,Male,13125,0,55,United-States,0,0.9990513371306246,1,6,1.0
32,,39803,Some-college,10,Never-married,,Own-child,White,Male,12421,0,55,United-States,0,0.9967234103133887,1,6,1.0
71,Local-gov,53612,Masters,14,Separated,Prof-specialty,Own-child,Black,Female,14961,0,50,United-States,0,0.9915181828611698,1,6,1.0
33,Private,117583,HS-grad,9,Never-married,Craft-repair,Own-child,White,Male,9829,0,55,United-States,0,0.995488502682179,1,6,1.0
55,Private,183096,Some-college,10,Separated,Sales,Unmarried,White,Female,13429,0,25,United-States,0,0.996485087949464,1,6,1.0
49,Private,49115,Masters,14,Married-civ-spouse,Exec-managerial,Husband,White,Male,8054,0,75,United-States,1,0.9989000062842467,1,6,1.0
55,Private,346321,Masters,14,Married-civ-spouse,Prof-specialty,Husband,White,Male,10465,0,60,United-States,1,0.9968649002734781,1,6,1.0
83,Private,200418,5th-6th,3,Married-civ-spouse,Transport-moving,Husband,White,Male,4203,0,55,United-States,0,0.03792628976119283,0,6,1.0
38,Private,264012,Bachelors,13,Never-married,Adm-clerical,Not-in-family,White,Male,7663,0,55,United-States,0,0.8990620380873489,1,6,1.0
47,State-gov,80771,Masters,14,Never-married,Prof-specialty,Not-in-family,White,Female,13485,0,55,United-States,0,0.9985829595937767,1,6,1.0
35,Private,110677,Some-college,10,Never-married,Other-service,Own-child,White,Female,8192,0,30,United-States,0,0.8011708338806327,1,6,1.0
59,Local-gov,321851,Bachelors,13,Never-married,Prof-specialty,Not-in-family,White,Female,2036,0,65,United-States,1,0.03570260291986913,0,6,1.0
64,Private,99682,Some-college,10,Married-civ-spouse,Sales,Wife,White,Female,6863,0,67,Canada,1,0.8074582643113577,1,6,1.0
64,Private,24185,HS-grad,9,Divorced,Craft-repair,Unmarried,White,Male,2270,0,99,United-States,0,0.019594930661775613,0,6,1.0
38,Self-emp-inc,316688,Some-college,10,Never-married,Sales,Other-relative,White,Male,10524,0,55,United-States,0,0.9976427847493621,1,6,1.0
50,Self-emp-not-inc,126569,HS-grad,9,Divorced,Craft-repair,Unmarried,White,Male,789,0,75,United-States,0,0.023000142548428037,0,6,1.0
54,Private,185413,Bachelors,13,Married-civ-spouse,Exec-managerial,Husband,White,Male,5791,0,55,United-States,0,0.9949191780230496,1,6,1.0
56,Local-gov,387770,Some-college,10,Widowed,Adm-clerical,Unmarried,White,Female,4769,0,30,United-States,0,0.8143186552733687,1,6,1.0
62,Self-emp-inc,156623,Prof-school,15,Married-civ-spouse,Prof-specialty,Husband,Asian-Pac-Islander,Male,21783,0,65,Philippines,1,0.9957634792443693,1,6,1.0
41,Private,126822,HS-grad,9,Married-civ-spouse,Other-service,Husband,White,Male,2138,0,50,United-States,0,0.043341795227357774,0,6,1.0
51,Self-emp-inc,218184,9th,5,Married-civ-spouse,Exec-managerial,Husband,White,Male,1396,1651,55,Mexico,0,0.00472597763370894,0,6,1.0
50,,320811,Some-college,10,Married-civ-spouse,,Husband,White,Male,8398,0,55,United-States,0,0.9985291826908896,1,6,1.0
40,Private,169069,HS-grad,9,Never-married,Craft-repair,Own-child,White,Male,3878,0,55,United-States,0,0.011836726265553186,0,6,1.0
42,Private,95639,11th,7,Never-married,Handlers-cleaners,Other-relative,Amer-Indian-Eskimo,Male,11517,0,55,United-States,0,0.9955607240280617,1,6,1.0
40,Private,214385,Assoc-voc,11,Never-married,Exec-managerial,Own-child,Black,Female,7829,0,55,United-States,0,0.959164375491864,1,6,1.0
61,Self-emp-not-inc,343742,10th,6,Never-married,Craft-repair,Not-in-family,Black,Male,13946,0,47,United-States,0,0.9952859769468303,1,6,1.0
36,Private,111376,HS-grad,9,Never-married,Handlers-cleaners,Not-in-family,White,Male,9026,0,55,United-States,0,0.9951309228483916,1,6,1.0
40,Private,263015,10th,6,Married-civ-spouse,Craft-repair,Husband,White,Male,9853,0,55,United-States,0,0.9984184616434818,1,6,1.0
56,Private,33105,HS-grad,9,Married-civ-spouse,Exec-managerial,Husband,Amer-Indian-Eskimo,Male,11856,0,55,United-States,0,0.9987003039970324,1,6,1.0
68,Private,175127,HS-grad,9,Divorced,Craft-repair,Unmarried,White,Male,1912,0,50,United-States,0,0.04207185921693382,0,6,1.0
69,Private,358628,Assoc-voc,11,Divorced,Adm-clerical,Unmarried,White,Female,6068,0,55,United-States,0,0.1422643282815062,0,6,1.0
70,Self-emp-not-inc,106942,Some-college,10,Divorced,Craft-repair,Unmarried,White,Male,209,0,55,United-States,0,0.031351133676366355,0,6,1.0
49,State-gov,74163,Bachelors,13,Never-married,Prof-specialty,Not-in-family,White,Female,4767,0,55,United-States,0,0.9378101323458627,1,6,1.0
73,Private,180632,HS-grad,9,Married-civ-spouse,Sales,Husband,White,Male,3896,0,55,United-States,0,0.060321122731899456,0,6,1.0
76,Local-gov,113324,HS-grad,9,Widowed,Exec-managerial,Not-in-family,White,Male,11817,0,55,United-States,0,0.9967184155105011,1,6,1.0
63,Private,312446,Bachelors,13,Married-civ-spouse,Exec-managerial,Husband,White,Male,6870,0,52,United-States,1,0.944318013483677,1,6,1.0
77,Private,198766,Masters,14,Married-civ-spouse,Sales,Husband,White,Male,28791,0,55,United-States,1,0.9932075193429152,1,6,1.0
58,Self-emp-not-inc,246212,Masters,14,Married-civ-spouse,Exec-managerial,Husband,White,Male,11835,0,60,United-States,1,0.9991636646612722,1,6,1.0
64,State-gov,189728,HS-grad,9,Separated,Other-service,Not-in-family,White,Female,11347,0,50,United-States,0,0.9966437821729079,1,6,1.0
29,Private,132187,10th,6,Never-married,Handlers-cleaners,Own-child,White,Male,6656,0,30,United-States,0,0.02475365313364334,0,6,1.0
49,State-gov,136137,Some-college,10,Separated,Adm-clerical,Not-in-family,White,Male,5070,0,55,United-States,0,0.3107231682799554,0,6,1.0
75,Private,546118,Some-college,10,Married-civ-spouse,Exec-managerial,Husband,White,Male,3457,0,50,United-States,1,0.14870277764731096,0,6,1.0
45,Self-emp-not-inc,48189,HS-grad,9,Married-civ-spouse,Protective-serv,Husband,White,Male,3552,0,45,United-States,0,0.04483445265085454,0,6,1.0
36,Self-emp-not-inc,236769,7th-8th,4,Married-civ-spouse,Craft-repair,Husband,White,Male,14383,0,55,United-States,0,0.9987510320762469,1,6,1.0
61,Private,228583,HS-grad,9,Divorced,Other-service,Unmarried,White,Male,8369,0,55,Columbia,0,0.993275815545486,1,6,1.0
34,,217421,Some-college,10,Never-married,,Own-child,White,Female,3799,0,45,United-States,0,0.005796545156986773,0,6,1.0
46,Private,213887,Some-college,10,Married-civ-spouse,Craft-repair,Husband,White,Male,1702,0,55,United-States,0,0.1670186861533854,0,6,1.0
32,Private,197752,Some-college,10,Never-married,Adm-clerical,Own-child,White,Male,4445,0,31,United-States,0,0.009984129150112068,0,6,1.0
46,Private,159255,HS-grad,9,Married-civ-spouse,Exec-managerial,Husband,White,Male,5744,0,75,United-States,1,0.9931303873126306,1,6,1.0
66,Private,210736,HS-grad,9,Married-civ-spouse,Craft-repair,Husband,White,Male,8004,0,55,United-States,1,0.9737938202660189,1,6,1.0
35,,243190,Some-college,10,Never-married,,Own-child,Asian-Pac-Islander,Male,3460,0,35,China,0,0.005706041487092178,0,6,1.0
52,Private,151408,Masters,14,Never-married,Prof-specialty,Not-in-family,White,Female,8285,0,55,United-States,0,0.9494766808832585,1,6,1.0
37,Private,194897,HS-grad,9,Never-married,Sales,Own-child,Amer-Indian-Eskimo,Male,14215,0,55,United-States,0,0.9958420924314144,1,6,1.0
67,Private,35551,HS-grad,9,Divorced,Craft-repair,Not-in-family,White,Male,14005,0,55,United-States,0,0.9968626298197046,1,6,1.0
35,Private,205939,HS-grad,9,Married-civ-spouse,Craft-repair,Husband,White,Male,6147,0,53,United-States,0,0.9897059524810141,1,6,1.0
52,State-gov,456110,11th,7,Divorced,Transport-moving,Unmarried,White,Female,7019,0,67,United-States,0,0.0889409318933077,0,6,1.0
45,Private,69748,HS-grad,9,Married-civ-spouse,Exec-managerial,Wife,White,Female,6598,0,55,United-States,0,0.979418022307188,1,6,1.0
35,,22966,Bachelors,13,Never-married,,Own-child,White,Male,2936,0,50,United-States,0,0.045473854412469816,0,6,1.0
65,Self-emp-inc,155983,Masters,14,Married-civ-spouse,Sales,Husband,White,Male,4461,0,80,United-States,1,0.22757241648358323,0,6,1.0
56,Local-gov,445382,Some-college,10,Married-civ-spouse,Machine-op-inspct,Husband,White,Male,13376,0,55,United-States,1,0.9990596109356045,1,6,1.0
34,,52596,Some-college,10,Never-married,,Own-child,White,Male,9048,0,30,,1,0.9951641714780592,1,6,1.0
54,Federal-gov,65950,HS-grad,9,Divorced,Adm-clerical,Unmarried,Black,Female,5185,0,55,United-States,0,0.14526881862459104,0,6,1.0
42,,361817,HS-grad,9,Never-married,,Own-child,White,Male,12204,0,40,United-States,0,0.9973285866151886,1,6,1.0
30,Local-gov,242956,11th,7,Never-married,Prof-specialty,Own-child,Black,Female,12851,0,55,United-States,0,0.9936996986065658,1,6,1.0
62,Federal-gov,184007,Some-college,10,Married-civ-spouse,Adm-clerical,Husband,White,Male,14836,0,55,United-States,0,0.9865625989678003,1,6,1.0
39,Private,278122,HS-grad,9,Never-married,Transport-moving,Own-child,White,Male,267,0,55,United-States,0,0.007142037833927242,0,6,1.0
57,State-gov,208049,HS-grad,9,Divorced,Tech-support,Unmarried,White,Female,14538,0,55,United-States,0,0.9981711561507494,1,6,1.0
51,Self-emp-inc,122742,Assoc-acdm,12,Married-civ-spouse,Exec-managerial,Husband,White,Male,18773,0,70,United-States,1,0.9991175538801405,1,6,1.0
55,Federal-gov,101709,Some-college,10,Divorced,Handlers-cleaners,Not-in-family,Asian-Pac-Islander,Male,5890,0,55,United-States,0,0.33444687618312713,0,6,1.0
36,Private,149457,Some-college,10,Never-married,Adm-clerical,Unmarried,White,Female,12427,0,55,United-States,0,0.994422931133856,1,6,1.0
58,Private,186410,Prof-school,15,Never-married,Exec-managerial,Not-in-family,White,Male,8395,0,65,United-States,1,0.9968748549199706,1,6,1.0
56,Local-gov,177240,Prof-school,15,Never-married,Prof-specialty,Not-in-family,White,Male,21996,0,55,United-States,1,0.9983661696844081,1,6,1.0
62,Local-gov,186888,HS-grad,9,Married-civ-spouse,Exec-managerial,Wife,Black,Female,7434,0,55,United-States,1,0.9914827791747535,1,6,1.0
37,Private,197651,HS-grad,9,Never-married,Sales,Unmarried,White,Female,5206,0,55,United-States,0,0.05044907018553647,0,6,1.0
42,Private,224147,HS-grad,9,Never-married,Transport-moving,Own-child,Black,Male,1007,0,55,United-States,0,0.00933898889076003,0,6,1.0
40,Private,60288,HS-grad,9,Never-married,Adm-clerical,Own-child,White,Female,674,0,55,United-States,0,0.0067088485094615275,0,6,1.0
49,Private,109472,9th,5,Divorced,Other-service,Not-in-family,White,Female,8729,0,55,United-States,0,0.9946918958056514,1,6,1.0
38,Private,86483,Some-college,10,Never-married,Exec-managerial,Not-in-family,White,Female,11723,0,55,United-States,0,0.9986332848050721,1,6,1.0
50,Self-emp-not-inc,255503,11th,7,Divorced,Exec-managerial,Not-in-family,White,Male,8792,0,70,United-States,0,0.9953762482011725,1,6,1.0
38,Private,250261,1st-4th,2,Never-married,Handlers-cleaners,Not-in-family,White,Male,3167,0,70,Mexico,0,0.0026843687448370227,0,6,1.0
77,Self-emp-not-inc,316093,Prof-school,15,Divorced,Prof-specialty,Not-in-family,White,Male,12640,1668,55,United-States,0,0.9838698415124301,1,6,1.0
70,Private,289364,Some-college,10,Married-civ-spouse,Exec-managerial,Husband,White,Male,12717,0,60,United-States,1,0.9916437764477077,1,6,1.0
44,Private,118551,Bachelors,13,Married-civ-spouse,Adm-clerical,Wife,White,Female,2071,0,50,,1,0.2586770067100454,0,6,1.0
41,,236834,Some-college,10,Divorced,,Own-child,White,Female,11344,0,30,United-States,0,0.9939952294121005,1,6,1.0
48,Private,308945,HS-grad,9,Married-civ-spouse,Machine-op-inspct,Husband,White,Male,11293,0,55,United-States,0,0.9989407152944257,1,6,1.0
72,Local-gov,149281,HS-grad,9,Married-civ-spouse,Protective-serv,Husband,White,Male,2008,0,55,United-States,0,0.08408467545152847,0,6,1.0
75,Local-gov,28856,7th-8th,4,Married-civ-spouse,Other-service,Husband,White,Male,1946,0,70,United-States,0,0.023761884560539615,0,6,1.0
42,Private,59496,Some-college,10,Married-civ-spouse,Transport-moving,Husband,White,Male,10204,0,55,United-States,0,0.9975389093089573,1,6,1.0
54,Private,208584,Assoc-acdm,12,Separated,Sales,Not-in-family,Black,Female,2423,0,55,United-States,0,0.01611229123638046,0,6,1.0
78,Private,199374,Masters,14,Widowed,Sales,Unmarried,White,Female,4703,0,35,United-States,0,0.9699857587251064,1,6,1.0
65,Self-emp-inc,116211,Some-college,10,Married-civ-spouse,Exec-managerial,Husband,White,Male,979,0,55,United-States,0,0.22813287122882062,0,6,1.0
52,Private,84136,HS-grad,9,Married-civ-spouse,Craft-repair,Husband,White,Male,1924,0,40,United-States,0,0.07526672599358931,0,6,1.0
30,Private,301948,HS-grad,9,Never-married,Protective-serv,Own-child,White,Male,36005,0,18,United-States,0,0.9824185893500739,1,6,1.0
57,Private,371886,Bachelors,13,Never-married,Prof-specialty,Not-in-family,White,Male,4750,0,61,United-States,0,0.974774402284493,1,6,1.0
40,Local-gov,263600,HS-grad,9,Married-civ-spouse,Protective-serv,Husband,White,Male,7177,0,55,United-States,1,0.9985215638460907,1,6,1.0
67,Self-emp-inc,124137,Some-college,10,Married-civ-spouse,Sales,Husband,White,Male,9656,0,55,United-States,1,0.9645801037270076,1,6,1.0
48,Local-gov,187411,Masters,14,Never-married,Prof-specialty,Not-in-family,White,Male,2451,0,65,United-States,1,0.06144522902820362,0,6,1.0
48,Private,148143,HS-grad,9,Never-married,Machine-op-inspct,Other-relative,Black,Female,1778,0,55,United-States,0,0.003695209800497768,0,6,1.0
62,Local-gov,105788,HS-grad,9,Separated,Exec-managerial,Unmarried,Black,Female,7899,0,50,United-States,0,0.8235636362713027,1,6,1.0
51,Federal-gov,227597,HS-grad,9,Never-married,Armed-Forces,Not-in-family,White,Male,7183,0,65,United-States,0,0.9171850518959657,1,6,1.0
47,Federal-gov,182863,Bachelors,13,Separated,Tech-support,Unmarried,White,Male,6586,0,55,United-States,0,0.4986873320581887,0,6,1.0
42,Private,430283,HS-grad,9,Married-civ-spouse,Adm-clerical,Wife,White,Female,19268,0,55,United-States,1,0.9989941278435764,1,6,1.0
63,Private,161482,HS-grad,9,Divorced,Other-service,Unmarried,White,Female,12600,0,53,United-States,0,0.9966314370584761,1,6,1.0
47,Private,32126,Bachelors,13,Never-married,Prof-specialty,Not-in-family,White,Female,7109,0,55,United-States,0,0.7250813088682907,1,6,1.0
81,Private,370888,Assoc-acdm,12,Divorced,Adm-clerical,Not-in-family,White,Female,4608,0,21,Germany,0,0.007855443778728282,0,6,1.0
31,Private,232060,Some-college,10,Never-married,Other-service,Not-in-family,White,Male,13017,0,50,United-States,0,0.9985075294945553,1,6,1.0
30,,28311,11th,7,Never-married,,Own-child,White,Female,7388,0,50,United-States,0,0.6459505795884761,1,6,1.0
47,Private,46028,Assoc-acdm,12,Divorced,Other-service,Unmarried,White,Female,2705,0,65,United-States,0,0.01010552778669603,0,6,1.0
47,Private,233533,Bachelors,13,Married-civ-spouse,Sales,Husband,White,Male,385,0,57,United-States,0,0.2771415441177431,0,6,1.0
40,,389857,HS-grad,9,Married-civ-spouse,,Other-relative,White,Male,6533,0,31,United-States,0,0.9650605991944885,1,6,1.0
74,Private,190491,Doctorate,16,Married-civ-spouse,Prof-specialty,Husband,White,Male,21680,0,60,United-States,1,0.9913345315190969,1,6,1.0
39,Private,114967,Bachelors,13,Never-married,Sales,Own-child,White,Male,4723,0,55,United-States,0,0.8930025246215085,1,6,1.0
63,Self-emp-not-inc,103257,Prof-school,15,Married-civ-spouse,Prof-specialty,Husband,White,Male,12069,0,55,United-States,0,0.9961861127474855,1,6,1.0
52,Private,179069,Bachelors,13,Never-married,Prof-specialty,Not-in-family,White,Male,13679,0,45,United-States,0,0.9987677377007794,1,6,1.0
37,Private,206343,HS-grad,9,Never-married,Protective-serv,Other-relative,White,Male,8812,0,55,United-States,0,0.9961826831425137,1,6,1.0
71,Self-emp-not-inc,156797,HS-grad,9,Widowed,Exec-managerial,Not-in-family,White,Female,16263,0,75,United-States,1,0.9941896447902651,1,6,1.0
54,Private,83411,Some-college,10,Divorced,Exec-managerial,Not-in-family,White,Male,1680,1408,55,United-States,0,0.00819971850698909,0,6,1.0
57,Private,223319,Some-college,10,Divorced,Sales,Own-child,White,Male,10918,0,60,United-States,0,0.9973731989832927,1,6,1.0
71,,93655,Some-college,10,Married-civ-spouse,,Husband,White,Male,3950,0,55,United-States,0,0.073700822863732,0,6,1.0
49,Private,197429,HS-grad,9,Married-civ-spouse,Handlers-cleaners,Husband,White,Male,1831,0,60,United-States,1,0.05504169919799167,0,6,1.0
68,Self-emp-not-inc,94156,Prof-school,15,Married-civ-spouse,Prof-specialty,Husband,White,Male,8262,1977,65,United-States,1,0.9888176506967207,1,6,1.0
55,Private,216411,1st-4th,2,Never-married,Adm-clerical,Unmarried,White,Female,4548,0,45,Dominican-Republic,0,0.009395636179856021,0,6,1.0
61,Private,278322,Bachelors,13,Married-civ-spouse,Machine-op-inspct,Husband,White,Male,291,0,55,United-States,1,0.23272418539320971,0,6,1.0
38,Private,191765,Bachelors,13,Never-married,Prof-specialty,Not-in-family,White,Male,8866,0,55,Scotland,0,0.9979499164362438,1,6,1.0
68,Private,140136,Some-college,10,Married-civ-spouse,Transport-moving,Husband,Black,Male,12710,0,50,United-States,1,0.9876896580865332,1,6,1.0
54,Private,339814,Bachelors,13,Married-civ-spouse,Prof-specialty,Husband,White,Male,1123,0,55,United-States,1,0.3051331747913921,0,6,1.0
34,Private,450920,Assoc-acdm,12,Never-married,Adm-clerical,Not-in-family,Black,Female,2269,0,55,United-States,0,0.006699568416460558,0,6,1.0
36,Private,139989,Bachelors,13,Never-married,Sales,Own-child,Black,Male,13529,0,55,United-States,0,0.9973425047378311,1,6,1.0
64,Self-emp-not-inc,399008,HS-grad,9,Married-civ-spouse,Transport-moving,Husband,Black,Male,7515,0,55,United-States,0,0.9718007513166836,1,6,1.0
32,Private,435469,HS-grad,9,Never-married,Other-service,Own-child,White,Female,4113,0,55,Mexico,0,0.004309410987137003,0,6,1.0
74,Federal-gov,34916,Some-college,10,Married-civ-spouse,Prof-specialty,Husband,White,Male,7606,0,55,United-States,1,0.9879739819092557,1,6,1.0
46,Private,177437,Some-college,10,Married-civ-spouse,Craft-repair,Husband,White,Male,25826,0,60,United-States,1,0.9990948079923692,1,6,1.0
42,Private,149531,Some-college,10,Married-civ-spouse,Sales,Husband,White,Male,14644,0,55,United-States,0,0.999066849421135,1,6,1.0
44,Private,205528,HS-grad,9,Divorced,Adm-clerical,Unmarried,White,Female,7026,0,55,United-States,0,0.06004232990723586,0,6,1.0
43,Self-emp-not-inc,213307,10th,6,Married-civ-spouse,Other-service,Wife,White,Female,11637,0,43,Mexico,0,0.9988724271424094,1,6,1.0
47,Private,361888,Assoc-acdm,12,Married-civ-spouse,Tech-support,Husband,White,Male,5764,0,55,United-States,1,0.99372840097345,1,6,1.0
42,Private,161690,Assoc-voc,11,Never-married,Prof-specialty,Not-in-family,White,Female,7693,0,55,United-States,0,0.9504892893205518,1,6,1.0
64,Private,177858,HS-grad,9,Divorced,Craft-repair,Other-relative,White,Male,14883,0,70,United-States,1,0.9929567725351259,1,6,1.0
48,Private,141029,HS-grad,9,Separated,Craft-repair,Unmarried,White,Female,10855,0,55,United-States,0,0.9946583229270383,1,6,1.0
44,Private,281219,Assoc-voc,11,Divorced,Sales,Unmarried,White,Female,4395,1380,55,United-States,0,0.19821579031461176,0,6,1.0
67,Private,276229,Some-college,10,Divorced,Tech-support,Not-in-family,White,Female,9892,0,55,United-States,0,0.9920085018829968,1,6,1.0
70,State-gov,32367,Some-college,10,Married-civ-spouse,Exec-managerial,Husband,White,Male,287,0,55,United-States,0,0.12848918270867585,0,6,1.0
54,Private,142756,Some-college,10,Divorced,Adm-clerical,Unmarried,White,Female,11935,0,50,United-States,0,0.9976573713384848,1,6,1.0
51,Private,229647,Bachelors,13,Never-married,Tech-support,Not-in-family,White,Female,2355,1669,55,United-States,0,0.004684781650738249,0,6,1.0
31,Self-emp-not-inc,47176,Some-college,10,Never-married,Craft-repair,Not-in-family,White,Female,10320,0,30,United-States,0,0.9910755903383882,1,6,1.0
68,State-gov,110257,HS-grad,9,Married-civ-spouse,Adm-clerical,Husband,White,Male,14104,0,55,United-States,0,0.9792389582111295,1,6,1.0
48,Private,161547,Bachelors,13,Never-married,Sales,Unmarried,Black,Female,9071,0,55,United-States,0,0.9947698107253302,1,6,1.0
34,Private,218886,12th,8,Never-married,Handlers-cleaners,Own-child,Amer-Indian-Eskimo,Male,14604,0,55,United-States,0,0.9932345914754381,1,6,1.0
47,Self-emp-inc,182148,Bachelors,13,Married-civ-spouse,Exec-managerial,Husband,White,Male,13356,0,75,United-States,1,0.9991673803562143,1,6,1.0
49,Private,179488,10th,6,Married-civ-spouse,Farming-fishing,Husband,White,Male,12001,0,55,United-States,0,0.9985803117523046,1,6,1.0
51,Local-gov,344855,Masters,14,Married-civ-spouse,Prof-specialty,Wife,White,Female,14203,1977,35,United-States,1,0.9995331569684782,1,6,1.0
41,Private,200515,Some-college,10,Married-civ-spouse,Machine-op-inspct,Husband,White,Male,9573,0,53,United-States,0,0.9984204696365266,1,6,1.0
64,Self-emp-not-inc,193116,7th-8th,4,Married-civ-spouse,Craft-repair,Husband,White,Male,12744,0,35,Mexico,0,0.958212387719895,1,6,1.0
62,Local-gov,237356,Some-college,10,Married-civ-spouse,Protective-serv,Husband,White,Male,17204,0,55,United-States,1,0.9857353219101693,1,6,1.0
56,Private,238574,Prof-school,15,Married-civ-spouse,Prof-specialty,Husband,White,Male,7160,0,65,United-States,1,0.996418966126596,1,6,1.0
61,Self-emp-inc,306289,HS-grad,9,Married-civ-spouse,Exec-managerial,Husband,White,Male,12431,0,55,United-States,1,0.9923902554919872,1,6,1.0
55,Local-gov,43998,Bachelors,13,Divorced,Prof-specialty,Unmarried,White,Female,13482,0,65,United-States,0,0.9975441891759611,1,6,1.0
52,Private,105936,Bachelors,13,Divorced,Prof-specialty,Not-in-family,White,Female,5572,0,55,United-States,0,0.174414534101443,0,6,1.0
50,Private,103925,HS-grad,9,Never-married,Adm-clerical,Unmarried,White,Female,7200,0,50,United-States,0,0.8379631860329418,1,6,1.0
48,Local-gov,173542,HS-grad,9,Divorced,Adm-clerical,Unmarried,White,Female,1014,0,55,United-States,0,0.010785299418383132,0,6,1.0
55,,174662,Some-college,10,Divorced,,Not-in-family,White,Female,876,0,55,United-States,0,0.028370383219232086,0,6,1.0
46,Private,424988,9th,5,Married-civ-spouse,Craft-repair,Husband,White,Male,9975,0,55,Mexico,0,0.9982813291411153,1,6,1.0
52,Private,408229,1st-4th,2,Never-married,Other-service,Not-in-family,White,Male,4846,0,60,El-Salvador,0,0.2335576756171269,0,6,1.0
53,Private,122215,Masters,14,Married-civ-spouse,Prof-specialty,Husband,White,Male,28653,0,55,United-States,1,0.9991117314678637,1,6,1.0
47,Private,298635,Bachelors,13,Never-married,Sales,Not-in-family,Asian-Pac-Islander,Male,8609,0,65,United-States,0,0.9980670567120192,1,6,1.0
84,,188009,7th-8th,4,Divorced,,Not-in-family,White,Male,11538,0,45,United-States,0,0.9954833579870173,1,6,1.0
51,Private,113725,Masters,14,Divorced,Exec-managerial,Not-in-family,White,Female,16509,0,55,United-States,1,0.9985413665105304,1,6,1.0
54,Private,376072,HS-grad,9,Married-civ-spouse,Transport-moving,Husband,White,Male,9718,0,45,United-States,0,0.9986991382456256,1,6,1.0
46,Self-emp-not-inc,120672,7th-8th,4,Never-married,Handlers-cleaners,Unmarried,Black,Male,8843,0,25,United-States,0,0.9636635004495347,1,6,1.0
73,Private,181028,Masters,14,Married-civ-spouse,Prof-specialty,Husband,White,Male,2423,0,33,United-States,0,0.15830849028902774,0,6,1.0
48,Private,215503,HS-grad,9,Never-married,Craft-repair,Not-in-family,White,Male,4643,0,80,United-States,0,0.03828602363346851,0,6,1.0
62,Private,193871,Masters,14,Married-civ-spouse,Prof-specialty,Wife,White,Female,13980,0,53,United-States,0,0.9940835122864207,1,6,1.0
61,Private,186009,Some-college,10,Divorced,Other-service,Unmarried,White,Female,7821,0,58,United-States,0,0.9601124220519547,1,6,1.0
64,Private,203635,HS-grad,9,Married-civ-spouse,Handlers-cleaners,Husband,White,Male,630,0,55,United-States,1,0.07259055565207866,0,6,1.0
47,Private,195516,7th-8th,4,Married-civ-spouse,Tech-support,Husband,White,Male,6386,0,55,Mexico,0,0.990421955271617,1,6,1.0
49,Private,176900,HS-grad,9,Married-civ-spouse,Craft-repair,Husband,White,Male,4513,0,99,United-States,1,0.09777504181466276,0,6,1.0
50,Self-emp-not-inc,344480,HS-grad,9,Married-civ-spouse,Craft-repair,Husband,White,Male,10624,0,55,United-States,0,0.9988639160715566,1,6,1.0
53,Private,160893,Assoc-acdm,12,Never-married,Adm-clerical,Not-in-family,White,Female,7747,0,60,United-States,0,0.9130429905644076,1,6,1.0
45,Private,106976,HS-grad,9,Divorced,Other-service,Unmarried,White,Female,4260,0,55,United-States,0,0.2579908657937801,0,6,1.0
72,Private,304074,Some-college,10,Widowed,Transport-moving,Not-in-family,White,Male,7639,0,43,United-States,0,0.9492495434317504,1,6,1.0
64,Private,180949,Some-college,10,Married-civ-spouse,Transport-moving,Husband,White,Male,3155,0,45,United-States,0,0.09251627703738817,0,6,1.0
53,Private,188615,Some-college,10,Married-civ-spouse,Craft-repair,Husband,White,Male,1239,0,55,United-States,1,0.1685370075054626,0,6,1.0
41,Private,236436,HS-grad,9,Never-married,Adm-clerical,Not-in-family,White,Female,6791,0,55,United-States,0,0.03957685377280508,0,6,1.0
72,Private,39263,Masters,14,Never-married,Exec-managerial,Not-in-family,White,Female,3772,0,50,United-States,0,0.06607730198752243,0,6,1.0
37,Private,120268,HS-grad,9,Never-married,Sales,Own-child,White,Male,13219,1741,55,United-States,0,0.9942376650844078,1,6,1.0
29,Private,270942,HS-grad,9,Never-married,Other-service,Other-relative,White,Male,11328,0,50,Mexico,0,0.9961632264267665,1,6,1.0
70,Self-emp-inc,112945,Prof-school,15,Never-married,Prof-specialty,Not-in-family,White,Male,39318,0,55,United-States,1,0.9976507453752087,1,6,1.0
55,Local-gov,105862,Some-college,10,Married-civ-spouse,Adm-clerical,Wife,White,Female,7025,1902,55,United-States,1,0.992695990089304,1,6,1.0
47,Private,183279,HS-grad,9,Married-civ-spouse,Craft-repair,Husband,White,Male,13961,0,55,United-States,0,0.9990702236408587,1,6,1.0
62,,146015,HS-grad,9,Married-civ-spouse,,Husband,White,Male,13387,0,55,United-States,1,0.9877524059438118,1,6,1.0
65,Self-emp-not-inc,145419,1st-4th,2,Married-civ-spouse,Exec-managerial,Husband,White,Male,20957,0,82,Italy,1,0.9911759672596192,1,6,1.0
70,Private,259532,Some-college,10,Married-civ-spouse,Transport-moving,Husband,White,Male,4070,0,85,United-States,0,0.08746894186622306,0,6,1.0
41,Private,29361,HS-grad,9,Never-married,Other-service,Not-in-family,White,Female,14947,0,53,United-States,0,0.9982334060116895,1,6,1.0
71,Self-emp-inc,159472,HS-grad,9,Married-civ-spouse,Sales,Husband,White,Male,3599,0,55,United-States,0,0.062347678730704334,0,6,1.0
60,Self-emp-not-inc,107231,Bachelors,13,Married-civ-spouse,Exec-managerial,Husband,White,Male,99999,0,65,United-States,1,0.9962446217612391,1,6,1.0
48,,143774,HS-grad,9,Divorced,,Other-relative,White,Female,11707,0,55,United-States,0,0.9974472625054926,1,6,1.0
47,Private,237943,HS-grad,9,Married-civ-spouse,Handlers-cleaners,Husband,White,Male,8477,0,75,United-States,0,0.9980257223260662,1,6,1.0
62,Private,217083,HS-grad,9,Married-civ-spouse,Adm-clerical,Wife,White,Female,7723,0,55,United-States,1,0.9836432589976135,1,6,1.0
29,Private,143331,10th,6,Never-married,Sales,Own-child,White,Male,11580,0,30,United-States,0,0.9940628088215849,1,6,1.0
35,Private,166517,HS-grad,9,Married-civ-spouse,Adm-clerical,Husband,White,Male,5961,0,55,United-States,0,0.9908829796006673,1,6,1.0
41,Private,278637,Bachelors,13,Married-civ-spouse,Sales,Husband,White,Male,14940,0,60,United-States,1,0.9991667939270801,1,6,1.0
53,Private,46221,Prof-school,15,Never-married,Exec-managerial,Not-in-family,White,Male,11143,0,75,United-States,1,0.9986009517456819,1,6,1.0
37,Private,273876,Bachelors,13,Never-married,Sales,Not-in-family,White,Male,3828,0,80,United-States,0,0.06919079893134643,0,6,1.0
45,Private,111567,Masters,14,Married-civ-spouse,Exec-managerial,Husband,White,Male,13192,1902,60,Germany,1,0.9994764179061179,1,6,1.0
50,Private,257942,HS-grad,9,Never-married,Adm-clerical,Not-in-family,White,Male,8333,0,75,United-States,0,0.9978057303083668,1,6,1.0
60,Private,155664,HS-grad,9,Married-civ-spouse,Craft-repair,Husband,White,Male,15117,0,85,United-States,1,0.9989763118270537,1,6,1.0
42,Private,209103,Assoc-voc,11,Married-civ-spouse,Exec-managerial,Husband,White,Male,5325,0,63,United-States,0,0.9931214773232916,1,6,1.0
62,Self-emp-inc,175339,HS-grad,9,Married-civ-spouse,Craft-repair,Husband,White,Male,10737,1672,75,United-States,0,0.94294732493683,1,6,1.0
31,,169324,Some-college,10,Never-married,,Own-child,White,Male,13805,0,25,United-States,0,0.9923901207523262,1,6,1.0
32,Private,317443,Some-college,10,Never-married,Adm-clerical,Own-child,Black,Female,94,0,30,United-States,0,0.0012149875242862867,0,6,1.0
30,Private,184693,Some-college,10,Never-married,Other-service,Own-child,White,Female,13577,0,35,Mexico,0,0.995414056337423,1,6,1.0
55,State-gov,125405,HS-grad,9,Married-civ-spouse,Protective-serv,Husband,White,Male,7781,0,55,United-States,0,0.9985060634514057,1,6,1.0
43,Private,303942,Some-college,10,Married-civ-spouse,Sales,Husband,White,Male,3395,0,65,United-States,0,0.10975293816265637,0,6,1.0
43,Private,151053,Some-college,10,Married-civ-spouse,Transport-moving,Husband,White,Male,6728,0,49,United-States,0,0.9567169252204432,1,6,1.0
50,Private,203836,HS-grad,9,Married-civ-spouse,Sales,Husband,White,Male,6507,0,55,Columbia,0,0.990369787801657,1,6,1.0
32,Private,175069,Some-college,10,Never-married,Adm-clerical,Own-child,White,Male,1587,0,55,Yugoslavia,0,0.008469704146380373,0,6,1.0
51,Private,56962,Some-college,10,Married-civ-spouse,Exec-managerial,Wife,White,Female,7847,0,58,United-States,1,0.9980420669958411,1,6,1.0
39,Private,233421,Some-college,10,Never-married,Adm-clerical,Own-child,White,Male,5865,0,35,United-States,0,0.10074534974543325,0,6,1.0
68,Private,157786,HS-grad,9,Married-civ-spouse,Transport-moving,Husband,White,Male,5418,0,63,United-States,1,0.9859168785807069,1,6,1.0
32,,211968,Some-college,10,Never-married,,Own-child,White,Female,7414,0,60,United-States,0,0.7803535631754904,1,6,1.0
42,Private,191777,12th,8,Never-married,Other-service,Own-child,Black,Female,6763,0,35,,0,0.06346661491180346,0,6,1.0
72,Private,156889,Some-college,10,Divorced,Adm-clerical,Not-in-family,White,Female,13560,0,55,United-States,0,0.9958177794739332,1,6,1.0
58,Private,129232,Bachelors,13,Married-civ-spouse,Sales,Husband,White,Male,12470,0,70,United-States,1,0.9990717208455847,1,6,1.0
62,Private,163708,HS-grad,9,Widowed,Other-service,Unmarried,White,Female,9697,0,55,United-States,0,0.9975739410767973,1,6,1.0
58,Local-gov,93557,Bachelors,13,Married-civ-spouse,Prof-specialty,Husband,White,Male,5808,0,65,United-States,1,0.9905835966470536,1,6,1.0
36,Local-gov,155818,Bachelors,13,Never-married,Prof-specialty,Not-in-family,White,Female,10184,0,75,United-States,0,0.99736336918172,1,6,1.0
34,Private,24008,HS-grad,9,Never-married,Adm-clerical,Not-in-family,White,Male,5103,0,55,United-States,0,0.2769051613497013,0,6,1.0
41,Private,337266,Assoc-voc,11,Married-civ-spouse,Exec-managerial,Husband,White,Male,9185,0,55,United-States,1,0.9986917984491651,1,6,1.0
51,Private,279272,Assoc-acdm,12,Never-married,Transport-moving,Not-in-family,Black,Male,14552,0,75,United-States,0,0.9978051831441015,1,6,1.0
73,Federal-gov,136787,Some-college,10,Married-civ-spouse,Adm-clerical,Husband,White,Male,6294,0,55,United-States,1,0.9891202329335983,1,6,1.0
54,Private,150568,HS-grad,9,Separated,Sales,Unmarried,White,Female,211,0,60,United-States,0,0.010194854247422487,0,6,1.0
47,Local-gov,85548,Some-college,10,Separated,Adm-clerical,Unmarried,Amer-Indian-Eskimo,Female,8264,0,55,United-States,0,0.7915845015677283,1,6,1.0
51,Federal-gov,149347,Masters,14,Never-married,Prof-specialty,Not-in-family,White,Male,491,0,55,Poland,1,0.09703212787738306,0,6,1.0
51,Self-emp-not-inc,29874,Some-college,10,Separated,Craft-repair,Not-in-family,White,Male,10373,0,75,United-States,1,0.9931653974984969,1,6,1.0
62,Private,175804,HS-grad,9,Married-civ-spouse,Sales,Husband,White,Male,1432,0,63,United-States,0,0.0959957506124898,0,6,1.0
48,Private,124111,HS-grad,9,Divorced,Adm-clerical,Unmarried,White,Female,611,0,50,United-States,0,0.011696511342469929,0,6,1.0
59,Private,140664,Bachelors,13,Divorced,Sales,Not-in-family,White,Male,90,0,60,United-States,0,0.05913935966099572,0,6,1.0
36,Private,190015,Bachelors,13,Married-civ-spouse,Prof-specialty,Husband,White,Male,10088,0,55,United-States,0,0.9988723176708515,1,6,1.0
60,Local-gov,31264,Some-college,10,Married-civ-spouse,Exec-managerial,Wife,White,Female,10898,0,55,United-States,1,0.9988011659656167,1,6,1.0
50,Private,136629,Bachelors,13,Married-civ-spouse,Machine-op-inspct,Husband,White,Male,8528,0,55,Iran,0,0.9985245529885882,1,6,1.0
29,Private,507492,11th,7,Never-married,Sales,Own-child,White,Female,7783,0,30,Guatemala,0,0.7850372856160998,1,6,1.0
32,Private,205895,Some-college,10,Never-married,Sales,Own-child,White,Female,6071,0,35,United-States,0,0.06509194991087869,0,6,1.0
43,Private,152940,Some-college,10,Married-civ-spouse,Craft-repair,Husband,White,Male,9232,0,55,United-States,0,0.9984768894661441,1,6,1.0
66,Private,102828,HS-grad,9,Married-civ-spouse,Craft-repair,Husband,White,Male,1884,0,64,United-States,0,0.09372258431342852,0,6,1.0
50,Private,33394,HS-grad,9,Married-civ-spouse,Craft-repair,Husband,White,Male,6366,0,75,United-States,0,0.990481699946378,1,6,1.0
50,Private,130277,Some-college,10,Divorced,Tech-support,Unmarried,White,Female,8622,1726,55,United-States,0,0.9935198486413503,1,6,1.0
65,Private,153486,HS-grad,9,Separated,Transport-moving,Not-in-family,White,Male,5151,0,45,United-States,0,0.26662470617474876,0,6,1.0
62,Private,83311,Masters,14,Married-civ-spouse,Exec-managerial,Husband,White,Male,12975,0,55,United-States,1,0.9965122618661897,1,6,1.0
62,Federal-gov,36489,Some-college,10,Married-civ-spouse,Adm-clerical,Husband,White,Male,335,0,55,United-States,1,0.23547896891984946,0,6,1.0
59,Private,178309,9th,5,Never-married,Other-service,Unmarried,White,Female,1182,0,65,United-States,0,0.004214903924465582,0,6,1.0
58,Private,328669,Assoc-voc,11,Married-civ-spouse,Craft-repair,Husband,White,Male,468,0,57,United-States,0,0.17583894655671664,0,6,1.0
51,Private,410509,HS-grad,9,Divorced,Handlers-cleaners,Unmarried,White,Male,11745,0,55,United-States,0,0.9962154150780632,1,6,1.0
58,Private,283037,Bachelors,13,Married-civ-spouse,Exec-managerial,Husband,White,Male,7363,0,65,United-States,1,0.9982769361534173,1,6,1.0
42,Private,167476,HS-grad,9,Married-civ-spouse,Transport-moving,Husband,White,Male,2762,0,65,United-States,0,0.05789079423973139,0,6,1.0
70,,365410,Some-college,10,Separated,,Other-relative,White,Female,3162,0,99,United-States,0,0.010822527228164324,0,6,1.0
50,State-gov,185180,Prof-school,15,Married-civ-spouse,Prof-specialty,Husband,White,Male,10273,0,55,United-States,1,0.9977841010968185,1,6,1.0
64,Self-emp-not-inc,73134,Bachelors,13,Married-civ-spouse,Sales,Husband,White,Male,2928,0,55,United-States,1,0.1683937469071694,0,6,1.0
61,Private,67365,HS-grad,9,Married-civ-spouse,Craft-repair,Husband,White,Male,10206,0,55,United-States,1,0.8800804368475386,1,6,1.0
61,Private,102096,9th,5,Married-civ-spouse,Handlers-cleaners,Husband,White,Male,10333,0,55,United-States,0,0.8800910167685846,1,6,1.0
40,Private,102533,Some-college,10,Separated,Handlers-cleaners,Not-in-family,Black,Male,13722,0,55,United-States,0,0.997832007345331,1,6,1.0
40,Private,184831,Some-college,10,Married-civ-spouse,Exec-managerial,Husband,White,Male,7926,0,55,United-States,0,0.9985786893845469,1,6,1.0
39,Private,221912,HS-grad,9,Never-married,Handlers-cleaners,Own-child,White,Male,8831,0,55,United-States,0,0.9924793537652895,1,6,1.0
31,Private,304299,HS-grad,9,Never-married,Sales,Unmarried,White,Female,9714,0,55,United-States,0,0.9909030965503062,1,6,1.0
70,Private,314153,HS-grad,9,Married-civ-spouse,Sales,Husband,White,Male,10188,0,55,United-States,1,0.8291672576439069,1,6,1.0
71,Private,155976,HS-grad,9,Widowed,Adm-clerical,Not-in-family,White,Female,13535,0,55,United-States,0,0.9967019438165028,1,6,1.0
31,Private,307496,Some-college,10,Never-married,Other-service,Own-child,White,Female,1244,0,31,United-States,0,0.001925235936378841,0,6,1.0
47,Private,217605,HS-grad,9,Married-civ-spouse,Handlers-cleaners,Wife,White,Female,11199,0,55,United-States,0,0.9979966184816504,1,6,1.0
53,Local-gov,401134,Bachelors,13,Divorced,Prof-specialty,Unmarried,White,Female,3887,0,55,United-States,0,0.029024739874017456,0,6,1.0
39,Private,279608,5th-6th,3,Married-civ-spouse,Farming-fishing,Husband,White,Male,11434,0,55,Mexico,0,0.9967189835276845,1,6,1.0
36,Private,234663,HS-grad,9,Never-married,Handlers-cleaners,Own-child,White,Male,3960,0,75,United-States,0,0.005669184646705092,0,6,1.0
42,Private,187203,Bachelors,13,Married-civ-spouse,Handlers-cleaners,Husband,White,Male,4425,0,55,United-States,0,0.07554052377528117,0,6,1.0
57,Private,449354,Some-college,10,Married-civ-spouse,Exec-managerial,Husband,White,Male,12778,0,55,United-States,0,0.9990881317760406,1,6,1.0
63,Private,207419,HS-grad,9,Divorced,Craft-repair,Not-in-family,White,Male,8075,0,75,United-States,0,0.9241845577273188,1,6,1.0
78,,170617,Masters,14,Widowed,,Not-in-family,White,Male,5682,0,21,United-States,0,0.07497317717586584,0,6,1.0
57,State-gov,235431,HS-grad,9,Separated,Sales,Unmarried,Black,Female,12002,0,55,United-States,0,0.997776592996399,1,6,1.0
35,Private,237432,12th,8,Never-married,Other-service,Not-in-family,White,Male,3622,0,75,United-States,0,0.00895434363967482,0,6,1.0
45,Private,208180,Bachelors,13,Never-married,Sales,Not-in-family,White,Female,9993,0,55,United-States,0,0.997907340060729,1,6,1.0
62,Private,249096,Some-college,10,Married-civ-spouse,Transport-moving,Husband,White,Male,13433,0,75,United-States,1,0.9824562612016624,1,6,1.0
60,Local-gov,81154,Assoc-voc,11,Never-married,Protective-serv,Unmarried,White,Male,1911,0,63,United-States,0,0.042830388741126574,0,6,1.0
54,Private,143046,Bachelors,13,Never-married,Prof-specialty,Not-in-family,White,Female,14077,1564,53,United-States,1,0.999668510019142,1,6,1.0
41,Private,262208,Some-college,10,Never-married,Other-service,Not-in-family,Black,Female,12300,0,45,Jamaica,0,0.9981049335557389,1,6,1.0
68,Self-emp-not-inc,156873,HS-grad,9,Married-civ-spouse,Craft-repair,Husband,White,Male,6887,0,55,United-States,0,0.706055152788316,1,6,1.0
63,Local-gov,230767,Assoc-acdm,12,Never-married,Adm-clerical,Not-in-family,White,Male,6870,0,53,Cuba,0,0.11757616318424445,0,6,1.0
42,Private,302473,HS-grad,9,Never-married,Adm-clerical,Own-child,White,Female,9727,0,55,United-States,0,0.9952980128109014,1,6,1.0
31,Private,251579,Some-college,10,Never-married,Other-service,Own-child,White,Male,11938,0,29,United-States,0,0.9935149892461873,1,6,1.0
52,Federal-gov,219266,HS-grad,9,Married-civ-spouse,Exec-managerial,Husband,White,Male,2743,0,55,United-States,1,0.3542484253410608,0,6,1.0
84,,132015,7th-8th,4,Divorced,,Not-in-family,White,Female,14878,0,21,United-States,0,0.989547838061404,1,6,1.0
58,Private,190487,HS-grad,9,Divorced,Priv-house-serv,Unmarried,White,Female,4699,0,43,Ecuador,0,0.7644239273621763,1,6,1.0
88,Self-emp-not-inc,33213,Masters,14,Married-civ-spouse,Prof-specialty,Husband,White,Male,3593,0,45,,1,0.1157937373048458,0,6,1.0
59,Private,162302,HS-grad,9,Divorced,Adm-clerical,Unmarried,White,Female,12804,0,35,United-States,0,0.9970222269996193,1,6,1.0
48,Self-emp-not-inc,182898,Bachelors,13,Married-civ-spouse,Exec-managerial,Husband,White,Male,13396,0,55,United-States,1,0.9991257393481738,1,6,1.0
54,Local-gov,194417,Some-college,10,Married-civ-spouse,Protective-serv,Husband,White,Male,2578,0,55,United-States,1,0.1771409366988182,0,6,1.0
71,Private,70796,HS-grad,9,Married-civ-spouse,Priv-house-serv,Wife,Black,Female,7076,0,30,United-States,0,0.9744576111641455,1,6,1.0
50,Self-emp-not-inc,127772,HS-grad,9,Divorced,Farming-fishing,Own-child,White,Male,10951,0,65,United-States,0,0.9909957037501932,1,6,1.0
39,Private,194243,Prof-school,15,Never-married,Prof-specialty,Own-child,White,Female,9801,0,55,United-States,0,0.9970110579316543,1,6,1.0
36,Private,230248,7th-8th,4,Separated,Machine-op-inspct,Own-child,White,Male,10819,0,55,United-States,0,0.9961070016415393,1,6,1.0
34,Private,113936,HS-grad,9,Never-married,Handlers-cleaners,Own-child,White,Male,14967,0,55,United-States,0,0.9935391986504576,1,6,1.0
32,Private,470875,HS-grad,9,Married-civ-spouse,Sales,Own-child,Black,Male,6797,0,47,United-States,0,0.9438249206966998,1,6,1.0
29,Private,165918,11th,7,Never-married,Handlers-cleaners,Own-child,White,Male,10711,0,35,Peru,0,0.9913910163845582,1,6,1.0
36,Private,176389,HS-grad,9,Married-civ-spouse,Craft-repair,Husband,White,Male,9538,0,55,United-States,0,0.9984958020187238,1,6,1.0
38,Private,133766,11th,7,Married-civ-spouse,Transport-moving,Husband,White,Male,7787,0,50,United-States,0,0.9983286561764534,1,6,1.0
43,Private,297188,Masters,14,Never-married,Prof-specialty,Not-in-family,White,Female,10988,0,75,United-States,0,0.9980098019111793,1,6,1.0
40,Private,246595,HS-grad,9,Never-married,Craft-repair,Own-child,White,Male,3733,0,85,United-States,0,0.015320609556403726,0,6,1.0
30,Private,170194,11th,7,Never-married,Sales,Own-child,White,Male,8089,0,40,United-States,0,0.8724415493461961,1,6,1.0
34,State-gov,181096,Bachelors,13,Never-married,Prof-specialty,Own-child,Black,Male,11187,0,35,United-States,0,0.9956191145586265,1,6,1.0
75,Private,236338,HS-grad,9,Married-civ-spouse,Sales,Wife,White,Female,2294,0,50,United-States,0,0.06423522018538476,0,6,1.0
81,Private,213249,Assoc-voc,11,Widowed,Sales,Not-in-family,White,Female,393,0,40,United-States,0,0.015726906761713986,0,6,1.0
50,Private,109594,Bachelors,13,Divorced,Sales,Not-in-family,White,Female,4671,0,85,United-States,1,0.9623849630852879,1,6,1.0
29,Private,233781,11th,7,Never-married,Other-service,Own-child,Black,Male,6092,0,33,United-States,0,0.025676783301869868,0,6,1.0
33,Private,241951,HS-grad,9,Never-married,Machine-op-inspct,Not-in-family,White,Male,6522,0,60,United-States,0,0.05235183665666001,0,6,1.0
41,Self-emp-not-inc,85572,11th,7,Married-civ-spouse,Other-service,Wife,White,Female,436,0,20,United-States,0,0.026059790280925685,0,6,1.0
79,Self-emp-not-inc,116057,HS-grad,9,Divorced,Exec-managerial,Not-in-family,White,Female,4263,0,31,United-States,0,0.09296771215297243,0,6,1.0
46,Private,173495,Some-college,10,Married-civ-spouse,Craft-repair,Husband,White,Male,11121,0,63,United-States,1,0.9990554812761161,1,6,1.0
39,Private,209801,Some-college,10,Never-married,Adm-clerical,Not-in-family,White,Female,3567,0,60,,0,0.012169643980704914,0,6,1.0
40,Private,153475,Bachelors,13,Never-married,Adm-clerical,Own-child,White,Female,1526,0,31,El-Salvador,0,0.005690446250529087,0,6,1.0
48,Private,214807,HS-grad,9,Divorced,Other-service,Unmarried,White,Female,7398,0,55,United-States,0,0.8962129794934273,1,6,1.0
57,Private,171540,HS-grad,9,Married-civ-spouse,Craft-repair,Husband,White,Male,1161,0,55,United-States,0,0.10682775685705463,0,6,1.0
50,Self-emp-not-inc,357962,9th,5,Divorced,Craft-repair,Not-in-family,White,Male,2623,0,55,United-States,0,0.023603313983729324,0,6,1.0
32,Private,236601,Some-college,10,Never-married,Sales,Not-in-family,White,Male,9255,0,35,United-States,0,0.9973885025581624,1,6,1.0
40,Private,214858,HS-grad,9,Married-civ-spouse,Transport-moving,Husband,White,Male,5569,0,55,United-States,0,0.9891464486045103,1,6,1.0
46,Self-emp-inc,177675,Some-college,10,Married-civ-spouse,Exec-managerial,Husband,White,Male,12692,0,80,United-States,1,0.99906319424133,1,6,1.0
49,Private,200153,HS-grad,9,Married-civ-spouse,Craft-repair,Husband,White,Male,10903,0,55,United-States,0,0.9990513371306246,1,6,1.0
56,Local-gov,184105,Bachelors,13,Married-civ-spouse,Adm-clerical,Husband,White,Male,13362,0,55,United-States,0,0.9990839335367017,1,6,1.0
43,,505438,HS-grad,9,Married-civ-spouse,,Husband,White,Male,3023,0,45,Mexico,0,0.11092932564512417,0,6,1.0
78,State-gov,162945,Prof-school,15,Married-civ-spouse,Exec-managerial,Husband,Black,Male,26717,0,70,United-States,1,0.9959284068026988,1,6,1.0
42,Private,312667,Some-college,10,Married-civ-spouse,Craft-repair,Husband,White,Male,14265,0,55,United-States,0,0.999012815375937,1,6,1.0
64,Private,210736,HS-grad,9,Married-civ-spouse,Craft-repair,Husband,White,Male,15521,0,65,United-States,1,0.9774694220589084,1,6,1.0
40,Private,150025,9th,5,Never-married,Craft-repair,Not-in-family,White,Male,2288,0,65,,1,0.04709770847058049,0,6,1.0
33,Private,255685,Some-college,10,Never-married,Other-service,Own-child,Black,Male,8933,0,55,Outlying-US(Guam-USVI-etc),0,0.9937467467257962,1,6,1.0
33,,118023,Some-college,10,Never-married,,Own-child,White,Male,8350,0,50,United-States,0,0.9946387377410404,1,6,1.0
41,Private,162257,Bachelors,13,Married-civ-spouse,Adm-clerical,Husband,White,Male,11752,0,55,United-States,0,0.9990449050995174,1,6,1.0
41,Private,177955,9th,5,Never-married,Priv-house-serv,Unmarried,White,Female,7677,0,39,El-Salvador,0,0.572148342991271,0,6,1.0
38,Private,223464,Some-college,10,Married-civ-spouse,Adm-clerical,Husband,White,Male,13847,0,55,United-States,0,0.9990730933534943,1,6,1.0
35,,280134,HS-grad,9,Never-married,,Own-child,White,Male,8858,0,55,United-States,0,0.9938534552146355,1,6,1.0
45,Private,195488,HS-grad,9,Married-civ-spouse,Adm-clerical,Wife,White,Female,8423,0,67,United-States,0,0.9976295858536279,1,6,1.0
34,Private,237720,HS-grad,9,Never-married,Craft-repair,Own-child,White,Male,8058,0,55,United-States,0,0.9114290493692389,1,6,1.0
39,Private,279580,Bachelors,13,Never-married,Sales,Not-in-family,White,Male,13647,0,60,United-States,1,0.998762533414497,1,6,1.0
62,Private,196232,HS-grad,9,Married-civ-spouse,Exec-managerial,Husband,White,Male,9289,0,65,United-States,1,0.9908460832236599,1,6,1.0
32,Private,176262,Assoc-acdm,12,Never-married,Adm-clerical,Own-child,White,Female,12361,0,35,United-States,0,0.9948123591765382,1,6,1.0
52,Private,379919,Some-college,10,Married-civ-spouse,Machine-op-inspct,Husband,White,Male,10035,0,55,United-States,0,0.99415710119554,1,6,1.0
41,Private,211331,HS-grad,9,Never-married,Exec-managerial,Not-in-family,White,Male,7036,0,65,Mexico,0,0.054160834778103954,0,6,1.0
