age,workclass,fnlwgt,education,education-num,marital-status,occupation,relationship,race,sex,capital-gain,capital-loss,hours-per-week,native-country,income,probability,prediction,batch_id,drift_strength
34,Private,324654,HS-grad,9,Never-married,Machine-op-inspct,Own-child,Asian-Pac-Islander,Male,0,0,40,China,0,0.024754435205789824,0,3,0.4
45,Private,155659,Bachelors,13,Married-civ-spouse,Prof-specialty,Husband,White,Male,0,0,60,United-States,1,0.8838942287559302,1,3,0.4
64,Private,43738,Doctorate,16,Widowed,Prof-specialty,Not-in-family,White,Male,0,0,80,United-States,1,0.7463648122467395,1,3,0.4
59,Private,184579,Some-college,10,Married-civ-spouse,Tech-support,Husband,White,Male,10886,0,75,United-States,0,0.9992401979022787,1,3,0.4
37,Private,169323,Bachelors,13,Married-civ-spouse,Exec-managerial,Own-child,White,Female,8267,0,55,United-States,0,0.9974646783207283,1,3,0.4
54,Private,184682,Assoc-voc,11,Divorced,Tech-support,Not-in-family,White,Female,12389,0,45,United-States,0,0.9988444514769471,1,3,0.4
30,Private,206325,11th,7,Married-civ-spouse,Craft-repair,Husband,White,Male,0,0,45,United-States,0,0.3168662737135227,0,3,0.4
42,Local-gov,194417,Some-college,10,Married-civ-spouse,Protective-serv,Husband,White,Male,0,0,40,United-States,1,0.8386676217721317,1,3,0.4
63,Local-gov,41161,HS-grad,9,Married-civ-spouse,Exec-managerial,Husband,White,Male,0,0,55,United-States,0,0.7540060222017183,1,3,0.4
49,Private,116409,Prof-school,15,Married-civ-spouse,Exec-managerial,Husband,White,Male,9295,0,55,United-States,1,0.9990045549840476,1,3,0.4
55,State-gov,136819,Some-college,10,Married-civ-spouse,Craft-repair,Husband,White,Male,0,0,43,United-States,1,0.800638912576518,1,3,0.4
20,Private,125010,HS-grad,9,Never-married,Other-service,Own-child,White,Female,0,0,30,United-States,0,0.0015418019188103897,0,3,0.4
36,Private,281356,1st-4th,2,Never-married,Farming-fishing,Not-in-family,Other,Male,2343,0,81,Mexico,0,0.006312670461891871,0,3,0.4
53,Private,172991,Some-college,10,Married-civ-spouse,Sales,Husband,White,Male,0,0,25,United-States,0,0.530747721530352,0,3,0.4
37,Private,77698,HS-grad,9,Never-married,Machine-op-inspct,Not-in-family,Asian-Pac-Islander,Female,3624,0,55,Philippines,0,0.008016188123978635,0,3,0.4
57,Federal-gov,40103,10th,6,Never-married,Prof-specialty,Not-in-family,White,Male,0,0,35,United-States,0,0.22136939068471623,0,3,0.4
51,Self-emp-not-inc,268639,Some-college,10,Married-civ-spouse,Prof-specialty,Wife,White,Female,0,2057,60,Canada,0,0.0329005222893959,0,3,0.4
22,Private,190968,HS-grad,9,Married-civ-spouse,Other-service,Husband,White,Male,0,0,40,United-States,0,0.059415671445611745,0,3,0.4
59,Private,193568,HS-grad,9,Divorced,Machine-op-inspct,Own-child,White,Female,0,0,40,United-States,0,0.038292557782804555,0,3,0.4
70,Private,105239,HS-grad,9,Married-civ-spouse,Handlers-cleaners,Other-relative,White,Male,7170,0,55,United-States,0,0.9736390417085748,1,3,0.4
21,Private,118712,Assoc-voc,11,Never-married,Craft-repair,Own-child,White,Male,0,1504,40,United-States,0,0.015697750145054448,0,3,0.4
32,Private,174704,11th,7,Never-married,Other-service,Not-in-family,Black,Male,0,0,40,United-States,0,0.0126991218535014,0,3,0.4
48,Private,395368,Some-college,10,Divorced,Handlers-cleaners,Other-relative,Black,Male,0,0,40,United-States,0,0.0463963346027112,0,3,0.4
32,State-gov,349365,HS-grad,9,Never-married,Other-service,Not-in-family,White,Female,14030,0,55,United-States,0,0.9980598327764575,1,3,0.4
51,Self-emp-inc,233117,Prof-school,15,Married-civ-spouse,Prof-specialty,Husband,White,Male,5822,0,55,United-States,1,0.9955038312531194,1,3,0.4
33,Private,285127,HS-grad,9,Never-married,Handlers-cleaners,Not-in-family,Black,Female,12248,0,55,United-States,0,0.9968680200786886,1,3,0.4
39,Federal-gov,219137,Assoc-acdm,12,Never-married,Adm-clerical,Unmarried,White,Female,0,0,40,United-States,0,0.06171558590496773,0,3,0.4
23,Private,227594,HS-grad,9,Never-married,Adm-clerical,Not-in-family,White,Female,0,0,30,United-States,0,0.0064814705892376175,0,3,0.4
27,Local-gov,331046,Bachelors,13,Never-married,Prof-specialty,Not-in-family,White,Female,0,0,45,United-States,0,0.05995756300584606,0,3,0.4
35,Private,190895,Some-college,10,Married-civ-spouse,Prof-specialty,Husband,White,Male,0,0,60,United-States,0,0.7475093451056294,1,3,0.4
43,Private,227325,Some-college,10,Never-married,Craft-repair,Not-in-family,White,Male,13538,0,55,United-States,0,0.9986805203776623,1,3,0.4
22,Private,186365,Some-college,10,Never-married,Machine-op-inspct,Not-in-family,White,Male,0,0,40,United-States,0,0.01038071197158703,0,3,0.4
52,Private,89041,Bachelors,13,Married-civ-spouse,Sales,Husband,White,Male,0,0,40,United-States,1,0.8492525933092631,1,3,0.4
31,Self-emp-not-inc,119411,Bachelors,13,Divorced,Exec-managerial,Unmarried,White,Male,0,0,60,United-States,1,0.5137929119485334,0,3,0.4
79,Private,366425,Doctorate,16,Divorced,Exec-managerial,Not-in-family,White,Male,99999,0,75,United-States,1,0.9941340155129434,1,3,0.4
37,Private,160261,Some-college,10,Never-married,Exec-managerial,Own-child,Asian-Pac-Islander,Male,11038,0,55,China,0,0.9972977049850159,1,3,0.4
55,Private,176904,10th,6,Married-civ-spouse,Transport-moving,Husband,White,Male,0,0,50,United-States,0,0.5131554108669368,0,3,0.4
52,Private,92649,Assoc-acdm,12,Divorced,Adm-clerical,Unmarried,White,Female,2567,0,55,United-States,0,0.011131226108949345,0,3,0.4
44,Private,178623,Assoc-acdm,12,Never-married,Sales,Not-in-family,Black,Female,2441,0,61,Trinadad&Tobago,0,0.02013721945501697,0,3,0.4
42,Private,240628,Bachelors,13,Married-civ-spouse,Exec-managerial,Wife,White,Female,0,0,40,United-States,1,0.9197555390355843,1,3,0.4
46,Private,190115,Assoc-acdm,12,Married-civ-spouse,Craft-repair,Husband,White,Male,0,0,40,United-States,1,0.7916234348408079,1,3,0.4
43,State-gov,107439,Some-college,10,Never-married,Other-service,Not-in-family,Black,Female,0,0,30,United-States,0,0.016576455158971957,0,3,0.4
47,Local-gov,251588,Bachelors,13,Married-civ-spouse,Exec-managerial,Husband,Black,Male,0,0,40,United-States,1,0.8806763751213008,1,3,0.4
40,Private,103389,Masters,14,Divorced,Sales,Own-child,White,Female,2735,0,55,United-States,0,0.03092745283142773,0,3,0.4
20,Private,121568,HS-grad,9,Married-civ-spouse,Handlers-cleaners,Husband,White,Male,0,0,50,United-States,0,0.03323204117380714,0,3,0.4
47,Private,145886,Some-college,10,Divorced,Other-service,Unmarried,White,Female,0,0,40,United-States,0,0.05057295800635516,0,3,0.4
37,Private,280282,Assoc-voc,11,Married-civ-spouse,Tech-support,Wife,White,Female,0,0,24,United-States,1,0.7991141244951174,1,3,0.4
55,Private,346189,Masters,14,Married-civ-spouse,Exec-managerial,Husband,White,Male,14249,0,65,United-States,1,0.9992521504457247,1,3,0.4
45,Private,245659,Some-college,10,Separated,Other-service,Unmarried,White,Female,757,0,53,El-Salvador,0,0.01347156070364252,0,3,0.4
50,Self-emp-not-inc,53628,Assoc-voc,11,Divorced,Exec-managerial,Unmarried,White,Male,13798,0,50,United-States,0,0.9980392213142264,1,3,0.4
35,Private,148903,HS-grad,9,Divorced,Sales,Unmarried,White,Female,0,0,40,United-States,0,0.045769377749437,0,3,0.4
46,Private,96773,HS-grad,9,Married-civ-spouse,Craft-repair,Husband,White,Male,0,0,40,United-States,0,0.646405520801671,1,3,0.4
34,Private,31740,7th-8th,4,Married-civ-spouse,Transport-moving,Husband,White,Male,0,0,40,United-States,0,0.10378998071738416,0,3,0.4
50,Self-emp-not-inc,279129,Masters,14,Married-civ-spouse,Exec-managerial,Husband,White,Male,0,0,20,United-States,0,0.7019047918052616,1,3,0.4
47,Private,214702,HS-grad,9,Divorced,Other-service,Unmarried,White,Female,0,0,37,Puerto-Rico,0,0.023367498227317617,0,3,0.4
45,Private,220641,Some-college,10,Divorced,Exec-managerial,Unmarried,White,Female,0,0,40,United-States,0,0.1644109246638964,0,3,0.4
35,Private,87757,Bachelors,13,Never-married,Exec-managerial,Not-in-family,White,Male,0,0,40,United-States,0,0.328565818947444,0,3,0.4
31,Private,138946,7th-8th,4,Never-married,Craft-repair,Own-child,White,Male,9302,0,55,United-States,0,0.9950529927138061,1,3,0.4
18,Private,218100,11th,7,Never-married,Sales,Own-child,White,Female,0,0,25,United-States,0,0.000534981616076694,0,3,0.4
36,Private,367216,Some-college,10,Married-spouse-absent,Other-service,Own-child,White,Female,0,0,28,United-States,0,0.03566464977363108,0,3,0.4
38,Private,198216,Some-college,10,Divorced,Exec-managerial,Unmarried,White,Female,0,0,40,United-States,0,0.15146332416926978,0,3,0.4
54,Private,108435,HS-grad,9,Married-civ-spouse,Adm-clerical,Husband,White,Male,0,0,20,United-States,0,0.30121463389441583,0,3,0.4
55,Private,134120,HS-grad,9,Divorced,Sales,Other-relative,White,Female,10908,0,61,United-States,0,0.9973156850216071,1,3,0.4
42,Private,235109,Assoc-voc,11,Divorced,Adm-clerical,Unmarried,White,Female,8961,0,55,United-States,0,0.9915305038476481,1,3,0.4
42,Private,96480,Assoc-voc,11,Never-married,Adm-clerical,Own-child,White,Female,10764,0,47,United-States,0,0.9974506678804191,1,3,0.4
47,Private,105813,Bachelors,13,Married-civ-spouse,Prof-specialty,Husband,White,Male,3957,0,63,United-States,1,0.12401592746569934,0,3,0.4
63,Private,161599,Bachelors,13,Divorced,Adm-clerical,Not-in-family,White,Female,10229,0,55,,0,0.985996585199496,1,3,0.4
26,Local-gov,113948,Bachelors,13,Never-married,Protective-serv,Not-in-family,White,Female,0,0,48,United-States,0,0.13710378710098803,0,3,0.4
19,Private,139466,Some-college,10,Never-married,Sales,Own-child,White,Female,0,0,25,United-States,0,0.0010708538958458412,0,3,0.4
35,Private,97136,Some-college,10,Never-married,Other-service,Unmarried,Black,Female,0,0,37,United-States,0,0.02618752029244999,0,3,0.4
21,Private,159567,HS-grad,9,Never-married,Machine-op-inspct,Not-in-family,White,Male,0,0,50,United-States,0,0.011278351375732404,0,3,0.4
24,Private,70261,Some-college,10,Never-married,Transport-moving,Own-child,White,Male,0,0,40,United-States,0,0.033072378296947265,0,3,0.4
45,Private,118714,Assoc-voc,11,Married-civ-spouse,Craft-repair,Husband,White,Male,0,0,40,United-States,0,0.7532704454568832,1,3,0.4
21,Private,180339,Some-college,10,Never-married,Adm-clerical,Not-in-family,White,Female,0,0,45,United-States,0,0.014477436239456581,0,3,0.4
63,Self-emp-not-inc,381769,HS-grad,9,Married-civ-spouse,Farming-fishing,Husband,White,Male,10673,0,65,United-States,0,0.9700663772999987,1,3,0.4
49,Private,224566,HS-grad,9,Never-married,Craft-repair,Unmarried,White,Male,14523,0,55,United-States,0,0.998504884008536,1,3,0.4
47,Private,185385,HS-grad,9,Married-civ-spouse,Prof-specialty,Husband,White,Male,5013,0,24,United-States,0,0.03233145225761511,0,3,0.4
61,Private,51170,HS-grad,9,Married-civ-spouse,Craft-repair,Husband,White,Male,0,0,55,United-States,0,0.6926597887297266,1,3,0.4
54,Self-emp-not-inc,180522,HS-grad,9,Married-civ-spouse,Sales,Husband,White,Male,0,0,70,United-States,0,0.6444051151320589,0,3,0.4
46,Local-gov,138107,Masters,14,Married-civ-spouse,Exec-managerial,Husband,White,Male,0,1902,60,United-States,1,0.9922787226779962,1,3,0.4
55,State-gov,153788,Some-college,10,Married-civ-spouse,Adm-clerical,Wife,White,Female,0,0,37,United-States,0,0.6668167399414658,1,3,0.4
46,Private,235124,HS-grad,9,Never-married,Other-service,Unmarried,Black,Female,138,0,50,United-States,0,0.005427653440622722,0,3,0.4
30,Private,289458,Bachelors,13,Never-married,Exec-managerial,Not-in-family,White,Female,0,0,40,United-States,0,0.11981645059705243,0,3,0.4
52,,253717,11th,7,Married-civ-spouse,,Wife,White,Female,3653,0,31,United-States,0,0.023126901846188663,0,3,0.4
30,Private,207564,Some-college,10,Married-civ-spouse,Adm-clerical,Wife,White,Female,0,0,40,United-States,0,0.7351508371287679,1,3,0.4
51,Private,56118,HS-grad,9,Divorced,Other-service,Unmarried,White,Female,14688,0,55,United-States,0,0.9974354229886846,1,3,0.4
31,,117201,HS-grad,9,Never-married,,Own-child,White,Male,5658,0,45,United-States,0,0.06446080861720456,0,3,0.4
48,Private,199439,Masters,14,Married-civ-spouse,Exec-managerial,Husband,White,Male,9011,0,60,United-States,1,0.9987502847795919,1,3,0.4
46,Private,181372,11th,7,Married-civ-spouse,Other-service,Wife,White,Female,3974,0,38,United-States,0,0.0230784722850659,0,3,0.4
59,Local-gov,93618,Some-college,10,Divorced,Adm-clerical,Not-in-family,White,Female,9535,0,48,United-States,0,0.9972166486778584,1,3,0.4
50,Private,305319,7th-8th,4,Married-civ-spouse,Craft-repair,Husband,White,Male,0,0,40,United-States,0,0.23558586322302102,0,3,0.4
84,Private,99554,7th-8th,4,Married-civ-spouse,Handlers-cleaners,Wife,White,Female,1497,0,25,Poland,0,0.006773528416054564,0,3,0.4
40,,230704,HS-grad,9,Never-married,,Not-in-family,Black,Male,2438,0,55,United-States,0,0.005789672705607913,0,3,0.4
37,Private,78605,HS-grad,9,Married-civ-spouse,Machine-op-inspct,Husband,White,Male,11879,0,55,United-States,0,0.998921207257898,1,3,0.4
27,Private,113866,HS-grad,9,Never-married,Other-service,Not-in-family,White,Female,0,0,30,United-States,0,0.009064430175441573,0,3,0.4
42,Private,189759,Bachelors,13,Never-married,Transport-moving,Not-in-family,White,Male,5575,0,55,United-States,0,0.3143155604518799,0,3,0.4
57,Private,185385,HS-grad,9,Married-civ-spouse,Machine-op-inspct,Husband,White,Male,1171,0,55,United-States,0,0.11338182395021058,0,3,0.4
38,Private,266505,HS-grad,9,Married-civ-spouse,Sales,Husband,White,Male,7086,0,53,United-States,0,0.9978755242863423,1,3,0.4
22,Self-emp-not-inc,269474,HS-grad,9,Never-married,Farming-fishing,Own-child,White,Male,0,0,40,United-States,0,0.015588668350238003,0,3,0.4
48,Local-gov,59313,Some-college,10,Separated,Adm-clerical,Own-child,Black,Male,14092,0,55,United-States,0,0.9974426195199266,1,3,0.4
44,Private,154120,HS-grad,9,Married-civ-spouse,Transport-moving,Husband,White,Male,21621,0,55,United-States,1,0.9987245894422105,1,3,0.4
25,Private,321223,Some-college,10,Divorced,Other-service,Not-in-family,White,Female,0,0,20,United-States,0,0.009709890967703099,0,3,0.4
24,Private,283092,HS-grad,9,Never-married,Adm-clerical,Other-relative,Black,Male,0,0,40,Jamaica,0,0.005512632421697942,0,3,0.4
59,Private,362654,Masters,14,Married-civ-spouse,Prof-specialty,Husband,White,Male,14751,0,55,United-States,1,0.9991435832060801,1,3,0.4
39,Local-gov,86643,Some-college,10,Married-civ-spouse,Protective-serv,Husband,White,Male,0,0,48,United-States,0,0.7151546244316275,1,3,0.4
41,Private,349703,Assoc-acdm,12,Married-civ-spouse,Farming-fishing,Husband,Asian-Pac-Islander,Male,0,0,40,United-States,0,0.44117816857597714,0,3,0.4
44,Local-gov,100479,Assoc-acdm,12,Married-civ-spouse,Prof-specialty,Husband,White,Male,0,0,48,United-States,0,0.7623423033815676,1,3,0.4
52,Private,193882,Assoc-voc,11,Never-married,Machine-op-inspct,Own-child,White,Male,14769,0,55,United-States,0,0.9973111917099728,1,3,0.4
40,Self-emp-not-inc,173651,Some-college,10,Married-civ-spouse,Craft-repair,Husband,White,Male,0,0,45,United-States,0,0.5610189455577357,0,3,0.4
51,Private,256294,HS-grad,9,Married-civ-spouse,Other-service,Husband,Black,Male,8504,0,55,United-States,0,0.998846787661754,1,3,0.4
32,Private,183304,Assoc-voc,11,Married-civ-spouse,Transport-moving,Husband,White,Male,0,0,99,United-States,1,0.7930810143058953,1,3,0.4
60,Private,196707,Assoc-voc,11,Married-civ-spouse,Craft-repair,Husband,White,Male,13466,0,55,United-States,1,0.9990626209707143,1,3,0.4
49,Private,133328,HS-grad,9,Divorced,Sales,Unmarried,White,Female,8918,0,55,United-States,0,0.9969906389450301,1,3,0.4
40,Private,191342,Bachelors,13,Married-civ-spouse,Exec-managerial,Husband,Asian-Pac-Islander,Male,0,0,40,China,1,0.8672534556387665,1,3,0.4
54,State-gov,137065,Doctorate,16,Never-married,Exec-managerial,Not-in-family,White,Female,0,0,40,United-States,1,0.7771939040376132,1,3,0.4
31,Private,259705,HS-grad,9,Never-married,Farming-fishing,Own-child,White,Female,0,0,40,United-States,0,0.009460391276159623,0,3,0.4
32,Private,206215,HS-grad,9,Never-married,Adm-clerical,Own-child,White,Female,1862,0,55,United-States,0,0.00621742930623715,0,3,0.4
33,Private,394727,10th,6,Never-married,Handlers-cleaners,Unmarried,Black,Male,0,0,40,United-States,0,0.015641793876607274,0,3,0.4
40,Self-emp-not-inc,420054,HS-grad,9,Married-civ-spouse,Craft-repair,Husband,White,Male,728,0,55,Italy,0,0.06947948112384182,0,3,0.4
32,Private,181675,HS-grad,9,Never-married,Other-service,Not-in-family,White,Male,12074,0,55,United-States,0,0.9983831200601015,1,3,0.4
60,Private,216414,Bachelors,13,Married-civ-spouse,Exec-managerial,Husband,White,Male,2972,1977,85,United-States,1,0.9118655304954882,1,3,0.4
28,Private,373698,12th,8,Married-civ-spouse,Prof-specialty,Husband,White,Male,0,0,45,,0,0.5494691277551204,0,3,0.4
60,Self-emp-inc,81513,Bachelors,13,Married-civ-spouse,Exec-managerial,Husband,White,Male,7878,0,65,United-States,1,0.9987186104317651,1,3,0.4
65,Self-emp-inc,157403,HS-grad,9,Married-civ-spouse,Sales,Husband,White,Male,0,0,50,United-States,0,0.7322950038018053,1,3,0.4
38,Private,43311,5th-6th,3,Married-civ-spouse,Other-service,Wife,White,Female,0,0,40,El-Salvador,0,0.10266469812192457,0,3,0.4
31,Local-gov,265706,Bachelors,13,Never-married,Protective-serv,Not-in-family,White,Male,4650,0,40,United-States,0,0.03680455952805418,0,3,0.4
18,Private,118376,Some-college,10,Never-married,Other-service,Own-child,White,Female,0,0,15,United-States,0,0.0007027739803848344,0,3,0.4
44,State-gov,71151,Bachelors,13,Married-civ-spouse,Tech-support,Husband,White,Male,1528,0,35,United-States,0,0.2458293894339936,0,3,0.4
50,Private,200046,Masters,14,Married-civ-spouse,Exec-managerial,Husband,White,Male,0,0,50,United-States,1,0.93772524964515,1,3,0.4
48,Local-gov,132368,5th-6th,3,Married-civ-spouse,Transport-moving,Husband,White,Male,0,0,40,United-States,0,0.23628342664823035,0,3,0.4
22,Private,168997,Assoc-voc,11,Never-married,Exec-managerial,Not-in-family,White,Male,0,0,40,United-States,0,0.027870017146834555,0,3,0.4
27,Private,179565,Bachelors,13,Never-married,Adm-clerical,Not-in-family,White,Female,0,0,37,United-States,0,0.026635464294926192,0,3,0.4
54,Private,202872,HS-grad,9,Married-civ-spouse,Adm-clerical,Wife,White,Female,11125,0,51,United-States,1,0.9988679073897057,1,3,0.4
43,Local-gov,37937,Assoc-acdm,12,Married-civ-spouse,Tech-support,Husband,White,Male,0,0,43,United-States,0,0.7344507338752062,1,3,0.4
33,Private,353628,10th,6,Separated,Sales,Unmarried,Black,Female,6739,0,53,United-States,0,0.022395876405151095,0,3,0.4
30,Local-gov,363032,HS-grad,9,Married-civ-spouse,Protective-serv,Husband,Black,Male,0,0,40,United-States,0,0.4169402853501122,0,3,0.4
38,Self-emp-not-inc,108947,Some-college,10,Married-civ-spouse,Machine-op-inspct,Husband,White,Male,7688,0,40,United-States,1,0.9975025168521808,1,3,0.4
40,Self-emp-not-inc,214689,11th,7,Never-married,Craft-repair,Not-in-family,White,Male,12219,0,55,United-States,0,0.9980268877563563,1,3,0.4
26,Private,90915,Assoc-acdm,12,Never-married,Other-service,Own-child,Black,Female,0,0,15,United-States,0,0.003449860576787919,0,3,0.4
62,Private,155574,HS-grad,9,Married-civ-spouse,Prof-specialty,Husband,White,Male,10396,0,55,United-States,1,0.9241444296565731,1,3,0.4
38,Private,252897,Some-college,10,Divorced,Sales,Own-child,White,Female,0,0,25,United-States,0,0.035468020442954586,0,3,0.4
30,Private,165115,Assoc-voc,11,Divorced,Adm-clerical,Unmarried,White,Female,0,0,30,United-States,0,0.020324137788050003,0,3,0.4
33,Private,97939,Assoc-acdm,12,Divorced,Machine-op-inspct,Not-in-family,White,Female,0,0,42,United-States,0,0.04876806839416016,0,3,0.4
51,Private,180807,Some-college,10,Divorced,Exec-managerial,Unmarried,White,Female,0,0,40,United-States,0,0.18274776595376782,0,3,0.4
79,,126514,Some-college,10,Widowed,,Not-in-family,White,Female,13459,0,19,United-States,0,0.9913500754185126,1,3,0.4
58,Private,177633,HS-grad,9,Married-civ-spouse,Machine-op-inspct,Husband,White,Male,6837,0,65,United-States,1,0.9705210689541631,1,3,0.4
69,Private,140176,HS-grad,9,Married-civ-spouse,Sales,Husband,White,Male,0,0,24,United-States,0,0.20207760689998563,0,3,0.4
57,Self-emp-not-inc,142871,Some-college,10,Separated,Sales,Unmarried,White,Male,8590,0,65,United-States,0,0.9970017663376638,1,3,0.4
52,Private,130760,Assoc-voc,11,Married-civ-spouse,Exec-managerial,Husband,White,Male,7609,0,65,United-States,1,0.998543087632946,1,3,0.4
65,Self-emp-not-inc,175202,HS-grad,9,Married-civ-spouse,Exec-managerial,Husband,White,Male,0,0,24,United-States,0,0.27233263767670174,0,3,0.4
61,Private,87928,Assoc-voc,11,Married-civ-spouse,Craft-repair,Husband,White,Male,6679,0,55,United-States,0,0.8937336459540008,1,3,0.4
61,Private,119684,Prof-school,15,Married-civ-spouse,Prof-specialty,Husband,White,Male,15024,0,20,United-States,1,0.9922699348365752,1,3,0.4
41,Private,173858,HS-grad,9,Married-civ-spouse,Other-service,Husband,Asian-Pac-Islander,Male,0,0,40,China,0,0.2714739023568579,0,3,0.4
51,Private,179731,Masters,14,Married-civ-spouse,Exec-managerial,Wife,White,Female,7998,2415,80,United-States,1,0.9994913571920141,1,3,0.4
61,Self-emp-inc,86701,Some-college,10,Married-civ-spouse,Craft-repair,Husband,Asian-Pac-Islander,Male,8775,0,71,United-States,1,0.9905096457614965,1,3,0.4
41,Private,195096,Bachelors,13,Married-civ-spouse,Exec-managerial,Husband,White,Male,0,0,50,United-States,1,0.9198474295292463,1,3,0.4
25,Private,306513,Some-college,10,Married-civ-spouse,Adm-clerical,Husband,White,Male,0,0,45,United-States,0,0.47595415128655955,0,3,0.4
56,Private,216411,Assoc-voc,11,Separated,Prof-specialty,Not-in-family,White,Female,5440,0,55,Dominican-Republic,0,0.3258764385429019,0,3,0.4
47,Private,102583,HS-grad,9,Married-civ-spouse,Sales,Husband,White,Male,0,0,30,United-States,1,0.3127110495551868,0,3,0.4
51,Private,194908,HS-grad,9,Never-married,Adm-clerical,Not-in-family,White,Female,0,0,40,United-States,0,0.04917509096438845,0,3,0.4
56,Private,133819,HS-grad,9,Separated,Craft-repair,Not-in-family,White,Female,0,0,40,United-States,0,0.05610368840578952,0,3,0.4
22,,291547,5th-6th,3,Married-civ-spouse,,Wife,Other,Female,0,0,40,Mexico,0,0.030836000774236642,0,3,0.4
34,Private,122616,Some-college,10,Married-civ-spouse,Tech-support,Husband,White,Male,0,0,84,United-States,1,0.804194007833184,1,3,0.4
51,Federal-gov,97934,Bachelors,13,Married-civ-spouse,Farming-fishing,Husband,White,Male,5178,0,40,United-States,1,0.973709041718397,1,3,0.4
31,Private,120361,HS-grad,9,Never-married,Handlers-cleaners,Own-child,Black,Male,1191,0,55,United-States,0,0.0020863927715109643,0,3,0.4
24,Local-gov,461678,10th,6,Never-married,Other-service,Not-in-family,White,Male,0,0,40,United-States,0,0.014270045116776126,0,3,0.4
77,,146722,12th,8,Married-civ-spouse,,Husband,White,Male,23,0,25,United-States,0,0.010866899449828308,0,3,0.4
52,Private,198270,Some-college,10,Divorced,Other-service,Not-in-family,White,Female,7741,0,55,United-States,0,0.9579613076519596,1,3,0.4
19,Private,229756,HS-grad,9,Never-married,Sales,Own-child,White,Male,0,0,50,United-States,0,0.004823566858658629,0,3,0.4
41,Private,189565,HS-grad,9,Divorced,Protective-serv,Own-child,White,Male,3544,0,55,United-States,0,0.009337885804725226,0,3,0.4
34,Private,312055,Bachelors,13,Never-married,Exec-managerial,Not-in-family,White,Male,0,0,40,United-States,1,0.3127954798340775,0,3,0.4
29,Private,401198,11th,7,Never-married,Sales,Own-child,White,Female,4961,0,30,United-States,0,0.15444042405464303,0,3,0.4
24,Private,452640,HS-grad,9,Married-civ-spouse,Other-service,Husband,White,Male,0,0,40,United-States,0,0.09686549391095386,0,3,0.4
20,,144685,Some-college,10,Never-married,,Own-child,Asian-Pac-Islander,Female,0,1602,40,Taiwan,0,0.0029183790752358124,0,3,0.4
51,Self-emp-inc,100029,Doctorate,16,Married-civ-spouse,Prof-specialty,Husband,White,Male,15024,0,40,United-States,1,0.9993202699540696,1,3,0.4
20,Private,189888,12th,8,Never-married,Other-service,Not-in-family,White,Male,0,0,40,United-States,0,0.0036850905041751836,0,3,0.4
52,Private,199668,HS-grad,9,Divorced,Sales,Own-child,White,Female,3804,0,40,United-States,0,0.004136870251255778,0,3,0.4
53,Private,239155,Some-college,10,Married-civ-spouse,Exec-managerial,Husband,White,Male,0,0,50,United-States,1,0.8769188111525988,1,3,0.4
35,Private,129597,Some-college,10,Married-civ-spouse,Sales,Husband,White,Male,0,0,46,United-States,0,0.7439814016906875,1,3,0.4
23,Private,326587,HS-grad,9,Never-married,Adm-clerical,Not-in-family,White,Male,0,0,40,United-States,0,0.021066969684413572,0,3,0.4
42,Private,374790,9th,5,Divorced,Craft-repair,Not-in-family,White,Male,0,0,40,United-States,0,0.16056822654448424,0,3,0.4
21,,117222,Some-college,10,Never-married,,Own-child,White,Male,0,0,40,United-States,0,0.007970090408485344,0,3,0.4
53,Private,167170,HS-grad,9,Widowed,Machine-op-inspct,Not-in-family,Black,Female,0,0,40,United-States,0,0.03618514689860066,0,3,0.4
30,Private,267281,Bachelors,13,Never-married,Prof-specialty,Not-in-family,White,Male,0,0,50,United-States,0,0.48538590520464286,0,3,0.4
25,Private,145434,Some-college,10,Never-married,Machine-op-inspct,Not-in-family,White,Female,0,0,25,United-States,0,0.003312143661256141,0,3,0.4
28,Private,27956,Prof-school,15,Married-civ-spouse,Prof-specialty,Husband,Asian-Pac-Islander,Male,0,0,99,Philippines,0,0.7787719821831425,1,3,0.4
74,Private,180455,Bachelors,13,Widowed,Other-service,Not-in-family,White,Female,0,0,8,United-States,0,0.0452574162753522,0,3,0.4
63,,97823,11th,7,Married-civ-spouse,,Husband,White,Male,0,0,40,United-States,0,0.24766688497597794,0,3,0.4
44,State-gov,141858,Prof-school,15,Married-civ-spouse,Prof-specialty,Husband,White,Male,15024,0,75,United-States,1,0.9992848847549659,1,3,0.4
34,Private,240229,HS-grad,9,Never-married,Adm-clerical,Own-child,White,Female,8422,0,55,United-States,0,0.9942955168063957,1,3,0.4
36,Private,184756,Bachelors,13,Never-married,Exec-managerial,Not-in-family,White,Female,8852,0,55,United-States,0,0.9983990853466893,1,3,0.4
31,Private,337505,Prof-school,15,Married-civ-spouse,Prof-specialty,Husband,Asian-Pac-Islander,Male,0,0,40,Japan,0,0.7829302727367106,1,3,0.4
52,Private,443742,Some-college,10,Divorced,Exec-managerial,Not-in-family,White,Male,0,0,60,United-States,0,0.5803573878839672,0,3,0.4
27,Private,187981,HS-grad,9,Never-married,Handlers-cleaners,Own-child,White,Male,0,0,40,United-States,0,0.015080435345158412,0,3,0.4
23,Local-gov,324637,Some-college,10,Never-married,Adm-clerical,Not-in-family,White,Male,0,0,30,United-States,0,0.012009739064278298,0,3,0.4
57,Private,122206,HS-grad,9,Married-civ-spouse,Transport-moving,Husband,White,Male,7197,0,55,United-States,0,0.9981773303050923,1,3,0.4
64,Local-gov,311569,Masters,14,Married-civ-spouse,Exec-managerial,Husband,White,Male,1347,0,65,United-States,1,0.32774818340813455,0,3,0.4
36,Private,341672,HS-grad,9,Married-spouse-absent,Adm-clerical,Other-relative,Asian-Pac-Islander,Male,0,0,60,India,0,0.08102720240706764,0,3,0.4
42,Private,79448,Some-college,10,Divorced,Adm-clerical,Unmarried,White,Female,9666,0,25,United-States,0,0.9806121715705666,1,3,0.4
38,,139770,Masters,14,Married-civ-spouse,,Wife,White,Female,0,0,48,United-States,1,0.7697738095237334,1,3,0.4
55,Federal-gov,25005,Masters,14,Married-civ-spouse,Handlers-cleaners,Husband,White,Male,16984,0,27,United-States,0,0.998613583351205,1,3,0.4
82,Self-emp-not-inc,124449,Masters,14,Married-civ-spouse,Exec-managerial,Husband,White,Male,48,2246,23,United-States,1,0.677852230105701,1,3,0.4
21,Local-gov,102942,Some-college,10,Never-married,Other-service,Not-in-family,White,Female,0,2001,40,United-States,0,0.012293905620660867,0,3,0.4
58,State-gov,106705,Masters,14,Never-married,Exec-managerial,Not-in-family,White,Female,6494,0,53,United-States,0,0.39596697322487834,0,3,0.4
71,Local-gov,238431,HS-grad,9,Divorced,Adm-clerical,Unmarried,White,Female,4015,0,53,United-States,0,0.011756515063337912,0,3,0.4
50,Private,204447,Masters,14,Married-civ-spouse,Exec-managerial,Husband,White,Male,15024,0,65,United-States,1,0.9991767164684204,1,3,0.4
60,Private,239576,Masters,14,Married-civ-spouse,Transport-moving,Husband,White,Male,0,0,10,United-States,0,0.5716346908786564,0,3,0.4
41,Private,375078,7th-8th,4,Married-civ-spouse,Other-service,Wife,White,Female,13993,0,55,Mexico,0,0.999125986142812,1,3,0.4
47,Private,170142,HS-grad,9,Married-civ-spouse,Machine-op-inspct,Husband,White,Male,0,0,50,United-States,0,0.7061928528895045,1,3,0.4
25,Private,169905,Assoc-voc,11,Never-married,Sales,Not-in-family,White,Male,27828,0,40,United-States,1,0.9935251517184285,1,3,0.4
40,Private,480861,HS-grad,9,Married-civ-spouse,Machine-op-inspct,Husband,White,Male,13955,0,60,United-States,0,0.9990362349952745,1,3,0.4
45,Private,67006,10th,6,Never-married,Machine-op-inspct,Not-in-family,White,Female,7564,0,60,United-States,0,0.5747753433970745,0,3,0.4
73,Local-gov,119563,HS-grad,9,Married-spouse-absent,Other-service,Not-in-family,White,Female,1966,0,40,United-States,0,0.003951011620228667,0,3,0.4
34,Private,134737,Masters,14,Married-civ-spouse,Prof-specialty,Husband,White,Male,7688,0,55,United-States,1,0.9985921649872643,1,3,0.4
21,Private,133471,Some-college,10,Never-married,Exec-managerial,Own-child,White,Male,0,0,40,United-States,0,0.012235673254372036,0,3,0.4
26,Private,341353,Bachelors,13,Never-married,Other-service,Other-relative,White,Male,0,0,15,United-States,0,0.002895501379136096,0,3,0.4
64,State-gov,223830,9th,5,Never-married,Adm-clerical,Not-in-family,White,Female,0,0,38,United-States,0,0.03737709135009196,0,3,0.4
21,Private,191444,11th,7,Never-married,Farming-fishing,Unmarried,White,Male,0,0,40,United-States,0,0.006316590113160711,0,3,0.4
20,Private,142233,HS-grad,9,Never-married,Sales,Not-in-family,White,Female,0,0,35,United-States,0,0.0019313842886929603,0,3,0.4
23,Private,133355,Some-college,10,Never-married,Adm-clerical,Own-child,White,Male,0,0,15,United-States,0,0.005089124002906269,0,3,0.4
35,Private,181820,HS-grad,9,Separated,Craft-repair,Own-child,White,Male,5770,0,68,United-States,0,0.14184313296439888,0,3,0.4
49,Private,218357,Assoc-voc,11,Divorced,Prof-specialty,Not-in-family,White,Female,0,0,38,United-States,0,0.20234290755181905,0,3,0.4
32,Private,37232,Some-college,10,Married-civ-spouse,Adm-clerical,Husband,White,Male,0,0,40,United-States,0,0.574052627135317,0,3,0.4
49,Local-gov,193960,Masters,14,Married-civ-spouse,Prof-specialty,Husband,White,Male,0,1902,40,United-States,1,0.9903892143695912,1,3,0.4
29,Federal-gov,157313,Assoc-voc,11,Never-married,Prof-specialty,Not-in-family,White,Female,0,0,40,United-States,0,0.11491493342462734,0,3,0.4
25,Private,213412,Bachelors,13,Never-married,Tech-support,Unmarried,White,Male,0,0,40,United-States,0,0.03443876732169255,0,3,0.4
31,Private,137290,Bachelors,13,Married-civ-spouse,Exec-managerial,Husband,White,Male,0,0,55,United-States,1,0.9026377842253712,1,3,0.4
30,Private,390879,Assoc-voc,11,Divorced,Prof-specialty,Unmarried,White,Female,0,0,36,United-States,0,0.10437537644542531,0,3,0.4
62,Private,200332,HS-grad,9,Married-civ-spouse,Machine-op-inspct,Husband,White,Male,0,0,40,United-States,0,0.506747967716207,0,3,0.4
61,Self-emp-inc,38819,Bachelors,13,Married-civ-spouse,Sales,Husband,White,Male,6249,0,65,United-States,1,0.9910690348386665,1,3,0.4
20,Private,258430,Some-college,10,Never-married,Other-service,Own-child,White,Female,0,0,19,United-States,0,0.0012405076685725368,0,3,0.4
60,Private,167009,Some-college,10,Divorced,Adm-clerical,Not-in-family,White,Female,5070,0,63,United-States,0,0.16006171771811892,0,3,0.4
38,Local-gov,101426,HS-grad,9,Never-married,Protective-serv,Unmarried,Black,Male,0,0,40,United-States,0,0.029498065945195197,0,3,0.4
35,Private,150057,Some-college,10,Married-civ-spouse,Exec-managerial,Husband,White,Male,0,0,40,United-States,1,0.7776751891501051,1,3,0.4
40,Private,395022,Assoc-voc,11,Divorced,Prof-specialty,Unmarried,White,Female,903,0,55,United-States,0,0.025725442305111867,0,3,0.4
58,Private,75256,HS-grad,9,Married-civ-spouse,Priv-house-serv,Wife,White,Female,9399,0,55,United-States,0,0.9955510402053697,1,3,0.4
58,Private,173938,Masters,14,Married-civ-spouse,Prof-specialty,Husband,White,Male,26717,0,65,United-States,1,0.9990229343937058,1,3,0.4
28,Private,37805,Bachelors,13,Married-civ-spouse,Sales,Husband,White,Male,0,0,40,United-States,1,0.7145391865685281,1,3,0.4
41,Private,139126,Some-college,10,Married-civ-spouse,Exec-managerial,Husband,White,Male,0,1902,40,United-States,1,0.9900686858937516,1,3,0.4
39,Self-emp-inc,168355,HS-grad,9,Married-civ-spouse,Exec-managerial,Husband,White,Male,0,0,70,United-States,0,0.8218461200977448,1,3,0.4
40,Private,295163,12th,8,Divorced,Farming-fishing,Not-in-family,White,Male,712,0,55,United-States,0,0.01642402621469933,0,3,0.4
83,Private,211707,Some-college,10,Married-civ-spouse,Sales,Husband,White,Male,4446,0,19,United-States,0,0.10474349188562201,0,3,0.4
50,State-gov,200904,10th,6,Separated,Adm-clerical,Unmarried,Black,Female,1483,0,55,United-States,0,0.009948389508253662,0,3,0.4
42,Private,94235,Bachelors,13,Married-civ-spouse,Prof-specialty,Husband,White,Male,4522,0,75,United-States,0,0.1451353022270592,0,3,0.4
30,State-gov,112139,HS-grad,9,Married-civ-spouse,Protective-serv,Husband,White,Male,0,0,40,United-States,0,0.3669693013702075,0,3,0.4
20,Private,68358,Some-college,10,Never-married,Adm-clerical,Own-child,White,Female,0,0,12,United-States,0,0.0013291593287587217,0,3,0.4
42,Private,185177,HS-grad,9,Never-married,Handlers-cleaners,Not-in-family,White,Male,12884,0,37,United-States,0,0.9967956520097144,1,3,0.4
25,Private,177221,HS-grad,9,Married-civ-spouse,Exec-managerial,Husband,White,Male,0,0,75,United-States,0,0.5249956316283763,0,3,0.4
68,Private,121846,7th-8th,4,Widowed,Other-service,Unmarried,Amer-Indian-Eskimo,Female,0,0,20,United-States,0,0.011036231434878495,0,3,0.4
34,Private,93394,HS-grad,9,Married-civ-spouse,Transport-moving,Husband,White,Male,0,0,65,United-States,0,0.527881366618215,0,3,0.4
28,Private,436198,Some-college,10,Married-civ-spouse,Prof-specialty,Husband,White,Male,0,0,30,United-States,0,0.42124202292007734,0,3,0.4
37,Private,156266,HS-grad,9,Married-civ-spouse,Craft-repair,Husband,Amer-Indian-Eskimo,Male,0,0,40,United-States,0,0.457610899388996,0,3,0.4
34,Private,258298,Some-college,10,Never-married,Adm-clerical,Own-child,White,Male,355,0,50,United-States,0,0.011462955319929715,0,3,0.4
63,Private,169983,11th,7,Widowed,Sales,Not-in-family,White,Female,2176,0,30,United-States,0,0.004420275419050854,0,3,0.4
29,Private,280344,Bachelors,13,Married-civ-spouse,Sales,Husband,White,Male,0,0,40,United-States,1,0.7798486338970978,1,3,0.4
28,Private,203171,Some-college,10,Divorced,Craft-repair,Not-in-family,White,Male,0,0,40,United-States,0,0.08137045503980511,0,3,0.4
18,Private,169652,11th,7,Never-married,Other-service,Own-child,White,Female,0,0,12,United-States,0,0.0009267069962654678,0,3,0.4
30,Private,192002,Some-college,10,Married-civ-spouse,Craft-repair,Husband,White,Male,0,0,40,United-States,0,0.5587553588129531,0,3,0.4
61,Federal-gov,178312,Some-college,10,Married-civ-spouse,Prof-specialty,Husband,White,Male,0,0,40,United-States,0,0.8723248504265961,1,3,0.4
67,Private,268781,Bachelors,13,Married-civ-spouse,Adm-clerical,Husband,White,Male,0,1510,8,United-States,0,0.22271779225591865,0,3,0.4
60,State-gov,158451,Bachelors,13,Separated,Prof-specialty,Unmarried,White,Female,1066,0,55,United-States,0,0.040380807399039605,0,3,0.4
37,Private,175130,HS-grad,9,Divorced,Adm-clerical,Unmarried,White,Female,0,0,45,United-States,0,0.08512714396583193,0,3,0.4
22,Private,184813,Some-college,10,Never-married,Adm-clerical,Own-child,White,Male,0,0,40,United-States,0,0.01719230834375352,0,3,0.4
36,Private,114059,Bachelors,13,Married-civ-spouse,Exec-managerial,Husband,White,Male,0,0,45,United-States,0,0.8938836740189354,1,3,0.4
48,Private,416745,Bachelors,13,Married-civ-spouse,Prof-specialty,Husband,White,Male,2272,0,55,United-States,0,0.31783300226643685,0,3,0.4
45,Private,174794,Some-college,10,Divorced,Priv-house-serv,Not-in-family,White,Female,0,0,29,United-States,0,0.04883209921638368,0,3,0.4
23,Private,131699,Some-college,10,Never-married,Sales,Own-child,Black,Female,0,0,14,United-States,0,0.002405085115569081,0,3,0.4
20,Private,258298,Some-college,10,Never-married,Handlers-cleaners,Own-child,White,Male,0,0,20,United-States,0,0.000796559079875582,0,3,0.4
50,State-gov,89652,Masters,14,Widowed,Prof-specialty,Unmarried,White,Female,0,0,60,United-States,0,0.41294046767823006,0,3,0.4
56,Self-emp-not-inc,167280,Bachelors,13,Married-civ-spouse,Sales,Husband,White,Male,4983,0,55,United-States,0,0.05571879968175956,0,3,0.4
24,Private,270075,Bachelors,13,Married-civ-spouse,Adm-clerical,Wife,White,Female,0,0,50,United-States,0,0.6516567433161439,1,3,0.4
29,Self-emp-not-inc,178564,Bachelors,13,Never-married,Prof-specialty,Other-relative,White,Male,0,0,40,United-States,0,0.06139596200760402,0,3,0.4
41,Private,164040,HS-grad,9,Married-civ-spouse,Other-service,Husband,White,Male,1694,0,55,United-States,0,0.039417069080758906,0,3,0.4
23,Private,216639,Bachelors,13,Never-married,Tech-support,Not-in-family,White,Female,0,0,40,United-States,0,0.012103692509614102,0,3,0.4
31,Private,164707,Some-college,10,Never-married,Sales,Other-relative,White,Female,0,0,40,,0,0.017963235398629002,0,3,0.4
67,Private,124808,Assoc-voc,11,Married-civ-spouse,Prof-specialty,Husband,White,Male,375,1977,65,Germany,1,0.8499788831222249,1,3,0.4
29,Local-gov,192387,9th,5,Never-married,Other-service,Own-child,White,Male,7718,0,60,United-States,0,0.9285061209902171,1,3,0.4
25,Private,160445,HS-grad,9,Divorced,Craft-repair,Not-in-family,White,Male,0,0,40,United-States,0,0.0461235491269688,0,3,0.4
41,Private,210259,Some-college,10,Divorced,Adm-clerical,Unmarried,Black,Female,0,0,37,United-States,0,0.04361418792191997,0,3,0.4
70,Private,314153,HS-grad,9,Married-civ-spouse,Craft-repair,Husband,White,Male,3469,0,55,United-States,1,0.06159021045542589,0,3,0.4
41,Private,298161,Assoc-voc,11,Divorced,Adm-clerical,Own-child,White,Female,0,0,40,Cuba,0,0.036189151906784185,0,3,0.4
41,Private,151856,HS-grad,9,Married-civ-spouse,Protective-serv,Husband,White,Male,0,0,40,United-States,0,0.6011864709597748,0,3,0.4
24,Local-gov,52262,Some-college,10,Never-married,Adm-clerical,Not-in-family,White,Male,0,0,40,United-States,0,0.025811869340490866,0,3,0.4
29,Private,198146,11th,7,Never-married,Sales,Own-child,White,Female,5394,0,31,United-States,0,0.03309255712210366,0,3,0.4
40,Private,225263,Some-college,10,Married-civ-spouse,Exec-managerial,Wife,White,Female,0,0,45,United-States,1,0.8941712074876251,1,3,0.4
23,Private,235894,11th,7,Married-civ-spouse,Exec-managerial,Husband,White,Male,0,0,55,United-States,0,0.16809435047570984,0,3,0.4
32,Private,167106,HS-grad,9,Married-civ-spouse,Sales,Husband,Asian-Pac-Islander,Male,0,0,40,Hong,0,0.4440253057527579,0,3,0.4
31,Private,208798,HS-grad,9,Married-civ-spouse,Craft-repair,Husband,White,Male,0,0,40,United-States,0,0.46673189397768483,0,3,0.4
26,Private,211695,HS-grad,9,Married-civ-spouse,Adm-clerical,Husband,White,Male,0,0,40,United-States,0,0.3259711142773185,0,3,0.4
50,Private,121411,12th,8,Divorced,Transport-moving,Not-in-family,White,Male,0,0,40,United-States,0,0.18023456469387603,0,3,0.4
59,Self-emp-not-inc,243631,Bachelors,13,Married-civ-spouse,Prof-specialty,Husband,Asian-Pac-Islander,Male,12959,0,55,South,0,0.999024288133943,1,3,0.4
31,Private,236599,Bachelors,13,Married-civ-spouse,Exec-managerial,Husband,White,Male,0,0,45,United-States,1,0.8981944496036353,1,3,0.4
78,,363134,HS-grad,9,Widowed,,Not-in-family,White,Female,0,0,1,United-States,0,0.09366298435060116,0,3,0.4
28,Private,425127,9th,5,Married-civ-spouse,Other-service,Other-relative,White,Female,0,0,35,United-States,0,0.0679295597138207,0,3,0.4
31,Private,180656,Bachelors,13,Never-married,Other-service,Not-in-family,White,Male,0,0,40,,0,0.0906970429402452,0,3,0.4
65,Private,204042,HS-grad,9,Divorced,Protective-serv,Not-in-family,White,Male,0,0,20,United-States,0,0.07581343344113599,0,3,0.4
28,Private,232782,Some-college,10,Never-married,Adm-clerical,Not-in-family,White,Female,0,0,40,United-States,0,0.028704360054600028,0,3,0.4
77,,101427,Bachelors,13,Married-civ-spouse,,Husband,White,Male,11488,0,45,United-States,0,0.9941347898751374,1,3,0.4
64,State-gov,109600,Masters,14,Married-spouse-absent,Exec-managerial,Unmarried,White,Female,19714,0,59,United-States,1,0.9975257406681398,1,3,0.4
35,Self-emp-inc,49020,Assoc-acdm,12,Never-married,Farming-fishing,Own-child,White,Male,0,0,35,United-States,0,0.0364515960507857,0,3,0.4
51,Private,101722,7th-8th,4,Married-civ-spouse,Exec-managerial,Husband,Amer-Indian-Eskimo,Male,3908,0,47,United-States,0,0.03604519012453323,0,3,0.4
41,Private,75012,HS-grad,9,Married-civ-spouse,Machine-op-inspct,Husband,White,Male,0,0,50,United-States,0,0.49561851946893337,0,3,0.4
37,Private,172538,HS-grad,9,Never-married,Machine-op-inspct,Own-child,White,Male,0,0,40,United-States,0,0.031658458579587864,0,3,0.4
23,Private,170070,12th,8,Never-married,Other-service,Not-in-family,White,Female,0,0,38,United-States,0,0.016947098420384426,0,3,0.4
24,,169624,HS-grad,9,Divorced,,Unmarried,Black,Female,0,0,37,United-States,0,0.020265159516450977,0,3,0.4
25,Private,48029,Some-college,10,Married-civ-spouse,Exec-managerial,Husband,White,Male,0,0,40,United-States,1,0.4730709372604374,0,3,0.4
45,Private,276221,Doctorate,16,Married-civ-spouse,Prof-specialty,Husband,White,Male,5919,0,55,United-States,0,0.9943248768528133,1,3,0.4
33,Private,200207,HS-grad,9,Never-married,Handlers-cleaners,Own-child,White,Male,4349,0,55,United-States,0,0.06861510602181041,0,3,0.4
23,Private,140915,Some-college,10,Never-married,Sales,Other-relative,Asian-Pac-Islander,Male,0,0,25,Philippines,0,0.004490538961315094,0,3,0.4
26,Self-emp-not-inc,37023,Some-college,10,Married-civ-spouse,Farming-fishing,Husband,White,Male,0,0,78,United-States,0,0.24064191523599018,0,3,0.4
50,Private,34378,HS-grad,9,Married-civ-spouse,Sales,Husband,White,Male,2443,0,70,United-States,0,0.10402894128688642,0,3,0.4
74,Private,209454,5th-6th,3,Married-civ-spouse,Transport-moving,Husband,Black,Male,0,0,40,United-States,0,0.11696372820366993,0,3,0.4
40,Private,206889,HS-grad,9,Divorced,Craft-repair,Not-in-family,White,Male,2951,0,55,United-States,0,0.021065274116234135,0,3,0.4
33,Private,243842,HS-grad,9,Married-civ-spouse,Farming-fishing,Husband,White,Male,3620,0,55,United-States,0,0.03319638669473613,0,3,0.4
24,Private,190709,Some-college,10,Married-civ-spouse,Transport-moving,Husband,White,Male,0,0,65,United-States,0,0.27617567656469694,0,3,0.4
33,Private,123291,HS-grad,9,Married-civ-spouse,Machine-op-inspct,Husband,White,Male,0,0,84,United-States,1,0.7252956595281271,1,3,0.4
45,Private,100154,10th,6,Separated,Handlers-cleaners,Not-in-family,White,Male,1015,0,55,United-States,0,0.013909814589241499,0,3,0.4
43,Private,221550,Masters,14,Never-married,Other-service,Not-in-family,White,Female,0,0,30,Poland,0,0.05495541298522724,0,3,0.4
45,Private,227282,HS-grad,9,Married-civ-spouse,Transport-moving,Husband,White,Male,10824,0,75,United-States,0,0.9990346802069664,1,3,0.4
49,Private,371299,HS-grad,9,Never-married,Adm-clerical,Unmarried,White,Female,0,0,35,United-States,0,0.04848075884879709,0,3,0.4
48,Private,118023,Prof-school,15,Divorced,Sales,Not-in-family,White,Male,0,0,13,United-States,0,0.2283621760682228,0,3,0.4
38,Self-emp-not-inc,93206,Bachelors,13,Married-civ-spouse,Exec-managerial,Husband,Asian-Pac-Islander,Male,0,1902,65,United-States,1,0.987432076177143,1,3,0.4
73,Self-emp-not-inc,252431,Some-college,10,Married-civ-spouse,Prof-specialty,Wife,White,Female,0,0,1,United-States,0,0.42906781705160557,0,3,0.4
19,Private,234476,Some-college,10,Never-married,Sales,Own-child,White,Female,0,0,7,United-States,0,0.0009149080260685303,0,3,0.4
50,Private,301583,HS-grad,9,Never-married,Machine-op-inspct,Not-in-family,White,Male,0,0,40,United-States,0,0.03425660766991136,0,3,0.4
35,Private,108307,HS-grad,9,Never-married,Farming-fishing,Own-child,White,Male,11594,0,55,United-States,0,0.9938041719115498,1,3,0.4
41,Private,392167,10th,6,Divorced,Sales,Not-in-family,White,Male,0,0,48,United-States,0,0.36837214075776586,0,3,0.4
37,Self-emp-not-inc,107737,HS-grad,9,Married-civ-spouse,Craft-repair,Husband,White,Male,0,0,45,United-States,0,0.4741013507270391,0,3,0.4
20,Private,164219,HS-grad,9,Never-married,Handlers-cleaners,Own-child,White,Male,0,0,45,United-States,0,0.00284699933111818,0,3,0.4
37,Private,118088,HS-grad,9,Never-married,Craft-repair,Unmarried,White,Male,14820,0,55,United-States,0,0.9952786401404142,1,3,0.4
43,Private,96249,HS-grad,9,Married-civ-spouse,Machine-op-inspct,Husband,White,Male,0,0,42,United-States,1,0.5673819389316944,0,3,0.4
29,Private,318918,10th,6,Never-married,Farming-fishing,Own-child,White,Male,6665,0,45,United-States,0,0.054852613239195304,0,3,0.4
24,Private,205844,Bachelors,13,Never-married,Exec-managerial,Own-child,Black,Female,0,0,65,United-States,0,0.05062269537275788,0,3,0.4
20,Private,185452,HS-grad,9,Never-married,Adm-clerical,Own-child,White,Female,0,0,40,United-States,0,0.0017795765385859666,0,3,0.4
17,,197732,11th,7,Never-married,,Own-child,White,Female,0,0,20,England,0,0.0006124342116614382,0,3,0.4
65,,299494,11th,7,Married-civ-spouse,,Husband,White,Male,1797,0,40,United-States,0,0.011343350447029957,0,3,0.4
35,Private,102652,HS-grad,9,Never-married,Sales,Not-in-family,White,Female,7803,0,50,United-States,0,0.8402334454764606,1,3,0.4
63,Private,275507,Some-college,10,Divorced,Sales,Unmarried,Black,Female,11274,0,65,United-States,0,0.9928492204636126,1,3,0.4
50,Private,135339,12th,8,Married-civ-spouse,Sales,Husband,Asian-Pac-Islander,Male,0,0,40,Cambodia,1,0.5346599572193403,0,3,0.4
49,Private,82283,5th-6th,3,Married-civ-spouse,Other-service,Husband,Asian-Pac-Islander,Male,1332,0,55,,0,0.030969411666728106,0,3,0.4
34,Private,344275,HS-grad,9,Never-married,Transport-moving,Not-in-family,White,Male,0,0,70,United-States,0,0.2159108521277939,0,3,0.4
44,Private,173590,Bachelors,13,Married-civ-spouse,Prof-specialty,Husband,White,Male,0,0,3,United-States,0,0.6725742802663481,1,3,0.4
23,Federal-gov,314525,Bachelors,13,Never-married,Prof-specialty,Not-in-family,White,Male,0,0,40,United-States,0,0.038206442597074834,0,3,0.4
63,Private,138179,HS-grad,9,Separated,Machine-op-inspct,Not-in-family,White,Male,768,1876,55,United-States,0,0.009757242741659697,0,3,0.4
35,Private,218343,Assoc-acdm,12,Never-married,Sales,Own-child,White,Female,12819,0,55,United-States,0,0.9971462816991984,1,3,0.4
42,Private,188789,7th-8th,4,Widowed,Handlers-cleaners,Not-in-family,White,Female,0,0,35,United-States,0,0.01253096590121616,0,3,0.4
18,Private,96445,Some-college,10,Never-married,Other-service,Own-child,White,Female,0,0,24,United-States,0,0.0006458490042788684,0,3,0.4
41,Private,186733,HS-grad,9,Married-civ-spouse,Craft-repair,Husband,White,Male,12917,0,65,United-States,0,0.9990876373643193,1,3,0.4
46,Private,241350,Some-college,10,Never-married,Exec-managerial,Not-in-family,White,Male,8614,0,50,United-States,1,0.9978422330863899,1,3,0.4
56,Private,191814,Some-college,10,Married-civ-spouse,Craft-repair,Husband,White,Male,3813,0,60,United-States,0,0.11636781435047762,0,3,0.4
58,Self-emp-inc,174864,HS-grad,9,Married-civ-spouse,Sales,Husband,White,Male,0,0,55,United-States,1,0.7687805365671914,1,3,0.4
75,Private,71898,Preschool,1,Never-married,Priv-house-serv,Not-in-family,Asian-Pac-Islander,Female,0,0,48,Philippines,0,0.02319491936590152,0,3,0.4
40,Private,360884,Some-college,10,Married-civ-spouse,Adm-clerical,Wife,White,Female,7298,0,40,United-States,1,0.9980909012575672,1,3,0.4
48,Private,96452,Bachelors,13,Married-civ-spouse,Prof-specialty,Husband,White,Male,8043,0,60,United-States,0,0.9986070979580723,1,3,0.4
31,Private,89295,Some-college,10,Never-married,Machine-op-inspct,Own-child,White,Female,6225,0,50,United-States,0,0.12863417527033114,0,3,0.4
52,Private,200479,Assoc-voc,11,Married-civ-spouse,Prof-specialty,Husband,White,Male,11988,0,55,United-States,0,0.999086237548059,1,3,0.4
40,Local-gov,194759,Some-college,10,Never-married,Sales,Not-in-family,White,Male,13559,1669,99,United-States,0,0.994795143725072,1,3,0.4
46,Private,330087,Bachelors,13,Married-civ-spouse,Exec-managerial,Husband,White,Male,15024,0,45,United-States,1,0.9991802623027158,1,3,0.4
39,Private,167482,Some-college,10,Married-civ-spouse,Sales,Husband,White,Male,0,0,40,United-States,0,0.7476334867254352,1,3,0.4
42,Private,152568,HS-grad,9,Widowed,Sales,Unmarried,Amer-Indian-Eskimo,Female,0,0,40,United-States,0,0.05720895801390287,0,3,0.4
66,Private,48358,HS-grad,9,Married-civ-spouse,Craft-repair,Husband,White,Male,3435,0,55,United-States,1,0.07027620873223789,0,3,0.4
60,Self-emp-not-inc,176839,Prof-school,15,Married-civ-spouse,Sales,Husband,White,Male,0,0,45,United-States,1,0.8608080448101733,1,3,0.4
46,Private,234096,9th,5,Divorced,Craft-repair,Not-in-family,White,Male,5376,0,55,United-States,0,0.36462034602468774,0,3,0.4
90,Private,313749,HS-grad,9,Widowed,Adm-clerical,Unmarried,White,Female,0,0,25,United-States,0,0.0355210138721571,0,3,0.4
55,Self-emp-inc,150917,Some-college,10,Married-civ-spouse,Exec-managerial,Husband,White,Male,0,1977,45,United-States,1,0.9922944854541972,1,3,0.4
66,Private,288992,10th,6,Divorced,Prof-specialty,Unmarried,White,Male,16439,0,83,United-States,1,0.9950216895455566,1,3,0.4
51,Private,272950,Bachelors,13,Married-civ-spouse,Craft-repair,Husband,White,Male,10621,0,60,United-States,1,0.9990320372862509,1,3,0.4
27,Private,344094,HS-grad,9,Never-married,Craft-repair,Own-child,White,Male,0,0,40,United-States,0,0.026121470086764922,0,3,0.4
75,Federal-gov,154675,HS-grad,9,Widowed,Exec-managerial,Not-in-family,White,Female,5423,0,55,United-States,0,0.3485987587216147,0,3,0.4
51,Private,173987,HS-grad,9,Married-civ-spouse,Craft-repair,Husband,White,Male,0,0,40,United-States,1,0.670506045216765,1,3,0.4
37,Private,167415,Prof-school,15,Married-civ-spouse,Prof-specialty,Husband,White,Male,0,0,60,United-States,1,0.9379035635929909,1,3,0.4
72,Private,216690,Some-college,10,Married-civ-spouse,Prof-specialty,Husband,White,Male,13862,0,55,,0,0.9892948625642142,1,3,0.4
31,Private,134252,HS-grad,9,Never-married,Other-service,Own-child,White,Male,1659,0,50,United-States,0,0.006938112872688326,0,3,0.4
59,Private,95155,Bachelors,13,Married-civ-spouse,Exec-managerial,Husband,White,Male,6289,0,58,United-States,1,0.9944258897519944,1,3,0.4
90,Local-gov,214594,7th-8th,4,Married-civ-spouse,Protective-serv,Husband,White,Male,2653,0,40,United-States,0,0.01114411169280558,0,3,0.4
31,Private,179422,HS-grad,9,Never-married,Other-service,Not-in-family,White,Female,6575,0,50,United-States,0,0.037776712902117086,0,3,0.4
19,Private,199495,HS-grad,9,Never-married,Craft-repair,Own-child,White,Male,0,0,40,United-States,0,0.0025740027487593004,0,3,0.4
54,Private,39493,Assoc-voc,11,Married-civ-spouse,Transport-moving,Husband,White,Male,0,0,20,United-States,0,0.5670850584279417,0,3,0.4
42,Private,162572,Bachelors,13,Never-married,Exec-managerial,Not-in-family,White,Male,13712,0,85,United-States,1,0.9987626854714841,1,3,0.4
34,Private,146161,Bachelors,13,Married-civ-spouse,Prof-specialty,Husband,White,Male,0,0,60,United-States,1,0.848818944572027,1,3,0.4
53,Private,324568,11th,7,Married-civ-spouse,Craft-repair,Husband,White,Male,0,0,45,United-States,0,0.4879152052842407,0,3,0.4
54,Private,52781,Bachelors,13,Married-civ-spouse,Prof-specialty,Husband,White,Male,18842,0,55,United-States,1,0.9990763626027732,1,3,0.4
30,Private,487330,Some-college,10,Married-civ-spouse,Machine-op-inspct,Husband,White,Male,0,0,30,United-States,0,0.2366058261621502,0,3,0.4
36,Private,236427,Some-college,10,Married-civ-spouse,Adm-clerical,Husband,White,Male,4757,0,55,United-States,1,0.7711021057358899,1,3,0.4
58,Private,187487,HS-grad,9,Married-civ-spouse,Machine-op-inspct,Husband,White,Male,0,0,40,United-States,0,0.5929101758715023,0,3,0.4
25,Local-gov,163101,Bachelors,13,Never-married,Prof-specialty,Not-in-family,White,Male,0,0,45,United-States,0,0.06682799629683171,0,3,0.4
49,Private,32207,HS-grad,9,Never-married,Transport-moving,Not-in-family,White,Male,4366,0,55,United-States,0,0.16141963409220603,0,3,0.4
20,Private,41721,Some-college,10,Never-married,Other-service,Own-child,White,Male,0,0,60,United-States,0,0.00655828376829014,0,3,0.4
33,Private,24896,Some-college,10,Never-married,Other-service,Own-child,White,Female,5197,0,50,United-States,0,0.1349872699895824,0,3,0.4
36,Private,170070,HS-grad,9,Never-married,Machine-op-inspct,Own-child,White,Female,2246,0,40,United-States,0,0.0027518331955118636,0,3,0.4
55,Self-emp-not-inc,111625,HS-grad,9,Married-civ-spouse,Sales,Husband,White,Male,0,0,40,United-States,0,0.5849311522197997,0,3,0.4
36,,370585,HS-grad,9,Married-civ-spouse,,Husband,Black,Male,0,0,40,United-States,0,0.1983563735256761,0,3,0.4
29,Private,114224,Bachelors,13,Married-civ-spouse,Prof-specialty,Husband,White,Male,0,0,40,United-States,1,0.798599177365249,1,3,0.4
43,State-gov,207505,Doctorate,16,Married-civ-spouse,Prof-specialty,Husband,White,Male,7690,1977,85,United-States,1,0.9989785732872173,1,3,0.4
77,,240857,Bachelors,13,Married-civ-spouse,,Husband,White,Male,7143,2377,55,United-States,1,0.984678280867333,1,3,0.4
30,,220168,Some-college,10,Never-married,,Own-child,White,Male,1545,0,31,United-States,0,0.0026090353783176532,0,3,0.4
84,Local-gov,259762,HS-grad,9,Married-civ-spouse,Exec-managerial,Husband,White,Male,4771,0,25,United-States,0,0.592521673353146,0,3,0.4
36,Private,89347,11th,7,Never-married,Machine-op-inspct,Not-in-family,White,Female,2155,0,55,United-States,0,0.004964066290078118,0,3,0.4
43,Private,225053,HS-grad,9,Divorced,Transport-moving,Not-in-family,White,Male,701,0,60,United-States,0,0.018069563131269763,0,3,0.4
35,Private,122346,HS-grad,9,Never-married,Sales,Own-child,White,Male,1980,0,55,United-States,0,0.01101728974560392,0,3,0.4
46,Private,393715,Some-college,10,Married-civ-spouse,Exec-managerial,Husband,White,Male,15024,0,50,United-States,1,0.9991037637372583,1,3,0.4
33,Private,157747,9th,5,Divorced,Handlers-cleaners,Not-in-family,White,Male,0,0,70,United-States,0,0.12223042167407124,0,3,0.4
50,Private,22418,9th,5,Divorced,Transport-moving,Not-in-family,White,Male,0,0,50,United-States,0,0.26213517379492335,0,3,0.4
27,Private,448841,HS-grad,9,Married-civ-spouse,Exec-managerial,Husband,White,Male,0,0,40,United-States,0,0.4218054378974281,0,3,0.4
44,Private,403782,Assoc-voc,11,Divorced,Sales,Not-in-family,White,Male,0,0,45,United-States,0,0.5120228713028878,0,3,0.4
64,Private,200419,Assoc-acdm,12,Separated,Prof-specialty,Not-in-family,White,Female,24,0,65,United-States,0,0.01958252975265582,0,3,0.4
31,Local-gov,199368,Bachelors,13,Married-civ-spouse,Protective-serv,Husband,Black,Male,0,0,50,United-States,1,0.8878129781434229,1,3,0.4
70,Private,129786,HS-grad,9,Married-civ-spouse,Machine-op-inspct,Husband,White,Male,12779,0,55,United-States,0,0.9760174618706807,1,3,0.4
32,Private,187158,HS-grad,9,Never-married,Machine-op-inspct,Own-child,White,Female,10531,0,55,United-States,0,0.9923445574650088,1,3,0.4
42,Private,29662,Assoc-acdm,12,Married-civ-spouse,Other-service,Wife,White,Female,8300,0,40,United-States,1,0.9975581042878652,1,3,0.4
24,Private,194748,HS-grad,9,Never-married,Transport-moving,Not-in-family,White,Female,0,0,49,United-States,0,0.027938783506200732,0,3,0.4
32,Private,136480,Bachelors,13,Married-civ-spouse,Sales,Husband,White,Male,0,0,60,United-States,1,0.8433681122880183,1,3,0.4
52,State-gov,86912,Doctorate,16,Married-civ-spouse,Prof-specialty,Husband,White,Male,4775,0,65,United-States,1,0.9113444797653394,1,3,0.4
33,Private,149809,Assoc-acdm,12,Never-married,Sales,Own-child,White,Male,11012,0,55,United-States,0,0.997229919256999,1,3,0.4
63,Private,250423,Some-college,10,Married-spouse-absent,Transport-moving,Unmarried,White,Male,13863,0,55,United-States,0,0.9969409527595696,1,3,0.4
41,Private,119793,Some-college,10,Never-married,Sales,Other-relative,White,Male,4837,0,65,United-States,0,0.4328060758993516,0,3,0.4
22,Private,208893,Some-college,10,Never-married,Sales,Not-in-family,White,Male,0,0,10,United-States,0,0.0060909773036508475,0,3,0.4
59,Private,30840,Masters,14,Divorced,Prof-specialty,Not-in-family,White,Male,438,0,55,United-States,1,0.04206373294390326,0,3,0.4
45,Private,178319,Doctorate,16,Married-civ-spouse,Prof-specialty,Husband,White,Male,7688,0,50,United-States,1,0.9990434491355831,1,3,0.4
74,Private,116289,Bachelors,13,Married-civ-spouse,Prof-specialty,Husband,White,Male,14752,0,60,United-States,0,0.9941414900699403,1,3,0.4
37,Private,251915,Bachelors,13,Never-married,Sales,Own-child,White,Female,60,0,55,United-States,0,0.023612225521404,0,3,0.4
35,,38455,Some-college,10,Never-married,,Not-in-family,White,Male,2778,0,26,United-States,0,0.0037235409831589197,0,3,0.4
35,Private,240398,Bachelors,13,Never-married,Sales,Not-in-family,Black,Male,4616,0,30,United-States,0,0.006064119950935619,0,3,0.4
39,Private,126161,Doctorate,16,Never-married,Prof-specialty,Not-in-family,White,Male,0,0,45,United-States,0,0.8551379182857708,1,3,0.4
62,Private,84756,9th,5,Married-civ-spouse,Other-service,Husband,White,Male,0,0,35,United-States,0,0.13903457644130834,0,3,0.4
35,Private,220595,HS-grad,9,Married-civ-spouse,Craft-repair,Husband,White,Male,0,0,40,United-States,0,0.46570171033448743,0,3,0.4
81,Private,271312,HS-grad,9,Widowed,Adm-clerical,Not-in-family,White,Female,9793,0,55,United-States,0,0.997371317957486,1,3,0.4
29,Private,195446,HS-grad,9,Married-civ-spouse,Craft-repair,Husband,White,Male,0,0,40,United-States,0,0.3450259957516083,0,3,0.4
43,Private,174201,Bachelors,13,Married-civ-spouse,Exec-managerial,Husband,White,Male,1681,0,55,United-States,1,0.35194584022599174,0,3,0.4
62,Private,38795,Bachelors,13,Married-civ-spouse,Prof-specialty,Husband,White,Male,5205,0,65,United-States,0,0.9899890265665017,1,3,0.4
52,Self-emp-inc,102226,HS-grad,9,Married-civ-spouse,Exec-managerial,Husband,White,Male,5657,0,55,United-States,0,0.9930970985358689,1,3,0.4
33,Private,122612,HS-grad,9,Married-spouse-absent,Other-service,Not-in-family,Asian-Pac-Islander,Female,0,0,35,Thailand,0,0.020872895710025367,0,3,0.4
38,Private,233777,HS-grad,9,Married-civ-spouse,Machine-op-inspct,Husband,White,Male,2993,0,55,United-States,1,0.18808326168648423,0,3,0.4
30,Federal-gov,101709,11th,7,Never-married,Other-service,Own-child,Asian-Pac-Islander,Male,5000,0,30,Philippines,0,0.029745219223603236,0,3,0.4
21,Private,154192,HS-grad,9,Married-civ-spouse,Handlers-cleaners,Husband,White,Male,0,0,40,United-States,0,0.055045236759326745,0,3,0.4
59,Private,46466,HS-grad,9,Married-civ-spouse,Transport-moving,Husband,White,Male,0,0,40,United-States,1,0.6987434467498563,1,3,0.4
33,Private,403471,Some-college,10,Never-married,Other-service,Own-child,Black,Female,10312,0,63,United-States,0,0.9931053926711512,1,3,0.4
31,Federal-gov,130057,Masters,14,Married-civ-spouse,Exec-managerial,Husband,White,Male,7688,0,60,United-States,1,0.9991788006725036,1,3,0.4
58,Private,106740,HS-grad,9,Married-civ-spouse,Craft-repair,Husband,White,Male,0,0,40,United-States,1,0.6398744799458831,0,3,0.4
22,Private,446140,HS-grad,9,Never-married,Sales,Own-child,White,Male,0,0,55,United-States,0,0.019378191025730317,0,3,0.4
71,Private,113838,HS-grad,9,Divorced,Other-service,Not-in-family,White,Female,8432,0,55,United-States,0,0.9945891389877175,1,3,0.4
45,Self-emp-inc,61885,Bachelors,13,Married-civ-spouse,Exec-managerial,Husband,White,Male,15024,0,48,United-States,1,0.9989510821873134,1,3,0.4
41,Private,134152,HS-grad,9,Separated,Machine-op-inspct,Not-in-family,White,Male,6707,0,55,United-States,0,0.02756911794190454,0,3,0.4
44,Private,190532,Masters,14,Never-married,Prof-specialty,Not-in-family,White,Female,0,0,55,United-States,0,0.5907296582670474,0,3,0.4
33,Private,102821,12th,8,Married-civ-spouse,Protective-serv,Husband,White,Male,0,0,40,United-States,0,0.315506834481863,0,3,0.4
65,Private,169047,HS-grad,9,Never-married,Machine-op-inspct,Not-in-family,White,Male,0,0,10,United-States,0,0.030524869198993904,0,3,0.4
67,Private,192869,Some-college,10,Married-civ-spouse,Exec-managerial,Husband,White,Male,8549,0,51,United-States,0,0.9873993224932859,1,3,0.4
30,Private,181212,Some-college,10,Never-married,Exec-managerial,Other-relative,White,Female,0,0,40,United-States,0,0.026792008111389785,0,3,0.4
50,Private,194304,Some-college,10,Divorced,Transport-moving,Not-in-family,Black,Male,13641,0,70,United-States,0,0.9984097109444382,1,3,0.4
44,Private,239723,Some-college,10,Married-spouse-absent,Craft-repair,Unmarried,White,Female,1506,0,45,United-States,0,0.017839161193271818,0,3,0.4
24,Private,69640,Bachelors,13,Never-married,Sales,Own-child,White,Male,0,0,40,United-States,0,0.03363473286944843,0,3,0.4
21,Private,249150,HS-grad,9,Never-married,Sales,Own-child,White,Female,0,0,24,United-States,0,0.002001770992102704,0,3,0.4
32,Private,509350,Some-college,10,Married-civ-spouse,Handlers-cleaners,Husband,White,Male,0,0,50,Canada,1,0.35179880408273434,0,3,0.4
54,Self-emp-not-inc,154785,Bachelors,13,Divorced,Exec-managerial,Not-in-family,White,Male,0,0,50,United-States,0,0.6504814318629087,1,3,0.4
42,Self-emp-inc,152071,Prof-school,15,Married-civ-spouse,Prof-specialty,Husband,White,Male,0,0,60,Cuba,1,0.9387032912276032,1,3,0.4
19,Private,159269,Some-college,10,Never-married,Other-service,Own-child,White,Male,0,0,18,United-States,0,0.0013988643933912014,0,3,0.4
40,Private,213821,Masters,14,Never-married,Prof-specialty,Not-in-family,White,Male,0,0,40,United-States,1,0.5761490454343113,0,3,0.4
31,Self-emp-not-inc,140985,HS-grad,9,Never-married,Craft-repair,Own-child,White,Male,9131,0,55,England,0,0.9943783780366383,1,3,0.4
24,Private,353010,Bachelors,13,Never-married,Adm-clerical,Not-in-family,White,Male,0,0,10,United-States,0,0.010998151948960743,0,3,0.4
28,,291374,HS-grad,9,Separated,,Unmarried,Black,Female,0,0,30,United-States,0,0.00683331896856501,0,3,0.4
41,Self-emp-inc,253060,Bachelors,13,Married-civ-spouse,Sales,Husband,White,Male,7688,0,45,United-States,1,0.9986721725456223,1,3,0.4
45,Private,175990,HS-grad,9,Divorced,Exec-managerial,Unmarried,White,Female,0,0,38,United-States,0,0.1312419712296886,0,3,0.4
44,Private,303942,HS-grad,9,Married-civ-spouse,Machine-op-inspct,Husband,White,Male,3105,0,55,United-States,0,0.9387541409717886,1,3,0.4
73,Private,219886,Some-college,10,Married-civ-spouse,Tech-support,Wife,White,Female,12914,0,55,United-States,1,0.9834163636202164,1,3,0.4
54,Private,198229,Prof-school,15,Married-civ-spouse,Tech-support,Husband,White,Male,3245,0,80,United-States,1,0.1539798480920487,0,3,0.4
70,Self-emp-inc,113806,Bachelors,13,Married-civ-spouse,Exec-managerial,Husband,White,Male,14820,0,45,United-States,1,0.9955745291672682,1,3,0.4
47,Private,323798,Prof-school,15,Married-civ-spouse,Prof-specialty,Husband,White,Male,15024,0,55,United-States,1,0.9991104651682536,1,3,0.4
49,Private,105021,Bachelors,13,Married-civ-spouse,Sales,Husband,White,Male,3031,0,65,United-States,1,0.39952102863859157,0,3,0.4
57,Self-emp-not-inc,225913,Some-college,10,Married-civ-spouse,Transport-moving,Husband,White,Male,0,0,45,United-States,1,0.6662904650812987,1,3,0.4
68,Private,266091,Bachelors,13,Never-married,Prof-specialty,Not-in-family,White,Female,11708,0,60,Mexico,0,0.9956572198428716,1,3,0.4
34,Federal-gov,316438,HS-grad,9,Never-married,Prof-specialty,Own-child,White,Male,7239,0,50,United-States,0,0.8299175398986327,1,3,0.4
53,Local-gov,131258,Prof-school,15,Never-married,Prof-specialty,Not-in-family,White,Female,0,0,50,United-States,1,0.7817703371406277,1,3,0.4
30,Private,165950,11th,7,Never-married,Other-service,Own-child,White,Female,7031,0,36,United-States,0,0.015726530167977978,0,3,0.4
51,Private,166744,HS-grad,9,Never-married,Other-service,Own-child,White,Female,4122,0,53,United-States,0,0.010094192500718642,0,3,0.4
52,Private,262579,HS-grad,9,Married-civ-spouse,Handlers-cleaners,Husband,White,Male,0,0,45,United-States,0,0.5197703085758009,0,3,0.4
25,State-gov,120268,Some-college,10,Married-civ-spouse,Craft-repair,Own-child,White,Male,0,0,50,United-States,1,0.36594207241398413,0,3,0.4
23,Self-emp-inc,295254,HS-grad,9,Never-married,Adm-clerical,Not-in-family,White,Female,0,0,40,United-States,0,0.018121205823414276,0,3,0.4
54,Private,206369,HS-grad,9,Married-civ-spouse,Machine-op-inspct,Husband,White,Male,5178,0,50,United-States,1,0.9903279681108129,1,3,0.4
43,Local-gov,164243,HS-grad,9,Married-civ-spouse,Protective-serv,Husband,White,Male,8667,0,70,United-States,1,0.9988283324685664,1,3,0.4
47,Local-gov,191389,HS-grad,9,Divorced,Adm-clerical,Unmarried,White,Female,0,0,35,United-States,0,0.06783176091866577,0,3,0.4
42,Private,195602,12th,8,Married-civ-spouse,Farming-fishing,Husband,White,Male,2240,0,59,United-States,0,0.03590977696549849,0,3,0.4
48,State-gov,235779,Bachelors,13,Never-married,Exec-managerial,Not-in-family,White,Female,7730,0,55,United-States,0,0.9645021106732962,1,3,0.4
77,Self-emp-not-inc,31740,Some-college,10,Widowed,Exec-managerial,Unmarried,White,Female,447,0,60,United-States,0,0.017081059692585113,0,3,0.4
47,Self-emp-not-inc,95639,11th,7,Married-civ-spouse,Prof-specialty,Husband,Amer-Indian-Eskimo,Male,2824,0,19,United-States,0,0.015136414362321656,0,3,0.4
67,Private,191437,HS-grad,9,Widowed,Adm-clerical,Not-in-family,White,Female,0,0,40,United-States,0,0.07198249117433435,0,3,0.4
32,Private,127895,Some-college,10,Never-married,Exec-managerial,Unmarried,Black,Female,0,0,35,United-States,0,0.025662942458508798,0,3,0.4
35,Private,206253,9th,5,Never-married,Exec-managerial,Not-in-family,White,Female,0,0,40,United-States,0,0.05243557919280995,0,3,0.4
70,Private,179715,Bachelors,13,Married-civ-spouse,Prof-specialty,Husband,White,Male,2331,0,62,United-States,1,0.23461179235162705,0,3,0.4
21,Private,57711,HS-grad,9,Never-married,Other-service,Not-in-family,White,Female,0,0,30,United-States,0,0.0036230755574752577,0,3,0.4
22,,243190,Some-college,10,Never-married,,Own-child,Asian-Pac-Islander,Male,0,0,40,China,0,0.011552524509576327,0,3,0.4
46,Self-emp-not-inc,165754,Doctorate,16,Never-married,Prof-specialty,Not-in-family,White,Female,0,0,45,United-States,0,0.8485102923925654,1,3,0.4
70,Private,265579,HS-grad,9,Divorced,Adm-clerical,Not-in-family,White,Female,9286,0,55,United-States,0,0.9935211406259984,1,3,0.4
44,Private,151780,Some-college,10,Widowed,Exec-managerial,Not-in-family,Black,Female,0,0,40,United-States,0,0.16668210792473084,0,3,0.4
36,Private,82777,HS-grad,9,Separated,Machine-op-inspct,Not-in-family,White,Male,9326,0,55,United-States,0,0.9969499087287927,1,3,0.4
38,Private,176008,HS-grad,9,Divorced,Adm-clerical,Own-child,White,Female,9523,0,55,United-States,0,0.9952907302716872,1,3,0.4
26,Private,128699,HS-grad,9,Married-spouse-absent,Adm-clerical,Unmarried,White,Female,0,0,40,Ecuador,0,0.026486333840424134,0,3,0.4
33,State-gov,296282,HS-grad,9,Married-civ-spouse,Craft-repair,Husband,White,Male,0,0,40,United-States,0,0.40566315062088426,0,3,0.4
53,Self-emp-not-inc,263871,Some-college,10,Married-civ-spouse,Craft-repair,Husband,White,Male,4404,0,70,United-States,0,0.12003001413543896,0,3,0.4
80,Self-emp-not-inc,119056,HS-grad,9,Never-married,Sales,Not-in-family,White,Male,6420,0,39,United-States,1,0.2205183864216825,0,3,0.4
77,Self-emp-not-inc,209507,Some-college,10,Never-married,Craft-repair,Not-in-family,White,Male,0,0,40,United-States,0,0.2703426165898079,0,3,0.4
82,Private,236055,7th-8th,4,Widowed,Other-service,Not-in-family,White,Female,8714,0,50,United-States,0,0.9929887231338027,1,3,0.4
47,Local-gov,148576,Prof-school,15,Married-civ-spouse,Prof-specialty,Husband,White,Male,0,0,35,United-States,0,0.9422216268235556,1,3,0.4
44,Private,189265,Bachelors,13,Never-married,Adm-clerical,Not-in-family,White,Female,11533,0,55,United-States,0,0.998569653057518,1,3,0.4
52,Private,77975,Some-college,10,Married-civ-spouse,Exec-managerial,Husband,White,Male,11813,0,55,United-States,0,0.9990196805458331,1,3,0.4
40,Private,154571,Some-college,10,Married-civ-spouse,Exec-managerial,Husband,Asian-Pac-Islander,Male,1820,0,55,Philippines,0,0.2704383405764116,0,3,0.4
37,Private,173128,HS-grad,9,Divorced,Other-service,Not-in-family,White,Male,0,0,40,United-States,0,0.05353920453763845,0,3,0.4
55,Local-gov,219074,Some-college,10,Divorced,Adm-clerical,Not-in-family,Black,Female,0,0,55,United-States,1,0.18777246814977575,0,3,0.4
66,Private,215990,HS-grad,9,Married-civ-spouse,Exec-managerial,Husband,White,Male,6469,0,55,United-States,1,0.9885020110879396,1,3,0.4
35,Private,226311,Bachelors,13,Never-married,Sales,Not-in-family,White,Female,0,0,40,United-States,0,0.20963172041207068,0,3,0.4
50,Private,156877,HS-grad,9,Married-civ-spouse,Adm-clerical,Husband,White,Male,0,0,35,United-States,0,0.6347609263305471,0,3,0.4
40,Private,132078,Bachelors,13,Never-married,Prof-specialty,Not-in-family,White,Female,12949,0,55,United-States,0,0.9986837689670683,1,3,0.4
22,,517995,HS-grad,9,Never-married,,Own-child,White,Male,0,0,40,Mexico,0,0.017426687741049867,0,3,0.4
37,Self-emp-not-inc,241306,HS-grad,9,Divorced,Craft-repair,Not-in-family,White,Male,0,0,40,United-States,0,0.0843879575022869,0,3,0.4
33,Self-emp-not-inc,24504,Some-college,10,Married-civ-spouse,Craft-repair,Husband,White,Male,0,0,60,United-States,0,0.6486903912326013,1,3,0.4
33,Private,129137,HS-grad,9,Never-married,Other-service,Other-relative,White,Female,12907,0,50,United-States,0,0.9975197662000965,1,3,0.4
60,Private,164966,Bachelors,13,Married-civ-spouse,Exec-managerial,Husband,Asian-Pac-Islander,Male,5139,0,55,India,1,0.9946579040435642,1,3,0.4
37,Private,123586,Bachelors,13,Married-civ-spouse,Tech-support,Husband,Asian-Pac-Islander,Male,0,1902,73,,1,0.9933536275027518,1,3,0.4
36,State-gov,143437,Bachelors,13,Divorced,Prof-specialty,Not-in-family,Other,Female,0,0,40,United-States,0,0.19449481367250868,0,3,0.4
27,State-gov,187327,HS-grad,9,Separated,Protective-serv,Not-in-family,White,Male,0,0,45,United-States,0,0.1493325220086986,0,3,0.4
36,Private,201680,Some-college,10,Never-married,Machine-op-inspct,Own-child,White,Male,14330,0,55,United-States,0,0.9966270738783278,1,3,0.4
18,Private,109928,HS-grad,9,Never-married,Adm-clerical,Own-child,Black,Female,0,0,40,United-States,0,0.0015306931213138694,0,3,0.4
64,Local-gov,84737,HS-grad,9,Married-civ-spouse,Other-service,Husband,Asian-Pac-Islander,Male,0,0,35,United-States,1,0.4597150559324036,0,3,0.4
45,Self-emp-not-inc,127948,Bachelors,13,Married-civ-spouse,Exec-managerial,Husband,White,Male,0,0,40,United-States,0,0.803915773525751,1,3,0.4
48,Private,35309,Bachelors,13,Married-civ-spouse,Exec-managerial,Husband,White,Male,3460,0,55,United-States,0,0.16259691846667565,0,3,0.4
30,Private,342709,HS-grad,9,Married-spouse-absent,Craft-repair,Other-relative,White,Male,0,0,40,United-States,0,0.014952218525108888,0,3,0.4
31,Private,192453,Some-college,10,Never-married,Other-service,Other-relative,White,Female,469,0,40,United-States,0,0.0018391675136832828,0,3,0.4
48,Private,356824,HS-grad,9,Divorced,Sales,Not-in-family,White,Female,13313,0,55,United-States,0,0.9985287178480252,1,3,0.4
47,Private,169672,Some-college,10,Married-civ-spouse,Craft-repair,Husband,White,Male,5750,0,55,United-States,0,0.9919857908305789,1,3,0.4
73,Private,229744,5th-6th,3,Married-civ-spouse,Craft-repair,Husband,White,Male,14634,0,55,El-Salvador,0,0.97262675593122,1,3,0.4
21,Private,68358,Some-college,10,Never-married,Sales,Own-child,White,Female,0,0,20,United-States,0,0.002664585187011112,0,3,0.4
49,Private,206947,HS-grad,9,Divorced,Adm-clerical,Not-in-family,White,Female,0,0,40,United-States,0,0.06472879465766715,0,3,0.4
30,Local-gov,289442,HS-grad,9,Never-married,Protective-serv,Not-in-family,White,Male,0,0,40,United-States,0,0.12583480695947555,0,3,0.4
43,Private,214242,HS-grad,9,Married-civ-spouse,Machine-op-inspct,Husband,White,Male,0,0,40,Poland,0,0.48636953979344166,0,3,0.4
45,Private,112358,Some-college,10,Never-married,Other-service,Not-in-family,White,Male,4210,0,47,United-States,0,0.02186523006374541,0,3,0.4
31,Private,144064,HS-grad,9,Married-civ-spouse,Craft-repair,Husband,White,Male,0,0,48,United-States,1,0.5589366700549867,0,3,0.4
50,Private,166220,Assoc-acdm,12,Married-civ-spouse,Sales,Wife,White,Female,3942,0,40,United-States,0,0.08601878662473046,0,3,0.4
44,Private,367904,10th,6,Divorced,Machine-op-inspct,Not-in-family,White,Female,8907,0,55,Mexico,0,0.9924057500000305,1,3,0.4
40,Private,289636,HS-grad,9,Married-civ-spouse,Sales,Husband,White,Male,0,0,50,United-States,0,0.7625625608833786,1,3,0.4
30,Private,218889,9th,5,Never-married,Other-service,Own-child,Black,Male,4490,0,50,United-States,0,0.01873160977063526,0,3,0.4
49,Private,185744,HS-grad,9,Married-civ-spouse,Other-service,Wife,White,Female,10472,0,35,United-States,0,0.9941001662491394,1,3,0.4
33,State-gov,39236,Some-college,10,Never-married,Tech-support,Not-in-family,White,Female,9861,0,65,United-States,0,0.9963638985484878,1,3,0.4
35,Self-emp-not-inc,255252,11th,7,Never-married,Handlers-cleaners,Not-in-family,White,Male,10268,0,55,United-States,0,0.9943539961749045,1,3,0.4
50,Private,130277,Some-college,10,Divorced,Tech-support,Unmarried,White,Female,10164,1726,55,United-States,0,0.972609139826079,1,3,0.4
38,,242221,HS-grad,9,Never-married,,Unmarried,Black,Female,0,0,38,United-States,0,0.012444698263638152,0,3,0.4
33,Private,166543,7th-8th,4,Married-civ-spouse,Machine-op-inspct,Husband,Black,Male,0,0,40,United-States,0,0.06167427242353712,0,3,0.4
55,Private,154374,Some-college,10,Married-civ-spouse,Craft-repair,Husband,White,Male,18447,0,75,United-States,1,0.9990113895226148,1,3,0.4
32,Private,34506,Some-college,10,Never-married,Sales,Not-in-family,White,Female,9026,0,35,United-States,0,0.9962838914186625,1,3,0.4
50,Private,331395,Bachelors,13,Married-civ-spouse,Sales,Husband,White,Male,14246,0,53,United-States,0,0.9991542667478129,1,3,0.4
35,Private,344278,Some-college,10,Divorced,Exec-managerial,Unmarried,White,Female,6826,0,40,United-States,0,0.059731989188047334,0,3,0.4
26,Federal-gov,76900,Bachelors,13,Never-married,Tech-support,Not-in-family,White,Male,0,0,40,United-States,0,0.056071193576859274,0,3,0.4
47,Private,186934,Bachelors,13,Married-civ-spouse,Sales,Husband,White,Male,13688,0,65,United-States,1,0.9991139643552193,1,3,0.4
33,Private,186314,HS-grad,9,Married-civ-spouse,Adm-clerical,Husband,White,Male,5152,0,55,United-States,0,0.9902935445387151,1,3,0.4
30,Self-emp-not-inc,212207,HS-grad,9,Never-married,Farming-fishing,Own-child,White,Male,5157,0,26,United-States,0,0.02932823312020097,0,3,0.4
87,Self-emp-inc,125197,HS-grad,9,Married-civ-spouse,Adm-clerical,Husband,White,Male,14396,0,41,United-States,0,0.9736666544037973,1,3,0.4
25,Self-emp-not-inc,463667,HS-grad,9,Never-married,Other-service,Not-in-family,White,Male,0,0,8,United-States,0,0.008478406367607327,0,3,0.4
71,Private,157831,HS-grad,9,Divorced,Adm-clerical,Not-in-family,White,Female,4785,0,31,United-States,0,0.7680807119894909,1,3,0.4
62,Self-emp-not-inc,203004,HS-grad,9,Divorced,Exec-managerial,Not-in-family,White,Female,99999,0,75,United-States,1,0.9836693765848682,1,3,0.4
49,Self-emp-not-inc,154410,Masters,14,Never-married,Exec-managerial,Not-in-family,White,Male,9954,0,55,United-States,0,0.997853617366877,1,3,0.4
38,Private,185848,Masters,14,Married-civ-spouse,Exec-managerial,Husband,White,Male,99999,0,70,United-States,1,0.9990154916861095,1,3,0.4
40,Private,181291,Some-college,10,Married-civ-spouse,Other-service,Own-child,White,Female,16258,0,55,United-States,1,0.9981644466232377,1,3,0.4
33,,213366,Some-college,10,Never-married,,Own-child,White,Female,7622,0,53,United-States,0,0.9113607805554094,1,3,0.4
46,Self-emp-not-inc,256014,Assoc-voc,11,Married-civ-spouse,Exec-managerial,Husband,White,Male,0,0,60,United-States,0,0.6361987860838865,0,3,0.4
40,Private,209040,HS-grad,9,Never-married,Other-service,Not-in-family,White,Male,0,0,40,United-States,0,0.044518175512324586,0,3,0.4
49,Private,177181,HS-grad,9,Married-civ-spouse,Craft-repair,Husband,White,Male,4791,0,55,United-States,0,0.7410998501390064,1,3,0.4
25,Local-gov,187792,Some-college,10,Divorced,Protective-serv,Not-in-family,White,Female,0,0,40,United-States,0,0.21071901305255136,0,3,0.4
21,,96844,HS-grad,9,Married-civ-spouse,,Other-relative,White,Female,0,0,40,United-States,0,0.011041629159988183,0,3,0.4
36,Private,211160,Some-college,10,Married-civ-spouse,Sales,Husband,White,Male,5911,0,55,United-States,0,0.9924496341710803,1,3,0.4
47,Private,57534,Some-college,10,Married-civ-spouse,Craft-repair,Husband,White,Male,0,0,40,United-States,1,0.724848090177409,1,3,0.4
42,Private,174543,Assoc-acdm,12,Never-married,Prof-specialty,Own-child,White,Female,14769,0,55,United-States,0,0.9979393592704539,1,3,0.4
50,Private,297767,Masters,14,Married-civ-spouse,Prof-specialty,Husband,Black,Male,6195,0,55,United-States,0,0.9924465743555538,1,3,0.4
47,Private,170195,Some-college,10,Married-civ-spouse,Tech-support,Husband,White,Male,4421,0,55,United-States,1,0.15966748363829772,0,3,0.4
28,Private,231197,10th,6,Married-spouse-absent,Craft-repair,Unmarried,White,Male,0,0,40,Mexico,0,0.026736688491169617,0,3,0.4
67,,37170,7th-8th,4,Divorced,,Not-in-family,White,Male,0,0,3,United-States,0,0.040287683496584084,0,3,0.4
37,Private,254613,HS-grad,9,Never-married,Craft-repair,Own-child,White,Male,8222,0,55,Cuba,0,0.9139125507250819,1,3,0.4
38,Local-gov,331609,Some-college,10,Widowed,Transport-moving,Not-in-family,Black,Female,0,0,47,United-States,0,0.11338557721989465,0,3,0.4
60,Local-gov,67229,Masters,14,Separated,Adm-clerical,Unmarried,Black,Female,11744,0,55,United-States,0,0.9970929061650935,1,3,0.4
38,Self-emp-inc,63322,Bachelors,13,Never-married,Exec-managerial,Not-in-family,White,Male,0,0,60,United-States,0,0.5467742619111251,0,3,0.4
26,Private,243560,Some-college,10,Never-married,Sales,Unmarried,White,Female,0,0,40,,0,0.03101946340914663,0,3,0.4
55,Private,145441,Bachelors,13,Married-civ-spouse,Exec-managerial,Husband,White,Male,1366,0,65,United-States,1,0.3628830060582646,0,3,0.4
64,Private,225317,5th-6th,3,Married-civ-spouse,Craft-repair,Husband,White,Male,13114,0,55,Mexico,0,0.977633180548112,1,3,0.4
33,Private,205950,HS-grad,9,Married-civ-spouse,Craft-repair,Husband,White,Male,0,0,40,United-States,0,0.46673189397768483,0,3,0.4
35,Private,38294,HS-grad,9,Married-civ-spouse,Craft-repair,Husband,White,Male,0,0,40,United-States,0,0.4301351840954161,0,3,0.4
42,Local-gov,311913,HS-grad,9,Married-civ-spouse,Adm-clerical,Wife,White,Female,13199,0,55,United-States,1,0.9989056641345875,1,3,0.4
69,Private,71489,Masters,14,Married-civ-spouse,Prof-specialty,Husband,White,Male,0,0,25,United-States,0,0.6230202592552316,0,3,0.4
37,Private,190916,HS-grad,9,Never-married,Adm-clerical,Not-in-family,White,Male,2303,0,55,United-States,0,0.014060978006158001,0,3,0.4
39,Private,238008,HS-grad,9,Widowed,Adm-clerical,Own-child,White,Female,0,0,40,United-States,0,0.03146573901753195,0,3,0.4
61,Self-emp-not-inc,164495,Assoc-acdm,12,Married-civ-spouse,Exec-managerial,Husband,White,Male,2846,0,50,Germany,0,0.13288269312315343,0,3,0.4
44,Local-gov,124692,Masters,14,Married-civ-spouse,Prof-specialty,Husband,White,Male,0,0,35,United-States,1,0.87961151308108,1,3,0.4
43,Private,158177,Some-college,10,Divorced,Adm-clerical,Unmarried,Black,Female,0,0,35,United-States,0,0.03311358603094003,0,3,0.4
56,Private,43711,Bachelors,13,Never-married,Other-service,Not-in-family,White,Male,7357,0,63,United-States,0,0.8316410545210142,1,3,0.4
33,Private,209317,9th,5,Never-married,Other-service,Not-in-family,White,Male,0,0,45,El-Salvador,0,0.05504008471757214,0,3,0.4
17,Private,236091,10th,6,Never-married,Other-service,Own-child,White,Female,0,0,8,United-States,0,0.0006378137615332698,0,3,0.4
47,Private,162034,Bachelors,13,Married-civ-spouse,Sales,Husband,White,Male,0,0,60,United-States,1,0.8860011016308377,1,3,0.4
67,Private,170287,Some-college,10,Married-civ-spouse,Prof-specialty,Husband,White,Male,3637,0,55,Poland,1,0.08804135847174929,0,3,0.4
27,,249463,Assoc-voc,11,Married-civ-spouse,,Husband,White,Male,0,0,20,United-States,0,0.06764394358913667,0,3,0.4
50,Private,423616,Assoc-voc,11,Married-civ-spouse,Tech-support,Wife,White,Female,2786,0,51,United-States,1,0.16915867191780945,0,3,0.4
33,Private,78707,11th,7,Never-married,Other-service,Not-in-family,Black,Male,0,0,40,United-States,0,0.010463066616246889,0,3,0.4
27,Private,126060,Assoc-voc,11,Never-married,Prof-specialty,Not-in-family,White,Female,0,0,35,United-States,0,0.04942988689600187,0,3,0.4
43,,86143,HS-grad,9,Married-civ-spouse,,Husband,Asian-Pac-Islander,Male,7421,0,55,Philippines,0,0.9987228958255117,1,3,0.4
22,Self-emp-not-inc,357612,HS-grad,9,Married-civ-spouse,Craft-repair,Husband,White,Male,0,0,60,United-States,0,0.18748638923408,0,3,0.4
29,Private,178778,Some-college,10,Never-married,Other-service,Not-in-family,White,Male,0,0,40,United-States,0,0.04292943055632146,0,3,0.4
25,Private,117827,Some-college,10,Married-civ-spouse,Adm-clerical,Husband,White,Male,0,0,40,United-States,0,0.41866515553884626,0,3,0.4
22,Private,136824,11th,7,Never-married,Adm-clerical,Not-in-family,White,Male,0,0,40,United-States,0,0.015055020114358822,0,3,0.4
33,,202498,7th-8th,4,Separated,,Not-in-family,White,Male,0,0,40,Guatemala,0,0.01803310286106948,0,3,0.4
52,Private,176409,Bachelors,13,Divorced,Adm-clerical,Not-in-family,White,Female,0,0,40,United-States,0,0.1233498333786736,0,3,0.4
70,Self-emp-not-inc,61474,HS-grad,9,Married-civ-spouse,Sales,Husband,White,Male,12941,0,70,United-States,1,0.9811491483753839,1,3,0.4
47,,124836,Some-college,10,Divorced,,Not-in-family,Amer-Indian-Eskimo,Female,14019,0,51,United-States,0,0.9984053547465149,1,3,0.4
65,Federal-gov,117847,Assoc-acdm,12,Married-civ-spouse,Adm-clerical,Husband,White,Male,8763,0,55,United-States,0,0.9864128679037758,1,3,0.4
54,Private,111589,Assoc-voc,11,Married-civ-spouse,Exec-managerial,Husband,White,Male,248,0,55,United-States,0,0.29063512190466767,0,3,0.4
40,Private,150025,11th,7,Never-married,Craft-repair,Not-in-family,White,Male,8303,0,55,,0,0.9983716225160992,1,3,0.4
79,Private,217028,Masters,14,Never-married,Other-service,Not-in-family,White,Female,6152,0,55,United-States,0,0.4843665718249927,0,3,0.4
46,Private,37676,Bachelors,13,Married-civ-spouse,Sales,Husband,White,Male,7014,0,65,United-States,1,0.9698613713929007,1,3,0.4
81,Private,192813,7th-8th,4,Married-civ-spouse,Handlers-cleaners,Husband,White,Male,0,0,25,Portugal,0,0.04524727036414691,0,3,0.4
26,Private,38232,Bachelors,13,Never-married,Prof-specialty,Not-in-family,White,Male,0,0,50,United-States,0,0.13571296596624463,0,3,0.4
47,Private,186157,HS-grad,9,Married-civ-spouse,Handlers-cleaners,Husband,White,Male,0,0,40,United-States,0,0.5068953753831332,0,3,0.4
47,Private,186183,HS-grad,9,Married-civ-spouse,Transport-moving,Husband,White,Male,27642,0,95,United-States,1,0.9986645947713102,1,3,0.4
18,Private,115443,11th,7,Never-married,Handlers-cleaners,Not-in-family,White,Male,0,0,25,United-States,0,0.0008268275106681427,0,3,0.4
40,Private,192344,Bachelors,13,Married-civ-spouse,Adm-clerical,Husband,White,Male,0,0,40,United-States,1,0.8366597045839147,1,3,0.4
57,Private,197369,HS-grad,9,Married-civ-spouse,Protective-serv,Husband,White,Male,0,0,40,United-States,0,0.6451138308468769,1,3,0.4
43,Self-emp-inc,27444,Bachelors,13,Married-civ-spouse,Sales,Husband,White,Male,99999,0,40,United-States,1,0.9989495441467655,1,3,0.4
47,Private,234994,7th-8th,4,Separated,Craft-repair,Unmarried,White,Male,0,0,40,Puerto-Rico,0,0.06404776585694469,0,3,0.4
33,Private,198613,HS-grad,9,Married-civ-spouse,Craft-repair,Husband,White,Male,0,0,40,United-States,0,0.4415905626211073,0,3,0.4
37,Private,201259,11th,7,Divorced,Transport-moving,Not-in-family,White,Male,0,0,65,United-States,0,0.1632394379452512,0,3,0.4
55,Private,144084,10th,6,Married-civ-spouse,Other-service,Husband,White,Male,0,0,40,United-States,0,0.21405543487635897,0,3,0.4
40,Federal-gov,281860,Bachelors,13,Never-married,Prof-specialty,Not-in-family,White,Female,7409,0,55,United-States,0,0.9300027717273988,1,3,0.4
34,Private,150154,HS-grad,9,Never-married,Adm-clerical,Own-child,White,Male,0,0,40,United-States,0,0.042617706834657626,0,3,0.4
51,Self-emp-not-inc,156802,HS-grad,9,Married-civ-spouse,Farming-fishing,Husband,White,Male,3103,0,60,United-States,1,0.8846839319278136,1,3,0.4
27,Private,188909,HS-grad,9,Never-married,Handlers-cleaners,Unmarried,Black,Female,0,0,40,United-States,0,0.004430337297895384,0,3,0.4
22,Federal-gov,471452,Bachelors,13,Never-married,Tech-support,Own-child,White,Male,0,0,8,United-States,0,0.0030325929238199257,0,3,0.4
30,Private,179747,HS-grad,9,Married-civ-spouse,Craft-repair,Husband,White,Male,0,0,45,United-States,1,0.5124569050673516,0,3,0.4
31,Private,277708,HS-grad,9,Never-married,Handlers-cleaners,Own-child,Black,Male,11646,0,55,United-States,0,0.9932977427504779,1,3,0.4
44,Private,230684,HS-grad,9,Married-civ-spouse,Prof-specialty,Husband,White,Male,0,0,40,United-States,0,0.7532144328153533,1,3,0.4
55,,125659,HS-grad,9,Married-civ-spouse,,Wife,White,Female,0,0,6,United-States,1,0.3641812170484807,0,3,0.4
41,Private,59792,Bachelors,13,Never-married,Prof-specialty,Not-in-family,Asian-Pac-Islander,Male,8582,0,55,Taiwan,0,0.9977351502590786,1,3,0.4
55,Private,216042,Some-college,10,Divorced,Tech-support,Own-child,White,Female,6221,1617,87,United-States,0,0.0762896930962282,0,3,0.4
43,State-gov,164790,Some-college,10,Divorced,Adm-clerical,Not-in-family,Black,Male,0,0,50,United-States,1,0.23606401972265395,0,3,0.4
43,Private,346189,Some-college,10,Married-civ-spouse,Prof-specialty,Husband,White,Male,0,0,40,United-States,1,0.8534481537278307,1,3,0.4
50,Private,183585,HS-grad,9,Never-married,Prof-specialty,Not-in-family,White,Female,13450,0,55,United-States,0,0.9986517876814441,1,3,0.4
58,Private,237731,Assoc-voc,11,Married-civ-spouse,Adm-clerical,Husband,White,Male,13781,0,55,United-States,0,0.9990484466678009,1,3,0.4
66,Private,22313,11th,7,Married-civ-spouse,Craft-repair,Husband,White,Male,0,0,20,United-States,0,0.1591387658608605,0,3,0.4
42,Local-gov,101345,HS-grad,9,Separated,Other-service,Unmarried,White,Female,11583,0,41,United-States,0,0.9885048375708935,1,3,0.4
43,Private,390369,Assoc-acdm,12,Married-civ-spouse,Handlers-cleaners,Husband,White,Male,0,0,40,United-States,1,0.7472791050220686,1,3,0.4
45,Private,181091,Some-college,10,Married-civ-spouse,Prof-specialty,Husband,White,Male,14876,0,55,United-States,0,0.9990279192736452,1,3,0.4
71,Private,104455,Some-college,10,Married-civ-spouse,Other-service,Husband,Asian-Pac-Islander,Male,4786,0,55,Philippines,0,0.7096201789720868,1,3,0.4
58,Private,158002,Some-college,10,Married-civ-spouse,Sales,Husband,Black,Male,0,0,40,United-States,0,0.7599875592434883,1,3,0.4
36,Private,263896,HS-grad,9,Divorced,Adm-clerical,Unmarried,Black,Female,0,0,40,United-States,0,0.024745830168932365,0,3,0.4
30,Private,283637,Some-college,10,Never-married,Adm-clerical,Not-in-family,White,Male,3703,0,55,United-States,0,0.006885683483409883,0,3,0.4
42,Private,104647,HS-grad,9,Divorced,Other-service,Not-in-family,White,Male,0,0,40,United-States,0,0.05403059627036998,0,3,0.4
60,Private,132529,HS-grad,9,Married-civ-spouse,Other-service,Husband,White,Male,0,0,40,United-States,0,0.34239036735683964,0,3,0.4
21,Private,338162,HS-grad,9,Married-civ-spouse,Machine-op-inspct,Wife,Black,Female,0,0,37,United-States,0,0.02670834233294565,0,3,0.4
90,Private,87372,Prof-school,15,Married-civ-spouse,Prof-specialty,Husband,White,Male,26261,0,87,United-States,1,0.994353728531673,1,3,0.4
50,Private,105150,Bachelors,13,Married-civ-spouse,Prof-specialty,Husband,White,Male,3834,0,60,United-States,1,0.12871481620160524,0,3,0.4
52,Local-gov,163725,Bachelors,13,Married-civ-spouse,Prof-specialty,Husband,White,Male,10870,0,55,United-States,1,0.9990497334390418,1,3,0.4
51,Self-emp-not-inc,149770,HS-grad,9,Divorced,Sales,Not-in-family,White,Female,0,0,44,United-States,0,0.10251070338939026,0,3,0.4
17,Self-emp-not-inc,228786,10th,6,Never-married,Other-service,Own-child,White,Female,0,0,24,United-States,0,0.0005878838440782278,0,3,0.4
37,Private,306666,Some-college,10,Married-civ-spouse,Sales,Husband,Black,Male,6407,0,60,United-States,0,0.991800689746002,1,3,0.4
50,Private,320451,Masters,14,Married-civ-spouse,Prof-specialty,Husband,Asian-Pac-Islander,Male,11940,0,55,,0,0.9992591164161438,1,3,0.4
30,Private,118847,12th,8,Never-married,Sales,Own-child,White,Female,2482,0,35,United-States,0,0.0018968552351195508,0,3,0.4
48,Private,43712,10th,6,Married-civ-spouse,Craft-repair,Husband,White,Male,12197,0,55,United-States,0,0.9990512142177185,1,3,0.4
32,,134886,HS-grad,9,Married-civ-spouse,,Wife,White,Female,0,0,2,United-States,1,0.40159374244662455,0,3,0.4
43,Federal-gov,594194,HS-grad,9,Married-civ-spouse,Craft-repair,Husband,Black,Male,0,0,40,United-States,1,0.7319908218813884,1,3,0.4
54,Private,171841,Prof-school,15,Married-civ-spouse,Prof-specialty,Husband,White,Male,537,0,75,United-States,0,0.42780470447886904,0,3,0.4
43,Private,358677,Assoc-voc,11,Divorced,Craft-repair,Not-in-family,Black,Male,0,0,40,United-States,0,0.1689026961029703,0,3,0.4
82,Self-emp-inc,120408,Some-college,10,Widowed,Sales,Not-in-family,White,Male,0,0,20,United-States,0,0.15243149405129996,0,3,0.4
63,Local-gov,252029,Doctorate,16,Divorced,Prof-specialty,Not-in-family,White,Female,12741,0,60,United-States,1,0.9957715530131394,1,3,0.4
67,Private,153484,Masters,14,Married-civ-spouse,Exec-managerial,Husband,White,Male,13108,1977,65,United-States,1,0.9978316411828758,1,3,0.4
32,Private,187815,Bachelors,13,Married-civ-spouse,Exec-managerial,Husband,White,Male,0,0,45,United-States,1,0.8923243610648716,1,3,0.4
38,Private,113587,10th,6,Divorced,Machine-op-inspct,Own-child,White,Male,3065,0,50,United-States,0,0.31484916798451174,0,3,0.4
53,Self-emp-not-inc,174102,Prof-school,15,Divorced,Prof-specialty,Unmarried,White,Male,25236,0,60,United-States,1,0.9975539588551815,1,3,0.4
90,Self-emp-not-inc,122348,Prof-school,15,Married-civ-spouse,Prof-specialty,Husband,White,Male,20051,0,45,United-States,1,0.9913356003320505,1,3,0.4
38,State-gov,312528,Bachelors,13,Married-civ-spouse,Exec-managerial,Husband,White,Male,0,0,37,United-States,0,0.8563076504387024,1,3,0.4
48,Federal-gov,192150,HS-grad,9,Divorced,Adm-clerical,Unmarried,White,Female,7054,0,55,United-States,0,0.9405341981519604,1,3,0.4
64,Private,256466,HS-grad,9,Married-civ-spouse,Tech-support,Husband,Asian-Pac-Islander,Male,0,0,60,Philippines,1,0.7903723519879309,1,3,0.4
79,Private,195161,Masters,14,Married-civ-spouse,Prof-specialty,Husband,White,Male,20323,0,75,United-States,1,0.9940738861845216,1,3,0.4
43,Private,152629,HS-grad,9,Married-civ-spouse,Craft-repair,Husband,White,Male,0,0,40,United-States,1,0.6121339806655831,0,3,0.4
26,Private,152263,HS-grad,9,Never-married,Adm-clerical,Own-child,White,Female,0,0,45,United-States,0,0.02529702557647054,0,3,0.4
53,Private,112763,Prof-school,15,Married-civ-spouse,Prof-specialty,Wife,White,Female,11915,0,55,United-States,1,0.9991818806907203,1,3,0.4
50,State-gov,162424,Bachelors,13,Married-civ-spouse,Prof-specialty,Husband,White,Male,12983,0,55,United-States,1,0.999158963017817,1,3,0.4
28,Private,64940,Some-college,10,Never-married,Other-service,Own-child,White,Female,0,0,30,United-States,0,0.010405675869737627,0,3,0.4
66,,188686,Bachelors,13,Married-civ-spouse,,Wife,White,Female,0,0,4,United-States,0,0.6322635769452789,0,3,0.4
22,Private,51262,HS-grad,9,Never-married,Machine-op-inspct,Own-child,White,Male,0,0,40,United-States,0,0.008170853317548455,0,3,0.4
44,Local-gov,254146,Masters,14,Married-civ-spouse,Prof-specialty,Husband,White,Male,0,0,40,United-States,1,0.8836472727532599,1,3,0.4
44,Private,353396,Bachelors,13,Married-civ-spouse,Prof-specialty,Husband,White,Male,0,0,45,United-States,0,0.8953438052742604,1,3,0.4
38,Private,211265,Some-college,10,Married-spouse-absent,Craft-repair,Other-relative,Black,Female,8935,0,50,Dominican-Republic,0,0.9971677736054759,1,3,0.4
31,Private,198668,HS-grad,9,Never-married,Handlers-cleaners,Own-child,White,Male,13969,0,55,United-States,0,0.9940601076319128,1,3,0.4
62,Private,215990,HS-grad,9,Married-civ-spouse,Craft-repair,Husband,White,Male,2256,0,55,United-States,1,0.09909572647233658,0,3,0.4
36,Private,200089,HS-grad,9,Married-civ-spouse,Other-service,Husband,White,Male,2219,0,55,Guatemala,0,0.029845518590338065,0,3,0.4
49,Self-emp-inc,362795,Masters,14,Divorced,Prof-specialty,Unmarried,White,Male,99999,0,80,Mexico,1,0.9989550304433976,1,3,0.4
54,Private,141707,Masters,14,Married-civ-spouse,Prof-specialty,Husband,Black,Male,0,0,40,United-States,1,0.8962029983089884,1,3,0.4
55,Private,254146,Some-college,10,Married-civ-spouse,Craft-repair,Husband,White,Male,4531,1902,55,United-States,1,0.9465533040207194,1,3,0.4
41,Local-gov,251854,HS-grad,9,Never-married,Protective-serv,Not-in-family,Black,Female,4764,0,55,United-States,0,0.9610566152466528,1,3,0.4
45,State-gov,72896,Assoc-voc,11,Married-civ-spouse,Prof-specialty,Husband,White,Male,0,0,40,United-States,1,0.7827856125150071,1,3,0.4
36,Private,115803,HS-grad,9,Married-civ-spouse,Craft-repair,Husband,White,Male,0,0,40,United-States,1,0.5130709327415123,0,3,0.4
50,Private,107302,Some-college,10,Married-civ-spouse,Craft-repair,Husband,White,Male,7791,0,55,United-States,1,0.9985879920675415,1,3,0.4
54,Private,145419,HS-grad,9,Married-civ-spouse,Sales,Husband,White,Male,0,1672,50,United-States,0,0.02337209484241138,0,3,0.4
24,Private,375698,Some-college,10,Never-married,Adm-clerical,Not-in-family,White,Female,0,0,40,Japan,0,0.020525538191050935,0,3,0.4
50,State-gov,354591,HS-grad,9,Never-married,Other-service,Unmarried,Black,Female,730,0,53,United-States,0,0.004654095306742272,0,3,0.4
34,Private,120461,Some-college,10,Divorced,Adm-clerical,Not-in-family,White,Female,0,0,50,United-States,0,0.1542568349342096,0,3,0.4
59,Private,426001,HS-grad,9,Married-spouse-absent,Adm-clerical,Unmarried,White,Female,0,0,20,Puerto-Rico,0,0.05052284417295029,0,3,0.4
45,Local-gov,153312,Masters,14,Married-civ-spouse,Prof-specialty,Husband,Black,Male,0,0,10,United-States,1,0.7043205459216262,1,3,0.4
25,Private,144301,Some-college,10,Never-married,Sales,Own-child,White,Male,0,0,42,United-States,0,0.04793497869678177,0,3,0.4
36,Private,317434,HS-grad,9,Married-civ-spouse,Machine-op-inspct,Husband,White,Male,0,0,50,United-States,0,0.508357673300005,0,3,0.4
39,Private,198346,Bachelors,13,Divorced,Adm-clerical,Not-in-family,White,Female,10593,0,50,United-States,0,0.9980396381302563,1,3,0.4
37,Private,389725,12th,8,Divorced,Craft-repair,Own-child,White,Male,0,0,35,United-States,0,0.055891550301079014,0,3,0.4
26,Private,169121,Bachelors,13,Married-civ-spouse,Sales,Husband,White,Male,0,0,48,United-States,1,0.7779921639099888,1,3,0.4
20,Private,55465,HS-grad,9,Never-married,Other-service,Own-child,White,Male,0,0,35,United-States,0,0.0025813923251023453,0,3,0.4
39,Private,130492,11th,7,Divorced,Craft-repair,Unmarried,Other,Male,6465,0,50,United-States,0,0.0787839164090414,0,3,0.4
50,Federal-gov,299831,Some-college,10,Divorced,Adm-clerical,Unmarried,White,Female,0,880,40,United-States,0,0.014078572644652006,0,3,0.4
29,Private,104256,HS-grad,9,Divorced,Sales,Not-in-family,White,Female,0,0,34,United-States,0,0.02161203311282736,0,3,0.4
34,Private,41809,Some-college,10,Divorced,Adm-clerical,Unmarried,White,Female,0,0,40,United-States,0,0.04378000198756061,0,3,0.4
57,Private,137653,HS-grad,9,Married-civ-spouse,Adm-clerical,Wife,White,Female,0,0,40,United-States,0,0.5787765110841325,0,3,0.4
60,,355890,Bachelors,13,Married-civ-spouse,,Husband,White,Male,5685,0,70,United-States,1,0.9918030667745648,1,3,0.4
59,Self-emp-not-inc,73411,Prof-school,15,Married-civ-spouse,Farming-fishing,Husband,White,Male,0,0,30,United-States,0,0.47948005132874305,0,3,0.4
28,Private,355259,Masters,14,Never-married,Prof-specialty,Not-in-family,White,Female,0,0,40,United-States,1,0.2000513080531367,0,3,0.4
50,Private,215646,HS-grad,9,Divorced,Handlers-cleaners,Not-in-family,White,Male,1569,0,55,United-States,0,0.013416477802288412,0,3,0.4
33,Private,388741,Some-college,10,Never-married,Adm-clerical,Unmarried,Other,Female,0,0,38,United-States,0,0.028125956837356948,0,3,0.4
35,State-gov,136075,Bachelors,13,Never-married,Prof-specialty,Not-in-family,White,Female,2777,0,47,United-States,0,0.040108851399789994,0,3,0.4
50,Private,103323,HS-grad,9,Divorced,Machine-op-inspct,Not-in-family,White,Male,12349,0,55,United-States,0,0.9981254925729084,1,3,0.4
43,Private,213416,Some-college,10,Married-civ-spouse,Machine-op-inspct,Husband,White,Male,0,0,40,Mexico,0,0.210280739759222,0,3,0.4
26,Private,53598,Some-college,10,Never-married,Adm-clerical,Not-in-family,White,Female,0,0,40,United-States,0,0.023475516701840934,0,3,0.4
74,Private,149617,Some-college,10,Widowed,Exec-managerial,Not-in-family,White,Female,10073,0,31,United-States,0,0.9797983712305826,1,3,0.4
38,Private,99783,Assoc-voc,11,Married-civ-spouse,Other-service,Wife,White,Female,0,1902,40,United-States,0,0.967739888809571,1,3,0.4
66,State-gov,166774,Masters,14,Never-married,Prof-specialty,Not-in-family,White,Female,9791,0,60,United-States,1,0.9964986631820186,1,3,0.4
24,Private,240063,Bachelors,13,Never-married,Prof-specialty,Not-in-family,White,Male,0,0,20,United-States,0,0.01461833353410339,0,3,0.4
32,Private,205970,Some-college,10,Never-married,Craft-repair,Own-child,White,Female,10877,0,40,United-States,0,0.9960252581413078,1,3,0.4
35,,281668,10th,6,Never-married,,Own-child,Black,Female,2660,0,55,United-States,0,0.0015938053134196177,0,3,0.4
28,Private,360224,HS-grad,9,Married-civ-spouse,Transport-moving,Husband,White,Male,0,0,50,United-States,0,0.5501761192265111,0,3,0.4
42,Private,78980,Assoc-voc,11,Married-civ-spouse,Machine-op-inspct,Husband,White,Male,1674,0,55,United-States,1,0.1174812748736572,0,3,0.4
55,Private,147110,Some-college,10,Never-married,Adm-clerical,Unmarried,White,Male,8636,0,63,United-States,1,0.9976526831717089,1,3,0.4
24,Local-gov,34246,Bachelors,13,Never-married,Prof-specialty,Not-in-family,Asian-Pac-Islander,Male,0,0,40,United-States,0,0.05189091566195027,0,3,0.4
55,Private,23789,HS-grad,9,Divorced,Exec-managerial,Not-in-family,White,Female,0,0,40,United-States,0,0.28223878932903423,0,3,0.4
53,Private,142717,Bachelors,13,Divorced,Adm-clerical,Unmarried,White,Female,0,0,40,United-States,0,0.13018693629766226,0,3,0.4
86,Self-emp-not-inc,119129,HS-grad,9,Married-civ-spouse,Sales,Husband,White,Male,2594,2149,35,United-States,0,0.008167473275756837,0,3,0.4
34,Private,27409,9th,5,Married-civ-spouse,Craft-repair,Husband,White,Male,0,0,50,United-States,0,0.3266879209474193,0,3,0.4
46,Self-emp-not-inc,24367,10th,6,Married-civ-spouse,Farming-fishing,Husband,White,Male,0,0,99,United-States,1,0.3969769486973515,0,3,0.4
23,Private,173679,Some-college,10,Never-married,Handlers-cleaners,Not-in-family,White,Male,0,0,40,United-States,0,0.012432966582320822,0,3,0.4
35,Private,194690,7th-8th,4,Divorced,Tech-support,Unmarried,White,Female,0,0,40,United-States,0,0.0279140841200642,0,3,0.4
54,Private,338620,Masters,14,Married-civ-spouse,Exec-managerial,Husband,White,Male,0,0,52,United-States,1,0.9454197505699732,1,3,0.4
26,Private,154966,Some-college,10,Married-civ-spouse,Sales,Husband,White,Male,0,0,50,United-States,1,0.5587318718060096,0,3,0.4
30,,214989,Some-college,10,Never-married,,Own-child,White,Female,10238,1602,39,United-States,0,0.9925515335362454,1,3,0.4
32,Self-emp-not-inc,129497,Some-college,10,Married-civ-spouse,Craft-repair,Husband,White,Male,0,0,55,United-States,1,0.5219321694782211,0,3,0.4
25,Private,391591,12th,8,Never-married,Craft-repair,Not-in-family,White,Male,0,0,40,United-States,0,0.03205790090908533,0,3,0.4
43,Private,214781,Masters,14,Married-civ-spouse,Prof-specialty,Husband,White,Male,5178,0,40,United-States,1,0.9931919253738106,1,3,0.4
83,Private,193530,11th,7,Never-married,Priv-house-serv,Not-in-family,White,Female,14423,0,90,United-States,0,0.9961857770632965,1,3,0.4
48,Private,46580,HS-grad,9,Divorced,Prof-specialty,Unmarried,White,Female,0,0,40,United-States,0,0.13336997603692918,0,3,0.4
27,Private,140863,HS-grad,9,Never-married,Transport-moving,Not-in-family,White,Male,0,0,60,United-States,0,0.08059187772961571,0,3,0.4
53,Local-gov,99064,9th,5,Married-civ-spouse,Craft-repair,Husband,White,Male,0,0,40,United-States,0,0.25073183041293917,0,3,0.4
21,,134746,Some-college,10,Never-married,,Own-child,White,Female,0,0,35,United-States,0,0.0086594875504803,0,3,0.4
78,Private,163140,HS-grad,9,Widowed,Other-service,Not-in-family,White,Female,0,0,12,United-States,0,0.04237977730961949,0,3,0.4
22,Private,125010,Assoc-voc,11,Never-married,Priv-house-serv,Not-in-family,White,Female,0,0,30,United-States,0,0.006558165730937845,0,3,0.4
30,Private,112974,11th,7,Never-married,Prof-specialty,Other-relative,White,Male,7989,0,18,United-States,0,0.820649965203911,1,3,0.4
48,Private,111268,Assoc-acdm,12,Divorced,Sales,Unmarried,White,Female,308,0,55,United-States,0,0.016663103885791897,0,3,0.4
23,Private,293091,HS-grad,9,Never-married,Sales,Own-child,White,Male,0,0,30,United-States,0,0.008094666850334829,0,3,0.4
64,Private,192596,HS-grad,9,Widowed,Adm-clerical,Not-in-family,White,Female,0,0,30,United-States,0,0.031485349696729746,0,3,0.4
81,Private,39895,7th-8th,4,Widowed,Exec-managerial,Not-in-family,White,Female,0,0,2,United-States,0,0.04249654559934055,0,3,0.4
43,Federal-gov,155106,Bachelors,13,Married-civ-spouse,Handlers-cleaners,Husband,White,Male,0,0,53,United-States,0,0.747299641637545,1,3,0.4
39,Private,110648,Bachelors,13,Never-married,Tech-support,Own-child,White,Male,12800,0,55,United-States,0,0.9972016762422296,1,3,0.4
37,Private,281012,HS-grad,9,Married-civ-spouse,Craft-repair,Wife,Asian-Pac-Islander,Female,0,0,40,China,1,0.6789153032394761,1,3,0.4
44,Private,187821,Bachelors,13,Married-civ-spouse,Transport-moving,Husband,White,Male,0,0,55,United-States,0,0.7630322732234076,1,3,0.4
62,,182687,Some-college,10,Married-civ-spouse,,Wife,White,Female,0,0,45,United-States,1,0.66820263349876,1,3,0.4
58,Private,183810,HS-grad,9,Married-civ-spouse,Other-service,Husband,White,Male,0,0,24,United-States,0,0.20795983913400937,0,3,0.4
33,State-gov,145651,Some-college,10,Never-married,Sales,Own-child,Black,Female,12678,1602,27,United-States,0,0.9831025712991036,1,3,0.4
72,Private,166330,HS-grad,9,Married-civ-spouse,Other-service,Wife,White,Female,99999,0,55,United-States,1,0.9714516523949014,1,3,0.4
54,Private,103345,Assoc-voc,11,Married-civ-spouse,Exec-managerial,Husband,White,Male,0,0,40,United-States,1,0.8619517815720176,1,3,0.4
50,Private,174102,HS-grad,9,Divorced,Craft-repair,Own-child,White,Male,0,0,40,Puerto-Rico,0,0.07764097274479738,0,3,0.4
35,Private,131230,Bachelors,13,Never-married,Protective-serv,Own-child,White,Male,1903,0,65,United-States,0,0.02627382504169429,0,3,0.4
37,Private,287031,Some-college,10,Married-civ-spouse,Craft-repair,Husband,White,Male,5178,0,75,United-States,1,0.9893279747994342,1,3,0.4
52,Private,137304,Bachelors,13,Divorced,Adm-clerical,Not-in-family,Black,Female,14896,0,55,United-States,0,0.9984475195713332,1,3,0.4
25,Private,132683,HS-grad,9,Never-married,Priv-house-serv,Not-in-family,White,Female,0,0,50,United-States,0,0.014036309647324023,0,3,0.4
20,Private,107242,HS-grad,9,Never-married,Machine-op-inspct,Not-in-family,Black,Male,0,0,40,,0,0.005933014733948137,0,3,0.4
58,Self-emp-not-inc,43348,Prof-school,15,Married-civ-spouse,Exec-managerial,Husband,White,Male,17251,0,70,United-States,1,0.9991526033094844,1,3,0.4
48,Private,110013,Masters,14,Never-married,Sales,Not-in-family,White,Female,10967,0,55,United-States,0,0.9987689849516813,1,3,0.4
56,Self-emp-not-inc,158555,Some-college,10,Married-civ-spouse,Exec-managerial,Husband,White,Male,11302,0,65,United-States,1,0.9987129440471344,1,3,0.4
41,Local-gov,195258,Some-college,10,Married-civ-spouse,Protective-serv,Husband,White,Male,0,0,40,United-States,1,0.8346802684478819,1,3,0.4
26,Federal-gov,56419,Prof-school,15,Never-married,Prof-specialty,Not-in-family,Asian-Pac-Islander,Female,0,0,20,South,0,0.02003375943083767,0,3,0.4
44,Private,186824,Bachelors,13,Married-civ-spouse,Craft-repair,Husband,White,Male,11002,0,55,United-States,1,0.9990300594546495,1,3,0.4
71,Self-emp-not-inc,156797,HS-grad,9,Widowed,Exec-managerial,Not-in-family,White,Female,23798,0,75,United-States,1,0.9818115116545776,1,3,0.4
21,Private,369643,HS-grad,9,Never-married,Adm-clerical,Own-child,White,Female,0,0,35,United-States,0,0.005866074208138194,0,3,0.4
58,Private,94741,12th,8,Married-civ-spouse,Other-service,Wife,White,Female,0,0,24,United-States,0,0.19075080039107264,0,3,0.4
30,Private,248588,12th,8,Divorced,Other-service,Not-in-family,White,Female,0,0,40,United-States,0,0.025474378498635677,0,3,0.4
36,Private,161638,HS-grad,9,Married-civ-spouse,Machine-op-inspct,Not-in-family,White,Female,527,0,55,Ecuador,0,0.10922079620656254,0,3,0.4
34,Private,157332,HS-grad,9,Never-married,Other-service,Own-child,White,Female,4784,0,50,United-States,0,0.6197406271735225,0,3,0.4
37,Private,127918,Some-college,10,Never-married,Transport-moving,Unmarried,White,Female,0,0,20,Puerto-Rico,0,0.010943375809086425,0,3,0.4
19,,169758,Some-college,10,Never-married,,Own-child,White,Male,0,0,40,United-States,0,0.0025670558317538324,0,3,0.4
44,Private,197033,HS-grad,9,Married-civ-spouse,Adm-clerical,Husband,White,Male,0,0,40,United-States,0,0.6717950597493971,1,3,0.4
24,Private,124963,HS-grad,9,Never-married,Machine-op-inspct,Own-child,White,Male,0,0,30,United-States,0,0.006117680794664282,0,3,0.4
55,Private,254711,Bachelors,13,Married-civ-spouse,Sales,Husband,White,Male,0,0,20,United-States,1,0.651625155489206,1,3,0.4
47,Private,98044,Preschool,1,Never-married,Other-service,Not-in-family,White,Male,0,0,25,El-Salvador,0,0.004066030976696849,0,3,0.4
19,Private,544091,HS-grad,9,Married-AF-spouse,Adm-clerical,Wife,White,Female,0,0,25,United-States,0,0.013135136259484781,0,3,0.4
54,Self-emp-inc,190044,Assoc-voc,11,Married-civ-spouse,Exec-managerial,Husband,White,Male,20130,0,67,United-States,1,0.99920647581227,1,3,0.4
55,Private,171467,HS-grad,9,Divorced,Craft-repair,Unmarried,Black,Male,0,0,48,United-States,1,0.31985308264745593,0,3,0.4
34,Self-emp-not-inc,304622,Bachelors,13,Divorced,Prof-specialty,Unmarried,White,Female,0,0,50,United-States,0,0.4930344350656141,0,3,0.4
41,Private,347890,HS-grad,9,Divorced,Machine-op-inspct,Not-in-family,White,Male,0,0,40,United-States,0,0.04943794291128114,0,3,0.4
53,Private,183203,HS-grad,9,Married-civ-spouse,Transport-moving,Husband,White,Male,12543,0,65,United-States,1,0.999020459231804,1,3,0.4
60,Private,98719,HS-grad,9,Widowed,Other-service,Not-in-family,White,Female,12585,0,59,United-States,0,0.9979895139130739,1,3,0.4
35,Private,167140,Bachelors,13,Married-civ-spouse,Prof-specialty,Husband,White,Male,5013,0,40,United-States,0,0.05825394246442275,0,3,0.4
42,Private,43953,HS-grad,9,Never-married,Adm-clerical,Other-relative,White,Female,8538,1974,55,United-States,0,0.9961370684727918,1,3,0.4
20,,156916,Some-college,10,Never-married,,Own-child,Black,Female,0,0,40,United-States,0,0.0023525509754197026,0,3,0.4
19,,195282,HS-grad,9,Never-married,,Own-child,Black,Female,0,0,20,United-States,0,0.000966445666525338,0,3,0.4
25,Private,139863,1st-4th,2,Never-married,Farming-fishing,Not-in-family,White,Male,0,0,40,Mexico,0,0.012096818775409425,0,3,0.4
71,Federal-gov,43280,Some-college,10,Never-married,Exec-managerial,Own-child,Black,Female,10118,0,55,United-States,0,0.9343996256363383,1,3,0.4
48,Private,31023,Masters,14,Married-civ-spouse,Exec-managerial,Husband,White,Male,4005,0,65,United-States,1,0.22458315117048858,0,3,0.4
22,Private,268145,Bachelors,13,Never-married,Sales,Not-in-family,White,Female,0,0,40,United-States,0,0.016917079383276006,0,3,0.4
65,,115513,Bachelors,13,Married-civ-spouse,,Husband,White,Male,5556,0,48,United-States,1,0.9850573541557152,1,3,0.4
40,Private,55360,HS-grad,9,Never-married,Sales,Other-relative,Black,Male,5767,0,55,United-States,0,0.0708535008574954,0,3,0.4
32,Federal-gov,125856,HS-grad,9,Divorced,Craft-repair,Unmarried,White,Male,0,0,40,United-States,0,0.0693354043071507,0,3,0.4
50,Private,233194,HS-grad,9,Married-civ-spouse,Sales,Husband,Black,Male,909,0,55,United-States,1,0.10684066547365222,0,3,0.4
44,Private,126701,HS-grad,9,Divorced,Craft-repair,Unmarried,White,Male,0,0,40,United-States,0,0.14458661531347491,0,3,0.4
50,Private,188503,Some-college,10,Never-married,Adm-clerical,Unmarried,White,Female,15266,0,50,United-States,0,0.9989994904348779,1,3,0.4
42,Private,232475,HS-grad,9,Separated,Craft-repair,Not-in-family,White,Male,13782,0,55,United-States,0,0.9983223089625255,1,3,0.4
25,Private,269015,HS-grad,9,Never-married,Other-service,Other-relative,Black,Female,0,0,40,United-States,0,0.0040648845561326065,0,3,0.4
39,Federal-gov,175262,Some-college,10,Never-married,Machine-op-inspct,Own-child,White,Male,10789,0,55,United-States,0,0.9957048633222373,1,3,0.4
49,Private,39518,Some-college,10,Married-civ-spouse,Tech-support,Husband,White,Male,0,0,40,United-States,1,0.7909269849086947,1,3,0.4
52,Private,145081,7th-8th,4,Never-married,Machine-op-inspct,Not-in-family,Black,Female,0,0,40,United-States,0,0.007297256423946474,0,3,0.4
46,Private,102130,HS-grad,9,Married-civ-spouse,Sales,Husband,White,Male,11088,0,80,United-States,1,0.9990527017753645,1,3,0.4
55,Private,419732,Some-college,10,Divorced,Other-service,Unmarried,White,Female,0,0,38,United-States,0,0.06738312155199973,0,3,0.4
45,Self-emp-not-inc,184285,Bachelors,13,Divorced,Prof-specialty,Not-in-family,White,Male,0,0,45,United-States,0,0.5830690481662246,0,3,0.4
36,Self-emp-not-inc,216889,9th,5,Married-civ-spouse,Craft-repair,Husband,White,Male,6911,0,60,United-States,0,0.9545202341941866,1,3,0.4
31,Private,122347,HS-grad,9,Separated,Handlers-cleaners,Not-in-family,White,Male,0,0,40,United-States,0,0.020795908134032943,0,3,0.4
47,Private,91972,HS-grad,9,Married-civ-spouse,Priv-house-serv,Wife,White,Female,0,0,35,United-States,1,0.5603565564529952,0,3,0.4
54,Private,94600,HS-grad,9,Married-civ-spouse,Craft-repair,Husband,White,Male,18528,0,55,United-States,1,0.9990400894547995,1,3,0.4
27,Private,150767,Some-college,10,Never-married,Machine-op-inspct,Own-child,White,Male,0,0,48,United-States,0,0.034653240494435966,0,3,0.4
32,State-gov,126822,Some-college,10,Never-married,Prof-specialty,Own-child,White,Female,5221,0,30,United-States,0,0.07098154313022306,0,3,0.4
30,Self-emp-not-inc,261943,11th,7,Married-spouse-absent,Craft-repair,Not-in-family,White,Male,0,0,30,Honduras,0,0.04609887749061376,0,3,0.4
35,Private,147548,HS-grad,9,Married-civ-spouse,Transport-moving,Husband,White,Male,0,0,60,United-States,0,0.5871270651274461,0,3,0.4
30,Private,143766,Bachelors,13,Married-civ-spouse,Prof-specialty,Husband,White,Male,0,0,40,United-States,1,0.823768780691924,1,3,0.4
47,Federal-gov,142581,Some-college,10,Married-civ-spouse,Adm-clerical,Husband,Black,Male,0,0,40,United-States,1,0.8571557670218479,1,3,0.4
35,Private,166416,Bachelors,13,Married-civ-spouse,Exec-managerial,Husband,White,Male,0,0,50,United-States,1,0.9064452790418311,1,3,0.4
30,Private,264351,Bachelors,13,Married-civ-spouse,Transport-moving,Husband,White,Male,0,0,25,Ecuador,0,0.3200455692949712,0,3,0.4
45,Private,206609,Bachelors,13,Married-civ-spouse,Exec-managerial,Husband,White,Male,1331,0,60,United-States,0,0.3686250623744805,0,3,0.4
40,Private,245529,Assoc-acdm,12,Divorced,Prof-specialty,Not-in-family,White,Female,0,0,40,United-States,0,0.21939520822856923,0,3,0.4
57,Private,548256,12th,8,Married-civ-spouse,Adm-clerical,Husband,Black,Male,0,0,40,United-States,0,0.545910268900003,0,3,0.4
46,State-gov,314770,Some-college,10,Divorced,Adm-clerical,Unmarried,White,Female,0,0,48,United-States,0,0.13723181063639983,0,3,0.4
29,Private,209650,12th,8,Never-married,Other-service,Own-child,White,Male,11446,0,31,United-States,0,0.9940828613835998,1,3,0.4
60,Private,164200,Masters,14,Married-civ-spouse,Prof-specialty,Husband,White,Male,9431,0,55,United-States,1,0.9986293141550387,1,3,0.4
62,Private,48358,HS-grad,9,Married-civ-spouse,Craft-repair,Husband,White,Male,12684,0,55,United-States,1,0.9799422903087653,1,3,0.4
23,Private,200677,10th,6,Never-married,Machine-op-inspct,Not-in-family,White,Female,0,0,40,United-States,0,0.0036075925293091193,0,3,0.4
20,Private,267945,Some-college,10,Never-married,Sales,Own-child,White,Female,0,0,15,United-States,0,0.0009780322250816358,0,3,0.4
46,Federal-gov,308077,Prof-school,15,Separated,Prof-specialty,Unmarried,White,Female,0,0,40,Germany,1,0.8123111863672863,1,3,0.4
44,,136419,10th,6,Married-civ-spouse,,Husband,White,Male,0,0,40,United-States,0,0.1310786796020142,0,3,0.4
30,Private,269723,Some-college,10,Never-married,Sales,Not-in-family,White,Female,0,0,45,United-States,0,0.11517062844521121,0,3,0.4
32,Local-gov,206609,HS-grad,9,Never-married,Other-service,Own-child,White,Male,0,0,40,United-States,0,0.02418818454962986,0,3,0.4
36,Private,175643,HS-grad,9,Married-civ-spouse,Craft-repair,Husband,White,Male,0,0,35,United-States,0,0.37133689175950324,0,3,0.4
28,Private,288598,HS-grad,9,Married-civ-spouse,Craft-repair,Husband,White,Male,0,0,35,United-States,0,0.26009629092340614,0,3,0.4
44,Self-emp-not-inc,216921,10th,6,Married-civ-spouse,Other-service,Husband,White,Male,0,0,70,United-States,0,0.258892756025841,0,3,0.4
66,Private,284021,HS-grad,9,Widowed,Sales,Not-in-family,White,Female,0,0,40,United-States,0,0.18858991107058676,0,3,0.4
39,Private,200733,HS-grad,9,Married-civ-spouse,Machine-op-inspct,Husband,White,Male,11662,0,70,United-States,0,0.9988767283252618,1,3,0.4
36,Private,113466,HS-grad,9,Never-married,Sales,Not-in-family,White,Male,8009,0,55,United-States,0,0.8720700374921931,1,3,0.4
31,Private,191001,HS-grad,9,Never-married,Sales,Not-in-family,White,Female,0,0,40,United-States,0,0.03648831067688,0,3,0.4
20,Private,94057,Some-college,10,Never-married,Other-service,Own-child,White,Male,0,0,15,United-States,0,0.0014391301333721875,0,3,0.4
58,Private,78141,HS-grad,9,Married-civ-spouse,Craft-repair,Husband,White,Male,0,0,40,United-States,1,0.6108822351943293,0,3,0.4
46,Private,270565,Assoc-voc,11,Married-civ-spouse,Prof-specialty,Husband,White,Male,0,0,60,United-States,0,0.8205762326013714,1,3,0.4
43,Private,87950,Assoc-voc,11,Divorced,Sales,Not-in-family,Amer-Indian-Eskimo,Female,10492,0,55,United-States,0,0.9958101570787763,1,3,0.4
38,Private,278924,Bachelors,13,Married-civ-spouse,Exec-managerial,Husband,White,Male,0,1887,50,United-States,1,0.9937050412906674,1,3,0.4
21,Private,182606,Some-college,10,Never-married,Other-service,Own-child,Black,Male,0,0,40,,0,0.010945944920205302,0,3,0.4
38,Private,31290,HS-grad,9,Married-civ-spouse,Adm-clerical,Wife,White,Female,285,0,55,United-States,1,0.0622456071541042,0,3,0.4
46,Private,145636,HS-grad,9,Married-civ-spouse,Exec-managerial,Husband,White,Male,3103,0,50,United-States,1,0.969157066417952,1,3,0.4
73,,123345,HS-grad,9,Widowed,,Not-in-family,White,Female,0,0,65,United-States,0,0.14251260342391078,0,3,0.4
40,Private,235786,HS-grad,9,Separated,Craft-repair,Not-in-family,White,Male,0,0,40,United-States,0,0.09993110042121908,0,3,0.4
52,Self-emp-inc,218558,Bachelors,13,Married-civ-spouse,Exec-managerial,Husband,White,Male,18,0,60,United-States,1,0.3578726139626275,0,3,0.4
30,Private,473449,Some-college,10,Never-married,Handlers-cleaners,Own-child,White,Male,14920,0,45,United-States,0,0.9940211768275338,1,3,0.4
30,Private,716066,10th,6,Never-married,Machine-op-inspct,Own-child,White,Male,7543,0,45,United-States,0,0.7460326305780882,1,3,0.4
39,Private,405855,9th,5,Never-married,Craft-repair,Other-relative,White,Male,4837,0,55,Mexico,0,0.29023791130116805,0,3,0.4
75,Local-gov,109849,Bachelors,13,Never-married,Prof-specialty,Not-in-family,Black,Female,7047,0,36,United-States,0,0.1147997058885143,0,3,0.4
20,Private,367240,Some-college,10,Never-married,Other-service,Own-child,White,Female,0,0,20,United-States,0,0.0014904822750682028,0,3,0.4
36,Private,275653,7th-8th,4,Married-spouse-absent,Machine-op-inspct,Unmarried,White,Female,2977,0,40,Puerto-Rico,0,0.0011875195885077067,0,3,0.4
64,Local-gov,50442,9th,5,Never-married,Adm-clerical,Other-relative,White,Male,0,0,40,United-States,0,0.06762942456950019,0,3,0.4
23,Private,110998,Some-college,10,Never-married,Adm-clerical,Own-child,Asian-Pac-Islander,Female,0,0,40,Philippines,0,0.014661187208544259,0,3,0.4
52,Self-emp-not-inc,217210,HS-grad,9,Widowed,Other-service,Other-relative,Black,Female,0,0,40,United-States,0,0.008817067043846506,0,3,0.4
37,Self-emp-not-inc,119929,HS-grad,9,Married-civ-spouse,Craft-repair,Husband,White,Male,0,0,40,United-States,0,0.4449998554917736,0,3,0.4
37,Federal-gov,143547,Bachelors,13,Never-married,Prof-specialty,Not-in-family,White,Female,0,0,40,United-States,0,0.35839643210222216,0,3,0.4
30,Never-worked,153663,Some-college,10,Never-married,,Own-child,White,Male,3458,0,19,United-States,0,0.0008197727691392704,0,3,0.4
55,Private,102606,HS-grad,9,Married-civ-spouse,Sales,Husband,White,Male,2400,0,63,United-States,0,0.10479507252514124,0,3,0.4
40,Private,98211,HS-grad,9,Married-civ-spouse,Craft-repair,Husband,White,Male,0,0,40,United-States,1,0.5774937894070958,0,3,0.4
74,Self-emp-not-inc,109101,Some-college,10,Married-civ-spouse,Exec-managerial,Husband,White,Male,0,0,4,United-States,0,0.4311998289397868,0,3,0.4
25,Private,168943,Bachelors,13,Married-civ-spouse,Exec-managerial,Wife,White,Female,0,0,30,United-States,1,0.6902345522064389,1,3,0.4
46,Self-emp-not-inc,195602,HS-grad,9,Married-civ-spouse,Craft-repair,Husband,White,Male,13205,0,70,United-States,0,0.9988265508929727,1,3,0.4
49,Private,193815,Assoc-acdm,12,Married-civ-spouse,Prof-specialty,Husband,White,Male,10053,0,60,United-States,1,0.9936750974069717,1,3,0.4
52,Private,115851,HS-grad,9,Married-civ-spouse,Craft-repair,Husband,White,Male,0,0,40,United-States,0,0.6338845620341969,0,3,0.4
49,Self-emp-inc,330874,Some-college,10,Married-civ-spouse,Sales,Husband,White,Male,0,0,70,United-States,1,0.8462727433033215,1,3,0.4
33,Private,143582,Bachelors,13,Never-married,Prof-specialty,Own-child,Asian-Pac-Islander,Female,907,0,60,United-States,0,0.0317526696513102,0,3,0.4
78,Self-emp-not-inc,140456,Bachelors,13,Married-civ-spouse,Sales,Husband,White,Male,14139,0,55,United-States,1,0.9922648810021348,1,3,0.4
50,Private,150876,HS-grad,9,Married-civ-spouse,Exec-managerial,Husband,Black,Male,0,1887,55,United-States,1,0.9913148523602329,1,3,0.4
47,Private,163814,10th,6,Married-civ-spouse,Craft-repair,Husband,White,Male,0,0,40,United-States,0,0.37452611980632294,0,3,0.4
23,Private,178207,Some-college,10,Never-married,Handlers-cleaners,Unmarried,Amer-Indian-Eskimo,Female,0,0,35,United-States,0,0.006336358245796478,0,3,0.4
46,State-gov,102628,Masters,14,Widowed,Protective-serv,Unmarried,White,Male,0,0,40,United-States,0,0.6161078953425201,0,3,0.4
46,Private,199934,Some-college,10,Married-civ-spouse,Machine-op-inspct,Husband,Black,Male,14391,0,55,United-States,1,0.9991609822938287,1,3,0.4
34,Private,125542,11th,7,Never-married,Farming-fishing,Not-in-family,White,Male,11376,0,55,United-States,0,0.9975416424199233,1,3,0.4
45,Private,148171,Assoc-voc,11,Married-civ-spouse,Craft-repair,Husband,White,Male,15024,0,40,United-States,1,0.9988890339642051,1,3,0.4
20,Private,175800,Some-college,10,Never-married,Adm-clerical,Not-in-family,White,Female,0,0,25,United-States,0,0.0011214411665694188,0,3,0.4
32,Private,133861,Bachelors,13,Never-married,Exec-managerial,Not-in-family,White,Male,13550,0,48,United-States,1,0.9987872193128339,1,3,0.4
68,Private,182460,HS-grad,9,Married-civ-spouse,Handlers-cleaners,Husband,White,Male,8354,0,55,United-States,1,0.9680452475908635,1,3,0.4
37,State-gov,261979,HS-grad,9,Never-married,Prof-specialty,Not-in-family,White,Male,6816,0,55,United-States,0,0.04257781152038006,0,3,0.4
31,Private,168387,Bachelors,13,Married-civ-spouse,Prof-specialty,Husband,White,Male,7688,0,40,Canada,1,0.998124799168836,1,3,0.4
38,Private,82552,HS-grad,9,Never-married,Handlers-cleaners,Not-in-family,White,Male,594,0,50,United-States,0,0.00785179467826309,0,3,0.4
50,Private,128478,HS-grad,9,Married-civ-spouse,Transport-moving,Husband,White,Male,0,0,70,United-States,0,0.7225968877717317,1,3,0.4
76,Local-gov,158412,HS-grad,9,Widowed,Adm-clerical,Not-in-family,White,Female,13175,0,55,United-States,0,0.9969499768766963,1,3,0.4
32,Private,245378,HS-grad,9,Married-civ-spouse,Sales,Husband,White,Male,0,0,60,United-States,0,0.6634929782963669,1,3,0.4
62,,72486,HS-grad,9,Married-civ-spouse,,Husband,Asian-Pac-Islander,Male,0,0,24,China,0,0.14524881478128004,0,3,0.4
69,Private,142076,HS-grad,9,Married-civ-spouse,Machine-op-inspct,Husband,White,Male,8634,0,55,United-States,1,0.9721163566227703,1,3,0.4
70,Self-emp-not-inc,115439,Masters,14,Married-civ-spouse,Sales,Husband,White,Male,6119,0,55,United-States,1,0.9856534886158514,1,3,0.4
44,Private,205528,HS-grad,9,Divorced,Adm-clerical,Unmarried,White,Female,12710,0,55,United-States,0,0.9943299218730077,1,3,0.4
52,Private,180062,Some-college,10,Married-civ-spouse,Exec-managerial,Husband,White,Male,0,0,60,United-States,0,0.8819886029150701,1,3,0.4
27,Private,201872,Bachelors,13,Never-married,Exec-managerial,Not-in-family,White,Male,0,0,40,United-States,0,0.09571124601417742,0,3,0.4
42,Private,285855,9th,5,Married-civ-spouse,Craft-repair,Husband,White,Male,764,0,55,United-States,0,0.026696298764681766,0,3,0.4
38,Federal-gov,236648,HS-grad,9,Married-civ-spouse,Craft-repair,Husband,White,Male,0,0,40,United-States,0,0.7829403081437409,1,3,0.4
29,Private,168015,HS-grad,9,Divorced,Machine-op-inspct,Unmarried,White,Female,0,0,40,United-States,0,0.021630116355930477,0,3,0.4
61,,198686,Assoc-acdm,12,Married-civ-spouse,,Husband,White,Male,0,0,2,United-States,1,0.6431515866774582,0,3,0.4
43,Self-emp-inc,175715,HS-grad,9,Never-married,Exec-managerial,Not-in-family,Black,Male,0,0,55,United-States,0,0.22673624946402532,0,3,0.4
85,,132737,10th,6,Never-married,,Not-in-family,White,Male,11159,0,19,United-States,0,0.9929120654280285,1,3,0.4
60,Private,420842,Assoc-acdm,12,Divorced,Priv-house-serv,Other-relative,White,Female,0,0,40,,0,0.015271381166855015,0,3,0.4
21,Private,140001,Some-college,10,Never-married,Adm-clerical,Own-child,White,Male,0,0,10,United-States,0,0.0037453196572744974,0,3,0.4
41,Private,91316,Assoc-acdm,12,Never-married,Other-service,Not-in-family,White,Male,0,0,40,United-States,0,0.08801452038992051,0,3,0.4
43,Private,186144,HS-grad,9,Married-civ-spouse,Craft-repair,Husband,White,Male,0,0,40,United-States,1,0.6281101576122927,0,3,0.4
52,Private,172165,10th,6,Divorced,Other-service,Other-relative,White,Female,0,0,25,United-States,0,0.0060495022296249345,0,3,0.4
30,Private,127875,Bachelors,13,Married-civ-spouse,Adm-clerical,Wife,White,Female,0,0,40,United-States,0,0.8511006383091647,1,3,0.4
46,,93834,HS-grad,9,Separated,,Own-child,White,Female,5911,0,23,United-States,0,0.031469877495543946,0,3,0.4
30,,151404,11th,7,Never-married,,Own-child,White,Female,7342,0,30,United-States,0,0.6172747472154057,0,3,0.4
34,Federal-gov,104443,Some-college,10,Never-married,Adm-clerical,Own-child,White,Female,3905,0,35,United-States,0,0.0018886604179070216,0,3,0.4
45,Private,159574,7th-8th,4,Married-civ-spouse,Adm-clerical,Husband,White,Male,9533,0,60,United-States,0,0.9983943825113996,1,3,0.4
46,Self-emp-not-inc,148599,Masters,14,Married-civ-spouse,Craft-repair,Husband,White,Male,0,0,50,United-States,1,0.8325048959444328,1,3,0.4
45,,148380,Bachelors,13,Married-civ-spouse,,Wife,White,Female,8195,0,75,United-States,1,0.9978446476420113,1,3,0.4
44,Private,24529,Assoc-voc,11,Married-civ-spouse,Sales,Husband,White,Male,7068,0,75,United-States,1,0.9978387487765277,1,3,0.4
42,Private,341051,Masters,14,Married-civ-spouse,Exec-managerial,Husband,White,Male,22779,0,75,United-States,1,0.9993175662367194,1,3,0.4
60,,144397,Some-college,10,Divorced,,Unmarried,Black,Female,6867,0,45,United-States,0,0.08403794712000467,0,3,0.4
27,Private,205188,10th,6,Married-civ-spouse,Machine-op-inspct,Husband,White,Male,0,0,40,United-States,0,0.08252476239371738,0,3,0.4
48,Self-emp-inc,238966,Some-college,10,Divorced,Exec-managerial,Not-in-family,White,Male,0,0,40,United-States,0,0.3411531124591328,0,3,0.4
42,State-gov,55764,Assoc-acdm,12,Divorced,Prof-specialty,Not-in-family,Black,Male,0,0,40,United-States,0,0.15951255327990727,0,3,0.4
72,Private,232242,HS-grad,9,Married-civ-spouse,Sales,Husband,White,Male,71,0,55,United-States,0,0.08270928678855853,0,3,0.4
36,State-gov,340091,Doctorate,16,Married-civ-spouse,Prof-specialty,Wife,White,Female,0,0,36,United-States,1,0.9312343374380541,1,3,0.4
28,Private,383322,Assoc-voc,11,Married-civ-spouse,Machine-op-inspct,Husband,White,Male,0,0,40,United-States,1,0.42965058689368274,0,3,0.4
65,Private,177705,Bachelors,13,Married-civ-spouse,Craft-repair,Husband,White,Male,347,0,59,United-States,1,0.2402652082509102,0,3,0.4
54,Private,52781,Some-college,10,Married-civ-spouse,Tech-support,Husband,White,Male,187,0,55,United-States,0,0.13770585537264954,0,3,0.4
63,Private,96062,Some-college,10,Married-civ-spouse,Sales,Husband,White,Male,11078,1977,55,United-States,1,0.9931611602954156,1,3,0.4
47,Private,155890,Bachelors,13,Married-civ-spouse,Prof-specialty,Husband,White,Male,7688,0,40,United-States,1,0.9985225735508536,1,3,0.4
46,Local-gov,63338,HS-grad,9,Never-married,Adm-clerical,Own-child,White,Female,9053,0,55,United-States,0,0.9944203010435473,1,3,0.4
49,Private,253420,HS-grad,9,Separated,Other-service,Unmarried,Black,Female,9051,0,40,United-States,0,0.9971870345203461,1,3,0.4
58,State-gov,40925,Bachelors,13,Married-civ-spouse,Exec-managerial,Husband,White,Male,0,0,40,United-States,0,0.8753382540496752,1,3,0.4
27,Private,197380,Assoc-acdm,12,Never-married,Prof-specialty,Not-in-family,White,Male,0,0,40,United-States,0,0.09388587325013617,0,3,0.4
45,Private,176711,Assoc-acdm,12,Never-married,Adm-clerical,Not-in-family,White,Male,3727,0,65,United-States,0,0.02578717410292454,0,3,0.4
56,Private,36990,HS-grad,9,Married-civ-spouse,Craft-repair,Husband,Black,Male,0,0,52,United-States,1,0.7383783507235142,1,3,0.4
29,Private,186067,10th,6,Never-married,Tech-support,Own-child,White,Male,1411,0,25,United-States,0,0.001681291372590515,0,3,0.4
21,Private,242912,HS-grad,9,Never-married,Other-service,Other-relative,White,Female,0,0,35,United-States,0,0.003837429992454969,0,3,0.4
41,,211873,Assoc-voc,11,Married-civ-spouse,,Wife,White,Female,0,1628,5,,0,0.5572581945884438,0,3,0.4
23,Private,201682,Bachelors,13,Married-civ-spouse,Adm-clerical,Other-relative,White,Female,0,0,40,United-States,0,0.1366260147859959,0,3,0.4
37,Private,302604,Some-college,10,Separated,Other-service,Other-relative,White,Female,0,0,40,United-States,0,0.019969903899065028,0,3,0.4
40,Private,180313,Bachelors,13,Never-married,Adm-clerical,Not-in-family,White,Female,9887,0,55,United-States,0,0.9978018324987046,1,3,0.4
47,Local-gov,228372,Masters,14,Married-civ-spouse,Prof-specialty,Husband,White,Male,0,0,48,United-States,1,0.9030335279706806,1,3,0.4
46,State-gov,192779,Assoc-acdm,12,Divorced,Adm-clerical,Unmarried,White,Male,0,2258,38,United-States,1,0.7932496494593523,1,3,0.4
52,Private,130571,HS-grad,9,Never-married,Other-service,Not-in-family,White,Female,11757,0,55,United-States,0,0.9985877450572006,1,3,0.4
32,,161288,9th,5,Married-civ-spouse,,Husband,White,Male,0,0,45,United-States,0,0.12263646178720067,0,3,0.4
34,Private,253799,Bachelors,13,Married-civ-spouse,Machine-op-inspct,Husband,White,Male,4171,0,60,,0,0.18455473759550112,0,3,0.4
53,Private,217902,HS-grad,9,Married-civ-spouse,Exec-managerial,Husband,White,Male,778,0,55,United-States,1,0.18906476620668372,0,3,0.4
64,State-gov,145072,Masters,14,Divorced,Prof-specialty,Not-in-family,White,Female,12928,0,55,United-States,0,0.9969496021963982,1,3,0.4
26,Private,171114,Some-college,10,Never-married,Farming-fishing,Not-in-family,White,Female,0,0,38,United-States,0,0.02007079357257195,0,3,0.4
33,,214810,Some-college,10,Never-married,,Own-child,White,Female,982,0,40,United-States,0,0.0027378995793099106,0,3,0.4
55,Self-emp-inc,275236,Assoc-voc,11,Married-civ-spouse,Exec-managerial,Husband,White,Male,0,0,48,United-States,1,0.90569576168554,1,3,0.4
37,Self-emp-not-inc,35330,HS-grad,9,Married-civ-spouse,Other-service,Husband,White,Male,0,0,42,United-States,0,0.25284793779497544,0,3,0.4
36,Local-gov,126613,Bachelors,13,Never-married,Prof-specialty,Own-child,White,Female,3980,0,35,United-States,0,0.011109284994743755,0,3,0.4
24,State-gov,165201,Some-college,10,Married-civ-spouse,Adm-clerical,Wife,White,Female,0,0,45,United-States,0,0.29685568168267923,0,3,0.4
41,Private,176716,Bachelors,13,Married-civ-spouse,Prof-specialty,Husband,White,Male,0,1902,40,United-States,1,0.9919455422851104,1,3,0.4
52,Private,111779,11th,7,Divorced,Other-service,Unmarried,Black,Female,4097,0,51,United-States,0,0.007074530786870181,0,3,0.4
34,Private,32616,Some-college,10,Never-married,Other-service,Not-in-family,White,Female,13215,0,45,United-States,0,0.9959658704443467,1,3,0.4
42,Private,24364,Some-college,10,Married-civ-spouse,Other-service,Wife,Black,Female,0,0,30,United-States,0,0.36430185180365166,0,3,0.4
83,Private,29770,Some-college,10,Widowed,Other-service,Not-in-family,White,Female,2676,0,43,United-States,0,0.012310477950353992,0,3,0.4
44,Private,151773,Some-college,10,Married-civ-spouse,Craft-repair,Husband,White,Male,3759,0,60,United-States,0,0.09939849900384322,0,3,0.4
20,Private,113511,11th,7,Never-married,Transport-moving,Own-child,White,Male,0,0,40,United-States,0,0.002118295265218695,0,3,0.4
50,Private,34832,Bachelors,13,Married-civ-spouse,Tech-support,Husband,White,Male,15024,0,40,United-States,1,0.9991913675294074,1,3,0.4
69,Self-emp-inc,127728,Prof-school,15,Married-civ-spouse,Prof-specialty,Husband,White,Male,20966,0,75,United-States,1,0.9947898034809902,1,3,0.4
54,Private,145419,Bachelors,13,Married-civ-spouse,Sales,Husband,White,Male,0,0,60,United-States,1,0.883974152794871,1,3,0.4
32,Private,53878,HS-grad,9,Never-married,Craft-repair,Unmarried,White,Male,4495,0,55,United-States,0,0.024484891553601038,0,3,0.4
60,Private,216734,Some-college,10,Divorced,Exec-managerial,Not-in-family,White,Female,14070,0,55,United-States,0,0.9982622608060463,1,3,0.4
37,Private,409189,Some-college,10,Married-civ-spouse,Craft-repair,Husband,White,Male,0,0,45,United-States,0,0.7928644084864426,1,3,0.4
56,Private,250517,Assoc-voc,11,Married-civ-spouse,Craft-repair,Husband,White,Male,0,0,45,United-States,0,0.7935120987545805,1,3,0.4
36,Private,119156,HS-grad,9,Never-married,Transport-moving,Own-child,White,Male,11680,0,65,United-States,0,0.99720900641493,1,3,0.4
46,Private,268022,Masters,14,Married-civ-spouse,Exec-managerial,Husband,White,Male,0,0,55,,1,0.8959915161034933,1,3,0.4
59,Private,160271,7th-8th,4,Separated,Machine-op-inspct,Not-in-family,White,Male,0,0,40,United-States,0,0.04982789461941011,0,3,0.4
48,Private,37778,HS-grad,9,Married-civ-spouse,Exec-managerial,Husband,White,Male,7946,0,63,United-States,0,0.9983518589509217,1,3,0.4
58,State-gov,312351,Bachelors,13,Married-civ-spouse,Prof-specialty,Husband,White,Male,0,0,40,United-States,1,0.8807142104841036,1,3,0.4
45,Private,116294,Bachelors,13,Never-married,Prof-specialty,Own-child,White,Female,5925,0,55,United-States,1,0.3578321145945677,0,3,0.4
33,Private,175800,HS-grad,9,Never-married,Prof-specialty,Unmarried,White,Female,9161,0,70,United-States,0,0.9921987602628697,1,3,0.4
65,Private,143175,Some-college,10,Widowed,Sales,Other-relative,White,Female,0,0,45,United-States,0,0.07902532949013674,0,3,0.4
18,Private,99497,12th,8,Never-married,Other-service,Own-child,Other,Female,0,0,30,United-States,0,0.0008958634899324989,0,3,0.4
47,Private,173586,HS-grad,9,Married-civ-spouse,Craft-repair,Husband,White,Male,13344,0,60,United-States,1,0.9990626873586059,1,3,0.4
58,Private,102791,HS-grad,9,Divorced,Other-service,Own-child,White,Female,0,0,40,United-States,0,0.03170728464459757,0,3,0.4
68,Local-gov,159643,HS-grad,9,Married-civ-spouse,Adm-clerical,Husband,White,Male,0,0,15,United-States,0,0.1694515478076284,0,3,0.4
68,Private,284701,Bachelors,13,Married-civ-spouse,Adm-clerical,Wife,White,Female,2870,0,55,United-States,1,0.14564461201428025,0,3,0.4
38,Private,223433,HS-grad,9,Never-married,Machine-op-inspct,Not-in-family,White,Male,0,0,40,United-States,0,0.037467618119721595,0,3,0.4
37,State-gov,252939,Assoc-voc,11,Never-married,Prof-specialty,Unmarried,Black,Female,5455,0,40,United-States,0,0.04986046107129725,0,3,0.4
55,Private,102895,Some-college,10,Divorced,Prof-specialty,Not-in-family,White,Male,3656,0,55,United-States,0,0.03136403879219621,0,3,0.4
19,Private,78401,HS-grad,9,Never-married,Other-service,Own-child,White,Male,0,0,40,United-States,0,0.0028009704091147155,0,3,0.4
24,Private,229826,Bachelors,13,Never-married,Transport-moving,Own-child,White,Male,0,0,20,United-States,0,0.005567216730494327,0,3,0.4
45,Private,91666,HS-grad,9,Married-civ-spouse,Machine-op-inspct,Husband,White,Male,3690,0,55,United-States,0,0.0847535243475974,0,3,0.4
36,State-gov,37931,HS-grad,9,Married-civ-spouse,Protective-serv,Husband,White,Male,0,0,48,United-States,1,0.5909046438845557,0,3,0.4
39,State-gov,55568,HS-grad,9,Married-civ-spouse,Adm-clerical,Wife,White,Female,0,0,40,United-States,0,0.6384983335281713,0,3,0.4
52,Private,190333,Some-college,10,Married-civ-spouse,Adm-clerical,Husband,White,Male,0,0,40,United-States,1,0.7782807966605512,1,3,0.4
39,Private,118230,Some-college,10,Never-married,Adm-clerical,Own-child,White,Female,14657,0,55,United-States,0,0.9974952573135186,1,3,0.4
60,Private,250733,Some-college,10,Married-civ-spouse,Craft-repair,Husband,White,Male,9688,0,65,United-States,0,0.9984535538333313,1,3,0.4
79,Private,162009,10th,6,Married-civ-spouse,Protective-serv,Husband,White,Male,7008,0,31,United-States,0,0.5691626751194013,0,3,0.4
50,Private,485710,Doctorate,16,Divorced,Prof-specialty,Not-in-family,White,Female,0,0,50,United-States,0,0.7828417530229436,1,3,0.4
